{"type":"FeatureCollection","features":[{"type":"Feature","id":0,"geometry":{"type":"Polygon","coordinates":[[[-116.83797434567155,34.085290786342966],[-116.83819707115673,34.085482938775016],[-116.83834153311845,34.085596252314637],[-116.83847393109919,34.085665203578564],[-116.83848599573805,34.085709566531328],[-116.83877492176342,34.085936192630612],[-116.83891938670983,34.08604950606491],[-116.83900971584112,34.086172705369826],[-116.83916036991164,34.086517715319587],[-116.8393048351945,34.08663102751278],[-116.83935897040809,34.086621140635465],[-116.83953344110776,34.086635841770239],[-116.83954550626305,34.086680203685809],[-116.84008098583948,34.086768667990142],[-116.84013512105024,34.086758780752149],[-116.84017719154269,34.086704530575922],[-116.84031546576341,34.086586144978071],[-116.84035753520888,34.086531895792554],[-116.84039960459575,34.086477646588172],[-116.84048374319356,34.08636914812255],[-116.84065202051416,34.086152149896428],[-116.84069408949074,34.086097900559572],[-116.84073615840869,34.086043651203639],[-116.8407240926738,34.085999289376495],[-116.84077822726799,34.085989401828741],[-116.84076616151758,34.085945040003011],[-116.84082029606877,34.08593515243502],[-116.84087443060619,34.085925264841578],[-116.84089236769731,34.085782291769235],[-116.8409344363067,34.085728042320078],[-116.84106064261118,34.085565292791145],[-116.84113271342569,34.085412431905517],[-116.84118684756018,34.085402544159841],[-116.84120478395725,34.085259570945993],[-116.84124685206663,34.085205321348127],[-116.8413009860426,34.085195433546502],[-116.8412889198798,34.085151070858032],[-116.84133098787201,34.085096821222336],[-116.84137305687121,34.085042571373002],[-116.84142719071797,34.085032683510448],[-116.84146925854982,34.084978433816509],[-116.84149926032019,34.084879822295441],[-116.8415413280192,34.084825572565094],[-116.84158339565974,34.084771322815733],[-116.84163752929126,34.084761434851764],[-116.84162546324163,34.0847170730475],[-116.84170959799198,34.084608572580905],[-116.84176960162856,34.084411349108485],[-116.84182373498631,34.084401461053247],[-116.84186580220096,34.084347211172769],[-116.84213027024344,34.084066072410465],[-116.8421723370634,34.084011822396128],[-116.8427978014676,34.083804437889292],[-116.84283986768118,34.08375018761506],[-116.84304433195251,34.083666271495353],[-116.84309846463056,34.083656382835727],[-116.84314053055479,34.083602132442465],[-116.84357945660105,34.083335685425112],[-116.84363358898129,34.083325796511694],[-116.84377185301445,34.083207406098779],[-116.84389804847677,34.083044654038027],[-116.84395804430079,34.082847429243003],[-116.84401217629346,34.082837540146784],[-116.84403010667565,34.08269456516507],[-116.84410217007074,34.082541701691611],[-116.84417423211744,34.082388838338915],[-116.84421629660775,34.082334587469617],[-116.84420422922763,34.08229022492602],[-116.84424629364378,34.082235974038944],[-116.84434835217206,34.081984497923898],[-116.84433628500847,34.081940136247965],[-116.84439041632261,34.081930246963786],[-116.8443783491436,34.081885885289211],[-116.84450454202505,34.081723131232032],[-116.84455867316696,34.081713241866673],[-116.84464280082351,34.081604739738637],[-116.84469693186557,34.081594850307347],[-116.8446848645639,34.081550488646151],[-116.84472692824566,34.081496237534608],[-116.84478105920165,34.081486348062903],[-116.84485312000491,34.081333483892074],[-116.8449072508318,34.081323594359404],[-116.84527995878204,34.081022668204199],[-116.84526789123696,34.080978306571957],[-116.84529788772211,34.080879693381085],[-116.8454540711074,34.080618325244338],[-116.84558025885907,34.08045557082675],[-116.84574850943989,34.080238564476957],[-116.84589883123908,34.080164532023034],[-116.84597088755994,34.080011667100074],[-116.84601294951477,34.079957415417816],[-116.84597674616325,34.07982433056177],[-116.84582021590533,34.079666663196434],[-116.84553129263843,34.079440052877096],[-116.84546509578605,34.07940558102549],[-116.84532063364028,34.079292274805894],[-116.84506791459977,34.079198748413063],[-116.84505584745796,34.079154386657564],[-116.84486932544927,34.079095331915731],[-116.84480312918291,34.079060859671543],[-116.84464660176971,34.07890319076634],[-116.8444359472053,34.078755411667416],[-116.84426735561529,34.078553380141066],[-116.84424322245742,34.078464656388348],[-116.844164960489,34.078385821868864],[-116.84407463223428,34.078262625381775],[-116.84391810790012,34.078104955336208],[-116.84390604158266,34.078060593400494],[-116.84378571795156,34.07803600963684],[-116.84371952306512,34.078001536728337],[-116.84365332823728,34.077967063780491],[-116.84358713346815,34.077932590793488],[-116.84352093875759,34.077898117767312],[-116.84334648664105,34.077883421598052],[-116.84329235694146,34.077893310639396],[-116.84328029101324,34.077848948626801],[-116.84321409650967,34.077814475421789],[-116.84306964189268,34.077701166851007],[-116.84275073662442,34.077573161886427],[-116.84261834731019,34.077504214129959],[-116.84254008795149,34.0774253784192],[-116.84246182875123,34.077346542647717],[-116.8424497633808,34.077302180518473],[-116.84241356735191,34.07716909410842],[-116.84237737120912,34.077036006791502],[-116.84234117542766,34.076902920314687],[-116.84232911019463,34.076858558148288],[-116.84231704497537,34.076814195978145],[-116.84230497976985,34.076769833804228],[-116.84229291457802,34.076725471626609],[-116.84235290936152,34.076528245232019],[-116.84234084417982,34.076483883046059],[-116.84237084264007,34.076385270058616],[-116.84246703280418,34.076321130981064],[-116.84245496758953,34.076276768795452],[-116.84253909206713,34.076168266583146],[-116.84267734399259,34.076049876611549],[-116.84273147142372,34.076039988028995],[-116.84285765851256,34.075877235448495],[-116.84289972040324,34.075822984615407],[-116.84298384400863,34.075714482892145],[-116.84309209831302,34.075694705407557],[-116.84342272614145,34.075448033842662],[-116.84341066051783,34.075403671708031],[-116.84353684409109,34.075240918453567],[-116.8438133420246,34.075004134606132],[-116.84396365579848,34.074930105049702],[-116.84401778228805,34.074920215852977],[-116.84410190336101,34.074811713196269],[-116.84415602975078,34.074801823933598],[-116.84425221755478,34.074737683053364],[-116.84443252448072,34.074565039352805],[-116.84457077044506,34.074446646013037],[-116.84461283036995,34.074392394461228],[-116.84475107705677,34.074274001559537],[-116.84517787885797,34.073963184183718],[-116.84523200452151,34.07395329440822],[-116.8452740637194,34.073899042583193],[-116.84532818932617,34.073889152762042],[-116.84538231491911,34.073879262915476],[-116.84535818170193,34.073790538003209],[-116.8452799233014,34.073711703775565],[-116.84522579781179,34.073721593576309],[-116.84513547328827,34.07359839719723],[-116.84504514905034,34.073475200728716],[-116.84488863237213,34.073317531049405],[-116.84487656624357,34.073273168949271],[-116.84479830885036,34.073194334345395],[-116.84469591938928,34.073026774546108],[-116.84460559650947,34.072903577647232],[-116.84459353060629,34.072859215494468],[-116.84449114226378,34.072691656317453],[-116.84440081985893,34.072568458334146],[-116.8443887541243,34.072524096141592],[-116.84431049797743,34.072445261134654],[-116.84429843231318,34.072400898925807],[-116.8441960449705,34.07223333851887],[-116.84417191385202,34.072144614050082],[-116.844243966143,34.071991748667642],[-116.8442980905551,34.071981859303726],[-116.84437014244784,34.071828993811771],[-116.8445504432074,34.071656348231684],[-116.84460456734759,34.071646458720664],[-116.84473074233972,34.071483703402038],[-116.84507341326045,34.071281388932583],[-116.84523578465904,34.071251719576779],[-116.84553639580028,34.071103655684759],[-116.84606556587222,34.070960391587327],[-116.84633618305604,34.070910940198551],[-116.846594734235,34.07081712592251],[-116.84675710408638,34.070787454418962],[-116.84698566396061,34.07079225408107],[-116.84726834837106,34.07078716320585],[-116.84732247156219,34.070777272415171],[-116.84773753664196,34.070841121810119],[-116.84803228741885,34.070880390331787],[-116.84828498409561,34.070973911042067],[-116.84835117503027,34.071008381647218],[-116.84864592698707,34.07104764947394],[-116.84907891324544,34.070968517124783],[-116.84944570727681,34.070854913203291],[-116.8494998302386,34.070845021397197],[-116.84973423909048,34.070662475904683],[-116.84987247137302,34.070544076344412],[-116.84992659406456,34.070534184335116],[-116.84991452549804,34.070489822604856],[-116.84996864814654,34.070479930575154],[-116.85007689340235,34.070460146440077],[-116.85030545358602,34.070464939365003],[-116.85047989016294,34.070479624327696],[-116.85076257190715,34.070474524252482],[-116.85081669443737,34.070464631826873],[-116.85114143039532,34.070405276545507],[-116.85188707570232,34.070222415859703],[-116.85203737257505,34.070148375394282],[-116.85224179123324,34.070064441631324],[-116.85228384344906,34.070010186999795],[-116.85288502797256,34.069714020529361],[-116.85325180948018,34.069600404583241],[-116.85329347167071,34.069127108268447],[-116.85334759294327,34.069117214644798],[-116.85340171420212,34.069107320995549],[-116.85361819909988,34.06906774614545],[-116.85415941144751,34.068968807048016],[-116.85464650149135,34.068879759670487],[-116.85475474333542,34.068859971128248],[-116.85476681440588,34.068904332445243],[-116.85487505731891,34.068884543596603],[-116.85492917822204,34.068874649231681],[-116.8557230855135,34.068869209804134],[-116.85577720629828,34.068859315043113],[-116.85588544782659,34.068839525444851],[-116.85593956857014,34.068829630607603],[-116.85604781108128,34.068809840662261],[-116.8561019317836,34.068799945748999],[-116.8561560524722,34.068790050810186],[-116.85621017314699,34.068780155846127],[-116.85626429380802,34.068770260856638],[-116.8563184144553,34.068760365841605],[-116.85637253508877,34.068750470801263],[-116.85642665570859,34.068740575735653],[-116.8564807763147,34.068730680644606],[-116.85691374173341,34.068651518807535],[-116.8569678622156,34.068641623488006],[-116.85734670627205,34.068572355345658],[-116.85745494700285,34.06855256427513],[-116.85805027110463,34.068443711376823],[-116.8581043923636,34.068433815329357],[-116.85820055975239,34.068369662562453],[-116.8582546798755,34.068359766638807],[-116.85872968819287,34.068226341049936],[-116.85887997447239,34.068152290656442],[-116.85903026070385,34.068078240934327],[-116.85908438051899,34.068068344619732],[-116.85940910018628,34.068008966004179],[-116.85946321990515,34.067999069511913],[-116.8599261500984,34.067821278075101],[-116.85996819575104,34.067767020504277],[-116.86022672007459,34.067673175461103],[-116.86028083945631,34.067663278582977],[-116.86032288477658,34.067609020872723],[-116.86048524271003,34.067579330025062],[-116.86114674875833,34.067504924885625],[-116.86120086897161,34.067495027381206],[-116.86144149473371,34.06754415928738],[-116.86245812233764,34.06773078447771],[-116.86256636060027,34.06771098861423],[-116.8630355409333,34.067764885519274],[-116.86366707931116,34.067789086099445],[-116.86382943634516,34.067759390575482],[-116.86404591219781,34.067719796188008],[-116.86446678766521,34.067596244750874],[-116.86472530600223,34.067502389656511],[-116.86477942469369,34.067492490676273],[-116.86499589932183,34.067452894501884],[-116.86509206088921,34.06738873574529],[-116.8652002980072,34.06736893741445],[-116.86525441654558,34.067359038210924],[-116.86593380300305,34.067141625567494],[-116.86602996234845,34.067077466202896],[-116.86619231806378,34.067047767148658],[-116.86624643625294,34.067037867477957],[-116.86649287207598,34.066899648341419],[-116.86660110815829,34.06687984869049],[-116.86703405300278,34.066800648877162],[-116.86708817091321,34.066790748810618],[-116.86762935032698,34.066691746554326],[-116.86784582234647,34.066652144824012],[-116.86812848905947,34.066647002384492],[-116.86857350963481,34.066612156850653],[-116.86891029476433,34.066597111522384],[-116.8691929612074,34.066591966487309],[-116.86924707869851,34.066582065410373],[-116.86983029197953,34.066428791812569],[-116.86993852762453,34.066408988839392],[-116.87042558361782,34.066319874886354],[-116.87069616920742,34.066270366354495],[-116.87075028628404,34.066260464571897],[-116.87090055758068,34.066186399288071],[-116.87100879261682,34.066166595309795],[-116.87160407953841,34.066057672491603],[-116.87165819635192,34.066047770282658],[-116.87171231315165,34.066037868048326],[-116.87182054670977,34.066018063503421],[-116.87187466346819,34.066008161192919],[-116.87192878021291,34.065998258857135],[-116.87225348145731,34.065938844113859],[-116.87252406562699,34.06588933109726],[-116.87306523186886,34.065790303355186],[-116.87311934831084,34.065780400460731],[-116.87376874560684,34.065661563554173],[-116.87439397745467,34.065454004074859],[-116.87449012774863,34.065389837557959],[-116.87500712369638,34.065202080885982],[-116.87504915743078,34.065147817668652],[-116.87510327423954,34.065137913645358],[-116.87533760614971,34.064955315964148],[-116.8754458372821,34.06493550800797],[-116.87608892727148,34.064584955931316],[-116.87617299250863,34.064476428609332],[-116.87646143489908,34.064283924141719],[-116.87650346712509,34.064229660334625],[-116.87712238047027,34.063790383547463],[-116.8771644119695,34.063736119467222],[-116.87724847479248,34.063627591249983],[-116.87738665170281,34.063509158042592],[-116.87742868286632,34.063454893847322],[-116.87763883863266,34.063183571519232],[-116.8779393570355,34.063035422126994],[-116.87792727367915,34.062991062897787],[-116.87823987323023,34.06288727212327],[-116.87849835934422,34.062793385765026],[-116.87870272994695,34.062709403705078],[-116.87893704718033,34.062526797997926],[-116.87915927829931,34.062299832831194],[-116.87928536571445,34.062137037140658],[-116.87953176396302,34.061998789245891],[-116.88018111995225,34.061879915857936],[-116.88028934558032,34.061860103303644],[-116.88098704015248,34.061918662246875],[-116.8816064511818,34.061898405439059],[-116.88171467647302,34.06187859155478],[-116.88225580316839,34.061779520415271],[-116.88241182425199,34.061518096272287],[-116.88249587843637,34.061409563753458],[-116.88252581919399,34.061310938719807],[-116.88260987193077,34.061202406285169],[-116.88272386458108,34.06099524777774],[-116.88293399550813,34.060723915887671],[-116.88303590072164,34.06047239810043],[-116.88317406323738,34.060353957526821],[-116.8832460280865,34.060201065661914],[-116.88320977007463,34.060067988276266],[-116.88314934072666,34.059846194014455],[-116.88316719529115,34.059703209557661],[-116.88320922037482,34.059648943007836],[-116.88341357765024,34.059564952312286],[-116.88364210707908,34.059569680652828],[-116.88372039115212,34.059648490183022],[-116.88403929033316,34.059776385329364],[-116.88415383341409,34.059988271903045],[-116.88422003088112,34.060022722502872],[-116.88441862469884,34.060126073871679],[-116.8845631068542,34.060239333411971],[-116.88480372516995,34.060288418148929],[-116.88486992317945,34.060322868364665],[-116.88504434461613,34.060337501315047],[-116.88554343262604,34.060292681813308],[-116.88559754366248,34.060282773026159],[-116.88595847207164,34.060356395408654],[-116.88621118035869,34.060449835557797],[-116.88627737912773,34.060484284962804],[-116.88697506457473,34.060542807291178],[-116.88730606132742,34.060715052595746],[-116.88762497182576,34.060842937512184],[-116.88775737134081,34.060911834634325],[-116.88814248371857,34.061074167465421],[-116.88816666148372,34.061162884003366],[-116.88822077279089,34.06115297400266],[-116.88915333638512,34.061447903276218],[-116.88960465531011,34.061644677942375],[-116.88967085683306,34.061679126231304],[-116.89006806683736,34.061885809704897],[-116.89013426853207,34.061920256845617],[-116.89071799720787,34.062185922080403],[-116.8910248275608,34.062269439666018],[-116.89114514303556,34.062293975570192],[-116.89201727457046,34.062367091086777],[-116.89207138622422,34.062357179303795],[-116.89239031126721,34.062485050847449],[-116.8930580916021,34.062642164721041],[-116.8931242952616,34.062676610121443],[-116.89372587463045,34.062799274716987],[-116.89432745565561,34.062921935298874],[-116.89438156740088,34.062912022444422],[-116.89480872229085,34.063020062337436],[-116.89581901439475,34.062974694777722],[-116.89688341675377,34.062919404389127],[-116.89788161058497,34.062829661781542],[-116.89798983409402,34.062809832531812],[-116.89882569236629,34.062749826203252],[-116.89943300979998,34.062685117101282],[-116.89954123164814,34.062665286594978],[-116.90019056371048,34.062546301034942],[-116.90024467444856,34.062536385439145],[-116.90056933858813,34.062476891331464],[-116.90062344922978,34.06246697555806],[-116.90067756092286,34.062457059564053],[-116.90083989272404,34.062427312015302],[-116.90096021022991,34.062451837050133],[-116.90132116426742,34.062525411205918],[-116.90153760650348,34.062485746558629],[-116.90159171702818,34.062475830333362],[-116.90237345939209,34.062425713558099],[-116.9024816801313,34.062405880300325],[-116.90288464826743,34.062425176230903],[-116.90293875857849,34.062415259376081],[-116.9031131872636,34.062429866170319],[-116.90322140782031,34.06241003222209],[-116.90334172604919,34.062434554785987],[-116.90340793407906,34.062468994322401],[-116.90369058431139,34.062463764956746],[-116.90381090277099,34.062488287031904],[-116.90386501300797,34.062478369745627],[-116.90500132693263,34.062270100480283],[-116.9050554368665,34.062260182635683],[-116.90510954785174,34.062250264570451],[-116.90512164657079,34.062294621005904],[-116.90584423367778,34.062860787729811],[-116.90589834391457,34.06285086949908],[-116.90609697263164,34.062954183556855],[-116.90629560187548,34.063057497260893],[-116.90658464238786,34.063283961453209],[-116.90671706281705,34.063352836709655],[-116.90686158337188,34.063466067997659],[-116.90695199398334,34.06358921870126],[-116.90700610458514,34.063579299962434],[-116.90706021517316,34.063569381198363],[-116.9071264268764,34.063603818367142],[-116.90788465870293,34.063883996193432],[-116.90800498067622,34.063908513871944],[-116.90825772561976,34.064001904865705],[-116.90872120889803,34.064242961347937],[-116.90878742084287,34.064277397734045],[-116.90879952197086,34.064321753673049],[-116.90885363284629,34.06431183408106],[-116.90918469504474,34.064484015904256],[-116.90983472048724,34.064784019250432],[-116.90990093362248,34.064818455850599],[-116.91002125767359,34.064842971408055],[-116.91008747070315,34.06487740702579],[-116.91041213814556,34.064817885333049],[-116.91050825797915,34.064753688898001],[-116.9107304042823,34.06452666278895],[-116.91127721283713,34.064240113099622],[-116.91137333124499,34.064175915900847],[-116.91151145723906,34.06405744210997],[-116.91149935436964,34.064013085566394],[-116.91158336965229,34.063904532497411],[-116.91163747988332,34.063894611601093],[-116.91173359863309,34.063830413880609],[-116.91178770879355,34.063820492913166],[-116.91177560604203,34.063776137258387],[-116.91192583352718,34.063702018575597],[-116.91196784073283,34.063647741875052],[-116.9123224054841,34.063489582369762],[-116.91231030224124,34.063445225879171],[-116.91227399331004,34.063312159004639],[-116.91224978742486,34.06322344773622],[-116.91215936910127,34.063100301981009],[-116.91201484128656,34.06298707637238],[-116.91191231986279,34.06281957489913],[-116.91190021719579,34.062775219201704],[-116.91188811454248,34.062730863500342],[-116.91187601190305,34.062686507795618],[-116.91186390927732,34.06264215208698],[-116.91182760124471,34.062509084065447],[-116.91181549867423,34.062464728341908],[-116.91180339611746,34.062420372614618],[-116.91179129357442,34.062376016883633],[-116.9118995129116,34.062356174637848],[-116.9119536220269,34.062346253574688],[-116.91217005835041,34.062306569067886],[-116.91222416739679,34.062296647877687],[-116.91249471348726,34.062247041351156],[-116.91256092540365,34.062281475668378],[-116.91277736123787,34.062241790024544],[-116.91325223879036,34.062108140052665],[-116.91330634756112,34.062098218355132],[-116.91329424421251,34.062053862763037],[-116.91343805936255,34.061748041162183],[-116.91342595599318,34.061703685564552],[-116.91341385263769,34.061659329962836],[-116.91337754265389,34.06152626313613],[-116.91336543935356,34.061481907519699],[-116.91342524244659,34.061284640642455],[-116.91350925210311,34.061176085806672],[-116.91356336019382,34.061166163977369],[-116.91359326152561,34.06106753089508],[-116.91364736953015,34.061057609025227],[-116.91382749202236,34.060884854304085],[-116.913911500449,34.060776298249159],[-116.91389939696116,34.060731942646761],[-116.91395919836474,34.060534676181604],[-116.91398909895288,34.060436042919072],[-116.9139769952355,34.060391686432922],[-116.91396489177001,34.060347330815979],[-116.91402469377756,34.060150064026502],[-116.91407239072055,34.059908440849433],[-116.91421050504373,34.059789963208964],[-116.91419840153885,34.059745607582734],[-116.91433651538176,34.059627129767989],[-116.91437851871069,34.059572851916556],[-116.91445042266037,34.059419940343616],[-116.91456432802983,34.059212750075631],[-116.91455222441319,34.059168394454453],[-116.9148761433253,34.058689813555368],[-116.91493024951514,34.058679891057267],[-116.91509825878231,34.058462778419354],[-116.91514026095282,34.058408500212444],[-116.91515805517012,34.058265509900998],[-116.91521216209448,34.058255587070633],[-116.9152961659948,34.058147030527458],[-116.91535027175419,34.058137107826468],[-116.91536806576238,34.057994118307114],[-116.91542217140648,34.057984195570768],[-116.91553607209235,34.057777003974785],[-116.91557807465321,34.057722725367263],[-116.91575818408893,34.057549967118952],[-116.91581228937488,34.057540044194852],[-116.91584218646766,34.057441410083896],[-116.91588418756923,34.057387131538036],[-116.91606429637714,34.057214371672629],[-116.91620240289528,34.057095891258392],[-116.91628640416539,34.05698733383965],[-116.91638250949751,34.056923131904114],[-116.91642450994317,34.056868853127071],[-116.91653272045045,34.056849006419348],[-116.91657472075157,34.056794727582897],[-116.91662882540888,34.056784804268361],[-116.91693493094041,34.056449206200647],[-116.91697693074579,34.056394927191327],[-116.91701893049262,34.056340648163022],[-116.91715703401009,34.056222166481533],[-116.91718692865646,34.056123530987449],[-116.91739692640752,34.055852134988633],[-116.91745103030557,34.055842211278438],[-116.91756492270285,34.055635018005233],[-116.91761902642878,34.055625094213944],[-116.91778702244241,34.055407975778401],[-116.91777491758216,34.055363620281881],[-116.91781691621709,34.055309340894212],[-116.91787101968474,34.05529941698137],[-116.91784680991613,34.05521070599012],[-116.9179485952031,34.05495915578949],[-116.91799059349896,34.054904876311369],[-116.91797848860095,34.054860520808077],[-116.91808027430874,34.054608971059238],[-116.91815216510869,34.054456055559818],[-116.9181820580559,34.054357420463731],[-116.91813932135398,34.053992651321344],[-116.91809090207288,34.053815229144817],[-116.91806669251504,34.053726518034125],[-116.91791006884586,34.053568942876176],[-116.91784386196947,34.053534511237601],[-116.91768723831015,34.053376936809052],[-116.91767513382221,34.053332581189025],[-116.91759682258117,34.053253792900307],[-116.91758471816384,34.053209437263838],[-116.91757261376031,34.053165081623746],[-116.91743378126453,34.052864514929901],[-116.91739746851381,34.052731447893372],[-116.91733694753836,34.052509669424708],[-116.91731273900629,34.052420957137869],[-116.91730063488011,34.052376601425472],[-116.91727642666906,34.052287889989408],[-116.91721022116135,34.052253457933524],[-116.91713191171331,34.052174670097088],[-116.91704149849546,34.052051526442206],[-116.91697529305412,34.05201709336886],[-116.91690908790956,34.05198266112906],[-116.91678878048687,34.051958152520292],[-116.9166264765896,34.05198792279235],[-116.91657237526294,34.051997846165683],[-116.91653037754604,34.052052125328089],[-116.91595377913171,34.052437339829567],[-116.91589967740731,34.052447262883135],[-116.91581567942821,34.052555820836041],[-116.91576157760396,34.052565743823806],[-116.91577368088333,34.052610099686206],[-116.91573168228001,34.052664378517683],[-116.91574378555768,34.052708734377852],[-116.91575588908744,34.052753091107604],[-116.91576799239266,34.052797446960284],[-116.91580430239118,34.052930514496119],[-116.9158164057516,34.052974870333898],[-116.91585271591545,34.053107937825018],[-116.91586481933089,34.053152293647912],[-116.91587692299851,34.053196650340226],[-116.91588902644156,34.053241006155652],[-116.91575092628003,34.053359486769914],[-116.91570892725687,34.053413765541897],[-116.91566692817516,34.05346804429508],[-116.91567903154089,34.053512400117384],[-116.91559503317093,34.053620957569557],[-116.91554092951395,34.053630880636504],[-116.91544482754936,34.053695082139619],[-116.91533662221039,34.053714927715163],[-116.91517431409861,34.053744695888128],[-116.9151081082819,34.053710262694679],[-116.91508390215293,34.053621550949366],[-116.91496359277386,34.053597040496655],[-116.9147108735458,34.053503662903715],[-116.91465677092263,34.053513585363852],[-116.91422394837646,34.053592964327763],[-116.91416984562935,34.053602886559602],[-116.91411574286836,34.05361280876604],[-116.91385733015069,34.053706775614941],[-116.91381532962109,34.053761053677107],[-116.9136772253844,34.053879531743611],[-116.91359322382959,34.05398808769506],[-116.91355122296436,34.054042365642502],[-116.91346722023152,34.054150922549091],[-116.91341311700056,34.054160844420899],[-116.91316680474054,34.05429916548394],[-116.91311270136838,34.054309087213646],[-116.91295039010416,34.054338852445646],[-116.9128841847654,34.054304418007646],[-116.91281797948533,34.054269983530247],[-116.91251115704419,34.054186521915696],[-116.91244495202905,34.054152087220288],[-116.91243285040514,34.054107731096039],[-116.91242074879509,34.054063374967988],[-116.91240864719875,34.054019018836399],[-116.9123965456162,34.053974662700902],[-116.91237234249243,34.053885950418717],[-116.91233603767208,34.053752881094582],[-116.91232393617216,34.053708524936724],[-116.91229973321376,34.053619812609774],[-116.91228763175519,34.053575456440726],[-116.91243783908477,34.053501336145949],[-116.91249194198204,34.053491414721293],[-116.91314687158768,34.053185008439996],[-116.91344728388577,34.053036765154076],[-116.91388579741356,34.052770042764259],[-116.91392779735978,34.052715764608884],[-116.9139818995218,34.05270584247878],[-116.91396979724747,34.052661486434403],[-116.91392138805023,34.052484061346597],[-116.91384308169617,34.052405271311201],[-116.91321165275427,34.052381344462809],[-116.9128208355763,34.052406440368237],[-116.91270052985051,34.052381927333812],[-116.91248412136694,34.052421613325279],[-116.9124179165602,34.052387177860133],[-116.91236381442032,34.05239709926424],[-116.91235171311519,34.052352743033708],[-116.91233961182392,34.052308386799481],[-116.91215310313152,34.052249438318235],[-116.91214100196929,34.052205082057547],[-116.91208689992055,34.052215003334588],[-116.91207479880141,34.052170647064983],[-116.91206269769603,34.05212629079184],[-116.91203849528834,34.052037577360892],[-116.91205629398141,34.051894587254893],[-116.91204419292939,34.051850230964206],[-116.91214029542057,34.051786032131602],[-116.91222429662565,34.051677476932525],[-116.91226629820545,34.051623199109486],[-116.91239229916047,34.051460365239201],[-116.91253040106312,34.051341888343721],[-116.91258450244906,34.051331966848842],[-116.91272260489677,34.051213489509827],[-116.9127105035713,34.051169133250873],[-116.91246989502062,34.051120106946819],[-116.9124157937672,34.051130028390901],[-116.91212108508576,34.051090921710973],[-116.91182637587339,34.051051815348501],[-116.9117601738245,34.051017380126275],[-116.91161566924114,34.050904153175928],[-116.91130886051542,34.050820689094536],[-116.9111344562839,34.050806094418981],[-116.91112235592571,34.050761737971527],[-116.91111025558148,34.050717381520187],[-116.91080914970557,34.050446569219687],[-116.91079704935022,34.050402211845089],[-116.910784949247,34.050357855339882],[-116.91085685068012,34.050204944422134],[-116.91091095148968,34.050195023694108],[-116.91094085196883,34.0500963899376],[-116.91103695320585,34.05003219187801],[-116.91125905599607,34.049805160561355],[-116.91131315647688,34.049795239640837],[-116.9113551566118,34.049740962214614],[-116.91150535743633,34.049666842771074],[-116.91154735736802,34.049612565266685],[-116.91184775893556,34.049464325460733],[-116.91199795875815,34.049390205353035],[-116.91213605735295,34.049271727745946],[-116.91219015841668,34.049261806214005],[-116.91238235661501,34.049133407804121],[-116.91247845547666,34.049069208471821],[-116.91253255529128,34.049059286972906],[-116.912586655092,34.049049365448617],[-116.91274895547657,34.04901960052797],[-116.91384233582818,34.048446467398186],[-116.91389643503666,34.048436545254717],[-116.91395053423138,34.048426623086002],[-116.91403452929288,34.048318066116821],[-116.91408862838765,34.048308143882302],[-116.9143228193669,34.048125463363391],[-116.91436481650521,34.048071184732834],[-116.91446091242331,34.048006983671215],[-116.91459900588661,34.047888502728306],[-116.9146410027048,34.047834223981383],[-116.91469510138653,34.047824301457645],[-116.91473709810317,34.047770022671621],[-116.91472499616563,34.047725666430956],[-116.91477909476129,34.04771574386681],[-116.91476699280831,34.047671387627403],[-116.91482109136088,34.047661465042943],[-116.91480898939238,34.047617108804907],[-116.9149349787938,34.047454272223916],[-116.91498907717428,34.047444349558113],[-116.9149769751439,34.04739999332562],[-116.91503107454629,34.047390070444287],[-116.9150189722622,34.047345713340007],[-116.91507307055667,34.047335790633895],[-116.91511506674671,34.04728151167749],[-116.91515706287824,34.047227232702284],[-116.91514496078599,34.047182876475098],[-116.91519905895133,34.047172953708092],[-116.91524105496578,34.047118674695028],[-116.91528305092177,34.047064395663],[-116.9154211406378,34.046945914668548],[-116.91547523966823,34.046935991574266],[-116.91546313744014,34.046891635364169],[-116.91550513311903,34.046837356236217],[-116.9155592309986,34.046827433296855],[-116.9155471285013,34.046783076216123],[-116.91560122633783,34.046773153256517],[-116.91568521731706,34.046664594865383],[-116.9156731150115,34.046620238662051],[-116.91578131041258,34.046600392595366],[-116.91590729720299,34.046437554553805],[-116.91594929232788,34.046383275234035],[-116.91607527711305,34.046220436287562],[-116.91611727200383,34.046166156891907],[-116.91629735459655,34.045993395101888],[-116.91628525204685,34.045949038925016],[-116.91633934921033,34.045939115610295],[-116.91647743532589,34.045820633189848],[-116.91659131542588,34.045613437390443],[-116.91664541231734,34.045603513928626],[-116.91663330963,34.045559157766291],[-116.91667530377565,34.045504878123367],[-116.91671729892779,34.045450598266193],[-116.91684328083831,34.045287759167067],[-116.91701125566162,34.045070639230133],[-116.91713723740835,34.044907799538343],[-116.91717923085199,34.044853519668386],[-116.9172212242372,34.044799239779394],[-116.91720912134697,34.044754883632429],[-116.91728100476517,34.044601966779283],[-116.91726890187167,34.04455761062745],[-116.91725679899184,34.044513254471859],[-116.91723259327362,34.044424542149592],[-116.91722049043513,34.044380185982781],[-116.91717207898093,34.044202760405078],[-116.91710588038863,34.044168327939509],[-116.91682898298527,34.043986241650138],[-116.91681688044471,34.0439418854168],[-116.91651578067983,34.043671084760526],[-116.91629298294872,34.043479073428259],[-116.91614848552024,34.043365850182475],[-116.91608228702644,34.043331417291341],[-116.91597978378468,34.043163915084079],[-116.91596768185516,34.043119558716235],[-116.91590148471533,34.043085125515894],[-116.91588938260432,34.043040768262131],[-116.91587728074543,34.042996411877816],[-116.91586517890029,34.042952055489877],[-116.91577477838507,34.042828909418638],[-116.91576267662424,34.042784553010641],[-116.91569647985953,34.042750119678608],[-116.91549788967825,34.042646818573651],[-116.9154857881033,34.042602462126524],[-116.9154316931475,34.042612385084574],[-116.91529929919683,34.042543518183599],[-116.91523310284158,34.042509084576395],[-116.91517900791848,34.042519007417724],[-116.91516690654487,34.042474650929996],[-116.91486012826964,34.042391195168292],[-116.91475193847822,34.042411040480062],[-116.91468574117441,34.042376605876875],[-116.91461954523213,34.042342171912125],[-116.91449925447846,34.042317660434456],[-116.91443305866869,34.042283226360667],[-116.91437896380039,34.042293148831106],[-116.91431276806468,34.042258714687463],[-116.91425867319813,34.042268637102225],[-116.91408428672801,34.042254047776666],[-116.91403019183562,34.042263970084939],[-116.9140180911556,34.042219613463097],[-116.91383160534035,34.04216066693477],[-116.91381950478949,34.042116310286474],[-116.91380740401412,34.042071952761326],[-116.91379530349072,34.04202759610552],[-116.91372910823841,34.041993161616894],[-116.91366291304453,34.041958727089273],[-116.91360881830356,34.041968649204421],[-116.91333834332686,34.042018259595018],[-116.91323015366572,34.042038103495642],[-116.91312196394956,34.042057947294616],[-116.91306786907082,34.042067869156021],[-116.91305576896903,34.042023512422787],[-116.91293547813427,34.041998999507612],[-116.91238242811031,34.042053859510773],[-116.91230413379357,34.041975067402049],[-116.912292034141,34.041930710584047],[-116.9120813510513,34.041783046690682],[-116.91206925155535,34.041738689838631],[-116.91196675903474,34.041571183746484],[-116.91195465963686,34.041526826870616],[-116.91193046064431,34.041438112234346],[-116.91191836128766,34.041393755347286],[-116.91189416261584,34.04130504156182],[-116.91188206330068,34.041260684663577],[-116.91186996399911,34.041216327761404],[-116.91179167104217,34.041137535223456],[-116.91173757663283,34.041147456475436],[-116.9116834822099,34.041157377702049],[-116.91167138303753,34.041113020773572],[-116.91161728862993,34.041122941969611],[-116.91156319314379,34.041132863335854],[-116.91150909870873,34.041142784481302],[-116.91145500425993,34.041152705601284],[-116.91140090979735,34.041162626696128],[-116.911346815321,34.041172547765491],[-116.91129272083079,34.041182468809325],[-116.91123862632691,34.041192389827962],[-116.91118453180918,34.041202310821127],[-116.91113043727761,34.041212231788919],[-116.91107634273241,34.041222152731464],[-116.91091405794916,34.041251915602047],[-116.91088986022652,34.04116320071784],[-116.91101584844766,34.041000366879146],[-116.91105784404941,34.040946088960162],[-116.91118383050369,34.040783255089657],[-116.91122582587147,34.040728977095],[-116.91126782094261,34.040674698208278],[-116.91132191508338,34.040664777169589],[-116.9113098161933,34.040620420175777],[-116.91129771731703,34.040576063178229],[-116.91128561845446,34.040531706176928],[-116.91123152440134,34.040541627200312],[-116.91121942558185,34.040497270190166],[-116.91115323276767,34.040462834164117],[-116.91114113400486,34.040418477141301],[-116.91105074365611,34.040295326119512],[-116.91098455108805,34.040260889988346],[-116.91089416140748,34.040137739693286],[-116.91084006757811,34.040147660538821],[-116.91080377201273,34.04001458930852],[-116.91079167351849,34.039970232224263],[-116.91077957503813,34.039925875136277],[-116.91070128424185,34.03984708086049],[-116.91068918583193,34.039802723756132],[-116.91065289068493,34.039669652420692],[-116.91064079233016,34.039625295301434],[-116.91061659566188,34.039536581051763],[-116.91060449734843,34.039492223921187],[-116.91050200962805,34.039324715381909],[-116.91048991141268,34.039280358227629],[-116.91044151868904,34.039102929573026],[-116.91042942054247,34.039058572399931],[-116.91036322906132,34.039024134987137],[-116.91035113097172,34.03897977780143],[-116.91026074377812,34.038856626813612],[-116.91024864577287,34.03881226960803],[-116.91022444980344,34.038723555185491],[-116.91017035687037,34.038733475736237],[-116.91014616101454,34.038644761288516],[-116.91013406286908,34.038600403185811],[-116.91012196497563,34.038556045952546],[-116.91010986709595,34.038511688715758],[-116.91009776923001,34.038467331475005],[-116.91008567137783,34.038422974230521],[-116.91003157863577,34.038432894720287],[-116.91001948082662,34.038388537466936],[-116.90996538810005,34.038398457926149],[-116.90989919762278,34.038364021092981],[-116.90988709989969,34.038319663822008],[-116.90983300720401,34.0383295842203],[-116.90982090952399,34.038285226940445],[-116.90976681684378,34.03829514730824],[-116.90971272308502,34.038305067845954],[-116.90964653279869,34.038270630864382],[-116.90948425468065,34.038300391648001],[-116.90943016194709,34.038310311858552],[-116.90937606919971,34.038320232043745],[-116.90932197643865,34.038330152203436],[-116.90926788366377,34.038340072337739],[-116.90915969700785,34.038359912725561],[-116.90905151136164,34.038379752816745],[-116.90899741851797,34.038389672824437],[-116.90894332566037,34.038399592806513],[-116.90883513990403,34.038419432694688],[-116.90872695409261,34.038439272481405],[-116.90867286116624,34.038449192336692],[-116.90855257698944,34.038424673888763],[-116.90849848405111,34.038434593662892],[-116.90844439109885,34.03844451341152],[-116.90839029813287,34.038454433134987],[-116.90832410830411,34.038419995404567],[-116.90831201146882,34.038375637972145],[-116.90817963207283,34.038306762375697],[-116.90815543861578,34.038218047464696],[-116.90814334190789,34.038173690003482],[-116.90811914829531,34.038084974196863],[-116.90812485433862,34.037897624704144],[-116.90811275769796,34.037853267221976],[-116.90810066107099,34.037808909736079],[-116.90822664863244,34.03764607843673],[-116.9082145517346,34.037601720077916],[-116.90827434977895,34.037404450809362],[-116.90826225312976,34.037360093315293],[-116.9082800553994,34.037217101148208],[-116.90833414858534,34.037207181265629],[-116.90832205193267,34.037162823766778],[-116.90830995505564,34.037118465390961],[-116.90829785843043,34.037074107884457],[-116.90833985380949,34.037019830681878],[-116.90832775718258,34.036975473173044],[-116.90831566056951,34.036931115660551],[-116.90830356397024,34.036886758144291],[-116.90826727425477,34.036753685572791],[-116.90827297960648,34.036566334885094],[-116.90831497472922,34.036512057656964],[-116.90827868516884,34.036378985026296],[-116.90833277670839,34.036369065329104],[-116.90833848187451,34.036181714547482],[-116.90832638537853,34.036137356991588],[-116.90831428889628,34.036092999431979],[-116.9083021924279,34.036048641868639],[-116.90829009597323,34.036004284301661],[-116.90827799953229,34.035959926730811],[-116.9082659031051,34.03591556915628],[-116.90825380669173,34.035871211578048],[-116.9080972387499,34.035713619621234],[-116.9080431476352,34.035723539216598],[-116.90789867681116,34.035610305452863],[-116.90784458467809,34.035620225151995],[-116.90776630141295,34.035541429339347],[-116.90748945731127,34.035359317690357],[-116.90742327050933,34.035324879310956],[-116.90722471045451,34.035221563936958],[-116.90717061850546,34.035231483326626],[-116.90710443195307,34.035197044759499],[-116.90705034107056,34.035206963898041],[-116.90703824545908,34.035162606153342],[-116.90702614986132,34.035118248404729],[-116.90676140440434,34.034980492678038],[-116.90670731362857,34.034990411659159],[-116.90656284610441,34.034877176125278],[-116.90649665905657,34.034842737390989],[-116.90643047313218,34.034808298422277],[-116.90636428726613,34.034773859414287],[-116.90623191547155,34.034704980406808],[-116.90616572978099,34.034670541280846],[-116.9061116391445,34.034680459987747],[-116.90609954414901,34.034636102115627],[-116.90599136289312,34.034655939443205],[-116.90593727224459,34.034665858068834],[-116.90572090844776,34.03470553251325],[-116.90566681773045,34.034715451012069],[-116.90562482173149,34.034769727403756],[-116.90558282567414,34.034824003776215],[-116.90552873485689,34.034833922209131],[-116.90547464402599,34.034843840616695],[-116.90539636287204,34.034765043321144],[-116.90538426827052,34.034720685378886],[-116.90531808294122,34.034686245769599],[-116.90525189767047,34.034651806120841],[-116.90517361799951,34.034573008460406],[-116.90516152355457,34.034528650484212],[-116.90509533824876,34.034494209866104],[-116.90508324386056,34.034449851877419],[-116.90507114948623,34.034405493884904],[-116.90505905512563,34.034361135888851],[-116.90503486644562,34.034272419885205],[-116.90496868165143,34.034237980056687],[-116.90492030439079,34.034060547095983],[-116.90487192758857,34.033883114948708],[-116.90485983342235,34.033838756902391],[-116.90483564513131,34.033750040798694],[-116.90482355100653,34.03370568274142],[-116.90481145689543,34.033661324680139],[-116.90478726847647,34.033572607673406],[-116.90477517440671,34.033528249600906],[-116.90476308035066,34.033483891524767],[-116.90464852043186,34.033272019129441],[-116.90463642648767,34.033227661025713],[-116.90461223840259,34.033138943933864],[-116.90458805061061,34.033050227700393],[-116.90453967519187,34.032872795188219],[-116.90450339353428,34.03273971989158],[-116.90444930402631,34.032749637846699],[-116.90442511654065,34.032660921535523],[-116.90441302281842,34.03261656337429],[-116.9043767417345,34.032483488868166],[-116.90436464806736,34.032439130691948],[-116.90449063451577,34.032276301478888],[-116.90454472368998,34.032266383498445],[-116.90482726430839,34.032261151162331],[-116.90483935844932,34.032305510173416],[-116.9050919971092,34.032398911780191],[-116.90514608629191,34.032388993520641],[-116.90546491014811,34.032516833912588],[-116.9054770044535,34.032561191969563],[-116.90571755048077,34.032610235003872],[-116.90572964494447,34.032654593029257],[-116.90574173942197,34.032698951050875],[-116.90580792325072,34.032733390504788],[-116.90586201257446,34.032723471915183],[-116.90598228686756,34.032747992458624],[-116.90615664948504,34.032762594345165],[-116.90616874422226,34.032806952316207],[-116.90618083897334,34.032851310283505],[-116.90624702312553,34.032885749479902],[-116.90636729696347,34.03291027068726],[-116.90643348124817,34.032944709774462],[-116.90667402988771,34.032993749731098],[-116.90672811928199,34.032983830740555],[-116.90678220866251,34.032973911724667],[-116.90684839318466,34.033008350572246],[-116.90690248256685,34.032998431500552],[-116.90691457776512,34.033042789380616],[-116.90692667297724,34.033087147256914],[-116.90693876820312,34.033131505129333],[-116.90695086344279,34.033175862998199],[-116.9067167014101,34.033358532738369],[-116.90667470580878,34.033412809798492],[-116.90669889608864,34.033501525555941],[-116.90671099124916,34.033545883429085],[-116.90672308642353,34.033590241298455],[-116.90673518161162,34.03363459916411],[-116.90685545758552,34.033659118773237],[-116.90686755285962,34.033703476621127],[-116.90693373827713,34.033737916261572],[-116.90694583360799,34.033782274096829],[-116.90699992351503,34.033772354989253],[-116.90701201888891,34.033816712815813],[-116.90702411427664,34.033861070638686],[-116.90707820422827,34.033851151495561],[-116.90709029965899,34.033895509309573],[-116.90710239510341,34.033939867119813],[-116.90715648509993,34.033929947941154],[-116.90716858058744,34.033974305742497],[-116.90718067608867,34.034018663540124],[-116.90723476612978,34.034008744326137],[-116.90724686167412,34.034053102114889],[-116.90748741448458,34.034102141187567],[-116.90749951018714,34.034146498944928],[-116.90768597203558,34.034205456257169],[-116.90774006214214,34.034195536809534],[-116.9078183440287,34.03427433277372],[-116.90783043994638,34.034318690486771],[-116.90796281225958,34.034387566828471],[-116.90802899850394,34.034422004940431],[-116.90804109480246,34.034466363496399],[-116.90805319087667,34.034510721175408],[-116.90811937726554,34.034545159230348],[-116.90813147339662,34.034589516896915],[-116.90814356954144,34.034633874559724],[-116.90820975713959,34.034668312362342],[-116.90822185334116,34.03471267001251],[-116.90828803997599,34.034747107962332],[-116.90835422666936,34.034781545872903],[-116.90836632297085,34.034825903501599],[-116.90837841952404,34.034870261999821],[-116.90857698021328,34.034973575442585],[-116.90864316722676,34.035008013178363],[-116.90870935429859,34.035042450874705],[-116.90872145084259,34.035086808451872],[-116.90878763801605,34.03512124610009],[-116.90879973461678,34.035165603664467],[-116.90918476358773,34.03532787184227],[-116.90925095117059,34.035362309215344],[-116.90927514498824,34.035451024216918],[-116.90928724191772,34.035495381712032],[-116.90931143605611,34.035584097564509],[-116.90937192104775,34.035805884946676],[-116.90938401808729,34.035850242411961],[-116.90940250963132,34.036126308222698],[-116.90941460673811,34.036170665666901],[-116.90937261256528,34.036224943316931],[-116.90933061833385,34.03627922094816],[-116.90937900677486,34.036456650698042],[-116.90941529848847,34.036589723844166],[-116.90942739567438,34.036634081261148],[-116.90946368731504,34.036767153489329],[-116.90966225427616,34.036870464825597],[-116.90967435188442,34.036914823074092],[-116.90972844361826,34.036904902732239],[-116.90978253533829,34.036894982364871],[-116.90990281730291,34.036919498710297],[-116.91002309827837,34.03694401512535],[-116.91030565442244,34.03693876965805],[-116.91041383774891,34.036918928360194],[-116.91057611370012,34.036889166027571],[-116.91063020530135,34.036879245264572],[-116.91068429688882,34.036869324476015],[-116.91079248002258,34.036849482822859],[-116.91098465097632,34.036721084529191],[-116.91101454595426,34.036622448207531],[-116.91100244786665,34.03657809095575],[-116.91107433615949,34.036425177250862],[-116.91106223806854,34.036380819994363],[-116.91109213305586,34.036282184483625],[-116.91108003497693,34.036237827220852],[-116.91116402066152,34.036129269792788],[-116.91120601353514,34.036074991487105],[-116.91124800635041,34.036020713162415],[-116.91131989471189,34.035867799002418],[-116.91137398550954,34.03585787787943],[-116.91145797061343,34.035749321059612],[-116.91149996307759,34.035695042621434],[-116.91158394759235,34.035586484814893],[-116.91157184934141,34.03554212756454],[-116.91154765288113,34.035453413052664],[-116.9115355546715,34.035409055790943],[-116.91148716197115,34.035231626707386],[-116.91147506383048,34.035187269427205],[-116.91143876925301,34.035054196690645],[-116.91142667116743,34.035009839395372],[-116.91140247503752,34.034921124793634],[-116.91139037699327,34.034876767487148],[-116.91143236903433,34.03482248901377],[-116.91147436101696,34.034768210521229],[-116.9116302310657,34.034506737991585],[-116.91167222274038,34.034452459405919],[-116.91174410775827,34.034299544875694],[-116.91179819741353,34.034289623535116],[-116.91177400084615,34.034200908057215],[-116.91185798360722,34.034092350720734],[-116.91184588543233,34.034047993415513],[-116.91201385125534,34.033830878325368],[-116.91206794055084,34.033820956852956],[-116.91212202983272,34.033811035355086],[-116.91218821742518,34.033845471116607],[-116.91245296944493,34.033983213573919],[-116.91246506795535,34.034027570819454],[-116.91259744410807,34.034096442765509],[-116.91260954271819,34.03414079998953],[-116.91279600841851,34.034199749080045],[-116.91286219663894,34.034234184439612],[-116.91304866275372,34.03429313311657],[-116.91316894173006,34.03431764615226],[-116.91323513021544,34.03435208129369],[-116.91330131875924,34.034386516395799],[-116.91340949778008,34.034366672237645],[-116.91346358726986,34.034356750120395],[-116.91351767674584,34.034346827977942],[-116.91357176620807,34.034336905810001],[-116.91362585565646,34.034326983616744],[-116.9138963037568,34.034277372074321],[-116.91395039312266,34.03426744972878],[-116.91416675044808,34.034227760092996],[-116.91422084080978,34.034217837425395],[-116.91443719785978,34.034178147282127],[-116.91449128708781,34.034168224682922],[-116.91462366527001,34.0342370943021],[-116.91467775451515,34.034227171616564],[-116.91468985432975,34.034271528616244],[-116.91481013378888,34.034296039949112],[-116.91511688014469,34.034379496694569],[-116.91529124812307,34.034394084806543],[-116.9155737957318,34.034388826282452],[-116.91579015256751,34.034349133621902],[-116.91584424174185,34.034339210393163],[-116.91595242111433,34.03431936366465],[-116.9160065102475,34.03430944036004],[-116.91606059936683,34.034299517029851],[-116.91607270021785,34.0343438747541],[-116.91612678935259,34.034333951393748],[-116.91619297915875,34.034368384844967],[-116.9164093356223,34.03432869102727],[-116.91646342576853,34.034318767314161],[-116.91651751483613,34.034308843770972],[-116.91663779386292,34.034333353401223],[-116.91674597196037,34.034313506126956],[-116.91685415000268,34.034293658751267],[-116.9168662510662,34.034338015519907],[-116.91698653024767,34.034362524787191],[-116.91745554737,34.034416203706236],[-116.91750963637899,34.034406279701265],[-116.9176961074854,34.034465220691935],[-116.91770820929301,34.034509578236069],[-116.91777439994696,34.034544010776543],[-116.91782848900398,34.034534086624312],[-116.91788257804727,34.034524162446623],[-116.9179366670768,34.034514238243545],[-116.91799075609246,34.034504314015216],[-116.91800285783562,34.034548670653237],[-116.91805694686693,34.034538746394425],[-116.91817722673262,34.034563254419716],[-116.91835159675956,34.034577837728222],[-116.91841778775571,34.034612269898119],[-116.91882061611786,34.034631511107897],[-116.91887470510235,34.034621586468397],[-116.91898288303022,34.03460173711315],[-116.91903697197344,34.034591812397558],[-116.91909106090286,34.034581887656671],[-116.9191451498186,34.034571962890283],[-116.91936150640826,34.034532263375624],[-116.91941559525502,34.034522338482425],[-116.91963195050441,34.034482638655881],[-116.9196860392824,34.034472713635886],[-116.91994438119447,34.034378731518522],[-116.91999846986054,34.034368806351225],[-116.92037709120146,34.034299329275221],[-116.92071372557461,34.034284133043528],[-116.920767814077,34.034274207516034],[-116.92087599104043,34.034254356385134],[-116.92093008056617,34.034244430586199],[-116.92120052266472,34.034194802187578],[-116.92125461104308,34.034184876431787],[-116.92129659584103,34.034130594336972],[-116.92142255094869,34.03396774774312],[-116.9214104473494,34.033923391429703],[-116.92145243189799,34.033869109260237],[-116.92148231253343,34.033770469884352],[-116.92160826560627,34.033607623210003],[-116.92165024984696,34.033553340947478],[-116.92169223402911,34.033499058665946],[-116.92187227499321,34.033326285457477],[-116.92186017123761,34.033281929155244],[-116.92199822629516,34.03316343739516],[-116.9220523138562,34.033153511254099],[-116.92219036863236,34.033035020119051],[-116.92223235215909,34.032980737606351],[-116.92238251140098,34.032906602308323],[-116.92243659873478,34.032896675984617],[-116.92249068605483,34.032886749635587],[-116.9225447733611,34.032876823261283],[-116.92267715622768,34.032945682919511],[-116.92273124355098,34.032935756458834],[-116.92278533192541,34.032925829777419],[-116.92331410082289,34.032782207148152],[-116.92336818795181,34.032772280388251],[-116.92347636216815,34.032752426792051],[-116.92353044925552,34.032742499955901],[-116.9235845363293,34.032732573094563],[-116.92363862338921,34.032722646207745],[-116.9237048151455,34.032757075438319],[-116.92381298925496,34.032737221527753],[-116.92386707735366,34.032727294338812],[-116.92392116437395,34.032717367320082],[-116.92398735625066,34.032751796389512],[-116.92404144327259,34.03274186931494],[-116.92409553028081,34.032731942215023],[-116.92414961727523,34.032722015089675],[-116.92420370425577,34.032712087939061],[-116.92425779122269,34.032702160762945],[-116.92447414001691,34.032662451609433],[-116.92452822691486,34.032652524306656],[-116.92462429544841,34.032588313572255],[-116.92476234531297,34.032469819288565],[-116.92475024004558,34.032425463240095],[-116.92473813479187,34.032381107188094],[-116.92474380022894,34.032193754659446],[-116.92473169501484,34.032149398593582],[-116.92481565858027,34.032040831391171],[-116.92480355334918,34.03199647532427],[-116.92485763974302,34.031986547859219],[-116.92484553449644,34.03194219179376],[-116.92498358288009,34.03182369715001],[-116.92505543911693,34.031670772983993],[-116.92510952525255,34.031660845397319],[-116.92509741991327,34.03161648933996],[-116.92513940065103,34.031562205676934],[-116.92519348670072,34.031552278049652],[-116.92522336301606,34.031453638098661],[-116.92526534357843,34.031399354378799],[-116.92539128467648,34.031236502232616],[-116.92537917924263,34.031192146180864],[-116.92540905412018,34.03109350633261],[-116.92546313981013,34.031083578573607],[-116.92545103435926,34.031039222520732],[-116.92549301453981,34.030984938690189],[-116.92553499466197,34.030930654840674],[-116.92552288919389,34.030886298786697],[-116.92557697472567,34.030876370971939],[-116.92556486924208,34.030832014919405],[-116.92560685029639,34.030777730838075],[-116.92559474457292,34.030733373909982],[-116.92564882998943,34.030723446059653],[-116.92563672448863,34.030679090006295],[-116.92567870434596,34.030624806083715],[-116.92570857862694,34.030526166087512],[-116.92575055835177,34.030471882128396],[-116.92580464356692,34.030461954202252],[-116.9258466231904,34.030407670203871],[-116.9258345176261,34.030363314153291],[-116.92587649717551,34.030309030137467],[-116.92616469112926,34.03011639268825],[-116.92620667031565,34.030062108535844],[-116.92630273427339,34.02999789619998],[-116.92629062851321,34.029953540174226],[-116.92648275692895,34.029825115065506],[-116.92647065109323,34.029780759048769],[-116.926524735737,34.029770830777998],[-116.9266207990737,34.029706618154812],[-116.92666277772182,34.029652333809153],[-116.92686700949341,34.029568263347862],[-116.92690898896016,34.029513978708074],[-116.92715519849808,34.029375624128228],[-116.92725126082813,34.029311410950484],[-116.9273053450468,34.029301482309357],[-116.92744338607805,34.029182984145024],[-116.92755155427446,34.029163126654936],[-116.92753944793333,34.029118770712778],[-116.92762340325807,34.02901020125632],[-116.92767748722032,34.02900027243772],[-116.92776144198693,34.028891701991746],[-116.9278034194017,34.02883741717698],[-116.92784539782257,34.028783132147723],[-116.92789948159891,34.028773203222705],[-116.92794145885371,34.028718918349838],[-116.92792935235964,34.028674562423461],[-116.92798343605004,34.028664633458],[-116.92802541318785,34.028610348547076],[-116.9280673902671,34.028556063617309],[-116.92810936728802,34.028501778668776],[-116.92815134401215,34.02844749282815],[-116.92819332091599,34.028393207841518],[-116.92823529776146,34.028338922836127],[-116.92827727561298,34.028284637616309],[-116.92833135898852,34.028274708483501],[-116.92849926537967,34.028057568115877],[-116.92859532497782,34.027993353717036],[-116.92862519432067,34.027894711768077],[-116.9286671716614,34.027840426376628],[-116.9286550648908,34.027796070476917],[-116.92870914787912,34.027786141161663],[-116.92875112403843,34.027731855927826],[-116.92879310013912,34.027677570674946],[-116.92878099332208,34.027633214779307],[-116.92883507618141,34.027623285403259],[-116.92887705216518,34.027569000112592],[-116.9289190280905,34.027514714802919],[-116.92890692122715,34.027470358911316],[-116.92909903897245,34.02734192818918],[-116.9291410146209,34.027287642783556],[-116.92919509719459,34.027277713235094],[-116.92935734483279,34.027247924437376],[-116.92946550985612,34.027228065112169],[-116.92988606309888,34.027104270790979],[-116.92994014545032,34.027094340892361],[-116.92999422778813,34.027084410968577],[-116.93015647578315,34.027054620849292],[-116.93021055806577,34.0270446908238],[-116.93026464033456,34.027034760773006],[-116.93033083018717,34.027069186465987],[-116.93038491245773,34.027059256359415],[-116.93043899471441,34.027049326227512],[-116.93049307695728,34.027039396070101],[-116.93060124140175,34.02701953567945],[-116.93058913365799,34.026975179935988],[-116.93064321583033,34.026965249707665],[-116.93069729905349,34.02695531925842],[-116.93068519126506,34.02691096352136],[-116.93067308349033,34.026866607780576],[-116.93066097572938,34.026822252035878],[-116.93064886798224,34.026777896287633],[-116.9306908422475,34.026723610281771],[-116.93073281645431,34.026669324257313],[-116.93072070868995,34.026624968507804],[-116.9307747906026,34.026615038213791],[-116.9307626825845,34.026570681592418],[-116.93081676445408,34.02656075127819],[-116.93085873848543,34.026506465196832],[-116.93084663067485,34.026462109451408],[-116.93083452287792,34.026417753702262],[-116.93077398410038,34.026195974900318],[-116.93077963457924,34.026008620614114],[-116.93076752689092,34.025964264832673],[-116.93088134022803,34.025757050681193],[-116.93092331484613,34.025702764325743],[-116.93091120712361,34.025658408542164],[-116.93088699148156,34.025569696090542],[-116.93079658632945,34.025446559234297],[-116.93078447871882,34.025402203422992],[-116.93077237112198,34.025357847607978],[-116.93069407498753,34.025279066265156],[-116.93066985971042,34.025190353725606],[-116.93065775221167,34.025145997886732],[-116.93064564472681,34.025101642044156],[-116.93063353725564,34.025057286197701],[-116.93062142979832,34.025012930347629],[-116.93055524156341,34.024978504731259],[-116.93046483868571,34.024855367328747],[-116.9304527311174,34.024811010576535],[-116.9304406238012,34.024766654693849],[-116.93042851649874,34.024722298807184],[-116.93035022135034,34.024643517168997],[-116.93033811411847,34.024599161266003],[-116.93024771202371,34.024476023634939],[-116.93023560487612,34.024431667712072],[-116.9302113903841,34.024342954981506],[-116.93019928327793,34.024298599047356],[-116.93018717618553,34.024254243109333],[-116.93017506910697,34.024209887167657],[-116.93016296204208,34.02416553122211],[-116.9301508549911,34.024121175272903],[-116.93013874795383,34.024076819319852],[-116.93012664093025,34.024032463363078],[-116.93006045374662,34.023998037421407],[-116.93004834654155,34.023953680578913],[-116.93003623958863,34.023909324605768],[-116.93002413264945,34.023864968628899],[-116.92999991881253,34.02377625666383],[-116.92998781191474,34.02373190067572],[-116.92996359816047,34.023643188688276],[-116.92995149130395,34.023598832688847],[-116.92999346434289,34.023544546717815],[-116.92998135724642,34.023500189842878],[-116.93010727596626,34.023337331819981],[-116.93009516907556,34.023292975818592],[-116.93012503495738,34.023194333770526],[-116.9301129280788,34.023149977762955],[-116.93018476732045,34.022997048545818],[-116.93017266043856,34.022952692533444],[-116.93014844671588,34.022863980497085],[-116.93013633987528,34.0228196244733],[-116.93011212623536,34.022730912414637],[-116.93010001943603,34.022686556379654],[-116.93007580564043,34.022597843425174],[-116.93006369888253,34.022553487378993],[-116.93003948540792,34.022464775275168],[-116.93002737869129,34.022420419217617],[-116.9300031652994,34.022331707091475],[-116.92997895196262,34.022242994950126],[-116.92996684531489,34.022198638873761],[-116.92995473844259,34.022154281920685],[-116.92993052521604,34.022065569749294],[-116.92991841862332,34.022021213658036],[-116.92990631204454,34.021976857563061],[-116.92989420547954,34.02193250146432],[-116.92991196454147,34.021789503193339],[-116.92986353822913,34.021612077862862],[-116.92983932527474,34.021523365611785],[-116.9298272188183,34.021479009480565],[-116.92981511237555,34.021434653345601],[-116.92984497789978,34.021336011137954],[-116.9298328714691,34.021291654996809],[-116.92986273667778,34.021193011893708],[-116.92990470848301,34.021138725789676],[-116.92989260204907,34.021094369643684],[-116.92988049562895,34.021050013493941],[-116.92986838922248,34.021005657340538],[-116.9298562828298,34.020961301183391],[-116.92984417645096,34.020916945022272],[-116.92981996373456,34.020828232689148],[-116.92986193513507,34.020773945702352],[-116.92984982878204,34.020729589531541],[-116.92981350980577,34.02059652099647],[-116.92980140350789,34.020552164810489],[-116.92978929722386,34.020507808620856],[-116.92977719095354,34.020463452427457],[-116.929765084697,34.020419096230327],[-116.92975297845425,34.020374740029446],[-116.92979494965709,34.020320453035779],[-116.92978284341272,34.020276096832426],[-116.929770737182,34.020231740625313],[-116.9297586309651,34.020187384414527],[-116.92980060230154,34.020133098279189],[-116.92978849608298,34.020088742065873],[-116.9298062549187,34.019945743478026],[-116.92984822715634,34.01989145711331],[-116.92989019803264,34.019837170051993],[-116.92997414008644,34.019728597618887],[-116.93002821730946,34.019718667586723],[-116.93001611102575,34.01967431137394],[-116.93011215904347,34.019610095037514],[-116.93029214926469,34.019437305717105],[-116.93033411982555,34.019383019336992],[-116.93037609008968,34.019328732064807],[-116.93065212494587,34.019091725642056],[-116.93069409506998,34.019037439107706],[-116.93079014280886,34.01897322196195],[-116.93097012899223,34.018800431644685],[-116.93102420544437,34.018790501135939],[-116.9310782818828,34.01878057060177],[-116.93117432768589,34.018716352438844],[-116.93143260352538,34.01862234284058],[-116.93147457285328,34.01856805599131],[-116.93152864907992,34.018558125244283],[-116.93162469447627,34.018493907563112],[-116.93167877063232,34.018483976744925],[-116.93178692396782,34.018464114837244],[-116.93182889296376,34.018409827848721],[-116.93188296903554,34.018399896934369],[-116.93192493792995,34.018345609906639],[-116.9320088755436,34.01823703579457],[-116.93211702738779,34.018217173768008],[-116.93215899602086,34.018162886642862],[-116.93220096566006,34.01810859930351],[-116.93224293393789,34.018054311267669],[-116.93229700971028,34.018044380155466],[-116.93233897812513,34.017990092953426],[-116.93243502215398,34.017925874554251],[-116.93253106602467,34.017861656070544],[-116.93257303417793,34.017807368771102],[-116.93262710973706,34.017797437501706],[-116.93261500227294,34.017753081452732],[-116.93265697137386,34.017698793920097],[-116.9327110468469,34.017688862610179],[-116.93269893935179,34.017644506563904],[-116.93274090727131,34.017590219188826],[-116.93278287513246,34.017535931794697],[-116.93282484269672,34.017481643508724],[-116.93286681044094,34.017427356076816],[-116.9329507457539,34.017318781156177],[-116.93299271332278,34.01726449366739],[-116.93304678951613,34.017254561999891],[-116.93303468189755,34.017210205964275],[-116.93308875698349,34.017200274472081],[-116.93313072439238,34.017145986925257],[-116.93318479942165,34.01713605538724],[-116.93322676672908,34.017081767801351],[-116.93321465903489,34.017037411774695],[-116.93332280890741,34.017017548592506],[-116.93341885092761,34.016953329298801],[-116.93396524210566,34.016666654558733],[-116.93399510161595,34.016568010491156],[-116.93404917613414,34.016558078542438],[-116.9340370680533,34.016513722572512],[-116.93402495998629,34.016469366598862],[-116.93410889265469,34.016360790707616],[-116.93408467626176,34.016272077881119],[-116.93412664247745,34.01621778990998],[-116.93411453440538,34.016173433928977],[-116.93419846663038,34.016064857932236],[-116.93422832455057,34.015966213924813],[-116.93421621645977,34.015921857940299],[-116.9342581821569,34.01586756902406],[-116.93431225615569,34.015857636943949],[-116.93442604637872,34.015650416467061],[-116.93446801202202,34.015596128329392],[-116.93455194313312,34.015487551997069],[-116.93453983493256,34.015443196019675],[-116.9345575837558,34.015300194989884],[-116.93459954911887,34.015245906780422],[-116.9346713714486,34.015092974321476],[-116.93465926324136,34.015048618334298],[-116.93470122946266,34.014994329875314],[-116.93478515960102,34.014885753291296],[-116.9347730511228,34.01484139643123],[-116.93485698099649,34.014732819774373],[-116.93484487273946,34.014688463786456],[-116.93483276449629,34.014644107794687],[-116.93486262106973,34.014545463446375],[-116.93485051283871,34.014501107448417],[-116.9348924775676,34.01444681907801],[-116.93488036933488,34.014402463077744],[-116.93491022551723,34.014303817813726],[-116.93495219009829,34.014249529408204],[-116.93494008186225,34.014205173403063],[-116.93492797363992,34.014160817394078],[-116.93496993813179,34.014106528972206],[-116.9350119036295,34.014052240335715],[-116.9350538680044,34.013997951876043],[-116.93504175974964,34.01395359586737],[-116.93502965150853,34.013909239854989],[-116.93500543482938,34.01382052694575],[-116.93499332662974,34.013776170922],[-116.93504739908403,34.013766238472343],[-116.935035290869,34.013721882450064],[-116.93508936328038,34.013711949980113],[-116.93513132741803,34.013657661468919],[-116.93529354444057,34.013627863846025],[-116.93530565278802,34.013672219846605],[-116.93535972513057,34.013662287249709],[-116.93550419622687,34.013775489718135],[-116.93558248590683,34.01385426982997],[-116.93559459445387,34.013898625787618],[-116.93566077550672,34.013933049007569],[-116.93567288411057,34.013977404952819],[-116.93572695661794,34.013967472188448],[-116.93573906526473,34.014011828124616],[-116.93588353649528,34.014125030265447],[-116.93599168164745,34.014105164518377],[-116.93615390033659,34.014075365512163],[-116.93620797285072,34.014065432524625],[-116.93626204535097,34.014055499511542],[-116.93631611783741,34.014045566473264],[-116.93642426276907,34.014025700320438],[-116.93647833521425,34.014015767206111],[-116.93652029854827,34.013961478212615],[-116.93657437093658,34.013951545052599],[-116.93661633523357,34.013897255824268],[-116.93676644297115,34.013823100295468],[-116.93682051523217,34.013813167018775],[-116.93686247821884,34.013758877887433],[-116.93727083758395,34.013590698814916],[-116.93755894050848,34.013398029152057],[-116.93760090382199,34.013343739529155],[-116.93764286601248,34.01328945008288],[-116.93775100955705,34.013269582672535],[-116.93773889988076,34.013225226904993],[-116.93802700053622,34.01303255686225],[-116.93808107315265,34.013022622791716],[-116.93806896332698,34.012978267044758],[-116.93831510083209,34.012839885860551],[-116.93835706201561,34.012785595247756],[-116.93839902337909,34.012731305489176],[-116.93844098468425,34.012677015711716],[-116.93848294593089,34.012622725915314],[-116.93852490818338,34.012568435904313],[-116.93857897935008,34.01255850179119],[-116.93856686931314,34.012514146070075],[-116.93862094043685,34.012504211936651],[-116.93871697253211,34.012439987884072],[-116.93877104358523,34.012430053679573],[-116.93882511462458,34.012420119449672],[-116.93886707546542,34.012365829496588],[-116.93892114644798,34.012355895221063],[-116.93897521848115,34.012345960724673],[-116.93902928943614,34.012336026398543],[-116.93908336037744,34.012326092046955],[-116.93919150221849,34.012306223267807],[-116.93924557311838,34.012296288840012],[-116.93929964400444,34.012286354387086],[-116.93951592847543,34.012246616125964],[-116.93958210985728,34.012281037177864],[-116.93969025150879,34.01226116793201],[-116.93990653464644,34.012221429135771],[-116.94006874791936,34.01219162457685],[-116.94018900022252,34.012216110446317],[-116.94020111113622,34.012260466014688],[-116.94025518187563,34.012250531115093],[-116.94032136358712,34.012284951744682],[-116.94033347458679,34.012329307295111],[-116.9404537271856,34.012353792885662],[-116.9406821224579,34.012358407985637],[-116.940736193204,34.012348472862996],[-116.94074830468789,34.012392829239715],[-116.94080237544941,34.012382894086478],[-116.94085644619719,34.01237295890801],[-116.9411146880409,34.012278926293824],[-116.94116875867681,34.01226899096806],[-116.94121071886852,34.012214699960182],[-116.94119860738761,34.012170344494962],[-116.94124056644114,34.01211605366484],[-116.94128252543611,34.012061762815939],[-116.94169086637571,34.011893567801899],[-116.94174493667079,34.011883632202583],[-116.94179900695222,34.01187369657773],[-116.94177478344066,34.011784985728156],[-116.94176267146715,34.011740629424587],[-116.94181674164706,34.011730693789829],[-116.94191277015663,34.011666467025229],[-116.94196684026599,34.011656531319403],[-116.94195472844154,34.011612175901746],[-116.94199668666815,34.011557884759547],[-116.94210482776543,34.011538013045865],[-116.94215889776113,34.011528077248855],[-116.94214678584741,34.011483721844108],[-116.94225492573931,34.011463850184086],[-116.94252527522758,34.011414170590207],[-116.94257934508387,34.011404234595332],[-116.94263341599076,34.011394298379471],[-116.94262130382789,34.011349943016832],[-116.94265114928443,34.011251296250101],[-116.9426931068318,34.011197004830798],[-116.94274717651605,34.011187068754907],[-116.9427891339619,34.011132777296332],[-116.94277702151257,34.011088421062027],[-116.94283109111083,34.011078484945713],[-116.94284320358933,34.011122841174803],[-116.94343709523535,34.010594470475326],[-116.94349116440691,34.010584534044519],[-116.9438873798741,34.01037197477239],[-116.94398340500412,34.010307746180864],[-116.94402536218013,34.010253454018503],[-116.94407943104029,34.010243517308801],[-116.94428921050719,34.009972057089648],[-116.94433116622525,34.009917764989154],[-116.94441507724761,34.009809179857825],[-116.94445703385479,34.009754887504883],[-116.94449898933907,34.009700595328496],[-116.94454094476502,34.00964630313328],[-116.94458290013245,34.009592010919079],[-116.94457078714042,34.009547655658977],[-116.94455867416214,34.009503300395146],[-116.94460062944029,34.009449008164601],[-116.94465469766921,34.009439071176367],[-116.94464258466003,34.009394715915192],[-116.94468453958281,34.009340422773683],[-116.94467242657205,34.009296067510292],[-116.94472649468575,34.009286130486544],[-116.94481040578037,34.009177545659654],[-116.94479829272336,34.009133190399922],[-116.94496611202119,34.008916020915464],[-116.9450201798338,34.008906083749949],[-116.94500806669954,34.008861728496967],[-116.94506213446918,34.008851791311194],[-116.94522433769534,34.008821979601542],[-116.9452784064742,34.008812042118826],[-116.94533247417489,34.008802104806243],[-116.94538654186179,34.008792167468258],[-116.94578274305219,34.008579601230643],[-116.94582469698075,34.00852530849334],[-116.94587876441292,34.008515370922119],[-116.94596267200897,34.008406785350111],[-116.94612487396492,34.00837697236269],[-116.94646700416362,34.008174342236707],[-116.94650895739771,34.008120049223628],[-116.9466590443629,34.008045879461285],[-116.94675506540884,34.007981648187261],[-116.94701328583031,34.007887602774275],[-116.94706735266884,34.007877664640077],[-116.94716337210679,34.007813433209563],[-116.9472053246617,34.007759139919621],[-116.94725939245089,34.007749201498768],[-116.94734329729927,34.007640614821135],[-116.94738524963593,34.007586321454014],[-116.94766119096583,34.007349270112755],[-116.94769102957819,34.007250621351815],[-116.94773298146281,34.007196327831785],[-116.94777493328894,34.007142034292933],[-116.94782899951333,34.007132095794098],[-116.94810493895064,34.006895043063537],[-116.94814689035572,34.006840749369239],[-116.94833892474054,34.006712284464683],[-116.94838087588421,34.006657990673098],[-116.94843494169567,34.006648051885271],[-116.94848900749334,34.006638113072214],[-116.94847689273792,34.006593758054542],[-116.94853095849258,34.006583819221049],[-116.94865681220408,34.006420937358612],[-116.94871087781598,34.00641099843893],[-116.94875282853849,34.006356704491857],[-116.9487407134383,34.006312348612738],[-116.94879477896417,34.006302409652761],[-116.94878266408706,34.006258054648065],[-116.94882461467724,34.006203760664434],[-116.94887868011708,34.006193821663814],[-116.94886656520914,34.006149466661981],[-116.94890851568252,34.006095172640492],[-116.94895046609759,34.006040878600039],[-116.94907631805619,34.005877996169488],[-116.94906420308479,34.005833641170476],[-116.94911826823747,34.005823702053284],[-116.94910615301211,34.005779346182472],[-116.94916021812182,34.00576940704525],[-116.94928046361269,34.005793884549931],[-116.94929257870096,34.005838239528643],[-116.94934664382777,34.005828300305026],[-116.94935875895898,34.005872655274715],[-116.94937087410403,34.005917010240871],[-116.94942493927535,34.005907070981593],[-116.94943705446332,34.005951425938804],[-116.94949111965023,34.005941486649114],[-116.94954518588744,34.005931547138509],[-116.94969526598975,34.005857374109596],[-116.94973721572889,34.005803079767958],[-116.94979128077462,34.005793140336401],[-116.94984534580644,34.005783200879414],[-116.94988729540125,34.005728906478176],[-116.94994136037633,34.005718966975735],[-116.94998330986959,34.005664672535367],[-116.95018745471485,34.005580558225624],[-116.95017533915758,34.005536203326173],[-116.95036736698691,34.005407734846528],[-116.95079337043481,34.005096501900937],[-116.95088938337801,34.005032267155563],[-116.95094344880653,34.00502232698075],[-116.95093133266731,34.004977971255741],[-116.95101522941931,34.004869381536999],[-116.95106929365461,34.00485944149716],[-116.95105717770767,34.004815086649231],[-116.95111124190002,34.004805146589113],[-116.95124920230791,34.004686616590185],[-116.95129115033497,34.004632321605186],[-116.95139927945685,34.004612441040841],[-116.95145334346505,34.004602500818564],[-116.95149529130467,34.004548205753835],[-116.95154935525602,34.004538265485749],[-116.95153723908594,34.004493910669922],[-116.95157918680869,34.004439615567371],[-116.95179544218743,34.004399854181138],[-116.95183738944135,34.004345558105513],[-116.9518914542728,34.00433561747947],[-116.95194551802626,34.004325677024021],[-116.95193340166384,34.004281322237645],[-116.95197534899638,34.004227026976984],[-116.95202941266382,34.004217086480821],[-116.95201729627054,34.004172731697359],[-116.9520713598949,34.004162791180903],[-116.95212542350562,34.004152850639265],[-116.95216737063529,34.004098555300097],[-116.95222143418918,34.004088614712799],[-116.95231744471459,34.00402437870143],[-116.95245540297148,34.003905846952961],[-116.95268936935412,34.003723078000661],[-116.95273131585981,34.003668782427702],[-116.95278537904387,34.003658841571649],[-116.95282732651245,34.003604545763885],[-116.95286927285828,34.003550250132626],[-116.95291121914588,34.003495954482567],[-116.95319924635312,34.003303244334283],[-116.95324119227789,34.003248948547593],[-116.95327102202239,34.003150296963327],[-116.95332508477811,34.003140355849013],[-116.95337914751998,34.003130414709268],[-116.95342109322652,34.003076118845534],[-116.95347515591151,34.003066177660322],[-116.9534630388746,34.00302182296295],[-116.9537510640306,34.002829111130815],[-116.95379300931616,34.002774815111806],[-116.95399714165896,34.002690694848681],[-116.9542730466238,34.00245362608986],[-116.95432710876854,34.002443684499063],[-116.95443523301681,34.002423801241179],[-116.95459741928569,34.002393976164434],[-116.95465148134791,34.002384034421446],[-116.9548136685156,34.002354208844508],[-116.95482578621711,34.002398563437922],[-116.95487984825327,34.002388621588409],[-116.95489196599766,34.002432976173125],[-116.95494602804931,34.002423034293201],[-116.95501220814229,34.002457447831574],[-116.95506627019547,34.002447505895688],[-116.95512033223496,34.002437563934613],[-116.95544470524609,34.002377911439545],[-116.95549876718893,34.002367969300714],[-116.95555282911806,34.002358027136758],[-116.95560689103341,34.002348084947364],[-116.95566095293493,34.002338142732796],[-116.95576907669673,34.00231825822717],[-116.95582313962106,34.002308315740777],[-116.95587720146742,34.002298373424566],[-116.95598532511882,34.002278488716073],[-116.95603938692385,34.002268546323812],[-116.95620157225628,34.002238718995066],[-116.95625563400615,34.002228776501397],[-116.95641782023728,34.002198948672543],[-116.95647188193203,34.002189006077408],[-116.95652594361299,34.002179063457071],[-116.95663406693345,34.00215917814004],[-116.95674219019877,34.002139292721758],[-116.95690437605766,34.002109464208097],[-116.95712062225746,34.002069692762802],[-116.95721662602182,34.002005451653041],[-116.95727068748045,34.001995508682789],[-116.95732474892537,34.001985565687143],[-116.9573666923326,34.001931268120209],[-116.95742075372067,34.001921325078705],[-116.95751675729363,34.001857084581466],[-116.95796695152767,34.001634532561113],[-116.95802101263358,34.001624589235924],[-116.95810489590308,34.001515993920471],[-116.95844696462034,34.001313325776849],[-116.95850102544227,34.001303382223519],[-116.95854296659918,34.001249084379324],[-116.95853084696171,34.001204730110118],[-116.95857278804482,34.001150432248352],[-116.95856066840577,34.001106077976587],[-116.95861472906951,34.00109613436755],[-116.95872285035553,34.001076247073414],[-116.9587769109779,34.001066303388356],[-116.95878903073374,34.001110657639671],[-116.95884309243567,34.001100713728455],[-116.95898757328307,34.001213888906889],[-116.95899969342024,34.001258244000852],[-116.95907799403058,34.001337008609539],[-116.95909011399975,34.00138136281393],[-116.95910223398283,34.001425717014804],[-116.95918053486488,34.001504481537268],[-116.95919265491854,34.001548835721628],[-116.95920477498589,34.001593189902266],[-116.95921689506697,34.00163754407933],[-116.95922901540052,34.001681899125522],[-116.95924113550934,34.001726253294727],[-116.95925325563186,34.0017706074605],[-116.95930731666805,34.001760663536601],[-116.95931943683351,34.00180501769325],[-116.95937349788517,34.001795073738862],[-116.95948161994686,34.001775185754269],[-116.9597817460223,34.001626812770326],[-116.96001568839171,34.00144402849191],[-116.96006975016832,34.001434084012466],[-116.96015363037942,34.00132548718701],[-116.96018344981631,34.001226834650787],[-116.96022538976057,34.001172536192342],[-116.960279450258,34.001162591807208],[-116.96026732964621,34.001118237714678],[-116.9603213901007,34.001108293309308],[-116.96030926947346,34.001063939218227],[-116.96036332988496,34.001053994792642],[-116.96039314871419,34.000955341295217],[-116.96044721010384,34.000945396633284],[-116.96050127041552,34.000935452141732],[-116.9605133913705,34.000979807093117],[-116.96052551210077,34.001024161167635],[-116.96054417622646,34.001300230067919],[-116.9605684178354,34.001388938170585],[-116.96055726228087,34.001763660590086],[-116.96053956422566,34.001906668051745],[-116.96055168511481,34.001951022071374],[-116.96056380601783,34.00199537608718],[-116.96058804786522,34.002084084107523],[-116.96066635090943,34.002162847559532],[-116.96067847191054,34.002207201551499],[-116.96074465411185,34.002241610950982],[-116.96081083743569,34.002276020115353],[-116.96082295877525,34.002320374958899],[-116.96083507989003,34.002364728925457],[-116.96092550465094,34.002487846132887],[-116.96093762585002,34.002532200079351],[-116.9609739895301,34.002665261896098],[-116.96098611102305,34.002709616700713],[-116.96099823229108,34.002753970628362],[-116.96101035357287,34.002798324552117],[-116.96102247486859,34.002842678472327],[-116.96103459617797,34.002887032388642],[-116.96104671750122,34.002931386301185],[-116.9610588388382,34.002975740209976],[-116.96107096018906,34.003020094115065],[-116.96109520293211,34.003108801913932],[-116.9611073245629,34.003153156680696],[-116.96113156738861,34.003241864456996],[-116.96114368882216,34.003286218339376],[-116.96115581026957,34.003330572218147],[-116.9611679317306,34.003374926093059],[-116.96118005320568,34.003419279964255],[-116.96119217469442,34.003463633831622],[-116.96120429619684,34.003507987695173],[-116.96121641771313,34.003552341555029],[-116.96124066102577,34.003641050136586],[-116.9612527825834,34.003685403985067],[-116.96146345558762,34.003832984705859],[-116.96157812686566,34.004044809658595],[-116.96159024867814,34.004089163449272],[-116.96166855474843,34.004167926023484],[-116.961734739051,34.004202334771584],[-116.96174686097703,34.004246688536931],[-116.96180092341196,34.004236743480476],[-116.96181304538104,34.004281097236863],[-116.96187922984345,34.004315505897623],[-116.96196965981851,34.00443862266232],[-116.96198178191491,34.004482976389824],[-116.96200602614908,34.004571683833191],[-116.96201814828676,34.004616037549297],[-116.96224749654498,34.00503968489236],[-116.96225961889292,34.005084038556788],[-116.96227174125458,34.005128392217621],[-116.96228386363008,34.005172745874575],[-116.96234447595305,34.005394514976032],[-116.96243490661146,34.005517630531777],[-116.96244702914035,34.0055619841498],[-116.96252533779408,34.005640746870711],[-116.96253746039349,34.00568510047227],[-116.96264001437744,34.005852569413499],[-116.96271832327947,34.00593133110177],[-116.96273044603382,34.005975684666893],[-116.96274256880206,34.00602003822825],[-116.96288706466464,34.00613320870913],[-116.96289918754643,34.006177562245085],[-116.96293555627454,34.006310622830561],[-116.96294767921144,34.006354976351659],[-116.96292998449861,34.006497983345383],[-116.96287592063969,34.006507928900255],[-116.96282840739482,34.006749587527842],[-116.96278646626354,34.006803886544851],[-116.96275664798721,34.006902539052781],[-116.96271470672359,34.006956838033318],[-116.96266064251905,34.006966783481765],[-116.96260657723643,34.006976729100742],[-116.96255251300423,34.006986674498783],[-116.96249844875823,34.006996619871259],[-116.96243226174657,34.006962211681426],[-116.9623120105644,34.006937748738487],[-116.96224582368501,34.006903340439585],[-116.96217963686392,34.006868932101312],[-116.96205938590484,34.006844468893291],[-116.96175269660789,34.006761133709269],[-116.96169863241627,34.006771078711289],[-116.96148795078922,34.006623498095365],[-116.96143388559506,34.00663344317136],[-116.96116259509762,34.006264093539919],[-116.96110853117533,34.006274038272878],[-116.96089785224699,34.006126457363798],[-116.96088573051169,34.006082103615391],[-116.96087360879027,34.00603774986326],[-116.96079530164504,34.005958986938424],[-116.96078317975548,34.005914632296808],[-116.9607710581184,34.005870278524604],[-116.96062656498893,34.005757106435254],[-116.96051843769719,34.005776995388175],[-116.96032642568599,34.005905480634823],[-116.96033854707559,34.005949834451641],[-116.96028448326628,34.005959778803955],[-116.96024254078813,34.00601407695418],[-116.96021271983352,34.00611272977941],[-116.96022484119074,34.006157083596406],[-116.9601828975006,34.00621138190705],[-116.9601950188561,34.006255735721794],[-116.96016519751038,34.006354387631255],[-116.9601773188781,34.006398741439895],[-116.96015961907376,34.006541748002377],[-116.96017174046744,34.006586101800913],[-116.96020810473115,34.006719163173742],[-116.96026871211329,34.006940932053098],[-116.96034701995144,34.007019696108976],[-116.96035914152606,34.007064049860915],[-116.96042532770925,34.007098459230768],[-116.96049151501516,34.00713286836578],[-116.9605698230325,34.007211631378716],[-116.9605819447637,34.00725598509657],[-116.9606481312082,34.007290394330767],[-116.96066025299619,34.007334748035959],[-116.96075068348401,34.007457865476624],[-116.96076280535642,34.007502219161822],[-116.96078704914251,34.007590926520621],[-116.96087747988909,34.007714042949274],[-116.96088960187342,34.007758396606761],[-116.9609138461221,34.007847104783352],[-116.96092596814779,34.007891458429491],[-116.96095021224059,34.007980165710514],[-116.96096233430764,34.008024519345433],[-116.96097445638858,34.00806887297643],[-116.96109470889567,34.008093337272783],[-116.96110683106262,34.008137690886009],[-116.96116089627732,34.008127746177415],[-116.96128114893378,34.008152210278546],[-116.96129327145457,34.008196564742128],[-116.9613473377506,34.008186619751434],[-116.96135946007577,34.008230973333049],[-116.961437770073,34.008309735649668],[-116.96144989246871,34.008354089214983],[-116.96147413730155,34.008442796334293],[-116.96148625973859,34.008487149888239],[-116.96158881538902,34.008654620038143],[-116.96163730561277,34.008832034135963],[-116.96164942820324,34.008876387650972],[-116.96166155080755,34.008920741162221],[-116.96167367342548,34.008965094669819],[-116.96169791894158,34.009053802546617],[-116.96171004160097,34.009098156042938],[-116.96172216427414,34.009142509535444],[-116.96177623010728,34.009132564552182],[-116.96178835282346,34.009176918035891],[-116.96180047555347,34.00922127151577],[-116.96182472105478,34.00930997846406],[-116.96183684382623,34.009354331932748],[-116.96184896661138,34.009398685397429],[-116.96184339200344,34.009586045126419],[-116.96181357146965,34.009684697043731],[-116.96182569429294,34.009729050492496],[-116.96183781713007,34.009773403937359],[-116.96186206284565,34.009862110815817],[-116.96182011960543,34.009916410141628],[-116.96179029785149,34.010015062207657],[-116.96181454358819,34.010103769068934],[-116.96177259994629,34.010158067487751],[-116.96178472281983,34.010202420914112],[-116.96170083532989,34.010311017697795],[-116.96171295818633,34.010355371123111],[-116.96167101457698,34.010409670361057],[-116.9616831374319,34.010454023783929],[-116.96169526030067,34.010498377202978],[-116.96171950607949,34.010587084029737],[-116.96173162898953,34.010631437437652],[-116.96168968500596,34.010685735790226],[-116.96170180791445,34.010730089195633],[-116.96171393083677,34.010774442597153],[-116.96164216577644,34.01092739352444],[-116.96165428869548,34.010971746921406],[-116.96152845479432,34.011134641963849],[-116.96148651039849,34.011188940208292],[-116.96144456594422,34.01124323843365],[-116.96140262143157,34.011297536640228],[-116.96141474451049,34.011341890914252],[-116.96133085527899,34.011450487273393],[-116.96127678778157,34.011460432019518],[-116.9611751988764,34.011712033169587],[-116.96106148574702,34.011919281817683],[-116.96101954060374,34.011973579839015],[-116.96103166333123,34.012017933242042],[-116.96097759540213,34.012027877841447],[-116.96098971811418,34.012072231245753],[-116.96090582750465,34.012180827196531],[-116.96091795019969,34.01222518059997],[-116.96088812748528,34.012323831949239],[-116.96090025043115,34.012368186219497],[-116.96091237315203,34.012412539613038],[-116.96092449588683,34.012456893002614],[-116.96093661863546,34.01250124638868],[-116.96094874139774,34.012545599770824],[-116.96100935541645,34.012767366625226],[-116.96102147850021,34.012811720857847],[-116.96103360135912,34.012856074213659],[-116.96104572423191,34.012900427565754],[-116.96102802430566,34.013043432209464],[-116.96104014720439,34.013087785551583],[-116.96101032431454,34.013186436824469],[-116.9610224472254,34.013230790160414],[-116.96105881627938,34.013363851018966],[-116.96107093924533,34.013408204339854],[-116.9610830622252,34.01345255765694],[-116.96116137718845,34.013531319639235],[-116.96128163818034,34.01355578357218],[-116.96133570713042,34.013545838850206],[-116.96144384498912,34.013525949330294],[-116.9614979138978,34.013516004532171],[-116.96170206711631,34.013431871640876],[-116.96174401256879,34.01337757347266],[-116.96179808133618,34.013367628532805],[-116.96184002668724,34.013313330325303],[-116.96188197197993,34.013259032099036],[-116.96192391721408,34.013204733853897],[-116.96197798583873,34.01319478882786],[-116.96207399953936,34.013130545471562],[-116.96217001414594,34.013066301835039],[-116.96226602729138,34.013002057436019],[-116.9623079721198,34.012947759034255],[-116.96236204051723,34.012937813825616],[-116.96245805358481,34.012873570130232],[-116.96249999821033,34.012819271649896],[-116.96255406649409,34.012809326350123],[-116.96260813582849,34.012799380829179],[-116.96332871880109,34.012527084037714],[-116.96342473056626,34.012462839507862],[-116.96347879848477,34.012452893771943],[-116.96346667429745,34.012408540649361],[-116.9634545501238,34.012364187522991],[-116.96340048226368,34.01237413324877],[-116.96333429004967,34.012339724935657],[-116.96308164666185,34.012246447958411],[-116.96302757883572,34.012256393511699],[-116.96301545493561,34.012212040330816],[-116.96294926220344,34.012177632859498],[-116.96284112659912,34.012197523818656],[-116.96278705877624,34.012207469260169],[-116.96273299093959,34.012217414676307],[-116.9626006079026,34.012148598980779],[-116.96257636063557,34.012059892513648],[-116.96256423678403,34.012015538401627],[-116.96255211318507,34.011971185158806],[-116.96251574247064,34.011838125407394],[-116.96250361892677,34.011793772149623],[-116.96249149539679,34.011749418887938],[-116.96247937188046,34.011705065622508],[-116.96246724837798,34.011660712353184],[-116.96250919234463,34.011606413786218],[-116.96252688898876,34.011463407782735],[-116.96258095632885,34.011453462453275],[-116.96266484382217,34.011344865189436],[-116.96270678748121,34.011290566529176],[-116.96269466391378,34.01124621326035],[-116.96273660856326,34.011191914386778],[-116.96272448499417,34.011147561115656],[-116.96277200100292,34.010905903004854],[-116.96275987745824,34.01086154972127],[-116.96278969724469,34.010762897707487],[-116.9627775737122,34.01071854441772],[-116.96274120295875,34.010585483653017],[-116.96272907948141,34.01054113034828],[-116.96269270913218,34.010408070411671],[-116.96271040540648,34.010265065036236],[-116.96276447189207,34.010255119605823],[-116.96275234845278,34.010210766284992],[-116.96279429120204,34.010156466641874],[-116.96289030048807,34.010092222361926],[-116.96287817700261,34.01004786904516],[-116.96304037696592,34.010018032239493],[-116.96309444323808,34.010008086652057],[-116.96328088936536,34.010066956296448],[-116.96334707962616,34.010101364739079],[-116.96340114591689,34.010091419009548],[-116.96350927952138,34.010071527278818],[-116.96356334577077,34.010061581473451],[-116.9636593540674,34.00999733567523],[-116.96370129630887,34.009943036562191],[-116.96375536244457,34.009933090665321],[-116.9638811886891,34.009770193151745],[-116.96392313065374,34.009715893942627],[-116.96395294959434,34.009617241290428],[-116.96400701547206,34.00960729527209],[-116.96404895726144,34.009552996006356],[-116.96410302308242,34.009543049942486],[-116.96415708888955,34.009533103853101],[-116.96414496477034,34.009488750637416],[-116.96442086293386,34.009251659752813],[-116.96446280424374,34.009197360312747],[-116.96451686976519,34.009187414051219],[-116.96450474549506,34.009143060853688],[-116.96455881097354,34.009133114571874],[-116.96454668668805,34.009088761375715],[-116.9645345624163,34.009044408175853],[-116.96475639153783,34.008817262828906],[-116.96481045675827,34.00880731642566],[-116.96489433936298,34.008698716987375],[-116.96497822066972,34.008590117669151],[-116.96502016123544,34.008535817981851],[-116.96507422622712,34.00852587145171],[-116.96523642111922,34.008496031709562],[-116.96533242741216,34.008431785074706],[-116.96565681648322,34.00837210463186],[-116.9657108812801,34.008362157802615],[-116.9657649460631,34.008352210947969],[-116.96581901189668,34.008342263872194],[-116.9658730766522,34.008332316966879],[-116.96592714139385,34.008322370036254],[-116.96603527083583,34.008302476098933],[-116.96619746489537,34.008272635002605],[-116.9662515295542,34.008262687919917],[-116.96630559419944,34.008252740811649],[-116.96635965989492,34.008242793482339],[-116.96641372451248,34.008232846323438],[-116.96640159931175,34.008188493270794],[-116.96645566388619,34.008178546091628],[-116.96670173560251,34.008040102887243],[-116.96680986445536,34.008020208219797],[-116.96686392992535,34.008010260652092],[-116.96691799431724,34.008000313255003],[-116.96700187205367,34.007891712375383],[-116.96705593634582,34.007881764912334],[-116.96704381083424,34.007837411907119],[-116.96700743438237,34.007704352869204],[-116.96706149854384,34.007694405401146],[-116.96704937305823,34.007650052386211],[-116.9670372475865,34.007605699367367],[-116.96702512212853,34.007561346344566],[-116.96689274297063,34.007492534274746],[-116.96682655359848,34.007458128617301],[-116.96680230298206,34.00736942250763],[-116.96679017769441,34.007325069447162],[-116.96677805242058,34.007280716382851],[-116.96672398850986,34.007290663723829],[-116.96669973806203,34.007201957573628],[-116.96664567419599,34.007211904879114],[-116.9665794838683,34.007177498391052],[-116.96651329490197,34.007143092540815],[-116.96645923105281,34.007153039760013],[-116.96644710599409,34.007108686651399],[-116.96626066455072,34.00704982188212],[-116.96624853962105,34.007005468747082],[-116.96619447583356,34.007015415844322],[-116.9660742233889,34.006990956808458],[-116.96602015958921,34.007000903824604],[-116.96600803480399,34.006956550661634],[-116.96595396995545,34.006966497842988],[-116.96589990615747,34.006976444803307],[-116.96577965386535,34.006951985460468],[-116.96565940164868,34.006927525992175],[-116.96564727684134,34.006883171914147],[-116.96558108853633,34.006848765518406],[-116.9655270247724,34.006858712306261],[-116.96540677277881,34.006834252572645],[-116.96539464836836,34.006789899335949],[-116.96531633483613,34.006711139738471],[-116.96526227113384,34.006721086404482],[-116.96525014682321,34.006676733146286],[-116.96498539511697,34.006539105510925],[-116.96491920739604,34.00650469872209],[-116.96472064351988,34.006401478315581],[-116.96470851956708,34.006357124982664],[-116.96436545896783,34.006140735560543],[-116.96429927185872,34.006106328400143],[-116.96416689781579,34.006037513961388],[-116.96411283443412,34.006047460099218],[-116.96395621267332,34.005889938766174],[-116.96389002595782,34.005855531360922],[-116.96375765246326,34.005786715559346],[-116.96374552915387,34.005742362091247],[-116.96369146592303,34.005752308036179],[-116.96367934265665,34.005707954559213],[-116.9636672194041,34.005663601078247],[-116.96360103300819,34.005629193498095],[-116.96353484667074,34.005594785878479],[-116.96352272351801,34.005550432376261],[-116.96351060037902,34.005506078870134],[-116.96345653728191,34.005516024708548],[-116.96343229086514,34.005427316801885],[-116.9633661047735,34.005392909077152],[-116.96326354877031,34.005225440876991],[-116.96323930290214,34.005136733770186],[-116.96322717998872,34.005092380211167],[-116.96313674833381,34.004969264334427],[-116.96310037988803,34.004836203585612],[-116.9630882571004,34.004791849995328],[-116.96303976584902,34.00461443472274],[-116.96302764313036,34.004570081113442],[-116.96303321477238,34.004382721008945],[-116.96302109209346,34.004338367385962],[-116.96300896942834,34.0042940137592],[-116.96299684677692,34.004249660128529],[-116.96297260127704,34.004160951983181],[-116.96296047866699,34.004116598341326],[-116.96294835607081,34.00407224469577],[-116.96293623348842,34.004027891046441],[-116.9629241109199,34.003983537393225],[-116.96289986582397,34.00389483007563],[-116.96288774329669,34.003850476411245],[-116.96287562078328,34.003806122743129],[-116.96286349828371,34.003761769071268],[-116.96259221100593,34.00339242144247],[-116.96258008873193,34.003348067717539],[-116.96250178232553,34.003269304804419],[-116.962489660122,34.003224951063274],[-116.96246541575636,34.003136243569294],[-116.96245329359427,34.003091889816751],[-116.9624411714458,34.003047536060329],[-116.96242904931133,34.003003182300333],[-116.96240480508359,34.002914474768744],[-116.96239268275178,34.00287012012425],[-116.96238056067244,34.002825766349012],[-116.96235631655505,34.002737058787339],[-116.962344194517,34.002692705000932],[-116.96233207249281,34.002648351210787],[-116.96231995048228,34.002603997416706],[-116.96232552344598,34.002416636005712],[-116.96248115849664,34.002155085284954],[-116.96252309733984,34.002100786058449],[-116.96255291407532,34.002002133009334],[-116.96254079180106,34.001957778329079],[-116.96259485254764,34.001947832873149],[-116.96272066833021,34.001784934970203],[-116.96270854623299,34.00174058116832],[-116.9627626068076,34.001730635631375],[-116.96280454522653,34.001676336273533],[-116.96284648358701,34.001622036896897],[-116.96302635972818,34.001449192793849],[-116.96301423727053,34.001404838131862],[-116.96304405311842,34.001306184869314],[-116.96308599111312,34.001251885380348],[-116.96311580681166,34.001153232080114],[-116.96310368458794,34.001108878283958],[-116.9631511933037,34.000867216940655],[-116.96319313098763,34.000812917382639],[-116.96316888657157,34.000724209764464],[-116.96317445866367,34.000536848542829],[-116.96316233650229,34.00049249471806],[-116.9632163961537,34.000482548953563],[-116.9632042737383,34.000438194257093],[-116.96319215157529,34.000393840429773],[-116.9631138477562,34.000315078508279],[-116.96295723952838,34.000157554678474],[-116.96294511754958,34.000113200809622],[-116.96289105811971,34.000123146452289],[-116.96277081734117,34.000098683773238],[-116.96275869523892,34.0000543290084],[-116.9626263328304,33.99998551228061],[-116.96257227344836,33.999995457775967],[-116.96250609234708,33.999961049322522],[-116.96245203296675,33.99997099476191],[-116.96243991130432,33.999926640829834],[-116.96242778965565,33.99988228689385],[-116.96237372925579,33.999892232493657],[-116.9623075483298,33.999857823922248],[-116.96225348899557,33.999867769270416],[-116.96224136746214,33.99982341531161],[-116.96218730814338,33.999833360629339],[-116.96212112734958,33.999798951948904],[-116.96210900590216,33.999754597972426],[-116.96204282497126,33.999720188370752],[-116.96203070358051,33.999675834381605],[-116.96207264140402,33.999621535147043],[-116.96210245776128,33.999522881903502],[-116.9620782149873,33.999434173911574],[-116.9621201526477,33.99937987464326],[-116.9621499686138,33.999281220484043],[-116.96213784723051,33.999236866481397],[-116.96210148316311,33.999103804450819],[-116.9620893618349,33.999059450433023],[-116.96207724052046,33.999015096411476],[-116.96211917795608,33.998960797114577],[-116.96210705664004,33.998916443090621],[-116.96214899506612,33.998862143580375],[-116.96213687350981,33.998817788680874],[-116.96212475220591,33.998773434650907],[-116.96217881079785,33.998763489348988],[-116.96220862669273,33.998664835970445],[-116.96219650537178,33.998620481939241],[-116.96218438406461,33.998576127904087],[-116.9621722627713,33.998531773865402],[-116.96214802022601,33.998443065776513],[-116.962135898974,33.998398711726253],[-116.96212377749728,33.998354356799425],[-116.96206971918208,33.998364302080731],[-116.96205759798694,33.998319948018057],[-116.96197929739654,33.998241185121962],[-116.96188887483231,33.998118068269186],[-116.96187675377831,33.998073714173657],[-116.96175651647832,33.998049250378003],[-116.96174439551027,33.998004896264753],[-116.9616418535329,33.997837423989218],[-116.96162973266307,33.997793069852136],[-116.96143119639022,33.997689842469654],[-116.96141907566314,33.997645488301998],[-116.96135289706535,33.997611079087037],[-116.96126247704643,33.99748796057775],[-116.96125035644675,33.997443606381175],[-116.96123823586066,33.997399252180813],[-116.96118417809467,33.997409197060854],[-116.96113011925074,33.997419142111411],[-116.96106394097261,33.997384732721464],[-116.96105182050177,33.997340378498293],[-116.96093716051317,33.997128551221131],[-116.96092504015424,33.997084196970143],[-116.96091291980926,33.997039842715488],[-116.96090079947794,33.996995488457067],[-116.96081038112543,33.996872370371761],[-116.96075632367003,33.996882315058699],[-116.96061184804292,33.996769140591006],[-116.96047949310571,33.996700321122667],[-116.96046737307381,33.99665596679958],[-116.9602809600739,33.996597091820938],[-116.96022690274195,33.996607036264351],[-116.9601486057207,33.996528271959292],[-116.96008242863182,33.996493861969668],[-116.95985965820053,33.996301922082218],[-116.95980560101941,33.99631186633291],[-116.95966112700366,33.99619869166569],[-116.95959495040948,33.99616428138318],[-116.95943835845267,33.996006750896129],[-116.95938430142247,33.996016694953703],[-116.95923982962918,33.99590351952309],[-116.95917365347151,33.995869108986859],[-116.95902918225727,33.995755933272136],[-116.95897512428472,33.99576587733771],[-116.95896300501509,33.995721521931607],[-116.95889682913401,33.995687111229103],[-116.95881853438014,33.995608345932851],[-116.95875235865894,33.995573935142943],[-116.95874023978446,33.995529580575791],[-116.95864982654301,33.995406460574344],[-116.95855941334858,33.995283339609955],[-116.95848111934093,33.995204574045289],[-116.95846900067809,33.995160219428882],[-116.95851093855315,33.995105921172581],[-116.95849881988872,33.995061566553765],[-116.95854075768986,33.995007268279892],[-116.9585705767513,33.994908615367066],[-116.95855845784507,33.994864259870141],[-116.95864233309369,33.994755663232837],[-116.95863021440898,33.994711308608139],[-116.95861809573816,33.994666953979525],[-116.95867215193033,33.994657010262529],[-116.95871409045729,33.994602711702086],[-116.95876814659269,33.994592767939395],[-116.95881008395425,33.994538469535456],[-116.95886414003292,33.994528525727077],[-116.95896013331486,33.994464283430119],[-116.95901418932294,33.994454339550693],[-116.95905612643877,33.994400041048138],[-116.95911018239009,33.994390097123251],[-116.95916423832759,33.994380153172962],[-116.95921829531542,33.99437020900158],[-116.95927235122534,33.994360265000466],[-116.95958456723881,33.994256245911259],[-116.95963862302303,33.994246301737881],[-116.95969267879347,33.994236357539059],[-116.95985484708619,33.994206524594901],[-116.95990890280153,33.994196580294606],[-116.95996295850313,33.994186635969122],[-116.9600710698648,33.994166747241877],[-116.9601251255249,33.994156802840379],[-116.96017918117136,33.994146858413345],[-116.96053333181187,33.993988536716671],[-116.96062932305389,33.993924292992141],[-116.96075513106085,33.993761395367862],[-116.96079706659162,33.993707096187187],[-116.96096480789215,33.993489898401975],[-116.9610188629691,33.993479953574713],[-116.96106637373657,33.993238291617004],[-116.96110830876933,33.993183992287442],[-116.96116236468002,33.993174047193534],[-116.96122199445331,33.992976738664986],[-116.96127604914184,33.992966793711282],[-116.96149784225703,33.992739650840683],[-116.96148572226141,33.992695296401074],[-116.96163576659396,33.992621106459666],[-116.96162364653836,33.992576752027745],[-116.96167770089832,33.992566806881243],[-116.96166558082737,33.992522452450672],[-116.96170751481922,33.992468151981733],[-116.96184543729321,33.992349607505652],[-116.96188737130547,33.99229530783272],[-116.96229556428398,33.992127035972764],[-116.96234961824648,33.992117090507243],[-116.96245772613014,33.992097199499831],[-116.96251178111538,33.992087253762364],[-116.96261988891646,33.992067362602853],[-116.96267394279626,33.992057416985169],[-116.962836104353,33.992027579979585],[-116.96289015817764,33.992017634260634],[-116.96293209128405,33.99196333418643],[-116.96302807912097,33.991899088112476],[-116.96312406573567,33.991834842149601],[-116.96317811939001,33.991824896293494],[-116.96341202439218,33.991642102878842],[-116.96350801143838,33.991577856380871],[-116.96400006123551,33.991300977661353],[-116.96398794004028,33.991256623402251],[-116.96400562935463,33.991113613478383],[-116.96413142470992,33.99095071180016],[-116.96411930349441,33.990906357535131],[-116.96410718229281,33.990862003266415],[-116.96416123514737,33.990852056939183],[-116.96414911393029,33.990807702671674],[-116.96412487153739,33.990718994125601],[-116.96416680308579,33.990664693514731],[-116.96420873433698,33.990610392011725],[-116.96419661313048,33.990566037735562],[-116.96429816580346,33.990314426985002],[-116.96430373313578,33.990127062552659],[-116.96429161195029,33.990082708259258],[-116.96421331737444,33.990003946048461],[-116.96415926405034,33.990013892606399],[-116.96403903846145,33.989989430929683],[-116.96337828855687,33.990064430434813],[-116.96321613128991,33.99009426827395],[-116.9629579882681,33.990188352125287],[-116.96290393572004,33.990198297899212],[-116.96283776278703,33.990163889206812],[-116.96278371024057,33.990173834924931],[-116.96271753738147,33.990139426162827],[-116.96266348483655,33.990149371825112],[-116.96248920588707,33.990134854376841],[-116.96243515331631,33.990144799932743],[-116.9624230331909,33.990100445444789],[-116.96226087548361,33.990130281944936],[-116.96220682288691,33.990140227394321],[-116.96215277027643,33.990150172818446],[-116.96193655863254,33.990189954456504],[-116.96188250595318,33.990199899753776],[-116.96187038589498,33.99015554433786],[-116.96148547168856,33.98999344263526],[-116.96141929955532,33.989959033123526],[-116.96122078244186,33.989855804547801],[-116.96115461030359,33.989821394005581],[-116.9609020424774,33.989728109607846],[-116.9608358708267,33.989693699751079],[-116.96064947419151,33.989634824844231],[-116.96059542173279,33.989644769547738],[-116.96030092153525,33.989605783212916],[-116.96024686905207,33.989615727754],[-116.96007259174517,33.989601206659195],[-116.96001853923615,33.989611151094074],[-116.95973615772353,33.989616517217705],[-116.9597240392154,33.98957216241746],[-116.95966998668197,33.989582106689838],[-116.95953764371008,33.989513285711901],[-116.95952552533085,33.98946893088506],[-116.95932701303586,33.989365698803184],[-116.95931489479938,33.989321343945761],[-116.95926084238764,33.989331288030314],[-116.95917697383457,33.989439885864947],[-116.95914715763158,33.989538539620092],[-116.95915927580644,33.989582894482645],[-116.95909964340916,33.989780202800837],[-116.9590278912394,33.98993315550883],[-116.95904000940774,33.989977510361605],[-116.95905212758986,33.990021865210508],[-116.9590642457857,33.990066220055624],[-116.95907636399541,33.99011057489723],[-116.95913041697074,33.990100630908564],[-116.95927487915735,33.990213807988226],[-116.95934105056051,33.990248218714214],[-116.95939510359753,33.990238274603811],[-116.95946127507466,33.990272685259967],[-116.95947339354223,33.990317040048247],[-116.9595274466101,33.990307095876808],[-116.95959361820383,33.990341506454449],[-116.95965978985612,33.990375916992598],[-116.95978001466706,33.990400383203529],[-116.95984618751555,33.990434793436911],[-116.95991235935841,33.99046920382672],[-116.95992447811302,33.990513558556749],[-116.95999065029584,33.99054796977159],[-116.96005682229851,33.990582380073803],[-116.96006894115288,33.990626734782161],[-116.96013511325692,33.990661145036462],[-116.96026745764013,33.990729965426809],[-116.96027957663742,33.990774320104947],[-116.96039422549673,33.990986149744458],[-116.96053868985538,33.991099324442978],[-116.96071951390316,33.991345563432773],[-116.96073163325313,33.991389918028894],[-116.96074375261693,33.991434272621234],[-116.96075587199455,33.991478627209545],[-116.96076799138586,33.991522981794276],[-116.96077453488961,33.99175470029482],[-116.96073259932899,33.99180899979801],[-116.96021071885578,33.992184518153074],[-116.96016878373554,33.992238817226713],[-116.95986869583159,33.99238719366074],[-116.95977270479088,33.992451437076284],[-116.95956860548293,33.99253556861202],[-116.95952666972669,33.992589867428777],[-116.95943067921887,33.992654110348575],[-116.9593468073285,33.992762707846865],[-116.95930487023169,33.992817006763289],[-116.95926293414053,33.992871305465329],[-116.95909518943036,33.993088500956475],[-116.95905325304727,33.993142799563628],[-116.95898149875633,33.993295751392807],[-116.95892744354718,33.993305695271495],[-116.95883145060048,33.99336993783178],[-116.95877739532081,33.993379881639598],[-116.95865158510057,33.99354277787193],[-116.95859752967826,33.993552721593574],[-116.95835148798901,33.993691149451514],[-116.95829743242555,33.993701093031056],[-116.95821355783087,33.993809689564308],[-116.95817162044598,33.993863987802335],[-116.95807562725332,33.993928229494813],[-116.95792557701859,33.994002414700653],[-116.95746330879112,33.99418061394141],[-116.95737943275748,33.994289210677294],[-116.95703739290441,33.994491876408055],[-116.95695351464032,33.994600472115117],[-116.95647353671906,33.994921675449731],[-116.95641948006302,33.994931618137343],[-116.95626942738598,33.995005800907116],[-116.956293662175,33.995094510613761],[-116.9562517227622,33.995148808068073],[-116.95628807500283,33.995281872603648],[-116.9562340180734,33.995291815200169],[-116.95602337697913,33.995144223563528],[-116.95601125972377,33.995099868686587],[-116.9558127377463,33.99499663132017],[-116.95574656387062,33.994962218786114],[-116.95565615577534,33.994839095486007],[-116.95564403877626,33.994794740553466],[-116.95548745779003,33.994637205323748],[-116.95537281689214,33.994425371810685],[-116.95536070011848,33.994381016825244],[-116.95534858335874,33.994336661836002],[-116.95533646661262,33.994292306842823],[-116.95527029354491,33.994257894005905],[-116.95525817685557,33.994213539000185],[-116.95523394327991,33.994124828104461],[-116.95522182663194,33.994080473087536],[-116.95519759337742,33.993991763042331],[-116.95514353613932,33.99400170534188],[-116.95490307839778,33.993952763392478],[-116.95484902221321,33.993962705359465],[-116.95463279627295,33.994002473169331],[-116.95457874001936,33.99401241500945],[-116.95451256752349,33.993978001727186],[-116.95450045130868,33.993933646626374],[-116.95442216275629,33.993854878182766],[-116.95430193406206,33.993830405644495],[-116.95416958968191,33.993761578708437],[-116.95415747369594,33.993717223559734],[-116.95414535772363,33.993672868407117],[-116.95413324176509,33.993628513250734],[-116.95412112582046,33.993584158090613],[-116.95410900988948,33.993539802926854],[-116.95404843020313,33.993318026177768],[-116.95403631435491,33.993273670991236],[-116.95405402261585,33.993130663828133],[-116.95404190679355,33.993086308631646],[-116.95409596247349,33.993076367030405],[-116.95408384663584,33.99303201183529],[-116.95412578641971,33.992977715019812],[-116.95416772590659,33.992923417312383],[-116.9542217814576,33.99291347565039],[-116.95420966557371,33.992869120459012],[-116.95432336937198,33.992661874399076],[-116.95431125346931,33.992617519204394],[-116.95438301629635,33.99246457013686],[-116.95437090015191,33.99242021406409],[-116.95438860760542,33.992277206694574],[-116.95437649172545,33.992232851484928],[-116.95435226000679,33.992144141054418],[-116.95439419912618,33.992089844080489],[-116.95441190622353,33.9919468357743],[-116.95439979038167,33.991902480548504],[-116.95442961349445,33.991803828312264],[-116.95441749766471,33.991759473080293],[-116.9544473207004,33.991660820821672],[-116.95443520488271,33.991616465583412],[-116.95439885727404,33.99148339897301],[-116.95438674151158,33.991439043719687],[-116.95442868022781,33.991384746684609],[-116.95444638840429,33.991241738922206],[-116.95443427265226,33.991197383660136],[-116.95456008789806,33.991034491523216],[-116.95454797211363,33.990990136261559],[-116.95463184878032,33.990881541993666],[-116.95469149356239,33.990684237125699],[-116.95464303018747,33.990506815158533],[-116.95469708400277,33.990496873244176],[-116.95468496822389,33.990452517966446],[-116.95467285245876,33.990408162684702],[-116.95466073670754,33.990363807399319],[-116.95464862097,33.990319452110327],[-116.95461227384023,33.990186386220159],[-116.95460015815783,33.990142030916218],[-116.95450975746077,33.990018905966167],[-116.954473410708,33.989885839981781],[-116.95446129515133,33.989841484646],[-116.95431684194327,33.989728302185746],[-116.95425067295976,33.989693887693406],[-116.9542022114417,33.989516466191269],[-116.95413604292705,33.989482052497237],[-116.95399159085682,33.989368869579543],[-116.95397947565445,33.989324514164181],[-116.95395524505264,33.989235802449258],[-116.95393101474451,33.989147091592372],[-116.95389466938555,33.989014025278678],[-116.95388255429339,33.988969669833061],[-116.95387043921512,33.988925314383991],[-116.95382197880122,33.988747891676276],[-116.9538098637919,33.988703536208121],[-116.95379774879621,33.98865918073632],[-116.95378563381448,33.988614825260548],[-116.95377351884636,33.988570469781266],[-116.95376140389219,33.988526114298026],[-116.95373717378649,33.98843740244731],[-116.95372505887354,33.988393046952879],[-116.95370082908909,33.988304335952563],[-116.95368871421751,33.988259980446728],[-116.95358620259236,33.988092499837514],[-116.95357408781902,33.98804814430769],[-116.95353774334272,33.987915076822837],[-116.95330289813896,33.987678767743269],[-116.95329078359097,33.987634412160418],[-116.95317056484183,33.987609938253918],[-116.95303823201665,33.987541109480446],[-116.95301400327817,33.987452398240279],[-116.95294783703912,33.987417983776886],[-116.9529357227336,33.987373628142151],[-116.95259277725003,33.987157198831007],[-116.95258066318689,33.987112843144629],[-116.9525685491375,33.987068487454287],[-116.95255643510184,33.987024131760187],[-116.95253220707208,33.986935420360894],[-116.95252009307782,33.986891064655623],[-116.95250146056782,33.986614988532196],[-116.95248934664082,33.986570632805602],[-116.95244089083221,33.986393208988019],[-116.95239243548251,33.986215785983312],[-116.95243437277827,33.986161489309367],[-116.95241014515537,33.986072777787079],[-116.95239803136445,33.986028422020219],[-116.95237380358571,33.985939709602164],[-116.95236168983622,33.985895353823871],[-116.95234957610056,33.985850998042039],[-116.95233746237861,33.985806642256307],[-116.95226478033636,33.985540507462865],[-116.95225266647243,33.985496150777585],[-116.95224055286072,33.985451794961634],[-116.95229460347863,33.985441854104558],[-116.95228248985144,33.985397498290027],[-116.95236636472173,33.985288904694016],[-116.95235425107761,33.98524454887847],[-116.95246794762612,33.985037302824338],[-116.95260587076402,33.984918767357954],[-116.95264780721376,33.984864470517103],[-116.95268974466904,33.984810173461568],[-116.95274379478495,33.984800232386718],[-116.95278573107494,33.984745935487688],[-116.95288171732275,33.984681697429089],[-116.95293576732516,33.984671756262863],[-116.95292365345293,33.984627400471815],[-116.9529115395946,33.984583044676995],[-116.95289942575,33.984538688878501],[-116.95288731191913,33.984494333076256],[-116.95292924770634,33.984440035230961],[-116.95306716932519,33.984321499998089],[-116.95305505543274,33.984277144200902],[-116.95304294155402,33.984232788400092],[-116.95303082768915,33.984188432595545],[-116.95308487839458,33.984178491157749],[-116.95307276451423,33.984134135354545],[-116.95312681411279,33.984124194092303],[-116.95311470021703,33.984079838290405],[-116.95310258633505,33.984035482484586],[-116.95315663586146,33.984025541207188],[-116.95317434339717,33.983882531622051],[-116.95316222951195,33.983838175811222],[-116.9531501156404,33.983793819996968],[-116.95313800178268,33.983749464178736],[-116.95311377410869,33.983660752530831],[-116.95310166029236,33.983616396701407],[-116.95308954648975,33.983572040868111],[-116.95307743246244,33.983527684157949],[-116.95306531868744,33.983483328316971],[-116.95305320492623,33.983438972472435],[-116.9530410911787,33.983394616624025],[-116.95298704207488,33.983404557855579],[-116.95297492837035,33.983360201998252],[-116.95284260292891,33.983291372628585],[-116.95278855280731,33.983301313964517],[-116.95257795144414,33.983153712740446],[-116.95251178904445,33.983119297839515],[-116.95227136650738,33.98307034974826],[-116.95221731753006,33.983080290624542],[-116.9520849921682,33.983011460560512],[-116.95207287903779,33.982967104586663],[-116.95200671701936,33.982932689388768],[-116.95188650615923,33.982908214875977],[-116.95177840831748,33.982928096247917],[-116.95171224646215,33.982893680880352],[-116.95157992162414,33.982824849349491],[-116.95156780880995,33.982780493312376],[-116.95150164717273,33.982746077817843],[-116.9514354855939,33.982711662284018],[-116.95136932407348,33.982677246710971],[-116.951357211402,33.982632890643274],[-116.95134509874428,33.982588534571924],[-116.9512789373682,33.982554118941771],[-116.95126682476723,33.982509762857831],[-116.95125471194167,33.982465405896853],[-116.95124259936833,33.982421049805218],[-116.95123048680868,33.982376693710044],[-116.95124819774033,33.982233684992011],[-116.9512360852067,33.98218932888669],[-116.95125379608558,33.98204632013357],[-116.9512295708453,33.981957607026104],[-116.95121745836514,33.981913250903176],[-116.95119323344603,33.981824538646094],[-116.95118112100704,33.981780182511812],[-116.95116900858194,33.981735826373857],[-116.95115689617069,33.981691470232136],[-116.95114478377312,33.981647114086527],[-116.95112055878091,33.981558400910956],[-116.95110844642464,33.981514044754199],[-116.95108422175363,33.981425332429012],[-116.95107210943863,33.981380976260851],[-116.95103577257665,33.981247907733582],[-116.95102366031686,33.98120355155045],[-116.95101154807082,33.981159195363269],[-116.95099943560025,33.981114838299241],[-116.9509752111771,33.981026125906268],[-116.95096309898618,33.980981769704094],[-116.9509929222702,33.980883116981175],[-116.95098081009135,33.980838760772706],[-116.95095658577526,33.980750048344632],[-116.95099852089315,33.980695750939361],[-116.95102834508694,33.98059709797581],[-116.9510702803112,33.980542801406997],[-116.95105816814129,33.980498445187528],[-116.95106376681835,33.980311079923929],[-116.95105165468821,33.980266723690562],[-116.95109358948018,33.980212426217591],[-116.95108147734825,33.980168069981737],[-116.95106936523025,33.980123713742152],[-116.95112341230484,33.98011377336411],[-116.95133868500713,33.97965492348974],[-116.95139273172259,33.979644982980282],[-116.95138061950874,33.979600626743554],[-116.95134428294982,33.97946755801123],[-116.95133217079101,33.97942320175941],[-116.95129583439741,33.979290132981674],[-116.95128372205541,33.979245775841619],[-116.95127160996552,33.979201419571112],[-116.95120545149504,33.97916700375022],[-116.95119333946185,33.979122647467122],[-116.95118122744258,33.97907829118013],[-116.95116911543698,33.979033934889344],[-116.95068269699212,33.979123397889083],[-116.95057460302544,33.97914327842917],[-116.95052055655333,33.979153218563319],[-116.95046651006747,33.979163158672016],[-116.95041246356783,33.979173098755531],[-116.95029225900255,33.979148622470177],[-116.94990182076027,33.979173845733861],[-116.94973968098184,33.979203665117012],[-116.94967352318545,33.979169248421101],[-116.94956542996195,33.979189127822188],[-116.94878455211087,33.979239567255107],[-116.94873050534405,33.97924950655247],[-116.94871839470561,33.979205150014991],[-116.947991564321,33.979245645485143],[-116.94793751744878,33.979255584412186],[-116.9479254072604,33.979211227792291],[-116.94791329708586,33.979166871168474],[-116.94764306174616,33.979216565568983],[-116.94739054442485,33.979123250444893],[-116.94728245068299,33.979143127715886],[-116.94705415228879,33.979138525434308],[-116.94694605844016,33.979158402390922],[-116.9469339485924,33.979114044788489],[-116.94682585474702,33.979133921633746],[-116.9467718078037,33.979143860018162],[-116.94650157181654,33.979193551756083],[-116.94628538362997,33.979233304533686],[-116.94618939889318,33.979297538444001],[-116.94609341269587,33.979361771591883],[-116.9459433801532,33.979435942453392],[-116.94583528560925,33.979455818365537],[-116.94564331314777,33.979584283767977],[-116.94558926574169,33.979594221594844],[-116.94538518478201,33.979678329511749],[-116.94528919851773,33.979742561766088],[-116.94523515095685,33.979752499425601],[-116.94498263371742,33.979659179310154],[-116.94497052514686,33.979614822403846],[-116.94459780618027,33.979497018440433],[-116.94458569785384,33.979452661484757],[-116.94453165040414,33.979462598819708],[-116.94451954212067,33.979418241855186],[-116.94442916894214,33.979295108423912],[-116.94436301341169,33.979260688697934],[-116.94430896606663,33.979270625931221],[-116.94429685793963,33.979226268932592],[-116.94427264148844,33.979137554050865],[-116.94421859421729,33.979147491243744],[-116.94395397331836,33.979009811597003],[-116.9438757103979,33.978931034527697],[-116.94386360256991,33.978886677464608],[-116.94371918372892,33.978773479528996],[-116.94364092128272,33.978694702277309],[-116.94358687423798,33.978704639180812],[-116.94357476660939,33.978660282074728],[-116.94350861199447,33.978625861832626],[-116.94341824239399,33.978502727292401],[-116.94335208798179,33.978468306954021],[-116.94326171857274,33.978345171393634],[-116.94319556436324,33.978310750959039],[-116.94306325505545,33.97824191016749],[-116.94305114779651,33.978197552980305],[-116.94303904055137,33.978153195789481],[-116.94294867200152,33.97803005993535],[-116.94293656484066,33.977985702724183],[-116.94292445769354,33.977941345509407],[-116.94291235056019,33.977896988290851],[-116.94290024344066,33.977852631068593],[-116.94287602924284,33.977763916612268],[-116.94286392216465,33.977719559378656],[-116.94283970804943,33.977630844900027],[-116.94282760077419,33.977586486781703],[-116.94281549375097,33.977542129533006],[-116.94280338674163,33.9774977722805],[-116.94279127974603,33.977453415024129],[-116.94277917276416,33.977409057763843],[-116.94275495884177,33.977320343232485],[-116.94274285190124,33.977275985960944],[-116.94273074497448,33.977231628685566],[-116.94269442403846,33.977098555964126],[-116.94268231716681,33.977054198673812],[-116.94265810346467,33.976965484081816],[-116.9426459966344,33.976921126780127],[-116.94260967622579,33.976788054852378],[-116.94259756945057,33.976743697535625],[-116.94258546245074,33.976699339341828],[-116.94244105081702,33.976586140174064],[-116.94238700508046,33.976596076544283],[-116.94217644174569,33.97644845601527],[-116.94211028962383,33.976414034877408],[-116.94204413732204,33.976379612826811],[-116.94192393862458,33.976355127963053],[-116.94186989298221,33.976365064094679],[-116.94154561883897,33.976424680352928],[-116.941449632353,33.97648890988664],[-116.94139558655748,33.976498845795405],[-116.9412996011589,33.976563075876363],[-116.94125766127284,33.976617369181767],[-116.94116167537649,33.976681598265579],[-116.94117378132553,33.976725955735979],[-116.94111973533067,33.976735891512917],[-116.94113184126432,33.976780248984596],[-116.94108990114468,33.976834542214306],[-116.94104796096663,33.976888835425108],[-116.94099391377904,33.976898771336806],[-116.94100601966635,33.976943128812422],[-116.94096407937158,33.976997421985345],[-116.94085036421468,33.977204659740465],[-116.94079631784685,33.977214595360337],[-116.94068822507005,33.977234466523861],[-116.94064628439743,33.97728875956161],[-116.94059223794537,33.977298695085217],[-116.94053819041562,33.977308630778978],[-116.94037605093563,33.977338437121347],[-116.94032200441468,33.977348372518129],[-116.94026795788011,33.977358307889723],[-116.94021391133164,33.97736824323583],[-116.93999772393634,33.977407984562099],[-116.93998561855025,33.977363627007314],[-116.93955887131713,33.97725574170218],[-116.93950482474948,33.977265676718602],[-116.93937252047216,33.977196831618059],[-116.93936041547433,33.977152473986038],[-116.93918617097249,33.977137921034149],[-116.93913212443908,33.977147855878115],[-116.93907807789171,33.977157790696744],[-116.93884978579365,33.977153172227808],[-116.93836336601568,33.977242583495794],[-116.9382552715163,33.977262452583162],[-116.93814717802586,33.977282321373679],[-116.93803908448027,33.977302190062588],[-116.93798503768683,33.977312124369043],[-116.93755266177976,33.977391598103459],[-116.93744456793134,33.977411466234763],[-116.93739052098644,33.977421400262365],[-116.93728242705534,33.977441268241414],[-116.93682020982992,33.977619388841788],[-116.93676616266144,33.977629322575126],[-116.93631604650372,33.977851798986457],[-116.93626199911,33.977861732481614],[-116.9362079506386,33.97787166614718],[-116.93615390321729,33.977881599591704],[-116.93611195927862,33.977935891815186],[-116.93600386430882,33.977955758587555],[-116.935907872439,33.978019983206437],[-116.935445648645,33.978198098188194],[-116.93539160090049,33.978208031272651],[-116.93528350536999,33.978227897365755],[-116.93495921738442,33.978287495232344],[-116.93493501208407,33.978198779165091],[-116.93492290945453,33.978154421125872],[-116.93491080660056,33.978110062209659],[-116.93489870399851,33.978065704162773],[-116.93486239627512,33.977932629999842],[-116.93477204112823,33.977809488603235],[-116.93470589111995,33.977775063294949],[-116.93465184357434,33.977784996039667],[-116.93451954246154,33.977716144566607],[-116.93450744014321,33.977671786456661],[-116.93449533783868,33.977627428342863],[-116.93441708585905,33.977548644742122],[-116.93440498362489,33.977504286611946],[-116.93433883403752,33.9774698610806],[-116.93415248768777,33.977410942416164],[-116.93414038538721,33.977366583377417],[-116.93412828333877,33.977322225207956],[-116.93373784901769,33.977347394027724],[-116.93372574720109,33.977303035815297],[-116.93360555075616,33.977278542149719],[-116.93349745605909,33.977298406598955],[-116.93331111075459,33.977239486567711],[-116.93313686612348,33.977224924709873],[-116.93277627769292,33.977151440622372],[-116.93276417645363,33.977107082298218],[-116.93246973645667,33.977068024763604],[-116.93234954076834,33.977043529787032],[-116.93200105386971,33.977014402712008],[-116.93196475157949,33.976881327462088],[-116.93175420696326,33.976733687161747],[-116.93174210637014,33.976689328707153],[-116.93153156293187,33.976541688838999],[-116.93135086536158,33.976295399643227],[-116.93133876506566,33.976251041121515],[-116.93131456451533,33.976162324067147],[-116.93130246426074,33.976117965534435],[-116.93129036401999,33.976073606997659],[-116.93125406314198,33.975940530491876],[-116.93122986278429,33.975851813384544],[-116.9311637159997,33.975817385966714],[-116.93115161588446,33.975773027398624],[-116.93113951578297,33.975728668826733],[-116.93108546920122,33.975738599932534],[-116.93106126885974,33.9756498818941],[-116.93099512232077,33.975615454371024],[-116.93098302233284,33.975571095773653],[-116.93095882239801,33.97548237856796],[-116.93086847625257,33.975359233740484],[-116.93077813015415,33.975236087950023],[-116.93076603034829,33.975191729308676],[-116.93057969214023,33.975132804723245],[-116.93056759246335,33.975088446055196],[-116.93032720739417,33.975039452099089],[-116.9302610616969,33.975005024129793],[-116.93020701550471,33.975014954834919],[-116.92998437994956,33.974822952242853],[-116.9299303338484,33.974832882821076],[-116.92979804214906,33.974764026567144],[-116.9296060558882,33.974892465953467],[-116.92955200969052,33.974902396354224],[-116.92951006252055,33.974956685519331],[-116.92946811529211,33.975010974665409],[-116.92938422089821,33.975119553774007],[-116.92930032496874,33.975228132129104],[-116.92909058678286,33.97549957719621],[-116.92903654009891,33.975509507348704],[-116.92898249340125,33.975519437475661],[-116.92899459224365,33.975563796284945],[-116.92901879020771,33.975652514765052],[-116.92903088909132,33.975696873563116],[-116.92904298798861,33.975741232357123],[-116.92905508689971,33.975785591147435],[-116.92906718582468,33.975829949933967],[-116.92916962868047,33.975997454859311],[-116.92913977990108,33.976096103447048],[-116.92917607700593,33.976229179716086],[-116.92918817606845,33.976273538464937],[-116.92921882271725,33.976593980697615],[-116.92917687334162,33.976648269820267],[-116.92913492497159,33.976702558728483],[-116.92914702408414,33.976746917454804],[-116.92909297654307,33.976756847617708],[-116.92903327789531,33.976954143669303],[-116.92905747609659,33.977042861110938],[-116.9290695752178,33.977087219826032],[-116.92860089485345,33.977033584013007],[-116.92853474798886,33.976999154272079],[-116.92852264918547,33.976954795496034],[-116.92846860142093,33.976964725364944],[-116.92834840714849,33.976940226231712],[-116.92829435937182,33.976950156019491],[-116.92817416411266,33.976925656900384],[-116.92810801776622,33.976891227784009],[-116.92805396999286,33.976901157460176],[-116.92779582930267,33.976995164314339],[-116.92774178141768,33.977005093843438],[-116.92768773351892,33.977015023347136],[-116.92769983185678,33.977059382207067],[-116.92771193020855,33.977103741063075],[-116.92764012838951,33.977256677659518],[-116.92766432510001,33.977345395357986],[-116.92767642347587,33.977389754201567],[-116.92768852186546,33.977434113041355],[-116.92757477056125,33.977641336768279],[-116.92752072220036,33.977651266185958],[-116.92753282078012,33.977695625900502],[-116.92742472395851,33.97771548467022],[-116.92727467576839,33.977789631692907],[-116.92673418906597,33.977888923505503],[-116.92661399391417,33.97786442260071],[-116.92649379859972,33.977839920697441],[-116.9263736035989,33.977815419541471],[-116.92628970188066,33.977923996019463],[-116.92620579862675,33.978032571743704],[-116.92617594508161,33.978131218438079],[-116.9261880427329,33.978175577392648],[-116.9262001403979,33.978219936343464],[-116.926170286774,33.978318583012801],[-116.92618238445107,33.978362941957421],[-116.92619448238008,33.978407301771433],[-116.92620658008474,33.978451660708394],[-116.92629692245166,33.978574808687483],[-116.92630902024055,33.978619167604236],[-116.92632111804325,33.978663526517451],[-116.92634531368974,33.978752244332256],[-116.92635741153364,33.978796603233867],[-116.92636950962951,33.978840963005233],[-116.9263816075009,33.978885321899455],[-116.92639370538618,33.978929680789889],[-116.92632755812606,33.9788952507445],[-116.92630336221718,33.978806532068816],[-116.92623721510138,33.97877210196657],[-116.92622511732965,33.978727743050889],[-116.92621301957165,33.978683384131244],[-116.92620092182743,33.978639025208111],[-116.92618882409693,33.978594666281126],[-116.92617672638023,33.978550307350297],[-116.92612833541283,33.97837287071593],[-116.92611623776492,33.978328511766314],[-116.92610414013075,33.978284152813004],[-116.92609204251042,33.978239793855778],[-116.92607994490376,33.978195434894786],[-116.92604365216633,33.978062357989089],[-116.92603155461478,33.978017999013019],[-116.92601945707696,33.977973640033035],[-116.92600735931481,33.977929280176255],[-116.92599526180445,33.977884921188803],[-116.92598316430797,33.977840562197649],[-116.92597106682524,33.977796203202686],[-116.92594687190093,33.977707485201343],[-116.92593477445942,33.977663126195104],[-116.92589848221745,33.977530049153692],[-116.92594043304707,33.977475760601969],[-116.92592833564524,33.977431401582031],[-116.9259823840565,33.97742147290468],[-116.92602433500755,33.977367185188371],[-116.92607838442608,33.977357256269983],[-116.92612033527578,33.977302968514415],[-116.92617438357358,33.97729303974598],[-116.92628248012804,33.977273182132798],[-116.92655272127332,33.977223537656513],[-116.92654062356242,33.977179178686065],[-116.92659467278494,33.977169249524351],[-116.92664872092972,33.977159320532763],[-116.92681086528161,33.977129533405616],[-116.92691896144748,33.977109675194129],[-116.92717710463744,33.977015670113332],[-116.92721905453867,33.976961381936071],[-116.92731505225977,33.976897164433986],[-116.92730295416584,33.976852805524715],[-116.92735700200124,33.976842876198482],[-116.92739895168432,33.976788587944142],[-116.92738685332134,33.976744228164407],[-116.92744090107071,33.976734298797467],[-116.92748285063698,33.976680010505291],[-116.92752480014489,33.97662572219388],[-116.92751270197373,33.976581363291416],[-116.92755465247161,33.976527074767013],[-116.92754255429892,33.976482715861806],[-116.92758450365909,33.976428427515273],[-116.92761435477098,33.976329780243447],[-116.92766840220426,33.976319850765293],[-116.92771035115113,33.976265561488624],[-116.92769825293034,33.976221202584838],[-116.92779424934595,33.976156984624836],[-116.92783619835572,33.976102696164546],[-116.92787814730717,33.976048407685113],[-116.92792009620015,33.975994119187071],[-116.92790799790215,33.975949760289836],[-116.92799189654608,33.97584118304362],[-116.92800964836314,33.975698175819048],[-116.92805159697618,33.975643887248857],[-116.92818954084372,33.975525380320192],[-116.92817744246526,33.975481021424777],[-116.92827343757536,33.975416803006603],[-116.92831538585358,33.975362514321446],[-116.92830328742872,33.975318155429932],[-116.92835733513721,33.97530822542177],[-116.928345236697,33.975263866531485],[-116.92833313803241,33.975219506764383],[-116.92832103961966,33.975175147866487],[-116.92826699199871,33.975185077859415],[-116.92821294542797,33.975195007631307],[-116.92815889884345,33.975204937378052],[-116.92810485224508,33.975214867099375],[-116.92799675900717,33.975234726465942],[-116.92787091377642,33.975397593018201],[-116.92777491729461,33.97546181129939],[-116.92767892171869,33.97552602930044],[-116.92758292598467,33.975590247216786],[-116.92744498108077,33.975708753412881],[-116.92740303201052,33.975763041758874],[-116.92736108288192,33.975817330085761],[-116.92730703469378,33.975827259622278],[-116.92725298755576,33.975837188938058],[-116.92721103828281,33.975891477205572],[-116.9270609947006,33.97596562480166],[-116.92700694743536,33.975975554000883],[-116.92691095059484,33.97603977132303],[-116.92681495253238,33.976103988755845],[-116.92659876288033,33.976143704934145],[-116.92655681298707,33.97619799294332],[-116.92650276549681,33.976207921904184],[-116.92644871799259,33.976217850839816],[-116.92634062294307,33.976237708634841],[-116.92623252677457,33.976257566523934],[-116.92612443161492,33.97627742411607],[-116.92607038401444,33.97628735287428],[-116.92601633640022,33.976297281606819],[-116.92596228877224,33.976307210314189],[-116.92590824113056,33.97631713899635],[-116.92585419347505,33.976327067652889],[-116.92580014580582,33.976336996284225],[-116.92569204936204,33.976356853666339],[-116.92557185689853,33.976332351631896],[-116.92539761680328,33.976317777915646],[-116.92523547359922,33.976347563094357],[-116.92511528022949,33.976323060781247],[-116.92500718469458,33.976342917328751],[-116.92489908910476,33.976362773775008],[-116.9248450412892,33.976372701959932],[-116.92483294444324,33.97632834188979],[-116.92477889664303,33.976338270044415],[-116.92472484882921,33.976348198173724],[-116.92461675209621,33.976368054551436],[-116.92456270424104,33.976377982604717],[-116.92450865637208,33.976387910632475],[-116.92445460848936,33.976397838634909],[-116.92435860926592,33.976462054679743],[-116.92431665764229,33.97651634185528],[-116.92427470596037,33.976570629011668],[-116.92422065792127,33.976580556902825],[-116.92412465697825,33.976644772060865],[-116.92408270509361,33.976699059138909],[-116.92402865694105,33.976708986938718],[-116.92377051203549,33.976802984841591],[-116.92335022031574,33.976926764870178],[-116.9232542192939,33.976990979082814],[-116.9232122666172,33.977045265821552],[-116.92297831013288,33.977227981623734],[-116.92293635713663,33.977282268246064],[-116.92289440408193,33.977336554849344],[-116.92240229650501,33.97761326382372],[-116.92234824750507,33.9776231908276],[-116.92184970970385,33.977668173482911],[-116.92174161147354,33.97768802694776],[-116.92125516769195,33.97777736648019],[-116.92114706809507,33.977797219582619],[-116.92103896950694,33.977817072388241],[-116.92087682152176,33.977846851406554],[-116.92028227678588,33.977956039383471],[-116.92012012822291,33.977985817336837],[-116.91992811703146,33.978114240342933],[-116.9194239004179,33.978346577661668],[-116.91936985053076,33.978356503265715],[-116.91938194434604,33.978400862918534],[-116.91933998821573,33.978455148156705],[-116.91928593824274,33.978465073720258],[-116.91911811190191,33.978682214597384],[-116.91906406174331,33.978692140054548],[-116.91902210523507,33.978746425157333],[-116.91898014890658,33.978800711114289],[-116.9189381922816,33.978854996179031],[-116.91895028592866,33.978899355848775],[-116.91890832922984,33.978953640895924],[-116.91856625562701,33.979156197146942],[-116.91852429852284,33.979210482037267],[-116.91833228275283,33.979338902001089],[-116.91834437636828,33.979383262579908],[-116.91830241898751,33.979437547374005],[-116.9183145123633,33.979481907077066],[-116.91823059633141,33.979590476806521],[-116.9182426896901,33.979634836508382],[-116.91825478306254,33.979679196206732],[-116.91812891008,33.979842050373151],[-116.91814100365787,33.979886410944722],[-116.91816519037884,33.979975130330317],[-116.91817728375997,33.980019490017419],[-116.91799735873245,33.980192268969354],[-116.9179134414947,33.980300838370567],[-116.91782952532549,33.980409408373667],[-116.91763750545988,33.980537826989043],[-116.91759554696596,33.98059211144718],[-116.91732528738444,33.980641735000674],[-116.91721718388119,33.980661584166377],[-116.91679686096845,33.980785339798643],[-116.916742809057,33.980795264145726],[-116.91621438052833,33.980938866257425],[-116.91605222421103,33.980968638401208],[-116.91557784552244,33.98110231355566],[-116.91542778061894,33.981176444710506],[-116.91531967482757,33.981196292286668],[-116.91526562244334,33.981206215939117],[-116.91521157004532,33.981216139566058],[-116.91515751763346,33.981226063167611],[-116.91514542578282,33.981181703233617],[-116.91513333394585,33.9811373432956],[-116.91512124212278,33.981092983353896],[-116.9150849667359,33.980959903506054],[-116.91507287496772,33.980915543549237],[-116.91511483515353,33.980861259154423],[-116.91514470373366,33.980762615655891],[-116.91513261196212,33.980718255694278],[-116.91512052020437,33.980673895728728],[-116.91510842846046,33.980629535759498],[-116.91509633673016,33.980585175786338],[-116.91508424501373,33.980540815809675],[-116.91501810138018,33.980506379374681],[-116.91496404943565,33.980516302895104],[-116.91489790587597,33.980481866390285],[-116.91488581405041,33.980437505513734],[-116.91481967059204,33.980403068960925],[-116.91480757906123,33.980358708944991],[-116.91484953937002,33.980304425480881],[-116.91483744783754,33.980260065462488],[-116.91482535631863,33.980215705440294],[-116.91481326481362,33.980171345414227],[-116.91480117332219,33.980126985384409],[-116.9147769903809,33.980038265313624],[-116.91476489869278,33.979993904399343],[-116.91480685883505,33.979939620925528],[-116.91479476738337,33.979895260882024],[-116.91472862442501,33.979860824253436],[-116.91467457289116,33.979870747646785],[-116.91460843000675,33.9798363109484],[-116.91450032692846,33.979856157598249],[-116.91448823566395,33.979811797517932],[-116.9144761444133,33.979767437433757],[-116.91391144584054,33.979777948974146],[-116.91389935492306,33.979733588827841],[-116.91388726378139,33.97968922780467],[-116.91367674498322,33.979541556233848],[-116.91362269353664,33.97955147914017],[-116.91356864207634,33.979561402021233],[-116.91346053911442,33.979581247707237],[-116.91340648761293,33.979591170512293],[-116.91333465627966,33.979744096682616],[-116.91327491441932,33.979941384050321],[-116.91328700501383,33.979985744249937],[-116.91325713438165,33.980084387367029],[-116.9132692249882,33.980128747560457],[-116.9132272636739,33.980183030463934],[-116.91323935427869,33.980227390654839],[-116.91319739289064,33.980281673540674],[-116.91320948373178,33.98032603460242],[-116.91322157434863,33.980370394787101],[-116.91323366497932,33.980414754968045],[-116.91324575562362,33.980459115145344],[-116.91326993695372,33.980547835488295],[-116.91328202763938,33.980592195654147],[-116.91327633841581,33.980779559882315],[-116.91322228606033,33.980789482586125],[-116.91316254394107,33.980986768564549],[-116.91317463463372,33.981031128716751],[-116.9131988160602,33.981119849009986],[-116.91321090679402,33.981164209150961],[-116.91324717931616,33.981297290424152],[-116.91325927010506,33.981341650550135],[-116.9133076333982,33.981519091015969],[-116.91333181512728,33.981607811226176],[-116.9133801789885,33.981785252474538],[-116.91339226992865,33.981829612559046],[-116.9134285428318,33.981962692789509],[-116.91344063382694,33.982007052858762],[-116.91345272483596,33.982051412924271],[-116.91341076285296,33.982105696634513],[-116.91342285386025,33.98215005669757],[-116.91343494488126,33.982194416756663],[-116.91344703591606,33.982238776812409],[-116.91345912696453,33.982283136864069],[-116.91351958241346,33.982504937066302],[-116.91353167378251,33.982549297968639],[-116.9135679472582,33.98268237803353],[-116.91363409209683,33.982716815201059],[-116.91377847326433,33.982830049406125],[-116.91379056459311,33.982874409389915],[-116.91380265593548,33.982918769369824],[-116.91381474752976,33.982963130219225],[-116.91382683889971,33.983007490191703],[-116.91389298412848,33.983041927197242],[-116.91395912941553,33.983076364163502],[-116.91397122088514,33.983120724114514],[-116.91411560328987,33.983233957840781],[-116.91412769487299,33.983278317766484],[-116.91413978646986,33.983322677688491],[-116.91416396994282,33.983411398394182],[-116.9141760615809,33.983455758304792],[-116.91426639074736,33.983578914883381],[-116.91429057420578,33.983667634660641],[-116.91430266595567,33.983711994543505],[-116.91431475771928,33.983756354422695],[-116.91436312514915,33.983933794774643],[-116.91437521698164,33.983978154634961],[-116.91439940068764,33.984066874344116],[-116.91446554706765,33.98410131097625],[-116.91460993330752,33.984214544622638],[-116.91464620939767,33.984347624067432],[-116.91465830145526,33.98439198387468],[-116.91470666982308,33.98456942306634],[-116.91471876194943,33.984613782854915],[-116.91475503864896,33.984746863070981],[-116.91476713083036,33.984791222844265],[-116.91477922302541,33.984835582614039],[-116.91479131523438,33.984879942379855],[-116.91481549969342,33.984968661900346],[-116.91482190611055,33.985200384903365],[-116.914858183021,33.985333464114369],[-116.91487027535202,33.985377823843933],[-116.91490655266558,33.985510903882947],[-116.91491864505151,33.985555263597469],[-116.91494282986478,33.985643983014974],[-116.91495492229211,33.985688342718063],[-116.91496701473322,33.985732702417515],[-116.91504525527448,33.98581149833894],[-116.91505734778602,33.985855858021765],[-116.91508153308841,33.985944578249615],[-116.91509362564111,33.985988937921327],[-116.91510571820773,33.986033297589309],[-116.915117810788,33.986077657253297],[-116.91512990338205,33.986122016913676],[-116.91504597577186,33.986230583416408],[-116.91505806834877,33.986274943075649],[-116.91494995645985,33.986294789982338],[-116.91493786394133,33.986250430312957],[-116.91487171552997,33.986215994044883],[-116.91475151127199,33.986191481087005],[-116.9146853629929,33.986157044709948],[-116.91463130708962,33.986166968003488],[-116.91461921477215,33.986122608293634],[-116.91404237797929,33.986088759801177],[-116.91396413817311,33.98600996322994],[-116.91384393345393,33.985985449518914],[-116.91351959789911,33.986044986556422],[-116.91346554192523,33.986054909307093],[-116.91347763357594,33.986099269141356],[-116.91343566919427,33.986153551707268],[-116.91340579556162,33.98625219515587],[-116.91341788720896,33.986296554985159],[-116.91342997887,33.986340914810675],[-116.91334604972184,33.986449479855821],[-116.9133040850602,33.986503762349848],[-116.91315400760169,33.986577890047911],[-116.91311204273718,33.986632172463523],[-116.91308216933797,33.986730814700103],[-116.91309426111349,33.986775175409228],[-116.91304020457929,33.986785097952271],[-116.9130522961012,33.986829457789668],[-116.91306438763695,33.986873817623248],[-116.9131845924163,33.986898332311114],[-116.91325074066152,33.986932769512748],[-116.91338303732707,33.98700164379833],[-116.91350324240369,33.987026158151401],[-116.91355729904605,33.987016235395309],[-116.91361135567462,33.987006312613893],[-116.91362344755582,33.987050672379048],[-116.913677505264,33.98704074937163],[-116.91368959718811,33.987085109127868],[-116.91371378131565,33.987173829502623],[-116.91376783803355,33.987163906649961],[-116.91383398676153,33.987198343506982],[-116.91388804348114,33.987188420598685],[-116.91391222762856,33.987277140046942],[-116.91392431972281,33.987321499765329],[-116.91394850395272,33.987410219190991],[-116.91396059608824,33.987454578898195],[-116.91397268823749,33.987498938601505],[-116.91398478063869,33.987543299174376],[-116.91376286287608,33.987770352723857],[-116.91372089779372,33.98782463527774],[-116.91366684061182,33.987834558100012],[-116.91361278341613,33.987844480896932],[-116.9135708181895,33.987898763391243],[-116.91346270367093,33.987918608868569],[-116.91319241606979,33.987968222313192],[-116.91315045048383,33.98802250464675],[-116.91310848483958,33.988076786961209],[-116.91312057683865,33.988121147591535],[-116.91313266861353,33.988165507345144],[-116.91321090974222,33.988244304261841],[-116.91334320859761,33.988313178477924],[-116.91335530052889,33.988357538197249],[-116.91336739247382,33.988401897912972],[-116.91343354207515,33.988436334944275],[-116.91348760076798,33.988426412043125],[-116.91374010786801,33.988519800861127],[-116.91375220005712,33.988564160527353],[-116.91380625773392,33.988554237674464],[-116.91386031539696,33.988544314796023],[-116.91391437304625,33.988534391892543],[-116.91396843068178,33.988524468963469],[-116.9140345806524,33.988558905646265],[-116.91408863935366,33.988548982466035],[-116.91414269697718,33.988539059455974],[-116.91419675458685,33.988529136420347],[-116.91420884703719,33.988573496038413],[-116.91427499715547,33.988607932581758],[-116.9143290547962,33.988598009485308],[-116.91434114733237,33.988642369085667],[-116.91435323988229,33.988686728682225],[-116.91436533244598,33.988731088275017],[-116.91444357562575,33.988809885175364],[-116.91452181872543,33.988888681141852],[-116.91453391141638,33.988933040705547],[-116.91454600412108,33.988977400265689],[-116.91455809683956,33.989021759821938],[-116.91458228231767,33.989110478923244],[-116.91459437507734,33.989154838468124],[-116.91460646785086,33.989199198009452],[-116.91463065367714,33.989287917953746],[-116.91464274649186,33.98933227748369],[-116.91452894316758,33.98953948525125],[-116.9145410359635,33.989583844777478],[-116.91434898702819,33.989712256634327],[-116.91430702154688,33.989766540139591],[-116.9142529630934,33.989776463210958],[-116.91409078765057,33.98980623227294],[-116.9140367291421,33.989816155242835],[-116.91387455353414,33.989845924000541],[-116.91382049390653,33.989855847064405],[-116.91383258634853,33.989900206646766],[-116.91377852774204,33.98991012949498],[-116.91379702371198,33.990186209794459],[-116.91380911619174,33.990230569360705],[-116.91385748648682,33.990408008461188],[-116.91381552005089,33.9904622908672],[-116.91379773860574,33.990605292350416],[-116.913809831151,33.990649651892994],[-116.91383401628281,33.990738370966668],[-116.91384610910727,33.990782731371183],[-116.91385820170754,33.990827090898605],[-116.91387029432157,33.990871450422134],[-116.91388238694934,33.990915809942116],[-116.91382832764519,33.99092573280091],[-116.91384042025756,33.99097009232208],[-116.91379845350728,33.991024374683036],[-116.91375648669863,33.991078657024957],[-116.91378067190264,33.991167376061426],[-116.91372661241118,33.991177298869346],[-116.91372092348355,33.991364660593533],[-116.91373301610292,33.991409020101251],[-116.91361920626643,33.991616226622718],[-116.91363129886689,33.991660586126763],[-116.91365548434703,33.991749305997018],[-116.91366757698877,33.991793665489674],[-116.91359573492726,33.99194658944522],[-116.91360782756561,33.9919909489332],[-116.91364410556311,33.992124027374373],[-116.91365619849454,33.992168387720376],[-116.91366829120162,33.992212747189569],[-116.9136803839225,33.99225710665484],[-116.9136924766572,33.99230146611638],[-116.91374084773322,33.992478903924926],[-116.91378921926754,33.992656342546518],[-116.91378353014437,33.992843703048074],[-116.91379562302873,33.992888062465745],[-116.9137778409939,33.993031063504858],[-116.91372378021011,33.993040986287909],[-116.91374796622367,33.993129705983009],[-116.91370599824683,33.993183988161348],[-116.91353812469072,33.993401116880158],[-116.91340012693735,33.993519603654455],[-116.91335815850854,33.99357388567973],[-116.91329840717654,33.993771169390271],[-116.91324434581861,33.993781091940257],[-116.91311843854497,33.993943937931149],[-116.91304659366357,33.994096862001079],[-116.91299253204774,33.994106784429576],[-116.91300462467794,33.994151143858431],[-116.91295056301915,33.99416106626667],[-116.91296265563385,33.994205425696933],[-116.9128246555827,33.994323911664303],[-116.91283674815098,33.994368271098686],[-116.9126930549173,33.994674117971826],[-116.91266317790733,33.994772759090857],[-116.91267527045338,33.994817118516707],[-116.91268736301323,33.994861477938819],[-116.91263330082153,33.994871400189886],[-116.9125792386162,33.994881322415431],[-116.91251308392478,33.994846885178461],[-116.91245902172106,33.994856807348327],[-116.91240495950362,33.994866729492919],[-116.91235089620818,33.994876651807353],[-116.91229683396324,33.994886573901184],[-116.91220080172889,33.99495077748054],[-116.91221289403961,33.994995136944553],[-116.91215883169488,33.995005058972524],[-116.91211686160251,33.995059340445465],[-116.91207489145162,33.99511362189957],[-116.91197885875492,33.995177825276436],[-116.91199095121259,33.995222185624009],[-116.91193688761793,33.995232107740726],[-116.91174482154736,33.995360514161426],[-116.91170285097539,33.995414795459773],[-116.91164878827489,33.995424717244312],[-116.91161890965618,33.995523357999929],[-116.91156484686968,33.995533279743839],[-116.91157693890892,33.995577639241574],[-116.91152287607945,33.995587560965213],[-116.91149299617481,33.995686201863094],[-116.91145102525222,33.995740483047925],[-116.91135499150791,33.995804686729485],[-116.91131302042548,33.995858967856009],[-116.91132511237196,33.995903327361567],[-116.91127104928462,33.995913248963724],[-116.91128314121562,33.995957608470569],[-116.9112290780854,33.995967530052276],[-116.91118710682764,33.996021811122006],[-116.91114513551143,33.996076092172864],[-116.91115722739615,33.996120451683659],[-116.91116931929446,33.996164811190667],[-116.91119350313252,33.996253530193712],[-116.9111394397856,33.996263451729746],[-116.91110955937495,33.996362093317401],[-116.91106758782169,33.996416374316588],[-116.91098364453975,33.996524936257892],[-116.91088760920643,33.996589138614866],[-116.91073751003977,33.996663262230292],[-116.91053334576405,33.996747307086736],[-116.91047928199082,33.99675722830851],[-116.91043730978608,33.996811509052144],[-116.91044940138211,33.996855868595347],[-116.91034127364999,33.996875710932585],[-116.91035336543925,33.996920071355476],[-116.91029930152342,33.996929992491147],[-116.91025732910039,33.996984273157452],[-116.91020326512775,33.996994194247399],[-116.91017338301478,33.997092834628603],[-116.91016768487962,33.997280193895769],[-116.9101797763949,33.997324553440762],[-116.9103362725253,33.997482150045485],[-116.91040242849108,33.997516588410612],[-116.91042661187575,33.997605307421289],[-116.91043870358875,33.997649666920871],[-116.91070332879005,33.997787420755238],[-116.91076948517687,33.997821858897296],[-116.91096795468813,33.997925173087587],[-116.91103411237303,33.997959610877231],[-116.91111236120862,33.998038408230158],[-116.91117851798909,33.998072846127585],[-116.91138908126149,33.998220519825615],[-116.91154558033185,33.998378113939097],[-116.91159964509332,33.998368192240001],[-116.91161173759197,33.998412551574184],[-116.91166580236877,33.998402629844648],[-116.91167789491043,33.998446989169999],[-116.91187636851878,33.998550302399593],[-116.91202077645202,33.998663536514904],[-116.91208693416408,33.9986979738663],[-116.91233947261173,33.998791363644955],[-116.9124056318753,33.99882580148644],[-116.91253794797326,33.998894675695787],[-116.91260410610991,33.998929112741465],[-116.91284455262399,33.998978142195476],[-116.9128986176362,33.998968219897485],[-116.91313906552034,33.99901724854233],[-116.9131931305221,33.999007326107247],[-116.91324719551019,33.998997403647195],[-116.91331335404719,33.999031840283251],[-116.91342148401294,33.999011995225906],[-116.91359577364514,33.999026586346851],[-116.91371599756447,33.999051100977404],[-116.91395644515401,33.999100128115323],[-116.91402260409143,33.999134564341915],[-116.91403469808728,33.999178923379986],[-116.91420898820748,33.999193513574944],[-116.9143832773285,33.999208103702728],[-116.91454547221463,33.9991783345871],[-116.91519425158474,33.999059255646408],[-116.91530238217388,33.99903940863846],[-116.91535644691581,33.999029485194299],[-116.91541051164384,33.999019561724502],[-116.91546457635815,33.999009638229523],[-116.91553073588487,33.999044073598448],[-116.91559689547,33.999078508928193],[-116.91566305511354,33.999112944218687],[-116.91571711986049,33.999103020606746],[-116.91572921505367,33.999147380342968],[-116.91581956485149,33.999270533251583],[-116.91583165989083,33.999314892094318],[-116.91593410623244,33.999482403524112],[-116.9160785220226,33.999595633319473],[-116.91609061725967,33.999639992117032],[-116.91610271251064,33.999684350910442],[-116.91611480777517,33.999728709700392],[-116.91615109365161,33.999861786047582],[-116.91610912372425,33.999916068632182],[-116.91614540991615,34.000049145822587],[-116.91615750526169,34.000093504587412],[-116.91618169599403,34.00018222210597],[-116.91619379138079,34.000226580859412],[-116.91621798219555,34.000315298355439],[-116.9162002031477,34.000458299289875],[-116.91621229858784,34.000502658025837],[-116.91619451818455,34.00064565824745],[-116.91620661365043,34.000690016973742],[-116.91621870913018,34.000734375695934],[-116.91617673878012,34.000788658245021],[-116.91613476837176,34.000842940775264],[-116.91614686407246,34.000887300369719],[-116.9161589595488,34.000931659087108],[-116.91611698905102,34.000985941601009],[-116.91612908452565,34.001030300315975],[-116.91611130491356,34.001173300233603],[-116.91612340041404,34.001217658938806],[-116.91608142973757,34.001271941419994],[-116.91603945900268,34.001326223882394],[-116.91605155472406,34.001370583459575],[-116.91599748844737,34.00138050719881],[-116.91600958391525,34.00142486590417],[-116.91596761304793,34.001479148329757],[-116.91597970851413,34.001523507032644],[-116.91593773757292,34.001577789440844],[-116.91584169903126,34.00164199568848],[-116.91581182333449,34.001740636746646],[-116.91575775677074,34.001750560369395],[-116.91571578555273,34.001804842681302],[-116.9157278809262,34.001849201392119],[-116.91567381427636,34.001859124974381],[-116.91557777647316,34.001923331658283],[-116.91558987178647,34.001967690376802],[-116.91548173827368,34.001987537384061],[-116.91528966033587,34.002115948776364],[-116.91524768859531,34.002170230893618],[-116.91515164981988,34.002234436325523],[-116.91516374493905,34.002278795071],[-116.91510967791959,34.00228871838447],[-116.91512177302326,34.002333077131397],[-116.91506770596069,34.002343000424638],[-116.91502573394348,34.00239728244572],[-116.9149296938794,34.002461488743833],[-116.9148877217023,34.002515770706701],[-116.91489981671485,34.002560129463937],[-116.91468354763965,34.002599822058549],[-116.91464157521671,34.0026541039229],[-116.91397498009783,34.002916178692914],[-116.91392091248497,34.002926101443457],[-116.91381277721821,34.002945946868486],[-116.91332616677198,34.003035250220883],[-116.91327209899397,34.003045172667129],[-116.91310989557772,34.003074939853448],[-116.91286943519835,34.003025911400805],[-116.91285734126863,34.002981552457761],[-116.91279117958149,34.002947115733797],[-116.91249665307963,34.002908008502267],[-116.91244258528441,34.002917930562916],[-116.91243049137623,34.002873570695989],[-116.91237642359646,34.002883492726021],[-116.91232235473856,34.002893414926206],[-116.91202782867462,34.002854306499707],[-116.91190759965976,34.002829791108582],[-116.9118535318437,34.002839712895288],[-116.91179946401409,34.002849634656535],[-116.91174539510625,34.002859556587659],[-116.91169132724903,34.00286947829828],[-116.91162516617209,34.002835040903555],[-116.91146296256414,34.002864805791646],[-116.91134273371063,34.002840289814436],[-116.91112646098328,34.002879975948858],[-116.91096425709161,34.002909740136843],[-116.91095216426375,34.002865380988474],[-116.91099413936905,34.002811100475689],[-116.91104820727453,34.002801179089872],[-116.91107808916608,34.002702538520076],[-116.91112006409602,34.002648257950433],[-116.9111499471405,34.002549618020971],[-116.91113785426293,34.002505258871494],[-116.91116773616572,34.002406619114979],[-116.91115564330028,34.002362259959291],[-116.91111936454826,34.002229181596661],[-116.91112506075817,34.002041823460367],[-116.91111296797355,34.00199746427959],[-116.91113075694061,34.001854465279088],[-116.91111866418184,34.001810106088442],[-116.91110657119877,34.001765746020936],[-116.9110944784674,34.001721386823014],[-116.91108238574992,34.001677027621191],[-116.91110017470001,34.001534028566972],[-116.91108808200826,34.001489669355195],[-116.91105180401564,34.001356591697217],[-116.91103971114094,34.001312231597225],[-116.91102761851803,34.001267872366604],[-116.91101552590888,34.001223513132302],[-116.91100343331343,34.001179153894157],[-116.91096715560984,34.001046076157152],[-116.91084053381253,34.000789841048451],[-116.91082844138397,34.000745481767517],[-116.91081634896919,34.000701122483079],[-116.91079216418078,34.000612403902451],[-116.91078007180718,34.000568044606815],[-116.91076797944741,34.000523685307101],[-116.91075588710132,34.000479326003862],[-116.91074379453113,34.000434965823381],[-116.91070751761686,34.000301887879409],[-116.9106954253396,34.000257528557327],[-116.91065914859047,34.000124450568038],[-116.91064705636818,34.000080091230878],[-116.91068902994836,34.000025809763592],[-116.9107068192432,33.999882810470169],[-116.91069472703134,33.999838451124248],[-116.91068263483325,33.999794091774582],[-116.91067054264897,33.999749732421222],[-116.91065845047831,33.999705373064131],[-116.9106463583215,33.999661013703296],[-116.91062217381121,33.999572294096971],[-116.91055601600415,33.999537855947295],[-116.91050195029892,33.999547777144564],[-116.91043579256588,33.999513338925077],[-116.91031556920314,33.99948882177744],[-116.91026150243709,33.999498743058417],[-116.91003314771018,33.999494067712753],[-116.90996699022962,33.99945962922326],[-116.90963050305341,33.999474795100383],[-116.90957643727424,33.999484715866323],[-116.90951028000336,33.999450277115493],[-116.90940214843454,33.999470118510558],[-116.90918588406747,33.999509801191678],[-116.90917379277866,33.99946544166599],[-116.90911972694784,33.999475362218824],[-116.90905356988662,33.999440923206926],[-116.9089995040575,33.999450843703933],[-116.90887928100477,33.999426324190381],[-116.90886718990336,33.999381964627943],[-116.90885509881582,33.999337605061939],[-116.90884300774194,33.999293245492026],[-116.90883091668186,33.999248885918341],[-116.90881882563559,33.999204526340996],[-116.90880673460306,33.999160166759737],[-116.90878255257924,33.999071447586154],[-116.90877046158789,33.999027087993674],[-116.9087462794086,33.998938367924268],[-116.90873418845861,33.998894008320676],[-116.90872209752233,33.998849648713083],[-116.90871000659985,33.998805289101782],[-116.90869791569118,33.998760929486764],[-116.90868582479622,33.998716569867952],[-116.9086737339149,33.998672210245481],[-116.90862537028968,33.998494770844431],[-116.90861327947724,33.998450411203088],[-116.90865525383389,33.998396131233633],[-116.90863107221936,33.998307411942349],[-116.90861898143278,33.998263052291037],[-116.90860689065995,33.998218692635852],[-116.90857061818583,33.998085612774922],[-116.90855852746797,33.998041253104809],[-116.90854643676396,33.997996893430972],[-116.90844400930952,33.997829374956083],[-116.90837785394336,33.997794935486056],[-116.90835367283096,33.99770621606897],[-116.90834158205735,33.997661855481738],[-116.9083294915356,33.997617495763834],[-116.90831740102745,33.997573136042021],[-116.90829322005256,33.997484416587461],[-116.90828112958572,33.997440056854487],[-116.90824485826785,33.997306977632952],[-116.90823276761803,33.997262617011771],[-116.90819649646532,33.997129537745195],[-116.90818440610859,33.997085177982164],[-116.90809407090219,33.996962018776181],[-116.90803361943919,33.996740218949327],[-116.90800943904547,33.996651499341567],[-116.90799734886922,33.996607139532095],[-116.90794898830188,33.996429700256243],[-116.90793689795652,33.996385339554607],[-116.90791271778284,33.996296619886671],[-116.90796678156333,33.996286699857208],[-116.90802654855007,33.996089420401724],[-116.90801445845128,33.996045060562309],[-116.90804434182954,33.995946420802028],[-116.90809840535039,33.995936500706556],[-116.90808631499645,33.995892139992854],[-116.90807422489416,33.995847780148516],[-116.90822432608707,33.995773659712427],[-116.90840430872069,33.995600899373621],[-116.90845837195616,33.995590979105721],[-116.90851243517797,33.995581058812625],[-116.9086504440062,33.995462578172955],[-116.90868032742105,33.995363937980223],[-116.90866823682474,33.995319577294943],[-116.90865614648027,33.995275217478998],[-116.90864405614957,33.99523085765933],[-116.90868602875177,33.995176577456625],[-116.90875788341764,33.995023657174983],[-116.90874579306804,33.99497929735179],[-116.90873370273219,33.994934937524853],[-116.90872161241009,33.994890577694129],[-116.90877567511275,33.994880657269206],[-116.90876358453724,33.994836296566696],[-116.90879346650452,33.994737656461595],[-116.9088354387374,33.994683376170634],[-116.90885323021251,33.994540376191125],[-116.90884113988368,33.994496016350666],[-116.90882904956847,33.994451656506492],[-116.90887102138454,33.994397375309802],[-116.90884684076457,33.994308655612507],[-116.90883475047524,33.994264295758391],[-116.90882266019962,33.994219935900368],[-116.90882836240705,33.994032575775428],[-116.90891230576855,33.993924014178681],[-116.90890021550152,33.993879654309602],[-116.90888812524842,33.993835294436849],[-116.90891800667458,33.993736654174171],[-116.90890591643355,33.993692294294959],[-116.90889382620605,33.993647934412245],[-116.90893579778239,33.993593654009779],[-116.90892370755338,33.993549294124534],[-116.90896567905584,33.993495013704447],[-116.90895358858697,33.993450652943437],[-116.90894149836993,33.99340629305204],[-116.90898346978314,33.993352012615624],[-116.90897137956438,33.993307652721704],[-116.90901335090355,33.993253372267674],[-116.90897708028346,33.993120292567205],[-116.90896499010431,33.993075932659437],[-116.90894080954916,33.992987211959608],[-116.90892871941124,33.992942852040677],[-116.90891662928703,33.992898492117952],[-116.90889244908004,33.992809772261225],[-116.90888035899712,33.992765412327287],[-116.90886826892802,33.992721052389527],[-116.90881990855101,33.992543611727584],[-116.90877154863205,33.992366171878579],[-116.9087473687551,33.992277451931521],[-116.90873527883731,33.992233091952372],[-116.90872318893324,33.992188731969229],[-116.9087110990429,33.992144371982626],[-116.9086869190655,33.992055651124723],[-116.90867482921651,33.99201129112668],[-116.90866273938113,33.991966931124921],[-116.90863855975181,33.991878211110084],[-116.90862646995775,33.991833851096949],[-116.9086143801775,33.991789491080176],[-116.90857811068122,33.991656410133714],[-116.90856602095592,33.991612050101836],[-116.90852975186259,33.991478969983632],[-116.90851766219234,33.991434609936583],[-116.90850557253587,33.991390249885789],[-116.90844512422174,33.991168448702538],[-116.90840885554105,33.991035368471181],[-116.90839676600839,33.990991008386651],[-116.90837258698421,33.990902288206051],[-116.90836049749285,33.990857928110202],[-116.90832422886309,33.990724846926675],[-116.9083661992626,33.990670566528806],[-116.90832993094816,33.990537486188501],[-116.90831784153761,33.990493126067626],[-116.90830575214079,33.99044876594273],[-116.90829366275761,33.990404405814367],[-116.90831145401214,33.990261404266526],[-116.90833494853236,33.989931042484997],[-116.90832285897483,33.989886681457072],[-116.90828659109903,33.98975360097058],[-116.90827450183463,33.989709240800813],[-116.90837623274169,33.989457679051178],[-116.9083641432341,33.989413318000828],[-116.90832787550795,33.989280237447034],[-116.90835775589748,33.989181596757348],[-116.90834566668119,33.989137236562662],[-116.90833357747879,33.98909287636431],[-116.90827313143461,33.988871074442805],[-116.90826104231463,33.988826714221879],[-116.90822477503714,33.988693633536272],[-116.9082126859723,33.988649273300375],[-116.9080981823075,33.988437391405725],[-116.90808609335431,33.988393031142131],[-116.90799576837203,33.988269870497966],[-116.90798367950298,33.98822551021415],[-116.90786917708265,33.988013627978773],[-116.9078570883254,33.987969267667218],[-116.90780303029719,33.987979187750561],[-116.90772479489893,33.987900387153765],[-116.90771270624127,33.987856026820907],[-116.90744811895904,33.987718264609235],[-116.90743603048713,33.987673904237099],[-116.90735779576589,33.987595103361784],[-116.90734570736429,33.987550742973141],[-116.90725538452683,33.987427581619514],[-116.90719494284002,33.987205778665043],[-116.90718285459154,33.987161418237513],[-116.90709253246213,33.987038256695939],[-116.90702638684697,33.987003815981332],[-116.90699012228626,33.986870733727081],[-116.90697803420622,33.986826373259369],[-116.90688771278838,33.986703211505336],[-116.90678530373036,33.986535689157279],[-116.90676112768288,33.986446967263959],[-116.9066949816515,33.9864125265293],[-116.90668289381028,33.986368166004752],[-116.90667080598286,33.986323805476452],[-116.9066046611599,33.986289364489657],[-116.90659257338919,33.986245003948717],[-116.90658048563232,33.986200643404104],[-116.90656839788909,33.986156282855667],[-116.90655630992173,33.986111921430137],[-116.90650225301547,33.986121840929741],[-116.90649016532905,33.986077480368593],[-116.90647807765626,33.986033119803778],[-116.90646598999723,33.985988759235184],[-116.90645390235204,33.985944398662866],[-116.90627326326212,33.985698073097566],[-116.90617085684387,33.9855305499918],[-116.90610471291461,33.9854961086846],[-116.90609262555114,33.985451748046579],[-116.90608053820155,33.98540738740499],[-116.90600230712361,33.98532858538654],[-116.90599021960657,33.985284223855203],[-116.90592407596591,33.985249782434039],[-116.90549095319392,33.9849100502216],[-116.90547886627054,33.984865689486554],[-116.90545469246491,33.984776968004937],[-116.90526835048544,33.984718003408574],[-116.90525626371833,33.984673642639429],[-116.90512397711537,33.984604759061106],[-116.90506992107161,33.98461467791126],[-116.90484732000506,33.984422629343172],[-116.90479326405242,33.984432548066522],[-116.90452869484402,33.984294779262264],[-116.90445046538613,33.98421597627889],[-116.90434806459152,33.984048450371759],[-116.90433597845174,33.984004089468563],[-116.90425775054423,33.983925286130834],[-116.90423357841934,33.983836564288083],[-116.90422149237735,33.983792203361055],[-116.90407712306748,33.983678956506395],[-116.90401098163315,33.983644513922187],[-116.90385452735434,33.983486906674464],[-116.90367390216642,33.983240576283684],[-116.90366181653528,33.983196215264428],[-116.90364973091781,33.983151854241633],[-116.90363764531415,33.983107493214931],[-116.90361347414813,33.983018771150313],[-116.90360138834781,33.982974409239162],[-116.90363127229935,33.982875768976854],[-116.90361918674903,33.982831407932693],[-116.90360710121242,33.982787046884717],[-116.90323377071498,33.982250024483875],[-116.90322168548769,33.982205663362812],[-116.9031434602721,33.982126858218415],[-116.90302326600379,33.982102332959201],[-116.90295712637185,33.982067889703735],[-116.90284901723626,33.982087725419738],[-116.9025424886221,33.982004230862316],[-116.90247634928579,33.981969787328161],[-116.90218190717763,33.981930652825206],[-116.90212785154914,33.981940570531037],[-116.90159302148192,33.981852381085041],[-116.90153896689695,33.981862298321609],[-116.90152688269362,33.981817937001757],[-116.90146074396388,33.981783492879273],[-116.90139460529252,33.981749048717496],[-116.90129221453884,33.981581520454711],[-116.90128013028161,33.981537158219936],[-116.90126804627599,33.981492796854596],[-116.90116565613073,33.981325268425245],[-116.901153572223,33.981280907035931],[-116.90102129606234,33.981212018278072],[-116.90094307406672,33.981133211547558],[-116.9009309903153,33.981088850124159],[-116.90078662996127,33.980975599845742],[-116.90072049227264,33.980941155263302],[-116.90065435464253,33.980906710641818],[-116.90050999585345,33.980793458923714],[-116.90049791240099,33.980749097435996],[-116.90037772108786,33.980724569387768],[-116.90017930937775,33.980621234789233],[-116.90016722614027,33.980576873257391],[-116.90004703413237,33.980552345055635],[-116.89991476018473,33.980483454969729],[-116.89986070633505,33.980493371440318],[-116.89984862306068,33.980449008994675],[-116.89979456922647,33.980458925434661],[-116.8996082418432,33.980399951406014],[-116.8995961589648,33.980355589802009],[-116.89936785986414,33.980350893510611],[-116.89919361569451,33.980336280437918],[-116.89918153306175,33.980291918787188],[-116.89895323523653,33.980287221482591],[-116.89883304405686,33.980262692011806],[-116.89838853081596,33.980297657315084],[-116.89828042190838,33.980317489005884],[-116.89817231400976,33.980337320399826],[-116.89810617777924,33.980302873423014],[-116.89805212382478,33.980312789051631],[-116.89793193395323,33.980288258451125],[-116.8978657981082,33.980253812208126],[-116.89774560732209,33.980229281607627],[-116.89762541767563,33.980204750686482],[-116.89757136372808,33.980214666091761],[-116.8975173097668,33.98022458147171],[-116.89745117415896,33.98019013498908],[-116.89739712019939,33.980200050313385],[-116.89715674022729,33.98015098781525],[-116.89710268625747,33.98016090300257],[-116.89691636162171,33.980101924620023],[-116.89685022614547,33.980067476915472],[-116.89644768504222,33.980048157998709],[-116.89638155005636,33.98001371089741],[-116.89632749608309,33.980023625724705],[-116.8962613611712,33.979989178553708],[-116.89624928025998,33.979944816577216],[-116.89623719936255,33.979900454597171],[-116.89617106459485,33.979866007369189],[-116.89610492988571,33.979831560102021],[-116.8959065248067,33.979728217386608],[-116.89589444413782,33.97968385535841],[-116.89570812155542,33.979624874995771],[-116.89564198725509,33.979590427453765],[-116.89546774548255,33.979575808760387],[-116.89540161133016,33.979541361078901],[-116.89538953097734,33.979496998987251],[-116.89533547617197,33.979506913553053],[-116.89528142241691,33.979516827898351],[-116.89526934189848,33.979472464919631],[-116.89516123440563,33.979492293523798],[-116.89502896657139,33.979423397763917],[-116.89501688644893,33.979379035626778],[-116.89475235165331,33.979241243600136],[-116.89469829694426,33.979251157871552],[-116.89448781649064,33.979103450266635],[-116.89443376290751,33.979113364221348],[-116.89431357602238,33.979088829827589],[-116.89425952242721,33.979098743701137],[-116.89420546881823,33.979108657549055],[-116.89419338921282,33.979064295308397],[-116.89413933561941,33.979074209126175],[-116.89407320141494,33.979039760858861],[-116.89385064357643,33.97884769066242],[-116.89378451051779,33.978813241152061],[-116.8937724311975,33.978768878850573],[-116.89380232596838,33.978670240596422],[-116.893862115283,33.978472964027873],[-116.89390408915418,33.97841868802449],[-116.89400011715695,33.978354498070715],[-116.89411395845966,33.978147306654989],[-116.894168011414,33.978137392837382],[-116.89415593198018,33.97809303053775],[-116.8941438525603,33.978048668234358],[-116.89408979966436,33.978058582041818],[-116.89396961451283,33.978034047258141],[-116.89386150868326,33.978053874685166],[-116.89378329626318,33.977975063869344],[-116.89372924337248,33.977984977509479],[-116.8937050848274,33.977896251924243],[-116.89369300569436,33.977851889562878],[-116.89368092657497,33.977807527197427],[-116.89359063659953,33.977684353657985],[-116.89352450487989,33.977649904821156],[-116.89338016270951,33.977536644617892],[-116.89332611007141,33.977546558075225],[-116.89324789952727,33.977467745778299],[-116.8931817681427,33.977433296736145],[-116.89316968937901,33.977388934293863],[-116.89311563575248,33.97739884784999],[-116.89307939963145,33.977265760485089],[-116.8930673209519,33.97722139802277],[-116.89303108475795,33.977088309739273],[-116.89300692752261,33.97699958478028],[-116.89299484892547,33.976955222295203],[-116.89298277034212,33.976910859806381],[-116.89297069177249,33.976866497313615],[-116.89295861321663,33.976822134817155],[-116.89294653467446,33.976777772317121],[-116.89293445614602,33.976733409813029],[-116.89292237739363,33.976689046432142],[-116.89291029889276,33.976644683920533],[-116.89266993376459,33.976595611690811],[-116.8926578554217,33.976551249147647],[-116.89253767304329,33.976526712830406],[-116.89247154277028,33.976492263341321],[-116.89239333438447,33.9764134512345],[-116.89223691678549,33.976255826160425],[-116.8922248387415,33.976211463552779],[-116.89215870887388,33.976177013871379],[-116.89214663088654,33.97613265125122],[-116.89205634527295,33.976009476252131],[-116.89202011136707,33.975876387446611],[-116.89196605970669,33.975886300289979],[-116.89189993022907,33.975851850446382],[-116.89182172306316,33.975773037889056],[-116.89176767144907,33.975782950641182],[-116.8917555937452,33.975738587957999],[-116.89170154214673,33.975748500679742],[-116.89128694718028,33.975684801022773],[-116.89127486976507,33.975640438283854],[-116.89122081817338,33.97565035078248],[-116.89095630249255,33.975512548554754],[-116.8909022498851,33.975522461101299],[-116.89076999254495,33.975453560127811],[-116.89059576092721,33.975438934026236],[-116.89054170938886,33.975448846210313],[-116.89052963243407,33.975404483380288],[-116.89042152937479,33.975424307662365],[-116.89019324526133,33.975419593252852],[-116.89008514209564,33.975439417220365],[-116.89003109049214,33.975449329166182],[-116.88997703887486,33.975459241086462],[-116.88985685902242,33.975434701952693],[-116.8896826263163,33.975420073798723],[-116.88962857467502,33.975429985556843],[-116.8896164982425,33.975385622630228],[-116.88959234541859,33.975296896766416],[-116.88953829385127,33.975306808483779],[-116.88948424227013,33.975316720175947],[-116.88893222975332,33.975790563506358],[-116.88887817775998,33.975800474909512],[-116.88882412575293,33.97581038628725],[-116.88868612051898,33.975928846459865],[-116.88863206839864,33.975938757746334],[-116.88857801626439,33.975948669007551],[-116.88859009219352,33.97599303201028],[-116.88853604001633,33.976002943251288],[-116.88854811592998,33.976047306255275],[-116.88850613960801,33.976101580481206],[-116.88845208734502,33.976111491681507],[-116.88841011115935,33.976165766741438],[-116.88810994736875,33.976313959556983],[-116.88806797059837,33.976368233605712],[-116.88802599376972,33.976422507635355],[-116.88792996429315,33.976486692597803],[-116.88783393359446,33.976550877670519],[-116.88764187385115,33.976679247170892],[-116.88758782107799,33.976689157960507],[-116.88754584374232,33.976743431793871],[-116.88755791944514,33.976787795732541],[-116.88752801749895,33.976886432611302],[-116.88754009297593,33.976930795670299],[-116.88755216846675,33.976975158725843],[-116.88756424397125,33.977019521777564],[-116.8875763194895,33.977063884825441],[-116.8875883950215,33.977108247869552],[-116.8875343419443,33.977118158628564],[-116.8875464174608,33.977162521674117],[-116.88755849299106,33.977206884715706],[-116.88757056877273,33.977251248626906],[-116.88758264433044,33.977295611661084],[-116.88752859112267,33.97730552241498],[-116.8874929367108,33.977591522259097],[-116.88750501227695,33.977635885282076],[-116.88755331491716,33.977813338209558],[-116.88756539055201,33.97785770121358],[-116.88760161753926,33.977990790203272],[-116.8876136932292,33.978035153192373],[-116.88763784488781,33.978123880032527],[-116.88766199636373,33.978212605984169],[-116.88776435341681,33.978380147016992],[-116.88777642925953,33.97842450996702],[-116.88778850511601,33.978468872913254],[-116.88782473300557,33.978601962602632],[-116.88783680891702,33.978646325533774],[-116.88784888484216,33.978690688461178],[-116.88791501600134,33.978725140298593],[-116.88793916797886,33.978813866124526],[-116.88795124398818,33.978858229031808],[-116.88814963524854,33.978961585687145],[-116.88816171140043,33.979005948564122],[-116.88822784190111,33.979040400404024],[-116.88823991810975,33.979084763268361],[-116.88836010307774,33.979109303966247],[-116.8883721793722,33.979153666812849],[-116.88857057170422,33.97925702183484],[-116.88863670366241,33.979291473235257],[-116.88890122806113,33.979429280097492],[-116.88896735924739,33.979463731496537],[-116.88908754502826,33.979488271427371],[-116.88909962179518,33.979532634176607],[-116.88915367634688,33.979522722717512],[-116.88928594022346,33.979591624984607],[-116.88929801711924,33.979635987707361],[-116.8893520717173,33.979626076156798],[-116.8893641488938,33.979670439743927],[-116.88943028048898,33.97970489086795],[-116.88948433511806,33.979694979256593],[-116.88961659851473,33.979763881326015],[-116.88962867562522,33.979808244004495],[-116.88968273030076,33.979798332301648],[-116.88973678496251,33.979788420573634],[-116.88974886214517,33.979832783238336],[-116.88980291682235,33.979822871479733],[-116.89000131381651,33.979926223767151],[-116.89005536852636,33.97991631189182],[-116.89010942322254,33.979906399991272],[-116.890175555347,33.979940850679426],[-116.89022961004486,33.979930938722944],[-116.89029574248116,33.979965390214652],[-116.89030782000916,33.980009752810943],[-116.89036187473793,33.979999840793731],[-116.89048206178373,33.980024379260286],[-116.89053611756464,33.980014466966843],[-116.89060224996925,33.980048917406393],[-116.8906143276845,33.980093279966127],[-116.89035613025861,33.980187203158536],[-116.88986963496542,33.980276410550651],[-116.88970746997511,33.980306145826447],[-116.88954530486112,33.980335880874215],[-116.88943719365231,33.980355704307549],[-116.88938313855937,33.980365615888552],[-116.88932908345269,33.980375527444501],[-116.88821174701556,33.980440665275268],[-116.88804958105165,33.980470398223211],[-116.88794147034032,33.980490220061569],[-116.88788741496398,33.98050013094268],[-116.88783335957406,33.980510041798539],[-116.88777930310623,33.980519952824196],[-116.88776722693747,33.980475589992878],[-116.88774307440329,33.980386863445972],[-116.88773099827573,33.980342500603498],[-116.88770684606173,33.980253774907126],[-116.88769476997538,33.980209412053505],[-116.88767061784384,33.98012068633453],[-116.88765854179869,33.980076323469454],[-116.88755618250914,33.979908781832094],[-116.88754410656193,33.979864418943116],[-116.88742392068691,33.979839877422066],[-116.88741184482555,33.979795514515203],[-116.88733363824042,33.979716699323198],[-116.88726750756132,33.97968224700228],[-116.88713524637834,33.979613342242573],[-116.88700298519143,33.979544436452471],[-116.88699090961511,33.97950007348507],[-116.88697883405274,33.979455710513953],[-116.88691270268758,33.97942125817405],[-116.88684657244485,33.979386805599567],[-116.88679251769425,33.979396715983604],[-116.88672638752546,33.979362263339553],[-116.88649809317361,33.979357541473611],[-116.88648601791347,33.979313178443007],[-116.88629970203053,33.979254182235799],[-116.88623357220028,33.979219729304162],[-116.88611338773124,33.979195186402563],[-116.88598112839387,33.979126280281761],[-116.88596905346364,33.979081917184246],[-116.88591499881285,33.979091827162577],[-116.88590292392554,33.979047464056066],[-116.8854762412939,33.978939379874582],[-116.8854641666798,33.978895016713949],[-116.88539803752319,33.978860563289153],[-116.88504956008262,33.978831294979187],[-116.88487532199251,33.978816660332996],[-116.88453891900853,33.978831753712996],[-116.8845268449442,33.978787390448417],[-116.88446071629288,33.978752936483666],[-116.8843284589279,33.978684027563034],[-116.88427440434438,33.978693936780395],[-116.88425025657304,33.978605210176624],[-116.88415998056797,33.978482029409555],[-116.88414790677334,33.978437666085661],[-116.88401565045694,33.978368757653342],[-116.88394952214868,33.978334302504983],[-116.88388339413659,33.978299848190751],[-116.8838293386987,33.978309757400183],[-116.88381726511886,33.978265394032206],[-116.88375113722353,33.978230939639111],[-116.88369708288069,33.978240848592897],[-116.88313239124255,33.978251210052591],[-116.88312031806811,33.978206846608366],[-116.88300013613956,33.978182300443954],[-116.88293400867576,33.978147845580708],[-116.88292193563014,33.978103482110058],[-116.88285580802996,33.978069026325407],[-116.8825314806935,33.978128477366447],[-116.88251940787993,33.978084113852624],[-116.88250733508004,33.978039750335313],[-116.88248318952149,33.977951023289087],[-116.88247111676283,33.977906659760151],[-116.88245904401789,33.977862296227819],[-116.88244697128668,33.977817932691401],[-116.88243489856923,33.977773569151303],[-116.88242282586549,33.977729205607488],[-116.88241075293774,33.977684841186537],[-116.88240444366862,33.977453115057131],[-116.88239237103176,33.977408751492],[-116.88231417191213,33.977329932669768],[-116.88230209934569,33.977285569088302],[-116.8822480454739,33.97729547737751],[-116.88206173868066,33.977236474004322],[-116.88195363093037,33.977256290334203],[-116.88168336025021,33.977305830909664],[-116.88158732446688,33.977370010539495],[-116.88149128876317,33.977434190957659],[-116.88139525159959,33.977498370612636],[-116.88136534158748,33.977597005810296],[-116.8813112873809,33.977606913658093],[-116.88120317892643,33.977626729277787],[-116.8812152509207,33.977671092954672],[-116.88116119664369,33.977681000731522],[-116.8810530880484,33.977700816209136],[-116.88106515996871,33.977745179897589],[-116.88101110562114,33.977755087603434],[-116.88095705126008,33.977764995283849],[-116.88090299582107,33.977774903134176],[-116.88086101324963,33.977829174468717],[-116.88087308508047,33.97787353816976],[-116.88066893888269,33.977957532193635],[-116.88068101062417,33.978001895907418],[-116.8806390280137,33.978056168019123],[-116.88058497339657,33.978066075522129],[-116.88059704510717,33.978110439238392],[-116.88055506214212,33.978164710438897],[-116.88014676603365,33.978332697128913],[-116.8801588375362,33.978377060875928],[-116.88002081566461,33.978495510137293],[-116.88003288712062,33.978539873888231],[-116.87993684739565,33.978604052243213],[-116.87994891905841,33.978648416869994],[-116.87991900677625,33.978747051549263],[-116.87993107821332,33.97879141529652],[-116.87987702299674,33.97880132245983],[-116.87990116585375,33.978890049953193],[-116.87985918198491,33.978944320847361],[-116.87977521407194,33.979052862578804],[-116.87978728547463,33.979097226323894],[-116.87971538892003,33.97925013259897],[-116.87972746031917,33.979294496339101],[-116.87934329894074,33.979551207403716],[-116.87923518729143,33.97957102113692],[-116.87900689171865,33.979566284697917],[-116.87895283584761,33.979576191419824],[-116.87889877996297,33.979586098116535],[-116.87884472406446,33.97959600478783],[-116.87841227531824,33.97967525744042],[-116.87830416326032,33.979695070301311],[-116.87829209260885,33.979650706435393],[-116.87826795134683,33.979561978692651],[-116.87825588073643,33.979517614815443],[-116.87827372458139,33.97937461590621],[-116.8782616539967,33.979330252019196],[-116.87829156859854,33.979231617841421],[-116.87836346816502,33.979078713319915],[-116.87840545314694,33.979024442977398],[-116.87844743807047,33.978970172615796],[-116.8785314085687,33.978861630767462],[-116.87851933791686,33.978817266878345],[-116.87860330732384,33.978708726024912],[-116.87864529193975,33.978654455569924],[-116.87892134106839,33.978417559996736],[-116.87897539614035,33.978407653274616],[-116.87896332530627,33.978363289406076],[-116.87900530924811,33.978309017923181],[-116.87905936423419,33.978299111160588],[-116.8790472933691,33.978254747294578],[-116.87923937113669,33.978126392308475],[-116.87928135499652,33.978072121582287],[-116.87946136194759,33.977899402140054],[-116.87950334553078,33.977845131317828],[-116.87955740013221,33.977835224316813],[-116.87964136679969,33.97772668170149],[-116.87967127904174,33.977628046965556],[-116.87976731778342,33.977563868750934],[-116.87980930097318,33.977509597794594],[-116.87985128410445,33.977455326819182],[-116.87983921291949,33.977410962988024],[-116.87998930439281,33.977336877602717],[-116.87997723314776,33.97729251377914],[-116.8800312873059,33.977282606550055],[-116.88001921604521,33.977238242727736],[-116.88000714456079,33.977193878028416],[-116.88009111014973,33.9770853358716],[-116.88014516414979,33.97707542858651],[-116.8802711130302,33.976912614952795],[-116.8803130955188,33.976858343768718],[-116.88035507794899,33.976804072565614],[-116.88034300657831,33.976759708750038],[-116.88033093522128,33.976715344930682],[-116.8804148996069,33.976606801599338],[-116.88040282823269,33.976562437778703],[-116.88044481044113,33.97650816652267],[-116.88043273906517,33.976463802699648],[-116.88042066770294,33.976419438873037],[-116.88043850710787,33.976276439938147],[-116.88042643553375,33.976232075228154],[-116.88041436421098,33.976187711387695],[-116.88040229290198,33.976143347543527],[-116.88034823958043,33.976153254960224],[-116.88022806168858,33.976128705854109],[-116.88021599049456,33.976084341987203],[-116.88009581275044,33.976059792741843],[-116.88008374164242,33.976015428857117],[-116.87988536880242,33.975912058867401],[-116.87983131451146,33.975921966240698],[-116.87981924333747,33.975877601447181],[-116.8797531192328,33.975843144666214],[-116.87955474726908,33.975739774087387],[-116.87954267651835,33.975695410128075],[-116.87941042892048,33.975626496194792],[-116.87939835826937,33.975582132214164],[-116.87915800361736,33.975533031190857],[-116.87914593312435,33.97548866717846],[-116.87907980964674,33.97545420999581],[-116.87902575663482,33.975464116803934],[-116.87894756286684,33.975385295512531],[-116.87893549251626,33.975340931470129],[-116.87891135185635,33.975252203373522],[-116.87889928154688,33.975207839319566],[-116.87886307046365,33.975074746261967],[-116.87885100020912,33.975030382192919],[-116.87883892996842,33.974986018120077],[-116.87876073686847,33.974907196654648],[-116.87874866669821,33.974862832565528],[-116.87860435114284,33.974749553541358],[-116.87847210574016,33.974680637579915],[-116.8784180521231,33.974690544308963],[-116.87817770213736,33.974641441873395],[-116.87800347469646,33.974626796808522],[-116.87777519366979,33.974622057911382],[-116.87772114106882,33.974631964120803],[-116.87760096634779,33.974607412240559],[-116.87753484429979,33.974572954136917],[-116.87752277487844,33.974528589900977],[-116.8773485478126,33.974513943848706],[-116.87724044157446,33.974533756041787],[-116.87718638896669,33.974543662002773],[-116.87702423106138,33.974573379733663],[-116.87697017839888,33.974583285593155],[-116.87683215839816,33.974701731627249],[-116.87684422745349,33.97474609592534],[-116.8768925038121,33.97492355307989],[-116.87685051998486,33.974977823157829],[-116.87680853503518,33.975032093411684],[-116.87683267347252,33.975120822845],[-116.8767906894975,33.975175092887433],[-116.87674870546397,33.975229362911037],[-116.8767067213721,33.975283632915684],[-116.87666473722189,33.975337902901266],[-116.87662275301315,33.975392172868034],[-116.87663482205616,33.975436537148845],[-116.87655085343253,33.975545077027725],[-116.87650886927059,33.975599347812],[-116.87622075391282,33.975791874185568],[-116.87623282278911,33.97583623848557],[-116.8762149757743,33.975979236852559],[-116.87614307509072,33.97613214151793],[-116.87610109009151,33.976186411240278],[-116.87604125654407,33.976383679405252],[-116.87599927133866,33.976437949073436],[-116.87601134018888,33.976482313359924],[-116.87586753657627,33.976788121293467],[-116.87547130620186,33.977000456063038],[-116.87542932026783,33.97705472548197],[-116.87507507367006,33.977212789419312],[-116.87497903280133,33.977276964448926],[-116.87493704637603,33.977331233670213],[-116.87460693395296,33.977578024791434],[-116.87456494710663,33.977632293856729],[-116.8745108920118,33.977642198529651],[-116.87437286286357,33.977760641169795],[-116.8742227644137,33.977834720303015],[-116.87423483246958,33.977879084695715],[-116.87403067910897,33.977963067015196],[-116.87373048108391,33.978111222213229],[-116.87336415968117,33.978224916085203],[-116.8733101040231,33.978234820190018],[-116.87321405914216,33.978298992993878],[-116.87295584777083,33.978392877406073],[-116.87290179194463,33.978402781318096],[-116.87281781493266,33.978511318078937],[-116.87277582657661,33.978565587304296],[-116.87273383686042,33.97861985583215],[-116.87267978084869,33.978629759637862],[-116.87269184814993,33.978674124146202],[-116.87264985938101,33.978728392441276],[-116.87260787055358,33.978782660717478],[-116.87255381441304,33.978792564462054],[-116.87252389272362,33.978891197212569],[-116.8724278474515,33.978955369115603],[-116.87238585834751,33.979009637295349],[-116.8722898117519,33.97907380926906],[-116.87224782272567,33.979128078264054],[-116.87215177693471,33.979192249918711],[-116.8720977204524,33.979202153445129],[-116.87197175187734,33.979364957517582],[-116.87192976223542,33.979419225503555],[-116.87153350777434,33.979631546085606],[-116.87149151768398,33.97968581389425],[-116.87128735581378,33.979769792251737],[-116.87129942249936,33.979814156840924],[-116.87091523082266,33.980070839773383],[-116.87087324006552,33.980125107327488],[-116.87076512546932,33.980144913137977],[-116.87066907720637,33.980209083479629],[-116.87050690503892,33.980238791868338],[-116.87045284762236,33.980248694613891],[-116.87034473168397,33.980268500223637],[-116.8703326654711,33.980224135560732],[-116.87030853308667,33.98013540622371],[-116.87024820212818,33.979913581941879],[-116.87015794672399,33.979790390465141],[-116.87014588069141,33.979746025755816],[-116.87010968267589,33.979612931605061],[-116.87009761669819,33.979568566880531],[-116.87008555073417,33.979524202152405],[-116.87007348454648,33.979479836547149],[-116.87006141860989,33.979435471811385],[-116.87004935268705,33.979391107071713],[-116.87009134362222,33.979336839765601],[-116.87012706264143,33.979050845921307],[-116.87007879888377,33.978873386007692],[-116.87006673303804,33.978829021238226],[-116.86986836525479,33.978725634653657],[-116.86981430880591,33.978735537120215],[-116.86964007379063,33.978720879547446],[-116.86927374249808,33.978834560585433],[-116.86921968589814,33.978844462772877],[-116.86913570328669,33.978952996802214],[-116.86903965515096,33.979017165889708],[-116.86894360579292,33.979081335087344],[-116.86890161419684,33.979135601994855],[-116.86877563929528,33.979298403477436],[-116.8687215823107,33.979308305426443],[-116.86867959043794,33.979362572237875],[-116.8686255333967,33.979372474141414],[-116.86863759850669,33.979416839030314],[-116.86849955623467,33.979535274595861],[-116.86844549905082,33.979545176413048],[-116.86828332741705,33.979574881712892],[-116.86822927017832,33.979584783428677],[-116.86817521292592,33.979594685119046],[-116.86812115565968,33.979604586784269],[-116.86806709837984,33.979614488424026],[-116.86801304002205,33.979624390233461],[-116.86790492539359,33.979644193386136],[-116.86789286066524,33.979599828433685],[-116.86771862408018,33.979585167985931],[-116.86744833629118,33.979634675187562],[-116.86739427890507,33.979644576512904],[-116.86711192747642,33.979649717728009],[-116.86699174836436,33.979625154993748],[-116.8669796839208,33.979580789071903],[-116.86675138906566,33.979576028470731],[-116.86669733163157,33.979585929471341],[-116.8666432741839,33.97959583044657],[-116.86663121018059,33.979551465360004],[-116.86666113957527,33.979452834215479],[-116.86670313290105,33.979398568142152],[-116.86675719020451,33.979388667136519],[-116.86681124749411,33.979378766105349],[-116.86684117765905,33.979280134697561],[-116.86689523486278,33.979270233625861],[-116.86724950631722,33.979112195323864],[-116.8673576214387,33.979092392574714],[-116.86741167844687,33.979082491259682],[-116.86746573544127,33.979072589919085],[-116.86757384938876,33.979052787162104],[-116.86762790634202,33.979042885745386],[-116.86772395543352,33.978978716957599],[-116.86771189091088,33.978934351948844],[-116.86778381094383,33.978781453939433],[-116.86789772380965,33.978574289097324],[-116.86788565901331,33.978529923210274],[-116.86786152993685,33.978441193171626],[-116.8678494654192,33.978396828146671],[-116.86779540894184,33.978406729674866],[-116.86778334446717,33.978362364640887],[-116.86772928800539,33.97837226613877],[-116.86767523046569,33.978382167806046],[-116.86760910960312,33.97834770420004],[-116.86685231665724,33.978486321919476],[-116.86674420331167,33.978506124017152],[-116.8666901466183,33.978516025028114],[-116.86667808275534,33.978471659885287],[-116.86651591161645,33.978501362945231],[-116.86627555738232,33.978452236042244],[-116.86620943707878,33.978417771640267],[-116.86608925991166,33.978393207057692],[-116.86607719640955,33.978348841845211],[-116.86606513292105,33.978304476629106],[-116.86605306944637,33.978260111409284],[-116.8660950625531,33.978205845473944],[-116.86614911910706,33.978195944737109],[-116.86629922509326,33.978121877172121],[-116.86650338825774,33.978037908306263],[-116.86655744464343,33.978028007376665],[-116.86674954240507,33.977899673072706],[-116.86682146313299,33.977746774585881],[-116.86686345542866,33.977692508336411],[-116.86698943302935,33.977529709279352],[-116.8669773691487,33.977485344111962],[-116.86696530528187,33.977440978940812],[-116.86703722516376,33.977288080230615],[-116.86701309743657,33.977199349874525],[-116.86695904168309,33.977209251027389],[-116.86677274583744,33.977150224116905],[-116.86670662641797,33.977115759941633],[-116.86662844344426,33.97703693049786],[-116.86661637984515,33.976992565264929],[-116.86655026062839,33.976958100993535],[-116.86649620498328,33.976968001933216],[-116.86641802213278,33.976889171459348],[-116.8661535463177,33.976751313666263],[-116.86614148303293,33.976706948367756],[-116.86607536320416,33.97667248400731],[-116.8660213076967,33.976682384729123],[-116.86578095937936,33.976633256685503],[-116.86572690386168,33.976643157270281],[-116.86555267405134,33.976628492634795],[-116.86549861744398,33.976638393308001],[-116.86522833952161,33.97668789531896],[-116.86506617260351,33.976717596221199],[-116.86502417981971,33.976771862759634],[-116.86497012304578,33.976781763184356],[-116.86486201158515,33.976801563567761],[-116.86487407415682,33.976845928994308],[-116.86466991342228,33.976929894920133],[-116.86456180168013,33.976949695019456],[-116.86450774472435,33.976959595226042],[-116.86445368881894,33.976969495212188],[-116.86434557696698,33.976989295108694],[-116.86429152102038,33.976999195018948],[-116.86385907188962,33.977078393582381],[-116.86375095973575,33.977098192920856],[-116.86316840250829,33.977251453245771],[-116.86311434623063,33.977261352603087],[-116.86306028993916,33.977271251935036],[-116.86296423887624,33.977335416120702],[-116.86292224299586,33.977389681175616],[-116.86286818659113,33.977399580416311],[-116.86270601729463,33.977429277986111],[-116.86265196083501,33.977439177125291],[-116.86248979137383,33.977468874390823],[-116.86238167726701,33.977488672635936],[-116.86232762072507,33.977498571623087],[-116.86228562537805,33.977552836240925],[-116.86223156877938,33.977562735182225],[-116.86224362997248,33.977607100839727],[-116.86225569117929,33.977651466493313],[-116.86226775239986,33.977695832143375],[-116.86230393638121,33.977828929943833],[-116.86231599765659,33.97787329557859],[-116.86235218156524,33.978006392460699],[-116.86237630423956,33.978095123696477],[-116.86240042720628,33.978183855790569],[-116.86241248859136,33.978228221395099],[-116.86243661140291,33.978316952593282],[-116.86244867282936,33.978361318186813],[-116.86249691867192,33.978538780522605],[-116.86250898016688,33.978583146097378],[-116.86249110759965,33.978726142719594],[-116.86250316912027,33.978770508284143],[-116.86257553853224,33.979036701592548],[-116.86258760038636,33.979081068004064],[-116.86250985857426,33.97942132388588],[-116.86246786231872,33.979475588436721],[-116.86240799200387,33.979672849600369],[-116.86244417690436,33.979805946148169],[-116.86245623856529,33.979850311656449],[-116.86245042729747,33.980037673537886],[-116.86246248899783,33.98008203903251],[-116.86252279770531,33.980303866449241],[-116.86253485948785,33.980348231921099],[-116.86257104515563,33.980481329187938],[-116.86258310699318,33.980525694644918],[-116.86260723070946,33.980614425547401],[-116.86261929258814,33.980658790993161],[-116.86264341638677,33.980747521873134],[-116.86265547830662,33.980791887307568],[-116.86266754024025,33.980836252738207],[-116.86267960242493,33.980880619038366],[-116.86272785035152,33.98105808070796],[-116.86268585336634,33.98111234522468],[-116.86269791536668,33.981156710634004],[-116.86259604820049,33.981408235762551],[-116.86262017220434,33.981496966562545],[-116.86253036610903,33.981792856030935],[-116.86254242836368,33.98183722229134],[-116.8625124917812,33.981935852266311],[-116.8625245538104,33.981980217647219],[-116.86254867790991,33.98206894839732],[-116.86256073998027,33.982113313766916],[-116.86257280206434,33.982157679132705],[-116.86253080437906,33.982211943517107],[-116.86253705522246,33.982443670191529],[-116.86254911734416,33.982488035541003],[-116.86256117947954,33.982532400886747],[-116.86257324162878,33.982576766228782],[-116.86257949262736,33.982808492793218],[-116.86254955678312,33.982907122460844],[-116.86262193042936,33.983173315209797],[-116.86265811731909,33.983306411096805],[-116.86267017964302,33.983350776384825],[-116.8626281813831,33.983405040722097],[-116.86255624697911,33.983557934627775],[-116.86256830928401,33.983602299912256],[-116.86244231288312,33.983765093772085],[-116.86230425457092,33.983883521100474],[-116.86225019358672,33.983893419970727],[-116.86216619583949,33.984001948246586],[-116.8621241968782,33.984056212355824],[-116.86207013575144,33.98406611113991],[-116.86208219785846,33.984110476446226],[-116.86202813668868,33.984120375209933],[-116.86204019878029,33.984164740517663],[-116.86189007629196,33.984238803059114],[-116.86183601500898,33.984248701731502],[-116.8617819537122,33.984258600378602],[-116.86171583023427,33.984224132792527],[-116.86166176893936,33.984234031383714],[-116.86164970705234,33.984189666040521],[-116.86145133785726,33.984086265548704],[-116.86117478377834,33.983904032462654],[-116.86110866086953,33.983869564514357],[-116.86109659935356,33.983825199092962],[-116.86103047678347,33.983790731969776],[-116.86096435427191,33.983756264807369],[-116.86075392580031,33.983608497615236],[-116.8607418645265,33.9835641321419],[-116.86069361933119,33.983386669338394],[-116.86068155812595,33.983342303846399],[-116.86059131280138,33.983219105647009],[-116.86057925168031,33.983174740134793],[-116.860543068162,33.983041642702581],[-116.86053100709584,33.98299727717545],[-116.86051894604348,33.982952911644482],[-116.86046488547778,33.982962809693163],[-116.86041082489831,33.982972707716044],[-116.86035676430514,33.98298260571395],[-116.860272764904,33.983091132742103],[-116.86028482607527,33.983135499164334],[-116.86029688702268,33.983179864709243],[-116.86025488720355,33.983234128197651],[-116.86026694814922,33.983278493740016],[-116.86012888739525,33.983396918548465],[-116.86008688627798,33.98345118215552],[-116.85999082515778,33.983515343369127],[-116.85994882494489,33.983569606723243],[-116.85991888571905,33.983668236488406],[-116.85987688537385,33.983722499805758],[-116.85980494528332,33.983875391940515],[-116.85981700607218,33.983919757493609],[-116.85982906687479,33.98396412304313],[-116.85978706630783,33.984018386307483],[-116.85971512494129,33.984171279396904],[-116.85953506085126,33.984343966563102],[-116.85948099919645,33.98435386413469],[-116.85944481724276,33.984220767432532],[-116.85943275638158,33.984176400984381],[-116.85940863517524,33.984087669823204],[-116.85939657459276,33.984043304237098],[-116.85937245346867,33.983954573053424],[-116.85936039292721,33.983910207455921],[-116.85933627188554,33.983821476249688],[-116.8593242113854,33.983777110641007],[-116.85924602895834,33.983698276009008],[-116.85913790645674,33.983718070873287],[-116.85908384412114,33.983727968462226],[-116.85889171962772,33.983856289968415],[-116.85883765822923,33.98386618724583],[-116.85868753410129,33.983940244595523],[-116.85863347261869,33.983950141776624],[-116.85849540713109,33.984068564730933],[-116.85844134553525,33.984078461820744],[-116.85829122062228,33.984152518636634],[-116.85823715894237,33.984162415629982],[-116.85812903554124,33.98418220954067],[-116.85802091102104,33.984202003544652],[-116.85761253584347,33.984369909285199],[-116.85755847286249,33.984379806153854],[-116.85750441093198,33.984389702802197],[-116.85745034898771,33.98439959942521],[-116.85739628702979,33.984409496022977],[-116.85724616048721,33.984483551452762],[-116.85720415784331,33.984537813744545],[-116.85686189979619,33.984740187102055],[-116.85680783752758,33.984750083420728],[-116.85676583443502,33.984804345534918],[-116.8567117721097,33.984814241807982],[-116.85672383128417,33.984858607630159],[-116.85663982480696,33.984967131763739],[-116.85659782041651,33.985021393996824],[-116.85650175449177,33.985085552187762],[-116.85651381358865,33.985129918016476],[-116.85647181008714,33.985184179997844],[-116.85642980676437,33.985238442833449],[-116.85631585476678,33.985445594438005],[-116.85626179193977,33.985455490492932],[-116.85627385095735,33.985499856325745],[-116.85618984209916,33.985608380239078],[-116.85620190109954,33.985652746070642],[-116.85615989709927,33.985707007902796],[-116.8561058340713,33.985716903881659],[-116.85611789327798,33.98576127058918],[-116.85607588916089,33.985815532383278],[-116.856021826047,33.985825428321441],[-116.85597982182847,33.985879690076324],[-116.85592575865792,33.985889585968884],[-116.855883754338,33.985943847684318],[-116.85582969111074,33.985953743531233],[-116.8557756268055,33.98596363954762],[-116.85573362234122,33.986017901203496],[-116.85569161781859,33.986072162840401],[-116.85564961323743,33.98612642445849],[-116.85560760859775,33.986180686057359],[-116.85556560389971,33.986234947637499],[-116.85535557870573,33.986506256321043],[-116.85531357365696,33.986560517787019],[-116.85527156854972,33.986614779234223],[-116.85522956338404,33.986669040662242],[-116.85514555287739,33.986777563461587],[-116.85515761146441,33.986821929336053],[-116.85509771808351,33.987019184678005],[-116.85500164846368,33.987083341461222],[-116.85501370701611,33.987127707333279],[-116.85497170033052,33.987181968827173],[-116.85492969465068,33.987236230107435],[-116.85488768891238,33.987290491368682],[-116.85484568335299,33.987344753484102],[-116.85480367749786,33.987399014707286],[-116.85476167158414,33.987453275911655],[-116.8547737300574,33.987497641787833],[-116.85474378254106,33.987596268848094],[-116.85468971802365,33.987606164141837],[-116.85460570575617,33.987714686419984],[-116.85457575687991,33.987813313604498],[-116.8545216921906,33.987823208817211],[-116.85453375082186,33.987867575570696],[-116.85454580922935,33.987911941447258],[-116.85455786765064,33.987956307320076],[-116.85451586126575,33.988010568396547],[-116.85447385482247,33.98806482945421],[-116.85443184832071,33.988119090492823],[-116.85433577679804,33.98818324663371],[-116.85430582846467,33.988281873494692],[-116.85426382172912,33.988336134457469],[-116.85420975663779,33.988346029517793],[-116.85413780034463,33.98849891829957],[-116.85406584459622,33.988651805938716],[-116.85401177926097,33.988661700902774],[-116.85392776491295,33.988770222543458],[-116.85387369947814,33.988780117441529],[-116.85374767656191,33.988942900767285],[-116.85375973468855,33.988987266664928],[-116.85368777774826,33.989140153974077],[-116.85369983587132,33.989184519866797],[-116.85366988634915,33.989283146437714],[-116.85368194448417,33.989327512324152],[-116.85369400263288,33.989371878206889],[-116.85370606103274,33.989416244959159],[-116.85371811920886,33.989460610834449],[-116.85373017739869,33.989504976705817],[-116.85374223560228,33.989549342573675],[-116.85368816960374,33.989559237375325],[-116.85364616175026,33.989613498025669],[-116.85360415383832,33.989667758657149],[-116.853562145868,33.989722019269649],[-116.85350807972689,33.989731913985011],[-116.85345401250773,33.989741808869965],[-116.85331592996542,33.989860224580795],[-116.85326186369726,33.989870119179486],[-116.85321985537969,33.989924379653758],[-116.85316578905483,33.989934274206945],[-116.85312378087326,33.989988535515373],[-116.85306971449177,33.989998430022752],[-116.85302770597133,33.990052690418551],[-116.85298569632826,33.99010695098994],[-116.85290167899535,33.990215471686675],[-116.85284761242826,33.990225366087572],[-116.85285967024117,33.990269732006396],[-116.8528717280677,33.990314097921662],[-116.85282971923951,33.990368358223776],[-116.85277565255734,33.99037825258921],[-116.85274570164519,33.990476879644525],[-116.85270369264171,33.990531139889683],[-116.85271575041992,33.990575505806341],[-116.85258972194781,33.990738286626666],[-116.85260177969322,33.990782652543508],[-116.85257182816852,33.990881278629679],[-116.85251776109794,33.990891172868238],[-116.8524757517127,33.990945433002175],[-116.85242168458548,33.990955327195088],[-116.85237967533612,33.991009588163045],[-116.85224158891755,33.991128002402007],[-116.8521995792125,33.991182262419386],[-116.85216962596128,33.991280888546221],[-116.85212761612379,33.991335148526858],[-116.85208560622775,33.991389408488608],[-116.85209766378713,33.991433774421147],[-116.85195957642647,33.991552189133337],[-116.85191756629669,33.991606449019045],[-116.85187555610848,33.991660708885831],[-116.85188761359021,33.99170507482507],[-116.85165344583535,33.991887642180643],[-116.85151535675915,33.99200605542142],[-116.85146128877473,33.992015949152531],[-116.85147334607565,33.992060315114664],[-116.85137726750087,33.992124469353115],[-116.85133525559318,33.99217872918269],[-116.8511430972918,33.992307035579408],[-116.85108902905142,33.992316929132876],[-116.85110108618721,33.992361295116829],[-116.85099294960688,33.992381082158033],[-116.85078873219145,33.992465022141509],[-116.8507467207551,33.992519281539543],[-116.85069265231738,33.992529174905364],[-116.850680595388,33.992484808888413],[-116.85057245852974,33.99250459553393],[-116.85030211507967,33.992554061898332],[-116.8502480465614,33.992563955056184],[-116.85026010325683,33.992608321113892],[-116.85020603469559,33.992618214251337],[-116.85010995415344,33.992682366519432],[-116.85001387345316,33.992746518702603],[-116.84991779259479,33.992810670800623],[-116.84980965402676,33.992830456920395],[-116.84950935406118,33.992978547193673],[-116.84945528514791,33.992988439976187],[-116.84941327250189,33.993042698854367],[-116.84935920353193,33.993052591591088],[-116.84931718972011,33.993106850624905],[-116.84928723314842,33.993205475569908],[-116.84929928939641,33.993249841691451],[-116.84933545822277,33.993382940033136],[-116.849347514763,33.993427307012787],[-116.84937162740989,33.993516039214214],[-116.84943775307288,33.993550512567559],[-116.84959411859801,33.993708191094996],[-116.84967230130286,33.993787031238497],[-116.84972637074216,33.993777138364862],[-116.85009901421947,33.993895244619438],[-116.85016514158987,33.993929717346056],[-116.85023126795441,33.993964190228148],[-116.85024332485675,33.994008556208435],[-116.850255381773,33.994052922185176],[-116.85030360981203,33.994230386927029],[-116.85032772379529,33.994319118838916],[-116.85033978080745,33.994363484789183],[-116.85035183783341,33.994407850735648],[-116.85036389487294,33.994452216678461],[-116.85037595192631,33.994496582617337],[-116.85038800899345,33.994540948552647],[-116.85041212340599,33.994629681284991],[-116.8504241805143,33.994674047209166],[-116.85038216763415,33.994728306322529],[-116.85029814063429,33.994836824687276],[-116.8503101977097,33.99488119061138],[-116.8503222547988,33.994925556531769],[-116.85028024171226,33.994979815590845],[-116.85024444390869,33.995265798185329],[-116.85020243058479,33.9953200571927],[-116.85023860191285,33.995453154902037],[-116.85029888797152,33.995674985215636],[-116.85035917413587,33.995896814562045],[-116.85037123140991,33.995941180419919],[-116.85053966019076,33.996143224105204],[-116.85059373115388,33.996133330856232],[-116.85080417523486,33.996281113959895],[-116.85087030387598,33.996315586374131],[-116.85105663264271,33.99637463849605],[-116.85111070370077,33.996364745008698],[-116.85184980177456,33.996369224219983],[-116.85186185996973,33.996413589896392],[-116.85221040350805,33.9964429574242],[-116.85249281672388,33.99643785265372],[-116.85254688870796,33.996427958301993],[-116.85260095961387,33.996418064119517],[-116.8526550305061,33.996408169911675],[-116.85276317224937,33.996388381419798],[-116.85337001119736,33.996323909104227],[-116.85366448418354,33.996363166801885],[-116.85389282632167,33.996367953297025],[-116.85394689701518,33.996358058485427],[-116.85417524022007,33.996362844229019],[-116.85418729973738,33.99640720966341],[-116.85424137042077,33.996397314714827],[-116.85517886116436,33.99650518477727],[-116.85523293178989,33.996495289367196],[-116.85531112275309,33.996574124551429],[-116.85536519447398,33.996564228885497],[-116.85556358734199,33.99666763816068],[-116.85562971841486,33.996702107840505],[-116.8558821829733,33.996795621808197],[-116.85593625371094,33.996785726073291],[-116.85600238611313,33.99682019534044],[-116.8560144467407,33.996864560558805],[-116.8561467096777,33.996933499347101],[-116.856158770405,33.996977864544156],[-116.85622490200414,33.997012333870551],[-116.85629103366172,33.997046803157659],[-116.85630309448868,33.99709116833322],[-116.8563151553293,33.997135533505066],[-116.85657968312547,33.997273411063695],[-116.85659174415177,33.997317776196425],[-116.85672400943231,33.997386714090979],[-116.85679014162803,33.997421183076852],[-116.85693446768715,33.997534486888654],[-116.85694652895558,33.997578851969699],[-116.85735538717944,33.997830029312198],[-116.85748765317707,33.997898967357955],[-116.85776424721047,33.998081206199203],[-116.85781831860075,33.998071309601933],[-116.8578303804551,33.998115674560637],[-116.85796264711982,33.99818461116574],[-116.85797470931126,33.998228976976378],[-116.857986771279,33.99827334191],[-116.8579988332605,33.998317706839913],[-116.85776466102043,33.998500284821837],[-116.85772265118685,33.998554546334077],[-116.85768064129475,33.998608807827281],[-116.85739239467168,33.998801282581198],[-116.85728425075685,33.998821075334575],[-116.85718816839521,33.998885232968689],[-116.85720023001686,33.99892959794709],[-116.85711620904313,33.999038120483924],[-116.85706213582884,33.999048016936186],[-116.85702012521129,33.99910227815564],[-116.85697811453525,33.999156539356264],[-116.85684002067231,33.999274957851561],[-116.85668986498005,33.999349011160056],[-116.85645568575057,33.999531587324562],[-116.85630552919916,33.999605640110666],[-116.85620944506533,33.999669796868851],[-116.8559211906508,33.999862266828941],[-116.85593325170282,33.999906631884237],[-116.85582510588455,33.999926423247473],[-116.85577103295492,33.999936318890995],[-116.85520035032172,34.000133900605142],[-116.85498405656338,34.000173482044765],[-116.85492998335558,34.000183377292515],[-116.85487591013404,34.000193272515048],[-116.85438924945849,34.000282328569917],[-116.85428110272724,34.000302118482033],[-116.85417295594114,34.000321908292733],[-116.85411888252744,34.000331803159952],[-116.85406480803566,34.00034169819665],[-116.85357814550716,34.000430750826929],[-116.8533618511664,34.000470329027529],[-116.85250872870041,34.000673003529691],[-116.8524546548321,34.000682897615654],[-116.85240058095002,34.000692791676215],[-116.85219634434493,34.000776733060292],[-116.85214227036496,34.00078662699903],[-116.85208819637144,34.000796520912488],[-116.85210025538693,34.000840886314201],[-116.85199210623553,34.00086067426983],[-116.85155951333903,34.000939824298783],[-116.85145136391316,34.000959611747085],[-116.85119305130181,34.001053444921141],[-116.85113897700272,34.001063338388086],[-116.85103082836321,34.001083125245756],[-116.85081452985527,34.001122698851667],[-116.85076045546008,34.001132592140983],[-116.85067642314942,34.001241109702605],[-116.85062234865457,34.001251002925976],[-116.85048424142963,34.001369413528366],[-116.84999172451725,34.001645807296818],[-116.84988357477877,34.001665593068772],[-116.84982949988894,34.001675485916685],[-116.84973340787597,34.001739637134044],[-116.84951710795274,34.001779208089424],[-116.84942101449039,34.001843359233952],[-116.84936693941857,34.001853251863679],[-116.84894054906469,34.002164112903458],[-116.84895260673807,34.002208479429264],[-116.8488985313536,34.002218371835831],[-116.84891058877407,34.00226273748968],[-116.84886857075159,34.002316995531089],[-116.84879659191887,34.002469877210764],[-116.84880864932026,34.00251424286094],[-116.84876663109132,34.002568500848184],[-116.84870049807701,34.002534027506535],[-116.84861025053502,34.002410822783638],[-116.84859819326252,34.002366457106788],[-116.84856202129006,34.002233359180721],[-116.8484838314758,34.002154520007139],[-116.84847177431483,34.002110154302734],[-116.84840564075515,34.002075680967472],[-116.84839358365096,34.00203131525069],[-116.84838152656043,34.001986949529922],[-116.84836946948366,34.001942583805452],[-116.84834535537129,34.001853852345384],[-116.84833329809835,34.00180948573643],[-116.84832124107636,34.00176511999706],[-116.84836326024687,34.001710861921374],[-116.84844729628324,34.001602346102921],[-116.84850137129766,34.001592453899313],[-116.84848931421369,34.001548088165059],[-116.84847725714346,34.001503722427145],[-116.84846520008691,34.001459356685437],[-116.84845314304417,34.001414990939992],[-116.84844108601503,34.00137062519083],[-116.84842902876227,34.001326258564511],[-116.84841697176063,34.001281892807846],[-116.84839285779856,34.001193161283261],[-116.8483687438913,34.001104429743563],[-116.84835668695825,34.001060063968097],[-116.84834463003889,34.001015698188802],[-116.84833257313339,34.000971332405882],[-116.84827849852824,34.000981224538364],[-116.84826644166553,34.00093685874662],[-116.84820031001898,34.000902384174822],[-116.84818825321298,34.000858018370444],[-116.84813417866818,34.000867910437059],[-116.84812212190511,34.000823544623756],[-116.84805598959132,34.00078907103272],[-116.84804393288506,34.000744705207026],[-116.84798985840048,34.000754597207582],[-116.84786965278533,34.000730015288099],[-116.84785759619415,34.000685649439475],[-116.84779146517874,34.000651175496685],[-116.84764714663746,34.000537860740934],[-116.84758101584042,34.000503386671397],[-116.84751488510183,34.000468912562496],[-116.84750282875287,34.000424546662344],[-116.84743669811577,34.00039007250556],[-116.84729237974621,34.000276758338323],[-116.84728032355362,34.000232392404207],[-116.84713600653022,34.000119076951272],[-116.84692556010778,33.999971287708632],[-116.8468594301102,33.999936813202218],[-116.84660696513896,33.999843280135707],[-116.8464867613648,33.999818696752499],[-116.84647470570128,33.999774330708775],[-116.84642063169071,33.999784221989032],[-116.84611409398555,33.999700579959359],[-116.84606001998034,33.999710471072277],[-116.84600594596132,33.999720362159742],[-116.8458977978822,33.999740144258581],[-116.84584372382209,33.999750035269855],[-116.84578964974826,33.999759926255912],[-116.84573557566064,33.999769817216631],[-116.84541112978269,33.999829162642264],[-116.84530298140176,33.999848944182936],[-116.84524890719065,33.999858834915344],[-116.84519483296593,33.99986872562215],[-116.84515281364794,33.999922982480697],[-116.84475638208984,34.000135205884689],[-116.84476843683127,34.000179572086964],[-116.84471436232316,34.000189462565515],[-116.8446843974457,34.000288086305829],[-116.84469645216971,34.000332452506875],[-116.84453422719422,34.000362123954659],[-116.84448015252974,34.000372014321712],[-116.84437200315976,34.000391794979521],[-116.84431792845412,34.000401685270312],[-116.84425179924462,34.000367209294147],[-116.84410748637308,34.000253890087357],[-116.84398728168944,34.000229304317834],[-116.843842969695,34.000115985635091],[-116.84372276637184,34.000091399391955],[-116.84371071223899,34.000047033075965],[-116.84341623141782,34.000007750060398],[-116.84324781168364,33.999805697203577],[-116.84312760902655,33.999781110333238],[-116.84311555528035,33.999736743937873],[-116.84319959649235,33.99962823165469],[-116.84322956299428,33.999529608215852],[-116.84328363829759,33.999519718227567],[-116.84332565869893,33.99946546201955],[-116.84330155109252,33.99937672923037],[-116.8433556252162,33.999366839401205],[-116.84334357140435,33.999322473005968],[-116.84333151760612,33.999278106607072],[-116.84331946382164,33.999233740204538],[-116.84330741005098,33.99918937379816],[-116.84318720832512,33.999164786970418],[-116.84307905923711,33.999184566646036],[-116.84301293160753,33.9991500899093],[-116.84294680379932,33.999115612259772],[-116.84254417777962,33.99909610643401],[-116.84249010374074,33.999105995887838],[-116.84247805046157,33.999061629387981],[-116.84241192320208,33.999027152302624],[-116.8423578491943,33.999037041695694],[-116.84222559488181,33.998968087346192],[-116.8419311178193,33.998928800695992],[-116.84187704381866,33.998938689865575],[-116.84176889577631,33.998958468129032],[-116.841738927409,33.999057090388014],[-116.84169690612369,33.999111346048352],[-116.84165488477984,33.999165601689896],[-116.84155878913468,33.999229746329945],[-116.84151676656647,33.99928400210792],[-116.84140861795382,33.99930378002604],[-116.8410059924117,33.999284268663573],[-116.84088579020089,33.99925967964527],[-116.84087373781095,33.999215312986955],[-116.84086168543473,33.99917094632508],[-116.84060923120289,33.999077399900003],[-116.84059717899841,33.999033033202778],[-116.84056102246733,33.998899933088445],[-116.84053691818193,33.998811199660267],[-116.8405248660597,33.99876683294044],[-116.84054278350352,33.998623843359937],[-116.84053073140696,33.998579476630205],[-116.84051867932413,33.998535109896764],[-116.84049457519966,33.998446376418507],[-116.84053659696323,33.998392121148427],[-116.840524544906,33.998347754405025],[-116.84055451453671,33.998249132371477],[-116.84054246225409,33.998204764748465],[-116.84065647586513,33.997997631834849],[-116.84068644519438,33.997899009723305],[-116.84070436237967,33.997756020833378],[-116.8406923100881,33.997711653198294],[-116.84068025804746,33.997667286432701],[-116.84066820602054,33.99762291966352],[-116.84080632151564,33.997504520202256],[-116.84084834255475,33.997450264754036],[-116.84089036353531,33.997396009286923],[-116.84102847935557,33.997277609332059],[-116.84105844770036,33.997178986160577],[-116.84111252058433,33.99716909735087],[-116.84113043682066,33.997026108262496],[-116.84111838463664,33.996981741503809],[-116.84116040517695,33.996927485906532],[-116.84117832126985,33.996784496766907],[-116.84123239386516,33.996774607896228],[-116.84127441421442,33.99672035224318],[-116.84131643426805,33.996666095697826],[-116.84130438203388,33.99662172893828],[-116.84135845450038,33.996611840006715],[-116.84147246361468,33.996404705870866],[-116.84152653590941,33.996394816858142],[-116.84161057573078,33.996286305267212],[-116.8417366347872,33.996123536865056],[-116.84177865549918,33.996069280789548],[-116.84176660309436,33.996024914044405],[-116.84175455070317,33.995980547295666],[-116.84179657026115,33.995926291398376],[-116.84182653735232,33.995827668732034],[-116.84181448495752,33.995783301978378],[-116.84180243257646,33.99573893522092],[-116.84184445197104,33.995684679289518],[-116.84183239935091,33.99564031165616],[-116.84187441867147,33.995586055707342],[-116.84195845713717,33.995477543752429],[-116.84194640472133,33.995433176992684],[-116.8419343523194,33.995388810229258],[-116.84197637143346,33.995334554225877],[-116.84201839048914,33.995280298203674],[-116.84207246193473,33.995270408921989],[-116.84219851944908,33.995107639612314],[-116.84218646695392,33.995063272856619],[-116.84225845190944,33.99491039384646],[-116.84228841802594,33.994811770933431],[-116.84236040231225,33.9946588909377],[-116.84233629729017,33.994570157405619],[-116.84239036820311,33.99456026796657],[-116.8423783156835,33.994515901200096],[-116.84236626317751,33.994471534429749],[-116.84234215820659,33.994382800877929],[-116.84228808741067,33.994392690296536],[-116.84222196419451,33.994358212898206],[-116.84216789340039,33.994368102261213],[-116.84211382259245,33.994377991598647],[-116.84204769946581,33.994343514100123],[-116.84203564717457,33.994299147285687],[-116.84190340094543,33.994230191280103],[-116.84183727803726,33.994195713654968],[-116.84182522588864,33.994151346810348],[-116.84174704992552,33.994072502474467],[-116.84173499784723,33.994028135613469],[-116.84172294578259,33.993983768748748],[-116.8417108937318,33.993939401880148],[-116.84169884169464,33.993895035007931],[-116.84168678943404,33.993850667258599],[-116.84166268542835,33.993761933495101],[-116.84165063344595,33.993717566607799],[-116.84166854896682,33.993574576614222],[-116.84172261927422,33.993564687474475],[-116.84174053356357,33.993421697636592],[-116.84178255151527,33.993367440694684],[-116.84173434363956,33.993189973083581],[-116.84172229170495,33.99314560617146],[-116.84172815398951,33.992958249335416],[-116.84171610185696,33.992913881536332],[-116.84169199810749,33.992825147673322],[-116.84166789441289,33.99273641379537],[-116.84165584258619,33.992692046850713],[-116.84168580861234,33.992593423815308],[-116.84171577456272,33.992494800759765],[-116.84170372250884,33.992450432933161],[-116.84173368838154,33.992351809855137],[-116.84180567172184,33.99219893059928],[-116.84188970769721,33.992090418032234],[-116.84196169025306,33.991937537755341],[-116.84218382780701,33.991710623257745],[-116.84222584476555,33.991656366910085],[-116.84221379278833,33.991611999962643],[-116.84218968887485,33.991523266056198],[-116.84223756749026,33.991281651364268],[-116.84222551556419,33.991237284396853],[-116.84220141175327,33.991148550450731],[-116.84217730799722,33.991059816489475],[-116.84216525590254,33.99101544862981],[-116.84215320405876,33.990971081639842],[-116.84214115222875,33.990926714646193],[-116.84211704860992,33.990837980647257],[-116.84210499682106,33.990793613642232],[-116.84209294504585,33.990749246633413],[-116.84206884153662,33.990660512604698],[-116.84205678980261,33.990616145584546],[-116.8420085827664,33.990438676593214],[-116.84199653110089,33.990394309554432],[-116.84198447944914,33.990349942511912],[-116.84197242781114,33.990305575465477],[-116.84196623744538,33.990073850006439],[-116.84190597965754,33.989852014649379],[-116.84196004735362,33.989842125351899],[-116.84192389275779,33.989709024107945],[-116.84191184101611,33.989664656145621],[-116.84189978952529,33.989620289053065],[-116.84195971852407,33.989423042065233],[-116.84200173440604,33.989368785641034],[-116.84197763142724,33.989280051437298],[-116.84196557972125,33.989235683456293],[-116.8419535282661,33.989191316345035],[-116.84171315656585,33.989142139129093],[-116.84159297082935,33.989117550332757],[-116.84143076800305,33.989147217856932],[-116.84136464961369,33.989112739739014],[-116.84131058234773,33.989122628767717],[-116.84114838046769,33.989152295701601],[-116.84108226219895,33.989117817422738],[-116.84073375559331,33.989088416133399],[-116.84062562092151,33.989108193576946],[-116.84050543558024,33.989083603650862],[-116.84045136822564,33.989093492278812],[-116.84039729979298,33.989103381076092],[-116.8403311816605,33.989068901492821],[-116.84027711429393,33.989078790039642],[-116.84021099647254,33.989044311260031],[-116.84015692910785,33.989054199751003],[-116.8400908113605,33.989019720901815],[-116.8400787610054,33.988975353583186],[-116.84001264335957,33.988940874685973],[-116.83994652577215,33.988906395749382],[-116.83993447551664,33.98886202840945],[-116.83985630783179,33.988783182072339],[-116.83984425764666,33.988738814715951],[-116.83979019044715,33.988748703039576],[-116.83977814006778,33.988704334801085],[-116.8397240718196,33.988714223288859],[-116.83967000462191,33.988724111556543],[-116.83961593741057,33.988733999799059],[-116.83956187018549,33.988743888015975],[-116.8395078029467,33.988753776207837],[-116.83929153385442,33.988793328720753],[-116.83889514316159,33.989005535939754],[-116.83884107565687,33.989015423816845],[-116.83882902601346,33.988971056368094],[-116.83881697638373,33.988926688915548],[-116.83880492653056,33.988882320585688],[-116.83876877776483,33.988749218194179],[-116.83875672820356,33.988704850722904],[-116.83874467865616,33.988660483247799],[-116.83873262912248,33.988616115768849],[-116.83869648060343,33.988483013309668],[-116.83873849801202,33.988428757130954],[-116.8386903001167,33.988251287137949],[-116.83872026818688,33.988152664312885],[-116.83870821874554,33.988108296802814],[-116.83873818673806,33.988009673954807],[-116.83872613707136,33.987965305565048],[-116.83871408765565,33.987920938045058],[-116.83876815441764,33.987911050213455],[-116.83875610498619,33.987866682694666],[-116.8387440555687,33.98782231517216],[-116.83873200616479,33.987777947645931],[-116.83871995677461,33.98773358011578],[-116.83870790739819,33.987689212582076],[-116.83867175935109,33.987556109957943],[-116.83865970979232,33.987511741535698],[-116.8386476604844,33.987467373983179],[-116.83863561119023,33.987423006426738],[-116.83861151264293,33.987334271302707],[-116.83853334782694,33.987255423919336],[-116.8384310846661,33.987087840412329],[-116.83841903555378,33.987043472811997],[-116.83840698645515,33.98699910520795],[-116.83837083924149,33.986866002373127],[-116.83835879019774,33.986821634754001],[-116.83822656013722,33.986752674767231],[-116.83817249410963,33.986762562360411],[-116.83811842700412,33.986772450123148],[-116.83801029488039,33.986792225182924],[-116.83755366736246,33.986782588322285],[-116.83749960122887,33.986792475601092],[-116.83744553508151,33.986802362854675],[-116.83736149992201,33.98691087360573],[-116.83721134954253,33.986984902825235],[-116.83707324615598,33.987103299778227],[-116.83697716160603,33.987167441601017],[-116.83689312516428,33.987275951088328],[-116.83690517344444,33.987320318834328],[-116.83680908848879,33.987384460499833],[-116.83682113697505,33.987428829121747],[-116.83669508147675,33.987591593100433],[-116.83664101360904,33.987601480162908],[-116.83659899494971,33.987655734764168],[-116.83643091972777,33.987872752979314],[-116.83637685269608,33.987882639720247],[-116.83632278565057,33.987892526435743],[-116.83626871859133,33.987902413126051],[-116.83617263133067,33.987966554410612],[-116.83611856420114,33.987976441029652],[-116.83590229554581,33.98801598725268],[-116.8358482283477,33.988025873744924],[-116.83583618055989,33.987981505928801],[-116.83582413278583,33.987937138108897],[-116.8358120850254,33.987892770285477],[-116.83584205659764,33.987794148159878],[-116.83591404728064,33.987641271679578],[-116.83595606640863,33.987587017325922],[-116.83614206629484,33.987227008554264],[-116.83618408504107,33.987172754089052],[-116.83621405562897,33.987074130903544],[-116.83625607424273,33.987019876401874],[-116.83629809279803,33.986965621881026],[-116.83637008182221,33.986812744955905],[-116.83641210018655,33.986758490379458],[-116.83645411955681,33.98670423558935],[-116.83649613780416,33.986649980974917],[-116.83648408986036,33.986605613148498],[-116.83647204169306,33.986561244445085],[-116.8364599937766,33.986516876610992],[-116.83626165100294,33.986413433474397],[-116.83605126217462,33.986265621899044],[-116.83598514860677,33.986231140583499],[-116.83591903486023,33.986196658355261],[-116.83590698731463,33.986152290443222],[-116.83584087390663,33.986117809040287],[-116.83577476055714,33.98608332759823],[-116.83557641979499,33.985979883230819],[-116.83556437247789,33.985935515270818],[-116.83549825940509,33.985901033662856],[-116.83529992030057,33.985797587729735],[-116.83528787316895,33.985753219730803],[-116.83523380746163,33.9857631059648],[-116.83522176037299,33.985718737956802],[-116.83520971329793,33.985674369945279],[-116.83519766623671,33.985630001930048],[-116.83518561918912,33.98558563391083],[-116.83517357215526,33.985541265887974],[-116.83520354363127,33.985442643632503],[-116.83532959853193,33.985279879958441],[-116.83541363499809,33.985171371329798],[-116.83545565420776,33.985117116792466],[-116.83552764317704,33.984964240031111],[-116.83562372620486,33.984900099230991],[-116.83566574382077,33.984845843919885],[-116.83576182658913,33.984781702995647],[-116.83574977935159,33.98473733498728],[-116.83599601020624,33.984599166122877],[-116.8360259802802,33.984500543536122],[-116.83601393293578,33.984456175539478],[-116.83611588981006,33.984204674781935],[-116.83615790694606,33.984150420117388],[-116.8361217648913,33.984017316097521],[-116.83610971756704,33.983972948083505],[-116.83596544686348,33.983859616369607],[-116.83588728820533,33.983780766851233],[-116.83587524105101,33.983736398799358],[-116.83585114678368,33.983647662684248],[-116.83578503552357,33.983613181139383],[-116.83571892432195,33.983578699555444],[-116.83565281317881,33.983544217932071],[-116.8355867018569,33.98350973539619],[-116.83555056107396,33.983376631089449],[-116.83499758113015,33.983012039120368],[-116.8349855346008,33.982967670932517],[-116.8349314707862,33.982977557060394],[-116.83487740695796,33.982987443162884],[-116.83476927819608,33.983007215486374],[-116.83471521432679,33.983017101512722],[-116.83472726071001,33.983061469726039],[-116.8345771152411,33.983135495892853],[-116.8344269694874,33.9832095218581],[-116.83438495058985,33.983263776154217],[-116.83434293293529,33.98331803111008],[-116.83419278660776,33.983392056754454],[-116.83413872239851,33.983401942506838],[-116.83415076851313,33.983446310758218],[-116.83388044605117,33.983495739359775],[-116.83383842768338,33.983549993243024],[-116.83378436331988,33.983559878828089],[-116.8337302989425,33.983569764387731],[-116.83367623455145,33.983579649921872],[-116.83359191354504,33.983269070916684],[-116.83357986777561,33.983224702597134],[-116.83356782201994,33.983180334273833],[-116.83350171216557,33.983145851404885],[-116.83348966646658,33.983101483068978],[-116.83343560236968,33.983111368496644],[-116.83329133714577,33.982998033326808],[-116.83327929158934,33.982953664960718],[-116.83321318205458,33.982919181917161],[-116.83320113655475,33.982874813538437],[-116.83314707151415,33.982884699028986],[-116.83309300752403,33.982894584299409],[-116.83303894352024,33.982904469544678],[-116.83299692488583,33.98295872316374],[-116.83294286082536,33.982968608363059],[-116.83290084208949,33.983022861942771],[-116.83284677797246,33.983032747096736],[-116.83285882329511,33.983077115503306],[-116.8326666561984,33.983205393796112],[-116.83257057282673,33.983269532281057],[-116.83251650849681,33.983279417277629],[-116.83246244415311,33.983289302248927],[-116.83240837979582,33.983299187194703],[-116.83238428960814,33.983210450309031],[-116.83237224429774,33.983166080987047],[-116.83239017334201,33.983023090703547],[-116.83237812829418,33.982978722244944],[-116.83236608326025,33.982934353782795],[-116.83235403823994,33.982889985316604],[-116.83234199323334,33.982845616846767],[-116.83238401226244,33.982791363457899],[-116.83235992202222,33.982702625636293],[-116.83234787704122,33.982658257156508],[-116.83237785098245,33.982559635269972],[-116.83236580601334,33.982515266784006],[-116.83239577987709,33.982416644875101],[-116.8323716899763,33.982327907886919],[-116.83235964480929,33.982283538513826],[-116.83238961859179,33.982184916577268],[-116.83237757367377,33.982140548071193],[-116.83236552876947,33.982096179561545],[-116.83235348387893,33.982051811048009],[-116.83234143900212,33.982007442530772],[-116.83238345864437,33.981953188889413],[-116.83226301023737,33.981509502649715],[-116.83225096549572,33.981465134092495],[-116.83223892076784,33.981420765531389],[-116.8322268758165,33.981376396093069],[-116.83221483111608,33.981332027524438],[-116.83220278642925,33.981287658952098],[-116.83219074175608,33.981243290375865],[-116.83217869709672,33.981198921796064],[-116.83216665245109,33.981154553212392],[-116.83215460781904,33.98111018462496],[-116.83217253678968,33.980967194000414],[-116.83221455468765,33.980912939669437],[-116.83220251006567,33.980868571073501],[-116.83224452812671,33.980814317598252],[-116.8322745014901,33.980715695506753],[-116.83232856407353,33.980705810590884],[-116.83231651941863,33.980661441994897],[-116.83241259978637,33.980597303507615],[-116.83250867999608,33.980533164935252],[-116.83265882348246,33.980459141010193],[-116.83264677867791,33.980414772434692],[-116.83270084100548,33.980404887341116],[-116.83268879594834,33.980360517893381],[-116.83273081339736,33.980306264206568],[-116.8327187685755,33.980261895629958],[-116.83274874112684,33.980163273346307],[-116.83273669631679,33.98011890476333],[-116.83272465152051,33.980074536176673],[-116.83274846183367,33.979744184868181],[-116.83283249592621,33.979635677347076],[-116.83282045115001,33.97959130874294],[-116.8328084063876,33.97954694013508],[-116.83285042437933,33.97949268615411],[-116.83283837961501,33.979448317543806],[-116.83289244124842,33.979438432348637],[-116.83288039623154,33.979394062866248],[-116.83286835146539,33.979349694253429],[-116.83285630671296,33.979305325636894],[-116.83284426197423,33.979260957016599],[-116.8322493068664,33.978950603836424],[-116.83230336822952,33.978940718910032],[-116.83234538518175,33.978886465264928],[-116.83233334079834,33.97884209656776],[-116.83203894470901,33.978802783760443],[-116.83197283924108,33.978768299826363],[-116.83196079508775,33.978723931083913],[-116.83169048866951,33.978773354676107],[-116.83163642734469,33.978783239318467],[-116.83140813676002,33.978778408158384],[-116.83134203159163,33.978743923863171],[-116.83128797024307,33.978753808343143],[-116.83122186514871,33.97871932397809],[-116.8305910583672,33.978694944795627],[-116.83052495363084,33.978660460030213],[-116.830458848953,33.978625975225548],[-116.83009834993121,33.978552171754487],[-116.83008630687769,33.9785078028047],[-116.83002020252307,33.978473317742967],[-116.82995409822691,33.978438832641871],[-116.82988799398929,33.978404347501467],[-116.82980984694186,33.97832549333291],[-116.8297196572548,33.978202270098734],[-116.82965355202003,33.978167784135209],[-116.82952134432837,33.978098813448284],[-116.82946728319627,33.978108697086292],[-116.8294431979579,33.9780199590016],[-116.82938913687039,33.978029842604244],[-116.82925692964641,33.977960871603088],[-116.82919082612204,33.977926386043841],[-116.82899251459853,33.977822928451246],[-116.82893845359057,33.977832811846071],[-116.82881828930955,33.977808209438081],[-116.8286320219772,33.977749121018356],[-116.82857796097476,33.977759004245804],[-116.82851185792167,33.977724518289932],[-116.82793512108319,33.977690241410599],[-116.82782699790556,33.977710007385035],[-116.82776089522608,33.977675520998361],[-116.82774885363756,33.977631151756007],[-116.82769479260502,33.977641034572429],[-116.8275746287746,33.977616429994384],[-116.82745446525718,33.977591826164485],[-116.82733430181548,33.977567222208904],[-116.8272561581887,33.977488366232933],[-116.82724411691622,33.977443996927313],[-116.8271239527044,33.977419392943311],[-116.82700378963261,33.977394788639444],[-116.82688362663667,33.977370184210102],[-116.82664330063515,33.977320974101538],[-116.82653517764199,33.977340738879221],[-116.8264690758466,33.977306251738831],[-116.82641501487711,33.977316133961729],[-116.82640297410968,33.977271764559148],[-116.82634891315577,33.977281646751706],[-116.82618673021156,33.977311293177564],[-116.82516546746854,33.977311689233076],[-116.82492514190417,33.977262476622634],[-116.82487108076938,33.97727235812539],[-116.8246427960908,33.977267513423492],[-116.8246548360931,33.977311883883004],[-116.82466687587223,33.977356253465338],[-116.82471503512556,33.977533731756871],[-116.82472707497315,33.977578101320368],[-116.8247391148345,33.977622470880021],[-116.82477523473754,33.977755580409969],[-116.82478727465363,33.977799949954665],[-116.82474525302932,33.9778542009322],[-116.82476933287153,33.977942940012895],[-116.8247152712454,33.977952821434371],[-116.82439090013641,33.978012109625055],[-116.82433683841421,33.978021990869038],[-116.8242827766786,33.978031872087669],[-116.82427073701368,33.977987502503524],[-116.824246657725,33.977898763324376],[-116.82423461810119,33.97785439372899],[-116.82407833646101,33.97769667671691],[-116.82401223545038,33.977662188189569],[-116.82392205568993,33.977538960335572],[-116.8239100163063,33.977494590686064],[-116.82389797693648,33.977450221033031],[-116.82376577424967,33.977381243032504],[-116.82369967364457,33.977346754312954],[-116.82363357309784,33.977312265554147],[-116.8235795117649,33.977322146453147],[-116.82351341129224,33.977287657624636],[-116.82344731087802,33.977253168756732],[-116.82336917149581,33.97717431012596],[-116.82330307124138,33.977139821170844],[-116.82324900998616,33.977149701917824],[-116.82323697104556,33.9771053321765],[-116.82312884748812,33.977125093778781],[-116.8230086858932,33.977100484446346],[-116.82288852461097,33.977075875861843],[-116.82266024086772,33.97707102812339],[-116.82259413995014,33.977036538953662],[-116.8225821013995,33.976992169137702],[-116.82252804015519,33.977002049549967],[-116.82246194041876,33.976967560107099],[-116.82239584074074,33.976933070624888],[-116.82232974112118,33.976898581103441],[-116.82226364156017,33.976864091542971],[-116.82220958036436,33.976873971808033],[-116.82214348087726,33.976839482177866],[-116.82213144237639,33.976795111430427],[-116.82198720443499,33.97668176233352],[-116.82197516628435,33.976637392434455],[-116.82171076990326,33.976499433100827],[-116.82165670889019,33.976509313112579],[-116.82163263279496,33.976420572348957],[-116.82157857182662,33.976430452325154],[-116.82145841202788,33.976405842235472],[-116.82133825124075,33.976381232214742],[-116.82112791775718,33.976233391638907],[-116.82107385685471,33.976243271381684],[-116.82060525612947,33.976189198416897],[-116.82048509677264,33.976164586436099],[-116.82017868078488,33.976080873059921],[-116.82011258180377,33.976046382429857],[-116.81998038614532,33.975977400662927],[-116.81996834924496,33.975933030515328],[-116.81980616668012,33.975962668055104],[-116.81979412988122,33.975918297888477],[-116.81921740999512,33.975883976635643],[-116.81910928817675,33.975903734320852],[-116.81898912996854,33.975879121652063],[-116.81888100703486,33.975898879318684],[-116.81877288511062,33.975918636689521],[-116.81866476313159,33.975938393958764],[-116.81855664109769,33.975958151126598],[-116.81838242088035,33.975943416570786],[-116.81827429876806,33.975963173474611],[-116.81815414073182,33.97593855994144],[-116.81804601856842,33.975958316632507],[-116.81788383415638,33.97598795167314],[-116.81777571185604,33.976007708110487],[-116.81772165068541,33.976017586291192],[-116.81712697583964,33.976126244798245],[-116.81703088841118,33.976190370967565],[-116.81697682701947,33.976200248798129],[-116.8168687041951,33.976220004383201],[-116.81670651879173,33.976249637764901],[-116.81659839583045,33.97626939309631],[-116.81639418466176,33.976353273953798],[-116.81623199880087,33.976382906665904],[-116.81612387553469,33.976402661550779],[-116.81606981388103,33.976412538955145],[-116.8160157522137,33.976422416334373],[-116.81591966350682,33.976486541557222],[-116.81582357464187,33.976550666694976],[-116.8158356092797,33.976595037238575],[-116.81575155399138,33.976703533911603],[-116.81569749208208,33.976713411138398],[-116.81561343730139,33.976821906627201],[-116.81557140982331,33.976876154342968],[-116.81547532019216,33.976940279159898],[-116.81542125808376,33.976950156254709],[-116.81537923040298,33.977004403891982],[-116.8153251671737,33.977014281135624],[-116.81527110499501,33.977024158159367],[-116.81506689042281,33.977108036595119],[-116.81495876585632,33.977127790373835],[-116.81486267434718,33.977191914856292],[-116.81475454961264,33.97721166844206],[-116.81464642482337,33.977231421926412],[-116.81459236240821,33.97724129863073],[-116.81448423753676,33.977261051962856],[-116.81443017508039,33.977270928590833],[-116.81437611261055,33.977280805193551],[-116.81432204906265,33.977290681965407],[-116.81421392405429,33.97731043504384],[-116.81405173643904,33.977340064471534],[-116.81388954870066,33.977369693670809],[-116.81356517178986,33.977428951578887],[-116.81351110910076,33.977438827775664],[-116.81307860603161,33.977517836631655],[-116.81302454321933,33.977527712600228],[-116.81297048039345,33.977537588543399],[-116.81275422895277,33.977577092062198],[-116.81264610208612,33.977596843863999],[-116.81259203916439,33.97760671962974],[-116.81252594330947,33.977572224541525],[-116.81245984751298,33.977537729414259],[-116.81239375177509,33.977503234247614],[-116.81226156047451,33.977434243796772],[-116.81219546491199,33.977399748512333],[-116.81193108194518,33.977261766303499],[-116.81186498667493,33.977227270822929],[-116.81161263849719,33.97713365945998],[-116.81160060617856,33.977089288508203],[-116.81140232035598,33.976985801554569],[-116.81029090413412,33.97686282776494],[-116.81023684142305,33.976872702440318],[-116.810104653099,33.976803709471405],[-116.81009262168931,33.976759338344294],[-116.80922152433162,33.976685597688878],[-116.8091674616079,33.976695471867032],[-116.80910136697563,33.976660974978493],[-116.80903527346594,33.976626477856186],[-116.80896918001481,33.976591980694678],[-116.80890308662205,33.976557483494076],[-116.80882496240571,33.97647861410568],[-116.80881293177404,33.976434242827281],[-116.80856058982508,33.976340624718063],[-116.80854855936516,33.976296253404236],[-116.80849449682606,33.976306127273162],[-116.80841637244734,33.97622725865164],[-116.80835027960818,33.976192761119378],[-116.80815200120468,33.976089267413421],[-116.8080318461692,33.976064643380077],[-116.80801981605264,33.976020271995566],[-116.80783356768656,33.97596115017982],[-116.80776747533071,33.975926652303151],[-116.80752716607928,33.975877403302562],[-116.80751513627875,33.975833031855018],[-116.80732888956975,33.975773908145449],[-116.80726279759574,33.975739409972519],[-116.80702248817568,33.975690160106986],[-116.80690233411164,33.975665534888989],[-116.80659593360124,33.975581785710077],[-116.80635562591547,33.975532533382939],[-116.80595907769417,33.975325540553648],[-116.80585095329241,33.975345285872301],[-116.80500988144416,33.975172897446306],[-116.80499785318415,33.975128525697492],[-116.80493176278807,33.975094026165593],[-116.80481161030241,33.975069398759054],[-116.8043309998174,33.974970887200101],[-116.80404866014869,33.974975874866338],[-116.80392850812378,33.974951246539931],[-116.80374226647595,33.974892117868087],[-116.80368820430185,33.974901989510535],[-116.80356805144038,33.97487736100198],[-116.80350196188944,33.97484286064298],[-116.80331572082378,33.97478373127683],[-116.803249631227,33.974749229896076],[-116.80323760403385,33.974704857940317],[-116.80299730034299,33.974655599656025],[-116.8029191842401,33.974576726965374],[-116.80286512218034,33.974586598227539],[-116.80281106010689,33.974596469464196],[-116.80224042857022,33.974793795708386],[-116.80191009720514,33.975040381176825],[-116.80181399860517,33.975104494806459],[-116.80150164927713,33.975208090973844],[-116.80137553876935,33.975370819225752],[-116.80133350217125,33.975425061873622],[-116.80073284982309,33.975720996070891],[-116.80069081258927,33.975775238461196],[-116.80059471208166,33.975839351018607],[-116.80060673794638,33.975883723184651],[-116.80010218048261,33.976115540523814],[-116.80004811593564,33.976125410645537],[-116.80000607800764,33.976179652759384],[-116.79985591284299,33.976253634551576],[-116.79974778560988,33.976273374147475],[-116.79969372197286,33.976283243907524],[-116.79904495619664,33.976401679242947],[-116.79877463592094,33.976451026334573],[-116.79865448328921,33.976426392581665],[-116.79860041940763,33.976436261829193],[-116.79843822661701,33.976465869614131],[-116.7983841626808,33.97647573876025],[-116.79801773924486,33.976589194467572],[-116.79796367517002,33.976599063415819],[-116.79797569965505,33.976643435811937],[-116.79793365917922,33.976697678205234],[-116.79783755526873,33.97676178839891],[-116.79763332263876,33.976845636114732],[-116.79753721829923,33.976909746046871],[-116.79707468558959,33.977087308739385],[-116.79689449813921,33.977259900220005],[-116.79679839291859,33.977324010378702],[-116.79634787976849,33.977545942540239],[-116.7963178621978,33.977644555723828],[-116.79626379717631,33.977654423865047],[-116.79620376166301,33.977851650141318],[-116.79621578557661,33.977896023522781],[-116.79617374402926,33.977950264122505],[-116.796197791393,33.978039009129816],[-116.79605964160039,33.978157358511503],[-116.79602962343,33.978255971543405],[-116.79604164707021,33.978300344046637],[-116.7958734794104,33.978517306840182],[-116.79583143729002,33.978571547272779],[-116.79574735287397,33.978680028080639],[-116.79570530951392,33.9787342686503],[-116.79560920126242,33.978798376827996],[-116.79530885222334,33.978946328311665],[-116.79526680971586,33.979000569383025],[-116.79523678915427,33.979099182297652],[-116.79501455095804,33.97932601036468],[-116.7950265741857,33.979370382912883],[-116.79502060097153,33.979557741477898],[-116.79503262423832,33.979602114012231],[-116.79496056084947,33.979754966630793],[-116.79490649419331,33.979764834111606],[-116.79488849611394,33.97990781936867],[-116.79490051935956,33.97995219189702],[-116.79475034232536,33.980026167585272],[-116.79470829861057,33.980080407505667],[-116.79461218788073,33.980144514745611],[-116.79444998586457,33.980174116803923],[-116.79431183070214,33.980292463583588],[-116.7942577635914,33.98030233075476],[-116.79417367512056,33.980410810180622],[-116.79411960791016,33.980420677285728],[-116.79342875330927,33.980593320379079],[-116.79344077583004,33.980637693019979],[-116.79293616655042,33.980869478600503],[-116.79294818883356,33.980913851277144],[-116.79290614338694,33.98096809048166],[-116.79286409788193,33.981022329667212],[-116.79287612014762,33.981066702342567],[-116.79282205231844,33.981076568833771],[-116.79272593881056,33.981140674426861],[-116.79267187091109,33.981150540846947],[-116.79256373507111,33.981170273611127],[-116.79250966713069,33.981180139955079],[-116.79245559811214,33.981190006467919],[-116.79199302951433,33.981367547697978],[-116.79193896030054,33.981377413967287],[-116.79184284593283,33.981441519676153],[-116.79178877771302,33.981451385680053],[-116.79163859460411,33.981525356317803],[-116.79147638858764,33.981554954158696],[-116.79105586277093,33.981678252929747],[-116.79101381559624,33.981732491394439],[-116.79095974600565,33.981742357201895],[-116.79060530812899,33.981900161516023],[-116.79055123943471,33.981910026936447],[-116.79037102640658,33.982082607203793],[-116.7903169575561,33.982092472512626],[-116.79011270288238,33.982176306393271],[-116.78990844694182,33.982260140972485],[-116.78974623980487,33.982289736167779],[-116.78936775494229,33.982358790929929],[-116.78932570622673,33.982413028734577],[-116.78933772669365,33.982457401698596],[-116.78929567790405,33.982511639485409],[-116.78930769836904,33.982556012447141],[-116.78931971884766,33.982600385404922],[-116.78916354364662,33.982861710205611],[-116.78910947410338,33.982871574940646],[-116.78907944533077,33.982970185577869],[-116.78903739502071,33.983024423429711],[-116.78904941541776,33.983068796389105],[-116.78895329635388,33.983132898688133],[-116.78891124693276,33.983187136288599],[-116.78841862779576,33.983463274379837],[-116.78836455774113,33.983473138759685],[-116.78816632602735,33.983788698590594],[-116.78811225571543,33.983798562848548],[-116.78812427570539,33.983842935860153],[-116.78808222532489,33.983897173110542],[-116.78804017488589,33.983951410342115],[-116.78802216455269,33.984094394447958],[-116.78796809401049,33.984104258634737],[-116.7878659817754,33.984355716127617],[-116.78782393093877,33.984409953248992],[-116.78732530681856,33.984873442503265],[-116.78733732652654,33.984917815535844],[-116.78725322369,33.985026290171234],[-116.78718114004212,33.985179136891247],[-116.78707299722718,33.985198864426565],[-116.7868807493773,33.985327065504521],[-116.78683869733177,33.985381302200892],[-116.786820684229,33.985524284986028],[-116.7868327039867,33.985568658907695],[-116.78684472352143,33.98561303195217],[-116.78689280179749,33.985790524092316],[-116.78690482140064,33.985834897117982],[-116.78691684101749,33.985879270139897],[-116.78692886064802,33.985923643157911],[-116.78694088029235,33.9859680161724],[-116.78696491985846,33.986056763063218],[-116.78702501842147,33.986278628041532],[-116.78700700545294,33.986421610692041],[-116.7870310452342,33.986510357517979],[-116.78704306502695,33.986554730488564],[-116.78700101243231,33.986608967159349],[-116.78701303222314,33.986653340127496],[-116.78702505202777,33.986697713091843],[-116.78697097955447,33.986707576780297],[-116.78698299934342,33.986751949745909],[-116.7869950191461,33.986796322707967],[-116.78697700623975,33.986939306133216],[-116.78698902606789,33.986983679085142],[-116.7869710128705,33.98712666160192],[-116.78706717231918,33.98748164590647],[-116.78703713918888,33.987580255435063],[-116.78712127944091,33.987890866596651],[-116.78713329949784,33.98793523947996],[-116.78723545328326,33.988102867206393],[-116.78724747343779,33.988147240065977],[-116.78748181568412,33.988383886451757],[-116.78750585637385,33.988472632084076],[-116.78769814711045,33.988763514624019],[-116.78771016763002,33.988807887398117],[-116.78801060903307,33.98907904106855],[-116.78802262977916,33.98912341379242],[-116.78804667131234,33.989212159228785],[-116.78811276620264,33.989246667777138],[-116.78812478703266,33.989291040480907],[-116.7882569770745,33.989360057442234],[-116.78833509339229,33.989438939411166],[-116.78846728387094,33.989507956119311],[-116.78849132602883,33.989596701420005],[-116.78856944258403,33.989675582333497],[-116.7887256774697,33.989833344658201],[-116.78874972002194,33.989922089868621],[-116.78876174131857,33.989966462468139],[-116.78877979362525,33.990242562669209],[-116.78879181522503,33.990286936121031],[-116.78879784736097,33.990518663449727],[-116.78879789049654,33.990937746237904],[-116.78875583675874,33.990991983243021],[-116.78876785822379,33.991036355781553],[-116.78879190119488,33.991125100847206],[-116.78882796599072,33.99125821929114],[-116.78879793363252,33.991356828802424],[-116.78877393359039,33.991687166152637],[-116.7887439009987,33.991785775595943],[-116.78864781220439,33.992268959202505],[-116.78860575764435,33.992323196061228],[-116.78862980082771,33.992411941015447],[-116.7885997677746,33.992510550330685],[-116.78854569146985,33.99252041468133],[-116.78844352908088,33.992352789052781],[-116.78843150759754,33.99230841655492],[-116.78835338854438,33.992229535812655],[-116.78834136713127,33.992185163298331],[-116.78820917198901,33.992116145808005],[-116.78814307355955,33.992081637634811],[-116.7880529338112,33.991958384118369],[-116.78777053266489,33.991963331790181],[-116.78771645663474,33.991973195760522],[-116.78765638848071,33.992170414007113],[-116.78761433221969,33.992224650707023],[-116.78747015298563,33.992530342594392],[-116.78745213938927,33.9926733241766],[-116.78741008377949,33.992727560573464],[-116.78742210474624,33.992771933153634],[-116.78739207026395,33.992870542983994],[-116.78731997857265,33.993023388458333],[-116.78734402050864,33.99311213360042],[-116.78710373926542,33.993901005934596],[-116.78707370370901,33.993999614667345],[-116.78708572468054,33.994043987210574],[-116.7870977456656,33.994088359750201],[-116.78710976666457,33.994132732285948],[-116.78712178767709,33.994177104818178],[-116.78707973019866,33.994231342058931],[-116.78709175120929,33.994275714588497],[-116.78710377223359,33.994320087114453],[-116.78709777860165,33.994507440830226],[-116.78704370072207,33.99451730445454],[-116.78700767121796,33.994803267608624],[-116.78701969227569,33.994847640113441],[-116.78696561415028,33.994857503697119],[-116.78694759909121,33.99500048477784],[-116.78690554187538,33.995054720830971],[-116.78685749056791,33.995296311253938],[-116.78681543206531,33.995350547448119],[-116.78682745309814,33.995394919942136],[-116.78677337456881,33.995404783429137],[-116.78676738005974,33.995592136869568],[-116.78673734366322,33.995690746176457],[-116.78676138575844,33.995779491138336],[-116.78673134904555,33.995878099546893],[-116.78674337011176,33.995922472019757],[-116.78669531776713,33.996164062109131],[-116.78671935996049,33.99625280702643],[-116.78670737076013,33.996627514326342],[-116.78671939192834,33.996671886759451],[-116.78676747673772,33.996849376454399],[-116.78673743962032,33.996947984730468],[-116.78671942283196,33.997090966463468],[-116.78667736432989,33.997145202289609],[-116.78668938556081,33.997189574696705],[-116.78664732698462,33.997243810505054],[-116.78665934821365,33.997288182909728],[-116.78667136945634,33.997332555310635],[-116.78668339071267,33.997376927707677],[-116.78669541198269,33.997421300101109],[-116.78670743326647,33.997465672490669],[-116.78666537479064,33.997519909160204],[-116.78662331601963,33.997574144937097],[-116.78663533728586,33.997618517325591],[-116.78652118180824,33.997825596934959],[-116.7865332030552,33.997869969319908],[-116.78649114400343,33.997924205024667],[-116.78644908489316,33.997978440710618],[-116.78644308857908,33.998165794589141],[-116.78645510983398,33.99821016696287],[-116.78641305054441,33.998264402615959],[-116.78637099119629,33.998318638250069],[-116.78638301243379,33.998363010622725],[-116.78639503368495,33.998407382991616],[-116.78634095301165,33.998417246239036],[-116.78635297424712,33.998461618609198],[-116.78629889353088,33.998471481836347],[-116.78632293622113,33.998560227449246],[-116.78628087665088,33.998614463030073],[-116.78629289788263,33.998658835395688],[-116.78630491912811,33.998703207757302],[-116.78627488071166,33.998801815680885],[-116.78628690196894,33.998846188036396],[-116.78625686347461,33.998944795937597],[-116.78630494886941,33.99912228618556],[-116.78626288898342,33.999176521721211],[-116.78623285033154,33.999275129574862],[-116.78619078924827,33.999329365267911],[-116.78621483184334,33.999418109933174],[-116.78615475439256,33.999615326408204],[-116.78612471543471,33.999713934178644],[-116.78613673674722,33.999758306498407],[-116.78606463752803,33.999911150532888],[-116.78607665883665,33.999955522847692],[-116.78608868015898,33.999999895158552],[-116.78645529182802,34.00072463508257],[-116.78641323141892,34.000778871436069],[-116.7864252530597,34.000823243665728],[-116.78644929638234,34.00091198811387],[-116.78640723563119,34.000966223578708],[-116.78641925729755,34.001010595798405],[-116.78628105302701,34.001128929859057],[-116.78615486906824,34.001291637036118],[-116.78610078636403,34.001301500135149],[-116.78602868541073,34.001454342974306],[-116.78601066710927,34.001597322711021],[-116.78596860568345,34.001651557969417],[-116.7858965043839,34.001804401531956],[-116.78590252880606,34.002036125619476],[-116.78592657190784,34.002124870039431],[-116.78588450907426,34.002179105425178],[-116.78584244724678,34.002233340597563],[-116.78585446902368,34.002277713678147],[-116.78586649057746,34.002322085881389],[-116.78582442866033,34.002376321037382],[-116.78578236668474,34.002430556174424],[-116.78574030465059,34.002484791292666],[-116.78565618040665,34.002593261471802],[-116.78566820189643,34.002637633677857],[-116.78558407762391,34.002746104657128],[-116.78559609909618,34.002790476861932],[-116.78551197325726,34.002898947088433],[-116.78545788935679,34.002908809867229],[-116.78533170162758,34.003071514712275],[-116.78534372300641,34.003115886925087],[-116.78531368167427,34.003214494047057],[-116.78527161912788,34.003268729814522],[-116.78521753494044,34.003278592476455],[-116.78517547205583,34.003332827331057],[-116.78506130326983,34.003539904193104],[-116.78501924013563,34.003594138973121],[-116.78503126141723,34.003638511188775],[-116.78497717694297,34.003648373733952],[-116.78491709310187,34.003845588507914],[-116.78488705094907,34.00394419542787],[-116.78480292394345,34.00405266478645],[-116.7848149451725,34.004097036998957],[-116.78476086035288,34.004106899437183],[-116.78477288156638,34.004151271650841],[-116.78478490279355,34.004195643860974],[-116.78474283804874,34.004249878689521],[-116.78475485951066,34.004294251770609],[-116.78471279575635,34.004348486387165],[-116.78469477437292,34.004491465394182],[-116.78470679560809,34.004535837592968],[-116.78465271047038,34.004545699975431],[-116.78466473168992,34.004590072175652],[-116.78461064650928,34.004599934537652],[-116.78462266771331,34.004644306739287],[-116.78463468893111,34.004688678937143],[-116.78459262488032,34.004742913483035],[-116.78456258220805,34.004841521079975],[-116.78457460342202,34.004885893273055],[-116.78449047496557,34.004994362275134],[-116.78450249616205,34.005038734467007],[-116.78447245302512,34.005137341130116],[-116.78443038755478,34.005191575780437],[-116.78444240874755,34.005235947967471],[-116.78445443019056,34.005280321024031],[-116.78442438689962,34.005378927644763],[-116.78443640811791,34.005423299821786],[-116.78439434353288,34.005477534245166],[-116.78435227888932,34.00553176864949],[-116.78432223537247,34.005630375212],[-116.78433425657127,34.005674747385598],[-116.78429219201615,34.005728982627957],[-116.78430421321309,34.005773354799061],[-116.78426214834725,34.0058275891504],[-116.78417801844003,34.005936057795942],[-116.7840638431927,34.006143132991106],[-116.78402177796012,34.006197367229483],[-116.78397971290573,34.006251602322685],[-116.78393764755606,34.006305836523261],[-116.78394966864023,34.006350208698535],[-116.78383549324455,34.006557283365815],[-116.78384751430929,34.006601655537601],[-116.78380544867883,34.006655889666035],[-116.78376338192516,34.006710123969611],[-116.78372131641434,34.006764358933644],[-116.78367925060833,34.006818593005065],[-116.78355305283915,34.006981295105277],[-116.78356507380857,34.007025667282718],[-116.78343887546592,34.007188369215818],[-116.7833547421168,34.007296838143958],[-116.78336676302193,34.007341210323922],[-116.78318647637241,34.007513773636745],[-116.78309032235107,34.007577869077345],[-116.78269368301521,34.007789877962587],[-116.78259752824823,34.007853972971809],[-116.78235112959223,34.007992025067246],[-116.78229704175875,34.008001886306474],[-116.78230906217061,34.008046258556782],[-116.78175015406545,34.00828784765833],[-116.78169606595075,34.008297708613235],[-116.78154582155233,34.008371663636858],[-116.78140759577136,34.008489990971661],[-116.78131143908362,34.008554084856378],[-116.78117321392472,34.008672412563371],[-116.78111912547034,34.008682273244219],[-116.78106503700224,34.008692133899544],[-116.78068040611399,34.008948507919193],[-116.78059626785566,34.009056973534285],[-116.78054217906146,34.009066833940757],[-116.78050010873676,34.009121066893556],[-116.78039193102144,34.009140787589786],[-116.78029577269599,34.009204880578523],[-116.78019961444903,34.009268974355805],[-116.78009143645247,34.009288694767747],[-116.77988709846819,34.009372507908417],[-116.77973685028255,34.009446460485094],[-116.77964069104152,34.009510552905226],[-116.77949044129123,34.009584505343504],[-116.77943635199114,34.00959436522718],[-116.77938226267747,34.009604225085425],[-116.77928610295029,34.009668317198447],[-116.77917792416856,34.009688036747484],[-116.77908176417,34.009752128683886],[-116.77871515518844,34.009865518700899],[-116.77866106559541,34.009875378219121],[-116.77861899459063,34.009929610239055],[-116.7785228340713,34.00999370256563],[-116.77837258232947,34.010067653508536],[-116.77831849255286,34.010077512864228],[-116.77827642120072,34.01013174474577],[-116.77822233136739,34.010141604055868],[-116.7781682415204,34.010151463340407],[-116.77801798913832,34.010225413808833],[-116.77796389920738,34.010235272996894],[-116.77720061902247,34.010560648545017],[-116.77709243847505,34.010580366124273],[-116.77703834818082,34.010590224875685],[-116.77693016648637,34.010609942496821],[-116.77687607615113,34.010619801172211],[-116.77623900737449,34.010782476217464],[-116.77613082627602,34.010802192892996],[-116.77575219093548,34.010871200652659],[-116.77569810027001,34.010881058774665],[-116.77564400959074,34.01089091687129],[-116.77553582819127,34.01091063298859],[-116.77457420748949,34.011132446743595],[-116.77452011649376,34.0111423043125],[-116.77447804216123,34.011196535614751],[-116.77421960200552,34.011290196077759],[-116.77416551085541,34.011300053478962],[-116.7740693447479,34.011364141123892],[-116.77401525352757,34.011373998454083],[-116.77391908720536,34.011438085968216],[-116.77386499484979,34.011447943421288],[-116.77382291966009,34.011502173591346],[-116.77372675302168,34.011566260935524],[-116.77367266161777,34.011576118103143],[-116.77361857020014,34.011585975245573],[-116.77357649476453,34.011640205316411],[-116.7730956572984,34.011960641175193],[-116.77295741339343,34.012078957694499],[-116.77291533616699,34.012133187685393],[-116.77198969135095,34.012907169668502],[-116.77190553672874,34.0130156284267],[-116.77177930459287,34.013178317294987],[-116.77172521182416,34.013188173533401],[-116.77161099287873,34.013395234549336],[-116.77153885233254,34.013548066023745],[-116.77140060348631,34.013666381320704],[-116.7713585253849,34.013720610443201],[-116.7711481329349,34.013991755964874],[-116.77107599116592,34.014144587908945],[-116.7710880061378,34.014188960977833],[-116.77096177015937,34.014351647840229],[-116.77087761254775,34.014460105653406],[-116.77084754854624,34.014558707604571],[-116.7708174836403,34.014657310603056],[-116.77078741948671,34.014755912513891],[-116.77075735525699,34.014854514404647],[-116.77071527606677,34.014908743212018],[-116.77067319681804,34.014962972000383],[-116.77068521168692,34.015007345065136],[-116.77065514746749,34.015105947771396],[-116.77062508293545,34.015204549584176],[-116.77058300346431,34.015258778319435],[-116.77054690375623,34.015544727950861],[-116.77050482321862,34.015598957701883],[-116.77044469331811,34.01579616110623],[-116.77045670818526,34.015840534147898],[-116.77043860245084,34.016402578097498],[-116.77039048695275,34.016644155143531],[-116.77034840654132,34.016698383694809],[-116.77036042149274,34.016742756695749],[-116.7703303559567,34.016841358227715],[-116.77032431945254,34.017028706788139],[-116.77030626874723,34.017171681257679],[-116.77025217302132,34.017181536758343],[-116.77027620297729,34.017270282722144],[-116.77025815212779,34.017413257140269],[-116.77021607144565,34.017467486464177],[-116.77018600544748,34.01756608786819],[-116.77021003544672,34.017654833802709],[-116.77023406550055,34.017743579722001],[-116.7701919843868,34.017797808140877],[-116.77020399941873,34.017842181096398],[-116.77019796359825,34.018029529218765],[-116.77020997866917,34.018073902160594],[-116.77019192751216,34.01821687642316],[-116.77020394260867,34.018261249354964],[-116.7702159577188,34.018305622283137],[-116.77022797284253,34.018349995207586],[-116.77026401853261,34.018483114831845],[-116.77027603371108,34.018527487741331],[-116.77033610980887,34.018749352232511],[-116.77034812506945,34.018793725119608],[-116.77037215586823,34.018882471755866],[-116.77039618648519,34.018971217503804],[-116.77040820181415,34.019015590372241],[-116.77043223251312,34.019104336097612],[-116.77044424788318,34.019148708954901],[-116.77045626326684,34.019193081808261],[-116.7704682786643,34.019237454657862],[-116.77042619714355,34.019291683932977],[-116.77043821253901,34.019336056780091],[-116.77046224337096,34.019424802463327],[-116.77043217586431,34.019523403881287],[-116.77041412477921,34.019666377916252],[-116.77042614022551,34.01971075074362],[-116.77039003811666,34.019996699588887],[-116.77040205360026,34.020041072400304],[-116.77041406909753,34.020085445207997],[-116.77043810036956,34.020174191685683],[-116.77045011590786,34.020218564482171],[-116.77046213145978,34.020262937274957],[-116.77047414702534,34.020307310064005],[-116.77048616260474,34.02035168284916],[-116.77044408025829,34.020405911180809],[-116.77045609583571,34.020450283963669],[-116.77046811142682,34.020494656742926],[-116.7704801270316,34.020539029518055],[-116.77049214265004,34.020583402289994],[-116.77052818982389,34.020716521455896],[-116.77049812296741,34.02081512253578],[-116.77051013863858,34.020859495290232],[-116.77051611903065,34.021091215454142],[-116.7705281347547,34.021135588191179],[-116.77058821358017,34.021357451819874],[-116.77060022938628,34.021401824534493],[-116.77061224520619,34.021446197245218],[-116.77062426103966,34.021490569952213],[-116.77063627712336,34.021534943529105],[-116.77064829298418,34.021579316228603],[-116.77066030885871,34.021623688924585],[-116.77066628951927,34.02185540798348],[-116.77067830544659,34.021899780662018],[-116.77069032138756,34.021944153336648],[-116.7706482385601,34.02199838250678],[-116.77066025449918,34.022042755179086],[-116.77067227045193,34.022087127847726],[-116.77068428641846,34.022131500512614],[-116.77069630239858,34.02217587317373],[-116.77069026612433,34.022363219615684],[-116.77064818283391,34.022417447883406],[-116.77067221509147,34.022506194050898],[-116.77061811570964,34.022516049655906],[-116.77063013171136,34.022560422302277],[-116.77065416375585,34.02264916758395],[-116.77060604506998,34.022890742811079],[-116.77063007718894,34.022979488060692],[-116.77067814159103,34.023156978515075],[-116.77069015772578,34.023201351119361],[-116.77073822263802,34.023378842372601],[-116.77081032006203,34.023645077830082],[-116.77085235057432,34.024009914800288],[-116.77090639792559,34.024419124100525],[-116.77095446384473,34.024596614117385],[-116.77096648035868,34.024640986612233],[-116.77097849712287,34.024685359976857],[-116.77103259796483,34.024675504230522],[-116.77104461453544,34.02471987671295],[-116.77111073200662,34.024754393409808],[-116.77118886620656,34.024833282528348],[-116.77124296712464,34.0248234266857],[-116.77130908477147,34.024857943264934],[-116.77138721927594,34.024936832239383],[-116.77145333814785,34.024971348537235],[-116.77165169215644,34.025074898651035],[-116.77171781019769,34.025109414985849],[-116.77177191124046,34.02509955889969],[-116.77183802935583,34.025134075164871],[-116.77197026576205,34.025203107577838],[-116.77203638511797,34.025237623531289],[-116.77209048620955,34.025227767298013],[-116.77210250346756,34.025272139639618],[-116.77245114481354,34.025301746287631],[-116.77250524589715,34.025291889861307],[-116.77261344908823,34.025272176738795],[-116.7728719364689,34.025178521709798],[-116.77298013834498,34.025158808435982],[-116.77310638867847,34.024996121404087],[-116.77316048946705,34.024986264668016],[-116.77321459024189,34.02497640790687],[-116.77320257239649,34.02493203566388],[-116.77338292143646,34.024759491694567],[-116.77343702202582,34.024749634826435],[-116.77347910463506,34.024695405705494],[-116.77346708644578,34.02465103260085],[-116.77356327050641,34.024586946339312],[-116.77364743531501,34.024478487964522],[-116.77368951763152,34.024424258748518],[-116.77377368208877,34.024315800259821],[-116.77376166402682,34.024271428037821],[-116.77388790999032,34.024108739292565],[-116.77394201006415,34.024098882180702],[-116.77390595573229,34.023965765519577],[-116.77394803865704,34.023911535980545],[-116.77392400247308,34.023822791523656],[-116.77391198440158,34.023778419289783],[-116.77389996634379,34.023734047051853],[-116.77388794829965,34.023689674810477],[-116.77385189401285,34.023556557190098],[-116.77383987602349,34.023512184933608],[-116.77382785804778,34.023467812673594],[-116.77380382213749,34.023379068142148],[-116.77387596734127,34.023226237158141],[-116.77391804858608,34.023172006900019],[-116.77399019337425,34.023019175805004],[-116.77400823867644,34.022876201819308],[-116.77406233787968,34.02286634463583],[-116.77420060030444,34.02274802821907],[-116.77424268130186,34.022693798683754],[-116.77429678034876,34.022683941388586],[-116.77440497840156,34.022664226722064],[-116.77445907740749,34.022654369350668],[-116.77453721289108,34.0227332564207],[-116.77459131192812,34.022723398988447],[-116.77466944761485,34.022802285962356],[-116.77468146596696,34.022846658172682],[-116.77482572052757,34.022960059534746],[-116.77483773899303,34.023004431719812],[-116.77484975770881,34.023048804774646],[-116.77491587544745,34.023083319373086],[-116.77492789398326,34.023127691542015],[-116.77498199324465,34.023117833932254],[-116.77504811110039,34.023152348452157],[-116.77510221036373,34.023142490786618],[-116.77511422901468,34.023186862932818],[-116.77516832829363,34.023177005236874],[-116.77518034698761,34.023221377374199],[-116.77531258310893,34.023290406139374],[-116.77542078281159,34.023270690345406],[-116.77558308066556,34.023241116754953],[-116.7755950996054,34.023285488845929],[-116.77554100030524,34.023295346739701],[-116.77549891988639,34.023349576705435],[-116.77551093903176,34.023393949672332],[-116.7754568396456,34.023403807525568],[-116.77541475804468,34.023458037647309],[-116.7754267769222,34.023502409743379],[-116.77525845413048,34.023719329269497],[-116.77527047295931,34.023763701367216],[-116.77522839209939,34.023817931202579],[-116.77524041092632,34.023862303297932],[-116.77515624923619,34.023970763787723],[-116.77511416818507,34.024024993567245],[-116.77509612464557,34.024167967517862],[-116.77512016227055,34.024256711692843],[-116.77507807997496,34.02431094163385],[-116.77510211786007,34.024399686670016],[-116.77493379222705,34.024616605478471],[-116.77494581100949,34.024660977559464],[-116.77492776701389,34.024803951369059],[-116.77493978582176,34.024848323440139],[-116.77495779854941,34.025124414260887],[-116.77503593701395,34.02520330074838],[-116.77518019562346,34.025316702398847],[-116.77524631543224,34.025351216709858],[-116.77532445441615,34.025430102980032],[-116.77533647354636,34.02547447497502],[-116.7754025935582,34.02550898918976],[-116.77541461274508,34.025553361172165],[-116.77548073392335,34.025587875145],[-116.77560095500991,34.025612531404974],[-116.77565505591087,34.025602673511933],[-116.77578729672928,34.025671702401134],[-116.77584139764778,34.025661844421833],[-116.77603975900647,34.025765386059717],[-116.77609386102296,34.025755527769839],[-116.77670699076025,34.025923177114464],[-116.77688131373054,34.025937973630406],[-116.77694743481953,34.025972486943459],[-116.77713377818509,34.026031654873748],[-116.77739826472279,34.02616970710406],[-116.77745236578309,34.02615984837869],[-116.77765073078592,34.026263388067228],[-116.77771685249166,34.026297900926956],[-116.77790319721923,34.02635706759564],[-116.77815566532448,34.026450746369022],[-116.77816768622392,34.026495118012818],[-116.77846223440106,34.026534566456455],[-116.77847425548794,34.026578938063871],[-116.77866060252738,34.026638103299476],[-116.77871470375318,34.026628243990594],[-116.7787928475277,34.026707127794637],[-116.77880486882937,34.026751499358163],[-116.7788830128186,34.026830383089212],[-116.77893711414981,34.026820523678914],[-116.77897317863145,34.026953639167637],[-116.77898520007388,34.026998010698691],[-116.77908738753187,34.027165637309189],[-116.77909940907196,34.027210008816553],[-116.77917755405575,34.027288893176568],[-116.77918957566624,34.027333264667661],[-116.77957429551046,34.027495964057103],[-116.77971856472959,34.027609358855358],[-116.77977266649584,34.027599499064586],[-116.77993497277721,34.027569919346128],[-116.78004317618642,34.02755019953625],[-116.78009727787042,34.02754033959328],[-116.78015137954078,34.027530479624879],[-116.78106509595632,34.027131138982583],[-116.78116127576484,34.02706704680881],[-116.78121537697204,34.027057186337863],[-116.78131155656588,34.026993094033351],[-116.78177442132467,34.026815605553736],[-116.78181649901177,34.026761372673008],[-116.78202088050845,34.026677557973244],[-116.78207498133655,34.02666769709591],[-116.78211705897134,34.026613464969358],[-116.78217115974284,34.026603604046564],[-116.78223728373884,34.026638114311915],[-116.78224930699078,34.026682485521945],[-116.78230340779335,34.026672624538001],[-116.78231543132495,34.026716996612613],[-116.78238155548101,34.026751506790767],[-116.78244767969572,34.026786016929606],[-116.78251380396891,34.026820527029237],[-116.78257992936564,34.026855036895647],[-116.78271217820475,34.026924056898793],[-116.7827783027122,34.026958566841394],[-116.7828324036395,34.02694870561406],[-116.7828985282211,34.026983215487022],[-116.78296465286121,34.027017725320718],[-116.78297667682249,34.027062097307393],[-116.78309690255381,34.027086745743979],[-116.78326522503936,34.027288878165784],[-116.78333135010107,34.027323387776867],[-116.7833553980757,34.02741212988947],[-116.78339147037705,34.027545243903525],[-116.78340349442598,34.027589614942833],[-116.78341551848852,34.027633985978603],[-116.78342754256487,34.027678357010494],[-116.78343956665486,34.027722728038803],[-116.78346361487586,34.027811470083911],[-116.78347563900694,34.027855841101029],[-116.7835417648796,34.027890351440867],[-116.78356581326874,34.027979093446135],[-116.78363193904922,34.028013602855651],[-116.78368604060091,34.028003741242671],[-116.78369806488828,34.028048112225868],[-116.78381829236864,34.028072759883372],[-116.7838964427567,34.028151640101434],[-116.78395054437067,34.028141778366802],[-116.78396256882995,34.028186149314848],[-116.78401667152451,34.02817628735567],[-116.78409482245385,34.028255168303161],[-116.78416094870269,34.02828967739876],[-116.78421505037913,34.028279815542504],[-116.78426915204176,34.028269953660732],[-116.78462381443596,34.02811217695411],[-116.78483419705566,34.027841011998447],[-116.78482217215343,34.027796641121625],[-116.784876273404,34.027786778950365],[-116.78489429984069,34.027643804131088],[-116.78499647920147,34.027392361997144],[-116.78498445427613,34.027347991112038],[-116.78504455630083,34.02715078304395],[-116.78518280835222,34.02703245348426],[-116.78525493462504,34.026879616121803],[-116.78529701016156,34.026825382855058],[-116.78528498515257,34.026781011969199],[-116.78533908670452,34.0267711493752],[-116.78539318717776,34.026761286949757],[-116.78545931273419,34.026795795369608],[-116.7854713378447,34.026840166236511],[-116.78553746350248,34.026874674608031],[-116.78554948866964,34.026919045462456],[-116.78556151385051,34.026963416312995],[-116.78553748912834,34.02729373808414],[-116.78546536196136,34.027446575736711],[-116.7853932358132,34.027599413994118],[-116.78537521030211,34.027742388898972],[-116.78538723551075,34.027786759721607],[-116.785345159518,34.027840992955106],[-116.78535718472476,34.027885363775283],[-116.78538123517939,34.027974105404347],[-116.78539326066392,34.028018477086718],[-116.78541731120066,34.028107218693229],[-116.7853632097962,34.028117081113187],[-116.78538726032917,34.028205822714924],[-116.78536923466673,34.028348797509445],[-116.78538125996558,34.028393168298493],[-116.78536323448553,34.028536143931667],[-116.78541133586488,34.02871362702642],[-116.78546543767726,34.028703764591548],[-116.78557364126115,34.028684039645611],[-116.78568184479016,34.028664314598046],[-116.78600645611357,34.028605138652061],[-116.78604853205871,34.028550905230794],[-116.78622886103264,34.028378342056897],[-116.78635508868911,34.028215640379138],[-116.78634306286324,34.028171269681195],[-116.78648131499011,34.028052939598034],[-116.78646928911758,34.028008568904013],[-116.78669169205247,34.027781771055459],[-116.78667966586529,34.027737399494754],[-116.78672174087352,34.027683165769396],[-116.78677584180483,34.027673302709779],[-116.78694414108035,34.027456367537283],[-116.78698621575285,34.027402133696654],[-116.78710041414094,34.027195060319229],[-116.78717253680392,34.027042221794474],[-116.78727470719829,34.026790778528131],[-116.78731678128149,34.026736544521896],[-116.78730475489962,34.026692172967387],[-116.78734682890872,34.026637938943587],[-116.78737687669665,34.026539334218441],[-116.78744899927572,34.026386495201024],[-116.78753314670456,34.026278026987583],[-116.78752112050699,34.026233656303191],[-116.78749706791643,34.02614491404988],[-116.78755116768181,34.026135050609106],[-116.7875812150175,34.02603644576849],[-116.78756918882988,34.025992075075571],[-116.78771946147801,34.025918113889041],[-116.7877074352299,34.025873743203952],[-116.78777955548001,34.025720904046246],[-116.78794784857445,34.02550396581335],[-116.78808609353381,34.025385633416967],[-116.78812816629399,34.025331399019933],[-116.78811613990376,34.025287028344238],[-116.78822433807353,34.025267300838074],[-116.78825438505119,34.025168694647085],[-116.78823033219101,34.025079953299873],[-116.78828443112459,34.02507008950365],[-116.78835654949965,34.024917249831674],[-116.78839862181876,34.024863015304319],[-116.78856691027296,34.024646076131283],[-116.78855488373878,34.024601705462892],[-116.78859695574948,34.024547470841881],[-116.788651055332,34.024537606673455],[-116.78869312724127,34.024483372013172],[-116.78873519909196,34.024429137333698],[-116.78877727088405,34.024374902635422],[-116.78887344094971,34.024310803837253],[-116.78891551258191,34.024256569080684],[-116.78895758415531,34.024202334304967],[-116.78901168238779,34.024192470158205],[-116.78910785310045,34.024128370956461],[-116.78916195126253,34.024118506738489],[-116.78965487246448,34.024261444810406],[-116.78978712316767,34.024330456964456],[-116.78979915036149,34.024374827520319],[-116.78985928677251,34.024596681116861],[-116.78988334133805,34.024685422179964],[-116.78989536864138,34.024729792705934],[-116.79005167540855,34.024887546423578],[-116.790105773978,34.02487768177452],[-116.79011780143763,34.024922052266582],[-116.79012982891091,34.024966422754865],[-116.78961893286372,34.02538552738185],[-116.78963096012444,34.025429897895968],[-116.78953478930113,34.025493997232161],[-116.78949271743201,34.025548232128884],[-116.78943861725458,34.025558096677607],[-116.78945064443933,34.025602467200898],[-116.78940857245311,34.025656702059656],[-116.78936650040839,34.025710936899308],[-116.78930641066601,34.025908148441054],[-116.78927636556242,34.026006753745023],[-116.78923429323667,34.026060988512796],[-116.78917420265319,34.026258199025264],[-116.78915618462467,34.026401175633858],[-116.78911411093743,34.026455410525088],[-116.78912613807601,34.026499781031681],[-116.78915019239423,34.026588522033521],[-116.78909609251625,34.026598386215277],[-116.78910811966661,34.02664275671566],[-116.78906604688055,34.026696991378749],[-116.78909010119121,34.026785732370996],[-116.78910212836711,34.026830102861624],[-116.7891081644905,34.027061820313222],[-116.78912019171922,34.027106190786455],[-116.78906010004123,34.027303400979413],[-116.78902406277936,34.027589352881627],[-116.78898198942377,34.027643587449191],[-116.78899401667043,34.027687957903034],[-116.78900604393088,34.027732328353018],[-116.78893392339644,34.027885168953233],[-116.78894595065307,34.027929539398372],[-116.78893995886473,34.028116885231569],[-116.78895198616053,34.028161255663051],[-116.78896401347002,34.028205626090973],[-116.78897604103003,34.028249997388365],[-116.78898806836685,34.02829436780884],[-116.78891594810538,34.028447207221774],[-116.78886184690768,34.028457071270957],[-116.78883180025916,34.028555676142297],[-116.78878972624814,34.028609910574097],[-116.78871760554253,34.028762750676066],[-116.78866350410068,34.028772614628885],[-116.78867553134032,34.028816985052387],[-116.7885493073173,34.028979688260854],[-116.78853128727653,34.029122663407442],[-116.78844713816564,34.029231131956031],[-116.78837501621324,34.029383971725117],[-116.78838704338304,34.029428342144293],[-116.78831492089357,34.029581180964449],[-116.78828487205463,34.029679785748364],[-116.78829689921872,34.029724156160299],[-116.78827887877942,34.0298671320068],[-116.78829090596901,34.029911502408773],[-116.78830293317222,34.029955872807193],[-116.7882849124538,34.030098847739431],[-116.78830896692492,34.030187588512717],[-116.78829094640065,34.030330564277278],[-116.78835108287733,34.030552416114659],[-116.78836311021368,34.030596786470852],[-116.78838716516434,34.03068552804573],[-116.78839919254176,34.030729898390696],[-116.7884112199329,34.030774268732067],[-116.78842324733778,34.030818639069615],[-116.7884352747564,34.030863009403511],[-116.78844730218863,34.030907379733556],[-116.78845932963456,34.030951750060048],[-116.78847135709425,34.030996120382632],[-116.78848338456768,34.031040490701656],[-116.78851946730659,34.031173602509391],[-116.78853149483461,34.031217972813536],[-116.788555549932,34.031306713410352],[-116.7885675775012,34.031351083703122],[-116.78859163268076,34.031439824277555],[-116.78863974344087,34.031617306254908],[-116.78865177110593,34.031661676521544],[-116.78868785418324,34.031794787299262],[-116.78873596538168,34.031972269157265],[-116.78874799315631,34.032016639394193],[-116.78871794499132,34.032115243792973],[-116.78876605621922,34.032292724693349],[-116.78877808406052,34.032337094908975],[-116.78876006389986,34.032480070358794],[-116.78874204343634,34.032623044906678],[-116.78875407131483,34.032667415106488],[-116.78881421114973,34.032889266922737],[-116.7888623230746,34.033066747609773],[-116.78892845551698,34.033101253775129],[-116.78894048357544,34.033145623928952],[-116.78895251164761,34.033189994078832],[-116.78901864423442,34.033224500187345],[-116.7890306723633,34.033268870324704],[-116.78906675706868,34.033401981587957],[-116.78907878525231,34.033446351710339],[-116.78910284166066,34.033535091944103],[-116.78912689812367,34.03362383216291],[-116.78913892637586,34.033668202266824],[-116.78912090656937,34.033811177532662],[-116.78907882992239,34.033865411709783],[-116.78894660656044,34.034215459586328],[-116.78895863480119,34.034259829675811],[-116.78897066305559,34.034304199761422],[-116.78891655779896,34.034314063763233],[-116.78892858603785,34.034358433850279],[-116.78894061429037,34.034402803933581],[-116.78895264255658,34.034447174013103],[-116.78896467083658,34.034491544088965],[-116.78893462199156,34.034590148236234],[-116.78887452431017,34.034787357343987],[-116.78889858089977,34.034876097470068],[-116.78891060921519,34.034920467527435],[-116.78892263754429,34.034964837581043],[-116.78895872261364,34.03509794771994],[-116.78898277963179,34.035186688667245],[-116.78900683646808,34.035275428726031],[-116.78901886490671,34.035319798749981],[-116.78908499933026,34.035354304727903],[-116.78916316235063,34.035433180669237],[-116.78921726835306,34.035423316566401],[-116.78929543157656,34.035502192411428],[-116.78934953867521,34.035492328053458],[-116.78976436742103,34.035556388879769],[-116.78992668648046,34.035526795462893],[-116.79041363972398,34.035438014424258],[-116.79068416988932,34.035388690542241],[-116.79073827566829,34.035378825728671],[-116.79080441090332,34.035413330722875],[-116.79085851668412,34.035403465853335],[-116.79105692385217,34.035506980314871],[-116.79118919488022,34.035575989889161],[-116.79124330072527,34.035566124841957],[-116.79147175384256,34.035571034154813],[-116.79152585964837,34.035561168975597],[-116.79163407228417,34.035541438347067],[-116.79174228379998,34.035521707810972],[-116.79188054076833,34.035403372383627],[-116.79193464640603,34.035393507011499],[-116.79196469176503,34.035294902186386],[-116.79216908472587,34.035211070489716],[-116.79222319019352,34.035201204980481],[-116.79233140108781,34.03518147388602],[-116.79238550651435,34.035171608300629],[-116.79251777814976,34.035240616387775],[-116.79257188359384,34.035230750715975],[-116.79263802057987,34.035265254476194],[-116.79265005108432,34.035309624123506],[-116.79270415655967,34.03529975839102],[-116.79284845956481,34.035413136597697],[-116.79291459576307,34.035447640386266],[-116.79298073201998,34.035482144135429],[-116.79311300470938,34.035551151516145],[-116.79317914114196,34.035585655147493],[-116.79323324674188,34.035575789171446],[-116.79347373209998,34.035625063911347],[-116.79352783768985,34.035615197798165],[-116.79369015437747,34.035585599306366],[-116.7937442599127,34.035575733091633],[-116.79420714732717,34.035398196872194],[-116.79424922123283,34.0353439609381],[-116.79434540139866,34.035279858291702],[-116.79439950663863,34.035269991767265],[-116.79480828462144,34.035102319799094],[-116.79486239074447,34.035092452862202],[-116.79495856903061,34.035028349880555],[-116.79501267401824,34.035018483066771],[-116.79506677899226,34.035008616227607],[-116.79512088395256,34.034998749363027],[-116.79554774776541,34.03510715786016],[-116.79560185273324,34.035097290772129],[-116.79581229665165,34.035245166669696],[-116.79586640168174,34.035235299459984],[-116.7959205066981,34.035225432224856],[-116.79604075041745,34.035250067656548],[-116.7962030653902,34.035220465631198],[-116.79625717035363,34.035210598238876],[-116.79631127530345,34.035200730820968],[-116.79636538023958,34.035190863377657],[-116.79647359007058,34.035171128415058],[-116.79652769603069,34.035161260701535],[-116.79669001063344,34.035131657990917],[-116.7967982203001,34.0351119227238],[-116.79685232511287,34.035102055052043],[-116.79701463946903,34.035072451884716],[-116.79706874529207,34.035062583917167],[-116.79732723551125,34.034968874619629],[-116.79736930701374,34.0349146375233],[-116.79750755436071,34.034796295292281],[-116.79754962670964,34.034742057924298],[-116.79757966471306,34.034643451562623],[-116.79756763150486,34.034599082389555],[-116.79774794872957,34.034426501734359],[-116.79780802391542,34.034229288809264],[-116.79786212798761,34.034219420655234],[-116.79790419871328,34.034165183313355],[-116.79789216539429,34.034120814147407],[-116.79788013208886,34.034076444977629],[-116.79786809879724,34.034032075804163],[-116.79785606551933,34.033987706627052],[-116.79789813695224,34.033933468203848],[-116.79788610367247,34.0338890990244],[-116.79792817420316,34.033834861651293],[-116.79803638175572,34.033815125195588],[-116.7980243484154,34.033770756023742],[-116.79807845214187,34.033760887762966],[-116.79806641878608,34.033716518592364],[-116.79810848909803,34.033662281141936],[-116.79823469968292,34.03349956867703],[-116.79828880319447,34.03348970031459],[-116.79836697472447,34.033568570038923],[-116.79868562698512,34.033696704135188],[-116.79873973057647,34.033686835564772],[-116.79875176431099,34.033731204666964],[-116.79880586791786,34.033721336066016],[-116.79881790169549,34.033765705159531],[-116.79890810705757,34.033888944644318],[-116.79892014091922,34.033933313717775],[-116.79893217479449,34.033977682787636],[-116.79902238141078,34.03410092108296],[-116.79903441537022,34.034145290132606],[-116.79910055323121,34.034179790445776],[-116.79915465710532,34.034169921687578],[-116.79931696864557,34.034140315260643],[-116.79937107246488,34.034130446401058],[-116.79965959322583,34.033938125548268],[-116.79971369686133,34.033928256526117],[-116.79975576614126,34.033874018492185],[-116.79974373181302,34.033829649502252],[-116.79991200828501,34.033612697182093],[-116.79995407701966,34.033558458181354],[-116.80002618142862,34.033405612690785],[-116.80004418137177,34.03326263653021],[-116.80003214697385,34.033218267536007],[-116.79999604362509,34.033085159657375],[-116.79998400928187,34.033040790648215],[-116.79997197495244,34.032996421635161],[-116.79995994063655,34.03295205261864],[-116.79985770070078,34.032784445643664],[-116.79979156368881,34.032749945701717],[-116.79977952951383,34.032705576652504],[-116.79976749511555,34.032661206726203],[-116.79971339130137,34.032671075983515],[-116.79970135718305,34.032626706921867],[-116.79968932307843,34.032582337856383],[-116.79962318631233,34.032547837809716],[-116.79959911823011,34.032459099650012],[-116.79958708420959,34.032414730564511],[-116.79957505020275,34.03237036147523],[-116.79956301620955,34.032325992382304],[-116.79952691407549,34.032192884207738],[-116.79950284621245,34.032104145988178],[-116.79940657507159,34.031749192087595],[-116.79931637163484,34.031625953531545],[-116.79930433790395,34.031581584370123],[-116.79928027048308,34.031492846035832],[-116.79919006730577,34.031369606468225],[-116.79912989934544,34.031147760486292],[-116.79901562985779,34.030935782296289],[-116.79896749612742,34.030758305348527],[-116.79891936261615,34.030580828341016],[-116.79890732903567,34.030536458206349],[-116.79887122908711,34.030403350400348],[-116.7987148936442,34.030245610553131],[-116.79864875929245,34.030211109848622],[-116.79846238830388,34.030151976153014],[-116.7982880518157,34.030137212183988],[-116.79813778106298,34.030211186682273],[-116.79797547725759,34.030240791604477],[-116.79793340787171,34.030295030308288],[-116.79787930653288,34.030304898544571],[-116.79778313647809,34.030369004331945],[-116.7976569300201,34.030531716947692],[-116.79766896265106,34.030576086339117],[-116.79756075950252,34.030595822532419],[-116.7974525552341,34.030615558818276],[-116.79739845361188,34.030625426826134],[-116.79733231952063,34.030590925386797],[-116.79721208388314,34.030566291829686],[-116.79714594992456,34.030531790281444],[-116.79707981602449,34.030497288693972],[-116.79702571443711,34.030507156529076],[-116.79697161283612,34.030517024339055],[-116.79690547796072,34.030482522845567],[-116.79685137636157,34.030492390599534],[-116.79683934397214,34.030448020245167],[-116.79676117818298,34.030369148985642],[-116.79674914610069,34.030324779488495],[-116.79665894851443,34.030201538642309],[-116.79664691651628,34.030157169125133],[-116.79663488453181,34.030112799604268],[-116.796622852561,34.030068430079574],[-116.79655671904889,34.030033927299989],[-116.79654468713473,34.029989557762754],[-116.79653265523443,34.029945188221937],[-116.79650859147469,34.029856449128786],[-116.79649655961526,34.02981207957685],[-116.79648452776966,34.029767710020906],[-116.79646046411962,34.029678970898125],[-116.79644843207818,34.029634600457591],[-116.7964123367469,34.029501491734166],[-116.79640030499711,34.029457122152117],[-116.7963882732611,34.029412752566387],[-116.79637624153875,34.029368382976891],[-116.79636420983022,34.029324013383686],[-116.79631608289579,34.029146534100136],[-116.79630405125576,34.029102164488457],[-116.79626795641754,34.028969055630377],[-116.79625592483218,34.028924686003641],[-116.7963280311417,34.028771842114793],[-116.79631599931577,34.02872747160977],[-116.79653837564797,34.028500655068981],[-116.79671868127966,34.028328075560623],[-116.79682688149315,34.028308340097269],[-116.79688098157933,34.028298472327585],[-116.79706734669909,34.028357607831516],[-116.79727777520031,34.028505482325073],[-116.79746414028797,34.028564618243102],[-116.79753027378321,34.028599119501052],[-116.79772867142523,34.028702623622628],[-116.79778277167095,34.028692755436822],[-116.79799917251685,34.028653282439308],[-116.79805327269409,34.028643414126456],[-116.79836584180769,34.028539834093117],[-116.79852814192276,34.028510228560776],[-116.79862431013618,34.028446121810369],[-116.79867841009042,34.028436253203026],[-116.79906914248068,34.028411541608925],[-116.79912324235463,34.028401672793436],[-116.79913527549152,34.028446042151757],[-116.79918937644604,34.028436173111686],[-116.79925550953091,34.028470673585069],[-116.79930960942237,34.028460804683377],[-116.79937574258143,34.028495305087056],[-116.79964027604007,34.028633307182332],[-116.79994687762709,34.02871706912584],[-116.79995891128154,34.028761438380982],[-116.80007914500285,34.028786069144104],[-116.80018734500122,34.028766330554127],[-116.800253478808,34.028800830443537],[-116.80031961267345,34.028835330293603],[-116.80043984768773,34.028859960485775],[-116.80056008171299,34.028884590746813],[-116.80066828172629,34.028864851710303],[-116.80154591678307,34.028751305338943],[-116.80164208150984,34.028687195424368],[-116.80179234599814,34.028613216239322],[-116.80227328404413,34.028711731626437],[-116.80233941872801,34.028746230327684],[-116.80247168827132,34.02881522761222],[-116.80297074108339,34.029189824317555],[-116.80298277653222,34.029234193232163],[-116.80320525446517,34.029426426573572],[-116.80327139016798,34.029460924711692],[-116.80352997802061,34.029786263741443],[-116.80374042264023,34.029934126231907],[-116.80380655901078,34.02996862404256],[-116.8040170048843,34.030116486870021],[-116.80402904107194,34.030160855624082],[-116.80430562562405,34.030343214453282],[-116.80442586315903,34.030367840656986],[-116.80451607345589,34.030491076304614],[-116.80458221064229,34.030525573648227],[-116.80459424721485,34.030569942320589],[-116.8046844577749,34.030693176932296],[-116.80475059520747,34.030727674171068],[-116.80477466862028,34.030816411454637],[-116.80478670534728,34.030860780090748],[-116.80491898194768,34.030929775076714],[-116.80493101877433,34.030974143691701],[-116.80500919343767,34.031053009379711],[-116.80508736825935,34.031131875007141],[-116.80509940521304,34.031176243593087],[-116.80524371861412,34.031289606953727],[-116.805388032198,34.031402969245129],[-116.80540006936484,34.031447337784606],[-116.80549028221462,34.031570571632486],[-116.80575483800264,34.031708559038684],[-116.80576687542542,34.031752927523065],[-116.8059652920338,34.031856417129838],[-116.80605550625083,34.031979650474135],[-116.80610960771688,34.031969778441415],[-116.80624188630561,34.032038772015014],[-116.80632006442828,34.032117636518556],[-116.80633210223601,34.032162004921254],[-116.8064523432174,34.032186628965725],[-116.80651848269969,34.032221125130384],[-116.80658462224062,34.032255621255906],[-116.80723384148705,34.032137152070774],[-116.80722180316978,34.032092783760291],[-116.8072518279146,34.031994174562527],[-116.80723978960917,34.031949806245834],[-116.80722775131746,34.031905437925573],[-116.80721571303954,34.031861069601405],[-116.80725777598268,34.031806828702706],[-116.80728780033481,34.031708218586523],[-116.80732986421015,34.031653977457118],[-116.80731782591295,34.031609609129589],[-116.80737787471125,34.0314123905438],[-116.80741993729944,34.03135814955553],[-116.80749202372894,34.031205298316742],[-116.80753408612588,34.031151057272893],[-116.80751000946779,34.031062320600242],[-116.80749797115931,34.031017952258118],[-116.80754003345102,34.030963711199426],[-116.80752799514067,34.030919342855007],[-116.8075159568441,34.030874974507057],[-116.80765418244562,34.030756618501165],[-116.80768420612866,34.030658009024975],[-116.8077383064709,34.030648136215483],[-116.80800880797628,34.030598771786906],[-116.80811700848258,34.030579025838044],[-116.80842957198236,34.030475418911671],[-116.80857983347528,34.03040143109191],[-116.8086339345909,34.030391557666604],[-116.80874213465101,34.030371811128838],[-116.80895853460699,34.030332317748332],[-116.80912083442996,34.030302697446437],[-116.80944543477084,34.030243455963252],[-116.80951157392896,34.030277950504264],[-116.80956567377575,34.030268076836578],[-116.80967387342842,34.030248329425767],[-116.81014873257406,34.030115096508247],[-116.81020283222719,34.030105222541223],[-116.81025693293159,34.030095348354699],[-116.81024489320875,34.0300509802439],[-116.81039515216007,34.029976990030697],[-116.81043721187355,34.029922747848964],[-116.81049131135673,34.029912873745047],[-116.81047927152858,34.029868505648423],[-116.81062952966859,34.029794514240749],[-116.81073772945929,34.029774765630187],[-116.81083388812452,34.029710649043984],[-116.81088798741013,34.029700774752065],[-116.81093004663168,34.029646532372631],[-116.81170541330476,34.02936531046916],[-116.8117474728413,34.029311067575769],[-116.81189772893963,34.029237075344795],[-116.81195182776179,34.02922720055043],[-116.81200592657015,34.02921732573062],[-116.81206002536491,34.029207450885508],[-116.81222232273164,34.029177826003128],[-116.81228846221431,34.029212319005723],[-116.81230050297098,34.029256686951008],[-116.81235460175559,34.029246811968818],[-116.8123666425552,34.029291179905357],[-116.81239072419555,34.029379915767173],[-116.81240276503631,34.029424283692506],[-116.81241480589068,34.02946865161416],[-116.81242684699589,34.029513020405325],[-116.81258320871923,34.029670741897519],[-116.81264934878001,34.029705234672491],[-116.81285370376349,34.029621366098496],[-116.81290780379604,34.029611490668167],[-116.81337061106125,34.029433876765125],[-116.81345472676692,34.029325389954373],[-116.81349678376243,34.029271145744254],[-116.81353884093647,34.029216902388548],[-116.8136349966091,34.029152783432501],[-116.81367705362315,34.029098540018524],[-116.81376116747549,34.028990053133612],[-116.81373708439526,34.028901317512776],[-116.81383324058046,34.028837198172447],[-116.81382119901612,34.028792830362917],[-116.81386325546919,34.028738585983319],[-116.81390531210081,34.028684342458106],[-116.81394736867389,34.028630098913922],[-116.81396534197638,34.028487119731032],[-116.81395330039096,34.028442751915691],[-116.81394125881913,34.028398384096334],[-116.81392921726118,34.028354016273447],[-116.8139171757168,34.028309648446843],[-116.81389309243227,34.028220911908811],[-116.81388105092907,34.028176544070973],[-116.81385696796382,34.028087808383994],[-116.81388698277107,34.027989196968811],[-116.81394108047498,34.027979321230148],[-116.81402519275188,34.027870834000105],[-116.81406724880262,34.027816590356828],[-116.81410930562258,34.027762345626606],[-116.81419341743113,34.027653858244911],[-116.81427752900565,34.027545370787173],[-116.81430754307183,34.027446759195584],[-116.81436164034601,34.027436883253685],[-116.81434959869716,34.027392515420651],[-116.81440369592831,34.027382639458466],[-116.8144337097722,34.027284027813714],[-116.81442166786896,34.027239659106215],[-116.81458989031933,34.027022683475671],[-116.81457784860457,34.026978315643234],[-116.81463194551942,34.02696843956933],[-116.8147160557438,34.026859951699443],[-116.81470401398244,34.026815583870764],[-116.8147881237045,34.026707095054284],[-116.81484222040437,34.026697218878788],[-116.81504656620643,34.026613345924638],[-116.81511270476283,34.026647837426687],[-116.81547341203701,34.026721683043128],[-116.81548545422186,34.026766050796901],[-116.81553955087429,34.026756174296857],[-116.81555159310213,34.026800542041926],[-116.81560568977011,34.026790665511115],[-116.8157138830649,34.026770912373721],[-116.81582207630481,34.026751159134648],[-116.81609256022969,34.026701775398649],[-116.81608051770917,34.026657407704199],[-116.81631487216167,34.026474920523761],[-116.81636896850696,34.026465043632747],[-116.81646511821944,34.02640092123211],[-116.8165071728438,34.026346676408075],[-116.81654922634466,34.026292431759487],[-116.81660332253355,34.026282554756527],[-116.81665741870877,34.026272677728549],[-116.81664537593296,34.026228310068738],[-116.81667538649629,34.026129697699616],[-116.81681358894527,34.026011331127251],[-116.81686768490567,34.026001453997665],[-116.8168556420521,34.025957086344405],[-116.81686749189778,34.025582389672813],[-116.81685544910904,34.025538021996347],[-116.81681932058827,34.025404918070635],[-116.81680727785444,34.025360550379048],[-116.81683728787871,34.02526193785998],[-116.81682524515672,34.025217570162383],[-116.81689730769951,34.02506471276169],[-116.81695140299225,34.02505483558096],[-116.81699345548708,34.025000590682609],[-116.81703550768623,34.024946344891831],[-116.81708960287931,34.024936467645389],[-116.81707756006392,34.024892099955544],[-116.81706551726234,34.024847732261961],[-116.81710756956593,34.024793487308074],[-116.81714962181101,34.024739242335116],[-116.81734191707457,34.024610997426343],[-116.81732987416592,34.024566629744456],[-116.81731783127096,34.024522262059072],[-116.81737192613389,34.024512384675234],[-116.81735988322339,34.024468016991094],[-116.81743194378772,34.024315158239901],[-116.81747399554898,34.024260913116343],[-116.81752809021076,34.024251035656526],[-116.81758218592357,34.024241157976782],[-116.81763628055792,34.024231280466289],[-116.81784673717419,34.024379119247079],[-116.81785878034809,34.024423486885595],[-116.81790695318078,34.02460095740242],[-116.81793103967939,34.024689692638383],[-116.81794308294916,34.024734060250758],[-116.81792511804601,34.024877041601663],[-116.81793716134145,34.024921409204097],[-116.81794920465055,34.02496577680278],[-116.81796124797343,34.025010144397804],[-116.81802738645922,34.025044634306049],[-116.81808148159483,34.025034756597542],[-116.81813557671666,34.025024878863775],[-116.8181896718247,34.025015001104485],[-116.81829786199988,34.02499524550997],[-116.81835195813174,34.024985367480078],[-116.81850219962116,34.02491136628138],[-116.81854425095925,34.024857120810331],[-116.81872449943334,34.02468450627034],[-116.81871245548928,34.024640137863024],[-116.81891679173349,34.024556257865562],[-116.81897088641742,34.024546379735725],[-116.81903702495653,34.024580869087849],[-116.81911520771675,34.024659726768746],[-116.81912725165598,34.024704094259789],[-116.81920543439408,34.024782950994073],[-116.81922952242708,34.024871685939779],[-116.81937384446782,34.024985031730736],[-116.81942793939136,34.024975153392894],[-116.81951816823023,34.0250983780046],[-116.8195302124666,34.025142745429036],[-116.81954225671674,34.025187112849764],[-116.81967453544645,34.025256090806664],[-116.81974067489905,34.025290579726082],[-116.81985499247271,34.025502538984504],[-116.81992113221436,34.025537027790207],[-116.82006545649269,34.02565037262444],[-116.82013159645292,34.025684861303716],[-116.82026387785086,34.025753839223199],[-116.82042616384267,34.025724202915775],[-116.82058844971107,34.025694566380139],[-116.82060049464889,34.025738933660008],[-116.82065458994018,34.025729054758827],[-116.8207086852177,34.025719175832421],[-116.8208048317418,34.025655050449352],[-116.82076869642236,34.025521947774941],[-116.82081074651245,34.02546770152324],[-116.820840751513,34.025369087980593],[-116.82082870649549,34.025324720705228],[-116.82087075643744,34.025270474418086],[-116.82084666617564,34.025181738985033],[-116.82083462118375,34.025137371699607],[-116.8208225762057,34.025093004410408],[-116.82081053124126,34.025048637117386],[-116.82074439152053,34.025014148798036],[-116.82067825185833,34.024979660439477],[-116.82062415709018,34.024989539360881],[-116.82057006124342,34.024999418451401],[-116.82055801643716,34.02495505112698],[-116.82049187690762,34.024920562659482],[-116.82047983215811,34.024876195322427],[-116.82041369273001,34.024841706806804],[-116.82033550847353,34.024762850020139],[-116.8203234638374,34.024718482658002],[-116.82024528003296,34.024639626671707],[-116.82023323546716,34.024595259293307],[-116.82022119091515,34.024550891911126],[-116.82020914637685,34.02450652452525],[-116.8201971018523,34.024462157135794],[-116.82018505734136,34.024417789742465],[-116.8202391517685,34.024407911018734],[-116.82028120138901,34.024353664009588],[-116.82033529575934,34.024343785240227],[-116.82044348552381,34.024324027430964],[-116.82060576847044,34.02429439081854],[-116.82070191225675,34.024230265599932],[-116.82118876091056,34.024141353786597],[-116.8212428550186,34.024131474591115],[-116.8215674204434,34.024072198689758],[-116.82162151445544,34.024062319316414],[-116.82178379640918,34.024032681044396],[-116.82183789036633,34.024022801569444],[-116.82189198430983,34.024012922069296],[-116.82210836101122,34.023973403620332],[-116.82228268821949,34.023988131866084],[-116.82263134413559,34.024017588248732],[-116.82268543797491,34.024007708378207],[-116.82273953180039,34.023997828482059],[-116.82279362561223,34.023987948560531],[-116.82280567154156,34.024032315706819],[-116.8228597653689,34.024022435754965],[-116.82292590518402,34.024056922910063],[-116.82297999901327,34.024047042902396],[-116.82310023273352,34.024071649924274],[-116.82311227885037,34.024116017033947],[-116.82317841992152,34.024150503846215],[-116.82323251378361,34.024140623721877],[-116.82352707560047,34.02417995684884],[-116.82359321584462,34.024214443615961],[-116.8237795916954,34.024273537333606],[-116.82396596652687,34.02433263006823],[-116.82402006041555,34.024322749578253],[-116.82432667017082,34.024406447661228],[-116.82439281202586,34.024440933767607],[-116.82445895287441,34.024475420029397],[-116.82451304679967,34.024465539311151],[-116.82456714071125,34.024455658567732],[-116.82481965788324,34.024549236947685],[-116.82488579901265,34.024583722961196],[-116.82507217648924,34.024642813698605],[-116.82512627045297,34.024632932696214],[-116.825180364403,34.024623051668385],[-116.8252344583393,34.024613170615353],[-116.82528855226198,34.024603289536721],[-116.82534264617087,34.024593408432878],[-116.82545083394747,34.024573646148966],[-116.82551697644165,34.024608131606399],[-116.82557107032488,34.024598250395968],[-116.82558311792953,34.02464261721925],[-116.82563721182838,34.024632735978322],[-116.82569130571351,34.024622854711886],[-116.82570335339035,34.024667221521341],[-116.82575744729102,34.024657340224636],[-116.82582358892704,34.024691825698042],[-116.82588973085871,34.024726312005306],[-116.82594382477679,34.024716430622391],[-116.8259979186811,34.024706549213917],[-116.82605201257176,34.024696667780191],[-116.82617815112735,34.024533921978609],[-116.82657475735134,34.024321768720988],[-116.8267249897544,34.024247756798175],[-116.82683907687343,34.024040643643602],[-116.82682702864706,34.023996276917281],[-116.82681498043431,34.023951910187009],[-116.82680293223534,34.023907543453234],[-116.82676678772062,34.023774443229094],[-116.82675473957657,34.023730076480213],[-116.82674269144617,34.023685709727559],[-116.82668859834465,34.023695591496491],[-116.82667655002008,34.023651223861727],[-116.82656836383454,34.023670987313245],[-116.82655631581932,34.023626620537875],[-116.82650222273526,34.023636502220448],[-116.82649017476311,34.023592135436417],[-116.82642403376535,34.023557650295658],[-116.82641198584979,34.023513283498986],[-116.82638789005993,34.023424549894457],[-116.82637584218558,34.023380183086587],[-116.82646583318908,34.023084336422272],[-116.82645378532287,34.02303996960341],[-116.82644763872786,34.022808253810901],[-116.82636945040677,34.022729400893333],[-116.82627921478125,34.022606181927216],[-116.82626716709528,34.022561815062197],[-116.82618897944107,34.022482962871649],[-116.82617693182556,34.022438595990238],[-116.8261648842236,34.02239422910511],[-116.82607464907231,34.022271009054002],[-116.82587622910442,34.022167552824087],[-116.82581008958705,34.022133067270865],[-116.82579804224116,34.02208870033035],[-116.82578599490911,34.02204433338617],[-116.82570780802357,34.021965479946005],[-116.82561757432839,34.021842260345551],[-116.82558143279545,34.021709159404175],[-116.82556938564522,34.021664792416381],[-116.8255573385088,34.021620425424615],[-116.82561143031364,34.021610544158065],[-116.82566552210471,34.021600662865872],[-116.8256534749234,34.021556295880757],[-116.8258698428983,34.021516770284563],[-116.8259239345914,34.02150688887081],[-116.82604416532286,34.021531492916722],[-116.8261523486719,34.021511729901327],[-116.82665712225101,34.02127981155563],[-116.82664507455488,34.021235444655417],[-116.82656688784895,34.021156592587587],[-116.82651279648026,34.021166474306035],[-116.82650074888382,34.021122107384528],[-116.82648870130107,34.021077740459226],[-116.8264646061768,34.020989006597475],[-116.826452558398,34.020944638787569],[-116.82644051087006,34.020900271847502],[-116.82642846335598,34.020855904903406],[-116.8264043683688,34.020767171004188],[-116.82635617855904,34.020589703160965],[-116.82629004016816,34.02055521781287],[-116.82627799255584,34.020510849960502],[-116.82626594519441,34.020466482977689],[-116.8262538978466,34.020422115991302],[-116.82624185051262,34.020377749001128],[-116.82622980319225,34.020333382007145],[-116.82618161404798,34.020155913993896],[-116.82616956679624,34.020111546981205],[-116.82618751547847,34.019968563491418],[-116.82617546825227,34.019924196468736],[-116.82616342103995,34.019879829442409],[-116.82611523232724,34.019702361299842],[-116.82609113781611,34.019613626332628],[-116.8260370474578,34.019623507848237],[-116.82594681595322,34.019500288139291],[-116.82588067866777,34.019465802509885],[-116.82585658473391,34.019377068340809],[-116.82576635379979,34.019253848452976],[-116.8257543066867,34.019209480473101],[-116.82567612184904,34.019130627796692],[-116.82566407504345,34.019086260673873],[-116.82565202825164,34.019041893547282],[-116.82563998147347,34.018997526417202],[-116.82561588795832,34.018908792145488],[-116.82560384122127,34.01886442500404],[-116.82553770462705,34.018829939151118],[-116.8254595212169,34.018751085222789],[-116.82544747459323,34.018706718056265],[-116.82543542798329,34.018662350885812],[-116.82534519854228,34.018539130558509],[-116.82527906233855,34.018504644543825],[-116.82521292619326,34.018470158489841],[-116.82513474347238,34.018391304306611],[-116.82512269708923,34.018346937085923],[-116.82511065071979,34.018302569861632],[-116.82503246850762,34.018223716465826],[-116.82497837897961,34.018233597504469],[-116.82491224319736,34.018199111267208],[-116.82484610640883,34.018164625185044],[-116.82470178880178,34.018051284359643],[-116.8245815638619,34.018026678812298],[-116.82451542843079,34.017992192339328],[-116.82450338246167,34.017947825031932],[-116.8244372471321,34.017913338510958],[-116.82422679571064,34.01776551136593],[-116.82416065959332,34.017731024873669],[-116.82409452436208,34.017696537274134],[-116.82408247867828,34.017652169906327],[-116.82402838942642,34.017662050508704],[-116.82397430016096,34.017671931085701],[-116.82396225454943,34.017627563704075],[-116.82395020895159,34.017583196318697],[-116.82387202863474,34.017504342068136],[-116.82380589396064,34.01746985516737],[-116.82379384847621,34.017425487757002],[-116.82370953023171,34.01711491490569],[-116.82369748485691,34.017070547465224],[-116.82366134881482,34.016937445121741],[-116.8236493034949,34.016893077666417],[-116.82362521265908,34.016804341871094],[-116.82366725605878,34.016750093984747],[-116.82372134472365,34.016740213539563],[-116.82382952201208,34.016720452573189],[-116.82393770031048,34.016700691310895],[-116.82426223168244,34.016641407498319],[-116.82437040869671,34.016621646024454],[-116.8246949404751,34.016562360799483],[-116.8247490288794,34.016552479872246],[-116.82491129401008,34.01652283693813],[-116.82496538235944,34.01651295590942],[-116.82501947176,34.016503074660847],[-116.82516969057129,34.016429064022873],[-116.82515764447143,34.016384696695738],[-116.82524172862688,34.016276199734392],[-116.825259678365,34.016133216567702],[-116.82524763202254,34.01608884836012],[-116.82527762780013,34.015990232499014],[-116.82525353562687,34.015901497814241],[-116.8252414895609,34.015857130466408],[-116.8252173974699,34.015768395759082],[-116.82519330519668,34.015679660163613],[-116.82509103366367,34.015512071799463],[-116.82507898775022,34.015467704412735],[-116.82504285009237,34.015334602230176],[-116.8250308042338,34.015290234828413],[-116.82496467068835,34.01525574761893],[-116.82489853743851,34.015221261243887],[-116.8248624002029,34.015088158963245],[-116.82480831282902,34.015098039961721],[-116.82478422146573,34.015009305079325],[-116.82477217580463,34.014964937632271],[-116.82471808850472,34.014974818590275],[-116.82470604288672,34.014930451134596],[-116.82469399728227,34.014886083675144],[-116.82461581868097,34.01480722878383],[-116.82460377314693,34.014762861308064],[-116.82454968596593,34.014772742189862],[-116.82453764047484,34.014728374705349],[-116.8245255949976,34.014684007216978],[-116.82451354953396,34.01463963972499],[-116.82445946136231,34.014649520760678],[-116.82444741594165,34.014605153259829],[-116.82443537053463,34.01456078575508],[-116.82436923810855,34.014526299047404],[-116.82435719275831,34.014481931530277],[-116.82434514718472,34.014437563136127],[-116.82426696962312,34.014358708837918],[-116.82425492435696,34.014314341300683],[-116.8242008374429,34.014324222025301],[-116.82418879221969,34.014279854479334],[-116.82417674701027,34.014235486929444],[-116.8241647018145,34.014191119375866],[-116.82407447955725,34.01406789736177],[-116.82406243420844,34.014023528914848],[-116.82403834402628,34.013934793756469],[-116.82397221230683,34.013900306794802],[-116.82396016727921,34.0138559392011],[-116.82394812226531,34.013811571603831],[-116.82375563450272,34.013520758522851],[-116.8237435896571,34.013476390885451],[-116.82365336889264,34.013353168431664],[-116.82362927938324,34.013264433112937],[-116.82356314841346,34.013229945888554],[-116.82353905880767,34.013141209663679],[-116.82352701414383,34.013096841982339],[-116.82344883768971,34.013017987192818],[-116.82343679309633,34.01297361949517],[-116.82341270395068,34.012884884088876],[-116.82340065939847,34.012840516379804],[-116.82338861462286,34.012796147794027],[-116.82337657009799,34.012751780077707],[-116.82336452558684,34.012707412357507],[-116.82340656802312,34.012653164089961],[-116.8234906505908,34.01254466788675],[-116.82352064722731,34.012446052038136],[-116.82363472558829,34.012238938946396],[-116.82367676651916,34.012184690742927],[-116.82366472192481,34.012140323022237],[-116.82370676278175,34.012086074801267],[-116.82369471818552,34.012041707077984],[-116.82374880358012,34.012031826561262],[-116.82376675614381,34.011888842662806],[-116.82380879679408,34.011834594387743],[-116.82385083714878,34.011780345219989],[-116.8239649138954,34.011573232501753],[-116.82395286923153,34.011528864776558],[-116.82408489585406,34.011178767136855],[-116.82410284760492,34.011035783031858],[-116.82415693224989,34.011025902311872],[-116.82417488276876,34.010882918362704],[-116.82430100182762,34.010720171954681],[-116.82434304147587,34.010665923405092],[-116.82436099157049,34.010522939361785],[-116.82440303107064,34.010468690776982],[-116.82447506618662,34.010315825616836],[-116.82446302118949,34.010271457000663],[-116.8245230101773,34.010074224211763],[-116.82451096542741,34.010029856460307],[-116.8245829988615,34.009876991342445],[-116.82457095387088,34.009832622712935],[-116.82464889157723,34.009492405483734],[-116.82463684684551,34.009448037712716],[-116.82462480212757,34.009403669937917],[-116.82466684060358,34.009349420306926],[-116.82479295745645,34.009186673726056],[-116.82490702790514,34.008979559399343],[-116.8249490661931,34.008925310510129],[-116.82499110442265,34.008871061602086],[-116.82504518745327,34.008861180440341],[-116.82517130248942,34.008698432473309],[-116.8251592575831,34.008654064711926],[-116.825219243565,34.008456831158192],[-116.82523719130694,34.008313845705267],[-116.82520105669492,34.008180742365774],[-116.82518901185165,34.008136374578271],[-116.82516492220638,34.008047638992366],[-116.82509879498238,34.00801315241646],[-116.82508675022318,34.007968784609055],[-116.82497244413588,34.00775682580926],[-116.82494835485434,34.007668090135432],[-116.82493631023411,34.007623722293062],[-116.8249242656276,34.007579354446683],[-116.82491222103472,34.007534986596816],[-116.82488813165325,34.007446250012059],[-116.82506832582735,34.007273621799584],[-116.82505628119971,34.007229253947393],[-116.82511036308325,34.007219372734617],[-116.82516444495297,34.007209491496496],[-116.82515240028061,34.007165123650687],[-116.82520648210748,34.007155242392166],[-116.82530260203822,34.007091111770201],[-116.82541076553737,34.007071349085912],[-116.82551892898162,34.007051586300001],[-116.82557301068329,34.007041704869131],[-116.82577139068817,34.007145163794164],[-116.82615610831358,34.007307713529805],[-116.82630040791022,34.007421053212681],[-116.82631245327546,34.007465420924724],[-116.82655901875488,34.007746349911663],[-116.82657106431745,34.007790717578359],[-116.82667332890307,34.007958306275341],[-116.82676354843466,34.008081528092823],[-116.82691989617709,34.008239234513063],[-116.82698012553499,34.008461072483819],[-116.82701626355141,34.008594176094576],[-116.82702830950524,34.008638543666095],[-116.82707649345768,34.008816013915087],[-116.82693243828317,34.009121748461823],[-116.82689040020472,34.009175998251685],[-116.82684246386572,34.009417600038134],[-116.82685451008513,34.009461968454843],[-116.82678248148841,34.009614835065548],[-116.82675249006731,34.009713452112372],[-116.82676453604405,34.009757819648577],[-116.8266566158138,34.010196656021513],[-116.82661457696386,34.010250905637477],[-116.82665071518583,34.010384009060253],[-116.8266627612081,34.010428376569287],[-116.8266748072442,34.010472744074548],[-116.82668685329401,34.01051711157605],[-116.82663276932274,34.010526993483566],[-116.82661482339373,34.010669977878059],[-116.82657278532403,34.010724227251721],[-116.82658483135459,34.010768594749713],[-116.826608923694,34.010857330607784],[-116.82662096976578,34.010901698094536],[-116.82657893157544,34.010955947454349],[-116.82651894711059,34.011153181087529],[-116.82653099317683,34.011197548566997],[-116.82645896257939,34.011350415513611],[-116.82644101614203,34.011493399732068],[-116.82634489172005,34.011557530940735],[-116.82630285298397,34.011611780155434],[-116.82613469745453,34.011828776824224],[-116.826092658663,34.011883026817486],[-116.82605061957585,34.011937275918328],[-116.8259906319547,34.012134509227081],[-116.82593654677304,34.012144390789246],[-116.82594859266096,34.012188758273574],[-116.82596063856259,34.012233125754108],[-116.82587655976847,34.012341623792693],[-116.82580452683069,34.012494490111017],[-116.82575044137559,34.012504371581635],[-116.82576248721327,34.012548739065082],[-116.82577453306462,34.012593106544777],[-116.82573249337324,34.012647355481278],[-116.8257445392227,34.012691722958657],[-116.82575658508595,34.012736090432107],[-116.8258468086978,34.012859312217657],[-116.82587090060613,34.012948047120702],[-116.82597317045195,34.013115635340384],[-116.82598521651077,34.013160002766227],[-116.82599726258337,34.013204370188546],[-116.82600930890672,34.013248738480193],[-116.82607544097468,34.013283224307528],[-116.82621975151478,34.013396563232526],[-116.82628588380106,34.013431048933214],[-116.82635201614596,34.013465534594758],[-116.82647223567515,34.013490138252436],[-116.82648428207594,34.01353450560525],[-116.82660450068853,34.013559109318095],[-116.82667063352011,34.013593595665398],[-116.82673676617311,34.01362808110013],[-116.82681494550012,34.013706933804372],[-116.82688107831314,34.013741419151714],[-116.8269472111846,34.013775904459955],[-116.82707947816766,34.013844874763826],[-116.82721174432012,34.013913845105343],[-116.82722379144434,34.013958213230865],[-116.82735605791687,34.014027183397765],[-116.82743423827056,34.014106035644325],[-116.82755445806436,34.014130638353357],[-116.82762059156384,34.014165123260121],[-116.82781899347818,34.014268577550261],[-116.82787307989504,34.014258695135801],[-116.82788512744891,34.014303063173301],[-116.82808352900071,34.014406517186899],[-116.82814966296834,34.014441001779609],[-116.82821579699443,34.014475486332898],[-116.82828193107906,34.014509970847087],[-116.82855851706472,34.014692276262203],[-116.82870283382334,34.01480561189183],[-116.82875692050069,34.014795729071537],[-116.82883510304219,34.014874580295931],[-116.82888918975056,34.014864697414787],[-116.82903350730921,34.014978032607722],[-116.82904555563474,34.015022400484078],[-116.8290996434837,34.01501251731203],[-116.82911169161508,34.015056884306212],[-116.82912373976015,34.015101251296684],[-116.82918987477727,34.01513573526524],[-116.82925600985294,34.015170219194445],[-116.82941237685479,34.015327920834437],[-116.82963488026664,34.015520106802896],[-116.82964692878109,34.01556447371307],[-116.82977920118746,34.015633440778437],[-116.82984533694604,34.015667924349557],[-116.82998965761891,34.01578125910963],[-116.83014602733063,34.015938959637403],[-116.83015807620069,34.015983326470668],[-116.83024831029101,34.016106543448167],[-116.83026035948239,34.016150911134908],[-116.83041673048328,34.016308611223494],[-116.83044082865955,34.016397344788601],[-116.83050696535885,34.016431827948843],[-116.8305190145106,34.016476194716951],[-116.83057310318148,34.01646631087501],[-116.83058515237616,34.016510677634365],[-116.83059720182175,34.016555045263324],[-116.83066333872397,34.016589528327252],[-116.83074152499296,34.016668378086166],[-116.83089789800518,34.016826077422053],[-116.83104222235264,34.01693941070485],[-116.83109631021387,34.016929526819062],[-116.83125268446769,34.017087225623953],[-116.83139701064184,34.017200557359374],[-116.83160747437199,34.017348372458414],[-116.83167361239437,34.017382854911041],[-116.83176385050015,34.017506070489738],[-116.83177590053333,34.017550437066838],[-116.83182410104011,34.017727904211306],[-116.83189023948015,34.017762386523728],[-116.83191433978325,34.017851119619152],[-116.83198047836784,34.017885601874561],[-116.83208276782615,34.018053183652917],[-116.8321850590263,34.018220765984317],[-116.83219710940968,34.018265132477424],[-116.83228734936434,34.018388347511014],[-116.83229939983171,34.018432713984225],[-116.8323655390801,34.018467195994447],[-116.83238964037928,34.018555929785158],[-116.83240169093087,34.018600296238297],[-116.83241374149623,34.018644662687734],[-116.83249193159695,34.018723511060308],[-116.83261832494503,34.018979825905035],[-116.83263037569218,34.019024192310553],[-116.8327085663928,34.019103040499168],[-116.83277470639095,34.019137522246488],[-116.83286494826859,34.019260736694221],[-116.83295519066867,34.019383951925661],[-116.83296724167023,34.019428318273462],[-116.83297929268534,34.019472684617547],[-116.83305748418873,34.019551532525874],[-116.83322592017117,34.019753595142063],[-116.83329206095011,34.019788076565803],[-116.83330411220584,34.019832442855837],[-116.83331616347519,34.019876809142154],[-116.83332821475824,34.01992117542477],[-116.83334026605509,34.019965541703669],[-116.83348459952887,34.020078870620289],[-116.83355074093558,34.020113352755608],[-116.83356279238886,34.020157719000359],[-116.83362893365977,34.020192200214289],[-116.83370712654207,34.020271047612397],[-116.83371917810858,34.020315413832307],[-116.83380942284285,34.020438627360626],[-116.83382147449355,34.020482993560442],[-116.83385762976522,34.020616093010574],[-116.8338696814708,34.02066045919549],[-116.83397197863214,34.020828038717738],[-116.83398403043553,34.020872404878624],[-116.83406222566131,34.02095125264804],[-116.83412836782657,34.02098573354219],[-116.8342065620101,34.021064580524033],[-116.83421861398354,34.021108946647509],[-116.83427270433521,34.021099061330844],[-116.83428475635174,34.021143427445359],[-116.83433884671898,34.021133542098369],[-116.83435089877845,34.021177908204045],[-116.83441704126362,34.021212388923601],[-116.83448318380736,34.021246869603701],[-116.83453727422109,34.021236984165171],[-116.83461546930762,34.021315831719605],[-116.83462752155269,34.021360197786265],[-116.83482595107979,34.021463639134559],[-116.83490414644837,34.021542485598133],[-116.83491619889276,34.02158685162204],[-116.83506053789725,34.021700179216587],[-116.83513873374042,34.021779025498084],[-116.83520487708424,34.021813505741598],[-116.83524103509808,34.021946603662819],[-116.83525308779672,34.021990969629044],[-116.83528924621247,34.022124068378773],[-116.83530129896603,34.022168434330077],[-116.83531335173335,34.022212800277643],[-116.83537949552246,34.022247280402517],[-116.83539154834654,34.022291646337493],[-116.8354036011842,34.022336012268696],[-116.83549385092039,34.022459224170412],[-116.83554794311205,34.022449338080584],[-116.83567435255075,34.022705648383926],[-116.83576460314291,34.022828860016979],[-116.83589689246162,34.022897820532037],[-116.83590894568083,34.022942186376788],[-116.83605328840112,34.02305551166684],[-116.83606534173357,34.023099877486537],[-116.83619763154113,34.023168836761144],[-116.83620968497337,34.023213202559326],[-116.83626377653269,34.023203316339526],[-116.83627583000795,34.023247682128876],[-116.83634197640303,34.023282162337907],[-116.83639606799342,34.02327227605722],[-116.8364983740141,34.023439852795399],[-116.83651042765932,34.023484218547196],[-116.83652248131827,34.023528584295093],[-116.83657657305693,34.023518697933248],[-116.83658862675888,34.02356306367242],[-116.8366006804745,34.023607429407932],[-116.83665477225784,34.023597543010524],[-116.83666682601663,34.023641908736934],[-116.83667888002626,34.023686275333255],[-116.83669093381238,34.023730641052367],[-116.83667300329415,34.023873624615177],[-116.83661891132158,34.023883511017793],[-116.83658892685534,34.023982128829772],[-116.83654688854824,34.024036380908683],[-116.83649279538177,34.02404626744476],[-116.83650484911767,34.024090633163041],[-116.83641489505689,34.024386487246616],[-116.83638491013915,34.024485104943238],[-116.8364210714072,34.02461820204676],[-116.83648721796487,34.024652682307917],[-116.83670976520166,34.024844851548437],[-116.83672181918445,34.02488921719943],[-116.83686616775712,34.025002541003552],[-116.83689027620072,34.025091273124822],[-116.83690233032452,34.025135638743222],[-116.83695054695659,34.025313101179222],[-116.83701669410094,34.025347580234516],[-116.83704080282254,34.025436312285841],[-116.83705285708527,34.025480677869083],[-116.83711900441712,34.02551515685866],[-116.83720926054599,34.02563836692903],[-116.83727540808073,34.025672845822356],[-116.83738977389726,34.025884787674734],[-116.83740182842797,34.025929153196763],[-116.8374138829725,34.025973518714999],[-116.8374500466883,34.026106615247116],[-116.83746210128764,34.026150980750238],[-116.83749826540542,34.026284078110841],[-116.83753442940939,34.026417174564507],[-116.83754648410482,34.026461540041474],[-116.83755853881399,34.026505905514945],[-116.8375826482735,34.026594636450348],[-116.8376308675945,34.026772099149582],[-116.83764292239974,34.026816464596621],[-116.83766703205139,34.026905195479621],[-116.83767908689778,34.026949560915618],[-116.83772730642062,34.027127022621841],[-116.83773936157299,34.027171388912222],[-116.83776347144412,34.027260119735573],[-116.83777552640029,34.027304485141514],[-116.83778758137024,34.027348850543731],[-116.83779963635386,34.027393215942261],[-116.8378599117152,34.027615043752093],[-116.83790813206147,34.027792505234025],[-116.83792018718239,34.027836870595024],[-116.8379563526274,34.027969966655846],[-116.83798046322991,34.028058698217826],[-116.83800457365008,34.028147428891494],[-116.83802868412509,34.028236159550154],[-116.83804073938326,34.028280524873864],[-116.83805279465517,34.028324890193822],[-116.83806484994064,34.0283692555101],[-116.83807690523999,34.028413620822448],[-116.83805897642426,34.02855660462739],[-116.83807103174922,34.028600969929975],[-116.83798695215719,34.028709474511011],[-116.83790287233097,34.028817979016395],[-116.83780673597423,34.028882118329712],[-116.83776469587174,34.028936370514607],[-116.83746423391131,34.029084422781885],[-116.83741013842257,34.029094309488507],[-116.83732605631339,34.02920281371734],[-116.83727196072496,34.029212700358066],[-116.83717582442695,34.029276838921405],[-116.83706763309566,34.029296612035573],[-116.83702559225523,34.029350863923824],[-116.83697149652595,34.029360750422477],[-116.83692945558406,34.029415002271669],[-116.83679127658775,34.029533392520023],[-116.83666515316789,34.029696148652036],[-116.83656901577413,34.029760286672868],[-116.83658107043709,34.029804652063014],[-116.8365090421179,34.029957520787413],[-116.83646699946725,34.030011772622395],[-116.83638291612007,34.0301202758465],[-116.8362867782082,34.03018441447211],[-116.83623268180669,34.030194300615335],[-116.83602247062728,34.030465558240209],[-116.83588428945561,34.030583947055391],[-116.83578815032415,34.030648084356379],[-116.83533744024147,34.03087015404499],[-116.83524130030695,34.030934290869276],[-116.8348205762755,34.031057741023993],[-116.83452009924203,34.031205784581992],[-116.8344660019075,34.031215669887956],[-116.83439985091124,34.031181189632022],[-116.83395501740023,34.031215905535831],[-116.83388886662986,34.031181424988404],[-116.83371452114008,34.031166714338354],[-116.832957155092,34.031305101247476],[-116.83290305642537,34.031314986017001],[-116.83279486118084,34.03133475509069],[-116.83275281626669,34.03138900528932],[-116.83192340744526,34.03168025141558],[-116.83186930838711,34.031690135697893],[-116.83167702062897,34.031818403373769],[-116.83116014156454,34.032005973801375],[-116.83105194491858,34.032025741230491],[-116.83090170186894,34.032099758909951],[-116.83084760239004,34.032109642709941],[-116.83085965415938,34.032154008563751],[-116.83075145723186,34.032173775708777],[-116.83028867224931,34.032351458607607],[-116.8302345735829,34.032361341923782],[-116.83012637620881,34.032381108479996],[-116.82985588146869,34.032430524620985],[-116.82980178269248,34.0324404077341],[-116.82974768390258,34.032450290821807],[-116.82969358509895,34.032460173884253],[-116.82970563626563,34.032504539838371],[-116.82967563973493,34.032603154787857],[-116.82953744513237,34.032721535715112],[-116.82949539744003,34.032775785510154],[-116.82950744854263,34.032820151467106],[-116.82913490891522,34.033121044448649],[-116.82909286048981,34.033175293197047],[-116.82905081200589,34.033229541926403],[-116.82899671257297,34.033239424653679],[-116.82882851705219,34.03345642036826],[-116.82871442119942,34.033663532146399],[-116.82867237218863,34.033717780705047],[-116.82863032311936,34.033772029244737],[-116.82858827399147,34.033826277765392],[-116.82853417302074,34.033836160463864],[-116.82854622397731,34.033880527334929],[-116.82850417473234,34.033934775817734],[-116.82851622545,34.033979141813134],[-116.82846212542893,34.033989024281588],[-116.82848622684675,34.034077756271273],[-116.82839007731732,34.034141887151641],[-116.8283480278227,34.034196135559817],[-116.82836007849185,34.034240501556802],[-116.82824598048344,34.034447613542234],[-116.8282400826679,34.034634959850727],[-116.82826418403266,34.0347236918143],[-116.82830033641987,34.034856790605005],[-116.82831238716409,34.034901156570001],[-116.82831853919224,34.035132868920613],[-116.82833058998943,34.035177234868179],[-116.82830059069012,34.035275849129285],[-116.82828264235938,34.035418830182806],[-116.82831879486343,34.0355519279777],[-116.82833084572546,34.035596293902024],[-116.8283790495485,34.035773758434622],[-116.82839110047928,34.035818124340345],[-116.82855955821734,34.036020188910769],[-116.82857160928894,34.0360645547837],[-116.82871596694619,34.036177888015857],[-116.82872801813122,34.036222253863812],[-116.82880622213868,34.036301102973368],[-116.8288723750059,34.036335586199534],[-116.8288844263044,34.036379952022443],[-116.82889647761657,34.036424317841544],[-116.82872237812067,34.03682865835399],[-116.82869237868147,34.0369272725112],[-116.82853622664419,34.037188632394169],[-116.82849417560739,34.037242880647099],[-116.828452124512,34.037297128881072],[-116.82831391866193,34.037415507843001],[-116.82821776487272,34.037479638310522],[-116.8280795594081,34.037598016771348],[-116.82782109639561,34.03769179454288],[-116.82776699370902,34.037701676640438],[-116.82723801561123,34.037844862327688],[-116.82685339277892,34.038101380173067],[-116.82675723694152,34.03816550937357],[-116.82645671825065,34.038313530501327],[-116.82641466409409,34.038367778117291],[-116.82636056075998,34.038377659549901],[-116.82622235111874,34.0384960365353],[-116.82623440124257,34.038540402512901],[-116.82609619088393,34.038658778450035],[-116.8260000337356,34.038722906976936],[-116.82595797904033,34.038777154399305],[-116.82586182163229,34.038841282802188],[-116.82576566406583,34.038905411120005],[-116.82565745647258,34.038925173340516],[-116.82542308562944,34.03910767761738],[-116.82538103138985,34.039161924609466],[-116.82488251862277,34.04004459988019],[-116.82485251308627,34.040143212643677],[-116.82475635308282,34.040207340018981],[-116.82476840263675,34.040251706053233],[-116.82457608100026,34.040379960756248],[-116.82453402548454,34.040434207353968],[-116.82454607494702,34.040478573398694],[-116.82449196991034,34.040488453932845],[-116.82435375368692,34.040606828374862],[-116.82426964097759,34.04071532155367],[-116.8241734797885,34.04077944839905],[-116.82406526918915,34.040799209086387],[-116.82403526232797,34.040897821544498],[-116.82398115693552,34.040907701834747],[-116.82393910072079,34.040961948180644],[-116.82388499527168,34.040971828425491],[-116.82369267040406,34.041100081546041],[-116.82365061388469,34.041154327773938],[-116.8235965082654,34.041164207881657],[-116.82345828948324,34.041282581154981],[-116.82341623270226,34.041336827285384],[-116.82330802007181,34.041356587446373],[-116.82326596314637,34.04141083351729],[-116.82321185730015,34.04142071344215],[-116.82322390616235,34.041465079569107],[-116.8231277431874,34.041529205486384],[-116.82308568604321,34.041583451479966],[-116.82294746550434,34.041701823208449],[-116.82291745711824,34.041800436138502],[-116.82286334989216,34.041810316090213],[-116.8226830709731,34.041982933339881],[-116.82269511962114,34.042027299490663],[-116.82259895551741,34.042091424923704],[-116.82261100413432,34.042135791077193],[-116.82231046119128,34.042283800907491],[-116.82220224803064,34.042303559817725],[-116.82216018982426,34.042357805422689],[-116.82210608318024,34.042367684819659],[-116.82205197652267,34.042377564191028],[-116.82206402510951,34.042421931258545],[-116.8220099184089,34.04243181060972],[-116.82187169366603,34.042550181123097],[-116.82178757646821,34.042658672040417],[-116.82170345903636,34.042767162881916],[-116.82166140023251,34.042821408274243],[-116.82139699726311,34.04310251507561],[-116.82125877146453,34.043220884563674],[-116.82127081949301,34.043265250793354],[-116.82114464119591,34.043427986340227],[-116.82107256917485,34.04358084391049],[-116.82101254565977,34.043778066566496],[-116.82102459363423,34.04382243279062],[-116.8210186779845,34.044009777391878],[-116.82090454592233,34.044216878726282],[-116.82091659390311,34.044261244937097],[-116.82077836425425,34.044379613874206],[-116.82073630393612,34.044433858820653],[-116.82051395387722,34.044660717915221],[-116.82047189322333,34.044714962746617],[-116.82041778472865,34.044724841325888],[-116.82036367622021,34.04473471987977],[-116.81986465048627,34.044779259629969],[-116.81955796429664,34.044695552084548],[-116.81949180821732,34.044661063031221],[-116.81943769963584,34.044670941153598],[-116.81884250326857,34.044779599019499],[-116.81873428576255,34.044799354629809],[-116.81842167874689,34.044902988353542],[-116.81843372542015,34.044947354784121],[-116.81829549184762,34.045065720463121],[-116.81827752266642,34.04520869732999],[-116.81822341248555,34.045218575073193],[-116.81805516217308,34.045435551680868],[-116.81802514592056,34.045534162007321],[-116.81797103654687,34.045544039434162],[-116.8178628177583,34.045563794211724],[-116.81753815999812,34.045623058129657],[-116.81726761237501,34.045672443867957],[-116.81720145565207,34.045637954617476],[-116.81702708096971,34.045623219128963],[-116.81691886183187,34.045642973023313],[-116.81679859654223,34.045618359383106],[-116.81673244113792,34.04558386966827],[-116.81662422091478,34.045603623482826],[-116.81628751754315,34.045618517121383],[-116.81623340789062,34.04562839373606],[-116.81617929822434,34.045638270325092],[-116.81613723296009,34.045692513711167],[-116.81575253615293,34.045948992857603],[-116.81565043147106,34.046200455345179],[-116.81565654804123,34.046432165747646],[-116.81568063872555,34.046520899009195],[-116.81570472946461,34.046609632255795],[-116.81588522338771,34.046856079982248],[-116.81596342613642,34.046934936507604],[-116.81626418888935,34.047205997127811],[-116.81633034546375,34.047240487039836],[-116.81645061287196,34.047265100242015],[-116.81676935194047,34.047393182206235],[-116.81678139805784,34.047437548669514],[-116.81697986947026,34.047541018244985],[-116.81699191573041,34.0475853846782],[-116.81717834117262,34.04764448659369],[-116.81719038756178,34.047688853000636],[-116.81720243396457,34.047733219403717],[-116.81714832295948,34.047743096419055],[-116.8169318788019,34.047782604227159],[-116.81669134109477,34.047733378922047],[-116.81662518394224,34.047698889237758],[-116.81649286981273,34.047629909751024],[-116.81642671283581,34.047595419948799],[-116.81617413105829,34.047501825996903],[-116.81612002008366,34.047511702535182],[-116.81590357498227,34.047551208628924],[-116.81584946393897,34.047561085040165],[-116.81579535288185,34.047570961426203],[-116.81563301962846,34.047600590431685],[-116.81557890851647,34.047610466716165],[-116.81545863978536,34.047585852814478],[-116.81540452866163,34.047595729017516],[-116.81513990314852,34.047457767082527],[-116.81489936757622,34.047408538038582],[-116.81484525650464,34.04741841398279],[-116.81483321149265,34.047374047317241],[-116.81441236743852,34.047497420623436],[-116.81437029994062,34.047551663241236],[-116.81438234471644,34.047596029945005],[-116.81439438950608,34.047640396645242],[-116.81440643430948,34.04768476334155],[-116.81441847912652,34.047729130034298],[-116.81449668126703,34.047807987462626],[-116.81450872615457,34.047852354139017],[-116.81479151110528,34.048266393997849],[-116.81486378230557,34.048532594536468],[-116.81487582751414,34.048576961134223],[-116.81489991797244,34.048665694318821],[-116.81491196322214,34.048710060905343],[-116.8148819419674,34.048808670885101],[-116.81482782992141,34.048818546803936],[-116.81483987515369,34.048862913389421],[-116.81478576306458,34.048872789288005],[-116.81465344750492,34.048803807997764],[-116.81458729010838,34.048769316323209],[-116.81440086394041,34.048710210323868],[-116.81433470697225,34.048675719374295],[-116.81432266205658,34.048631352725778],[-116.81426855006275,34.048641228385669],[-116.81419034838201,34.048562370691577],[-116.81412419163264,34.04852787961557],[-116.8139257204336,34.048424405473057],[-116.81385956391843,34.048389914240083],[-116.81358900435698,34.048439291219552],[-116.81348077937119,34.048459042028213],[-116.81321021932966,34.048508418119127],[-116.81299376998444,34.048547918729398],[-116.81288554576203,34.048567668785054],[-116.81281938958573,34.048533176964582],[-116.81240447198292,34.048469200781312],[-116.8123503598585,34.048479075547633],[-116.81229624772055,34.048488950288593],[-116.81224213556867,34.048498825004103],[-116.81206775542211,34.048484082107578],[-116.81201364324475,34.048493956716648],[-116.81161076984594,34.048474344588676],[-116.8115807442672,34.048572952868973],[-116.81159278761253,34.048617319805786],[-116.81153867528253,34.048627194191447],[-116.81143045058128,34.048646942886435],[-116.81132222475995,34.048666691674306],[-116.81126811236125,34.048676565932944],[-116.81094937815149,34.048548468852964],[-116.81089526578772,34.048558342938996],[-116.81088322261157,34.048513975053254],[-116.81068475598903,34.048410496232712],[-116.81067271319266,34.048366129190171],[-116.81060655816701,34.048331636097927],[-116.81054040319994,34.048297142966511],[-116.81047424829143,34.048262649795717],[-116.81042013606596,34.048272523663371],[-116.81035398123159,34.048238030423043],[-116.81032989584537,34.04814929537266],[-116.81027578368035,34.048159169174497],[-116.81011938952683,34.04800144824253],[-116.81010734711549,34.047957081118277],[-116.81009530471798,34.047912713990364],[-116.81008326233406,34.047868346858635],[-116.81007121996396,34.047823979723439],[-116.81005917760756,34.047779612584222],[-116.81004713502777,34.047735244568152],[-116.81003509269871,34.047690877421658],[-116.81002305038346,34.047646510271335],[-116.81001100808191,34.04760214311726],[-116.8100530775766,34.04754790227949],[-116.81024543974202,34.047419673029616],[-116.81029955139732,34.047409799232796],[-116.81034162058724,34.047355558277047],[-116.81038368971862,34.04730131730259],[-116.81043780233955,34.047291443245342],[-116.81047987113227,34.047237201358087],[-116.81052194010346,34.047182960325138],[-116.81057605155941,34.047173086396398],[-116.81061812042904,34.047118845324363],[-116.81060607787018,34.04707447820256],[-116.81066018924018,34.0470646042331],[-116.81064814666578,34.04702023711296],[-116.81078639532204,34.046901880846058],[-116.81077435270093,34.046857513729869],[-116.81075026749981,34.046768779486172],[-116.81073822468275,34.046724411485535],[-116.81064798598908,34.046601184075655],[-116.81058183247288,34.046566690892867],[-116.81056979001998,34.046522323736632],[-116.81055774758093,34.046477956576702],[-116.81054570515543,34.046433589413049],[-116.81047955182679,34.046399096164485],[-116.81042544089603,34.046408970057932],[-116.81029313420862,34.04633998250867],[-116.81023902329528,34.046349856315786],[-116.8100225784401,34.046389351484905],[-116.80996846745822,34.046399225165075],[-116.80991435646273,34.046409098819751],[-116.80926486938137,34.046108528466547],[-116.80895818911185,34.046024792140337],[-116.80889203683299,34.045990297968025],[-116.80875973245094,34.04592130950531],[-116.80849512438972,34.045783332109266],[-116.80844101363529,34.045793205083768],[-116.80842897228389,34.04574883678859],[-116.80837486154485,34.045758709732752],[-116.80830870868499,34.045724215410424],[-116.80767736668015,34.045699713483252],[-116.80756914506641,34.045719458645756],[-116.80751503423888,34.045729331188795],[-116.80740681254282,34.045749076198881],[-116.80734066118478,34.045714581129062],[-116.80710013592186,34.045665335791774],[-116.80699191420949,34.045685080416014],[-116.80693780333267,34.045694952689921],[-116.80652899481908,34.045862665399611],[-116.8064748837603,34.045872537455267],[-116.80648692378125,34.045916905073156],[-116.80644485268475,34.045971144727815],[-116.80639074154007,34.045981016742779],[-116.80630659908552,34.046089495954448],[-116.80631863904397,34.046133863577822],[-116.80633067925335,34.046178232070744],[-116.80628860790701,34.046232471650818],[-116.80632472785923,34.046365574491006],[-116.80633676787079,34.04640994209695],[-116.80634880789604,34.046454309699222],[-116.80640291937476,34.046444437709489],[-116.806414959443,34.046488805303049],[-116.80649315117337,34.046567668448397],[-116.80654726271248,34.046557796392747],[-116.80678778955276,34.046607043889885],[-116.80684190108194,34.046597171697165],[-116.80689601366254,34.046587299284795],[-116.80696216556463,34.046621794570463],[-116.80707038858552,34.046602049997375],[-116.80723272301398,34.046572432947144],[-116.80728683446263,34.046562560546363],[-116.80752736261323,34.04661180544057],[-116.80775584913742,34.046616682583732],[-116.80780996055051,34.046606809939284],[-116.80807457126004,34.046744788562222],[-116.8083692111083,34.046784159974784],[-116.80848947529702,34.046808781451944],[-116.80870592209449,34.046769289166676],[-116.80894645071474,34.046818531297617],[-116.80901260372084,34.046853025402896],[-116.80931928707162,34.046936760624732],[-116.80937339850897,34.046926887254202],[-116.80943955179609,34.046961381111203],[-116.80945159391027,34.047005749233733],[-116.80944564995669,34.047193091619128],[-116.80945769187311,34.047237458854752],[-116.80942766404617,34.0473360667308],[-116.80937355233156,34.047345940121509],[-116.80919322989443,34.047518536251211],[-116.80915115981713,34.047572776779006],[-116.80912113147301,34.047671384533999],[-116.80888669535753,34.047853852484351],[-116.80884462488578,34.047908092877833],[-116.80885666657051,34.047952460135996],[-116.80873045499408,34.04811518208006],[-116.80874249664588,34.048159549338628],[-116.80886885937937,34.048415879694439],[-116.80888090139341,34.048460247795141],[-116.80889294318408,34.048504615018473],[-116.80891702680658,34.048593349454357],[-116.80892906863848,34.048637716666732],[-116.80887495595665,34.048647589808589],[-116.80889903960298,34.048736324232202],[-116.80884492684886,34.048746197358604],[-116.80880285586625,34.048800437676277],[-116.80870667197127,34.048864551035351],[-116.80865255910375,34.048874424070476],[-116.8086104868528,34.048928664503755],[-116.80855637392862,34.048938537492987],[-116.80856841584549,34.048982905597086],[-116.80858045753891,34.049027272823778],[-116.80832802874933,34.049352713753642],[-116.80824388535071,34.049461193911498],[-116.80825592717045,34.049505562018979],[-116.80826202070809,34.049737271168738],[-116.80827406234376,34.049781638385362],[-116.80825607368593,34.049924612849843],[-116.80826811558418,34.049968980929961],[-116.8082921989478,34.050057715332436],[-116.80830424065017,34.050102082528056],[-116.80858090599321,34.050284426572972],[-116.80859294789502,34.050328793725996],[-116.80860499004766,34.050373161748524],[-116.808659103962,34.050363288754106],[-116.80868318789268,34.050452023031362],[-116.80869522987869,34.050496390164298],[-116.80873135591875,34.05062949154091],[-116.80875544001411,34.050718225773416],[-116.80871336814135,34.050772466797284],[-116.80862922374612,34.050880947041541],[-116.80857510840322,34.050890820209887],[-116.80850300564882,34.051043667460078],[-116.80836474617507,34.051162020386997],[-116.80837678808942,34.051206387513538],[-116.80822648628138,34.051280373131533],[-116.80817237167525,34.051290245912469],[-116.80802206868303,34.051364232325213],[-116.8079679539927,34.051374105009806],[-116.80764326556306,34.0514333405835],[-116.80749296155544,34.051507325423614],[-116.80738473182828,34.051527070269515],[-116.80733061694411,34.051536942654472],[-116.80727650204631,34.051546815014099],[-116.80722238713469,34.05155668734821],[-116.80716827220948,34.051566559656841],[-116.80711415620516,34.051576432134539],[-116.80699388509211,34.051551809378005],[-116.80692772875327,34.051517313450759],[-116.80691568761605,34.051472946191133],[-116.80689160538263,34.051384211660604],[-116.80677728533823,34.051172247400139],[-116.80668704752073,34.051049016722509],[-116.80667500659293,34.051004649411766],[-116.80658476936823,34.050881419501749],[-116.80657272852451,34.050837052171076],[-116.80650657321604,34.050802556845838],[-116.80649453242908,34.050758189502581],[-116.80648249141872,34.050713821282272],[-116.80647045065925,34.050669453931583],[-116.80642228775807,34.050491984491366],[-116.80641024706713,34.050447617122025],[-116.80639820638987,34.050403249748932],[-116.80638616572628,34.050358882372066],[-116.80635004358085,34.050225779345908],[-116.80632596237704,34.050137044558831],[-116.80630188122824,34.050048309756704],[-116.8062778001342,34.049959574939805],[-116.80626575960775,34.049915207525842],[-116.80625371909494,34.049870840107957],[-116.80624167835899,34.049826471813077],[-116.80620555694412,34.049693369526267],[-116.80619351649999,34.049649002089772],[-116.8061573952498,34.049515899758219],[-116.80613331448484,34.049427164851906],[-116.80612127388592,34.049382796519758],[-116.80612722599956,34.049195454820712],[-116.80610314536798,34.049106719872363],[-116.80608501674155,34.048830642252952],[-116.80611504937464,34.048732035428394],[-116.80610300913055,34.048687667928775],[-116.80607892868355,34.048598932918779],[-116.80601277549383,34.048564437214786],[-116.80593458200882,34.048485573069911],[-116.8059225419056,34.048441205537998],[-116.80580227600846,34.048416581447995],[-116.80579023599124,34.048372213898524],[-116.80559177649383,34.048268726339003],[-116.80543539136471,34.048110998235394],[-116.80536923887433,34.048076502142926],[-116.80518282135719,34.04801738126605],[-116.80517078175433,34.047973013629843],[-116.8050925899521,34.047894149731675],[-116.80508055041972,34.047849782079311],[-116.80501439830816,34.047815285772948],[-116.8049482449529,34.047780788748227],[-116.80487005356873,34.047701924680844],[-116.80485801419273,34.047657556994665],[-116.80473774984158,34.047632931775823],[-116.80465955881874,34.047554067551694],[-116.80446110397205,34.04745057775559],[-116.80440699154866,34.047460448826264],[-116.80434083982881,34.047425951245167],[-116.80405823763319,34.047430938477213],[-116.8039500126978,34.047450680217366],[-116.80389590020951,34.047460551049305],[-116.80378767519198,34.047480292637047],[-116.80373356159734,34.047490163587256],[-116.80367944905436,34.04750003431753],[-116.80362533649759,34.047509905022586],[-116.80357122392711,34.047519775702256],[-116.80351711134284,34.047529646356502],[-116.80340888613334,34.047549387588809],[-116.80335477350802,34.04755925816707],[-116.80308420911047,34.047608610871016],[-116.80303009640292,34.047618481296794],[-116.80297598368163,34.047628351697256],[-116.80292187094659,34.047638222072223],[-116.80286775819795,34.047648092421873],[-116.80280160723714,34.047613594843781],[-116.80278956905268,34.047569226937789],[-116.80277753088176,34.047524859028009],[-116.80276549272462,34.047480491114577],[-116.80279552903814,34.047381884982734],[-116.80284964161116,34.047372014663573],[-116.80289171596657,34.047317776409514],[-116.80294582848282,34.047307906044637],[-116.80345083822401,34.047076096348306],[-116.80349291200123,34.047021857855945],[-116.80360113645673,34.047002116531928],[-116.80358909791134,34.046957748674949],[-116.80357705937972,34.046913380814075],[-116.80356502086183,34.046869012949649],[-116.80361913404633,34.046859142070474],[-116.80360709551287,34.046814774207277],[-116.80364916904013,34.046760535640267],[-116.80363713050474,34.046716167774726],[-116.80369124250878,34.046706297054392],[-116.8036792039578,34.046661929190094],[-116.80373331591886,34.046652058449531],[-116.80377538903349,34.04659781895225],[-116.80381746232646,34.046543580309361],[-116.80385953556086,34.046489341647451],[-116.80384749694753,34.046444973788709],[-116.80390160873671,34.046435102966605],[-116.80395572051212,34.04642523211924],[-116.80400983227369,34.046415361246495],[-116.80406394508688,34.04640549015415],[-116.80405190637025,34.046361122311914],[-116.80416012976637,34.046341380449519],[-116.80425631428763,34.046277270660028],[-116.80449075543726,34.046094811907963],[-116.80447871652562,34.046050444092771],[-116.80460493470159,34.045887726161652],[-116.80464700703379,34.045833487169219],[-116.80463496807346,34.045789119355568],[-116.80462292912681,34.045744751538209],[-116.80464092348605,34.04560177688608],[-116.804628884328,34.045557408185573],[-116.80465891754217,34.045458801332202],[-116.80468895068036,34.045360194458951],[-116.80467691176936,34.045315826623252],[-116.80473102266913,34.045305955400039],[-116.80471898374255,34.045261587565648],[-116.80474901672868,34.045162980652393],[-116.80474293269302,34.044931269305806],[-116.80473089381741,34.044886901451704],[-116.80457451745515,34.044729172389047],[-116.80450836821683,34.044694675658455],[-116.80423173307869,34.044512319543372],[-116.80380480566474,34.044403944317928],[-116.80373865704321,34.044369447133882],[-116.80360635973905,34.044300451774639],[-116.8028968448791,34.044197058443139],[-116.8027886230758,34.044216799373501],[-116.80259017921328,34.044113305939376],[-116.80239173564085,34.044009811278706],[-116.80237969824648,34.043965443128975],[-116.80212714428181,34.043871819207098],[-116.80206099685488,34.04383732104251],[-116.8016881871698,34.043719066838953],[-116.80148974497119,34.043615571650193],[-116.80142359804381,34.043581073110737],[-116.80114101067088,34.043586053059734],[-116.80108690051055,34.043595922628299],[-116.80092456888222,34.043625531375881],[-116.80087045866706,34.043635400842831],[-116.8005337607936,34.043650248752549],[-116.80046761319501,34.043615749863207],[-116.80041350292873,34.043625619116973],[-116.80040146672,34.043581250740267],[-116.80009480698811,34.043497490501295],[-116.80004069675675,34.043507359582463],[-116.79954763476495,34.043364469162604],[-116.79934919714081,34.04326096919489],[-116.79917483009132,34.043246206998354],[-116.79912071991798,34.04325607565309],[-116.79879605859013,34.043315287048785],[-116.79874194832087,34.043325155525771],[-116.7985796163655,34.043354760999051],[-116.79852550604144,34.043364629374572],[-116.79847139570361,34.043374497724727],[-116.79841728535217,34.043384366049402],[-116.79833313460166,34.043492839826705],[-116.79834516985601,34.043537209296389],[-116.79815279662824,34.043665419615749],[-116.79809868603442,34.043675287788041],[-116.79811072094645,34.043719656398522],[-116.79812275587234,34.043764025005373],[-116.79813479081177,34.043808393608387],[-116.79811678492921,34.043951367572497],[-116.79812882013123,34.043995737039211],[-116.7981528901023,34.044084474214436],[-116.79817696012839,34.044173211374705],[-116.79818899516189,34.044217579949141],[-116.7981830243433,34.04440492241293],[-116.79815298357738,34.044503528592188],[-116.79796060764781,34.044631738436458],[-116.79786441997828,34.044695843133873],[-116.79776823215043,34.044759947746556],[-116.79766000933148,34.044779683679678],[-116.7973353394804,34.044838891064174],[-116.79728122796814,34.044848758840331],[-116.7972391510406,34.044902995225968],[-116.7967521453613,34.044991804080659],[-116.79644548423815,34.044908035208131],[-116.79632522572427,34.044883401369617],[-116.79608471105533,34.044834132927299],[-116.79595241973963,34.044765128871951],[-116.79583216266758,34.044740494323129],[-116.79577805103325,34.044750361398783],[-116.79572393832007,34.044760228643121],[-116.79563978233449,34.044868700277028],[-116.79565181626772,34.044913069949409],[-116.79562177186587,34.045011674536148],[-116.79563380557407,34.045056043329161],[-116.79561579481422,34.045199016680364],[-116.79562782854792,34.045243385463543],[-116.79563986229533,34.045287754243006],[-116.79560981797079,34.045386359653406],[-116.79562185172989,34.045430728426808],[-116.79557977333336,34.045484964170505],[-116.79559180709069,34.045529332941463],[-116.79554972861983,34.045583568667375],[-116.79550765009053,34.045637804374294],[-116.79551968383032,34.045682173144293],[-116.79547760522676,34.045736408833626],[-116.7953634019276,34.045943485626978],[-116.79537543563262,34.045987854394831],[-116.79513499516503,34.046357636579145],[-116.79505083580604,34.046466108634931],[-116.79506286941368,34.046510477406031],[-116.79497871061744,34.046618948321004],[-116.79481039232223,34.046835889923358],[-116.79473826655666,34.046988730262093],[-116.79464207226131,34.047052832289488],[-116.79439557182214,34.047190902100802],[-116.79434145830426,34.047200768475307],[-116.7942873447726,34.047210634824381],[-116.794179116603,34.047230367640665],[-116.79412500303026,34.047240233913527],[-116.7937462076376,34.047309297113287],[-116.79369209395522,34.047319163183083],[-116.79352975176076,34.047348761434506],[-116.79347563802361,34.047358627402758],[-116.79346360518876,34.047314258514248],[-116.79340949146714,34.047324124451919],[-116.7930848077846,34.047383319740149],[-116.7930306939672,34.047393185500333],[-116.79289840124827,34.047324179054549],[-116.79277814119226,34.047299541416315],[-116.79248350621192,34.04726013059026],[-116.79241736017843,34.047225627068883],[-116.79230913257975,34.047245357944497],[-116.7922550187598,34.04725522334428],[-116.7922009049262,34.047265088718497],[-116.79218887283162,34.047220719692319],[-116.79213475901358,34.047230585036161],[-116.79194835356371,34.047171442811347],[-116.79188220677722,34.047136939175068],[-116.79161163764694,34.047186264929849],[-116.790950237876,34.047260275193452],[-116.79073378071929,34.0472997342954],[-116.79067966666224,34.047309598958918],[-116.79057143850682,34.047329328209905],[-116.79046321029676,34.047349057359291],[-116.78996415075332,34.047393468221394],[-116.78991003653364,34.047403332524276],[-116.78985592230022,34.047413196801976],[-116.78958534986282,34.047462518003591],[-116.78926066376391,34.047521702374638],[-116.78904420502549,34.047561158308525],[-116.78906826575218,34.047649896971933],[-116.78913441066274,34.047684402386068],[-116.7892125861017,34.047763277069578],[-116.78940503058857,34.048054134762261],[-116.78941706122664,34.04809850403096],[-116.78959747544697,34.048344992223171],[-116.78960950623949,34.04838936145574],[-116.78962153704576,34.048433730684444],[-116.78966966040778,34.048611207561912],[-116.78968169128248,34.04865557677212],[-116.78971778422574,34.048788685253434],[-116.78974184609849,34.04887742364015],[-116.78975387705546,34.048921792827784],[-116.78957350727893,34.049094357214905],[-116.78947730720039,34.049158454592025],[-116.78943522251382,34.049212687850357],[-116.78929693756544,34.049331019176634],[-116.78920073696729,34.049395116305071],[-116.78915865089516,34.049449349641023],[-116.78891213315792,34.049587407374368],[-116.78866561348202,34.049725464753244],[-116.7885573814611,34.049745192063575],[-116.78844914938534,34.049764919272427],[-116.78840706365541,34.049819152116221],[-116.78835294755402,34.049829015662148],[-116.78816054258816,34.049957209254231],[-116.78810642635969,34.049967072683351],[-116.78773964236528,34.050080485308818],[-116.78757729215661,34.050110075120273],[-116.78719847700918,34.050179116671892],[-116.78709024292141,34.050198842795041],[-116.7871022725724,34.050243212184292],[-116.78704815601134,34.050253075115833],[-116.78703612638959,34.050208705721623],[-116.78702409678154,34.050164336323462],[-116.7870120669504,34.0501199660483],[-116.78704212421732,34.050021364327414],[-116.78707218140836,34.049922762586355],[-116.78709021000219,34.049779791218796],[-116.78713229662741,34.049725558850326],[-116.78712026703919,34.049681189435304],[-116.78713829418675,34.049538217337471],[-116.78712626462408,34.049493847912665],[-116.78710220553971,34.049405109051825],[-116.78709017601815,34.049360739615906],[-116.78693382615302,34.049202986768869],[-116.78665721531597,34.04902059081148],[-116.78660309954758,34.049030453550472],[-116.78659107036806,34.048986084041644],[-116.7865249254788,34.048951577232579],[-116.78645878064809,34.048917070384434],[-116.78644675133144,34.048872699981004],[-116.78635654856959,34.048749453995825],[-116.7855808708515,34.048611448477637],[-116.78540649526757,34.04859666459889],[-116.78535237963538,34.048606526759137],[-116.78512388868485,34.048601605463773],[-116.78506977301352,34.048611467492016],[-116.78494951238116,34.04858682196496],[-116.78490742485185,34.048641053618425],[-116.78486533726389,34.048695285252819],[-116.78484730614065,34.048838257148716],[-116.78485933430434,34.048882626846584],[-116.78478718688834,34.049035459725346],[-116.78473909572469,34.049277032783834],[-116.78475112389461,34.0493214024685],[-116.78476315207814,34.049365772149471],[-116.7847751802755,34.049410141826719],[-116.7848112649495,34.049543250835953],[-116.7847932324655,34.049686222765274],[-116.78473911599887,34.049696084625459],[-116.78476317248172,34.0497848239444],[-116.78472108417564,34.049839055448487],[-116.78469102404172,34.04993765659011],[-116.78445052091705,34.050307415644305],[-116.78439640291039,34.050317277531221],[-116.78420399105795,34.050445463409154],[-116.78421601910347,34.050489833084093],[-116.78406569574054,34.050563787437341],[-116.78396948931702,34.050627880124459],[-116.78392739893775,34.050682111476974],[-116.78370492389291,34.050908898156614],[-116.78365080643948,34.050918759493747],[-116.78340427322919,34.051056805451587],[-116.78330806565285,34.051120897550206],[-116.78309761510044,34.051392052656794],[-116.78300140579246,34.051456144667817],[-116.78304951594163,34.051633623619381],[-116.78306154351321,34.05167799334793],[-116.78312769024843,34.051712501821129],[-116.78327200971515,34.051825889609631],[-116.78328403744307,34.051870259304458],[-116.78363280205085,34.051899831316703],[-116.78380718551936,34.051914616734784],[-116.78411386062901,34.05199841830774],[-116.78418000703704,34.052032926360489],[-116.78419203555072,34.052077296822844],[-116.78422812046372,34.052210405567671],[-116.7839635514275,34.052491422563769],[-116.78383727944879,34.052654116662019],[-116.78337426589162,34.052831607605107],[-116.78274889314551,34.053038679404523],[-116.78264065502414,34.05305840110789],[-116.78258653594298,34.053068261921517],[-116.78254444434816,34.053122492411454],[-116.78230992983593,34.053304906223239],[-116.78232195724429,34.053349275935446],[-116.78224980071487,34.053502106376875],[-116.78226182811933,34.053546476084286],[-116.78227385553768,34.053590845787994],[-116.78228588296957,34.053635215487958],[-116.78232196558434,34.053768325439059],[-116.78234602057152,34.053857064805385],[-116.78237007561361,34.05394580415701],[-116.78238210315507,34.05399017382728],[-116.78229791862609,34.054098634514084],[-116.78232197368786,34.054187373848649],[-116.78233400147606,34.054231744383806],[-116.78231596418969,34.054374714017861],[-116.78230995442578,34.054562053269123],[-116.78222576811307,34.054670514019833],[-116.78223779592096,34.054714884537965],[-116.78208145218322,34.054976175075168],[-116.7820273316991,34.054986035603818],[-116.78185895926671,34.055202956114925],[-116.78158234337101,34.055439598046121],[-116.78159437069456,34.055483967714828],[-116.78155227710396,34.055538197679851],[-116.78135984661304,34.055666378190054],[-116.78131775276066,34.05572060805757],[-116.78126363166271,34.055730468220702],[-116.78115538942586,34.055750188470533],[-116.7809930259679,34.055779768654581],[-116.78093890478782,34.055789628665281],[-116.78092687779034,34.055745258945628],[-116.7808607296714,34.055710749197189],[-116.78082464889032,34.055577639989465],[-116.78077052676396,34.055587500118165],[-116.78059012369918,34.055341000430523],[-116.78056607025366,34.055252260865096],[-116.7804638427768,34.055084641487063],[-116.78039769542386,34.055050131445903],[-116.78022932123091,34.054848000857511],[-116.78016317418276,34.054813490672281],[-116.78008500083121,34.05473461058439],[-116.78001885394316,34.054700100311948],[-116.77991061175736,34.054719819618875],[-116.7798564911767,34.054729679137331],[-116.77980237058219,34.054739538630393],[-116.77977230233266,34.054838137889156],[-116.77973020782282,34.054892367236469],[-116.77974223400713,34.054936737127981],[-116.77970013942301,34.05499096645778],[-116.77965804478039,34.05504519576855],[-116.77967007094716,34.055089565658903],[-116.77967608120859,34.055321275355112],[-116.77977229158631,34.055676235108983],[-116.77978431791551,34.055720604952285],[-116.77989857119196,34.055932594615371],[-116.77994667727388,34.056110074730249],[-116.77998275680156,34.056243184122387],[-116.78000680988843,34.056331923698529],[-116.78010302302094,34.05668688272759],[-116.78013308813264,34.057007331411228],[-116.78015714162676,34.057096070871026],[-116.77993463148934,34.057741895221149],[-116.77980834365292,34.057904583663692],[-116.77982037034663,34.057948953379245],[-116.77962793105172,34.058077130626522],[-116.77963995766937,34.058121500351149],[-116.77967002143008,34.058441948577908],[-116.77968204812802,34.058486318277907],[-116.77969407483964,34.058530687974091],[-116.779718128304,34.058619427355367],[-116.77973015505674,34.058663797040381],[-116.77975420860332,34.05875253639924],[-116.77977826244145,34.058841276616874],[-116.77979028926261,34.058885646283265],[-116.77984441273888,34.058875786847217],[-116.78033152447372,34.05878705058602],[-116.78059011483759,34.058693382097736],[-116.78064423807893,34.05868352228579],[-116.7806983613067,34.058673662448548],[-116.78102911438495,34.058427163592718],[-116.78130574174004,34.058190524936606],[-116.7813899320718,34.058082065527543],[-116.78143202691307,34.05802783492112],[-116.7817808142552,34.057638365709174],[-116.78186500332897,34.057529905879825],[-116.78188304300201,34.057386935814854],[-116.78192513736133,34.057332705855472],[-116.78196723166184,34.057278475877204],[-116.78202135374603,34.057268615404801],[-116.7822378419459,34.057229173261696],[-116.78229196396153,34.057219312662326],[-116.78238217009986,34.057342560499215],[-116.78243629324146,34.057332699639957],[-116.7825565655135,34.057357347697753],[-116.78262271601832,34.057391857280486],[-116.78263474423579,34.057436226732456],[-116.78268285724249,34.057613704503432],[-116.78270691382804,34.057702443366487],[-116.78265881086411,34.05794401293214],[-116.78268286752423,34.058032751763484],[-116.78268888673661,34.058264459573863],[-116.78270091536315,34.058308829843845],[-116.7826287739002,34.059299753172063],[-116.78264080241561,34.059344122517288],[-116.78270094519836,34.05956596918741],[-116.78271297379597,34.059610338510225],[-116.78280318360561,34.059733586523173],[-116.78286933600062,34.059768094988847],[-116.78293548845431,34.05980260341515],[-116.78317604208186,34.059851898022501],[-116.78324219474251,34.059886406270245],[-116.78330834746177,34.059920914478738],[-116.78366917755781,34.059994856194677],[-116.78386763780055,34.060098379763289],[-116.78417434519046,34.060182180315167],[-116.78470957966289,34.060270903216633],[-116.78509447368701,34.060433577534745],[-116.78533502956347,34.0604828678172],[-116.78538915344744,34.060473005812199],[-116.78546733816437,34.060551882628211],[-116.78552146314503,34.060542020368118],[-116.78569586525116,34.060556802978553],[-116.78570789570752,34.060601171935502],[-116.7858822979814,34.060615954264371],[-116.78594845248956,34.060650460934689],[-116.78605670032154,34.060630736330509],[-116.7860687309948,34.060675105245991],[-116.78633935154674,34.060625793071942],[-116.78668815757612,34.060655355371935],[-116.78687459153242,34.060714505928189],[-116.78688662268441,34.060758874753986],[-116.78715124333357,34.060896898882582],[-116.78721739864238,34.060931404816671],[-116.78740383448974,34.060990553433605],[-116.78760230140297,34.061094071546975],[-116.78771054943262,34.061074345409466],[-116.78777670513976,34.061108851016641],[-116.78837211044402,34.061419400394641],[-116.78842623459417,34.061409536983348],[-116.78848035873075,34.061399673546589],[-116.78878707727081,34.061483461563647],[-116.78924413629231,34.061493288908075],[-116.78973729435793,34.061636220778411],[-116.78980345143994,34.061670725204664],[-116.78986960858064,34.061705229591858],[-116.78997785688519,34.061685501352351],[-116.790489041323,34.061685459628634],[-116.79054316538996,34.061675595232138],[-116.79060932286238,34.061710099196894],[-116.79072960447789,34.061734738639629],[-116.79146932039592,34.061739603436195],[-116.79181813229286,34.061769150453827],[-116.79188429040939,34.061803653686944],[-116.79238948952298,34.06199094158336],[-116.79272028420095,34.062163456357098],[-116.79278644305188,34.062197959058189],[-116.79315932765391,34.062316239149418],[-116.7932254868291,34.062350741593242],[-116.7935983736575,34.06246901918194],[-116.7936104089099,34.062513387212356],[-116.79380888771277,34.062616893628721],[-116.79386301200651,34.062607027693886],[-116.7939291730426,34.062641530402935],[-116.79394120851009,34.062685898389269],[-116.79400736834546,34.062720400371092],[-116.79407352823928,34.062754902313635],[-116.79412765259546,34.062745036256977],[-116.79462688263922,34.063119652906359],[-116.79484943648644,34.063311893222028],[-116.79491559725568,34.063346394658474],[-116.79521635012722,34.06361750430279],[-116.79569757601004,34.064135085818293],[-116.79570961295234,34.064179454411388],[-116.79606449685544,34.064440693899314],[-116.79613066018689,34.064475194399328],[-116.79628705932667,34.064632931816192],[-116.79643142164518,34.064746300507949],[-116.79649758433324,34.064780800979555],[-116.79657578438376,34.064859669003781],[-116.79662990988525,34.064849801804904],[-116.79684043743113,34.064997670984553],[-116.79691863804653,34.065076538756259],[-116.79698480123085,34.065111038935449],[-116.79726149255272,34.065293407629959],[-116.79747202225924,34.065441274707283],[-116.79773667756795,34.065579273862447],[-116.79774871589473,34.065623642163494],[-116.79788104398669,34.065692641488035],[-116.79789308217637,34.065737008894338],[-116.7979051203797,34.065781376297103],[-116.79804948718116,34.065894742810897],[-116.79811565156132,34.065929242309359],[-116.79812768992107,34.065973609678231],[-116.79813972853152,34.066017977916943],[-116.79815176691886,34.066062345278311],[-116.79822997099605,34.066141211866075],[-116.79829613566548,34.0661757112508],[-116.7983081741661,34.066220078587371],[-116.79839841606569,34.066343312568414],[-116.79841045465055,34.066387679884855],[-116.79842249348607,34.066432048071192],[-116.79845860936409,34.066565149987262],[-116.79851880276819,34.066786986439944],[-116.79854288046292,34.066875721868271],[-116.79855491921222,34.066920089140275],[-116.79856695797537,34.066964456408449],[-116.79851283124992,34.066974324485535],[-116.79828428452875,34.06696942944064],[-116.79777306518537,34.066969504663511],[-116.79765277325932,34.066944872690399],[-116.79740015154097,34.066851240975318],[-116.79734602474637,34.066861108509059],[-116.79691898443033,34.066752710961445],[-116.79685281988071,34.066718210815509],[-116.79666636291464,34.066659076945811],[-116.79646787001593,34.066555575945856],[-116.79645583251157,34.066511208436914],[-116.79621525098422,34.066461941603393],[-116.79584234083229,34.066343672150431],[-116.79514467221802,34.066284601813344],[-116.79421247833967,34.066407961292953],[-116.79415835144924,34.066417827343933],[-116.79383358981919,34.066477023116697],[-116.79320813426877,34.066684147992831],[-116.79309987983605,34.066703879124944],[-116.79300366091267,34.066767978012152],[-116.79285331448067,34.066841942250946],[-116.79286534998431,34.066886310115407],[-116.79288942126956,34.066975046706688],[-116.79315407367062,34.067113056057558],[-116.79328640022278,34.067182060497679],[-116.79347285457237,34.06724119908516],[-116.79348489049052,34.067285566863283],[-116.79365931050745,34.067300338047801],[-116.79377960171951,34.067324974153195],[-116.79383372928814,34.067315108290366],[-116.79430285955932,34.067369283354637],[-116.79441111461195,34.067349551115811],[-116.7950546647358,34.067418492245302],[-116.79512082908369,34.067452993387072],[-116.7951869937273,34.067487495363054],[-116.79537345131637,34.067546630677143],[-116.79543961591435,34.067581131631492],[-116.79555990812293,34.067605765881154],[-116.79574636521269,34.067664900781132],[-116.79586665871315,34.06768953451575],[-116.79594486128195,34.067768403551689],[-116.79614335657615,34.067871905289671],[-116.79626364945634,34.067896538800383],[-116.79632981474582,34.067931039231617],[-116.79634185239786,34.067975406674762],[-116.79639598009391,34.067965539623479],[-116.7965283120315,34.068034540095354],[-116.7965944775554,34.068069040369544],[-116.79660651561652,34.068113408650895],[-116.79679297471584,34.068172541829881],[-116.79684710249178,34.068162674570623],[-116.79685914047421,34.068207041947062],[-116.79697943409833,34.068231674704613],[-116.79705763810097,34.068310542063109],[-116.79711176593931,34.068300674681744],[-116.79712380409377,34.068345042023253],[-116.79717793301319,34.068335174417243],[-116.79725613732076,34.068414041631499],[-116.79736439307716,34.068394306661034],[-116.797430559514,34.068428807315897],[-116.79748468738721,34.068418939762054],[-116.79866952777289,34.068389183612993],[-116.79863947813639,34.068487786076282],[-116.79803809799522,34.068783671484141],[-116.79805013675195,34.06882803870235],[-116.79800804740734,34.068882273734964],[-116.79802008616215,34.068926640950842],[-116.79793590726581,34.0690351109617],[-116.79789381772969,34.069089345938707],[-116.79785172706939,34.069143581090849],[-116.79776754770407,34.069252050950034],[-116.79777958661624,34.069296419043951],[-116.79779162530491,34.069340786260561],[-116.79778565160505,34.069528122796413],[-116.7977676391365,34.069671092090822],[-116.79777967787641,34.069715459287913],[-116.79765340790003,34.06987816472661],[-116.79759927903412,34.069888032341126],[-116.79728056802256,34.070178941279899],[-116.79722643890045,34.070188808716651],[-116.79714225753489,34.070297277979833],[-116.79700394579851,34.070415615564968],[-116.79691976387791,34.070524084635977],[-116.79693180226668,34.070568451873669],[-116.79683558172296,34.070632553630894],[-116.79664313909478,34.070760757084564],[-116.79660104772609,34.070814991475046],[-116.7965589565358,34.070869226719907],[-116.79651686504994,34.070923461072503],[-116.79647477350544,34.070977695406107],[-116.79644472009213,34.071076296981033],[-116.79645675829561,34.071120664237419],[-116.79641466660274,34.071174898535901],[-116.7964267048044,34.071219265789942],[-116.79638461303732,34.071273500070781],[-116.7963966512371,34.071317867322598],[-116.79640868968757,34.07136223544407],[-116.79631246773273,34.07142633670334],[-116.79627037470851,34.071480571122947],[-116.7962824128753,34.071524938375084],[-116.79629445105572,34.071569305623477],[-116.7962102669003,34.071677774022653],[-116.79612608251053,34.071786242345979],[-116.79595771326453,34.072003179638301],[-116.79581939646239,34.072121514684341],[-116.79568108030553,34.072239849353657],[-116.79569311825381,34.072284216624595],[-116.79554276372839,34.072358183840265],[-116.79543450200137,34.072377917012005],[-116.79483307858592,34.072673784549245],[-116.79477894742004,34.072683650812472],[-116.79472481624045,34.072693517050531],[-116.79467068504721,34.072703383263203],[-116.79455038524735,34.072678748247981],[-116.79415337361849,34.072471739530116],[-116.79408720543583,34.072437238053112],[-116.79395486924663,34.072368234981049],[-116.79394283227528,34.072323867534017],[-116.79369019626893,34.072230227686809],[-116.79367815946971,34.072185860204605],[-116.79342552553169,34.072092220443729],[-116.79334732140974,34.072013351008671],[-116.79329319051465,34.072023216586665],[-116.79308265177994,34.071875342072204],[-116.79307061538175,34.071830974507314],[-116.79280594603325,34.07169296597511],[-116.7924991840344,34.071609189468177],[-116.79201799349589,34.071510638827775],[-116.79195182707562,34.071476136090681],[-116.79181949441086,34.07140713049845],[-116.79175332710086,34.071372627837697],[-116.79169919644913,34.071382492679177],[-116.79163303027896,34.071347989754436],[-116.79156686393043,34.071313485917209],[-116.79151273329626,34.071323350672579],[-116.7913262706633,34.071264209234755],[-116.79126010475875,34.071229706092225],[-116.79119393891277,34.07119520291031],[-116.79118190369537,34.071150835111752],[-116.79099544066119,34.071091693323446],[-116.79092927504973,34.071057189984501],[-116.79068868274068,34.071007911090071],[-116.79044808990736,34.070958632760721],[-116.79039395937812,34.070968496998091],[-116.79017743712393,34.071007953693503],[-116.79012330652603,34.071017817803998],[-116.79001504422362,34.071037546142698],[-116.78996091358466,34.071047410176988],[-116.78985265226562,34.071067138169205],[-116.78982259043526,34.071165738016255],[-116.78979252876566,34.071264338716645],[-116.78980456320916,34.071308706653234],[-116.78981659766644,34.07135307458622],[-116.78987677015832,34.071574914194969],[-116.7899429357434,34.071609418112132],[-116.79011137137296,34.071811530343602],[-116.79012340608273,34.071855898216747],[-116.79018957201568,34.071890401981008],[-116.79026777281672,34.071969273557997],[-116.79033394021232,34.072003777914105],[-116.79034597507852,34.072048145753506],[-116.79035800995837,34.072092513589133],[-116.79037004485205,34.072136881421066],[-116.79042417619625,34.072127017209297],[-116.79056255281314,34.072427728494134],[-116.79057458787511,34.072472096286305],[-116.79065278965003,34.072550967546029],[-116.7906648247823,34.072595335321999],[-116.79077913242169,34.072807309776572],[-116.79079116790261,34.0728516783985],[-116.79081523843145,34.072940413884567],[-116.79085134432776,34.073073517085469],[-116.79086337965394,34.073117884811928],[-116.79083331831156,34.073216484667981],[-116.7908453536495,34.073260852388231],[-116.79046647990194,34.073748941816852],[-116.79042438261776,34.07380317376213],[-116.79035821495596,34.073768670214456],[-116.79029204735278,34.07373416662751],[-116.78991306947242,34.07338417622146],[-116.78984690239302,34.073349672363747],[-116.78964840150665,34.073246160555641],[-116.78958223466169,34.073211656541098],[-116.78940780241793,34.073196880205671],[-116.78928750352065,34.073172239745112],[-116.78922133689844,34.073137735521556],[-116.78914313574697,34.07305886248087],[-116.78903487142507,34.073078589659886],[-116.78892660704834,34.073098316737145],[-116.788000358202,34.073453329166092],[-116.78795825936059,34.073507560236195],[-116.78791615939501,34.073561791481239],[-116.78792819312471,34.073606159485124],[-116.78787406043637,34.073616022513306],[-116.7878319614192,34.07367025352638],[-116.78775979687614,34.073823083504884],[-116.78770566401569,34.073832946451923],[-116.7876094320837,34.073897041163569],[-116.78727863390306,34.074143553143095],[-116.78722450075902,34.074153415861495],[-116.78723653418616,34.074197783904253],[-116.78706813473218,34.074414706758922],[-116.78705010063267,34.074557674580902],[-116.78700800053277,34.074611905230846],[-116.78693583350059,34.074764734516613],[-116.78694786685773,34.074809102555491],[-116.78690576655082,34.074863333151328],[-116.78672533169438,34.075035888172906],[-116.78673736497358,34.075080256218556],[-116.78656896115579,34.075297178303202],[-116.78652686032125,34.075351408728274],[-116.78648475942806,34.075405639134566],[-116.78641259087063,34.075558468816396],[-116.78632238688644,34.075854263959975],[-116.78628028451337,34.075908494452037],[-116.78622014823171,34.076105691952726],[-116.78616604261367,34.076534591701424],[-116.78617807580576,34.076578959722013],[-116.78614800719635,34.07667755793657],[-116.7861600404002,34.076721925951183],[-116.78617207361779,34.076766293961761],[-116.78618410684902,34.076810661968892],[-116.78620817358967,34.07689939884532],[-116.78622020686208,34.076943766841133],[-116.78623224014821,34.07698813483335],[-116.78607586403594,34.077249423660966],[-116.78602172858093,34.077259285779469],[-116.78596159060164,34.077456482813133],[-116.78593152137945,34.077555080863398],[-116.78588941888052,34.077609310904123],[-116.78584131325582,34.07785087489448],[-116.78585334670315,34.077895243749211],[-116.7858714101457,34.07817131359586],[-116.78584133946768,34.07826991172869],[-116.78586540626861,34.078358648514396],[-116.78587743957122,34.078403016464918],[-116.78582330328925,34.078412878476527],[-116.78578120025131,34.078467108419886],[-116.78568496077312,34.078531200289703],[-116.78563082437769,34.078541062209972],[-116.78549848530982,34.078472050013055],[-116.78504733192655,34.078274873452621],[-116.78499319562854,34.078284735078206],[-116.78477665029953,34.078324181326849],[-116.78472251286728,34.078334043019773],[-116.7841811473824,34.078432656803905],[-116.784072874334,34.07845237921714],[-116.78401873778932,34.078462240385832],[-116.78391046465869,34.078481962646649],[-116.78374805486008,34.078511545847611],[-116.78358564387231,34.078541129013828],[-116.78353150720416,34.07855098995396],[-116.78342323382675,34.07857071175777],[-116.78293600188448,34.078659458811607],[-116.782677349118,34.07875312999689],[-116.78262321218757,34.078762990510157],[-116.78256907417773,34.078772851192284],[-116.78251493721983,34.078782711654725],[-116.78240666326293,34.078802432503487],[-116.78176904835358,34.07896512400314],[-116.78160663673394,34.078994704186734],[-116.78149836118675,34.079014424376361],[-116.78137805580643,34.078989775888985],[-116.78125775050241,34.078965127276241],[-116.78083066621792,34.078856672113041],[-116.78077652898173,34.078866531762962],[-116.78071036129266,34.078832022928111],[-116.7803915537142,34.078703845795388],[-116.78033741546282,34.07871370543625],[-116.78028327826364,34.078723564857562],[-116.7800968064424,34.078664405908569],[-116.77966370742908,34.078743279868284],[-116.77960957012394,34.078753138974832],[-116.77911030317304,34.078797501356689],[-116.77889375343929,34.078836936594094],[-116.7786772024206,34.078876371619003],[-116.77862306489806,34.078886230263301],[-116.77840651467093,34.078925664586208],[-116.77835237707986,34.078935523103368],[-116.77813582551293,34.078974957112365],[-116.77808168785346,34.078984815502636],[-116.77802755018013,34.078994673867534],[-116.77797341249317,34.079004532207072],[-116.77790724592889,34.078970021778638],[-116.77761249890787,34.078930575590213],[-116.777558361213,34.078940433736634],[-116.77725158683705,34.078856616775639],[-116.77687864638082,34.0787382890367],[-116.77674631473343,34.078669266868353],[-116.77652376145319,34.078476994625547],[-116.77621698918718,34.078393175946474],[-116.77580797069045,34.078141736736725],[-116.77554331048945,34.078003689890849],[-116.77543503585051,34.078023404249066],[-116.77518240467857,34.077929724550515],[-116.77512826630603,34.077939581768781],[-116.77498391054527,34.077826188425064],[-116.77469520028487,34.077599401150422],[-116.77462903613021,34.077564887917511],[-116.77437640658589,34.077471207476634],[-116.77399744666714,34.077540203518389],[-116.77388917121574,34.077559916638478],[-116.77356434772946,34.077619054807734],[-116.77315529982118,34.077786643084579],[-116.77305905079477,34.077850724529341],[-116.77300491327412,34.077860580563112],[-116.77275228472428,34.077766896618535],[-116.77267409584044,34.077688013801286],[-116.77260793274284,34.07765350029247],[-116.7725537953022,34.077663356118087],[-116.77249965784786,34.077673211918309],[-116.77248763227873,34.077628842539475],[-116.77243349484,34.077638698309336],[-116.7722169438824,34.077678121328567],[-116.77213875539329,34.077599237268181],[-116.77208461793101,34.077609092875527],[-116.77207259260821,34.077564723450152],[-116.77201845516154,34.077574579026894],[-116.77195229245081,34.077540065139047],[-116.77188612979867,34.077505551211914],[-116.77181996720508,34.077471037245495],[-116.7717538046702,34.077436523239889],[-116.77135079174037,34.0774167718942],[-116.77128462945953,34.077382257618403],[-116.77123049203995,34.077392112829727],[-116.77116432983333,34.077357598484262],[-116.77115230483702,34.077313228076065],[-116.77109218124427,34.077091380346147],[-116.77087568436856,34.076711763652348],[-116.77080952289717,34.076677249075239],[-116.77071931267912,34.076553995218887],[-116.77070728829699,34.07650962559336],[-116.77064112683507,34.076475110037826],[-116.77062910250982,34.07643074039985],[-116.77061707819811,34.076386370758023],[-116.7704065709638,34.0762384567523],[-116.77028627338221,34.076213796671688],[-116.77027424929938,34.076169426982439],[-116.77019606429219,34.076090541463543],[-116.77014192656713,34.07610039637644],[-116.77011787861458,34.076011656951508],[-116.77006374200008,34.076021511634728],[-116.7700276702619,34.075888402454325],[-116.76997353372167,34.075898257097087],[-116.76984121301899,34.075829226803727],[-116.76977505275555,34.07579471159832],[-116.76953445920263,34.075745389100781],[-116.76948032163368,34.075755243709068],[-116.76904722911439,34.075834078108436],[-116.76871038494147,34.075848833166049],[-116.76865624826208,34.075858687194184],[-116.76849383814161,34.075888249126407],[-116.76843970140735,34.075898103053063],[-116.76834344976943,34.075962180928826],[-116.76835547295705,34.076006551703252],[-116.76830133612317,34.076016405563841],[-116.76820508529089,34.076080483121217],[-116.7682171081813,34.076124853030088],[-116.76810883430026,34.076144560593661],[-116.76800056036434,34.076164268055713],[-116.76762160009176,34.076233243566548],[-116.76745918879756,34.076262804035757],[-116.76740505060644,34.076272657668625],[-116.76691781586104,34.076361337476165],[-116.76692983806153,34.076405707502808],[-116.76704408669389,34.076617704340229],[-116.76711024644608,34.076652221068329],[-116.76720045130331,34.076775478590761],[-116.76729065620938,34.076898735150777],[-116.76730267870518,34.076943105108967],[-116.76740490678372,34.077110732375303],[-116.76742895198464,34.077199472240927],[-116.76744097460568,34.077243842168095],[-116.76745299724034,34.077288212091723],[-116.76751915774332,34.077322728557782],[-116.76753118043482,34.077367098468777],[-116.76754320313988,34.077411468376255],[-116.7675552258587,34.077455838279697],[-116.76760936378754,34.077445984785236],[-116.76762138654939,34.077490354680229],[-116.7676334095616,34.077534725444771],[-116.76775370834332,34.077559388236743],[-116.76776573120497,34.077603758110278],[-116.76781987027563,34.077593904325539],[-116.76806046821635,34.077643229393125],[-116.76812662929011,34.077677745497198],[-116.76833713608461,34.077825663376039],[-116.76839127523728,34.077815809327184],[-116.76840329873831,34.077860179993827],[-116.76861380655131,34.078008097336607],[-116.76866794473008,34.077998243354699],[-116.76878824455527,34.078022905059008],[-116.76886642983968,34.078101790463329],[-116.7689325916601,34.078136306087778],[-116.76894461528241,34.078180675807069],[-116.76898068646787,34.078313785816597],[-116.76887240973703,34.078333494039299],[-116.76869192665536,34.078506019373563],[-116.76863778812671,34.078515873360487],[-116.76864981163953,34.07856024308937],[-116.76859567306779,34.078570097056009],[-116.7684753713926,34.078545435362699],[-116.76769338292334,34.078594647997711],[-116.76781368336124,34.078619310694812],[-116.76787984515477,34.078653826897636],[-116.76801216891785,34.078722859185326],[-116.76806630766963,34.0787130054931],[-116.76826479510319,34.078816554218577],[-116.76842721141684,34.078786992715322],[-116.76840914291678,34.078929955786485],[-116.76836702747477,34.078984179370835],[-116.76821663406999,34.079058110528536],[-116.76817451735897,34.079112334228356],[-116.76812037834335,34.079122187966171],[-116.76807826259643,34.079176411432641],[-116.76762707876071,34.079398204191229],[-116.76753082319446,34.079462280918136],[-116.76748870685309,34.07951650414735],[-116.76738042807274,34.079536210947175],[-116.7672721492376,34.079555917645507],[-116.76723003266549,34.07961014077457],[-116.76717589211856,34.079619994259083],[-116.76712175262379,34.079629847524572],[-116.76706761311524,34.079639700764339],[-116.76695933405696,34.079659407167988],[-116.7669172172112,34.079713630176414],[-116.76686307761851,34.079723483319817],[-116.76688712300876,34.079812223008169],[-116.76696530816379,34.079891109517874],[-116.76716379607024,34.079994660169504],[-116.76736228533353,34.080098209400539],[-116.76760289072067,34.080147535263421],[-116.76777733332429,34.080162344467162],[-116.7678314731063,34.080152490902329],[-116.76788561287464,34.080142637312093],[-116.76793975369506,34.080132783502478],[-116.76842701087075,34.080044099818736],[-116.76858943074838,34.080014537939611],[-116.76891426800246,34.079955413883823],[-116.76907668751028,34.079925851318997],[-116.76947373125546,34.079713908302232],[-116.76967826391856,34.079630121140923],[-116.76973240309013,34.079620266682028],[-116.76978654224804,34.079610412197766],[-116.77011137797348,34.079551284564431],[-116.77021965608377,34.079531575214794],[-116.77049035111976,34.079482301396354],[-116.77054449115155,34.079472446362523],[-116.77059863010392,34.079462591497226],[-116.77061065488009,34.079506960970306],[-116.77071893280241,34.079487251153431],[-116.77073095765084,34.079531620612684],[-116.7705624998666,34.0797485191137],[-116.77038201724962,34.079921046773549],[-116.77032787795123,34.079930901532116],[-116.77010527845979,34.080157653117773],[-116.77011730306215,34.080202022603522],[-116.77022558314142,34.080182313070459],[-116.77040002632157,34.080197118328016],[-116.77074891418319,34.080226728734409],[-116.77081507864304,34.080261243192936],[-116.77092335756225,34.080241533203946],[-116.77113991523635,34.080202112920659],[-116.77135647375682,34.080162692037106],[-116.77139858775477,34.08010846744682],[-116.77184976496444,34.079886660210562],[-116.77187985291346,34.079788066100292],[-116.77193399191627,34.07977821061538],[-116.77203024425036,34.079714130258807],[-116.77218063530174,34.079640194215578],[-116.77239719173305,34.07960077136066],[-116.77245133054025,34.079590915631869],[-116.77250546933364,34.07958105987791],[-116.77261374687949,34.07956134829351],[-116.77283030287235,34.079521924625915],[-116.77288444156989,34.079512068694072],[-116.77326341206904,34.079443076459746],[-116.77337169029691,34.079423363970236],[-116.77342582885748,34.079413507784444],[-116.77349199381273,34.07944802075076],[-116.77366643596893,34.07946282110796],[-116.77399126813299,34.079403682595149],[-116.77420782192452,34.079364256541197],[-116.77431609873814,34.079344543361991],[-116.77437023712433,34.0793346867342],[-116.77482136961322,34.079531904574033],[-116.77522439436761,34.079551643805267],[-116.77600036104191,34.079689714342628],[-116.77624097170241,34.079739022113117],[-116.77630713818158,34.079773533459189],[-116.77636127661404,34.079763675907145],[-116.7764154150328,34.07975381832955],[-116.77653572002249,34.079778471942227],[-116.77654774822969,34.079822840781873],[-116.77685452648282,34.07990665843635],[-116.77692069361318,34.079941170298447],[-116.77698686056533,34.079975681247639],[-116.77699888905991,34.080020050029788],[-116.77723950030737,34.080069355902104],[-116.77730566750969,34.080103866664047],[-116.77741394563304,34.080084150416397],[-116.77765455734134,34.080133455423415],[-116.77770869585333,34.08012359724664],[-116.77797336626728,34.080261639852168],[-116.77826811850831,34.080301085057904],[-116.77838842492984,34.080325736731332],[-116.77856286998228,34.080340529706255],[-116.77873731616666,34.080355322224641],[-116.77895387020138,34.080315887354452],[-116.77900800867575,34.080306028573389],[-116.77917042508241,34.080276451883719],[-116.7792245635021,34.080266593001014],[-116.77985617673012,34.080291248844752],[-116.78001859171819,34.080261671160706],[-116.78012686830834,34.080241952577651],[-116.78045169881558,34.080182796024985],[-116.78050583700789,34.080172936543001],[-116.78055997518645,34.0801630770355],[-116.78110135728411,34.080064480370645],[-116.78169687590166,34.079956021125376],[-116.78175101377869,34.079946161059262],[-116.78242473272741,34.079916575223479],[-116.78253300822855,34.079896854385382],[-116.78269542137757,34.079867272937406],[-116.78280369674169,34.079847551845226],[-116.78285783440319,34.079837691261076],[-116.78302024837116,34.07980810916181],[-116.78318266114994,34.079778527028324],[-116.78339921132986,34.079739083827903],[-116.7835074874032,34.079719361881338],[-116.78436165393136,34.079517215967307],[-116.78441579116601,34.07950735465171],[-116.78452406665978,34.079487631750155],[-116.7848549169248,34.079660164509122],[-116.78486694985286,34.079704532492393],[-116.78499929045542,34.079773545303766],[-116.78527600686652,34.079955939061584],[-116.78534217753328,34.079990445242707],[-116.78542038155827,34.08006931929004],[-116.78568506545528,34.080207344302899],[-116.78588357988154,34.080310861801244],[-116.78608209376996,34.080414379140613],[-116.78628060818603,34.080517896126722],[-116.78654529619752,34.08065591890459],[-116.78668967403478,34.080769297453486],[-116.78688819016304,34.080872813353473],[-116.78708670705585,34.080976329773833],[-116.78728522530534,34.081079844773136],[-116.7876040539544,34.081208002572012],[-116.78790485117722,34.081479124056756],[-116.78798305929236,34.081557996229208],[-116.78830792880444,34.08191785269085],[-116.78831996404844,34.081962220190583],[-116.78867490549665,34.08222347716584],[-116.78902984826058,34.082484733163611],[-116.78909602273897,34.082519237093592],[-116.78929454759189,34.08262274845368],[-116.78930658350687,34.082667115812029],[-116.78943893331451,34.082736124174517],[-116.78957128311971,34.082805131506483],[-116.78963745811033,34.082839635113665],[-116.78984801970677,34.082987512984189],[-116.78999240797702,34.083100887770073],[-116.79025711004257,34.083238900950938],[-116.79026914660116,34.083283268175343],[-116.79061206274196,34.083500151774658],[-116.79066620301941,34.083490287395726],[-116.79119561336076,34.083766310792733],[-116.79126179095346,34.083800813237467],[-116.791327967539,34.083835315836957],[-116.79159267446748,34.083973325842756],[-116.79160471190046,34.084017692887947],[-116.79165885134624,34.084007828246129],[-116.79171299077832,34.083997963579051],[-116.79187541005803,34.083968369231116],[-116.7921461068069,34.083919045133435],[-116.79233858828616,34.083790851446501],[-116.79239272854694,34.083780986265182],[-116.79244686772839,34.083771121252603],[-116.79286189194787,34.083416132320053],[-116.7930122703677,34.083342169603036],[-116.79347544334597,34.083164646944816],[-116.79357168213851,34.083100548980305],[-116.79361378225653,34.083046316522321],[-116.79411905174507,34.082814558739138],[-116.79416115132733,34.082760326063067],[-116.79462431798952,34.082582797813906],[-116.79481679315265,34.082454599605448],[-116.79490099089759,34.08234613367916],[-116.79494308968216,34.082291900687586],[-116.79506340445523,34.082316534999443],[-116.79507544360924,34.08236090177585],[-116.7951416206608,34.082395402261305],[-116.79519575853068,34.082385535948212],[-116.79534015216703,34.082498903481451],[-116.79535219174386,34.082543271092575],[-116.79548454752634,34.082612271497965],[-116.79564098154286,34.082770005334773],[-116.795653021096,34.082814372026107],[-116.79578537653995,34.082883372259218],[-116.79579741642993,34.082927739802678],[-116.79588767371604,34.083050973163296],[-116.79594181194723,34.083041106510066],[-116.79595385171373,34.083085473155222],[-116.79596589149389,34.083129839796612],[-116.79598997109548,34.083218573068471],[-116.79593583274702,34.08322843974188],[-116.79588169438473,34.083238306389937],[-116.79582755600885,34.083248173012784],[-116.79583959574221,34.083292539658295],[-116.79604419160597,34.083627740200882],[-116.79609235158716,34.083805207460188],[-116.79611643154161,34.083893940630986],[-116.79626689116783,34.084239007249046],[-116.79633307034291,34.084273506973503],[-116.79661589197406,34.084687572082515],[-116.7966941121332,34.084766438063589],[-116.79677233245063,34.08484530398426],[-116.79678437296919,34.084889670443417],[-116.79688667493059,34.085057270046484],[-116.79689871554697,34.085101636482008],[-116.79694687814992,34.085279102186682],[-116.79695891883492,34.085323468603534],[-116.79700708194923,34.085500935107589],[-116.79705524504611,34.085678400678866],[-116.79710340836239,34.085855866190798],[-116.79724781144704,34.085969231731099],[-116.79731399252717,34.08600373082119],[-116.79736813263034,34.085993863538391],[-116.79753055392328,34.08596426134379],[-116.79758469397159,34.085954393959625],[-116.79780125402759,34.085914924168428],[-116.79801781492982,34.085875453776772],[-116.79807195485466,34.085865586163948],[-116.79823437454672,34.085835983173013],[-116.79822233305588,34.085791616917092],[-116.79867346677432,34.085569706897303],[-116.79882384383298,34.085495736843065],[-116.79886594158825,34.085441502640528],[-116.79910051432753,34.085259063549564],[-116.79943132229995,34.085012521268233],[-116.79941928001746,34.084968154217329],[-116.7996538489689,34.084785714093641],[-116.79996056861779,34.084450437792221],[-116.80000266477938,34.084396202232917],[-116.79995449575915,34.084218737601923],[-116.79994245353834,34.084174371434749],[-116.79993041133137,34.084130005264086],[-116.79989428455549,34.083996905856438],[-116.79988224240336,34.083952539670818],[-116.7999423503873,34.083755337892661],[-116.79997240426506,34.083656736973957],[-116.79996036212108,34.08361237077753],[-116.80029116013988,34.083365824663339],[-116.80039943591042,34.083346087227781],[-116.80066415748736,34.083484077483753],[-116.80073033903459,34.083518574537059],[-116.80085065753305,34.083543202806389],[-116.80086270017368,34.083587568914183],[-116.80115150905883,34.08381429020497],[-116.80121769003682,34.083848787160044],[-116.80137413814836,34.084006513019041],[-116.8014102672207,34.084139611090905],[-116.80155467445805,34.084252971316495],[-116.80160881280673,34.084243102032538],[-116.80186149599945,34.084336722541082],[-116.80192767773589,34.084371219068601],[-116.80231272706224,34.084533832187169],[-116.80251127354963,34.084637320853858],[-116.80288428118659,34.084755565277895],[-116.80289632517315,34.084799931107163],[-116.80332347300443,34.084908305065746],[-116.80337761158457,34.084898434964124],[-116.80344379447,34.084932930602214],[-116.80368443762929,34.084982181298024],[-116.80375062072174,34.085016676757384],[-116.80388298708256,34.085085667558239],[-116.80406949364448,34.085144788459544],[-116.80432218272081,34.085238403500959],[-116.80452073367478,34.085341888636279],[-116.80453277868425,34.085386254263192],[-116.80486369963153,34.08555872933848],[-116.80519462074174,34.085731202753401],[-116.80526080620537,34.085765697124209],[-116.80552554462052,34.085903675865936],[-116.8056699598162,34.086017030038256],[-116.80581437543233,34.086130384015057],[-116.80589260659259,34.086209244522784],[-116.80594674681723,34.086199373043428],[-116.8060129319461,34.086233867159173],[-116.80614530237995,34.086302855273104],[-116.80635590468313,34.086450702528069],[-116.80656650908877,34.086598550052308],[-116.80663269483148,34.086633043797328],[-116.8068974383886,34.086771018384532],[-116.80762534505259,34.08673141483483],[-116.80767948435481,34.086721542747213],[-116.8077336247091,34.086711670440117],[-116.80778776398388,34.086701798301696],[-116.80786599747937,34.08678065654864],[-116.8081186964272,34.086874263126617],[-116.80813074372337,34.086918628294931],[-116.8081969304309,34.086953121133462],[-116.80820897778391,34.086997486289313],[-116.8082210251506,34.087041851441398],[-116.80823307276819,34.087086217463224],[-116.80824512016234,34.087130582607877],[-116.80821507541833,34.087229185243125],[-116.80822712282436,34.087273550381894],[-116.8080887986107,34.087391897611539],[-116.80803465889431,34.087401769881971],[-116.80804670622422,34.087446135029793],[-116.80808284853366,34.087579231324618],[-116.80827546057988,34.087870042500612],[-116.80832960059128,34.087860170123662],[-116.80834164816011,34.0879045352155],[-116.8083957881871,34.087894662808026],[-116.80840783579906,34.08793902789121],[-116.80859435156373,34.087998141499],[-116.8087567727684,34.087968523655562],[-116.80920804102338,34.088165604899302],[-116.80926218218789,34.088155731896151],[-116.80932837044799,34.088190224035721],[-116.80944869888289,34.088214843240664],[-116.80946074738141,34.088259209070138],[-116.80952693581742,34.088293701091722],[-116.80959312431216,34.088328193074254],[-116.80979169014789,34.088431668785958],[-116.8099120201682,34.088456287308439],[-116.80997820897154,34.088490779064081],[-116.81004439783365,34.088525270780593],[-116.81024296500877,34.088628746567551],[-116.81089281072153,34.088929296307072],[-116.81127790106696,34.089091877859566],[-116.81134409101557,34.089126368808273],[-116.81187955535277,34.089214963055809],[-116.81292638637208,34.089303413292768],[-116.81308880758561,34.08927378962489],[-116.81307675710045,34.089229425101742],[-116.81337732331593,34.088662416959529],[-116.8135336296716,34.088401095241778],[-116.81356366789628,34.088302490499814],[-116.81358165567491,34.088159522081327],[-116.81359964338738,34.088016553634809],[-116.81361763186248,34.0878735840923],[-116.81370180927871,34.087765105250796],[-116.81384606209494,34.087459418262313],[-116.81390020111468,34.087449543279718],[-116.81395434012055,34.087439668271806],[-116.81407466992376,34.08746428250565],[-116.81461012463578,34.087552863650664],[-116.81466426468923,34.087542988118088],[-116.81477254262354,34.087523237365609],[-116.81508532474744,34.087419620084269],[-116.81519360346908,34.087399868741095],[-116.81539810710473,34.087316001751518],[-116.8155063845372,34.087296250308206],[-116.81554847164716,34.087242010172439],[-116.81560261029979,34.087232134392522],[-116.81564469730807,34.087177894217348],[-116.81572887197717,34.087069412742807],[-116.81584308060364,34.086862327623876],[-116.81602347857273,34.086689730721986],[-116.8160776167812,34.086679854713374],[-116.81613768668741,34.086482644147118],[-116.8161436175419,34.086295310638562],[-116.81622778973372,34.086186829749984],[-116.81620368615596,34.086098101011245],[-116.81624577189548,34.086043859667967],[-116.81628785781365,34.085989619179152],[-116.81637202947401,34.085881138144735],[-116.81644415010391,34.085728292473213],[-116.81660044004227,34.085466964792609],[-116.81664252540165,34.0854127241359],[-116.8166605068606,34.085269754724813],[-116.81669646934316,34.084983814944408],[-116.81673855544017,34.084929574025885],[-116.81669034795418,34.084752116467236],[-116.81666624429353,34.08466338766582],[-116.81664214045058,34.08457465797602],[-116.81663008866821,34.084530293562331],[-116.81661803689973,34.084485929144918],[-116.8166059851449,34.084441564723768],[-116.81659393340384,34.084397200298703],[-116.81658188167646,34.084352835870149],[-116.8165698299629,34.084308471437971],[-116.81655777826306,34.084264107001907],[-116.81654572657689,34.084219742562325],[-116.81653367466724,34.084175377245529],[-116.81649751973228,34.084042283893076],[-116.81647341651107,34.083953554972794],[-116.81646136492105,34.083909190507043],[-116.81650344953545,34.083854949795459],[-116.81657556672813,34.083702102976936],[-116.81676188489595,34.083342170024423],[-116.81684605410051,34.083233688092996],[-116.81697230563178,34.083070964472256],[-116.8170023376841,34.082972359057045],[-116.81699028594456,34.082927994591998],[-116.8170865050883,34.082863877095562],[-116.8171285887025,34.082809636086388],[-116.81725484002166,34.08264691187734],[-116.81730897526366,34.082637035243977],[-116.81729692340139,34.082592670792302],[-116.81743522509773,34.082474311871231],[-116.81756147440422,34.082311588328039],[-116.81768772424884,34.082148864419885],[-116.81781397226294,34.081986139662263],[-116.81789813747073,34.081877656977966],[-116.81794021998668,34.081823415607516],[-116.81801233271567,34.08167056838117],[-116.81805441504022,34.081616326955121],[-116.81813858034192,34.081507842978532],[-116.81819271468004,34.081497965918729],[-116.81825277440534,34.081300754049103],[-116.81828280415387,34.081202148084706],[-116.81832488603703,34.081147906528756],[-116.81836696786152,34.081093664953826],[-116.81845113109729,34.08098518087408],[-116.81850526609813,34.080975303467547],[-116.81849321381156,34.08093093904796],[-116.81854734770373,34.080921061815445],[-116.81868564453141,34.080802701156081],[-116.81872772591811,34.080748459426921],[-116.81878185965365,34.080738582082716],[-116.81883599337556,34.080728704713096],[-116.81889012708363,34.080718827317931],[-116.81899839552433,34.080699072257374],[-116.81930522181794,34.080782777699525],[-116.81935935550413,34.080772900086004],[-116.81934730276234,34.080728535744051],[-116.81938938364813,34.08067429376986],[-116.81937733090454,34.080629929425605],[-116.8193532254585,34.080541200725953],[-116.81934117275607,34.080496836370557],[-116.81926885659257,34.080230649286975],[-116.81925680398625,34.080186284905821],[-116.81923269881476,34.080097556131875],[-116.81922064624966,34.080053191739339],[-116.81920859346106,34.080008826469808],[-116.81919654092343,34.079964462070002],[-116.8191844883994,34.079920097666246],[-116.81917243588929,34.079875733258959],[-116.81914833091007,34.079787004433236],[-116.81913627844099,34.079742640014736],[-116.81910012111642,34.079609546737068],[-116.81905191130527,34.079432088108184],[-116.81903985894601,34.079387723660012],[-116.81899164964678,34.07921026583012],[-116.8189795973563,34.079165901363538],[-116.81894344032983,34.079032807067655],[-116.81893138809424,34.07898844258613],[-116.81893731165842,34.078801107181995],[-116.8189252594623,34.078756742686892],[-116.81894323602245,34.078613770666017],[-116.81899736824705,34.078603893194817],[-116.81920797436428,34.078751719403101],[-116.81922002672076,34.078796083869129],[-116.81944268605609,34.078988273196288],[-116.81945473858298,34.079032637624699],[-116.8196532951236,34.079136098330238],[-116.81966534779326,34.079180462728651],[-116.81979771833089,34.079249435865741],[-116.81986390368769,34.079283922375716],[-116.81988800932638,34.079372651108415],[-116.81995419482776,34.079407137561248],[-116.82000832747548,34.079397259627889],[-116.82007451328845,34.079431746884417],[-116.82008656624373,34.079476111222569],[-116.8201406989226,34.079466233228267],[-116.82015275192093,34.079510597557736],[-116.82021893765683,34.079545083853596],[-116.82028512345141,34.079579570110006],[-116.8203513103701,34.079614056132883],[-116.82041749628179,34.079648542311006],[-116.82048368225217,34.079683028449828],[-116.82054986828112,34.079717514549444],[-116.82061605436863,34.079752000609588],[-116.82068224075218,34.079786487503917],[-116.82074842695691,34.079820973485567],[-116.82081461322025,34.079855459428096],[-116.82113349283813,34.079983524159545],[-116.8213320527301,34.0800869811887],[-116.82145237267633,34.080111589061239],[-116.82150650562373,34.080101710437326],[-116.82151855949843,34.080146074589535],[-116.82157269246137,34.080136195934926],[-116.82165093438391,34.080215045333539],[-116.82171712138191,34.08024953074392],[-116.82178330843837,34.080284016114966],[-116.82179536249897,34.08032838022833],[-116.82184949555359,34.080318501446847],[-116.82191568272724,34.080352986739456],[-116.82192773687393,34.080397350835142],[-116.82198186995964,34.080387471992772],[-116.82200597859001,34.08047620103617],[-116.82206011172069,34.080466322158266],[-116.8220721659671,34.080510686232607],[-116.82219248656453,34.080535292450989],[-116.82225867513993,34.080569777343918],[-116.8223369171271,34.080648626431476],[-116.82234897155944,34.080692990467007],[-116.82261372300103,34.080830931070146],[-116.82267991094864,34.080865415904462],[-116.82274609895484,34.080899900699521],[-116.82281228701967,34.080934385455272],[-116.82308909585025,34.081116687826317],[-116.82310115102091,34.081161052631046],[-116.82339001540051,34.081387718344409],[-116.82374507184966,34.0816488681454],[-116.82375712723896,34.081693231979152],[-116.82392567217963,34.081895291655215],[-116.82399186185006,34.08192977656816],[-116.82408216258824,34.08205298813229],[-116.82409421823218,34.082097351908637],[-116.82440720094033,34.082412743212863],[-116.82447339209205,34.082447226760898],[-116.82452752627961,34.082437346755313],[-116.82455163820747,34.08252607416923],[-116.82460577243999,34.082516194127983],[-116.82467196270183,34.082550677752764],[-116.82468401875879,34.082595041440264],[-116.82473815302235,34.082585161338116],[-116.82488259026255,34.082698492925637],[-116.82493672457286,34.082688612732177],[-116.82537003958808,34.083028604179717],[-116.82551447833281,34.083141934044043],[-116.82558066952886,34.083176417123099],[-116.82600193311212,34.083472042459391],[-116.82606812480454,34.083506525246051],[-116.82642319882794,34.083767666350589],[-116.82643525607077,34.083812029788461],[-116.82661587099489,34.084058448248648],[-116.82669412089827,34.084137294052567],[-116.82686267898559,34.084339349716643],[-116.82687473656739,34.084383713077308],[-116.82688679416292,34.084428076434229],[-116.82695298705961,34.084462558674673],[-116.82696504471195,34.084506922019138],[-116.82697710237782,34.084551285359737],[-116.82705535337954,34.084630131744724],[-116.8271215465227,34.084664613880364],[-116.8275066496542,34.08482714240759],[-116.82772319139991,34.084787616686512],[-116.82777732680206,34.084777735192922],[-116.82788559863056,34.084757971934607],[-116.8287158457791,34.084885807228005],[-116.82876998112354,34.084875925272065],[-116.82928131771428,34.084875712501734],[-116.82961818938593,34.084860781655074],[-116.82967232459839,34.084850899277704],[-116.82973851908794,34.084885379909871],[-116.82984678950277,34.084865615017925],[-116.83000919502209,34.084835967489404],[-116.83015954195817,34.084761956543424],[-116.83020161749252,34.084707710919112],[-116.83074886383982,34.08442154837369],[-116.83088714810124,34.084303172807424],[-116.83092922288077,34.084248926888023],[-116.83113370235964,34.084165031626895],[-116.83112164238568,34.084120668696961],[-116.83124786576292,34.083957930589541],[-116.83130200014105,34.083948047440181],[-116.83148235709685,34.083775425865589],[-116.83152443200503,34.083721178626561],[-116.83162064016177,34.083657049134715],[-116.83167477428346,34.083647165807768],[-116.83180716328536,34.083716125723754],[-116.83201780730255,34.083863926847961],[-116.83202986774721,34.083908289698847],[-116.8322105008336,34.084154700288629],[-116.83233699920508,34.084410993494743],[-116.8323490599164,34.084455356282149],[-116.83255381596163,34.084790491899881],[-116.83264413379983,34.084913697229531],[-116.83265619476391,34.08495805995711],[-116.83278858662584,34.085027017766713],[-116.83285478264466,34.085061496612532],[-116.83292097872223,34.085095975419129],[-116.8329330398722,34.085140338107976],[-116.83308955610555,34.085298021595612],[-116.83310161738279,34.085342384255704],[-116.83325813306053,34.085500066797294],[-116.83342671112754,34.085702112576378],[-116.83349290800291,34.085736591028947],[-116.83357116655472,34.085815432027346],[-116.83363736359021,34.085849910392511],[-116.83372768413392,34.085973113842201],[-116.83378181959804,34.085963229560079],[-116.83387214180475,34.086086433558521],[-116.83388420364987,34.086130796093563],[-116.8339504010921,34.086165274266477],[-116.83404072249671,34.086288477423977],[-116.83417311784623,34.086357433538446],[-116.83423931560901,34.086391911536751],[-116.83438377373545,34.086505230751051],[-116.83443790948635,34.086495346169258],[-116.83444997171715,34.086539708622716],[-116.83459443125251,34.086653026486132],[-116.83464856707938,34.086643141807698],[-116.83479302602989,34.086756459603656],[-116.83511195606033,34.086884485858739],[-116.83512401873534,34.086928848220516],[-116.83543088796741,34.08701251014849],[-116.83548502393799,34.087002625084224],[-116.83560535880235,34.087027217185735],[-116.83565949476085,34.087017332040112],[-116.836267053794,34.086952955809423],[-116.83632119068274,34.086943070159322],[-116.83642946228743,34.086923299172319],[-116.83647153462213,34.086869051419441],[-116.83652567036076,34.086859165867565],[-116.83715705192265,34.086464478208676],[-116.83717499572519,34.086321504934403],[-116.83721706721532,34.086267256870272],[-116.83730121108547,34.086158760490648],[-116.83734328239983,34.086104512369701],[-116.83746949599106,34.085941767893431],[-116.83765572377399,34.08558180131795],[-116.83764365986534,34.085537439144964],[-116.83764953867805,34.085350103446999],[-116.83762541095339,34.085261379070317],[-116.8375959885514,34.085153184223792],[-116.83768406246817,34.085107385749971],[-116.83797434567155,34.085290786342966]]]},"properties":{"FID":0,"Event_ID":"CA3399211696420200731","irwinID":"92EB6A48-F988-48C5-BE65-EB3140DC6E27","Incid_Name":"APPLE","Incid_Type":"Wildfire","Map_ID":10021134,"Map_Prog":"MTBS","Asmnt_Type":"Extended","BurnBndAc":32368,"BurnBndLat":"34.032","BurnBndLon":"-116.867","Ig_Date":1596153600000,"Pre_ID":"804003620200728","Post_ID":"804003620210715","Perim_ID":" ","dNBR_offst":-17,"dNBR_stdDv":20,"NoData_T":-970,"IncGreen_T":-150,"Low_T":55,"Mod_T":310,"High_T":550,"Comment":" "}}]}