{"type":"FeatureCollection","features":[{"type":"Feature","id":0,"geometry":{"type":"Polygon","coordinates":[[[-119.90594299998938,37.590118000000089],[-119.90593399998939,37.590105000000086],[-119.90592699998939,37.590093000000081],[-119.90592099998939,37.590079000000081],[-119.90591599998939,37.590065000000081],[-119.9059119999894,37.590050000000069],[-119.90590699998938,37.59001900000009],[-119.90590599998939,37.589995000000087],[-119.90590799998938,37.589971000000084],[-119.9059119999894,37.589941000000088],[-119.90593299998939,37.589855000000085],[-119.90593899998939,37.589825000000076],[-119.90593999998939,37.589810000000099],[-119.90593999998939,37.589790000000086],[-119.90593899998939,37.589777000000083],[-119.9059359999894,37.589763000000083],[-119.9059299999894,37.589741000000075],[-119.9059239999894,37.589727000000089],[-119.90590799998938,37.589700000000079],[-119.9058989999894,37.589687000000083],[-119.90588299998939,37.589669000000093],[-119.90586499998939,37.589653000000091],[-119.9058459999894,37.589639000000091],[-119.90582299998938,37.589625000000076],[-119.90580699998939,37.589617000000075],[-119.90576799998939,37.589600000000075],[-119.9057259999894,37.589586000000075],[-119.90569599998942,37.589578000000088],[-119.90566599998942,37.589572000000082],[-119.90564599998942,37.589569000000076],[-119.90561499998942,37.589565000000086],[-119.90556099998942,37.589561000000089],[-119.90551199998943,37.589560000000077],[-119.90546299998941,37.589561000000081],[-119.90540799998942,37.589565000000086],[-119.90535399998942,37.589572000000089],[-119.90530099998941,37.589581000000088],[-119.90527099998941,37.58958700000008],[-119.90524099998942,37.589595000000081],[-119.90513999998943,37.589625000000076],[-119.90509199998942,37.589639000000076],[-119.90504399998943,37.58964900000008],[-119.90501599998942,37.589653000000084],[-119.90499099998939,37.589654000000088],[-119.90496899998942,37.589653000000084],[-119.90494599998939,37.58964900000008],[-119.90491999998943,37.58964200000009],[-119.90490199998943,37.589637000000096],[-119.90487599998943,37.589626000000081],[-119.90484999998941,37.589613000000078],[-119.90481599998942,37.589594000000083],[-119.90477399998943,37.589568000000078],[-119.90473299998939,37.589540000000078],[-119.90469599998943,37.589513000000082],[-119.90462199998944,37.589456000000084],[-119.90454999998944,37.589397000000083],[-119.90448099998945,37.589337000000086],[-119.90443899998944,37.58929700000008],[-119.90441299998946,37.589269000000087],[-119.90438899998944,37.589241000000094],[-119.90437899998945,37.589227000000079],[-119.90436399998944,37.589205000000078],[-119.90435599998946,37.589191000000085],[-119.90434599998945,37.589171000000086],[-119.90434099998944,37.589157000000078],[-119.90433599998943,37.589138000000084],[-119.90433299998945,37.589124000000083],[-119.90433099998944,37.589101000000078],[-119.90432999998943,37.589060000000089],[-119.90433199998944,37.58898600000007],[-119.90433099998944,37.588955000000084],[-119.90432899998946,37.588931000000088],[-119.90432499998944,37.588906000000094],[-119.90431799998943,37.588873000000085],[-119.90430899998942,37.588839000000071],[-119.90429699998943,37.588802000000086],[-119.90427699998942,37.588748000000088],[-119.90425199998943,37.588690000000085],[-119.90422799998943,37.588640000000083],[-119.90414699998945,37.588478000000087],[-119.90412999998944,37.588446000000076],[-119.90410899998945,37.588412000000076],[-119.90408599998943,37.588379000000089],[-119.90406999998945,37.588358000000078],[-119.90405199998943,37.58833900000009],[-119.90402699998943,37.588317000000075],[-119.90400499998944,37.588302000000084],[-119.90397299998945,37.588282000000071],[-119.90393699998943,37.588264000000088],[-119.90389899998944,37.588247000000088],[-119.90385999998944,37.588232000000069],[-119.90381499998944,37.588215000000083],[-119.90370899998948,37.58817700000008],[-119.90365799998945,37.588158000000071],[-119.90361899998948,37.58814300000008],[-119.90357999998947,37.588126000000074],[-119.90354199998947,37.588109000000088],[-119.90350999998947,37.588092000000081],[-119.90347999998946,37.588075000000096],[-119.90345599998946,37.588059000000079],[-119.90343299998948,37.588043000000091],[-119.90340699998947,37.588020000000078],[-119.90338899998947,37.588001000000069],[-119.90337799998946,37.587988000000088],[-119.90336299998948,37.587967000000084],[-119.90334399998947,37.587938000000086],[-119.90332899998947,37.587907000000087],[-119.90331499998946,37.587875000000082],[-119.90330899998946,37.587859000000094],[-119.90329999998946,37.587827000000075],[-119.90328999998947,37.587785000000075],[-119.90328399998947,37.587750000000078],[-119.90327099998947,37.587665000000072],[-119.90326299998947,37.587623000000079],[-119.90325199998946,37.587583000000073],[-119.90323999998947,37.58755200000008],[-119.90322999998946,37.587531000000084],[-119.90322099998947,37.587517000000084],[-119.90320699998946,37.587497000000077],[-119.90319599998945,37.587485000000086],[-119.90318399998945,37.587474000000086],[-119.90317199998945,37.587464000000075],[-119.90315999998947,37.587454000000072],[-119.90314599998948,37.587446000000085],[-119.90313099998947,37.587437000000094],[-119.90309899998948,37.587423000000079],[-119.90306299998946,37.587410000000084],[-119.90301399998947,37.587397000000088],[-119.90296899998947,37.587387000000071],[-119.90292199998946,37.587379000000084],[-119.90277799998945,37.587356000000085],[-119.9027129999895,37.587344000000087],[-119.90264999998948,37.587330000000094],[-119.9026089999895,37.587318000000089],[-119.9025719999895,37.587307000000081],[-119.90253599998948,37.587294000000085],[-119.9025009999895,37.58727900000008],[-119.90246499998949,37.587262000000081],[-119.9024399999895,37.587248000000088],[-119.90242399998948,37.587238000000085],[-119.9024009999895,37.587221000000078],[-119.90238599998951,37.587209000000087],[-119.90235799998949,37.587184000000086],[-119.9023319999895,37.587156000000078],[-119.9023149999895,37.587134000000084],[-119.90229799998949,37.587112000000083],[-119.90227899998949,37.587082000000088],[-119.9022659999895,37.587059000000082],[-119.90224999998948,37.587027000000077],[-119.90223499998949,37.586995000000094],[-119.90221699998948,37.586946000000076],[-119.90220199998949,37.586896000000088],[-119.90217699998949,37.586802000000077],[-119.9021639999895,37.586761000000081],[-119.9021529999895,37.586729000000091],[-119.90213599998948,37.586691000000087],[-119.90211999998949,37.58666300000008],[-119.90211099998949,37.58665000000007],[-119.9021019999895,37.586637000000081],[-119.90209099998948,37.586626000000074],[-119.9020739999895,37.586611000000083],[-119.9020619999895,37.586602000000077],[-119.9020489999895,37.586594000000083],[-119.90203399998948,37.586587000000073],[-119.90201899998948,37.586581000000074],[-119.90199499998948,37.586574000000084],[-119.90197099998949,37.58657000000008],[-119.9019449999895,37.586569000000082],[-119.9019269999895,37.58657000000008],[-119.9019079999895,37.586572000000082],[-119.9018699999895,37.586579000000079],[-119.90184199998949,37.586586000000068],[-119.90180499998949,37.586599000000078],[-119.90176099998948,37.586617000000075],[-119.90171699998953,37.586639000000076],[-119.90163099998952,37.586685000000095],[-119.90160499998952,37.586697000000086],[-119.9015699999895,37.586713000000081],[-119.90154399998951,37.586722000000087],[-119.90150999998953,37.586732000000076],[-119.90148499998951,37.586737000000085],[-119.90145399998951,37.586740000000084],[-119.90142799998951,37.586741000000096],[-119.90139899998952,37.586739000000087],[-119.90136999998951,37.58673600000008],[-119.90133999998952,37.586731000000078],[-119.90127999998951,37.586720000000071],[-119.90091799998953,37.58664500000009],[-119.90088099998951,37.586639000000091],[-119.90082399998951,37.586631000000068],[-119.90079399998952,37.586628000000069],[-119.90076399998951,37.586627000000071],[-119.90074299998952,37.586626000000081],[-119.90071099998953,37.586627000000071],[-119.90067799998953,37.586629000000073],[-119.90063499998953,37.586634000000075],[-119.90054499998953,37.586646000000087],[-119.90040699998954,37.586668000000081],[-119.90032899998954,37.586678000000077],[-119.90027599998956,37.586682000000089],[-119.90015299998956,37.586688000000088],[-119.90008199998952,37.586692000000085],[-119.90000599998953,37.586699000000088],[-119.89990699998955,37.586711000000086],[-119.89980399998956,37.586726000000084],[-119.89975299998956,37.586735000000076],[-119.89969799998954,37.586745000000079],[-119.89964399998955,37.58675700000007],[-119.89957999998956,37.586773000000086],[-119.89953099998957,37.586786000000075],[-119.89933599998959,37.586839000000076],[-119.89923899998955,37.586865000000088],[-119.89917699998956,37.586880000000079],[-119.89907599998958,37.586902000000094],[-119.89902899998957,37.586914000000085],[-119.89898399998957,37.586929000000076],[-119.89896799998955,37.58693600000008],[-119.89894699998958,37.586947000000087],[-119.89893499998955,37.586955000000088],[-119.89891999998957,37.58696700000008],[-119.89890499998955,37.586982000000077],[-119.89889499998957,37.58699500000008],[-119.89888599998956,37.587008000000083],[-119.89887199998955,37.587033000000076],[-119.89885999998955,37.587059000000075],[-119.89884699998959,37.58709900000008],[-119.89883499998956,37.587140000000076],[-119.89880499998957,37.587269000000084],[-119.89879399998955,37.587312000000082],[-119.89878399998956,37.587349000000096],[-119.89877199998956,37.587386000000087],[-119.89875699998959,37.587422000000096],[-119.89874499998956,37.587446000000078],[-119.89873699998955,37.587461000000083],[-119.89872199998958,37.587483000000084],[-119.89870599998956,37.587504000000081],[-119.89868799998959,37.587525000000085],[-119.8986599999896,37.587555000000094],[-119.89862899998958,37.587584000000078],[-119.89859699998959,37.587613000000083],[-119.89848399998959,37.58770700000008],[-119.89844999998959,37.587737000000075],[-119.8984189999896,37.587768000000082],[-119.8984009999896,37.587789000000086],[-119.8983869999896,37.587811000000087],[-119.8983819999896,37.587823000000085],[-119.89837799998959,37.587834000000072],[-119.89837599998961,37.58784500000008],[-119.8983749999896,37.587853000000095],[-119.89837699998958,37.587865000000093],[-119.8983799999896,37.587874000000085],[-119.89838499998959,37.587885000000071],[-119.89839699998959,37.58790100000008],[-119.89841199998959,37.587917000000076],[-119.89842999998959,37.587933000000078],[-119.8984589999896,37.587953000000084],[-119.89848999998959,37.587973000000069],[-119.89852399998958,37.587992000000078],[-119.8985789999896,37.588019000000067],[-119.8986269999896,37.588040000000078],[-119.8986769999896,37.588060000000077],[-119.89872399998961,37.588078000000088],[-119.89882199998956,37.588113000000078],[-119.89925399998957,37.588257000000084],[-119.89951699998956,37.588348000000089],[-119.89961999998957,37.588385000000088],[-119.89966999998956,37.588405000000073],[-119.89972899998956,37.588430000000088],[-119.89976699998954,37.588448000000071],[-119.89980299998955,37.588467000000094],[-119.89982099998954,37.588477000000083],[-119.89984499998954,37.588492000000088],[-119.89985999998954,37.588503000000095],[-119.89988099998952,37.588520000000074],[-119.89990699998955,37.588545000000089],[-119.89991899998955,37.588559000000082],[-119.89994699998954,37.588595000000083],[-119.89997199998956,37.588633000000087],[-119.89999299998954,37.588673000000078],[-119.90000799998954,37.588705000000068],[-119.90002099998955,37.588739000000089],[-119.90003699998952,37.588790000000081],[-119.90004899998952,37.588833000000079],[-119.90006899998956,37.58892000000008],[-119.90008699998955,37.58900700000008],[-119.90014499998952,37.589305000000081],[-119.90020299998955,37.589602000000092],[-119.90022699998954,37.589729000000091],[-119.90023999998955,37.589809000000081],[-119.90025099998954,37.589886000000092],[-119.90026599998954,37.590010000000071],[-119.90027899998955,37.590135000000082],[-119.90028999998954,37.590257000000079],[-119.90029299998955,37.590335000000081],[-119.90029299998955,37.590373000000078],[-119.90028899998954,37.590422000000075],[-119.90028299998954,37.590453000000075],[-119.90027499998953,37.59048300000007],[-119.90025999998954,37.590517000000084],[-119.90024899998956,37.590536000000085],[-119.90023299998954,37.590554000000076],[-119.90021699998952,37.590569000000073],[-119.90019299998954,37.590586000000087],[-119.90014399998955,37.590615000000071],[-119.90012599998956,37.590627000000076],[-119.90010599998952,37.590643000000071],[-119.90008899998953,37.590658000000076],[-119.90007699998954,37.590670000000081],[-119.90005199998954,37.590699000000079],[-119.90002999998956,37.590729000000088],[-119.90000199998954,37.590773000000077],[-119.89998399998954,37.590803000000086],[-119.89996799998954,37.590834000000086],[-119.89995299998952,37.590865000000086],[-119.89993999998956,37.590897000000083],[-119.89992699998956,37.590929000000088],[-119.89991399998952,37.590970000000084],[-119.89990699998955,37.591003000000086],[-119.89990099998955,37.591036000000088],[-119.89989899998955,37.591053000000073],[-119.89989699998954,37.591088000000084],[-119.89989799998955,37.591122000000084],[-119.89990099998955,37.591156000000069],[-119.89990799998952,37.591198000000077],[-119.89991699998954,37.59123200000009],[-119.89993099998955,37.591274000000077],[-119.89994399998955,37.591305000000069],[-119.89995799998955,37.591335000000086],[-119.90005099998953,37.591524000000078],[-119.90006999998954,37.591566000000071],[-119.90008399998953,37.591600000000085],[-119.90010899998954,37.591663000000082],[-119.90012199998954,37.591701000000072],[-119.90019599998952,37.59192100000007],[-119.90022199998955,37.592003000000076],[-119.90023199998954,37.592042000000085],[-119.90024099998955,37.592080000000081],[-119.90024499998954,37.592113000000097],[-119.90024699998955,37.592129000000071],[-119.90024699998955,37.592153000000081],[-119.90024499998954,37.592177000000092],[-119.90023999998955,37.59221000000008],[-119.90022899998952,37.592256000000077],[-119.90021899998953,37.592286000000087],[-119.90020399998956,37.592328000000087],[-119.90017699998955,37.592394000000077],[-119.90014399998955,37.592471000000081],[-119.90011099998955,37.592543000000092],[-119.90008899998953,37.592583000000083],[-119.90007099998954,37.59261500000008],[-119.90004599998954,37.592655000000086],[-119.89999999998953,37.592720000000078],[-119.89997599998955,37.592753000000094],[-119.89992499998955,37.592816000000084],[-119.89982199998957,37.592940000000077],[-119.89978699998956,37.592983000000082],[-119.89976499998957,37.593014000000075],[-119.89973199998957,37.593061000000077],[-119.89968999998959,37.593124000000081],[-119.89965099998959,37.593189000000081],[-119.89963299998956,37.593221000000071],[-119.89960199998957,37.593279000000081],[-119.89958199998956,37.593320000000084],[-119.89955799998957,37.593377000000075],[-119.89954599998957,37.593410000000084],[-119.89953499998956,37.593443000000086],[-119.89952599998958,37.593476000000081],[-119.89951999998958,37.59351000000008],[-119.89951799998957,37.593526000000082],[-119.89951499998955,37.593568000000076],[-119.89951599998959,37.593611000000095],[-119.89951899998957,37.593643000000085],[-119.89952299998956,37.593674000000085],[-119.89953599998957,37.593747000000086],[-119.89956799998956,37.593897000000084],[-119.89959199998958,37.594016000000074],[-119.89960299998957,37.594066000000076],[-119.89961799998957,37.594123000000089],[-119.89965699998957,37.594241000000082],[-119.89966599998957,37.594273000000086],[-119.89967199998956,37.594298000000073],[-119.89967999998957,37.594349000000072],[-119.89968599998957,37.594401000000083],[-119.89968999998959,37.594468000000084],[-119.89968999998959,37.594515000000079],[-119.89968899998955,37.594550000000083],[-119.89968299998955,37.594599000000073],[-119.89967899998956,37.594631000000078],[-119.89966799998957,37.594699000000077],[-119.89964499998959,37.594813000000073],[-119.89955999998955,37.595207000000073],[-119.89953099998957,37.595339000000074],[-119.89951199998957,37.595417000000083],[-119.89948999998956,37.595495000000078],[-119.89947799998956,37.595529000000077],[-119.89946499998959,37.595562000000079],[-119.89944299998957,37.59561100000009],[-119.89942699998956,37.595642000000069],[-119.89940899998956,37.595674000000081],[-119.89939099998958,37.595704000000076],[-119.89935999998957,37.595749000000083],[-119.89933799998957,37.595777000000076],[-119.89930799998957,37.595811000000076],[-119.89923699998957,37.595886000000093],[-119.89921499998957,37.595912000000091],[-119.89919899998958,37.595933000000088],[-119.89917899998957,37.595963000000083],[-119.89916599998958,37.595986000000082],[-119.89914599998957,37.596022000000076],[-119.89908999998958,37.59613000000008],[-119.89907099998958,37.596162000000078],[-119.89904599998955,37.596199000000084],[-119.89903099998958,37.596220000000088],[-119.89901299998955,37.596241000000077],[-119.89897299998957,37.596286000000077],[-119.89894299998959,37.59631600000008],[-119.89884099998959,37.596417000000081],[-119.8986579999896,37.596604000000085],[-119.89857999998959,37.596679000000073],[-119.89852299998959,37.596732000000081],[-119.89837899998959,37.596859000000087],[-119.89834699998958,37.596889000000083],[-119.89831499998959,37.596924000000087],[-119.89829199998961,37.596951000000082],[-119.8982719999896,37.596981000000078],[-119.8982579999896,37.597004000000076],[-119.89823799998959,37.597040000000085],[-119.89821999998959,37.597077000000077],[-119.8982039999896,37.597114000000069],[-119.8981679999896,37.597201000000069],[-119.8981379999896,37.597284000000073],[-119.8981279999896,37.597317000000075],[-119.89811899998958,37.597350000000091],[-119.89811299998958,37.597375000000085],[-119.89810899998959,37.597399000000081],[-119.89810599998958,37.59742300000007],[-119.8981049999896,37.597448000000085],[-119.8981049999896,37.597482000000085],[-119.89810899998959,37.597534000000088],[-119.89812399998959,37.597642000000086],[-119.8981309999896,37.597703000000088],[-119.89813299998958,37.597736000000083],[-119.89813299998958,37.597768000000066],[-119.89812899998959,37.597857000000076],[-119.89812899998959,37.597888000000076],[-119.89812999998959,37.597911000000089],[-119.89813299998958,37.59793400000008],[-119.89813599998959,37.597947000000083],[-119.89814199998959,37.597966000000085],[-119.89815399998959,37.597992000000083],[-119.89816999998958,37.598019000000079],[-119.89818699998959,37.598042000000085],[-119.8982059999896,37.598064000000072],[-119.89824099998958,37.598101000000078],[-119.8982789999896,37.598140000000079],[-119.8984269999896,37.598283000000073],[-119.8984909999896,37.598348000000087],[-119.8985419999896,37.598403000000076],[-119.89856599998959,37.598432000000088],[-119.89858999998958,37.598462000000076],[-119.89861699998958,37.59850000000008],[-119.8986379999896,37.598532000000084],[-119.89865599998959,37.598564000000088],[-119.8986769999896,37.598603000000082],[-119.89871299998958,37.598677000000073],[-119.89873299998959,37.598717000000079],[-119.8988039999896,37.59884300000008],[-119.89882399998959,37.598880000000086],[-119.8988379999896,37.598910000000082],[-119.89884799998958,37.598939000000087],[-119.8988549999896,37.598968000000077],[-119.8988589999896,37.598999000000084],[-119.89885999998958,37.599036000000083],[-119.89885399998958,37.599112000000083],[-119.89885299998961,37.599147000000073],[-119.89885399998958,37.599168000000084],[-119.8988569999896,37.599192000000073],[-119.89886899998959,37.599272000000077],[-119.89887199998958,37.599312000000083],[-119.89887299998958,37.599343000000083],[-119.89887199998958,37.599359000000085],[-119.89886699998959,37.599393000000092],[-119.8988569999896,37.599425000000089],[-119.89885099998958,37.599439000000082],[-119.89884399998959,37.59945100000008],[-119.89883599998959,37.599462000000095],[-119.8988249999896,37.599475000000076],[-119.8988129999896,37.599486000000077],[-119.89880299998958,37.599494000000078],[-119.8987749999896,37.599513000000094],[-119.8987589999896,37.59952300000009],[-119.89858399998958,37.599622000000075],[-119.89852299998959,37.599659000000088],[-119.8984889999896,37.599681000000089],[-119.89843899998959,37.59971400000007],[-119.89840399998958,37.599740000000089],[-119.89837099998958,37.599766000000088],[-119.89833799998958,37.599793000000076],[-119.89830099998959,37.599825000000095],[-119.89826499998959,37.599858000000083],[-119.89823099998959,37.599892000000075],[-119.89817499998959,37.59995100000009],[-119.89810299998959,37.600034000000086],[-119.89801799998959,37.600137000000075],[-119.89799299998961,37.600167000000077],[-119.89796699998962,37.60019500000007],[-119.89793999998963,37.600221000000083],[-119.89790399998962,37.600253000000087],[-119.89787399998963,37.600278000000081],[-119.89779699998961,37.600339000000083],[-119.89775999998962,37.600370000000069],[-119.89773099998962,37.60039500000007],[-119.89770499998963,37.600421000000075],[-119.89768699998963,37.600440000000077],[-119.89766599998963,37.600468000000085],[-119.89765099998961,37.600490000000086],[-119.89762899998961,37.600528000000082],[-119.89761699998961,37.600551000000088],[-119.89760399998963,37.600582000000074],[-119.89759399998961,37.600614000000085],[-119.89758599998962,37.600647000000073],[-119.89757699998962,37.600700000000082],[-119.89757299998961,37.600737000000088],[-119.89756999998963,37.600774000000094],[-119.89756699998961,37.600850000000086],[-119.89756599998961,37.600970000000075],[-119.89756799998962,37.601051000000076],[-119.89757099998963,37.601132000000078],[-119.89757499998962,37.601173000000081],[-119.89757999998962,37.601213000000087],[-119.89758399998961,37.601238000000087],[-119.89759299998961,37.601280000000088],[-119.89760299998963,37.601312000000078],[-119.89761899998962,37.601352000000077],[-119.89763399998962,37.601384000000088],[-119.89764999998961,37.601415000000081],[-119.89767799998961,37.601460000000081],[-119.89771099998963,37.601505000000095],[-119.89775399998962,37.60155500000009],[-119.89777999998961,37.601584000000088],[-119.89783299998962,37.601639000000077],[-119.89793699998962,37.601743000000077],[-119.89796999998963,37.601778000000081],[-119.89800299998963,37.601813000000078],[-119.89802099998963,37.601835000000086],[-119.89804099998963,37.601861000000085],[-119.89805999998963,37.601888000000088],[-119.8980749999896,37.601911000000086],[-119.89809699998959,37.601948000000093],[-119.8981169999896,37.601986000000075],[-119.89813599998959,37.602024000000092],[-119.89821999998959,37.602201000000086],[-119.89830099998959,37.602370000000079],[-119.89841499998958,37.602600000000081],[-119.8984319999896,37.602638000000084],[-119.8984409999896,37.602661000000069],[-119.89845099998959,37.60269300000008],[-119.8984589999896,37.60272700000008],[-119.8984649999896,37.602764000000086],[-119.8984699999896,37.602802000000082],[-119.89847599998959,37.602883000000077],[-119.89848399998959,37.603050000000074],[-119.89848699998959,37.603085000000078],[-119.89849299998959,37.603137000000082],[-119.8984979999896,37.603171000000074],[-119.89850499998961,37.603205000000081],[-119.89853299998958,37.603308000000069],[-119.89854499998958,37.603360000000087],[-119.89855199998959,37.603393000000075],[-119.89855699998958,37.603435000000076],[-119.89855899998959,37.603473000000079],[-119.89855899998959,37.603511000000083],[-119.8985559999896,37.603570000000076],[-119.89855199998959,37.603600000000078],[-119.89854599998959,37.603644000000088],[-119.89852099998959,37.603782000000074],[-119.8985159999896,37.603813000000081],[-119.89851399998959,37.603844000000095],[-119.89851299998959,37.603875000000087],[-119.89851399998959,37.603900000000088],[-119.8985149999896,37.603916000000076],[-119.89851799998958,37.603931000000088],[-119.89852399998958,37.60395400000008],[-119.89853199998959,37.603976000000081],[-119.8985419999896,37.603999000000073],[-119.8985609999896,37.604033000000079],[-119.89858399998958,37.604066000000081],[-119.89860999998959,37.604098000000093],[-119.8986379999896,37.604128000000088],[-119.89867299998959,37.604160000000093],[-119.8987109999896,37.604189000000083],[-119.89875199998959,37.604216000000072],[-119.8987869999896,37.604236000000078],[-119.89882399998959,37.60425500000008],[-119.89886199998959,37.604273000000092],[-119.89890099998959,37.604289000000087],[-119.89892999998958,37.604300000000087],[-119.8989599999896,37.604310000000083],[-119.89899099998959,37.604319000000075],[-119.8990329999896,37.60433000000009],[-119.8990949999896,37.604342000000081],[-119.89913499998958,37.604348000000087],[-119.89917599998957,37.604354000000072],[-119.89923299998956,37.604360000000078],[-119.89932399998956,37.604367000000082],[-119.89937999998955,37.604369000000084],[-119.89943799998957,37.604370000000095],[-119.89961199998957,37.604370000000095],[-119.89965999998957,37.604371000000071],[-119.89971199998956,37.604375000000083],[-119.89974099998958,37.604378000000075],[-119.89976799998956,37.604384000000088],[-119.89978499998955,37.604389000000076],[-119.89980699998956,37.604397000000077],[-119.89981899998956,37.604403000000076],[-119.89983299998957,37.604412000000096],[-119.89984599998957,37.60442400000008],[-119.89985499998957,37.604433000000085],[-119.89986699998957,37.60445100000009],[-119.89988199998957,37.604480000000081],[-119.89989299998958,37.604512000000085],[-119.89990199998955,37.604550000000089],[-119.89990899998956,37.604588000000092],[-119.89991699998957,37.604642000000084],[-119.89991899998958,37.604680000000087],[-119.89991799998957,37.604702000000081],[-119.89991599998956,37.604717000000086],[-119.89991299998958,37.604730000000089],[-119.89990899998956,37.60474200000008],[-119.89990099998958,37.604757000000085],[-119.89989199998956,37.604771000000085],[-119.89987799998957,37.60478700000008],[-119.89985899998956,37.604802000000078],[-119.89982799998957,37.604825000000069],[-119.89971499998958,37.604892000000085],[-119.89969299998957,37.604907000000075],[-119.89967999998957,37.604917000000079],[-119.89966199998958,37.604933000000088],[-119.89965199998956,37.604943000000084],[-119.89964399998955,37.604953000000073],[-119.89963799998955,37.604964000000088],[-119.89963299998956,37.604974000000077],[-119.89962899998957,37.604984000000087],[-119.89962599998955,37.604995000000073],[-119.89962399998957,37.605007000000086],[-119.89962399998957,37.605023000000088],[-119.89962599998955,37.605042000000083],[-119.89963299998956,37.605070000000083],[-119.89964299998958,37.605098000000083],[-119.89969199998957,37.605213000000084],[-119.89972399998956,37.605297000000085],[-119.89976299998956,37.605409000000087],[-119.89981099998958,37.60556100000008],[-119.89983699998957,37.605640000000093],[-119.89985999998957,37.605701000000074],[-119.89987299998957,37.605731000000077],[-119.89989399998957,37.605771000000082],[-119.89991699998957,37.605808000000081],[-119.89994299998956,37.605843000000093],[-119.89997299998956,37.605875000000083],[-119.89999899998956,37.605900000000084],[-119.90003299998956,37.605929000000081],[-119.90015599998955,37.606022000000081],[-119.90033799998955,37.606164000000078],[-119.90048399998955,37.606275000000089],[-119.90051799998955,37.606302000000063],[-119.90055399998954,37.606333000000078],[-119.90058099998954,37.606359000000083],[-119.90061399998955,37.606395000000084],[-119.90063899998954,37.606424000000075],[-119.90066199998954,37.606454000000078],[-119.90068499998955,37.606485000000092],[-119.90070599998953,37.60651600000007],[-119.90074699998954,37.606580000000079],[-119.90078399998953,37.606645000000071],[-119.90086199998953,37.606792000000084],[-119.90087899998956,37.606820000000077],[-119.90089799998955,37.606849000000082],[-119.90091299998953,37.606870000000072],[-119.90093299998954,37.606896000000084],[-119.90095599998952,37.606921000000085],[-119.90101399998956,37.606980000000085],[-119.90103399998952,37.607001000000082],[-119.90104999998954,37.607022000000086],[-119.90105599998954,37.607032000000075],[-119.90105999998956,37.607041000000081],[-119.90106299998955,37.607052000000088],[-119.90106299998955,37.607062000000091],[-119.90106099998954,37.607073000000078],[-119.90105299998956,37.607089000000094],[-119.90102899998953,37.607122000000075],[-119.90102099998956,37.607135000000085],[-119.90101799998955,37.607143000000079],[-119.90101599998954,37.607151000000087],[-119.90101499998956,37.607162000000088],[-119.90101699998954,37.607172000000077],[-119.90102299998954,37.607186000000084],[-119.90102899998953,37.607197000000085],[-119.90104199998953,37.60721300000008],[-119.90105699998955,37.607229000000082],[-119.90108699998953,37.607257000000082],[-119.90111799998954,37.607283000000088],[-119.90115299998955,37.607309000000079],[-119.90126199998952,37.607391000000085],[-119.90129899998951,37.607420000000076],[-119.90133699998951,37.60745100000009],[-119.90136499998951,37.607477000000088],[-119.90139199998951,37.607504000000077],[-119.90141499998951,37.60753100000008],[-119.90143299998951,37.607559000000087],[-119.90144799998951,37.607586000000076],[-119.90145699998952,37.607608000000077],[-119.90146299998952,37.607624000000079],[-119.90147299998951,37.607660000000081],[-119.90150299998953,37.607794000000077],[-119.90151299998952,37.607827000000086],[-119.90152099998951,37.607851000000082],[-119.90153399998952,37.607883000000086],[-119.90154799998953,37.607915000000077],[-119.90156499998952,37.607945000000093],[-119.90158399998951,37.607976000000079],[-119.90159899998953,37.60799700000009],[-119.90162099998953,37.608026000000081],[-119.90165099998953,37.608059000000083],[-119.90168399998953,37.608091000000087],[-119.90170599998952,37.608110000000082],[-119.90172899998953,37.608128000000079],[-119.90176099998951,37.608151000000078],[-119.90179399998951,37.608174000000076],[-119.90189299998951,37.608236000000083],[-119.90192799998952,37.608258000000077],[-119.9019609999895,37.608281000000069],[-119.90198899998951,37.608302000000094],[-119.90201499998952,37.608324000000074],[-119.90203599998952,37.608343000000083],[-119.90204899998952,37.608356000000086],[-119.90207099998953,37.608383000000082],[-119.90209099998951,37.608411000000082],[-119.90209999998952,37.60842600000008],[-119.90211399998952,37.608452000000085],[-119.90212499998952,37.608479000000088],[-119.90213299998952,37.608507000000074],[-119.90213899998952,37.608535000000082],[-119.90214199998951,37.608566000000089],[-119.9021409999895,37.60858900000008],[-119.90213799998952,37.608611000000096],[-119.90213199998952,37.60863400000008],[-119.90211999998952,37.608666000000078],[-119.90210699998953,37.608693000000081],[-119.90209199998951,37.608721000000088],[-119.90206299998952,37.608768000000083],[-119.9020119999895,37.608842000000088],[-119.90192999998951,37.608954000000097],[-119.90190399998951,37.608992000000086],[-119.90187199998951,37.609039000000095],[-119.90185699998953,37.609063000000084],[-119.90182999998952,37.609112000000081],[-119.90181199998953,37.609153000000084],[-119.90179799998953,37.609193000000062],[-119.90178799998951,37.609233000000089],[-119.90178099998951,37.609276000000087],[-119.90177599998951,37.609318000000087],[-119.90177099998952,37.609379000000061],[-119.90176899998951,37.609422000000073],[-119.90176699998953,37.609509000000088],[-119.90176499998952,37.609596000000096],[-119.90176499998952,37.609683000000075],[-119.90176599998952,37.609768000000081],[-119.90176999998951,37.609837000000091],[-119.90177299998953,37.60986400000008],[-119.90177699998952,37.609890000000078],[-119.90178199998951,37.609914000000089],[-119.90178899998951,37.609936000000083],[-119.90179899998952,37.609956000000082],[-119.90180599998951,37.609966000000092],[-119.90181399998951,37.609975000000084],[-119.90182199998952,37.609981000000069],[-119.9018319999895,37.609987000000075],[-119.90184399998952,37.609992000000091],[-119.90185499998952,37.609995000000097],[-119.90186799998952,37.609997000000078],[-119.90188299998952,37.609998000000083],[-119.90190299998953,37.609998000000083],[-119.90194299998952,37.609994000000071],[-119.90198999998952,37.609988000000087],[-119.90223399998952,37.609946000000086],[-119.90233699998949,37.609930000000084],[-119.90239299998949,37.609922000000083],[-119.9024499999895,37.609916000000084],[-119.9025059999895,37.609912000000094],[-119.90252799998949,37.609911000000082],[-119.90256099998949,37.609911000000089],[-119.90259299998948,37.609911000000082],[-119.9026359999895,37.609914000000096],[-119.90265799998949,37.609917000000095],[-119.90268899998948,37.609921000000092],[-119.90270999998948,37.609925000000082],[-119.9027499999895,37.609935000000071],[-119.90276899998949,37.609941000000077],[-119.9027969999895,37.609950000000083],[-119.9028329999895,37.609966000000085],[-119.90287699998949,37.609988000000094],[-119.90290199998948,37.610003000000077],[-119.90294299998949,37.610029000000068],[-119.90298199998949,37.610057000000083],[-119.90305099998949,37.610108000000082],[-119.9030739999895,37.610124000000084],[-119.90310599998948,37.610146000000078],[-119.90313899998948,37.610166000000092],[-119.90315599998949,37.610175000000083],[-119.9031829999895,37.610188000000086],[-119.9031999999895,37.610195000000076],[-119.90322599998949,37.610205000000086],[-119.90324399998948,37.610210000000087],[-119.90327099998947,37.610218000000103],[-119.90329899998947,37.610225000000085],[-119.90335099998946,37.610234000000077],[-119.90345599998946,37.610250000000086],[-119.90350699998946,37.610259000000084],[-119.90354699998947,37.61026800000009],[-119.90357599998949,37.61027500000008],[-119.90360499998947,37.610283000000074],[-119.90362399998946,37.610289000000087],[-119.90365099998947,37.610300000000088],[-119.90368599998945,37.610316000000083],[-119.90370299998945,37.610325000000081],[-119.90371899998947,37.61033400000008],[-119.90374599998947,37.610355000000077],[-119.90377199998946,37.610378000000068],[-119.90379499998949,37.610404000000095],[-119.90381399998945,37.610430000000093],[-119.90383199998945,37.610457000000075],[-119.90384799998947,37.610485000000082],[-119.90387699998945,37.610540000000078],[-119.90389999998946,37.610589000000068],[-119.90391599998945,37.610626000000082],[-119.90393099998946,37.610665000000083],[-119.90394599998946,37.610703000000086],[-119.90396199998948,37.610753000000081],[-119.90397499998947,37.610802000000085],[-119.90400099998945,37.610908000000087],[-119.90402999998946,37.611003000000082],[-119.90404199998946,37.611050000000084],[-119.90404799998946,37.611081000000084],[-119.90405099998948,37.611106000000085],[-119.90405199998945,37.611148000000078],[-119.90405099998948,37.611174000000091],[-119.90404799998946,37.611198000000087],[-119.90404399998947,37.611231000000068],[-119.90402099998946,37.611355000000088],[-119.90401699998947,37.611387000000093],[-119.90401599998947,37.611410000000085],[-119.90401699998947,37.611450000000076],[-119.90402599998947,37.611556000000093],[-119.90402799998947,37.611587000000078],[-119.90402699998945,37.611616000000083],[-119.90402399998946,37.611689000000084],[-119.90402399998946,37.61171300000008],[-119.90402499998947,37.611735000000095],[-119.90402899998946,37.611757000000082],[-119.90403199998947,37.611773000000092],[-119.90403899998945,37.611796000000076],[-119.90404499998945,37.611812000000086],[-119.90405799998948,37.611844000000076],[-119.90407699998947,37.611883000000077],[-119.90410499998946,37.611934000000083],[-119.90416899998945,37.612044000000076],[-119.90418199998949,37.612064000000068],[-119.90419599998947,37.612082000000086],[-119.90420599998947,37.612093000000087],[-119.90421599998946,37.612102000000071],[-119.90422999998947,37.612113000000079],[-119.90424499998947,37.612123000000075],[-119.90426499998945,37.612133000000085],[-119.90427999998947,37.612139000000084],[-119.90432099998945,37.612152000000087],[-119.90439799998944,37.612175000000093],[-119.90442999998945,37.612186000000079],[-119.90445099998942,37.612195000000078],[-119.90448199998944,37.612211000000087],[-119.90450499998944,37.61222500000008],[-119.90453599998943,37.612247000000089],[-119.90455199998945,37.612259000000087],[-119.90459599998944,37.612295000000081],[-119.90464799998944,37.612341000000093],[-119.90470899998942,37.612398000000084],[-119.90475999998942,37.612447000000081],[-119.90481499998944,37.612503000000089],[-119.90487599998946,37.612567000000091],[-119.90493599998943,37.612632000000083],[-119.90498999998945,37.612695000000095],[-119.90501699998946,37.612728000000082],[-119.90503999998944,37.612758000000078],[-119.90506199998946,37.612788000000087],[-119.90508699998942,37.612826000000076],[-119.90511399998942,37.612871000000077],[-119.90518499998946,37.612990000000089],[-119.90523899998944,37.613080000000096],[-119.90526599998944,37.613129000000093],[-119.90527699998944,37.613150000000068],[-119.90528499998945,37.613170000000068],[-119.90529499998944,37.613205000000093],[-119.90530099998941,37.613229000000068],[-119.90531899998945,37.613341000000084],[-119.90532599998946,37.613372000000076],[-119.90533599998945,37.613402000000072],[-119.90534399998943,37.613423000000083],[-119.90535099998945,37.613437000000083],[-119.90536199998941,37.613457000000096],[-119.90537999998941,37.613482000000083],[-119.90539499998943,37.61349900000009],[-119.90540599998941,37.61351000000009],[-119.90542499998941,37.613524000000091],[-119.90544499998941,37.613535000000077],[-119.90546499998942,37.613543000000085],[-119.90548499998943,37.613548000000087],[-119.90550199998941,37.613549000000084],[-119.90551999998941,37.613548000000087],[-119.90554099998941,37.613544000000083],[-119.90555399998941,37.6135400000001],[-119.90556899998943,37.61353400000008],[-119.90558299998941,37.613527000000076],[-119.90560399998941,37.613514000000087],[-119.90563299998942,37.613495000000071],[-119.90572199998941,37.613427000000094],[-119.90575599998942,37.613405000000078],[-119.90577899998941,37.613392000000069],[-119.90579499998942,37.613384000000089],[-119.9058099999894,37.613378000000097],[-119.90583899998941,37.613369000000084],[-119.90585599998941,37.613365000000087],[-119.90587299998943,37.613362000000087],[-119.90590199998941,37.613360000000085],[-119.90594699998941,37.613360000000092],[-119.90599299998942,37.61336500000008],[-119.90603899998942,37.6133740000001],[-119.9060679999894,37.613381000000082],[-119.90609599998942,37.61338900000009],[-119.90612299998939,37.613399000000086],[-119.90616599998941,37.613419000000093],[-119.90618999998941,37.613432000000095],[-119.90621199998942,37.613447000000072],[-119.90623199998942,37.613463000000074],[-119.90624899998942,37.613479000000083],[-119.90625999998943,37.613491000000089],[-119.90627599998942,37.613511000000088],[-119.90628599998941,37.613525000000081],[-119.90630699998941,37.613560000000071],[-119.90636399998938,37.613667000000078],[-119.90638499998938,37.613702000000089],[-119.90640399998939,37.613731000000094],[-119.90642099998938,37.613751000000079],[-119.90643799998939,37.61376900000009],[-119.9064569999894,37.613786000000076],[-119.90647799998941,37.613803000000082],[-119.90649299998938,37.613814000000083],[-119.90652599998938,37.61383500000008],[-119.9065599999894,37.613854000000075],[-119.90659599998938,37.613873000000069],[-119.90663299998938,37.613890000000076],[-119.90668999998937,37.613915000000084],[-119.90686399998937,37.613982000000085],[-119.90690599998939,37.613999000000071],[-119.9069529999894,37.614021000000079],[-119.9069989999894,37.614044000000085],[-119.9070429999894,37.614069000000093],[-119.90708399998938,37.614095000000077],[-119.90712399998938,37.614121000000075],[-119.90720099998939,37.614176000000079],[-119.9072749999894,37.614232000000079],[-119.90737199998935,37.614308000000079],[-119.90744099998936,37.614365000000085],[-119.90748599998936,37.614404000000079],[-119.90752899998935,37.614445000000082],[-119.90756399998936,37.614480000000086],[-119.90763199998936,37.614551000000077],[-119.90782299998935,37.614759000000092],[-119.90788699998937,37.614828000000081],[-119.90795399998936,37.614895000000082],[-119.90799699998935,37.614936000000085],[-119.90804899998938,37.614983000000088],[-119.90812299998937,37.615045000000087],[-119.90829999998935,37.615185000000075],[-119.90834599998936,37.615223000000078],[-119.90837199998936,37.615245000000094],[-119.90839699998934,37.615268000000086],[-119.90841699998933,37.615288000000078],[-119.90843499998932,37.615308000000091],[-119.90845299998932,37.615332000000095],[-119.90846499998935,37.615349000000087],[-119.90848199998933,37.615378000000078],[-119.90849399998933,37.615400000000072],[-119.90850799998934,37.615430000000082],[-119.90852399998936,37.615469000000083],[-119.90853099998932,37.615492000000096],[-119.90853999998933,37.615523000000074],[-119.90854599998933,37.615561000000085],[-119.90854799998934,37.615592000000078],[-119.90854999998935,37.615672000000089],[-119.90855199998933,37.615705000000077],[-119.90855599998935,37.615746000000087],[-119.90856199998935,37.615779000000082],[-119.90856899998936,37.615811000000086],[-119.90857599998932,37.615834000000078],[-119.90858499998933,37.615857000000076],[-119.90859499998935,37.615880000000082],[-119.90861999998934,37.61592600000008],[-119.90867799998932,37.616025000000079],[-119.90873899998934,37.616136000000076],[-119.90875699998934,37.616167000000083],[-119.90878599998935,37.616214000000078],[-119.90881299998932,37.616250000000086],[-119.90884299998933,37.61628500000009],[-119.90886299998934,37.61630600000008],[-119.90889799998932,37.616340000000086],[-119.90893399998934,37.616373000000081],[-119.90896699998935,37.616400000000091],[-119.90900099998936,37.61642700000008],[-119.90903599998934,37.616453000000099],[-119.90907799998932,37.616481000000078],[-119.90912799998935,37.616512000000085],[-119.90931899998934,37.616623000000075],[-119.90939099998931,37.616662000000076],[-119.90945499998932,37.616695000000085],[-119.90951199998931,37.616720000000086],[-119.90963599998932,37.616774000000085],[-119.90968299998933,37.616795000000081],[-119.90973699998931,37.616822000000077],[-119.90976999998931,37.616841000000093],[-119.90980399998929,37.616862000000083],[-119.90990199998933,37.616931000000079],[-119.90994399998931,37.616959000000072],[-119.9100049999893,37.616998000000088],[-119.91004099998932,37.617019000000091],[-119.91011399998931,37.617060000000095],[-119.91020099998931,37.61710800000008],[-119.91055399998929,37.617297000000079],[-119.9106469999893,37.617347000000073],[-119.91069399998931,37.617373000000093],[-119.91076599998928,37.617415000000094],[-119.9108539999893,37.617468000000081],[-119.9109429999893,37.617524000000081],[-119.91103099998929,37.617580000000082],[-119.91107399998928,37.617608000000075],[-119.91113099998928,37.617650000000069],[-119.9111619999893,37.617674000000086],[-119.91119099998929,37.617700000000085],[-119.91121699998928,37.617726000000083],[-119.91122899998928,37.617740000000076],[-119.9112439999893,37.617759000000085],[-119.91125699998929,37.617779000000077],[-119.91126999998929,37.617801000000092],[-119.9112889999893,37.617840000000086],[-119.91132699998926,37.617927000000087],[-119.91136899998928,37.618017000000094],[-119.91139899998927,37.618078000000082],[-119.91145999998928,37.61819600000009],[-119.91149499998926,37.618268000000086],[-119.91150899998927,37.618301000000081],[-119.91152199998928,37.618334000000083],[-119.91153299998926,37.618367000000077],[-119.91153699998925,37.61838400000007],[-119.91153999998926,37.618400000000086],[-119.91154399998928,37.618424000000076],[-119.91154499998926,37.618449000000091],[-119.91154499998926,37.618473000000087],[-119.91154399998928,37.618490000000087],[-119.91153999998926,37.618527000000086],[-119.91153399998926,37.618564000000063],[-119.91151599998928,37.618662000000086],[-119.91151099998928,37.618697000000068],[-119.91150699998926,37.618730000000077],[-119.91150499998928,37.618780000000079],[-119.91150499998928,37.618814000000079],[-119.91150699998926,37.618848000000085],[-119.91151099998928,37.618892000000081],[-119.91151799998926,37.618934000000081],[-119.91153299998926,37.61901900000008],[-119.91155799998926,37.6191460000001],[-119.91158499998926,37.619292000000087],[-119.91159199998927,37.619325000000089],[-119.91159999998928,37.619359000000088],[-119.91161599998927,37.619410000000087],[-119.91162799998925,37.619443000000082],[-119.91164099998926,37.619475000000079],[-119.91165899998926,37.619510000000083],[-119.91167999998926,37.619542000000088],[-119.91169099998928,37.619556000000081],[-119.91170799998926,37.619575000000083],[-119.91171999998926,37.619586000000083],[-119.91173799998926,37.619600000000069],[-119.91175899998926,37.619614000000084],[-119.91177599998926,37.619622000000085],[-119.91180199998925,37.619634000000083],[-119.91182999998927,37.61964500000007],[-119.91185999998926,37.619655000000087],[-119.91188499998925,37.619663000000088],[-119.91195999998925,37.619681000000078],[-119.91210999998926,37.61971400000008],[-119.91220399998927,37.619735000000084],[-119.91224599998925,37.619746000000085],[-119.91228799998927,37.619759000000087],[-119.91231799998926,37.619770000000088],[-119.91233699998926,37.619778000000075],[-119.91237199998928,37.619794000000084],[-119.91238899998926,37.619804000000087],[-119.91241399998924,37.619819000000078],[-119.91243799998922,37.619835000000087],[-119.91246099998924,37.619853000000077],[-119.91248299998922,37.619871000000082],[-119.91250799998924,37.619894000000073],[-119.91253099998924,37.619917000000093],[-119.91254999998924,37.619938000000083],[-119.91257399998923,37.619967000000095],[-119.91259699998925,37.6199960000001],[-119.91263399998924,37.620052000000086],[-119.91267499998922,37.620121000000076],[-119.91280499998925,37.620355000000089],[-119.91293399998925,37.620575000000088],[-119.91296799998923,37.620639000000075],[-119.91298799998924,37.620679000000088],[-119.91299899998923,37.620703000000077],[-119.91301499998924,37.620743000000076],[-119.91302799998924,37.620783000000088],[-119.91303599998925,37.620815000000086],[-119.91304099998925,37.620847000000083],[-119.91304199998925,37.620878000000083],[-119.91304199998925,37.620911000000099],[-119.91303099998923,37.621028000000088],[-119.91302999998925,37.62106100000009],[-119.91303099998923,37.6210850000001],[-119.91303299998924,37.621109000000082],[-119.91303699998923,37.621133000000086],[-119.91304099998925,37.621149000000081],[-119.91304599998924,37.621166000000095],[-119.91305799998923,37.621198000000085],[-119.91307299998924,37.62123100000008],[-119.91308899998923,37.621263000000077],[-119.91311199998924,37.621303000000083],[-119.91313199998925,37.621334000000076],[-119.91315399998923,37.621364000000085],[-119.91317699998925,37.62139400000008],[-119.91319599998924,37.621415000000084],[-119.91321499998922,37.621436000000095],[-119.91323599998923,37.62145600000008],[-119.91328099998923,37.621496000000086],[-119.91331299998923,37.621521000000094],[-119.91337799998924,37.621571000000095],[-119.91345299998922,37.621626000000084],[-119.91356799998921,37.621707000000079],[-119.91394699998922,37.621969000000099],[-119.91400299998921,37.622010000000088],[-119.91403299998922,37.622034000000099],[-119.91405399998921,37.622053000000093],[-119.91407399998921,37.622073000000078],[-119.91409899998921,37.622100000000088],[-119.9141179999892,37.62212200000009],[-119.91414699998921,37.622159000000089],[-119.91423099998921,37.622274000000083],[-119.91425999998921,37.622311000000089],[-119.91428499998923,37.622340000000086],[-119.9143109999892,37.622367000000082],[-119.91433899998921,37.622394000000078],[-119.9143619999892,37.62241300000008],[-119.91439799998922,37.622442000000092],[-119.91443599998919,37.622470000000092],[-119.91451299998919,37.622523000000093],[-119.91458999998919,37.62257200000009],[-119.91483299998919,37.622726000000085],[-119.9148739999892,37.622753000000088],[-119.91493899998919,37.622797000000084],[-119.91498099998918,37.622827000000086],[-119.9150299999892,37.622864000000092],[-119.91509899998918,37.622920000000086],[-119.91516599998917,37.622978000000074],[-119.91522799998918,37.623034000000082],[-119.91528499998918,37.623088000000095],[-119.91533199998919,37.62313800000009],[-119.91536899998918,37.623181000000088],[-119.91539099998914,37.623211000000083],[-119.9154169999892,37.623249000000087],[-119.91544099998917,37.623285000000095],[-119.91550899998916,37.623397000000089],[-119.91554599998918,37.623454000000088],[-119.91556499998914,37.623481000000076],[-119.91559299998916,37.62351800000009],[-119.91561099998916,37.623539000000086],[-119.91563699998916,37.623566000000082],[-119.91567199998917,37.623599000000084],[-119.91569899998917,37.623623000000094],[-119.91575399998916,37.623669000000085],[-119.91587199998914,37.623762000000085],[-119.91592599998916,37.623807000000077],[-119.91599999998917,37.623870000000089],[-119.91617099998915,37.624019000000082],[-119.91637899998916,37.624193000000083],[-119.91641299998916,37.624222000000096],[-119.91646699998913,37.624273000000088],[-119.91650499998913,37.624313000000086],[-119.91652799998914,37.624341000000086],[-119.91654899998915,37.62436900000008],[-119.91656299998913,37.624391000000088],[-119.91657599998915,37.624414000000087],[-119.91659399998915,37.624454000000078],[-119.91660699998913,37.62448700000008],[-119.91661799998914,37.624520000000075],[-119.91663399998913,37.62458000000008],[-119.91664299998914,37.624619000000088],[-119.91665199998913,37.624659000000079],[-119.91666599998915,37.624739000000091],[-119.91667199998915,37.624780000000086],[-119.91667699998915,37.624832000000083],[-119.91668099998914,37.624885000000084],[-119.91668299998915,37.624929000000073],[-119.91668599998913,37.625061000000088],[-119.91668899998915,37.625148000000088],[-119.91669099998913,37.625185000000073],[-119.91669599998914,37.625223000000084],[-119.91670199998914,37.625260000000083],[-119.91670499998912,37.625276000000085],[-119.91671699998915,37.625317000000081],[-119.91672599998914,37.625341000000084],[-119.91673699998913,37.625364000000076],[-119.91676199998915,37.625409000000076],[-119.91677999998915,37.625438000000088],[-119.91679899998914,37.625466000000095],[-119.91682699998913,37.625504000000078],[-119.91685599998914,37.625542000000095],[-119.91691399998913,37.625614000000077],[-119.91715299998914,37.625903000000086],[-119.91723899998912,37.626012000000081],[-119.91730799998915,37.626104000000076],[-119.91740399998912,37.62624200000009],[-119.91744999998912,37.626307000000075],[-119.91747899998911,37.626345000000086],[-119.91750999998911,37.626382000000092],[-119.9175479999891,37.626426000000095],[-119.9175739999891,37.626455000000092],[-119.91765599998909,37.626540000000091],[-119.91772399998911,37.62660900000008],[-119.91793199998909,37.626815000000086],[-119.91803399998912,37.626919000000086],[-119.91806599998911,37.626954000000083],[-119.91811199998909,37.627005000000075],[-119.91813699998912,37.627036000000089],[-119.91816899998912,37.627078000000076],[-119.91819499998911,37.627117000000084],[-119.91822599998912,37.62717200000008],[-119.91832099998911,37.627359000000077],[-119.91835899998911,37.627432000000084],[-119.91848399998909,37.627663000000084],[-119.91862499998909,37.627938000000086],[-119.91869199998906,37.628061000000088],[-119.91871899998908,37.628110000000092],[-119.91876399998908,37.628186000000085],[-119.91890299998909,37.628413000000087],[-119.9189669999891,37.628522000000082],[-119.91902399998909,37.628622000000085],[-119.91911599998909,37.628792000000082],[-119.91916099998909,37.628870000000077],[-119.91919299998909,37.628920000000079],[-119.91921199998909,37.628945000000087],[-119.91922599998907,37.628961000000075],[-119.9192369999891,37.628972000000083],[-119.91925499998908,37.628986000000076],[-119.91926799998909,37.628995000000089],[-119.91928299998906,37.629004000000087],[-119.91929799998907,37.629013000000079],[-119.91932299998909,37.629025000000091],[-119.91935899998909,37.629038000000087],[-119.91939499998908,37.629049000000094],[-119.91943399998905,37.629058000000086],[-119.91948399998905,37.629067000000092],[-119.91956699998907,37.629081000000085],[-119.91962599998905,37.629093000000083],[-119.91967499998907,37.629105000000095],[-119.91970299998904,37.629114000000094],[-119.91972899998908,37.629123000000078],[-119.91975099998906,37.629131000000079],[-119.91984299998907,37.629172000000089],[-119.91989699998905,37.629193000000086],[-119.91994399998906,37.629210000000079],[-119.92009099998906,37.629261000000085],[-119.92014099998904,37.629280000000094],[-119.92020999998907,37.629309000000077],[-119.92026799998905,37.629336000000087],[-119.92047799998903,37.629434000000089],[-119.92052299998903,37.62945600000009],[-119.92056599998902,37.629479000000089],[-119.92060599998904,37.629504000000082],[-119.92063799998903,37.629528000000093],[-119.92066599998904,37.629553000000087],[-119.92071799998902,37.629605000000069],[-119.92072999998904,37.629615000000094],[-119.92074699998903,37.629629000000079],[-119.92076399998905,37.629640000000087],[-119.92077799998903,37.629648000000095],[-119.92080099998904,37.629659000000082],[-119.92081799998903,37.629666000000093],[-119.92085299998901,37.629677000000086],[-119.92089099998904,37.629686000000078],[-119.92092899998903,37.629691000000079],[-119.92095699998904,37.629693000000088],[-119.92099299998904,37.629692000000077],[-119.92102799998905,37.629688000000087],[-119.92106299998903,37.629681000000083],[-119.92109599998903,37.629672000000099],[-119.92111899998905,37.629663000000093],[-119.92114699998903,37.629650000000083],[-119.92116399998905,37.629639000000083],[-119.92117399998904,37.629631000000089],[-119.92118299998903,37.629623000000095],[-119.92119499998903,37.62960800000009],[-119.92120299998905,37.629596000000085],[-119.92120799998902,37.629584000000087],[-119.92121399998905,37.629565000000078],[-119.92121599998903,37.629552000000082],[-119.92121699998903,37.629539000000079],[-119.92121599998903,37.629518000000076],[-119.92121199998904,37.629496000000088],[-119.92120499998903,37.629473000000083],[-119.92118799998904,37.629436000000084],[-119.92116699998904,37.629398000000094],[-119.92114699998903,37.629368000000085],[-119.92112399998905,37.629339000000087],[-119.92109899998903,37.629310000000082],[-119.92107899998905,37.62929000000009],[-119.92105699998903,37.629270000000083],[-119.92103499998905,37.629252000000079],[-119.92101299998903,37.629236000000077],[-119.92098999998905,37.629220000000075],[-119.92096499998902,37.629204000000072],[-119.92081599998905,37.629118000000084],[-119.92077199998903,37.629091000000095],[-119.92072999998904,37.629062000000083],[-119.92067199998904,37.629019000000092],[-119.92057899998903,37.628946000000084],[-119.92053299998905,37.62891100000008],[-119.92040299998902,37.628817000000083],[-119.92030099998905,37.628743000000078],[-119.92021699998905,37.628684000000085],[-119.92018599998904,37.628661000000086],[-119.92015699998906,37.628639000000085],[-119.92013199998907,37.628615000000096],[-119.92010899998905,37.628591000000085],[-119.92008799998906,37.628563000000078],[-119.92007999998907,37.628549000000085],[-119.92006599998906,37.628523000000079],[-119.92005999998906,37.628506000000094],[-119.92005399998907,37.628486000000095],[-119.92004899998906,37.628457000000083],[-119.92004799998907,37.628418000000082],[-119.92004999998908,37.628395000000083],[-119.92005399998907,37.62837100000008],[-119.92005999998906,37.628347000000076],[-119.92006899998904,37.628325000000082],[-119.92007899998906,37.628304000000085],[-119.92008999998905,37.628283000000081],[-119.92009899998907,37.628271000000083],[-119.92011299998907,37.628253000000086],[-119.92013399998908,37.628229000000097],[-119.92015699998906,37.628207000000089],[-119.92018399998906,37.628185000000087],[-119.92019699998907,37.628176000000089],[-119.92021599998907,37.628164000000083],[-119.92023899998905,37.628151000000088],[-119.92026399998905,37.628140000000087],[-119.92028199998904,37.628134000000088],[-119.92030799998908,37.62812600000008],[-119.92033399998905,37.628121000000093],[-119.92035299998905,37.62811900000009],[-119.92039399998903,37.628117000000096],[-119.92043599998902,37.628119000000083],[-119.92045599998903,37.628121000000085],[-119.92049399998905,37.628127000000084],[-119.92051299998904,37.628131000000081],[-119.92053399998903,37.628135000000071],[-119.92057499998904,37.628146000000093],[-119.92059399998904,37.628152000000078],[-119.92062299998905,37.628163000000086],[-119.92064999998902,37.628174000000087],[-119.92067599998903,37.628187000000075],[-119.92069299998904,37.628196000000081],[-119.92072699998903,37.628216000000087],[-119.92075099998902,37.628232000000075],[-119.92077299998903,37.628248000000092],[-119.92080199998902,37.628271000000083],[-119.92087299998904,37.6283290000001],[-119.92091499998904,37.628363000000093],[-119.92095499998904,37.628393000000088],[-119.92106899998903,37.628475000000094],[-119.92110599998902,37.628504000000092],[-119.92113299998903,37.628527000000084],[-119.92116299998905,37.628556000000088],[-119.92118199998905,37.62857800000009],[-119.92122399998904,37.62862700000008],[-119.92123499998903,37.628637000000076],[-119.92124399998903,37.628646000000082],[-119.92125899998905,37.62865800000008],[-119.92128099998902,37.628671000000089],[-119.92129299998905,37.628676000000091],[-119.92131199998903,37.628683000000088],[-119.92133099998902,37.628688000000082],[-119.921345999989,37.628690000000077],[-119.92138899998902,37.628695000000072],[-119.92146799998901,37.62869900000009],[-119.921555999989,37.628701000000092],[-119.92161199998901,37.628700000000087],[-119.92164199998901,37.628699000000069],[-119.92166999998902,37.628696000000083],[-119.921716999989,37.62868900000008],[-119.921749999989,37.628680000000081],[-119.92177899998902,37.628670000000092],[-119.921800999989,37.628659000000077],[-119.921828999989,37.628641000000087],[-119.92184799998901,37.628627000000094],[-119.921865999989,37.628612000000075],[-119.92191699998899,37.628561000000083],[-119.921943999989,37.628537000000101],[-119.921957999989,37.628526000000086],[-119.921975999989,37.628514000000088],[-119.922032999989,37.628481000000093],[-119.922059999989,37.628464000000093],[-119.922071999989,37.628456000000078],[-119.922083999989,37.628447000000094],[-119.92209799998901,37.628433000000086],[-119.92210399998901,37.628425000000085],[-119.92211199998901,37.628414000000085],[-119.922116999989,37.628404000000096],[-119.92212099998902,37.628392000000076],[-119.92212599998901,37.628371000000094],[-119.92212799998902,37.628347000000083],[-119.92212699998902,37.628321000000092],[-119.92212499998901,37.628295000000087],[-119.92212099998902,37.628266000000075],[-119.92210299998902,37.628160000000086],[-119.922095999989,37.628102000000091],[-119.92209199998901,37.628061000000095],[-119.922089999989,37.628020000000092],[-119.92208899998901,37.627980000000086],[-119.922089999989,37.627939000000083],[-119.922092999989,37.627898000000094],[-119.92209799998901,37.627860000000084],[-119.92210599998901,37.627824000000082],[-119.92211299998901,37.627800000000086],[-119.92211899998901,37.627785000000081],[-119.92213299998902,37.627757000000095],[-119.92215099998901,37.627730000000099],[-119.92217299998902,37.627702000000077],[-119.922194999989,37.627679000000086],[-119.92221799998902,37.627656000000087],[-119.92225399998901,37.627626000000099],[-119.922297999989,37.627592000000092],[-119.92231299998899,37.627582000000096],[-119.92235199998899,37.627558000000086],[-119.92238399998899,37.627542000000091],[-119.92240699998898,37.627533000000078],[-119.92242399998899,37.62752800000009],[-119.92246099998899,37.627519000000085],[-119.92248099998899,37.627515000000088],[-119.92251999998899,37.627510000000086],[-119.92255999998899,37.627507000000094],[-119.92259999998898,37.627505000000092],[-119.92264999998899,37.62750400000008],[-119.92280299998899,37.627503000000083],[-119.92289299998899,37.627501000000102],[-119.92298599998898,37.627495000000103],[-119.92324599998899,37.627476000000087],[-119.92334899998896,37.627470000000073],[-119.92340199998894,37.62746900000009],[-119.92345299998894,37.627470000000088],[-119.92350399998894,37.627474000000092],[-119.92352499998894,37.627476000000087],[-119.92355599998896,37.627481000000088],[-119.92358499998895,37.62748700000008],[-119.92361399998897,37.627495000000103],[-119.92365399998894,37.627508000000084],[-119.92368599998898,37.62752100000008],[-119.92371799998895,37.627536000000077],[-119.92374899998896,37.627551000000082],[-119.92379499998894,37.627576000000083],[-119.92384099998895,37.627602000000088],[-119.92388099998895,37.627626000000099],[-119.92396099998896,37.627677000000077],[-119.92399899998897,37.627703000000075],[-119.92403899998894,37.627730000000092],[-119.92407699998897,37.627759000000097],[-119.92411299998895,37.627789000000071],[-119.92413499998896,37.627808000000101],[-119.92415599998894,37.627828000000072],[-119.92417499998898,37.627848000000093],[-119.92419299998896,37.627868000000092],[-119.92421599998893,37.627897000000083],[-119.92423799998895,37.627926000000087],[-119.92430199998894,37.628014000000093],[-119.92433099998892,37.628052000000082],[-119.92435499998895,37.628081000000087],[-119.92437399998894,37.628103000000095],[-119.92439399998895,37.628124000000085],[-119.92442899998893,37.628156000000089],[-119.92446599998893,37.628187000000075],[-119.92456299998892,37.628259000000085],[-119.92461799998891,37.62830200000009],[-119.92465399998893,37.62833300000009],[-119.92468099998894,37.628359000000096],[-119.92470599998893,37.628388000000079],[-119.92473599998893,37.628425000000085],[-119.92476299998893,37.628463000000096],[-119.92479999998895,37.628518000000092],[-119.92484399998892,37.6285910000001],[-119.92488699998894,37.628666000000102],[-119.92492799998892,37.628741000000076],[-119.92496099998893,37.628804000000095],[-119.92501399998893,37.62891100000008],[-119.92504699998894,37.628975000000082],[-119.92506499998893,37.629007000000094],[-119.92508999998893,37.629045000000076],[-119.92511099998893,37.629073000000091],[-119.92513599998892,37.629101000000098],[-119.92516299998891,37.62912800000008],[-119.9251869999889,37.629150000000095],[-119.9252129999889,37.629171000000071],[-119.9252399999889,37.629191000000084],[-119.9252699999889,37.629212000000081],[-119.9253019999889,37.62923100000009],[-119.92533499998891,37.629249000000087],[-119.9253529999889,37.629258000000085],[-119.9253809999889,37.629271000000095],[-119.92540899998892,37.629281000000091],[-119.92542799998891,37.62928700000009],[-119.92545799998891,37.629296000000082],[-119.92547799998891,37.629300000000079],[-119.92553099998891,37.629311000000108],[-119.9255849999889,37.629318000000076],[-119.92563899998891,37.629324000000089],[-119.92569399998889,37.629327000000089],[-119.9257589999889,37.629329000000091],[-119.9258769999889,37.629328000000093],[-119.92592999998888,37.629328000000093],[-119.9259849999889,37.629331000000093],[-119.92602499998891,37.629335000000083],[-119.92606499998891,37.629339000000087],[-119.92610599998892,37.629345000000072],[-119.92614899998888,37.629352000000075],[-119.92618999998889,37.629360000000084],[-119.92630899998889,37.629385000000084],[-119.92635199998888,37.629392000000088],[-119.92639599998887,37.629399000000092],[-119.92644399998889,37.629405000000084],[-119.92654199998888,37.629416000000091],[-119.92676699998889,37.629435000000079],[-119.92682199998887,37.629441000000092],[-119.92687499998888,37.629447000000091],[-119.92692599998888,37.629454000000088],[-119.92695499998889,37.629459000000075],[-119.92698199998887,37.629466000000086],[-119.92701199998889,37.629474000000073],[-119.92703899998887,37.629484000000083],[-119.92705199998889,37.629491000000094],[-119.92706799998888,37.629502000000095],[-119.92707899998885,37.629513000000088],[-119.92708799998888,37.629526000000091],[-119.92709299998886,37.629542000000086],[-119.92709599998886,37.629560000000076],[-119.92709499998887,37.629584000000087],[-119.92709199998887,37.629609000000087],[-119.92706599998887,37.629724000000088],[-119.92706199998888,37.629756000000086],[-119.92706099998888,37.629772000000095],[-119.92706099998888,37.629794000000089],[-119.92706299998889,37.629808000000089],[-119.92706599998887,37.629821000000099],[-119.92706999998889,37.629834000000095],[-119.92707499998889,37.62984700000009],[-119.92708599998888,37.629868000000087],[-119.92709499998884,37.629881000000076],[-119.92711799998885,37.629912000000076],[-119.92714599998887,37.629940000000076],[-119.92716999998885,37.629961000000108],[-119.92719499998886,37.629981000000093],[-119.92722499998887,37.630003000000087],[-119.92725599998886,37.630022000000096],[-119.92729199998885,37.63004100000007],[-119.92732899998884,37.630056000000089],[-119.92735399998884,37.630063000000085],[-119.92737599998885,37.630067000000089],[-119.92739399998885,37.630069000000084],[-119.92741499998886,37.630069000000091],[-119.92742999998886,37.630068000000087],[-119.92745299998886,37.630065000000094],[-119.92747899998885,37.630059000000081],[-119.92753399998884,37.630045000000095],[-119.92754999998886,37.630042000000081],[-119.92755899998886,37.630041000000077],[-119.92756799998885,37.630042000000088],[-119.92757299998884,37.630044000000083],[-119.92757599998886,37.630047000000083],[-119.92757799998887,37.630050000000097],[-119.92757899998884,37.63006100000009],[-119.92757699998886,37.630068000000087],[-119.92755399998885,37.630145000000091],[-119.92754699998886,37.63017100000009],[-119.92754099998888,37.630198000000085],[-119.92753699998886,37.630236000000089],[-119.92753699998886,37.630266000000091],[-119.92753899998887,37.63028900000009],[-119.92754199998885,37.630314000000091],[-119.92755399998885,37.630361000000093],[-119.92756399998886,37.630392000000079],[-119.92757499998885,37.630422000000088],[-119.92758999998887,37.630459000000094],[-119.92760599998884,37.630495000000089],[-119.92763999998886,37.630567000000092],[-119.92769499998884,37.630675000000082],[-119.92771399998884,37.630710000000093],[-119.92775099998886,37.630773000000083],[-119.92776899998886,37.630800000000086],[-119.92778799998885,37.630827000000082],[-119.92780699998886,37.630853000000094],[-119.92782599998885,37.630874000000105],[-119.92784499998885,37.630894000000083],[-119.92786499998886,37.630912000000095],[-119.92788599998886,37.630929000000101],[-119.92791599998885,37.630950000000077],[-119.92796299998886,37.630977000000087],[-119.92799399998886,37.630993000000075],[-119.92804899998887,37.631019000000087],[-119.92811699998883,37.631047000000102],[-119.92815599998883,37.631061000000095],[-119.92822699998884,37.631084000000087],[-119.92826799998885,37.631096000000092],[-119.92832099998883,37.631109000000087],[-119.92837499998883,37.631120000000102],[-119.92843099998883,37.631129000000094],[-119.92855399998884,37.631147000000098],[-119.92897199998883,37.631203000000085],[-119.9294799999888,37.631272000000095],[-119.92964899998881,37.63129500000008],[-119.92975099998881,37.631308000000089],[-119.9298519999888,37.63131900000009],[-119.93022099998878,37.631359000000089],[-119.93027599998879,37.631366000000085],[-119.93036399998878,37.631379000000088],[-119.93039599998879,37.631384000000075],[-119.93044399998877,37.631394000000093],[-119.93048999998878,37.631405000000093],[-119.93051999998879,37.631414000000092],[-119.93053899998877,37.631421000000088],[-119.93057399998878,37.631436000000093],[-119.93059999998877,37.631449000000089],[-119.93062599998878,37.631463000000082],[-119.93064199998879,37.631474000000082],[-119.93067099998878,37.631493000000098],[-119.93069899998879,37.631514000000088],[-119.93073699998877,37.631544000000083],[-119.93077199998878,37.631574000000093],[-119.93094399998877,37.631729000000078],[-119.93098899998874,37.631768000000079],[-119.93103599998877,37.631807000000087],[-119.93113599998875,37.631886000000094],[-119.93132699998876,37.632031000000083],[-119.93136399998875,37.632061000000093],[-119.93142299998875,37.632109000000092],[-119.93144499998876,37.632129000000077],[-119.93147299998874,37.632156000000087],[-119.93149899998875,37.63218300000009],[-119.93152099998876,37.632211000000076],[-119.93153899998875,37.632240000000088],[-119.93154999998875,37.632261000000085],[-119.93155599998875,37.632276000000076],[-119.93156099998876,37.632292000000078],[-119.93156799998876,37.632316000000095],[-119.93157299998876,37.632350000000102],[-119.93157499998874,37.632384000000087],[-119.93157499998874,37.632418000000087],[-119.93157199998875,37.632461000000092],[-119.93156499998875,37.632504000000083],[-119.93154999998875,37.632573000000093],[-119.93152299998876,37.632677000000086],[-119.93151499998876,37.632712000000083],[-119.93150599998874,37.632755000000095],[-119.93150199998875,37.632789000000088],[-119.93149899998875,37.632823000000087],[-119.93149799998876,37.632862000000102],[-119.93149999998874,37.632901000000075],[-119.93150499998875,37.632940000000083],[-119.93151199998874,37.632973000000092],[-119.93151699998876,37.632988000000083],[-119.93152799998876,37.633019000000083],[-119.93154299998876,37.633051000000101],[-119.93155599998875,37.633074000000079],[-119.93157499998874,37.633105000000093],[-119.93159599998874,37.6331360000001],[-119.93161899998876,37.633166000000109],[-119.93164499998876,37.63320000000008],[-119.93172799998877,37.63330300000009],[-119.93177899998877,37.633370000000092],[-119.93180299998875,37.633403000000094],[-119.93182499998876,37.633437000000086],[-119.93184399998876,37.633468000000086],[-119.93185699998871,37.633492000000089],[-119.93186799998875,37.633516000000085],[-119.93188799998876,37.63356500000009],[-119.93190199998874,37.633606000000086],[-119.93194999998872,37.633758000000078],[-119.93196799998871,37.633807000000076],[-119.93198599998871,37.633849000000083],[-119.93200199998873,37.633882000000092],[-119.93201899998871,37.633914000000075],[-119.93204299998874,37.633953000000098],[-119.93206899998873,37.63399000000009],[-119.93208099998873,37.634005000000094],[-119.93209899998872,37.634026000000084],[-119.93211099998872,37.634039000000087],[-119.93213099998873,37.634057000000084],[-119.93216099998871,37.634081000000094],[-119.93219699998873,37.634106000000095],[-119.93223499998872,37.634130000000098],[-119.93227599998873,37.634151000000088],[-119.93231799998873,37.63417000000009],[-119.93236599998873,37.634188000000087],[-119.93240499998873,37.634199000000088],[-119.93245699998872,37.634211000000093],[-119.93252799998875,37.634223000000091],[-119.93267799998873,37.634242000000093],[-119.93272199998871,37.634249000000068],[-119.93275499998873,37.634254000000098],[-119.93278599998872,37.634261000000102],[-119.93283899998873,37.634275000000095],[-119.9329079999887,37.634297000000089],[-119.9329549999887,37.634314000000089],[-119.9330019999887,37.634332000000093],[-119.93309599998869,37.63437100000008],[-119.9332909999887,37.634456000000085],[-119.9333859999887,37.634496000000077],[-119.9334549999887,37.634523000000094],[-119.9335059999887,37.634541000000084],[-119.9335479999887,37.634554000000094],[-119.93360899998872,37.634571000000086],[-119.93368799998869,37.634590000000088],[-119.9337309999887,37.634599000000087],[-119.9337729999887,37.63460600000009],[-119.93382599998868,37.634613000000094],[-119.93386699998869,37.634616000000094],[-119.93390799998868,37.634617000000084],[-119.93393699998866,37.634614000000099],[-119.93396299998869,37.634610000000102],[-119.93397899998868,37.634606000000097],[-119.93399299998869,37.6346020000001],[-119.93400699998867,37.634596000000094],[-119.93402199998867,37.634589000000069],[-119.93404499998869,37.634576000000088],[-119.93407499998868,37.634555000000091],[-119.93410299998867,37.634531000000102],[-119.93412899998869,37.634505000000075],[-119.93415899998868,37.634473000000092],[-119.93418899998866,37.6344390000001],[-119.93427999998868,37.634330000000077],[-119.93433099998867,37.634271000000084],[-119.93441299998869,37.634178000000084],[-119.93450199998865,37.634082000000099],[-119.93463499998867,37.633941000000078],[-119.93486699998866,37.633698000000088],[-119.93516599998864,37.633385000000082],[-119.93529999998866,37.633247000000082],[-119.93538999998866,37.633156000000078],[-119.93549299998864,37.633055000000091],[-119.93625499998862,37.632314000000093],[-119.93632499998861,37.632247000000099],[-119.93639799998863,37.632180000000083],[-119.93643599998862,37.632146000000091],[-119.93647399998862,37.632114000000087],[-119.93652199998863,37.632077000000095],[-119.93656299998861,37.632047000000085],[-119.93660599998863,37.63202000000009],[-119.93668199998861,37.631974000000092],[-119.9368029999886,37.631908000000095],[-119.93713299998861,37.631732000000071],[-119.93749899998858,37.631532000000092],[-119.93758799998858,37.63148500000009],[-119.93763599998859,37.631461000000087],[-119.93768399998856,37.631438000000095],[-119.93773199998859,37.631417000000098],[-119.93776199998857,37.6314050000001],[-119.93780199998858,37.631390000000103],[-119.93784399998857,37.631375000000084],[-119.93789399998859,37.6313600000001],[-119.93794399998858,37.631345000000096],[-119.93799499998858,37.631331000000088],[-119.93809999998858,37.631304000000092],[-119.93847599998854,37.631212000000083],[-119.93874599998854,37.631148000000096],[-119.93888899998855,37.631117000000096],[-119.93905399998854,37.631083000000089],[-119.93938499998853,37.631018000000097],[-119.93949599998854,37.630996000000081],[-119.93960099998851,37.630977000000094],[-119.93970099998853,37.63096000000008],[-119.93975099998852,37.630953000000083],[-119.93981799998853,37.630946000000087],[-119.93988499998852,37.630941000000092],[-119.93997199998853,37.630938000000086],[-119.94005599998853,37.630937000000088],[-119.94015399998854,37.630939000000083],[-119.94030299998849,37.63094200000009],[-119.9404999999885,37.630950000000077],[-119.9405959999885,37.63095600000009],[-119.94064499998849,37.630959000000097],[-119.9407149999885,37.630966000000093],[-119.94075899998849,37.630972000000092],[-119.94081399998851,37.630981000000084],[-119.94088199998849,37.630994000000086],[-119.9409729999885,37.6310140000001],[-119.9410639999885,37.631036000000094],[-119.94172199998849,37.631204000000082],[-119.94263399998844,37.631431000000084],[-119.94273699998845,37.631456000000092],[-119.94283499998845,37.631478000000101],[-119.94288499998845,37.631489000000094],[-119.94295099998843,37.63150200000009],[-119.94302899998843,37.631514000000095],[-119.94311099998842,37.631525000000103],[-119.9432089999884,37.631536000000089],[-119.94335399998842,37.631549000000085],[-119.94344199998844,37.631555000000091],[-119.94353199998844,37.631558000000091],[-119.94358299998844,37.631558000000084],[-119.94361699998842,37.631557000000086],[-119.94364999998842,37.631556000000096],[-119.94368299998843,37.631553000000075],[-119.94372499998842,37.631548000000087],[-119.94375699998844,37.631542000000088],[-119.94379999998843,37.631534000000087],[-119.94387499998842,37.631517000000095],[-119.94392799998843,37.631503000000087],[-119.94398099998838,37.631489000000094],[-119.9441389999884,37.631441000000088],[-119.94429699998841,37.6313910000001],[-119.94444499998841,37.631341000000091],[-119.94453399998841,37.631308000000082],[-119.94459499998841,37.631284000000086],[-119.94467599998841,37.631247000000094],[-119.94475899998841,37.631208000000093],[-119.94484899998841,37.631164000000091],[-119.94504099998838,37.631068000000084],[-119.94523299998836,37.63097000000009],[-119.94533699998837,37.630915000000094],[-119.94541099998835,37.630874000000105],[-119.94547299998838,37.630836000000102],[-119.94549899998837,37.630819000000081],[-119.94553199998838,37.630796000000096],[-119.94556399998838,37.630771000000095],[-119.94559699998838,37.630745000000097],[-119.94566099998838,37.630691000000084],[-119.94572399998837,37.63063500000009],[-119.94579099998836,37.630573000000105],[-119.94585699998834,37.630511000000105],[-119.94591899998836,37.630450000000103],[-119.94597799998834,37.630391000000095],[-119.94600699998836,37.6303610000001],[-119.94603899998835,37.630325000000084],[-119.94606399998835,37.630296000000087],[-119.94611699998835,37.630228000000088],[-119.94614599998835,37.630189000000087],[-119.94620099998835,37.630111000000092],[-119.94689799998834,37.629096000000089],[-119.94695199998833,37.629018000000094],[-119.94700799998832,37.62894100000009],[-119.94704799998831,37.628887000000084],[-119.94708899998832,37.628834000000083],[-119.94717299998833,37.628730000000083],[-119.94726099998832,37.628624000000094],[-119.94784399998828,37.627924000000093],[-119.94854399998827,37.627083000000084],[-119.94862999998827,37.626983000000095],[-119.94868599998826,37.626922000000086],[-119.94874099998827,37.626865000000087],[-119.94882499998828,37.626784000000093],[-119.94898999998826,37.626633000000098],[-119.94962299998825,37.626060000000102],[-119.94977299998823,37.625926000000085],[-119.94984899998825,37.625860000000102],[-119.94990399998824,37.625814000000098],[-119.94996799998823,37.625764000000082],[-119.95004899998825,37.625701000000092],[-119.95021399998822,37.625580000000092],[-119.95091199998824,37.625070000000093],[-119.95218299998817,37.624139000000085],[-119.95243099998818,37.623960000000103],[-119.95254999998816,37.623877000000078],[-119.95271699998817,37.623764000000101],[-119.95381599998811,37.623036000000091],[-119.95390199998812,37.622977000000091],[-119.95394399998813,37.622947000000096],[-119.9540089999881,37.622898000000092],[-119.95406299998812,37.622853000000092],[-119.9540989999881,37.622820000000097],[-119.95412599998811,37.622795000000096],[-119.95420399998811,37.622715000000085],[-119.95428899998812,37.622624000000094],[-119.95435099998811,37.622555000000091],[-119.95437999998812,37.622519000000096],[-119.95441599998811,37.622475000000101],[-119.95446699998811,37.622405000000086],[-119.9545159999881,37.622333000000083],[-119.95461099998809,37.62218400000009],[-119.95495499998809,37.621631000000093],[-119.9553439999881,37.621011000000095],[-119.95550199998806,37.620763000000082],[-119.95613099998808,37.619785000000107],[-119.95620599998807,37.619667000000092],[-119.95626399998807,37.6195710000001],[-119.95631899998806,37.619474000000082],[-119.95640799998803,37.619310000000098],[-119.95675799998804,37.618654000000092],[-119.95680099998803,37.6185720000001],[-119.95684299998804,37.618489000000103],[-119.95688299998805,37.6184060000001],[-119.95690099998804,37.618365000000097],[-119.95691499998804,37.61833100000009],[-119.95694299998803,37.618250000000096],[-119.95697899998805,37.618137000000083],[-119.95727199998801,37.617131000000093],[-119.957302999988,37.617013000000107],[-119.95731299998802,37.616974000000098],[-119.95732699998803,37.616908000000095],[-119.957335999988,37.616856000000091],[-119.957341999988,37.616812000000095],[-119.95734699998802,37.616768000000093],[-119.95735499998803,37.616680000000095],[-119.95736399998802,37.616552000000091],[-119.95737799998803,37.616299000000083],[-119.95738799998801,37.616130000000091],[-119.95739399998801,37.616004000000089],[-119.95739699998802,37.615876000000092],[-119.95739699998802,37.615831000000085],[-119.95739499998801,37.615746000000094],[-119.957386999988,37.615575000000092],[-119.95737399998801,37.615369000000094],[-119.95736399998802,37.615246000000091],[-119.95735199998802,37.615115000000102],[-119.95727899998801,37.6143730000001],[-119.95725499998802,37.614141000000089],[-119.95720399998802,37.613679000000104],[-119.95719199998803,37.613559000000095],[-119.95718699998802,37.613481000000093],[-119.95718399998802,37.613406000000083],[-119.95718499998802,37.613353000000089],[-119.95718899998801,37.613288000000097],[-119.95719299998802,37.613249000000096],[-119.95720299998801,37.613171000000094],[-119.95721599998802,37.613095000000101],[-119.95722299998802,37.613058000000095],[-119.957230999988,37.613021000000103],[-119.95724399998802,37.612966000000092],[-119.95725699998803,37.612924000000085],[-119.957275999988,37.612873000000093],[-119.95729199998802,37.612835000000096],[-119.95732799998802,37.612760000000101],[-119.95736899998801,37.612682000000106],[-119.95741599998802,37.612601000000097],[-119.95743999998801,37.612561000000099],[-119.95747199998802,37.612514000000097],[-119.95751099998802,37.612460000000098],[-119.95754099998803,37.612423000000099],[-119.95757099998802,37.6123860000001],[-119.95763299998801,37.612315000000102],[-119.95769499998802,37.612247000000103],[-119.957725999988,37.612214000000101],[-119.95778899998801,37.612151000000097],[-119.95787399998802,37.612073000000102],[-119.95793799998799,37.612017000000087],[-119.95800099998799,37.611964000000086],[-119.95803199998798,37.611939000000092],[-119.95808899998798,37.611895000000089],[-119.95812999998799,37.611865000000101],[-119.958163999988,37.611842000000095],[-119.95822999998798,37.611799000000097],[-119.958271999988,37.611774000000096],[-119.95835999998799,37.611725000000092],[-119.95840599998799,37.611701000000089],[-119.958472999988,37.611669000000092],[-119.958511999988,37.611652000000099],[-119.95854099998799,37.611640000000094],[-119.95861899998799,37.611612000000108],[-119.958666999988,37.611596000000098],[-119.95897999998797,37.611499000000094],[-119.95905299998795,37.611475000000098],[-119.95914399998796,37.611442000000089],[-119.95924499998794,37.611405000000104],[-119.95934499998796,37.611367000000094],[-119.95954399998796,37.611289000000099],[-119.95964299998796,37.6112490000001],[-119.95969299998796,37.611228000000089],[-119.95974199998795,37.611206000000095],[-119.95978999998793,37.611183000000096],[-119.95984599998793,37.611155000000089],[-119.95989099998793,37.611129000000098],[-119.95993499998795,37.611102000000102],[-119.96000399998795,37.61105600000009],[-119.96007899998794,37.611002000000099],[-119.96019799998795,37.610912000000098],[-119.96027199998794,37.610854000000103],[-119.96033999998795,37.610798000000095],[-119.96039399998794,37.610750000000095],[-119.96043599998795,37.610709000000092],[-119.96047599998793,37.610668000000089],[-119.96058999998795,37.610539000000102],[-119.96064299998793,37.610482000000097],[-119.96073499998791,37.610389000000097],[-119.9607979999879,37.610327000000098],[-119.96086399998791,37.610264000000107],[-119.96096599998791,37.610170000000096],[-119.96103399998792,37.610110000000098],[-119.96109499998791,37.610060000000097],[-119.96133199998791,37.609868000000091],[-119.9614229999879,37.609790000000096],[-119.96153299998788,37.609693000000107],[-119.96160399998789,37.6096280000001],[-119.9616899999879,37.609547000000099],[-119.96173199998789,37.60950600000011],[-119.96191999998788,37.609316000000092],[-119.96195199998789,37.609285000000099],[-119.96199499998788,37.609245000000094],[-119.96202399998789,37.609220000000107],[-119.96205399998789,37.609196000000104],[-119.9620839999879,37.609173000000098],[-119.96211999998789,37.609149000000095],[-119.9621849999879,37.609110000000094],[-119.96222299998789,37.6090850000001],[-119.96227899998789,37.609045000000094],[-119.96231099998786,37.609020000000093],[-119.96239399998785,37.608951000000104],[-119.96261399998787,37.608758000000101],[-119.96265999998786,37.6087190000001],[-119.96271499998788,37.6086740000001],[-119.96279099998785,37.6086150000001],[-119.96286699998787,37.608556000000092],[-119.96317399998783,37.608323000000091],[-119.96324999998782,37.608264000000105],[-119.96331799998785,37.608209000000102],[-119.96339499998784,37.608143000000098],[-119.96350499998785,37.608041000000107],[-119.96367799998784,37.607877000000101],[-119.96380899998783,37.6077480000001],[-119.96386899998784,37.607687000000098],[-119.96391599998785,37.607637000000096],[-119.96396799998782,37.607580000000091],[-119.96402999998782,37.607508000000088],[-119.96412299998782,37.607400000000105],[-119.9645819999878,37.606857000000083],[-119.96467499998782,37.6067490000001],[-119.96473899998782,37.606676000000085],[-119.96486699998781,37.606533000000105],[-119.96505999998779,37.606323000000096],[-119.96531799998779,37.606042000000087],[-119.9656739999878,37.605656000000103],[-119.96573799998777,37.605585000000097],[-119.96576999998777,37.605548000000091],[-119.96579999998777,37.605511000000099],[-119.96584099998778,37.605458000000098],[-119.96587199998777,37.605411000000096],[-119.96589499998775,37.605372000000095],[-119.96592199998776,37.605318000000103],[-119.96593899998777,37.605279000000102],[-119.96596699998776,37.605206000000095],[-119.96598899998774,37.605138000000103],[-119.96600499998776,37.605078000000105],[-119.96601699998776,37.605018000000101],[-119.96602499998777,37.6049590000001],[-119.96602899998777,37.604917000000093],[-119.96603099998775,37.604875000000099],[-119.96603299998776,37.604833000000113],[-119.96603299998776,37.60479200000011],[-119.96603099998775,37.604751000000107],[-119.96602599998776,37.60469300000009],[-119.96601999998776,37.604658000000107],[-119.96601399998777,37.604633000000106],[-119.96600199998777,37.604591000000092],[-119.96599299998776,37.604566000000091],[-119.96598099998776,37.604535000000098],[-119.96595299998775,37.604475000000093],[-119.96593399998775,37.604439000000092],[-119.96591499998776,37.604404000000109],[-119.96587899998777,37.604346000000092],[-119.96584699998776,37.604301000000106],[-119.96581699998775,37.604265000000098],[-119.96578899998777,37.604233000000107],[-119.96575999998775,37.604203000000098],[-119.96572499998777,37.604171000000093],[-119.96568699998777,37.60414200000011],[-119.96565599998777,37.604121000000099],[-119.96562299998777,37.604104000000106],[-119.96558799998779,37.604089000000094],[-119.96554899998779,37.604077000000103],[-119.96550199998778,37.604065000000091],[-119.96545399998779,37.604055000000109],[-119.96538899998779,37.604045000000092],[-119.96528499998779,37.604032000000089],[-119.9651799999878,37.6040220000001],[-119.96502099998779,37.604008000000093],[-119.96487199998778,37.603997000000092],[-119.9647279999878,37.603986000000098],[-119.9646479999878,37.603982000000087],[-119.96447499998781,37.603974000000093],[-119.96442299998782,37.603970000000096],[-119.9643679999878,37.603966000000106],[-119.96432899998783,37.603961000000091],[-119.96429199998781,37.603956000000096],[-119.9642599999878,37.60395000000009],[-119.96423999998783,37.603946000000093],[-119.96420099998782,37.603935000000106],[-119.9641639999878,37.603921000000085],[-119.96414499998781,37.603913000000091],[-119.96411799998781,37.603900000000095],[-119.9640859999878,37.603883000000103],[-119.96405499998781,37.603865000000098],[-119.96400499998781,37.603831000000092],[-119.96395599998782,37.603794000000107],[-119.96391699998782,37.6037630000001],[-119.96388099998784,37.603730000000091],[-119.96386699998783,37.603716000000098],[-119.96383399998786,37.603681000000094],[-119.96381599998783,37.603659000000093],[-119.96379899998784,37.603637000000099],[-119.96376199998784,37.60358200000011],[-119.96373799998786,37.603542000000097],[-119.96370399998784,37.603483000000089],[-119.96364499998784,37.603370000000105],[-119.96358799998784,37.603254000000099],[-119.96355899998782,37.603187000000098],[-119.96354599998783,37.603153000000106],[-119.96352799998783,37.603102000000099],[-119.96351699998785,37.603059000000101],[-119.96351099998785,37.603033000000103],[-119.96350299998784,37.602989000000093],[-119.96349799998784,37.602954000000103],[-119.96349399998783,37.602910000000101],[-119.96349099998784,37.602858000000097],[-119.96348999998784,37.602777000000088],[-119.96349199998785,37.602576000000099],[-119.96348999998784,37.602515000000096],[-119.96348699998782,37.602471000000101],[-119.96347999998785,37.60240200000009],[-119.96346799998786,37.602319000000101],[-119.96345299998785,37.602235000000086],[-119.96343699998783,37.602162000000099],[-119.96342699998785,37.602125000000093],[-119.96341599998783,37.602090000000096],[-119.96340299998785,37.602056000000097],[-119.96339299998783,37.602032000000101],[-119.96338199998785,37.60200800000009],[-119.96335499998784,37.601960000000091],[-119.96333499998784,37.601928000000086],[-119.96331399998783,37.601897000000093],[-119.96326999998783,37.601835000000094],[-119.96321599998785,37.6017650000001],[-119.96315999998782,37.601696000000082],[-119.96311799998784,37.601647000000092],[-119.96308499998784,37.601611000000098],[-119.96305099998783,37.601577000000091],[-119.96299899998783,37.60152700000009],[-119.96293599998786,37.601471000000096],[-119.96287099998786,37.60141500000011],[-119.96280299998787,37.601361000000097],[-119.96275499998785,37.601325000000102],[-119.96262199998786,37.6012330000001],[-119.96253799998786,37.601172000000091],[-119.96251299998787,37.601155000000091],[-119.96248499998786,37.601139000000103],[-119.96246099998787,37.601126000000093],[-119.96244099998786,37.601117000000094],[-119.96236099998785,37.60108500000009],[-119.96231199998786,37.60106300000011],[-119.96226099998786,37.601037000000098],[-119.96220999998786,37.601010000000102],[-119.96218199998786,37.600995000000104],[-119.96215999998788,37.600981000000097],[-119.96211299998789,37.600949000000099],[-119.96200999998788,37.600872000000095],[-119.96197799998789,37.600847000000101],[-119.96191999998788,37.600796000000095],[-119.96189299998788,37.600774000000108],[-119.9618699999879,37.600757000000101],[-119.96183899998788,37.60073600000009],[-119.96182299998789,37.600726000000101],[-119.96179899998789,37.600713000000106],[-119.96177699998789,37.600703000000109],[-119.96175299998789,37.600692000000102],[-119.96170999998787,37.600675000000102],[-119.96166499998787,37.600659000000086],[-119.96156799998789,37.600624000000096],[-119.96152099998788,37.600606000000091],[-119.96134699998788,37.600535000000086],[-119.96129199998789,37.600511000000097],[-119.96118099998792,37.600458000000096],[-119.96107799998792,37.600411000000079],[-119.96103199998791,37.600389000000099],[-119.96097899998792,37.600360000000101],[-119.9609269999879,37.6003270000001],[-119.96088599998792,37.600299000000092],[-119.96083299998791,37.600260000000098],[-119.96081099998793,37.600242000000108],[-119.96078899998793,37.600222000000102],[-119.96076799998791,37.60020200000011],[-119.96074899998791,37.600181000000084],[-119.96073099998792,37.600160000000102],[-119.96071599998791,37.600138000000094],[-119.96069299998793,37.600102000000092],[-119.96067799998791,37.600071000000106],[-119.96066399998791,37.600040000000106],[-119.96065199998792,37.600009000000092],[-119.96064299998793,37.599982000000097],[-119.9606359999879,37.599955000000094],[-119.96063099998793,37.599932000000081],[-119.96062799998792,37.599909000000096],[-119.96062599998791,37.5998820000001],[-119.96062699998792,37.599857000000114],[-119.9606289999879,37.599843000000092],[-119.96063199998791,37.59983000000009],[-119.9606359999879,37.599817000000101],[-119.96064599998792,37.599797000000095],[-119.96065999998793,37.599779000000098],[-119.96066999998791,37.599768000000097],[-119.9606869999879,37.599753000000099],[-119.96070599998792,37.599738000000094],[-119.9607319999879,37.599720000000104],[-119.96076099998791,37.5997020000001],[-119.9607919999879,37.599686000000091],[-119.96082499998791,37.599670000000096],[-119.96086999998791,37.599652000000091],[-119.9609959999879,37.599608000000096],[-119.96104399998791,37.599590000000099],[-119.96110199998792,37.5995670000001],[-119.96115999998791,37.59954000000009],[-119.9612159999879,37.599514000000106],[-119.9612789999879,37.599482000000101],[-119.96133299998789,37.599451000000101],[-119.96137099998788,37.59942800000011],[-119.9614079999879,37.599403000000109],[-119.96144499998789,37.599378000000094],[-119.96147699998789,37.599354000000091],[-119.96153099998787,37.599312000000083],[-119.9615989999879,37.599255000000099],[-119.96163099998789,37.599226000000094],[-119.96165599998788,37.599203000000102],[-119.96167999998788,37.599178000000101],[-119.96174699998789,37.599105000000108],[-119.96176599998789,37.599086000000099],[-119.96178999998789,37.5990660000001],[-119.96181699998789,37.599046000000094],[-119.96184699998791,37.599026000000116],[-119.96189299998788,37.598999000000099],[-119.96193299998789,37.598978000000102],[-119.96195699998788,37.598966000000082],[-119.9619819999879,37.598955000000089],[-119.96200899998789,37.598945000000093],[-119.96203699998789,37.59893500000009],[-119.96210499998786,37.5989140000001],[-119.96215599998786,37.598901000000097],[-119.96219699998787,37.598891000000094],[-119.96229299998787,37.598870000000097],[-119.96240299998786,37.598848000000082],[-119.96279299998788,37.598774000000098],[-119.96290399998786,37.598753000000102],[-119.96301299998784,37.598730000000103],[-119.96306599998783,37.598717000000093],[-119.96313499998783,37.598699000000096],[-119.96317799998782,37.598685000000103],[-119.96321899998783,37.5986690000001],[-119.96325299998784,37.598654000000103],[-119.96328099998783,37.598638000000108],[-119.96330799998783,37.598619000000099],[-119.96333799998783,37.59859500000011],[-119.96337699998783,37.598559000000101],[-119.96341299998784,37.598522000000102],[-119.96343599998782,37.598498000000092],[-119.96346499998783,37.598464000000092],[-119.96354499998783,37.598362000000101],[-119.96362199998785,37.598268000000097],[-119.96368799998783,37.598192000000104],[-119.96373999998784,37.598129000000107],[-119.96378499998784,37.598071000000083],[-119.96383399998783,37.598004000000103],[-119.96388599998782,37.597927000000091],[-119.96390899998781,37.597890000000106],[-119.96393199998781,37.597852000000096],[-119.96397999998781,37.597764000000097],[-119.96400599998782,37.597718000000107],[-119.96403399998781,37.5976730000001],[-119.9641299999878,37.597525000000097],[-119.96416099998783,37.597474000000091],[-119.9642209999878,37.597365000000096],[-119.96429499998781,37.597222000000095],[-119.9643169999878,37.597177000000102],[-119.96433399998782,37.597136000000098],[-119.96435199998781,37.597086000000097],[-119.96438499998781,37.596986000000108],[-119.96440999998781,37.596920000000097],[-119.96442199998781,37.596892000000089],[-119.9644349999878,37.596866000000098],[-119.96447099998782,37.59679900000009],[-119.9644849999878,37.596772000000094],[-119.96449599998782,37.596747000000093],[-119.96450699998782,37.59672000000009],[-119.96451599998782,37.596691000000114],[-119.96452299998781,37.596660000000099],[-119.96452699998781,37.596630000000097],[-119.96452799998782,37.596594000000103],[-119.96452599998781,37.59642500000011],[-119.9645249999878,37.596395000000101],[-119.96451999998781,37.596347000000101],[-119.96450999998783,37.596293000000095],[-119.96449999998781,37.596254000000101],[-119.96448899998782,37.596216000000098],[-119.96447799998781,37.5961840000001],[-119.96446599998781,37.596152000000082],[-119.96444899998781,37.59611200000009],[-119.96442999998781,37.596074000000094],[-119.96441699998782,37.596051000000095],[-119.96440299998781,37.596030000000084],[-119.96438699998782,37.596009000000102],[-119.96437599998781,37.595995000000094],[-119.9643499999878,37.595968000000099],[-119.96432899998783,37.595949000000097],[-119.96431399998781,37.595936000000094],[-119.96428299998782,37.595914000000107],[-119.96426699998783,37.595903000000106],[-119.96424199998781,37.595888000000095],[-119.96420099998782,37.595867000000098],[-119.96415699998781,37.595848000000096],[-119.96411199998781,37.595831000000103],[-119.96407299998781,37.595820000000096],[-119.96404399998781,37.595813000000099],[-119.96401499998782,37.595807000000093],[-119.96397599998782,37.595802000000091],[-119.96391499998781,37.595796000000092],[-119.9638269999878,37.595791000000098],[-119.96378699998782,37.595789000000103],[-119.96374699998783,37.595789000000117],[-119.96359899998784,37.5957930000001],[-119.96353499998784,37.5957930000001],[-119.96350199998784,37.595792000000102],[-119.96343699998783,37.595788000000105],[-119.96335899998783,37.595780000000104],[-119.96321399998784,37.595759000000086],[-119.96317699998785,37.595752000000097],[-119.96314199998784,37.595744000000103],[-119.96310699998783,37.595734000000114],[-119.96306699998784,37.5957200000001],[-119.96303399998784,37.595705000000109],[-119.96300299998785,37.595687000000105],[-119.96298399998784,37.59567300000009],[-119.96296599998783,37.5956580000001],[-119.96294599998785,37.59564200000009],[-119.96292799998785,37.595624000000093],[-119.96291499998783,37.595612000000102],[-119.96290199998782,37.5955960000001],[-119.96287799998784,37.595564000000095],[-119.96285699998784,37.595528000000094],[-119.96283699998786,37.595491000000095],[-119.96278299998787,37.595374000000092],[-119.96276399998787,37.595335000000098],[-119.96274299998787,37.595297000000102],[-119.96269199998787,37.595211000000091],[-119.96267099998785,37.595173000000109],[-119.96264699998787,37.595127000000097],[-119.96260499998785,37.595040000000097],[-119.96258499998787,37.5950020000001],[-119.96256699998787,37.594971000000101],[-119.96254799998785,37.594939000000096],[-119.96250899998785,37.594880000000103],[-119.96247299998787,37.594830000000101],[-119.96242799998787,37.594770000000096],[-119.96237899998788,37.59470500000009],[-119.96235299998784,37.594673000000093],[-119.96232299998785,37.594637000000091],[-119.96229799998785,37.594610000000102],[-119.96227099998785,37.594582000000102],[-119.96219599998786,37.594506000000081],[-119.96216899998785,37.594478000000102],[-119.96215099998786,37.594457000000098],[-119.96211799998785,37.59441500000009],[-119.96206199998787,37.594336000000091],[-119.96203499998786,37.594301000000094],[-119.96200599998787,37.594266000000104],[-119.96197999998788,37.594239000000094],[-119.96195999998787,37.594219000000102],[-119.96193799998788,37.594200000000093],[-119.96190799998789,37.594175000000099],[-119.9618759999879,37.594152000000101],[-119.9618509999879,37.594136000000091],[-119.9618189999879,37.594118000000087],[-119.96178799998788,37.594102000000099],[-119.96174699998789,37.594084000000102],[-119.96169399998789,37.5940620000001],[-119.96161899998789,37.594032000000091],[-119.96157099998788,37.594014000000101],[-119.96153599998787,37.594002000000103],[-119.96149999998788,37.593991000000102],[-119.9614639999879,37.593981000000092],[-119.9614249999879,37.5939720000001],[-119.96138599998788,37.593966000000101],[-119.96134799998789,37.593962000000104],[-119.96130699998788,37.593961000000107],[-119.96128599998791,37.593962000000104],[-119.96124399998789,37.593964000000106],[-119.96120199998791,37.593968000000089],[-119.96115899998789,37.593973000000091],[-119.96111699998789,37.593980000000087],[-119.96103299998792,37.593995000000099],[-119.96099199998791,37.594004000000105],[-119.96094799998791,37.594014000000101],[-119.9609059999879,37.594025000000087],[-119.96086499998792,37.5940370000001],[-119.96083299998791,37.594048000000107],[-119.96080199998792,37.594061000000096],[-119.96077499998792,37.594075000000089],[-119.96076199998791,37.594084000000095],[-119.96074999998793,37.594093000000093],[-119.96073999998791,37.594102000000099],[-119.96073299998793,37.5941100000001],[-119.96072099998793,37.594127000000086],[-119.9607139999879,37.594144000000092],[-119.96070999998791,37.594157000000102],[-119.96070699998791,37.59418200000011],[-119.96070599998792,37.594209000000085],[-119.96070899998792,37.59423800000009],[-119.9607139999879,37.594267000000102],[-119.9607199999879,37.594297000000097],[-119.96073899998792,37.594367000000091],[-119.96076399998792,37.594446000000097],[-119.96080499998791,37.594566000000093],[-119.96084799998792,37.594686000000095],[-119.96087499998791,37.594754000000101],[-119.96088699998791,37.594782000000102],[-119.9609059999879,37.594824000000102],[-119.9609269999879,37.594864000000086],[-119.96094099998791,37.59488800000009],[-119.96095599998792,37.594910000000091],[-119.96098599998791,37.594951000000101],[-119.96110299998792,37.595088000000111],[-119.96116299998789,37.595155000000091],[-119.96120399998789,37.595196000000094],[-119.96124699998791,37.59523700000009],[-119.9612839999879,37.595270000000099],[-119.96136399998791,37.595337000000093],[-119.96139899998789,37.59536900000009],[-119.9614249999879,37.595395000000096],[-119.96143699998788,37.595409000000089],[-119.96145399998791,37.5954300000001],[-119.96146899998789,37.595451000000089],[-119.96148499998787,37.595478000000114],[-119.96149399998788,37.595499000000089],[-119.9615039999879,37.595527000000097],[-119.9615089999879,37.595556000000094],[-119.9615099999879,37.59558300000009],[-119.9615089999879,37.5955960000001],[-119.96150599998788,37.595609000000103],[-119.96150199998789,37.595620000000096],[-119.96149699998787,37.595629000000095],[-119.96148899998789,37.595642000000083],[-119.96147699998789,37.595656000000105],[-119.96144799998788,37.595681000000091],[-119.96141299998787,37.595705000000102],[-119.96137299998789,37.595730000000096],[-119.9613299999879,37.595754000000099],[-119.96129399998789,37.595772000000089],[-119.96113599998789,37.595846000000101],[-119.96107799998792,37.595873000000104],[-119.96103199998791,37.595896000000096],[-119.96099899998791,37.5959140000001],[-119.96096699998792,37.595933000000095],[-119.96094599998793,37.595947000000095],[-119.96092999998793,37.595959000000107],[-119.96091399998791,37.595972000000089],[-119.96089199998792,37.59599400000009],[-119.96080799998792,37.5960800000001],[-119.9607769999879,37.59611200000009],[-119.96073699998792,37.596148000000092],[-119.96069699998792,37.596181000000101],[-119.96060799998791,37.596243000000094],[-119.9605669999879,37.596275000000091],[-119.96051099998792,37.596323000000091],[-119.9604109999879,37.596409000000101],[-119.96038399998793,37.596434000000094],[-119.96035699998792,37.596461000000104],[-119.9602249999879,37.596601000000092],[-119.96019099998793,37.596635000000099],[-119.96016899998794,37.5966540000001],[-119.96014699998796,37.596673000000088],[-119.96011699998793,37.596698000000103],[-119.96002899998794,37.59676500000009],[-119.95998999998794,37.59679600000009],[-119.95994599998795,37.596834000000101],[-119.95985099998795,37.596919000000106],[-119.95972199998795,37.597028000000094],[-119.95969199998794,37.597054000000092],[-119.95964999998795,37.597094000000098],[-119.95961799998794,37.597128000000104],[-119.95959999998793,37.597150000000106],[-119.95957799998794,37.597180000000101],[-119.95956199998795,37.597203000000093],[-119.95954399998793,37.5972340000001],[-119.95952799998794,37.5972650000001],[-119.95947799998795,37.597379000000089],[-119.95946599998796,37.597403000000099],[-119.95944599998793,37.597439000000101],[-119.95942199998794,37.597473000000107],[-119.95940099998793,37.597499000000084],[-119.95937099998797,37.597530000000091],[-119.95934599998796,37.59755300000009],[-119.95929099998796,37.597599000000095],[-119.95927699998798,37.597612000000098],[-119.95926499998798,37.597626000000091],[-119.95923399998796,37.597666000000096],[-119.95922499998797,37.597675000000095],[-119.95921399998798,37.597682000000084],[-119.95920299998797,37.597685000000091],[-119.95918999998796,37.597687000000093],[-119.95917599998795,37.597685000000091],[-119.95916399998796,37.597682000000091],[-119.95915099998795,37.597678000000101],[-119.95912499998796,37.597665000000099],[-119.95909599998797,37.597649000000096],[-119.95905199998798,37.597619000000087],[-119.95901699998797,37.597593000000103],[-119.95897999998797,37.597565000000088],[-119.95879099998795,37.597416000000102],[-119.95875199998795,37.597386000000093],[-119.95870999998797,37.597357000000102],[-119.95866699998798,37.597329000000094],[-119.95862199998798,37.597303000000103],[-119.95859499998798,37.597289000000089],[-119.95856799998796,37.597277000000098],[-119.95853999998796,37.597266000000097],[-119.95850099998796,37.597254000000099],[-119.95846999998798,37.597246000000098],[-119.95843299998799,37.59723800000009],[-119.95839599998797,37.597231000000093],[-119.958329999988,37.5972200000001],[-119.958277999988,37.597213000000103],[-119.95806699998799,37.59719000000009],[-119.95796199998799,37.597177000000102],[-119.95790999998799,37.597169000000093],[-119.95785799998798,37.597160000000095],[-119.95780499998799,37.597148000000097],[-119.95776299998799,37.597136000000098],[-119.95771199998799,37.597120000000089],[-119.95767099998798,37.597105000000091],[-119.957630999988,37.597088000000106],[-119.95754299998801,37.597049000000098],[-119.95749399998802,37.597026000000092],[-119.95736699998803,37.596964000000099],[-119.95728299998802,37.596920000000097],[-119.95720199998802,37.596876000000101],[-119.95716299998801,37.596853000000095],[-119.95710999998801,37.596820000000115],[-119.957059999988,37.596785000000096],[-119.95701299998802,37.596747000000086],[-119.95695699998801,37.596698000000103],[-119.95692999998801,37.596674000000093],[-119.95687799998802,37.596623000000093],[-119.95682499998803,37.596568000000104],[-119.956774999988,37.596513000000101],[-119.95675199998801,37.596486000000091],[-119.95673099998804,37.596458000000091],[-119.95670399998802,37.596420000000094],[-119.95668599998804,37.596389000000109],[-119.95666599998803,37.596349000000096],[-119.95665199998805,37.596316000000094],[-119.95663899998803,37.596283000000092],[-119.95661599998803,37.596215000000115],[-119.95659599998804,37.596147000000094],[-119.95658599998805,37.596109000000091],[-119.95656899998805,37.596034000000095],[-119.95656199998805,37.596000000000096],[-119.95655699998805,37.595965000000099],[-119.95655099998804,37.595913000000095],[-119.95654999998803,37.595879000000096],[-119.95655099998804,37.595844000000106],[-119.95655399998805,37.595810000000093],[-119.95655799998804,37.595774000000098],[-119.95657199998804,37.595704000000097],[-119.95659099998804,37.595623000000096],[-119.95662399998804,37.595501000000084],[-119.95667999998801,37.595301000000106],[-119.95670299998802,37.595220000000104],[-119.95672599998801,37.595144000000097],[-119.95675199998801,37.59507100000009],[-119.95677299998802,37.595019000000093],[-119.95679699998801,37.594970000000096],[-119.95682499998803,37.594922000000096],[-119.95686299998802,37.594865000000091],[-119.95688299998803,37.5948360000001],[-119.95693499998802,37.59476700000009],[-119.95717099998802,37.594467000000087],[-119.95740799998801,37.594165000000089],[-119.957437999988,37.59412800000009],[-119.95749099998801,37.59406600000009],[-119.95751499998804,37.594041000000082],[-119.957538999988,37.594018000000098],[-119.95756199998799,37.593997000000094],[-119.957585999988,37.593978000000092],[-119.95761099998801,37.593962000000104],[-119.95763399998799,37.593950000000099],[-119.957648999988,37.593943000000102],[-119.95766299998797,37.593938000000094],[-119.95768499998799,37.593933000000092],[-119.95770099998801,37.5939300000001],[-119.95771899998799,37.593928000000098],[-119.957737999988,37.5939270000001],[-119.957777999988,37.593928000000105],[-119.95781799998801,37.593932000000095],[-119.95785999998799,37.593939000000084],[-119.95790199998801,37.593947000000092],[-119.95794499998797,37.593956000000091],[-119.958226999988,37.594025000000094],[-119.958311999988,37.594045000000101],[-119.95839799998795,37.594063000000098],[-119.95856599998795,37.594097000000097],[-119.95880599998797,37.5941410000001],[-119.95895599998798,37.594167000000091],[-119.95900999998796,37.594175000000099],[-119.95909599998797,37.594186000000093],[-119.95914799998798,37.594191000000095],[-119.95924499998794,37.594200000000093],[-119.95931099998793,37.594205000000095],[-119.95935599998793,37.594207000000075],[-119.95943699998794,37.594208000000094],[-119.95951099998796,37.594206000000092],[-119.95955399998795,37.594203000000093],[-119.95958599998795,37.594199000000103],[-119.95960699998795,37.594196000000096],[-119.95964899998795,37.5941890000001],[-119.95969799998794,37.594178000000092],[-119.95974499998795,37.594165000000089],[-119.95978999998793,37.594149000000101],[-119.95981799998795,37.5941380000001],[-119.95983599998794,37.594129000000102],[-119.95985199998793,37.594120000000096],[-119.95987599998793,37.594106000000096],[-119.95990599998794,37.594085000000099],[-119.95992699998793,37.594067000000095],[-119.95994699998795,37.594049000000098],[-119.95997199998793,37.594023000000099],[-119.96000599998796,37.593980000000094],[-119.96009199998794,37.593862000000094],[-119.96013899998795,37.593804000000105],[-119.96019299998791,37.59374300000011],[-119.96022099998791,37.593713000000086],[-119.96027099998791,37.593664000000089],[-119.9603079999879,37.593630000000097],[-119.96033899998793,37.593604000000092],[-119.96037299998792,37.593576000000098],[-119.96054199998791,37.593442000000103],[-119.96056999998792,37.593418000000099],[-119.9606119999879,37.593381000000093],[-119.96064699998792,37.593347000000094],[-119.9606739999879,37.593320000000091],[-119.96078099998792,37.593199000000091],[-119.96080799998792,37.593171000000098],[-119.96084099998792,37.593140000000098],[-119.96088699998791,37.593104000000103],[-119.96100599998789,37.593013000000099],[-119.96118699998789,37.5928690000001],[-119.96134799998789,37.59274400000011],[-119.96142299998789,37.592684000000098],[-119.96147599998788,37.592638000000107],[-119.96150499998791,37.592612000000088],[-119.96155899998789,37.592560000000105],[-119.96170199998789,37.592419000000106],[-119.96187899998787,37.592249000000095],[-119.9619099999879,37.592218000000095],[-119.96194699998787,37.592178000000096],[-119.96196899998786,37.592151000000101],[-119.96197899998786,37.592139000000117],[-119.96199799998787,37.592108000000103],[-119.96200399998787,37.592096000000105],[-119.96200899998786,37.592078000000093],[-119.96201099998787,37.592062000000098],[-119.96200899998786,37.592047000000093],[-119.96200399998787,37.592033000000093],[-119.96199899998787,37.592026000000097],[-119.96199399998788,37.592019000000107],[-119.96198299998785,37.592008000000106],[-119.96197799998787,37.5920050000001],[-119.96195799998786,37.591993000000087],[-119.96193999998786,37.591986000000091],[-119.96192199998787,37.591980000000099],[-119.96189099998787,37.591972000000098],[-119.96180899998788,37.591956000000103],[-119.96178199998788,37.591950000000097],[-119.96175399998789,37.591943000000093],[-119.96172499998788,37.591934000000101],[-119.96170599998788,37.591927000000112],[-119.96166799998788,37.591912000000093],[-119.9616399999879,37.59189900000009],[-119.96162299998788,37.591890000000106],[-119.96159799998789,37.591876000000092],[-119.96156799998789,37.59185400000009],[-119.96153899998788,37.591830000000094],[-119.96151899998789,37.591811000000092],[-119.96150099998789,37.591791000000093],[-119.96147899998788,37.5917630000001],[-119.96146099998788,37.591734000000095],[-119.96144599998787,37.59170500000009],[-119.96143899998789,37.59168300000011],[-119.96143499998787,37.591668000000098],[-119.96143299998789,37.591648000000085],[-119.96143299998789,37.591627000000102],[-119.96143499998787,37.591612000000097],[-119.96143999998787,37.591588000000101],[-119.96144899998788,37.591562000000096],[-119.96146099998788,37.591536000000112],[-119.96147599998788,37.591511000000096],[-119.96149599998789,37.591481000000108],[-119.9615159999879,37.5914560000001],[-119.96153899998788,37.591432000000076],[-119.96155899998789,37.591412000000105],[-119.96157399998789,37.591400000000093],[-119.96159599998788,37.59138400000009],[-119.96161999998787,37.5913690000001],[-119.96163699998789,37.591359000000089],[-119.96167399998788,37.59134200000009],[-119.96171299998788,37.591326000000109],[-119.96175299998789,37.591312000000094],[-119.96180299998788,37.59129700000009],[-119.9618449999879,37.591287000000108],[-119.96188599998789,37.591278000000102],[-119.96193699998788,37.591271000000091],[-119.96198699998784,37.591267000000094],[-119.96200699998785,37.591267000000087],[-119.96202599998784,37.591268000000092],[-119.96204399998787,37.591269000000096],[-119.96206099998786,37.591272000000096],[-119.96208399998788,37.591278000000109],[-119.96210599998786,37.591285000000099],[-119.96212599998786,37.591294000000097],[-119.96214599998787,37.591306000000095],[-119.96216599998787,37.5913210000001],[-119.96217799998787,37.591332000000101],[-119.96219699998787,37.591349000000093],[-119.96225599998787,37.591413000000102],[-119.96228099998787,37.591439000000101],[-119.96230599998786,37.591462000000099],[-119.96231899998786,37.591472000000103],[-119.96233899998786,37.59148600000011],[-119.96236099998785,37.591500000000103],[-119.96240299998786,37.59152200000009],[-119.96253699998786,37.591586000000106],[-119.96258099998785,37.591609000000091],[-119.96260599998786,37.591623000000098],[-119.96262999998787,37.591637000000098],[-119.96265799998785,37.591656000000086],[-119.96272099998788,37.591704000000085],[-119.96274999998786,37.591724000000092],[-119.96277799998785,37.591742000000096],[-119.96279899998785,37.591752000000106],[-119.96282599998783,37.591761000000098],[-119.96284099998785,37.591765000000095],[-119.96285899998783,37.591769000000092],[-119.96288699998784,37.591772000000098],[-119.96293199998784,37.591775000000091],[-119.96297799998784,37.5917740000001],[-119.96303099998782,37.591770000000089],[-119.96308499998784,37.591765000000102],[-119.96313199998785,37.591759000000089],[-119.96340399998783,37.591722000000097],[-119.96356499998782,37.591701000000086],[-119.96414399998783,37.591632000000097],[-119.96424699998781,37.591618000000089],[-119.96433199998781,37.591607000000081],[-119.96444199998781,37.591589000000099],[-119.96454599998779,37.591570000000083],[-119.96459799998779,37.591560000000086],[-119.96469699998778,37.591539000000097],[-119.96474299998778,37.591528000000089],[-119.96478899998779,37.591516000000091],[-119.96484199998778,37.591500000000103],[-119.96489199998778,37.591483000000096],[-119.96495199998779,37.5914590000001],[-119.96499099998779,37.5914420000001],[-119.96502899998779,37.591424000000103],[-119.9651009999878,37.591387000000097],[-119.96516599998778,37.591350000000091],[-119.96521699998777,37.591317000000096],[-119.9652479999878,37.591294000000104],[-119.96527699998778,37.591270000000094],[-119.96530299998778,37.5912450000001],[-119.96532399998779,37.591220000000092],[-119.96533999998778,37.591194000000108],[-119.9653539999878,37.591164000000092],[-119.9653589999878,37.591148000000096],[-119.96536899998779,37.591111000000105],[-119.96537599998778,37.591073000000094],[-119.96537999998776,37.5910340000001],[-119.9653829999878,37.590995000000092],[-119.96538399998779,37.590956000000098],[-119.96538499998775,37.590876000000087],[-119.96538399998776,37.59079600000009],[-119.96538199998778,37.59075700000011],[-119.96537599998776,37.590674000000099],[-119.9653709999878,37.590634000000101],[-119.9653659999878,37.590608000000103],[-119.96536099998775,37.590582000000097],[-119.96535499998778,37.590557000000096],[-119.96534099998777,37.590514000000098],[-119.9653199999878,37.590461000000104],[-119.96530299998778,37.590425000000096],[-119.96526499998778,37.5903500000001],[-119.96522099998779,37.590272000000098],[-119.96517499998778,37.590193000000092],[-119.9651409999878,37.590136000000086],[-119.96499999998778,37.589909000000091],[-119.96495299998777,37.589834000000096],[-119.9649089999878,37.589757000000105],[-119.96488299998779,37.589708000000101],[-119.96485899998778,37.589659000000097],[-119.96484099998779,37.589619000000084],[-119.96482399998777,37.589578000000095],[-119.96480999998779,37.589536000000095],[-119.96480299998778,37.589511000000101],[-119.96479299998779,37.589470000000098],[-119.96478799998778,37.589435000000101],[-119.96478399998779,37.589383000000097],[-119.96478399998779,37.589357000000085],[-119.9647859999878,37.589314000000087],[-119.9647919999878,37.589261000000093],[-119.96479699998778,37.589226000000096],[-119.96481099998779,37.589155000000098],[-119.96482899998779,37.589079000000098],[-119.96483999998779,37.589037000000097],[-119.96486299998777,37.588954000000093],[-119.96487699998779,37.588910000000105],[-119.96490099998779,37.588841000000095],[-119.96498899998778,37.588607000000088],[-119.96500199998779,37.588568000000102],[-119.96501599998778,37.588517000000103],[-119.9650229999878,37.588488000000083],[-119.96502799998778,37.588458000000109],[-119.96503099998777,37.5884250000001],[-119.96503199998777,37.588408000000094],[-119.96502999998779,37.588385000000102],[-119.96502599998777,37.588361000000091],[-119.9650229999878,37.588345000000103],[-119.96501299998778,37.588312000000094],[-119.96499699998779,37.588276000000107],[-119.96497999998778,37.588239000000108],[-119.9649479999878,37.588183000000093],[-119.96492499998779,37.588145000000097],[-119.9648749999878,37.588068000000106],[-119.96482299998779,37.587992000000099],[-119.9647739999878,37.587923000000096],[-119.96472799998777,37.587861000000089],[-119.96469199998778,37.587815000000106],[-119.96466799998778,37.587785000000096],[-119.96463599998779,37.587749000000095],[-119.96451099998778,37.587612000000092],[-119.9644879999878,37.587585000000097],[-119.96446699998778,37.587559000000098],[-119.96444599998777,37.587531000000091],[-119.96443199998782,37.587508000000099],[-119.96442299998782,37.587493000000102],[-119.96440799998783,37.587463000000099],[-119.96439699998781,37.587431000000102],[-119.96438799998781,37.5873980000001],[-119.96438199998781,37.587364000000093],[-119.96437799998779,37.587330000000108],[-119.96437499998783,37.587286000000084],[-119.96437499998783,37.587251000000101],[-119.96437599998781,37.587216000000097],[-119.96437899998782,37.587181000000101],[-119.96438299998781,37.587146000000089],[-119.9643899999878,37.587103000000091],[-119.9644009999878,37.587060000000086],[-119.96441699998779,37.587009000000101],[-119.9644469999878,37.586934000000085],[-119.96449899998778,37.586808000000097],[-119.9645219999878,37.586746000000097],[-119.96453199998778,37.58671500000009],[-119.96454199998777,37.58667300000009],[-119.96454799998777,37.586639000000098],[-119.96454999998778,37.58661400000009],[-119.96455099998778,37.586588000000098],[-119.96454999998778,37.586553000000109],[-119.96454799998777,37.586518000000098],[-119.9645429999878,37.586484000000098],[-119.9645369999878,37.586445000000083],[-119.96452899998778,37.586406000000089],[-119.96451999998779,37.586367000000095],[-119.9645089999878,37.586329000000092],[-119.96449499998779,37.586288000000096],[-119.9644769999878,37.586248000000111],[-119.96446799998779,37.586233000000099],[-119.96445499998778,37.586210000000101],[-119.96443399998778,37.586184000000095],[-119.96441699998779,37.586164000000089],[-119.96439599998779,37.58614400000009],[-119.96438199998778,37.586132000000099],[-119.9643509999878,37.586107000000105],[-119.96431799998783,37.586084000000099],[-119.96425799998782,37.586045000000098],[-119.96421299998782,37.586017000000083],[-119.96412199998781,37.585964000000097],[-119.96384999998781,37.585811000000099],[-119.96373399998781,37.585746000000093],[-119.9636299999878,37.585691000000097],[-119.96359199998781,37.585672000000095],[-119.96355299998781,37.585654000000098],[-119.96352399998781,37.585642000000092],[-119.9634949999878,37.585630000000101],[-119.96346499998783,37.585619000000086],[-119.96343499998785,37.585610000000102],[-119.96340299998785,37.585600000000099],[-119.96337099998783,37.585592000000084],[-119.96332099998783,37.58558100000009],[-119.96326999998783,37.585571000000094],[-119.96321799998783,37.585561000000098],[-119.96311899998784,37.585547000000091],[-119.96303599998785,37.585536000000097],[-119.96273899998785,37.585503000000102],[-119.96264999998782,37.585492000000094],[-119.96260599998783,37.585486000000095],[-119.96255599998786,37.585478000000109],[-119.96250699998787,37.58546900000011],[-119.96245899998786,37.585458000000095],[-119.96241999998786,37.58544600000009],[-119.96238299998787,37.585432000000104],[-119.96235099998786,37.585416000000095],[-119.96232099998787,37.585399000000102],[-119.96228699998787,37.585375000000091],[-119.96225499998786,37.585349000000086],[-119.96222799998786,37.585325000000097],[-119.96218099998785,37.585279000000106],[-119.96214799998788,37.585244000000102],[-119.96210099998787,37.585188000000102],[-119.96207499998786,37.585154000000102],[-119.96202299998787,37.585085000000106],[-119.96197699998785,37.585019000000088],[-119.96193399998786,37.584952000000108],[-119.96191299998786,37.584918000000108],[-119.96188599998789,37.584869000000104],[-119.96187399998786,37.584845000000101],[-119.96185499998786,37.584804000000091],[-119.96183999998786,37.584769000000094],[-119.96181399998788,37.584698000000103],[-119.96180299998785,37.584662000000094],[-119.96178999998786,37.584620000000101],[-119.96176799998787,37.584529000000096],[-119.96175499998785,37.584480000000099],[-119.96174199998788,37.5844400000001],[-119.96172499998785,37.584399000000097],[-119.96169499998787,37.584338000000095],[-119.96161199998789,37.58418800000009],[-119.96158299998791,37.584131000000099],[-119.96155599998789,37.584073000000096],[-119.96148799998788,37.583914000000107],[-119.96146899998789,37.583873000000096],[-119.9614529999879,37.583840000000102],[-119.9614189999879,37.583777000000083],[-119.96139699998788,37.583739000000101],[-119.9613739999879,37.583702000000102],[-119.96133099998791,37.583633000000091],[-119.96129699998789,37.583583000000104],[-119.96126899998788,37.5835450000001],[-119.96124199998788,37.583508000000108],[-119.96120199998791,37.583458000000086],[-119.9610989999879,37.583332000000091],[-119.96103599998789,37.583258000000107],[-119.96100199998787,37.583222000000099],[-119.96096099998789,37.583181000000103],[-119.9609179999879,37.583141000000104],[-119.96088899998789,37.583116000000075],[-119.96078699998792,37.583030000000093],[-119.96072499998792,37.58297500000009],[-119.96068399998791,37.582935000000091],[-119.96065099998791,37.582900000000095],[-119.96060799998791,37.582848000000091],[-119.9605789999879,37.582810000000102],[-119.96054999998792,37.582771000000086],[-119.96049699998791,37.582693000000091],[-119.96044699998792,37.582613000000102],[-119.96039199998791,37.582515000000086],[-119.96035699998792,37.582449000000096],[-119.96032499998792,37.582382000000102],[-119.96030399998791,37.582332000000093],[-119.9602909999879,37.582298000000094],[-119.96027699998791,37.582255000000103],[-119.9602629999879,37.582203000000099],[-119.96024699998792,37.582133000000098],[-119.9602179999879,37.582000000000107],[-119.96019999998791,37.581924000000093],[-119.9601909999879,37.581893000000093],[-119.96018099998791,37.581861000000096],[-119.96016399998791,37.581819000000095],[-119.96015299998793,37.581795000000099],[-119.9601409999879,37.5817720000001],[-119.9601219999879,37.581743000000117],[-119.9601069999879,37.581721000000101],[-119.96007299998791,37.581678000000089],[-119.96004799998792,37.581650000000096],[-119.96002099998792,37.581621000000091],[-119.95996299998791,37.581566000000102],[-119.9599039999879,37.581515000000103],[-119.95984599998793,37.581469000000091],[-119.95979699998794,37.581433000000089],[-119.95976699998795,37.581413000000104],[-119.95973699998794,37.5813950000001],[-119.95970099998794,37.581377000000103],[-119.95966499998794,37.581362000000091],[-119.95963799998795,37.581353000000099],[-119.95961899998795,37.581348000000091],[-119.95959899998795,37.581343000000089],[-119.95956899998794,37.581338000000095],[-119.95953099998793,37.581334000000098],[-119.95949299998793,37.581332000000089],[-119.95945499998794,37.581332000000096],[-119.95943399998794,37.581333000000093],[-119.95939399998795,37.581338000000102],[-119.95935599998793,37.581345000000084],[-119.95933799998794,37.581349000000124],[-119.95931099998793,37.581357000000104],[-119.95929399998793,37.581363000000096],[-119.95925799998795,37.581379000000091],[-119.95923999998793,37.581388000000096],[-119.95920199998795,37.581410000000098],[-119.95916499998793,37.581434000000094],[-119.95912899998795,37.581460000000092],[-119.95908799998794,37.581491000000092],[-119.95889499998796,37.58164400000009],[-119.95872799998797,37.581771000000103],[-119.95869899998794,37.581795000000092],[-119.95867099998797,37.581821000000097],[-119.95865099998797,37.581840000000099],[-119.95863399998798,37.581860000000098],[-119.95861399998797,37.581885000000092],[-119.95859699998796,37.581912000000095],[-119.95858199998797,37.581942000000083],[-119.95856399998796,37.581980000000094],[-119.95848799998795,37.582159000000082],[-119.95841499998798,37.582325000000097],[-119.95839599998794,37.58237400000008],[-119.95835799998798,37.58248300000011],[-119.95834599998798,37.582514000000096],[-119.95833499998797,37.582539000000097],[-119.95830799998795,37.582592000000098],[-119.95827199998797,37.582652000000095],[-119.95825199998797,37.582684000000093],[-119.95822799998797,37.58271900000009],[-119.95820299998795,37.582753000000089],[-119.95817899998795,37.582783000000099],[-119.95815399998796,37.582812000000089],[-119.95812799998798,37.582839000000099],[-119.958104999988,37.582862000000084],[-119.95805199998799,37.582911000000095],[-119.95802299998797,37.582936000000089],[-119.95797199998798,37.582978000000089],[-119.95794199998798,37.583002000000107],[-119.95790399998799,37.583030000000093],[-119.95785499998797,37.583063000000095],[-119.95781599998797,37.583086000000108],[-119.957732999988,37.583130000000089],[-119.95770199998798,37.583149000000091],[-119.957681999988,37.583163000000106],[-119.95766999998798,37.583173000000095],[-119.957647999988,37.583194000000084],[-119.95763399998799,37.583211000000091],[-119.95762199998799,37.583229000000095],[-119.95761399998798,37.583243000000095],[-119.95760199998799,37.5832720000001],[-119.957591999988,37.583302000000103],[-119.95758399998799,37.583334000000093],[-119.95756699998798,37.583422000000098],[-119.957558999988,37.5834550000001],[-119.95754999998799,37.583487000000098],[-119.95754399998799,37.5835030000001],[-119.95753099998799,37.5835310000001],[-119.95751999998799,37.583551000000099],[-119.95750599998799,37.583570000000108],[-119.957489999988,37.5835900000001],[-119.95747099998798,37.583609000000102],[-119.957456999988,37.583621000000093],[-119.95743599998799,37.5836380000001],[-119.95738799998799,37.583672000000085],[-119.95728599998799,37.583737000000099],[-119.95724399998802,37.583766000000089],[-119.957218999988,37.583783000000103],[-119.95719599998802,37.583801000000086],[-119.957173999988,37.583819000000098],[-119.95713899998802,37.583850000000091],[-119.95712599998802,37.583863000000093],[-119.95710699998801,37.583883000000107],[-119.95708899998802,37.583903000000092],[-119.95705499998802,37.583947000000094],[-119.95703499998801,37.58397700000009],[-119.95702199998802,37.583999000000091],[-119.95697499998801,37.584081000000083],[-119.95696399998802,37.584100000000099],[-119.95695199998802,37.584116000000087],[-119.95693799998801,37.584130000000094],[-119.95692899998802,37.584137000000098],[-119.95692099998801,37.58414300000009],[-119.95691099998803,37.584148000000084],[-119.956896999988,37.584153000000086],[-119.95688499998801,37.584155000000095],[-119.956846999988,37.584158000000087],[-119.95682999998802,37.58415800000008],[-119.95679499998801,37.584156000000092],[-119.956756999988,37.584152000000103],[-119.956581999988,37.584130000000094],[-119.95652799998801,37.584124000000095],[-119.95648999998802,37.58412100000011],[-119.956452999988,37.584119000000094],[-119.95640999998801,37.584118000000089],[-119.95638899998805,37.584119000000086],[-119.95634999998805,37.584121000000103],[-119.95630899998804,37.584126000000104],[-119.95627799998805,37.584131000000099],[-119.95615699998805,37.584153000000093],[-119.95611799998805,37.584158000000087],[-119.95608999998804,37.584160000000082],[-119.95607199998805,37.584160000000097],[-119.95604799998803,37.584158000000095],[-119.95602699998805,37.584155000000095],[-119.95600299998803,37.584149000000089],[-119.95597699998805,37.584140000000097],[-119.95593699998805,37.584123000000105],[-119.95581699998803,37.584061000000084],[-119.95578199998805,37.584046000000086],[-119.95575499998805,37.584036000000097],[-119.95572999998804,37.584028000000096],[-119.95570199998804,37.58402200000009],[-119.95567299998805,37.584017000000102],[-119.95565199998804,37.584014000000089],[-119.95561499998804,37.584011000000096],[-119.95557799998805,37.584010000000099],[-119.95552899998803,37.584009000000101],[-119.95547899998807,37.584011000000089],[-119.95541299998806,37.584014000000089],[-119.95521099998808,37.584030000000091],[-119.95515599998807,37.58403300000009],[-119.95511299998807,37.584035000000092],[-119.95507099998805,37.584035000000085],[-119.95502899998807,37.584034000000095],[-119.95498999998807,37.5840290000001],[-119.95497099998808,37.584026000000094],[-119.95495299998808,37.584022000000083],[-119.95493599998807,37.584017000000109],[-119.95491499998808,37.584009000000094],[-119.95488899998806,37.583996000000091],[-119.95487599998808,37.5839870000001],[-119.95486199998807,37.58397700000009],[-119.95483599998808,37.583954000000098],[-119.95481199998808,37.583930000000088],[-119.95478799998806,37.583903000000099],[-119.95462299998808,37.583712000000091],[-119.95452399998811,37.583594000000083],[-119.95449099998811,37.583558000000089],[-119.95447099998808,37.58353800000009],[-119.95443599998809,37.583506000000092],[-119.95439799998809,37.583476000000097],[-119.95436299998808,37.583452000000094],[-119.9543269999881,37.583429000000102],[-119.95428899998809,37.583407000000093],[-119.9542509999881,37.58338600000009],[-119.95417899998809,37.583347000000103],[-119.95412299998807,37.583319000000095],[-119.95407599998809,37.583298000000106],[-119.95402899998808,37.583278000000092],[-119.9539809999881,37.583260000000102],[-119.95394299998807,37.58324800000009],[-119.95391399998809,37.5832410000001],[-119.95388599998807,37.583236000000092],[-119.9538579999881,37.583233000000092],[-119.95382899998809,37.583231000000097],[-119.95379799998808,37.5832300000001],[-119.95377699998808,37.5832300000001],[-119.95372799998809,37.583233000000092],[-119.95358199998813,37.583246000000088],[-119.95353899998814,37.583248000000083],[-119.95350699998811,37.583249000000094],[-119.95347599998811,37.583248000000097],[-119.95344499998812,37.583246000000095],[-119.95341399998813,37.583243000000103],[-119.95339199998811,37.583240000000103],[-119.95334399998812,37.583231000000097],[-119.95329599998811,37.583221000000101],[-119.95324399998812,37.583207000000087],[-119.95319199998811,37.583193000000094],[-119.95313999998814,37.583177000000099],[-119.9530809999881,37.583157000000085],[-119.95303199998811,37.583139000000102],[-119.95299499998812,37.583122000000103],[-119.95295899998813,37.583104000000091],[-119.95293199998812,37.583089000000101],[-119.9529069999881,37.583073000000098],[-119.95286699998812,37.5830440000001],[-119.95283799998811,37.583019000000093],[-119.95282399998813,37.583006000000083],[-119.9528109999881,37.582993000000101],[-119.95279399998812,37.582973000000102],[-119.95278299998814,37.582959000000102],[-119.95276299998812,37.58293000000009],[-119.95273999998815,37.582892000000108],[-119.95271999998815,37.582853000000107],[-119.95270899998813,37.582829000000089],[-119.95267099998814,37.582742000000088],[-119.95265699998816,37.582710000000098],[-119.95264499998814,37.58268800000009],[-119.95263199998813,37.5826670000001],[-119.95261799998815,37.582649000000096],[-119.95260199998815,37.582631000000084],[-119.95258899998814,37.582619000000101],[-119.95257599998814,37.582607000000102],[-119.95254299998814,37.58258100000009],[-119.95250599998815,37.582558000000091],[-119.95247199998813,37.582539000000097],[-119.95243599998815,37.582521000000106],[-119.95239799998815,37.58250500000009],[-119.95234999998814,37.582487000000107],[-119.95229999998814,37.582472000000088],[-119.95225899998813,37.582461000000094],[-119.95217399998813,37.582441000000109],[-119.95207799998813,37.582422000000086],[-119.95201199998816,37.582410000000095],[-119.95176699998818,37.582370000000097],[-119.95167899998816,37.582353000000083],[-119.95157999998817,37.582333000000091],[-119.95140599998817,37.58229400000009],[-119.95128499998818,37.582270000000108],[-119.95112699998816,37.582241000000096],[-119.95066399998819,37.582163000000094],[-119.95053299998818,37.582138000000107],[-119.95039299998818,37.58210800000009],[-119.9502859999882,37.58208300000009],[-119.95014899998819,37.582049000000097],[-119.94994299998821,37.581995000000092],[-119.94990399998821,37.581986000000093],[-119.94983399998821,37.581970000000098],[-119.94978099998821,37.581960000000095],[-119.94973899998823,37.581953000000091],[-119.94967399998822,37.581943000000095],[-119.94955699998822,37.58192800000009],[-119.94951399998823,37.581922000000098],[-119.94948299998823,37.58191700000009],[-119.94944299998822,37.581909000000095],[-119.94941399998824,37.581902000000092],[-119.94937999998822,37.581892000000096],[-119.94928099998822,37.581857000000092],[-119.94923599998822,37.581843000000092],[-119.94920699998823,37.581835000000098],[-119.94917699998821,37.581828000000094],[-119.94913199998824,37.581818000000091],[-119.94908599998824,37.58181000000009],[-119.94898699998825,37.581796000000089],[-119.94871999998824,37.581763000000095],[-119.94863099998824,37.581751000000096],[-119.94854699998824,37.581738000000094],[-119.94839499998825,37.5817130000001],[-119.94825299998826,37.581687000000088],[-119.94814199998827,37.581665000000108],[-119.94806999998826,37.581648000000094],[-119.94802999998828,37.581638000000098],[-119.94800299998828,37.581629000000099],[-119.94796799998826,37.581616000000082],[-119.94794199998827,37.581604000000084],[-119.94789199998827,37.581578000000093],[-119.94786099998828,37.581560000000103],[-119.94774499998827,37.581490000000102],[-119.94771299998825,37.581471000000086],[-119.94767999998827,37.581453000000096],[-119.94764699998827,37.581436000000089],[-119.94762799998827,37.581428000000102],[-119.94759999998827,37.581417000000101],[-119.94757199998826,37.581407000000091],[-119.94754699998828,37.581400000000102],[-119.94752799998828,37.581396000000098],[-119.94750899998826,37.581392000000086],[-119.94747799998827,37.581387000000078],[-119.94742499998826,37.581381000000086],[-119.94729599998826,37.581370000000092],[-119.94724199998829,37.581365000000098],[-119.9471649999883,37.581355000000094],[-119.94712199998828,37.581347000000093],[-119.94707899998829,37.581339000000092],[-119.9470309999883,37.581327000000094],[-119.9469849999883,37.581314000000091],[-119.94695499998831,37.581304000000095],[-119.94693599998828,37.581296000000087],[-119.94690899998831,37.581284000000096],[-119.94688399998829,37.581272000000091],[-119.94685899998831,37.581257000000086],[-119.94682799998829,37.581236000000096],[-119.94680599998829,37.581219000000083],[-119.94677599998829,37.581195000000093],[-119.94668999998831,37.581117000000098],[-119.9466609999883,37.581092000000091],[-119.94663899998831,37.581075000000091],[-119.94661699998829,37.581059000000103],[-119.9465859999883,37.581039000000082],[-119.94654399998829,37.581016000000091],[-119.94650099998829,37.580996000000091],[-119.94648299998831,37.580989000000088],[-119.9464569999883,37.580981000000094],[-119.94642099998831,37.580973000000107],[-119.94639199998829,37.580969000000096],[-119.94636199998828,37.580967000000093],[-119.94633199998832,37.580966000000096],[-119.94630099998832,37.580967000000101],[-119.94624899998831,37.580970000000086],[-119.94619699998832,37.580975000000088],[-119.94604899998831,37.58099200000008],[-119.94597599998833,37.580998000000086],[-119.94593599998832,37.581001000000086],[-119.94578699998831,37.581007000000092],[-119.94567699998832,37.581013000000091],[-119.94555599998833,37.581021000000085],[-119.94542099998834,37.581034000000081],[-119.94537299998834,37.581037000000094],[-119.94532299998835,37.581039000000082],[-119.94520499998836,37.581039000000082],[-119.94517399998834,37.581040000000087],[-119.94514399998835,37.581042000000089],[-119.94508199998836,37.581049000000093],[-119.94504299998836,37.581055000000092],[-119.94490199998833,37.581079000000095],[-119.94484899998835,37.581087000000082],[-119.94470899998836,37.581105000000093],[-119.94466699998834,37.58111200000009],[-119.94463599998835,37.581117000000098],[-119.94460599998833,37.581123000000098],[-119.94455599998837,37.581136000000086],[-119.94452599998834,37.581146000000089],[-119.94449699998836,37.58115700000009],[-119.94444799998837,37.581176000000092],[-119.94439999998838,37.581197000000103],[-119.94435899998837,37.58121600000009],[-119.94417099998837,37.58130600000009],[-119.94412199998835,37.581327000000094],[-119.94404399998838,37.581361000000101],[-119.94400399998837,37.581377000000089],[-119.94392699998838,37.581406000000086],[-119.94388899998837,37.581420000000094],[-119.94383099998838,37.581439000000103],[-119.94377899998837,37.5814540000001],[-119.94372699998837,37.581467000000089],[-119.94366799998836,37.581480000000091],[-119.94348899998839,37.581516000000093],[-119.94335799998841,37.581545000000098],[-119.94310499998841,37.581603000000086],[-119.9428979999884,37.581652000000084],[-119.9428029999884,37.581677000000091],[-119.94271799998843,37.581701000000102],[-119.94264499998842,37.581724000000087],[-119.94259499998842,37.581743000000102],[-119.94255699998843,37.581760000000095],[-119.94251899998842,37.581778000000085],[-119.94247199998841,37.581802000000103],[-119.94242599998842,37.581828000000094],[-119.94233699998841,37.581881000000095],[-119.94212099998843,37.582016000000095],[-119.94203399998841,37.582070000000101],[-119.94194399998842,37.582123000000088],[-119.94185999998841,37.582169000000079],[-119.94167199998843,37.582269000000096],[-119.94133999998844,37.5824420000001],[-119.94114999998844,37.582540000000094],[-119.94102999998844,37.582600000000099],[-119.94098899998846,37.582620000000105],[-119.94091899998845,37.582652000000095],[-119.9408689999885,37.58267400000009],[-119.94080899998849,37.582698000000107],[-119.94075999998847,37.58271600000009],[-119.94066099998848,37.582752000000085],[-119.94041199998847,37.582836000000093],[-119.94031399998849,37.582871000000097],[-119.94024299998846,37.582898000000085],[-119.94020899998849,37.582913000000083],[-119.94017499998847,37.582928000000095],[-119.94014699998846,37.582941000000091],[-119.94010299998847,37.582966000000091],[-119.94006099998848,37.582993000000087],[-119.94002099998848,37.58302300000009],[-119.93999399998849,37.583045000000098],[-119.9399679999885,37.58306800000009],[-119.93992499998851,37.583109000000086],[-119.93988999998851,37.583143000000099],[-119.93971699998849,37.583320000000093],[-119.93965099998849,37.583385000000092],[-119.9396169999885,37.583417000000082],[-119.93958599998851,37.583443000000102],[-119.93953999998851,37.583482000000089],[-119.93947399998849,37.583530000000088],[-119.93943999998849,37.583554000000092],[-119.9393709999885,37.583600000000082],[-119.9392389999885,37.58368400000009],[-119.93892699998852,37.583879000000096],[-119.93884499998853,37.583931000000085],[-119.93877099998852,37.583979000000085],[-119.93869999998851,37.584028000000096],[-119.93865999998852,37.584058000000084],[-119.93861299998854,37.584096000000095],[-119.93857999998852,37.584123000000091],[-119.93854899998853,37.584152000000088],[-119.93851899998852,37.584181000000093],[-119.93849299998851,37.584208000000089],[-119.93846799998852,37.584236000000089],[-119.93844599998853,37.584265000000087],[-119.93842599998852,37.584294000000085],[-119.93841099998852,37.584323000000097],[-119.93839899998852,37.584353000000092],[-119.93838999998852,37.584385000000097],[-119.93838499998851,37.584418000000085],[-119.93838199998854,37.584452000000091],[-119.93838099998852,37.584490000000095],[-119.93838399998852,37.584528000000091],[-119.93838899998853,37.584561000000107],[-119.93839699998851,37.584602000000089],[-119.93843099998853,37.584712000000096],[-119.93844299998854,37.584762000000076],[-119.93845299998853,37.584813000000075],[-119.93847299998853,37.584932000000087],[-119.93848099998851,37.584970000000091],[-119.93849199998851,37.585006000000092],[-119.93849699998853,37.585022000000102],[-119.93850799998852,37.585045000000108],[-119.93851499998853,37.585059000000093],[-119.93852799998852,37.585078000000095],[-119.93853699998853,37.585091000000098],[-119.93856099998852,37.585117000000089],[-119.93857399998852,37.585130000000099],[-119.93859899998853,37.585151000000089],[-119.93862499998852,37.5851720000001],[-119.93867399998854,37.585206000000085],[-119.93871499998852,37.585232000000083],[-119.93875599998853,37.585258000000096],[-119.93888399998853,37.585335000000086],[-119.93896499998853,37.585385000000109],[-119.93900499998853,37.585411000000093],[-119.93903799998853,37.585434000000085],[-119.93906899998852,37.585458000000095],[-119.93909299998852,37.58547700000009],[-119.93911599998853,37.585496000000084],[-119.93916899998854,37.585542000000089],[-119.9392409999885,37.585610000000102],[-119.93928299998851,37.585651000000091],[-119.93932299998851,37.585693000000099],[-119.93937799998849,37.58575400000008],[-119.93940499998851,37.585785000000101],[-119.9394299999885,37.585817000000098],[-119.93945199998851,37.585847000000093],[-119.9394729999885,37.585878000000086],[-119.9394879999885,37.585901000000092],[-119.9395059999885,37.585933000000075],[-119.9395239999885,37.585969000000091],[-119.93954099998851,37.586005000000092],[-119.9395569999885,37.586042000000099],[-119.93958699998851,37.586115000000078],[-119.9396159999885,37.586195000000082],[-119.93962999998851,37.586238000000094],[-119.93964799998849,37.586301000000098],[-119.93965499998851,37.586333000000096],[-119.9396619999885,37.586376000000101],[-119.93966499998852,37.586419000000092],[-119.93966499998852,37.586462000000076],[-119.9396619999885,37.586500000000093],[-119.93965799998848,37.586538000000083],[-119.93965199998848,37.586576000000086],[-119.93963799998851,37.586658000000092],[-119.93962099998849,37.586740000000098],[-119.93960099998849,37.586821000000093],[-119.9395899999885,37.586864000000091],[-119.93957499998852,37.58691500000009],[-119.93956199998848,37.5869560000001],[-119.93954799998851,37.586997000000089],[-119.9395319999885,37.587038000000099],[-119.93951999998851,37.5870660000001],[-119.9395059999885,37.58709500000009],[-119.93949199998849,37.587122000000093],[-119.93947099998849,37.587155000000102],[-119.93945699998851,37.587175000000094],[-119.9394209999885,37.587220000000102],[-119.93940099998852,37.587250000000097],[-119.93938399998849,37.587277000000086],[-119.9393579999885,37.587325000000085],[-119.9393459999885,37.587347000000101],[-119.93932799998851,37.5873840000001],[-119.9393139999885,37.587421000000106],[-119.9393019999885,37.58746100000009],[-119.93929899998849,37.587477000000092],[-119.9392929999885,37.587513000000087],[-119.9392899999885,37.5875500000001],[-119.93928899998851,37.587586000000094],[-119.93928899998851,37.587615000000085],[-119.93929099998849,37.587643000000092],[-119.93929399998849,37.587681000000096],[-119.9393009999885,37.587719000000106],[-119.93930899998848,37.587752000000087],[-119.93932099998851,37.587784000000084],[-119.9393349999885,37.587816000000082],[-119.9393529999885,37.587847000000082],[-119.93936799998851,37.587870000000095],[-119.93938399998849,37.587893000000101],[-119.93941399998849,37.587930000000085],[-119.9394639999885,37.587985000000096],[-119.93955499998849,37.58808000000009],[-119.93958199998849,37.58811100000009],[-119.93959299998851,37.588126000000088],[-119.9395989999885,37.588136000000084],[-119.93960399998851,37.588148000000082],[-119.9396079999885,37.588161000000099],[-119.93960999998851,37.588177000000094],[-119.93960899998849,37.588189000000078],[-119.93960699998848,37.588202000000102],[-119.93960399998851,37.588215000000091],[-119.9395959999885,37.588236000000094],[-119.93958199998849,37.58826700000008],[-119.9395539999885,37.588321000000093],[-119.93954099998851,37.588351000000088],[-119.93953099998849,37.5883800000001],[-119.93951999998851,37.588420000000092],[-119.93951299998849,37.588457000000091],[-119.93950799998851,37.588495000000087],[-119.9395049999885,37.588528000000082],[-119.93949699998851,37.588636000000101],[-119.93949199998849,37.588677000000082],[-119.93948599998849,37.588702000000097],[-119.93947899998849,37.588717000000088],[-119.9394729999885,37.588728000000103],[-119.9394639999885,37.588740000000087],[-119.9394549999885,37.588750000000097],[-119.93944499998851,37.5887600000001],[-119.9394279999885,37.5887740000001],[-119.9394089999885,37.588788000000086],[-119.93938199998848,37.588805000000093],[-119.93929099998849,37.58885400000009],[-119.93924299998849,37.58888200000009],[-119.93918199998853,37.588921000000092],[-119.93906099998851,37.589003000000091],[-119.93902199998851,37.589027000000094],[-119.93900599998852,37.589035000000095],[-119.93898199998851,37.589046000000096],[-119.93896499998853,37.589053000000078],[-119.93894899998851,37.589059000000091],[-119.93893199998851,37.589063000000102],[-119.93891499998853,37.589067000000099],[-119.93889899998854,37.589069000000094],[-119.93887699998852,37.589071000000089],[-119.93885999998854,37.589071000000089],[-119.93883399998852,37.589070000000099],[-119.93880599998853,37.589067000000099],[-119.93877699998852,37.589062000000084],[-119.93867799998853,37.589041000000094],[-119.93863799998853,37.589033000000093],[-119.93860699998854,37.589028000000091],[-119.93856499998851,37.58902300000009],[-119.93852299998854,37.5890190000001],[-119.93847199998854,37.589016000000093],[-119.93843399998853,37.589016000000093],[-119.93840699998853,37.589018000000088],[-119.93838899998853,37.58902000000009],[-119.93835199998851,37.589027000000087],[-119.93832399998853,37.589034000000098],[-119.93827799998856,37.589050000000086],[-119.93825999998856,37.589057000000082],[-119.93821299998855,37.5890780000001],[-119.93812199998855,37.589124000000098],[-119.93808799998854,37.589138000000091],[-119.93805899998856,37.589148000000094],[-119.93803599998854,37.589153000000096],[-119.93801899998854,37.589156000000095],[-119.93798199998855,37.58916100000009],[-119.93786299998854,37.589168000000093],[-119.93781499998856,37.589173000000088],[-119.93778799998854,37.589178000000082],[-119.93776999998856,37.589182000000086],[-119.93774299998854,37.589191000000092],[-119.93772399998855,37.589197000000084],[-119.93770699998856,37.589204000000102],[-119.93768099998856,37.589216000000086],[-119.93763899998855,37.589239000000092],[-119.93760599998855,37.589259000000098],[-119.93750899998857,37.589324000000104],[-119.93747599998856,37.589345000000094],[-119.93744199998855,37.589364000000096],[-119.93741599998857,37.589378000000103],[-119.93738999998858,37.589390000000087],[-119.93736499998859,37.589399000000085],[-119.93733799998857,37.589407000000094],[-119.93729999998858,37.589417000000097],[-119.93727899998858,37.589420000000089],[-119.93723299998859,37.589427000000093],[-119.93718499998859,37.589432000000102],[-119.93702399998858,37.589446000000088],[-119.93698099998859,37.589451000000082],[-119.93693699998857,37.589457000000102],[-119.93686099998857,37.589470000000098],[-119.93681799998858,37.58947900000009],[-119.93673099998857,37.589498000000106],[-119.93667699998858,37.589510000000104],[-119.93656999998856,37.589537000000085],[-119.93651599998859,37.5895510000001],[-119.93646299998858,37.589565000000093],[-119.93637899998861,37.589589000000096],[-119.9362629999886,37.589626000000102],[-119.9360019999886,37.589713000000103],[-119.93589799998861,37.58974600000009],[-119.9358449999886,37.589761000000088],[-119.9357919999886,37.589776000000093],[-119.93573099998861,37.589791000000091],[-119.93567999998861,37.589802000000098],[-119.9355759999886,37.589823000000088],[-119.93553699998863,37.589831000000082],[-119.93549799998863,37.58984200000009],[-119.93546099998863,37.589854000000102],[-119.93542399998861,37.589867000000083],[-119.93538799998862,37.589881000000091],[-119.93534899998862,37.589898000000098],[-119.93531099998863,37.589916000000088],[-119.93527399998864,37.589935000000082],[-119.93523799998862,37.589955000000081],[-119.93522099998863,37.589966000000082],[-119.93519599998864,37.589982000000091],[-119.93517199998861,37.589999000000084],[-119.93513299998861,37.590030000000098],[-119.93510299998862,37.590057000000087],[-119.93507399998863,37.590083000000085],[-119.93501399998863,37.590142000000085],[-119.93492199998862,37.590235000000092],[-119.93485999998863,37.590297000000092],[-119.93479899998862,37.590354000000083],[-119.93475299998863,37.590393000000091],[-119.93472199998861,37.590418000000092],[-119.93465199998862,37.590471000000086],[-119.93454299998865,37.590548000000098],[-119.93439599998865,37.590646000000092],[-119.93428299998864,37.590718000000088],[-119.93422599998864,37.590753000000099],[-119.93418999998865,37.590773000000091],[-119.93411399998865,37.590813000000082],[-119.93407499998865,37.590832000000098],[-119.93399599998864,37.590868000000093],[-119.93392299998864,37.5908990000001],[-119.93386499998866,37.590922000000099],[-119.93382499998866,37.590937000000096],[-119.93377799998865,37.590954000000089],[-119.93370599998867,37.590977000000095],[-119.93365999998869,37.590991000000095],[-119.93363099998868,37.590999000000082],[-119.93360199998867,37.5910060000001],[-119.93358299998866,37.591009000000078],[-119.93355499998869,37.591012000000092],[-119.93352899998868,37.591014000000087],[-119.93349699998868,37.591012000000099],[-119.93347099998869,37.591009000000092],[-119.93345299998869,37.591006000000093],[-119.93340499998867,37.590993000000083],[-119.93335899998867,37.590977000000088],[-119.93332099998867,37.590961000000092],[-119.93328899998868,37.590946000000095],[-119.93325799998868,37.590929000000088],[-119.93321499998869,37.59090300000009],[-119.93319099998867,37.590887000000087],[-119.93316799998868,37.590870000000095],[-119.93312299998868,37.590834000000086],[-119.93307299998865,37.590789000000086],[-119.93295199998869,37.590677000000099],[-119.93288099998867,37.590612000000085],[-119.93283499998869,37.590572000000087],[-119.93278899998869,37.59053400000009],[-119.93275299998872,37.590507000000102],[-119.9327169999887,37.590480000000085],[-119.93267999998871,37.590454000000086],[-119.9326419999887,37.590429000000086],[-119.93261599998871,37.590413000000105],[-119.93257199998868,37.59038800000009],[-119.93251699998869,37.590361000000087],[-119.9324589999887,37.590336000000093],[-119.93237899998869,37.590305000000093],[-119.93229699998872,37.590277000000093],[-119.93221899998872,37.590253000000082],[-119.93214799998869,37.590233000000083],[-119.93208299998871,37.590217000000088],[-119.93201799998872,37.590205000000076],[-119.9319509999887,37.590195000000101],[-119.9318729999887,37.590186000000095],[-119.93180599998868,37.590181000000094],[-119.93172799998874,37.590178000000094],[-119.93167199998874,37.590177000000089],[-119.93161499998872,37.590177000000082],[-119.93155899998872,37.590179000000084],[-119.93150299998874,37.59018200000007],[-119.93146999998874,37.590184000000093],[-119.93142599998873,37.590189000000095],[-119.93138199998872,37.590194000000096],[-119.93134199998873,37.590199000000084],[-119.93126199998872,37.590212000000093],[-119.93115299998873,37.590231000000102],[-119.93106599998873,37.590247000000083],[-119.93086199998875,37.590288000000086],[-119.93033899998876,37.590399000000076],[-119.93010599998875,37.590447000000083],[-119.92993799998875,37.59047900000008],[-119.92978399998879,37.590508000000092],[-119.92962299998878,37.590537000000097],[-119.92951599998879,37.590556000000085],[-119.92940799998877,37.590572000000094],[-119.92936299998877,37.590578000000086],[-119.92930699998878,37.590583000000095],[-119.92925199998879,37.590588000000089],[-119.92920699998879,37.590590000000084],[-119.92916299998878,37.590591000000103],[-119.92911899998877,37.590591000000096],[-119.92907499998879,37.590589000000094],[-119.92903199998878,37.59058500000009],[-119.9289899999888,37.590579000000091],[-119.92895899998881,37.590573000000084],[-119.92893799998879,37.590569000000087],[-119.92890799998881,37.590561000000079],[-119.9288679999888,37.590548000000098],[-119.9288489999888,37.590541000000087],[-119.9288219999888,37.590529000000082],[-119.9287859999888,37.590511000000085],[-119.92876799998881,37.590501000000089],[-119.92872799998881,37.590477000000078],[-119.92868899998881,37.590451000000087],[-119.9286509999888,37.590423000000094],[-119.9286119999888,37.590394000000089],[-119.9284949999888,37.590303000000084],[-119.9284229999888,37.590248000000088],[-119.92835499998881,37.590200000000088],[-119.92827799998881,37.590149000000089],[-119.92823799998881,37.590125000000086],[-119.9281979999888,37.590102000000101],[-119.92815499998881,37.590079000000095],[-119.92811199998881,37.59005700000008],[-119.9280679999888,37.590039000000083],[-119.92804899998882,37.590031000000096],[-119.92801999998883,37.59002200000009],[-119.92799099998885,37.590014000000075],[-119.92797199998881,37.590010000000078],[-119.92794199998883,37.590004000000086],[-119.92791099998884,37.590000000000082],[-119.92786299998882,37.589995000000094],[-119.92781499998884,37.589993000000085],[-119.92778199998884,37.589992000000102],[-119.92773899998883,37.589992000000088],[-119.92764899998885,37.589995000000094],[-119.92759299998882,37.589999000000084],[-119.92729999998883,37.590020000000102],[-119.92723299998882,37.59002300000008],[-119.92713099998883,37.590028000000082],[-119.92702899998886,37.590032000000086],[-119.92693299998886,37.590033000000084],[-119.92685599998886,37.590033000000084],[-119.92676799998884,37.590031000000096],[-119.92671299998885,37.590027000000092],[-119.92665899998885,37.59002200000009],[-119.92661699998885,37.590017000000095],[-119.92658599998886,37.590012000000087],[-119.92655699998885,37.590006000000081],[-119.92652699998885,37.589999000000091],[-119.92642599998887,37.589972000000088],[-119.92637599998886,37.589960000000083],[-119.92632499998888,37.589950000000094],[-119.92628499998884,37.58994300000009],[-119.92624399998886,37.589938000000089],[-119.92620199998886,37.589935000000089],[-119.92607299998889,37.589928000000086],[-119.92600799998887,37.589924000000089],[-119.92594199998888,37.58991600000008],[-119.92585399998889,37.589903000000092],[-119.92574399998887,37.58988400000009],[-119.92563499998889,37.589862000000089],[-119.92551699998889,37.589835000000079],[-119.92540999998889,37.589810000000099],[-119.92530499998888,37.589782000000085],[-119.92523099998887,37.589761000000095],[-119.92513299998892,37.589730000000095],[-119.92504299998892,37.589698000000091],[-119.92496299998891,37.589666000000079],[-119.92492399998891,37.589648000000089],[-119.9248759999889,37.589625000000083],[-119.9248319999889,37.589601000000094],[-119.9248069999889,37.589585000000092],[-119.92476699998892,37.589558000000089],[-119.92473699998891,37.589535000000069],[-119.92468699998891,37.589496000000082],[-119.92465299998891,37.589470000000091],[-119.92462999998888,37.5894550000001],[-119.9246069999889,37.589442000000084],[-119.9245819999889,37.589429000000095],[-119.92454599998891,37.589413000000086],[-119.92450699998891,37.589399000000085],[-119.92446799998891,37.589386000000083],[-119.92440599998892,37.589370000000088],[-119.92433399998892,37.589354000000078],[-119.9242489999889,37.589340000000092],[-119.92416299998892,37.589328000000094],[-119.92411999998893,37.58932400000009],[-119.92407699998894,37.589320000000086],[-119.92403399998895,37.589317000000079],[-119.92397999998894,37.589315000000077],[-119.92393799998895,37.589315000000084],[-119.92389599998894,37.589319000000081],[-119.92386699998892,37.589323000000093],[-119.92384899998893,37.589327000000083],[-119.92383199998893,37.589332000000098],[-119.92380999998893,37.589339000000095],[-119.92378799998895,37.589350000000081],[-119.92377199998893,37.589358000000075],[-119.92373399998893,37.589383000000097],[-119.92371899998895,37.589395000000088],[-119.92368999998894,37.589419000000092],[-119.92366199998892,37.589444000000078],[-119.92360599998894,37.589497000000094],[-119.92357199998892,37.589531000000079],[-119.92343699998892,37.589669000000093],[-119.92333899998893,37.589773000000093],[-119.92330799998892,37.589807000000093],[-119.92326599998894,37.58985600000009],[-119.92323599998895,37.589894000000086],[-119.92320699998896,37.58993200000009],[-119.92317099998894,37.589985000000091],[-119.92314699998896,37.59002300000008],[-119.92307599998895,37.590138000000088],[-119.92290799998898,37.590423000000094],[-119.92285999998896,37.590501000000089],[-119.92281199998895,37.590577000000096],[-119.92276399998896,37.59064400000009],[-119.92274099998895,37.590674000000092],[-119.92271699998895,37.590702000000086],[-119.92268499998896,37.590736000000085],[-119.92266399998896,37.590755000000094],[-119.92264999998898,37.59076600000008],[-119.92261999998895,37.590788000000089],[-119.92260299998897,37.590798000000085],[-119.92257799998896,37.590812000000099],[-119.92255199998897,37.590824000000083],[-119.92253399998894,37.590830000000068],[-119.92251699998896,37.590836000000088],[-119.92249699998895,37.590842000000094],[-119.92245899998895,37.590849000000098],[-119.92241899998898,37.590854000000085],[-119.92238199998896,37.590857000000085],[-119.92227199998898,37.590863000000084],[-119.92222299998899,37.590867000000095],[-119.92217499998898,37.590874000000078],[-119.92215699998899,37.590878000000075],[-119.92213199998898,37.59088600000009],[-119.92210299998899,37.590897000000098],[-119.92208299998899,37.590908000000084],[-119.92206999998899,37.590917000000083],[-119.92204199998899,37.590937000000096],[-119.92201899998899,37.590959000000083],[-119.92193599998897,37.591045000000079],[-119.92191599998897,37.591064000000095],[-119.92189599998899,37.591081000000088],[-119.92186099998898,37.591108000000091],[-119.92182499998898,37.591132000000087],[-119.92178599998898,37.591154000000088],[-119.92174499998897,37.591176000000075],[-119.92170299998897,37.591197000000093],[-119.92165699998898,37.591219000000088],[-119.92156399998898,37.591261000000088],[-119.92132799998902,37.591364000000091],[-119.92121199998901,37.591416000000095],[-119.92111799998902,37.59146000000009],[-119.92102899998902,37.591504000000093],[-119.920984999989,37.591527000000077],[-119.920930999989,37.591558000000092],[-119.920900999989,37.591576000000096],[-119.92087199998902,37.59159500000009],[-119.92084799998902,37.591613000000088],[-119.92082599998901,37.591630000000094],[-119.92080599998901,37.591649000000075],[-119.920792999989,37.591662000000078],[-119.92076199998901,37.591696000000084],[-119.92073499998901,37.591731000000081],[-119.92071099998901,37.591767000000097],[-119.920688999989,37.591804000000089],[-119.92064599998901,37.591880000000089],[-119.92056399998901,37.592033000000086],[-119.92052699998902,37.592098000000092],[-119.92049799998901,37.592146000000099],[-119.92047699998901,37.592177000000092],[-119.92045499998905,37.592207000000094],[-119.92036899998904,37.592318000000091],[-119.92035299998905,37.592341000000083],[-119.92032899998902,37.592378000000089],[-119.92031199998904,37.592409000000089],[-119.92029499998903,37.592449000000087],[-119.92028399998902,37.592481000000078],[-119.92027399998904,37.592512000000085],[-119.92026599998904,37.592545000000086],[-119.92025099998902,37.592615000000087],[-119.92021499998904,37.592806000000088],[-119.92019799998903,37.592881000000098],[-119.92018799998904,37.592919000000087],[-119.92017099998904,37.592970000000093],[-119.92016099998902,37.592994000000076],[-119.92014999998904,37.593019000000091],[-119.92013299998905,37.593052000000085],[-119.92011099998903,37.593092000000084],[-119.92008599998904,37.593132000000089],[-119.92004799998904,37.593190000000092],[-119.92000199998904,37.593257000000072],[-119.91972899998905,37.593642000000088],[-119.91967799998902,37.593712000000082],[-119.91965099998905,37.593747000000093],[-119.91962399998904,37.593781000000085],[-119.91958599998902,37.593825000000088],[-119.91955299998902,37.59385900000008],[-119.91953199998906,37.593879000000094],[-119.91949999998903,37.593909000000082],[-119.91946699998906,37.593936000000085],[-119.91942899998907,37.59396500000009],[-119.91939999998905,37.593984000000084],[-119.91936999998906,37.594001000000091],[-119.91933899998907,37.594016000000082],[-119.91932199998904,37.594023000000092],[-119.91930499998905,37.594028000000087],[-119.91928899998906,37.594033000000088],[-119.91926599998905,37.594037000000085],[-119.91924099998906,37.59403900000008],[-119.91921199998907,37.594040000000078],[-119.91919199998907,37.594039000000087],[-119.91915799998905,37.594036000000088],[-119.91912299998904,37.594032000000084],[-119.91899199998906,37.594011000000087],[-119.91893899998905,37.594004000000083],[-119.91887399998906,37.593998000000084],[-119.91882999998906,37.593996000000082],[-119.91878599998905,37.593995000000085],[-119.91874199998907,37.593995000000085],[-119.91870899998906,37.593996000000075],[-119.91867699998906,37.593999000000082],[-119.91863499998905,37.594003000000093],[-119.91859199998906,37.59401000000009],[-119.91855999998909,37.594016000000089],[-119.91841599998908,37.594043000000077],[-119.91836799998909,37.594051000000093],[-119.91832599998908,37.594055000000097],[-119.9183059999891,37.594057000000085],[-119.91827599998908,37.594057000000078],[-119.91823499998907,37.594056000000094],[-119.91819199998908,37.59405200000009],[-119.91813999998908,37.594045000000087],[-119.9180869999891,37.594035000000083],[-119.91803699998907,37.594024000000083],[-119.91798799998908,37.594012000000085],[-119.91793999998907,37.593998000000077],[-119.91786599998909,37.593977000000081],[-119.91778899998909,37.593952000000087],[-119.91769699998908,37.593920000000082],[-119.9176069999891,37.593887000000095],[-119.9175199999891,37.593852000000084],[-119.91747699998913,37.593833000000075],[-119.9174389999891,37.593815000000092],[-119.9174119999891,37.593800000000087],[-119.9173759999891,37.593780000000081],[-119.91732499998911,37.59374800000009],[-119.91717699998911,37.59364700000009],[-119.91712199998912,37.593613000000076],[-119.91708699998911,37.593594000000081],[-119.91705999998911,37.593580000000095],[-119.91703199998912,37.593568000000083],[-119.91700199998911,37.593557000000075],[-119.91695899998912,37.593541000000087],[-119.91691399998912,37.593528000000084],[-119.91686899998912,37.593515000000089],[-119.91677899998912,37.593492000000076],[-119.91668799998911,37.593471000000079],[-119.91658799998915,37.593449000000085],[-119.91647299998913,37.593425000000089],[-119.91632499998913,37.593396000000084],[-119.91617799998913,37.593368000000083],[-119.91612799998914,37.59336100000008],[-119.91607399998912,37.593353000000086],[-119.91601899998913,37.59334700000008],[-119.91596499998913,37.593343000000083],[-119.91591099998912,37.593342000000078],[-119.91586999998914,37.59334400000008],[-119.91581699998913,37.593349000000096],[-119.91578499998913,37.593354000000097],[-119.91563499998912,37.593377000000082],[-119.91558299998917,37.593384000000079],[-119.91553999998915,37.593387000000085],[-119.91548599998917,37.593388000000076],[-119.91543099998916,37.593388000000076],[-119.91523399998917,37.593382000000076],[-119.91515399998916,37.593381000000086],[-119.91510999998916,37.593382000000076],[-119.91505499998914,37.593384000000086],[-119.91498799998917,37.593390000000078],[-119.91493699998917,37.593396000000098],[-119.91478699998915,37.593415000000086],[-119.91473099998916,37.593421000000085],[-119.91467499998919,37.593425000000096],[-119.9146309999892,37.593427000000077],[-119.91458799998918,37.593426000000086],[-119.91454599998919,37.593424000000077],[-119.91450299998917,37.59341900000009],[-119.91444899998919,37.593411000000081],[-119.91439599998918,37.593401000000092],[-119.91434299998917,37.593388000000076],[-119.91431199998918,37.593380000000089],[-119.91422799998918,37.593355000000081],[-119.91404799998918,37.593295000000076],[-119.91395899998919,37.59326700000009],[-119.91392699998919,37.593258000000077],[-119.91388499998918,37.593248000000088],[-119.91384299998919,37.593238000000092],[-119.91382199998918,37.593235000000085],[-119.9137689999892,37.593228000000089],[-119.91373899998918,37.593225000000082],[-119.91370799998919,37.593224000000085],[-119.9136559999892,37.593225000000082],[-119.9135389999892,37.593228000000096],[-119.91349699998922,37.593228000000082],[-119.91346599998923,37.593227000000091],[-119.9134359999892,37.593225000000082],[-119.9133829999892,37.593219000000083],[-119.91334199998921,37.593212000000079],[-119.91328999998922,37.593202000000083],[-119.9132359999892,37.593189000000088],[-119.9131849999892,37.593176000000085],[-119.91313399998921,37.593162000000085],[-119.9128809999892,37.593086000000085],[-119.91278699998921,37.593060000000087],[-119.91270199998922,37.593037000000074],[-119.91253599998923,37.592996000000085],[-119.91244699998924,37.592973000000086],[-119.91240399998922,37.592960000000076],[-119.91236399998924,37.59294700000008],[-119.91231699998923,37.592930000000081],[-119.91222499998925,37.592894000000086],[-119.91219799998925,37.592884000000083],[-119.91216399998923,37.592875000000085],[-119.91212799998922,37.592868000000074],[-119.91208799998924,37.592862000000089],[-119.91204099998923,37.592858000000085],[-119.91192099998925,37.592849000000093],[-119.91185799998922,37.592843000000087],[-119.91183699998925,37.592839000000083],[-119.91179599998924,37.592832000000094],[-119.91175599998923,37.592823000000081],[-119.91172199998927,37.592813000000092],[-119.91168999998925,37.592801000000094],[-119.91166399998927,37.592790000000093],[-119.91164899998927,37.592781000000087],[-119.91163499998926,37.592773000000079],[-119.91162199998926,37.592764000000088],[-119.91160599998928,37.592750000000088],[-119.91159399998925,37.59273900000008],[-119.91157299998927,37.592713000000096],[-119.91155699998926,37.592689000000078],[-119.91154099998927,37.592664000000099],[-119.91149899998928,37.592592000000089],[-119.91147099998928,37.592549000000083],[-119.91144899998926,37.592523000000085],[-119.91143799998927,37.592511000000087],[-119.91141899998927,37.592494000000087],[-119.91140099998925,37.592481000000085],[-119.91138199998927,37.592469000000079],[-119.91136699998927,37.592462000000083],[-119.91135099998925,37.592456000000077],[-119.91132399998925,37.592447000000085],[-119.91128699998926,37.592436000000085],[-119.91124799998926,37.592428000000076],[-119.91115299998926,37.592411000000084],[-119.91108499998927,37.592397000000084],[-119.91105499998926,37.592390000000087],[-119.91102699998928,37.592381000000081],[-119.91099999998927,37.592372000000076],[-119.91098299998927,37.592365000000086],[-119.91096499998926,37.592356000000095],[-119.91092899998927,37.592338000000069],[-119.91089499998925,37.592317000000087],[-119.91086099998925,37.592295000000085],[-119.91081999998927,37.592265000000069],[-119.91078399998928,37.59223700000009],[-119.91071299998927,37.592178000000075],[-119.9106789999893,37.592147000000082],[-119.91063099998928,37.592102000000082],[-119.9105959999893,37.592067000000092],[-119.91056999998929,37.592039000000085],[-119.91051899998928,37.591981000000082],[-119.91049599998928,37.59195100000008],[-119.91046799998928,37.591914000000081],[-119.91044299998927,37.591876000000077],[-119.91043399998929,37.591860000000082],[-119.9104219999893,37.591837000000076],[-119.91040799998929,37.591807000000081],[-119.91039599998929,37.59176700000009],[-119.91037399998929,37.591675000000087],[-119.91036599998928,37.591646000000075],[-119.9103579999893,37.591623000000077],[-119.91034799998928,37.591602000000087],[-119.91034099998929,37.591589000000099],[-119.91032899998929,37.591572000000077],[-119.91031999998927,37.591561000000077],[-119.91030899998928,37.59155000000009],[-119.91029699998928,37.59153900000009],[-119.91028299998931,37.591529000000079],[-119.9102529999893,37.591509000000094],[-119.91021999998928,37.591492000000081],[-119.91020299998929,37.591485000000084],[-119.91017599998929,37.591475000000088],[-119.9101389999893,37.59146400000008],[-119.91011899998929,37.591460000000083],[-119.91008699998929,37.591454000000084],[-119.91004499998928,37.59144700000008],[-119.91000099998929,37.591443000000076],[-119.90995599998929,37.591439000000086],[-119.90990899998928,37.591436000000087],[-119.90971699998931,37.591426000000084],[-119.90962499998933,37.591420000000085],[-119.90957999998933,37.59141500000009],[-119.90952499998932,37.591407000000089],[-119.90948299998929,37.591399000000081],[-119.90944099998931,37.59138800000008],[-119.9093889999893,37.591372000000092],[-119.90934799998929,37.591358000000078],[-119.90930699998931,37.591342000000083],[-119.90926699998931,37.591325000000076],[-119.90921799998932,37.591304000000086],[-119.9091699999893,37.591281000000087],[-119.90912299998931,37.591257000000077],[-119.90908199998931,37.591234000000085],[-119.90904199998931,37.591211000000094],[-119.90900399998931,37.591186000000093],[-119.90896999998931,37.591160000000087],[-119.90894899998932,37.591141000000079],[-119.90893699998931,37.59112900000008],[-119.90892599998931,37.591116000000092],[-119.9089119999893,37.591097000000076],[-119.90890299998929,37.591083000000083],[-119.9088909999893,37.591060000000084],[-119.90888399998933,37.591044000000082],[-119.90887199998933,37.591012000000084],[-119.90886199998931,37.590978000000085],[-119.90885299998931,37.590934000000075],[-119.9088459999893,37.590890000000094],[-119.90883899998933,37.590845000000073],[-119.90881899998932,37.590666000000091],[-119.90881299998929,37.590622000000081],[-119.90880499998931,37.590570000000078],[-119.90879699998931,37.590530000000086],[-119.90878999998931,37.590508000000092],[-119.9087829999893,37.590486000000077],[-119.90877399998929,37.590466000000085],[-119.90876299998931,37.590448000000087],[-119.90875499998933,37.59043700000008],[-119.90874199998932,37.590423000000087],[-119.90872699998934,37.590412000000086],[-119.90871599998934,37.59040600000008],[-119.90869599998935,37.590398000000086],[-119.90867499998933,37.590393000000077],[-119.90866099998934,37.590391000000075],[-119.90864599998935,37.590391000000082],[-119.90862199998934,37.590392000000087],[-119.90859699998933,37.590396000000077],[-119.90856999998933,37.590402000000083],[-119.90852899998934,37.590414000000095],[-119.90844399998934,37.590441000000084],[-119.90839999998934,37.590454000000079],[-119.90838099998935,37.590460000000093],[-119.90835199998934,37.590466000000077],[-119.90831599998934,37.590472000000076],[-119.90828999998934,37.590475000000083],[-119.90826199998934,37.590476000000081],[-119.90815099998935,37.590478000000083],[-119.90809799998934,37.590480000000078],[-119.90803299998935,37.590485000000093],[-119.90795499998934,37.590491000000085],[-119.90780999998933,37.590507000000088],[-119.90769899998936,37.590521000000088],[-119.90758799998936,37.590537000000083],[-119.90739599998936,37.590567000000078],[-119.90734099998937,37.590575000000079],[-119.90728699998937,37.590581000000078],[-119.90723299998936,37.590585000000083],[-119.90720099998936,37.590586000000087],[-119.90716899998937,37.59058500000009],[-119.90712899998935,37.590583000000095],[-119.90707799998935,37.59057600000007],[-119.90701399998936,37.590563000000088],[-119.90687599998937,37.590532000000081],[-119.90677599998938,37.590508000000085],[-119.90670499998939,37.590489000000076],[-119.9066529999894,37.590474000000093],[-119.90660099998938,37.590456000000081],[-119.9065289999894,37.590429000000078],[-119.90648799998939,37.59041300000009],[-119.90640799998938,37.590379000000091],[-119.90630799998939,37.590335000000088],[-119.90620999998939,37.590290000000088],[-119.90616199998938,37.590267000000075],[-119.9061159999894,37.590243000000086],[-119.90607999998937,37.590224000000077],[-119.9060459999894,37.590203000000088],[-119.9060129999894,37.590182000000077],[-119.90598399998939,37.590160000000083],[-119.90597099998938,37.590148000000077],[-119.90595799998938,37.590136000000079],[-119.90594299998938,37.590118000000089]]]},"properties":{"FID":0,"EVENT_ID":"CA3760511996620191006","IRWINID":"D4EDE3C9-5907-45CD-ACBE-7791D43197C8","INCID_NAME":"BRICEBURG","INCID_TYPE":"Wildfire","MAP_ID":10016217,"MAP_PROG":"MTBS","ASMNT_TYPE":"Extended","BURNBNDAC":5561,"BURNBNDLAT":"37.605","BURNBNDLON":"-119.966","IG_DATE":1570320000000,"PRE_ID":"804203420180619","POST_ID":"804203420200726","PERIM_ID":" ","DNBR_OFFST":11,"DNBR_STDDV":25,"NODATA_T":-970,"INCGREEN_T":-150,"LOW_T":65,"MOD_T":324,"HIGH_T":610,"COMMENT":" "}}]}