{"type":"FeatureCollection","features":[{"type":"Feature","id":0,"geometry":{"type":"Polygon","coordinates":[[[-120.57912707358082,48.598665215678842],[-120.58146994288359,48.598428535448143],[-120.58287574831176,48.598339185988692],[-120.58390940889306,48.598785683272055],[-120.58555560846219,48.598612732013088],[-120.58723088828788,48.59847019923707],[-120.58738259529952,48.598471653624578],[-120.58751157468062,48.598470937837121],[-120.58761782805891,48.598468052583549],[-120.58770135378673,48.598462997269444],[-120.58777797767434,48.59845256986393],[-120.58785645708667,48.598440043889255],[-120.58793347881678,48.598425832071705],[-120.58800904217318,48.598409932656679],[-120.58808314783758,48.598392347404179],[-120.58815579416527,48.5983730756708],[-120.58822698244859,48.598352117226497],[-120.58829671302671,48.598329472952756],[-120.58836498520905,48.598305141094826],[-120.58843563477487,48.59827672532515],[-120.58850687713192,48.598243905401027],[-120.58857936024403,48.598206386466387],[-120.58865429027503,48.598163547896412],[-120.58872437141123,48.598120195835818],[-120.58880082405832,48.598069962777871],[-120.58906334139793,48.597888089714594],[-120.58914249004019,48.597830440566092],[-120.58922539834353,48.597762541742298],[-120.58930228943238,48.597694133073865],[-120.58948916057641,48.597521322667554],[-120.5895930899116,48.597432566523665],[-120.5896499368363,48.597388731088621],[-120.58970564512784,48.597349515170144],[-120.58976121951603,48.59731421579567],[-120.58981720866741,48.597282486336823],[-120.58987990798764,48.597251357626142],[-120.58995231563496,48.597219727766941],[-120.59003290944624,48.59718787727838],[-120.59026909011442,48.597099077672027],[-120.59034067134118,48.597069272227728],[-120.59040252921918,48.597040593956926],[-120.59051634547031,48.596981881958556],[-120.59063010680903,48.596917872086557],[-120.59074416418723,48.596848368818677],[-120.59085903693099,48.596773057108628],[-120.5909747585668,48.59669195538612],[-120.59109294497748,48.596603971791311],[-120.59121491551139,48.596508136284129],[-120.59134367611519,48.5964020884429],[-120.59147252398108,48.596294290073274],[-120.5915446805321,48.596230731650877],[-120.591607858275,48.596169503024669],[-120.59165948384654,48.596112207247714],[-120.59172116250629,48.596032564124549],[-120.59177506414881,48.595951699318668],[-120.59182009309748,48.595871262039957],[-120.59155383356311,48.595277240902824],[-120.59141573884315,48.594876423661226],[-120.59133856993807,48.594489713063183],[-120.5915426699605,48.593877307586915],[-120.59130659549824,48.593131069453314],[-120.59098421982034,48.5924003146391],[-120.59105633983212,48.591701779374496],[-120.59138834627647,48.591401554754789],[-120.59146551610492,48.590937095515571],[-120.59128225043474,48.590231463100459],[-120.59041435195758,48.589970294726285],[-120.59032562258973,48.589908636387946],[-120.59022975324633,48.589845434411934],[-120.59012748639408,48.589781108448562],[-120.5900158332504,48.589713714348207],[-120.5897478712768,48.589559889339654],[-120.58952272092735,48.589436867335458],[-120.58932185680241,48.589334369444124],[-120.58913218936881,48.589245732688994],[-120.58904055960569,48.589206168145878],[-120.58895060670547,48.589169571861255],[-120.58886096499485,48.589135430992677],[-120.58877260057099,48.589104158934916],[-120.58868535452457,48.58907570051214],[-120.58859911446777,48.589050016649495],[-120.58851374726954,48.58902707199239],[-120.5884292057868,48.589006852430735],[-120.58834541618423,48.58898934300062],[-120.58826232449395,48.588974529875976],[-120.58766533718988,48.588496751532375],[-120.58768217572536,48.588238489141531],[-120.58820768702068,48.588083114911051],[-120.58968751861734,48.588062146914595],[-120.59102482326712,48.587791699959553],[-120.59191841806158,48.58753972058436],[-120.59195683701272,48.586829973910703],[-120.59204854795261,48.586141227767833],[-120.59385554854681,48.585733785806276],[-120.59549126188864,48.585718462084671],[-120.59605808689979,48.585199525494339],[-120.59597344350021,48.584588866111147],[-120.59550200247483,48.583424534531659],[-120.59532643735253,48.58252781735348],[-120.59603527549972,48.582033923898869],[-120.59646649710754,48.581406491202451],[-120.59641441445027,48.580926901162698],[-120.59645134893434,48.580616495810723],[-120.59782164564267,48.580258779606503],[-120.59792703244298,48.579245638069843],[-120.59744022142648,48.578452851117135],[-120.59675709020267,48.578197283425084],[-120.59544663054126,48.578088659969268],[-120.59416823357947,48.577802384768852],[-120.59390752161286,48.577264744512725],[-120.59444211425594,48.576360949318591],[-120.59539142996542,48.575674940419688],[-120.59707049443142,48.574909532087133],[-120.59874263795486,48.574970404334927],[-120.59979937338257,48.575468302196754],[-120.60088535648188,48.575651543125048],[-120.60215250099931,48.575389722781345],[-120.60302726259637,48.574706173686316],[-120.60300548047108,48.574537006039407],[-120.60297497770883,48.574372520621779],[-120.60293575376032,48.574212719408294],[-120.60288780929125,48.57405760039272],[-120.60283114340145,48.57390716466869],[-120.60276575743579,48.573761411984286],[-120.60269165014309,48.573620342551855],[-120.60260882286055,48.573483956116952],[-120.6025641385676,48.573417518196031],[-120.60251727398609,48.573352252010501],[-120.60246823007297,48.573288156446154],[-120.60241700519272,48.573225230853872],[-120.60236360003526,48.573163476987467],[-120.60230801521388,48.573102892853754],[-120.60225025141801,48.573043480206557],[-120.60219030537176,48.572985237750359],[-120.60211417577432,48.572918784646355],[-120.60202944017252,48.572855140868825],[-120.60193592841772,48.572794176175492],[-120.60183339494849,48.572735730610873],[-120.60172167724326,48.572679697003622],[-120.60160023811954,48.572625793808214],[-120.60146855176495,48.572573786323886],[-120.60132580273651,48.57252335174902],[-120.60119414866573,48.572481181856247],[-120.60105254061459,48.57243953874638],[-120.60089958134303,48.5723980056706],[-120.60073252692615,48.572355835972758],[-120.60039997434781,48.572278691088869],[-120.59975285537261,48.572138433499134],[-120.59949032490179,48.572079537410161],[-120.59830182842704,48.572024299187063],[-120.59747030600295,48.571778195863857],[-120.59709183099049,48.571588291351091],[-120.59645404850855,48.57092926839541],[-120.59609228418698,48.570392596121422],[-120.59573748227319,48.569614038803067],[-120.59517153564212,48.569268706195196],[-120.59433797786525,48.569212032509213],[-120.59284092517075,48.569274411809168],[-120.59147419909544,48.569605589318364],[-120.58906707662244,48.570047722084844],[-120.58790503557688,48.570400637421002],[-120.58663793164992,48.570662324627371],[-120.58549352334805,48.570523854214763],[-120.58415369522749,48.570083603218656],[-120.58280777682872,48.570427655970398],[-120.58196378496271,48.570498464169297],[-120.5815379218795,48.57044654317437],[-120.58113346282181,48.569552741908986],[-120.58043444541393,48.569385918956684],[-120.57978696871625,48.56941610013957],[-120.57889891087702,48.569379723425229],[-120.57849370962462,48.569211708059136],[-120.57746247862808,48.568354026168805],[-120.57729361385616,48.56787164005501],[-120.57701773596021,48.567057649034318],[-120.57645223662769,48.566223225646297],[-120.57545707983918,48.565703446741487],[-120.57399751284906,48.565210272389542],[-120.57391862289701,48.565183614908626],[-120.57384498023455,48.565161623108175],[-120.57371273496636,48.565127051721923],[-120.57355920980511,48.56509243018359],[-120.57340698621063,48.565061666308409],[-120.57302975796333,48.564989361625742],[-120.57283739315503,48.564948516032956],[-120.5727423842817,48.564925692870474],[-120.57265599156189,48.564902671004702],[-120.57257670844498,48.564879047479614],[-120.57250377720325,48.564854593417117],[-120.57242765346135,48.564825457710604],[-120.57235849730989,48.564794784147217],[-120.57229590848007,48.564762396325328],[-120.57223963424569,48.564728161893548],[-120.57218942551046,48.564691918706295],[-120.5721452058619,48.564653602445134],[-120.57210687099273,48.564613119949506],[-120.57207434323504,48.564570393023068],[-120.57203496301604,48.564508005602072],[-120.57199928343009,48.564443068013084],[-120.57196878531917,48.564378288168342],[-120.57194455321114,48.564315973121424],[-120.57193082764925,48.564264066590866],[-120.57192534087839,48.564211879637845],[-120.57192808182121,48.564159298618826],[-120.57193905892656,48.564106178186186],[-120.57195827247095,48.564052419578971],[-120.57210080632991,48.562787291307437],[-120.57148698229307,48.561823177991606],[-120.57034720512644,48.561033926051763],[-120.56939776268179,48.560935604046456],[-120.56797193197603,48.5608154081064],[-120.56626394138738,48.561228850181713],[-120.56559626218348,48.561751336473371],[-120.56448940051638,48.562088759552019],[-120.56439254930095,48.562184148057327],[-120.56427783531882,48.562286734196356],[-120.56422099424864,48.562333146229911],[-120.56416412085467,48.562376617028711],[-120.56410692490513,48.562417365937691],[-120.56404930777265,48.56245545293487],[-120.56399112347154,48.562490976567616],[-120.56393225503504,48.562524006680988],[-120.56379564106827,48.562595954421397],[-120.56305908054227,48.564488654006396],[-120.56194362130012,48.565386760891499],[-120.55982756134702,48.565953940241165],[-120.55730660807991,48.568124288622499],[-120.55571174456443,48.569215641248704],[-120.55228065876345,48.570474779223332],[-120.55006045994593,48.57200169213111],[-120.54993404023651,48.572093538846147],[-120.54981242656312,48.572173146496752],[-120.54639422777211,48.574279330429142],[-120.54427788503551,48.574169442349927],[-120.5435081675174,48.573962122016717],[-120.5439521459633,48.573094199199332],[-120.54470396649292,48.572583630551037],[-120.54585472014023,48.5715719667635],[-120.5467755714168,48.570682022866485],[-120.54687047505678,48.568892718329323],[-120.54624160946823,48.568092338905529],[-120.54519007271361,48.567528770582648],[-120.54327417407828,48.566673136843285],[-120.5434188606835,48.565289918020042],[-120.54266453571607,48.563830638995491],[-120.54137973825138,48.561962884166924],[-120.53992030709985,48.561552908421831],[-120.53768802249263,48.561700847709083],[-120.53693489083244,48.561038526472672],[-120.53862363936888,48.560944279970592],[-120.54138034304604,48.559886796683834],[-120.54352707608048,48.557569050324545],[-120.54481722533599,48.554679696000498],[-120.54449371947388,48.551918259616983],[-120.54229143668688,48.548255039048051],[-120.54023722302421,48.546471986976584],[-120.54169738093836,48.546283652354056],[-120.54468761817949,48.547180518895544],[-120.54656778525559,48.547261533693629],[-120.54764520246702,48.546411988328828],[-120.54561595315722,48.545044625596866],[-120.5427251610916,48.543950938376263],[-120.54081406085336,48.543338277538005],[-120.54111527373463,48.541851925943135],[-120.54122080641109,48.541761839220321],[-120.54131690032349,48.541669969058013],[-120.54140355809571,48.541576315013423],[-120.54148077553216,48.541480876923679],[-120.54154855724012,48.541383655867385],[-120.54160689998072,48.541284650567384],[-120.54165580543052,48.541183861683955],[-120.54169527199181,48.541081288582745],[-120.54172470303214,48.540989283999615],[-120.54174603793301,48.540911602271024],[-120.54176137341953,48.540840584633003],[-120.54177091850779,48.540774967091195],[-120.54177484520503,48.540712707470476],[-120.54177297639944,48.540654422106392],[-120.54176529790699,48.540599750741237],[-120.54175178287571,48.540548499866532],[-120.54173347074136,48.540500928817224],[-120.54170961676586,48.540451852140116],[-120.54168047242138,48.54040179436852],[-120.54164642696183,48.540351427356654],[-120.54160784898208,48.540301330789255],[-120.54156552127695,48.540252553419556],[-120.54152024262616,48.540206014251659],[-120.54147294794974,48.540162679336731],[-120.54142759083912,48.540127079493352],[-120.5413767045435,48.540093842198338],[-120.54132021628753,48.540062919386955],[-120.54125802190508,48.540034253577772],[-120.54119005497516,48.540007805905084],[-120.54111606481908,48.53998347369523],[-120.54103580603821,48.53996117494502],[-120.54094888770031,48.539940799202093],[-120.54086579287078,48.539924235970638],[-120.54077643577656,48.539908968162848],[-120.54068001269776,48.539894853988535],[-120.54057483923671,48.539881647156484],[-120.54039506146148,48.539862805847974],[-120.54000435951066,48.539828158427873],[-120.53984264526966,48.539811895472596],[-120.53970852562506,48.539798590028973],[-120.53957102619226,48.539788236650686],[-120.53942997149815,48.539780822575693],[-120.53928513668559,48.539776336366216],[-120.53913636258601,48.539774767977342],[-120.53898321575782,48.53977611136802],[-120.53882530260677,48.539780370276581],[-120.53866206686573,48.539787557833868],[-120.5384987257077,48.539797307387055],[-120.53832888232618,48.53980987161134],[-120.53815140674597,48.53982533159305],[-120.53796431032674,48.539843859209604],[-120.53756175758451,48.539889778094548],[-120.53702182819963,48.539958964501821],[-120.53687378413795,48.539981078428035],[-120.53670944426537,48.540010809666299],[-120.53655010607901,48.540043183668665],[-120.5361550270115,48.540127559765082],[-120.53594459107883,48.540167968175169],[-120.53583511913799,48.540185937191588],[-120.53573261449482,48.540200199817711],[-120.53563521565962,48.540211012325237],[-120.53554194824615,48.540218481531873],[-120.5354274449757,48.540224385566468],[-120.53531050727722,48.540227683044058],[-120.5351912586234,48.540228370649338],[-120.5350698371555,48.54022644714064],[-120.5349463687426,48.540221915353776],[-120.53482102707254,48.54021477990149],[-120.53469397778997,48.540205049657033],[-120.5345654016228,48.540192740192218],[-120.53443533951229,48.540177849814782],[-120.53430414519693,48.540160414812455],[-120.53417203414237,48.540140465216695],[-120.53403923846211,48.540118034657986],[-120.53390598058755,48.540093160380842],[-120.53377253262445,48.540065893293502],[-120.53363915631171,48.540036286161133],[-120.53350613113489,48.540004401730627],[-120.53337279789226,48.539970056336109],[-120.53324040243092,48.539933544784624],[-120.53310924513183,48.539894951460894],[-120.53297963395204,48.539854365972971],[-120.53285187044106,48.539811882836418],[-120.53272626966421,48.539767606365771],[-120.53260313864114,48.539721645136403],[-120.53248277859483,48.539674110641577],[-120.53236550140316,48.53962512750536],[-120.53225157711468,48.539574809043934],[-120.53214127885492,48.539523276481518],[-120.53203487197297,48.539470652434858],[-120.5319326160941,48.539417066184413],[-120.53183473290191,48.539362635006462],[-120.53174144647321,48.539307482327594],[-120.53165295577645,48.539251727610669],[-120.53156757339885,48.539192119359434],[-120.53148685044854,48.539127515214211],[-120.5314106178796,48.539057780037446],[-120.53133867677988,48.538982730466266],[-120.53127088887861,48.538902242769993],[-120.53120691081915,48.538815926360705],[-120.53114646324451,48.538723405508712],[-120.53108917066086,48.538624107409277],[-120.53104213651748,48.538532815885397],[-120.53099672446633,48.538435220808246],[-120.5309524821578,48.538330356174782],[-120.53090861362004,48.53821634851375],[-120.53083038420193,48.537989295714588],[-120.53069045529921,48.537543937384918],[-120.53063015484152,48.537361043018954],[-120.53056215688856,48.537174019389397],[-120.53049400950331,48.537009226599487],[-120.53045088813403,48.536916065215664],[-120.53040631311964,48.536827941363825],[-120.53035998986881,48.536744279959152],[-120.5303117145461,48.536664710534055],[-120.53026123526263,48.536588831750734],[-120.53020846559905,48.536516528436344],[-120.53015326967129,48.536447615326679],[-120.53009553757219,48.536381956078017],[-120.52998494443391,48.536258317210994],[-120.52973784071035,48.535972756928601],[-120.52963507501477,48.535858265699297],[-120.5295051120693,48.535722683216008],[-120.52944370587741,48.535663154567438],[-120.52938371316282,48.535608178281194],[-120.52931609601369,48.535550224895687],[-120.52924928068565,48.535497314000267],[-120.52918291031671,48.535449162675668],[-120.52911674132892,48.535405597420258],[-120.52905049760938,48.535366443038271],[-120.52898409212862,48.535331654015764],[-120.52891738796994,48.535301159935855],[-120.52885027722901,48.535274911503009],[-120.52879432814451,48.535256193895179],[-120.52873581041781,48.535239226506214],[-120.52867474137682,48.535224014688545],[-120.52861113834892,48.535210563794529],[-120.52854502056827,48.535198876955405],[-120.52847641347739,48.535188959010277],[-120.52840534476744,48.535180813455874],[-120.52833184117567,48.535174444899219],[-120.52825589389667,48.53516985209226],[-120.52817757946124,48.535167042945893],[-120.5280140198209,48.535166779830277],[-120.52784153596929,48.535173654398612],[-120.52766064203317,48.535187648819935],[-120.52746917717803,48.535209069037073],[-120.52727054720644,48.535237670921624],[-120.52706577954035,48.535273306229875],[-120.52685633868589,48.535315721228102],[-120.52664304740576,48.535364790223959],[-120.52642930379521,48.535419768649305],[-120.52621805886579,48.535479902704225],[-120.52601349559247,48.535544003809036],[-120.52589636337345,48.535586311917363],[-120.52577853648037,48.535636516650328],[-120.52565892440599,48.535695074471704],[-120.52553556802624,48.535762941296525],[-120.52542030492491,48.535832444804875],[-120.52529523871195,48.535913327677171],[-120.52517028841274,48.535998244088425],[-120.52483453985717,48.536231738280968],[-120.52473165694938,48.536300449945777],[-120.52463790749364,48.536360353027518],[-120.52452875798916,48.536425980397517],[-120.52442429376826,48.536483944020183],[-120.52432248644114,48.536535363521303],[-120.52422228430846,48.536580766423889],[-120.52411360204749,48.536624672051751],[-120.5239998135625,48.536665831795382],[-120.52388067354258,48.536704334659326],[-120.52375585020671,48.536740286063093],[-120.52362513689823,48.536773756812075],[-120.52348781928099,48.536804937707878],[-120.52334323556357,48.536833980069559],[-120.5231903573941,48.536861090479007],[-120.52306185886624,48.536881447418843],[-120.52292614166092,48.536900909190692],[-120.52262595602706,48.536938135960249],[-120.5223360592399,48.536968894835347],[-120.52164362372582,48.537036732284463],[-120.52130045991946,48.537075203998484],[-120.52113590574993,48.537096555813697],[-120.52098264862619,48.537118780391644],[-120.52083828668439,48.537142226773042],[-120.52070153714519,48.537167106688621],[-120.5205731642841,48.537193222302676],[-120.52045057216127,48.537221040068935],[-120.52033324005619,48.537250678561655],[-120.52022079857727,48.537282232091826],[-120.52011285693509,48.537315814774665],[-120.52000926266305,48.537351476460387],[-120.51990981236546,48.537389289269512],[-120.51981434594559,48.537429311934432],[-120.5197267342746,48.537469425135811],[-120.5196374277003,48.53751342792436],[-120.51954564723508,48.537561701225357],[-120.51945000042922,48.537614976331348],[-120.51925320851585,48.537732236387697],[-120.51885918919459,48.537980290680217],[-120.51868894818689,48.538083982277854],[-120.51859478617548,48.538138551064371],[-120.51850541645216,48.538187969156446],[-120.51841908580178,48.538233205332737],[-120.5183348895751,48.538274730674672],[-120.51811425353291,48.538383734004384],[-120.51761826123662,48.538638244756314],[-120.5174135250446,48.538738915105817],[-120.51728303833653,48.538799722830056],[-120.51716038991889,48.538853779428244],[-120.51704329933187,48.538902087859967],[-120.51693063907476,48.538945109268887],[-120.5168058180783,48.538988351556085],[-120.51668480999753,48.539025382543763],[-120.51656695336042,48.539056404240398],[-120.51645180733388,48.539081530304827],[-120.51633888400312,48.539100860262224],[-120.51622803062567,48.539114411112493],[-120.51611901240989,48.539122209836037],[-120.51601164891385,48.539124269929331],[-120.51589919202041,48.539120641817448],[-120.51578014815415,48.539111394412515],[-120.5156536937865,48.53909646640426],[-120.51551824336624,48.539075672484699],[-120.51538050807764,48.539050441544852],[-120.51522794386921,48.539018826250725],[-120.51506596207921,48.538982359285903],[-120.51478774519934,48.538916931701522],[-120.51470377358116,48.538896191004945],[-120.51461940215104,48.538873172263614],[-120.51453448518438,48.538847835762844],[-120.51444883342437,48.538820126080623],[-120.51436231676882,48.538790004466286],[-120.51427458608519,48.538757350118168],[-120.51409409351292,48.538683922034018],[-120.51391564425447,48.538603949948062],[-120.51372161719512,48.538510206074669],[-120.51352355459258,48.538409258606798],[-120.51298095142701,48.538125718860265],[-120.51281316037839,48.538042030259],[-120.51266083480104,48.537969899430138],[-120.51248275210111,48.537891510202627],[-120.51231314708387,48.537823906314479],[-120.51214864242823,48.537765745598392],[-120.51198749626877,48.537716423339894],[-120.51172211118799,48.5376444933042],[-120.51145364585697,48.537577343939525],[-120.51118298174568,48.537515196276253],[-120.51091092354856,48.537458234334267],[-120.51063833924692,48.537406637396721],[-120.51036583353985,48.537360517191907],[-120.51009407223826,48.537319985798852],[-120.50982364691866,48.537285131927831],[-120.50955575099591,48.537256087949984],[-120.50929023423905,48.537232820588791],[-120.50902755885448,48.537215367463766],[-120.50876813261155,48.537203758078753],[-120.50851238707402,48.537198008287355],[-120.50826060865158,48.537198124196685],[-120.50801310959972,48.537204103534634],[-120.50777016541065,48.537215942148983],[-120.50727425067718,48.537239460301087],[-120.50714877911605,48.537248070212108],[-120.50703805079708,48.537258536300506],[-120.50692150157762,48.537273652143092],[-120.50681566839263,48.537292271088496],[-120.50671875235922,48.537314713946444],[-120.50662987688629,48.537341189198955],[-120.50658737091018,48.537357266249685],[-120.5065446730443,48.537377047471423],[-120.50650134983856,48.537400729737215],[-120.50645658054874,48.537428757744699],[-120.50637667247695,48.537486206734897],[-120.50619200816908,48.537631322119523],[-120.50614152780462,48.537666905722787],[-120.50609465308717,48.537696263067104],[-120.50604330859746,48.537723585375296],[-120.50599294449079,48.537745029700204],[-120.50594270109366,48.537760958421423],[-120.50589209302639,48.537771520371606],[-120.50582683870654,48.537779281885406],[-120.50575590070611,48.537783184219592],[-120.50567945569102,48.537783218327675],[-120.50559777050726,48.537779382530346],[-120.50551091609704,48.537771663194562],[-120.5054196843594,48.537760115108661],[-120.50532478816554,48.537744825051959],[-120.50522756364413,48.537726007050352],[-120.50517409527869,48.537713154268175],[-120.505119877703,48.53769681070623],[-120.50506437549856,48.537676818375417],[-120.5050065917949,48.537652819874261],[-120.50489818541844,48.537600738827457],[-120.50469889572413,48.537494382712758],[-120.50461756609153,48.537453116158154],[-120.5045315721586,48.537414177954957],[-120.50445163970021,48.537383847715738],[-120.50436192631831,48.537356904604714],[-120.50426369896526,48.537334115382343],[-120.50415599701016,48.537315251469053],[-120.50403682445629,48.537299959304676],[-120.50392892125542,48.537289839229032],[-120.50380668638428,48.53728139009376],[-120.50339675720096,48.537262160829556],[-120.50324832682405,48.537253302911004],[-120.50310496757889,48.537240660423947],[-120.50298066066478,48.53722444077971],[-120.50291526244165,48.53721314921912],[-120.50285407081917,48.537200358293049],[-120.50279671182223,48.537185990155436],[-120.50274293917282,48.537169981715856],[-120.50269249293821,48.537152252589713],[-120.50264528987866,48.537132766917992],[-120.50260120779619,48.537111474192812],[-120.50256015648785,48.537088331341572],[-120.50251707776603,48.537059144571941],[-120.50247605620517,48.537025254764522],[-120.50243664054544,48.536986296223347],[-120.50239802097802,48.53694147304531],[-120.50236704738727,48.536900676961629],[-120.50233445840345,48.536853485128958],[-120.50219620523801,48.536637384263187],[-120.50215775238208,48.536584631610538],[-120.50212006799288,48.536539015394133],[-120.50208086130962,48.536497969909739],[-120.50204026962813,48.536461862487343],[-120.50199774678525,48.536430208125267],[-120.501952955579,48.536402759809903],[-120.50189665207111,48.536373369430919],[-120.50183549241572,48.536344677282472],[-120.50176967435002,48.53631677486996],[-120.50169947645776,48.536289783411469],[-120.50162507599889,48.53626377739856],[-120.50154710795158,48.53623898911912],[-120.50146616155841,48.536215604532934],[-120.50138309150032,48.536193872090706],[-120.50133350011691,48.536182725216193],[-120.50128228424079,48.536173519974284],[-120.50122934536347,48.536166238265189],[-120.50117455510258,48.536160863571467],[-120.50111782675313,48.536157383200461],[-120.50105890185877,48.536155777578998],[-120.50093340082397,48.536158172703054],[-120.50081240227324,48.536166512056717],[-120.50067663150099,48.536181027094877],[-120.50053839291951,48.536199524283781],[-120.50016585482567,48.53625401907972],[-120.50005461072863,48.536267906221681],[-120.49995538638666,48.536277969496673],[-120.4998433601782,48.536285739338965],[-120.49973996994694,48.53628856023672],[-120.49964321932283,48.536286483732191],[-120.49955211091084,48.536279482363838],[-120.49948507639536,48.536271319233563],[-120.49941731398178,48.536261102206531],[-120.49934868711186,48.536248811529859],[-120.4992790200004,48.536234415668979],[-120.49913586585986,48.536199167452132],[-120.49898529539627,48.536154731968772],[-120.49884840526944,48.5361088287545],[-120.49869770156235,48.536053552291179],[-120.49854870909626,48.53599550478225],[-120.49815733377395,48.535838824229913],[-120.49793524693558,48.535755678063168],[-120.49781521800773,48.535714780522127],[-120.49770180938198,48.535679553911685],[-120.4975928874094,48.535649340323452],[-120.49748734867921,48.535623836138647],[-120.49737411951433,48.535600665337846],[-120.49725331848697,48.535579979617879],[-120.49712373867052,48.535561569020011],[-120.49698294710225,48.535545085659876],[-120.49685719634004,48.535532755592321],[-120.4967160787027,48.535520879633317],[-120.49624256905918,48.535487069799224],[-120.49606748091358,48.535473247268094],[-120.49589535589745,48.535456822664337],[-120.49574320320107,48.535438696628141],[-120.49558376407906,48.535414592761398],[-120.49543879573153,48.535386595610092],[-120.49530574767914,48.535354208250403],[-120.49518331725602,48.535317106317457],[-120.49510162154048,48.535288231132938],[-120.49502072242782,48.535256898912898],[-120.49494060389401,48.535223104067903],[-120.49486124854874,48.535186837493562],[-120.49478264166359,48.535148093368896],[-120.49470475800285,48.535106860233128],[-120.49462757751373,48.535063125698969],[-120.49455107427734,48.535016876548333],[-120.49447526645292,48.534968127394073],[-120.4944000800147,48.534916830389328],[-120.49432548337771,48.534862964871238],[-120.49425143738328,48.534806504952499],[-120.49417791330937,48.534747426639292],[-120.49410485411677,48.534685686566299],[-120.49403221122428,48.534621241735948],[-120.49395992219861,48.534554038470453],[-120.49382128312624,48.534416431485703],[-120.49368308029834,48.534267706479035],[-120.49354452468265,48.534107020617782],[-120.49340420488882,48.533932739230806],[-120.4932661021323,48.533750505221441],[-120.4931206441596,48.533548345216332],[-120.49296699978485,48.53332572466423],[-120.49275044354353,48.533003304185968],[-120.49270857083189,48.532936039634457],[-120.49266644439608,48.532858767185296],[-120.4925305445024,48.532573074153163],[-120.4924716726587,48.532461471736298],[-120.49243655416407,48.532404027803146],[-120.49240072786976,48.532352499147628],[-120.4923634864512,48.532305878881672],[-120.49232443519413,48.532263675595999],[-120.49228360588643,48.53222521169679],[-120.49223945575574,48.532188261385322],[-120.4921919751819,48.5321528141614],[-120.49214114669959,48.532118857167852],[-120.492086956188,48.532086382587693],[-120.49202938092759,48.53205537474355],[-120.49196839663179,48.532025821056742],[-120.49190397410192,48.531997707007335],[-120.49183614669565,48.531971043542633],[-120.49176481610759,48.531945788086226],[-120.49168993554034,48.531921923624239],[-120.491611449397,48.531899431896235],[-120.49152930931261,48.531878298987039],[-120.49144341958264,48.531858499708257],[-120.49135368845981,48.531840011922654],[-120.49125999425436,48.531822811326471],[-120.4910806424457,48.531794975281358],[-120.49088675343867,48.531771051125972],[-120.49067670346635,48.531750832847521],[-120.49044705081704,48.53173398640174],[-120.4902496966333,48.531722865243857],[-120.49002984525387,48.531713166452498],[-120.48922719344887,48.531687380466202],[-120.48891924837967,48.531674351059152],[-120.48882366353438,48.531670766078783],[-120.48872327559279,48.531669712153459],[-120.48861707281914,48.531671174627576],[-120.48850307475013,48.53167518135222],[-120.48828720358739,48.531687790708943],[-120.4877442850927,48.531727889180644],[-120.48759123787266,48.531735840364192],[-120.48745424834681,48.531739762062529],[-120.48730420276037,48.531739387191209],[-120.48716493167221,48.531733500698195],[-120.48703389887703,48.531721991095552],[-120.48690980501664,48.531704738225272],[-120.48662002674671,48.531654816478614],[-120.48651697661718,48.531634054512452],[-120.48642530329199,48.531612921751176],[-120.48633807280018,48.531589589181365],[-120.48625877566907,48.531564727027792],[-120.48618648924506,48.531538043484488],[-120.48612074386608,48.531509364071496],[-120.48605049583908,48.531473925536567],[-120.48598165995908,48.531435038675511],[-120.48591522591776,48.53139326054869],[-120.4858521212152,48.531349177185184],[-120.48579328552395,48.531303452314297],[-120.48573935527598,48.531256593359238],[-120.48569096084968,48.531209149231991],[-120.48564859154325,48.531161598204086],[-120.48560798158982,48.531107213089058],[-120.4855718510684,48.53104776969694],[-120.48554034146999,48.530983500229972],[-120.48551362803182,48.530914755840037],[-120.48549180862226,48.530841695707956],[-120.48547519631362,48.530765246825503],[-120.48546398212339,48.530686257444906],[-120.48545835730788,48.530606075697506],[-120.48545916727699,48.530552218278359],[-120.48546527645114,48.530496739196998],[-120.48547668400185,48.530439647056546],[-120.48549338555416,48.530380952033099],[-120.48551538061969,48.530320663607277],[-120.48554266482195,48.530258791954111],[-120.48557523310093,48.53019534549037],[-120.4856130839415,48.530130331059063],[-120.48565610405549,48.530063913613176],[-120.48570437832799,48.529995940779536],[-120.48575791212288,48.529926405014045],[-120.48581672791032,48.529855275041257],[-120.48588074502881,48.529782635744333],[-120.48595018286619,48.529708228017022],[-120.48602521364612,48.529631860381777],[-120.48610646787782,48.529552891097211],[-120.48614299837145,48.529520105648402],[-120.48618194141129,48.529488975192208],[-120.4862233117221,48.529459487697586],[-120.48626712955311,48.529431631085572],[-120.4863134099713,48.529405394203614],[-120.48636217868057,48.529380761178722],[-120.48641346309245,48.529357720531401],[-120.48646729184439,48.529336256804143],[-120.48652364748104,48.529316374992668],[-120.48658261776039,48.529298040616624],[-120.48664424373486,48.529281241637577],[-120.48670857873105,48.529265961944162],[-120.48677566837179,48.529252190560371],[-120.48684559360514,48.529239911136692],[-120.48691843347102,48.529229109543778],[-120.48699428324046,48.529219770630718],[-120.48715523154617,48.529205445436673],[-120.48732982928856,48.529196798790132],[-120.48751965999934,48.529193747798963],[-120.48772773779363,48.529196239557486],[-120.48793729865388,48.529203385324635],[-120.48817411648511,48.529215468025143],[-120.48842126744908,48.529231030768116],[-120.48911264222137,48.529278377783072],[-120.48932278529129,48.52929061974114],[-120.48950948421765,48.52929939204283],[-120.48971994964418,48.529305991103584],[-120.48991265534404,48.529308019979077],[-120.49009129657622,48.529305513642832],[-120.49025768236166,48.529298441991656],[-120.49035591267216,48.529291692074338],[-120.49045013703491,48.529283127456338],[-120.49054054912102,48.529272729503035],[-120.49062730004582,48.529260480607533],[-120.49071055026603,48.52924635867361],[-120.49079037260532,48.529230347871191],[-120.49086686423408,48.529212430836957],[-120.49094009695246,48.529192589104049],[-120.49101023781731,48.529170771203475],[-120.49107723438604,48.529146988393052],[-120.4911411376588,48.529121222164164],[-120.4912019869754,48.529093456092234],[-120.49125982453839,48.52906367042177],[-120.49131467673169,48.529031851043811],[-120.49136657184805,48.528997981628635],[-120.49141553333951,48.528962047651405],[-120.4914895023139,48.528902765650088],[-120.49156235332866,48.528840949800745],[-120.49163345420585,48.528777134100579],[-120.49170221082909,48.528711854202264],[-120.49176801785853,48.528645688173945],[-120.49183042081577,48.528579095965796],[-120.49188896537747,48.528512562873445],[-120.49194326975916,48.528446525517381],[-120.49199175060507,48.528382628582563],[-120.49203774041659,48.528316337093685],[-120.49208125412105,48.528247632412096],[-120.49212230364277,48.528176491737433],[-120.4921609026143,48.528102896662546],[-120.49219707297401,48.528026803802639],[-120.49223083475248,48.527948171993508],[-120.49226221131482,48.527866947258673],[-120.49229113126162,48.527783359440235],[-120.49231773760174,48.527697045622233],[-120.49234206158397,48.527607904373028],[-120.49236414295336,48.527515784817155],[-120.4923840037104,48.527420629463826],[-120.49240173105981,48.527322045905429],[-120.4924310640662,48.527112950657163],[-120.49244943761275,48.526919405696148],[-120.49245784914281,48.526738900346182],[-120.49245640121343,48.526569191971198],[-120.49244507466447,48.526409464561375],[-120.49243566436711,48.526332942312024],[-120.49242375598421,48.526258741368451],[-120.49240934268258,48.526186826302151],[-120.49239241974783,48.526117170702783],[-120.49237297980348,48.526049744877021],[-120.49235101848647,48.52598454114564],[-120.49232653224612,48.525921543226673],[-120.49229951603552,48.525860741683459],[-120.49225175255006,48.525768629873781],[-120.49219542693361,48.525675885476737],[-120.49213060393683,48.525582614377875],[-120.49205737041588,48.525488940122685],[-120.49197580475932,48.525394968034924],[-120.49188606423684,48.525300885185722],[-120.49178831163005,48.525206860744795],[-120.49168275652058,48.52511309874042],[-120.49156903776044,48.525019332943515],[-120.49144800505658,48.524926316381816],[-120.49132002781083,48.524834336334884],[-120.49118558169825,48.524743732501662],[-120.4910450658375,48.524654783089282],[-120.49089929376633,48.524568012662534],[-120.49074903846797,48.524483880678943],[-120.49059525865486,48.524402925221374],[-120.49043233234019,48.52432307651889],[-120.49026444437359,48.524247248497787],[-120.49009159249158,48.524175442478423],[-120.48991377763234,48.524107657328756],[-120.48973099977842,48.524043893026551],[-120.48954325761466,48.523984149780944],[-120.48935055241542,48.523928427337495],[-120.48915288449884,48.523876726551734],[-120.48803052374653,48.522346899111618],[-120.48811803102353,48.522271901493156],[-120.48820068230756,48.522195856681606],[-120.48827847631628,48.522118764918041],[-120.48835141565431,48.52204062574836],[-120.4883933770992,48.52199158414507],[-120.48843250317708,48.521941243251767],[-120.48846880786232,48.521889585539633],[-120.48850230955848,48.521836587050032],[-120.48853302087491,48.521782226739283],[-120.48856096068803,48.521726471167241],[-120.48858614562506,48.521669288235344],[-120.48860859190168,48.521610641220143],[-120.4886282927239,48.521550566107607],[-120.48864529194817,48.521488940421015],[-120.48865960714741,48.521425713098957],[-120.48867124974893,48.521360817264181],[-120.48868023439358,48.521294201439702],[-120.48868657371565,48.521225759065935],[-120.48869027755769,48.521155390660248],[-120.48869135363439,48.521082969869596],[-120.48868717454279,48.520955072932217],[-120.48867541252811,48.520819841320275],[-120.48865595694139,48.520675945453874],[-120.48862844792579,48.520520687027528],[-120.48859996855003,48.520384638123822],[-120.48856457251173,48.520232646472323],[-120.48840194974828,48.5195869624891],[-120.48836843194398,48.519435877016711],[-120.48834258137315,48.519300915045292],[-120.48831210245218,48.519157218361478],[-120.48826765008747,48.518997890395319],[-120.48821729342698,48.518843551372242],[-120.48808318447674,48.518458490466173],[-120.48804863876973,48.518349722364135],[-120.48802064594786,48.518251653842292],[-120.48799439404718,48.518143785438475],[-120.4879750506546,48.518042461729927],[-120.48796227417989,48.517945858793048],[-120.48795594381157,48.517853027538777],[-120.48795688657664,48.517778080485165],[-120.4879647257517,48.5176942011447],[-120.48797691252121,48.51761274333429],[-120.48801228697347,48.517411200429137],[-120.48802535902813,48.517304958689117],[-120.48802836374684,48.5172504511144],[-120.48802806125268,48.517199608340064],[-120.48802444698958,48.517151527224101],[-120.48801747939883,48.517105740664853],[-120.48799600573382,48.517014504916439],[-120.48796645035942,48.516920953259955],[-120.4879289811948,48.516825617602095],[-120.48788386039666,48.516729168986679],[-120.48783132878502,48.51663216293209],[-120.48777195202166,48.516535687936454],[-120.48770632938638,48.51644071936439],[-120.48763524078817,48.516348387283543],[-120.48756725536239,48.516269828468687],[-120.48749071371455,48.516191176262637],[-120.48740588221429,48.516112702528552],[-120.4873131021188,48.516034722121752],[-120.48721268963901,48.515957513967642],[-120.48710521587586,48.515881520973728],[-120.48699124794963,48.515807147292627],[-120.48687147075245,48.515734839922132],[-120.48674576277708,48.515664582039221],[-120.48661583067693,48.51559738597615],[-120.48648264006566,48.515533750977426],[-120.48634725419376,48.51547418514798],[-120.48621073689786,48.515419158904059],[-120.48607428156434,48.515369155215843],[-120.48593904144917,48.51532459657458],[-120.48580614973199,48.515285857382274],[-120.48575715417196,48.515273573874531],[-120.48570697170203,48.515263049156225],[-120.48565557654193,48.515254277496908],[-120.48560294195707,48.515247254276204],[-120.48554904319086,48.51524197639943],[-120.48549383987172,48.515238439804278],[-120.48537936470403,48.515236580543096],[-120.48525932760376,48.515241657605571],[-120.48513308118712,48.515253684254766],[-120.48500002274815,48.51527271744596],[-120.48485921434421,48.515298889080768],[-120.4847404462231,48.515325051950626],[-120.48461493740835,48.51535613009608],[-120.48448138662677,48.515392443448469],[-120.48433718900291,48.515434697136868],[-120.48406825312428,48.515519531786907],[-120.483422654648,48.515732723570288],[-120.48325267589016,48.51578585082099],[-120.48310044522349,48.51583063423368],[-120.48294429908084,48.515872884809397],[-120.48279923212503,48.515907904497958],[-120.48266291012116,48.515936253314997],[-120.48253409593248,48.515958184326323],[-120.48240833647714,48.515974227432388],[-120.48228881415683,48.51598373406604],[-120.48217497058641,48.515986746716983],[-120.4820664219186,48.515983275742016],[-120.48196275640097,48.515973298897173],[-120.4818638260888,48.515956791896564],[-120.48176942111799,48.515933720846419],[-120.48167938316782,48.515904045460175],[-120.48155839301828,48.515857577195064],[-120.48144223797479,48.515810823655642],[-120.48133226458239,48.515764326947412],[-120.48122912166004,48.515718362969601],[-120.48113352991444,48.515673264308688],[-120.48104553113593,48.515629060154332],[-120.48096536209371,48.515585867945745],[-120.48089317281074,48.515543770821679],[-120.48082941777577,48.515503061551421],[-120.48077375467155,48.515463557946319],[-120.48072625059253,48.515425304401134],[-120.48068694678796,48.515388335833158],[-120.48065588130387,48.515352689610054],[-120.48063306811022,48.515318383909658],[-120.48061852124751,48.51528544065448],[-120.48061224882318,48.515253877188009],[-120.4806128311438,48.515236890687135],[-120.48061692166615,48.515219759326655],[-120.48062452630673,48.515202451980201],[-120.48063566570505,48.515184925493855],[-120.4806503551868,48.515167147998916],[-120.48066864960808,48.515149046735679],[-120.48071636903403,48.515111573105187],[-120.48077851792637,48.515072472827008],[-120.48085824986585,48.515029571808661],[-120.48095416076563,48.51498309648872],[-120.48117431534311,48.51488237172272],[-120.48127033411483,48.514836809916055],[-120.48136528460478,48.514788084427963],[-120.48144328758626,48.51474305923962],[-120.48148419272724,48.514716451182466],[-120.48152018208741,48.514690372964175],[-120.48155147243475,48.514664669337726],[-120.48157818919056,48.514639235206239],[-120.48160044652026,48.514613954328695],[-120.48161826650579,48.514588790814273],[-120.48163169133515,48.51456368920519],[-120.48164074260922,48.514538605238961],[-120.48165180355254,48.514479485580935],[-120.48165477437902,48.514412741359557],[-120.481649593752,48.51433950923019],[-120.48163639001838,48.514261706613375],[-120.48161517085389,48.514180476620439],[-120.48158707014818,48.514100871062737],[-120.48155359919464,48.51402718366819],[-120.48151686289482,48.513964073773735],[-120.48148691133088,48.513926762148941],[-120.48144917826863,48.513893016357471],[-120.48140372721819,48.513862896455329],[-120.48135065025532,48.513836461150838],[-120.48129003310794,48.513813759948995],[-120.48122204892002,48.513794860558974],[-120.48114687668894,48.513779813668798],[-120.48106475220474,48.513768666393936],[-120.4809754250894,48.513761426816487],[-120.4808796874601,48.513758197673596],[-120.48077793920206,48.513758992057006],[-120.48067066501137,48.513763806023789],[-120.48055832210039,48.51377262550897],[-120.48044163726102,48.513785395792638],[-120.4803213193439,48.513802040932575],[-120.48019817693762,48.51382244931326],[-120.48006868761117,48.513847378145556],[-120.47993813809512,48.513875983253982],[-120.47980760598448,48.513908028853713],[-120.47967820295565,48.513943242067093],[-120.47955105144996,48.513981317089986],[-120.4794272184069,48.51402193361033],[-120.47930773564983,48.514064752225309],[-120.47919355086955,48.51410943447511],[-120.47908620593778,48.514155338410525],[-120.47898569628063,48.514202427281631],[-120.47889268446941,48.514250388212496],[-120.47880771220265,48.514298943080924],[-120.47873130889724,48.514347782133065],[-120.47866376762228,48.514396711136754],[-120.47860539166609,48.514445508663066],[-120.47855640598767,48.514493987010006],[-120.47852997872735,48.514525654733212],[-120.478505462911,48.514560920776525],[-120.47848259487351,48.514600162063246],[-120.47846090716544,48.514644172478057],[-120.47842677465439,48.514728434213126],[-120.47835668881881,48.514928342473063],[-120.47831771954347,48.515018314113064],[-120.47829783925296,48.515055418543376],[-120.47827683890411,48.515089146870082],[-120.47825445341603,48.515119922306901],[-120.47823051261813,48.515147977278147],[-120.47819624180457,48.515182956663864],[-120.47815880910116,48.515217274773647],[-120.47811823365718,48.515250913148428],[-120.47807454205356,48.515283851061504],[-120.47802775541822,48.515316071579257],[-120.47797791158079,48.515347547266828],[-120.47792504557835,48.515378257765498],[-120.47786920110536,48.51540817647156],[-120.47774864347686,48.515465592739496],[-120.47761681181434,48.515519513227225],[-120.47747428007916,48.515569700043685],[-120.47732182787423,48.515615877617655],[-120.47715759142309,48.515658433408838],[-120.47698532074224,48.515696225684025],[-120.4768064921663,48.515728928632875],[-120.4766229940105,48.515756196406684],[-120.47643647393055,48.515777759051453],[-120.47624995765551,48.515793242301193],[-120.47606619127399,48.515802418649194],[-120.47588820557742,48.51580513377062],[-120.47581084653008,48.515803290884961],[-120.4757299163435,48.515798216582454],[-120.47564463497064,48.515789864172753],[-120.47555353174987,48.515778092351738],[-120.47537322011699,48.515748393763332],[-120.47502256891879,48.515680837255275],[-120.47487735701964,48.515655003265117],[-120.47472633320019,48.515632927642919],[-120.47459072261148,48.515619267636595],[-120.4742576414765,48.515596645443786],[-120.47397710143204,48.515582869773418],[-120.47372187307205,48.515576618735146],[-120.47360221839898,48.51557630649576],[-120.47348709964267,48.515577864596921],[-120.47337419926049,48.515581375363467],[-120.47326528877026,48.515586838052343],[-120.47316012174393,48.51559426380576],[-120.47305852880405,48.515603665974361],[-120.47296032052895,48.515615063368251],[-120.47286542852386,48.515628465392247],[-120.47277375391666,48.515643885015955],[-120.47268522320094,48.515661336315141],[-120.47258098341018,48.515686659163691],[-120.47247507380391,48.515718738189044],[-120.47236648541794,48.515757872006404],[-120.47225337765389,48.515804722013733],[-120.47214882676771,48.515852795548724],[-120.47203453592491,48.51590954693318],[-120.47161792099169,48.516131640546021],[-120.4714431797178,48.516219686891127],[-120.47134740291813,48.516263894137111],[-120.47125641547623,48.516302465060939],[-120.47116847184385,48.516336138049425],[-120.471082666893,48.516365254250211],[-120.47100269933011,48.516388964150899],[-120.470919164672,48.51641055149269],[-120.47083188987727,48.516430059392512],[-120.47074064974441,48.516447539343808],[-120.47064530061839,48.516463024515268],[-120.47054535308403,48.516476599496883],[-120.47044035726847,48.516488325840648],[-120.4703296133995,48.516498281543676],[-120.47013510932196,48.516510893448789],[-120.46991491624328,48.516519563564493],[-120.46970033432311,48.516524295777309],[-120.46917811815594,48.516531671074105],[-120.46891136605068,48.516539530625707],[-120.46877758354127,48.516546161829851],[-120.46865400851077,48.51655454976212],[-120.46853846822169,48.516564842896706],[-120.46842983836237,48.516577146212306],[-120.46831269775622,48.516593847455141],[-120.46820264107349,48.516613441198281],[-120.46809901503448,48.516636043190793],[-120.46800138468946,48.516661749918256],[-120.46790929259394,48.516690689130385],[-120.46782258996978,48.516722916536814],[-120.46774105835887,48.516758515324383],[-120.46766453105474,48.516797555678387],[-120.46759952517992,48.5168372199971],[-120.46753520200029,48.516884284858676],[-120.46747093706246,48.516939197225838],[-120.46740555650219,48.517002955070772],[-120.46735017224863,48.517062701717784],[-120.46729055920956,48.51713197103782],[-120.46710200142711,48.517366700662187],[-120.4670331327742,48.517449178095291],[-120.46696313682061,48.517526186267425],[-120.46689750781169,48.517590116924261],[-120.46686048995107,48.517622179861931],[-120.46682376033372,48.5176509957005],[-120.46678709643574,48.51767674418096],[-120.46675033551927,48.517699534232371],[-120.46671329507208,48.517719477375365],[-120.46667590705295,48.517736601734299],[-120.46663807226228,48.517750955091785],[-120.46659971031666,48.517762565896959],[-120.46655851030658,48.517772357982473],[-120.46651559317621,48.517780342578746],[-120.46647096376944,48.517786517879856],[-120.46642462468056,48.517790883421405],[-120.46637658143649,48.517793439154808],[-120.46632683663196,48.51779418461561],[-120.46622226383812,48.517790246513776],[-120.46611094172464,48.517779067479459],[-120.46599292924779,48.517760652949846],[-120.46586828059633,48.517735013912414],[-120.46573706653241,48.517702161214288],[-120.46559935114195,48.517662113472888],[-120.46545523472339,48.517614896933701],[-120.46530481151152,48.517560543623887],[-120.46514818460983,48.517499090564854],[-120.46498560721726,48.517430643816034],[-120.46481697275425,48.517355164151574],[-120.46464227645623,48.517272653360003],[-120.46446071994052,48.517182735344498],[-120.46429442800851,48.517094035934008],[-120.46413006875156,48.516997305405468],[-120.46397089618343,48.516894456432638],[-120.46382047458331,48.516787790721928],[-120.46374523562622,48.516727166436972],[-120.46367641994516,48.516661993858648],[-120.46361387614081,48.516592132784936],[-120.46355743037108,48.516517388765152],[-120.463506970239,48.516437640000277],[-120.46346220349429,48.516352454792241],[-120.4634229097579,48.516261422434894],[-120.46338881134005,48.516163895341968],[-120.46336518731023,48.516081087465103],[-120.46334445387551,48.515992906714899],[-120.46332638943257,48.51589843240199],[-120.46331063533118,48.51579580898531],[-120.46328872486096,48.515603708174787],[-120.46324809751691,48.515143614509739],[-120.46323398787425,48.515024319815389],[-120.46321807282294,48.514917861957372],[-120.46319780014238,48.514810923208557],[-120.46317415985297,48.514712111007356],[-120.46314678096294,48.514619887711191],[-120.46311541551793,48.514533435984937],[-120.4630807164875,48.514453970621574],[-120.46304182714294,48.514379016565556],[-120.46299858155626,48.514308260489486],[-120.4629508470863,48.514241485537347],[-120.46289845283832,48.514178461951992],[-120.46284131896211,48.514119105327694],[-120.46277933089679,48.514063298933252],[-120.46271239249414,48.514010955634546],[-120.46250171344086,48.513854274806867],[-120.46243835698195,48.513810185071186],[-120.46238045525399,48.513772822170047],[-120.46231967253131,48.513737376482489],[-120.46226161602608,48.513707748600226],[-120.4622054635112,48.513683522525263],[-120.46215079514299,48.513664519533783],[-120.46208997555269,48.513648773083858],[-120.46202513374963,48.513637300178395],[-120.46195626420001,48.51363010085786],[-120.46188336068671,48.513627173405013],[-120.46180642155925,48.513628517166104],[-120.46172541755129,48.513634131719833],[-120.46164032137251,48.513644018170815],[-120.46155108439008,48.513658183313048],[-120.46145865444699,48.513676417495581],[-120.46136199583198,48.513698871810824],[-120.46126095804432,48.513725579695773],[-120.4611552393546,48.513756620379667],[-120.46104545111415,48.513791773822994],[-120.46092967568902,48.513831613536247],[-120.4608066776636,48.513876547054444],[-120.4606700780879,48.51392890184654],[-120.46055624243826,48.513977324612917],[-120.4604338240424,48.51403720254401],[-120.46031070876353,48.514103437931638],[-120.46007339755167,48.514237323440028],[-120.45997514668656,48.514293971231304],[-120.45987836325094,48.514353829628178],[-120.45978288946432,48.514416995393013],[-120.45968853495579,48.514483595535403],[-120.45959516103417,48.514553722469046],[-120.45950243005761,48.514627623453464],[-120.45941004706452,48.514705534369035],[-120.45931761141185,48.514787793585612],[-120.45922436976007,48.514875087131387],[-120.45912991034596,48.514967821129055],[-120.45903338654857,48.5150668232207],[-120.45893327559709,48.515173652484734],[-120.45873383591204,48.515396761401512],[-120.45834693799574,48.515846788703804],[-120.45818225634288,48.516034107039772],[-120.45800444616104,48.516226881678499],[-120.45783827925739,48.51639512340806],[-120.45773654966969,48.516491647776],[-120.45763567282528,48.516582248915803],[-120.45753492682763,48.516667572467497],[-120.45743382466425,48.516748030464058],[-120.4573317998813,48.516824062272526],[-120.4572286698977,48.516895793501533],[-120.45712414753574,48.516963422926565],[-120.45701800609514,48.517027098124558],[-120.45692332675861,48.517078911323495],[-120.45681973934994,48.517130226857311],[-120.45670622535702,48.517181554428333],[-120.45658071605639,48.517233831734956],[-120.45646493343659,48.517278985082861],[-120.45633373810574,48.517327637454947],[-120.45587336664885,48.517490350004962],[-120.45569675997234,48.517554801810441],[-120.45552177281552,48.517623196134323],[-120.45537083524958,48.517688123326764],[-120.45528848333724,48.517726862876657],[-120.45521193608704,48.517765635506436],[-120.4551406892635,48.517804694717512],[-120.45507441925761,48.517844220427037],[-120.45501279223137,48.517884419745471],[-120.45495570550106,48.517925363625082],[-120.45490300674238,48.517967162884268],[-120.45485458836173,48.518009904383817],[-120.45479447216664,48.518068954353588],[-120.45473680636512,48.518131560133796],[-120.45468154601905,48.518197770152668],[-120.45462863384861,48.518267651014206],[-120.45457803173542,48.518341250869049],[-120.45452964237407,48.518418704538369],[-120.45448338400598,48.518500144068142],[-120.45443915052968,48.5185857565871],[-120.45439771881642,48.51867377044875],[-120.45435795359876,48.518766333221578],[-120.45431967137895,48.518863861012704],[-120.45428258719261,48.518967086827004],[-120.45424695129066,48.519075066825934],[-120.45421146159268,48.519191514569599],[-120.45413491033806,48.519470055471899],[-120.45411937554179,48.51953548803305],[-120.4541066212833,48.519602452887476],[-120.45409662036218,48.519671079858021],[-120.4540893489195,48.519741539512815],[-120.45408479148406,48.519813945487556],[-120.45408291976457,48.519888635448247],[-120.45408721604954,48.520046246944538],[-120.45409974814599,48.520194882255474],[-120.45412098082278,48.520360378789277],[-120.45414760660671,48.520527035409359],[-120.45422522662207,48.520971981642049],[-120.45424512621503,48.521104860193859],[-120.45425980481596,48.521224050651085],[-120.45427159739224,48.521359214415114],[-120.45427676362253,48.521485180327552],[-120.45427539654682,48.521604366243714],[-120.45426747676237,48.521717993321531],[-120.45423034607806,48.522064474734648],[-120.45419546882033,48.522330284830453],[-120.45415569603399,48.522569818353226],[-120.45410983690958,48.522788407609191],[-120.45408341369993,48.522894902395514],[-120.45405495184418,48.522997789381229],[-120.45402435102321,48.523097431296058],[-120.45399152980748,48.523194086022421],[-120.45395639060487,48.523288034059078],[-120.45391888928781,48.523379386631632],[-120.4538789632477,48.523468293028955],[-120.45383656099192,48.523554870489264],[-120.45379434387328,48.523645592356871],[-120.45368955360787,48.523896113016164],[-120.45365452823829,48.523967337252152],[-120.45361924430283,48.52402855110482],[-120.45357322800683,48.524093911895655],[-120.45354886572835,48.524122827505366],[-120.45352344691716,48.524149420119912],[-120.45349684554969,48.524173818404115],[-120.45346901607289,48.524196054916324],[-120.45343989349786,48.524216183535877],[-120.45340942163357,48.524234241538437],[-120.45337377057086,48.524252298345367],[-120.45333449345256,48.524269482940724],[-120.45329165056208,48.524285768589195],[-120.45324532352795,48.524301122866916],[-120.4531425740291,48.524328921904797],[-120.45302744560067,48.52435255018014],[-120.45289981911769,48.524371889861932],[-120.45276434768333,48.524386103936237],[-120.45262531417676,48.524394725908387],[-120.45249045650968,48.524397263722506],[-120.45243778422594,48.52439582161162],[-120.45238522174107,48.524391980826969],[-120.45233276060485,48.524385740998653],[-120.45228038909359,48.524377100461827],[-120.45222809971173,48.524366057736671],[-120.45217587616665,48.524352610094709],[-120.45212370475711,48.524336754344866],[-120.45207157109995,48.524318485538736],[-120.45201949190843,48.524297811030863],[-120.45196741031467,48.524274712783587],[-120.45191530729851,48.524249181038527],[-120.45186315531591,48.524221201920902],[-120.45175860116223,48.524157849538362],[-120.45165343639773,48.524084466937857],[-120.45155381062654,48.524006209708993],[-120.45145280389761,48.52391848258366],[-120.45134978105693,48.523820737449903],[-120.45124346753435,48.523711770777219],[-120.45114450979725,48.523603751199332],[-120.45103791137552,48.523481450030445],[-120.45068005373636,48.523051693972008],[-120.45061007207285,48.522967318198809],[-120.45054251527972,48.522881621827885],[-120.45047760448547,48.522794882043556],[-120.45041553258493,48.522707360397121],[-120.45035649601566,48.522619334719394],[-120.45030063338989,48.522531012355302],[-120.45024808427188,48.522442617391597],[-120.45019897192755,48.522354353333455],[-120.450153499054,48.522266610581816],[-120.45011164436083,48.522179362869458],[-120.45007348426522,48.52209277508053],[-120.450039084138,48.522006994338639],[-120.45000850655289,48.521922174843183],[-120.44998178558252,48.521838422322737],[-120.44995895904934,48.521755852171758],[-120.4499400557753,48.5216745672966],[-120.44992984014085,48.521616201661949],[-120.44992345324142,48.521556563702212],[-120.44992088204954,48.521495544871279],[-120.44992212110864,48.521433006144868],[-120.44992716604979,48.521368850585411],[-120.44993603338197,48.521302806525931],[-120.44994875474994,48.52123463060471],[-120.44996539712811,48.521163966982762],[-120.4500068102641,48.521025376978052],[-120.45006356920553,48.520871490165895],[-120.45013036462218,48.520712411099403],[-120.45027012912307,48.520400835153964],[-120.45032623001032,48.520271266503691],[-120.45038019283409,48.520136130007046],[-120.4504227266024,48.520014920587656],[-120.45044429680212,48.519944081457986],[-120.45046233488524,48.519876028982246],[-120.45047696295335,48.519810292255656],[-120.45048825045399,48.519746561041188],[-120.45049625169726,48.519684496797097],[-120.45050097126816,48.519623993473971],[-120.450502425415,48.519564889385151],[-120.45050061347241,48.519507057807608],[-120.450481608996,48.519252628463065],[-120.45045683981711,48.51903841393078],[-120.4504414513074,48.518938982614053],[-120.45042394795834,48.518844201918732],[-120.45040421675473,48.518753466253955],[-120.45038217732997,48.518666411310356],[-120.45035731728717,48.518581337703992],[-120.45032992847015,48.518499554788001],[-120.45029995470789,48.518420885608357],[-120.45026734664481,48.518345206490004],[-120.45023204565217,48.518272384137966],[-120.45019402255292,48.518202368320559],[-120.45015324230673,48.518135090121916],[-120.45010967375833,48.518070497784031],[-120.45007169324694,48.51801935315622],[-120.45003024954572,48.51796790484704],[-120.44998528211798,48.517916075338988],[-120.44993670772168,48.517863771435344],[-120.44982838924119,48.517757355442477],[-120.44970393366741,48.517647313640886],[-120.44956920750739,48.517537995036236],[-120.44941347192898,48.517419978255127],[-120.44923963190944,48.51729475929956],[-120.44895569952115,48.51709615363702],[-120.44864278201223,48.516880508043393],[-120.44838264381617,48.516709468690827],[-120.44825945071121,48.516632164069861],[-120.44814026411701,48.516560030804548],[-120.44802411484585,48.516492484555243],[-120.447910420653,48.516429188564892],[-120.44779618344559,48.516368570391791],[-120.44768365479342,48.516311927913733],[-120.44757253364459,48.516259110024478],[-120.44746259810915,48.516210012562844],[-120.44735360543446,48.516164527573807],[-120.44724545680256,48.516122618192718],[-120.44713802094145,48.516084231736322],[-120.44703119057991,48.516049330969061],[-120.44697030381342,48.516031400895223],[-120.44690729204275,48.516014856236772],[-120.44677446712538,48.515985813198363],[-120.44663171322732,48.515961977652481],[-120.44647723380001,48.515943046263494],[-120.44630283582771,48.515928313330512],[-120.44610680003342,48.515917921122679],[-120.44589473553681,48.51591153486256],[-120.44546456874833,48.515904212283381],[-120.44528326381656,48.515899741434367],[-120.44509478821251,48.515891939403417],[-120.44492808069722,48.515880917523035],[-120.44483120165768,48.515872145300982],[-120.44473919706475,48.515861847522025],[-120.44465141603223,48.515849949598945],[-120.4445674373894,48.515836394209103],[-120.44448680676247,48.515821102705729],[-120.44440938778861,48.5158040449315],[-120.44433496971692,48.515785173935029],[-120.44426339129809,48.515764448965342],[-120.4440865632565,48.515706444181539],[-120.4439076113994,48.515640926006427],[-120.44372731265462,48.515568179570295],[-120.44354663395967,48.515488594219526],[-120.44336636013117,48.515402496902425],[-120.44318807237769,48.515310628694557],[-120.44301317672596,48.51521371119405],[-120.44284333688859,48.515112666188159],[-120.44271858899606,48.515031826479579],[-120.44259723718933,48.514945176774887],[-120.44247908895886,48.514852581380993],[-120.44236390700726,48.514753853403889],[-120.44225153414342,48.514648869639856],[-120.44214152221782,48.514537228076875],[-120.4420334952208,48.514418544838058],[-120.4419269182477,48.514292237027576],[-120.4418300073737,48.514169183418389],[-120.44173304442033,48.514038164424619],[-120.4416351257503,48.513897967680577],[-120.44153454191901,48.513746152867483],[-120.44144601474943,48.513606661641873],[-120.44135004143938,48.513450313390372],[-120.44096179372113,48.512799946944632],[-120.44090655267044,48.51270382722744],[-120.4408559471711,48.51260374070673],[-120.44080987845631,48.512499489858968],[-120.44076822902207,48.512390810978602],[-120.44073092170856,48.512277533691673],[-120.44069776195873,48.512159102694298],[-120.440668605662,48.512035003478566],[-120.4406432654701,48.511904449274112],[-120.44062500025127,48.511790523330397],[-120.44060907412074,48.511670527080042],[-120.44059532798218,48.511543275055629],[-120.44058350834905,48.511406434569217],[-120.44056713330544,48.511145779922956],[-120.44053622158539,48.510490783246439],[-120.44052342478712,48.510306969167353],[-120.44050806796297,48.510143322914921],[-120.44048534063015,48.509963917916522],[-120.44045736449644,48.509798813991623],[-120.44042361165438,48.509644924107597],[-120.44038372670809,48.509500677838176],[-120.44035641261361,48.50941738139695],[-120.4403266626076,48.509337000797423],[-120.44029441264303,48.509259370834343],[-120.44025961168668,48.509184363440312],[-120.44022219363941,48.509111843840593],[-120.44018212245489,48.509041740483184],[-120.44013934892996,48.508973972889066],[-120.44009383088149,48.508908471540352],[-120.4400454564652,48.508845087274736],[-120.43999424462908,48.508783861804339],[-120.43994015877503,48.508724747162674],[-120.43988316148469,48.508667703984841],[-120.43982321009008,48.508612690084306],[-120.43976027487366,48.508559678814734],[-120.43969432086811,48.508508640707795],[-120.43962531678636,48.508459552215072],[-120.43949530132642,48.508374298397435],[-120.43935497646787,48.508288891930619],[-120.43920455902723,48.508203463223232],[-120.43904434121448,48.508118179965543],[-120.43887453016281,48.508033158318717],[-120.43869573547545,48.507948709463918],[-120.43850852966956,48.50786510610174],[-120.43831373516986,48.507782715398434],[-120.43805290463126,48.507676751081931],[-120.4378420474052,48.507594890683755],[-120.43764849557759,48.507524463965403],[-120.43746784480572,48.507463988669066],[-120.43729187078401,48.507410917403384],[-120.43712295719588,48.507366193813567],[-120.43695955373086,48.507329409555645],[-120.43680076657564,48.507300367060374],[-120.43670741108221,48.507286301744081],[-120.43661199039539,48.507273818574632],[-120.43641535551102,48.507253646251279],[-120.43621174691516,48.507239943033298],[-120.4360022754004,48.507232784138829],[-120.43578788650237,48.507232215080144],[-120.43557037878684,48.507238256053668],[-120.43535141577898,48.507250861162284],[-120.43513296229733,48.507269918567047],[-120.43502663555273,48.507283743349255],[-120.43490831080267,48.507304861112765],[-120.43479515780675,48.507328877223223],[-120.43452654760665,48.507390116728963],[-120.43439160299032,48.507417080632443],[-120.4343248314505,48.507428075673367],[-120.43426222705138,48.507436479474421],[-120.43420275033428,48.507442429522108],[-120.43414584217111,48.507445980449653],[-120.43407231777411,48.507447189659047],[-120.43399809220656,48.507444617504561],[-120.43392301494869,48.507438257951158],[-120.43384689273782,48.507428094737008],[-120.43376959966845,48.507414117436902],[-120.43369076039286,48.50739626522617],[-120.43361004217982,48.507374462163021],[-120.43352695735081,48.507348579144711],[-120.4334527580435,48.507322769546811],[-120.4333757341773,48.507293560127941],[-120.43329512855419,48.507260665983978],[-120.43320951233241,48.507223505805854],[-120.43304338184146,48.507146489486722],[-120.43259579793877,48.506930101486802],[-120.43245969141171,48.506868901389389],[-120.43233626329972,48.506817799904368],[-120.4321946386487,48.506765802337526],[-120.43212674266397,48.506743809821877],[-120.43206032800634,48.506724334896695],[-120.4319950521156,48.50670727988242],[-120.43193080802295,48.506692622518514],[-120.43186742672557,48.506680323423076],[-120.43180477944014,48.506670357649348],[-120.4317090708075,48.506658817236953],[-120.43160776512737,48.50665046672777],[-120.43149978701,48.506645215106076],[-120.43138297073176,48.50664295253646],[-120.43116667736167,48.506645415512352],[-120.43066050776261,48.506661433256362],[-120.43053369925089,48.506662704952475],[-120.43041966285473,48.506661360692789],[-120.43031126635358,48.506657201167364],[-120.43020980009059,48.506650146604841],[-120.4301138623471,48.506640096562094],[-120.43002267548131,48.506626967071213],[-120.4298996603406,48.506605355451015],[-120.42977736902951,48.506581258469033],[-120.42965580483315,48.506554677423296],[-120.42953496578833,48.506525610790071],[-120.42941485224854,48.506494059450766],[-120.42929546552193,48.506460023177233],[-120.4291768030304,48.506423502434345],[-120.42905886608182,48.506384496994045],[-120.4293751940628,48.505612212848327],[-120.42953912118924,48.505577732036407],[-120.42970344224658,48.505546680274414],[-120.42986815691987,48.505519056680932],[-120.43003326428007,48.505494862363236],[-120.43011630942162,48.505485396773246],[-120.43020240196718,48.50547917750491],[-120.4302917031671,48.505476191769674],[-120.43038443024216,48.505476431828967],[-120.43048072248934,48.505479892566427],[-120.43058104405384,48.505486585152468],[-120.43068582198966,48.505496535826047],[-120.43079571370174,48.505509807721694],[-120.43098960794879,48.505539093985838],[-120.43120744923108,48.50557882150769],[-120.43141918775402,48.50562201960107],[-120.43192705433863,48.505730748385886],[-120.43218360373059,48.505780681072018],[-120.432313183033,48.505802566580897],[-120.43243268255416,48.50581992042413],[-120.43254428982792,48.505833058968072],[-120.43264914194671,48.505842111064204],[-120.43276587439034,48.505847651012957],[-120.4328753007369,48.5058476009605],[-120.43297814641058,48.505841960248063],[-120.43307488780401,48.505830700289906],[-120.43316602948266,48.505813750834839],[-120.43325173635637,48.505791069326683],[-120.43333224601967,48.505762589911448],[-120.43340774186916,48.505728249824777],[-120.43347201669232,48.505692265825466],[-120.43353583268939,48.505650156492884],[-120.43359987323538,48.505601476764241],[-120.43366539166776,48.505545279702112],[-120.4337214005202,48.505492597520885],[-120.43378206385249,48.505431539271164],[-120.43398762086778,48.505211265155623],[-120.43407050700723,48.505126043424184],[-120.43415810359662,48.505043577795085],[-120.43424152183673,48.50497425093414],[-120.43431745659461,48.504919740272861],[-120.43440381153729,48.504865583458539],[-120.43450138334083,48.504811277610294],[-120.43461182493466,48.504755895607857],[-120.4347183458774,48.50470673129405],[-120.43484052700866,48.50465380691012],[-120.43528298490001,48.504473411679427],[-120.43545313041923,48.504400960000126],[-120.43554052244642,48.504361194258976],[-120.43561918799539,48.504323122181283],[-120.4356906588894,48.504286000809003],[-120.4357556857113,48.504249436975051],[-120.43582848978552,48.504204211457953],[-120.43589282526446,48.504158951039329],[-120.43594915706485,48.504113329479338],[-120.43599776020999,48.504067120171669],[-120.43603889766642,48.504020058261283],[-120.43607262858058,48.503972053351923],[-120.43609905247173,48.503922965568137],[-120.43611822972002,48.503872682683287],[-120.43614240670493,48.5037792267687],[-120.43615879913035,48.503683202390732],[-120.43616672388541,48.503588674397591],[-120.4361659981041,48.503498054169761],[-120.43615677541165,48.503414020936745],[-120.43613921696297,48.503336700962642],[-120.43611350675799,48.503266897553921],[-120.43609765182877,48.503234969842197],[-120.43607982785814,48.503205090062771],[-120.43604996694727,48.503167130294329],[-120.43601080844047,48.503130665552447],[-120.43596200163191,48.503095359112578],[-120.43590277662084,48.503060650270179],[-120.43583819145951,48.50302868724539],[-120.43576120576407,48.502995326714981],[-120.43567756246269,48.502962411534916],[-120.43543753416596,48.502872145628949],[-120.4353663836245,48.502843019265335],[-120.43530529175905,48.502815618879644],[-120.43523976558946,48.50278236267966],[-120.43518383484965,48.50274901924822],[-120.43513643916332,48.502714953820259],[-120.43509710966806,48.50267981787794],[-120.43501578057086,48.502592041749786],[-120.43494156987737,48.502500510088474],[-120.43487798968494,48.502409578454269],[-120.43482672835843,48.502321702098413],[-120.43478922730137,48.502239660278057],[-120.43477554636976,48.502200783686582],[-120.43476529910909,48.50216347702019],[-120.43475851049897,48.502127847618738],[-120.43475518685941,48.502093940387489],[-120.43475533443862,48.502061814336415],[-120.43475895369517,48.502031513537077],[-120.43476938816585,48.5019937458881],[-120.43478697248165,48.501955738207272],[-120.43481171413337,48.501917474122152],[-120.4348436314545,48.501878925930335],[-120.4348827303665,48.501840080355393],[-120.43492906629712,48.5018008767711],[-120.43498269910106,48.501761265973244],[-120.43504373390684,48.501721169073001],[-120.43510975623128,48.501681942115219],[-120.43518303763746,48.501642031872471],[-120.43526390463208,48.501601258898788],[-120.43535304970989,48.501559273241824],[-120.43555118806111,48.501473441940206],[-120.43584166830617,48.501356779500114],[-120.43592223114845,48.501327796140679],[-120.43601037356198,48.501302003932864],[-120.43610701326914,48.501279130177934],[-120.43621405099142,48.501258719306442],[-120.43630937348826,48.50124374454397],[-120.43641752599093,48.501229314463401],[-120.43677348202647,48.501189324977389],[-120.43689924859301,48.501173826700366],[-120.43701740451834,48.501156493644302],[-120.43712153649874,48.501137765300292],[-120.43721931786742,48.501116019185588],[-120.43730809221695,48.501091561970128],[-120.43738912637626,48.501064042728594],[-120.43746309413002,48.501033227600253],[-120.43754167107654,48.500995811485588],[-120.43761917741031,48.500956469680432],[-120.43769499569801,48.500915517138679],[-120.43776862175059,48.500873225126753],[-120.43783951483172,48.500829909950646],[-120.43790740931072,48.50078574019507],[-120.43797198855876,48.500740920787827],[-120.4380330029672,48.500695625911654],[-120.43808986930192,48.500650319438343],[-120.43814284311409,48.500604831774126],[-120.43819178395206,48.500559282868082],[-120.43823658190946,48.500513775006752],[-120.43827713307725,48.500468418801297],[-120.43831338427788,48.500423273535802],[-120.4383452783763,48.500378413292253],[-120.43837277160304,48.500333896615075],[-120.43839598668028,48.500290243688852],[-120.43841711322649,48.500244364785495],[-120.43843604743483,48.500196485110401],[-120.43845268583161,48.500146866448951],[-120.43846694198845,48.500095760969138],[-120.43847871807205,48.500043509304774],[-120.43849454797228,48.499936901064984],[-120.43849975805978,48.499829769284595],[-120.43849831798201,48.4997769518518],[-120.43849418895783,48.499725103612995],[-120.43848739987678,48.499674584867705],[-120.43847799266536,48.499625685947215],[-120.43846602295054,48.499578700375089],[-120.43845155645582,48.499533886991671],[-120.43843669385588,48.499499597739479],[-120.43841695436058,48.499465874164528],[-120.43839229375416,48.499432641480759],[-120.43836264110448,48.49939980242376],[-120.43832795341939,48.499367296080258],[-120.43828804090347,48.499334936472707],[-120.43824270864351,48.499302560143654],[-120.43819162268251,48.499269930736453],[-120.43809762747753,48.499216912447842],[-120.43798381709281,48.499160175584542],[-120.43786946702383,48.499107693966906],[-120.43758890712442,48.49898365655315],[-120.43745245102785,48.498919236816171],[-120.43733268916749,48.498855831522448],[-120.43728124879682,48.498825275660856],[-120.43723469730882,48.498795056720347],[-120.43719415759354,48.498766056644584],[-120.43715765467577,48.498737031619534],[-120.43712504645158,48.498707865139529],[-120.43709623491358,48.498678472289271],[-120.43707112928384,48.498648754650581],[-120.43704969862038,48.498618671710936],[-120.4370319045552,48.498588167372233],[-120.43701771894291,48.498557194046342],[-120.43695393214246,48.49839833942405],[-120.4369375688255,48.498346510626646],[-120.43692729081508,48.49830078499393],[-120.43692266035089,48.498256767851551],[-120.43692464313855,48.498217518657754],[-120.43693326347395,48.49818263568266],[-120.43694856945423,48.498151939359808],[-120.43696774568542,48.498128041023421],[-120.43699381699305,48.49810466471947],[-120.43702703680938,48.498081578279205],[-120.43706803033602,48.498058340412172],[-120.43714782821878,48.498021232641413],[-120.43732841230215,48.497948761895159],[-120.43740055488513,48.497916920277305],[-120.43750668961975,48.497867147155723],[-120.43761549088006,48.497818662526434],[-120.43772695607622,48.497771466844547],[-120.43784108650422,48.497725559871959],[-120.43795788086989,48.497680941832506],[-120.43807733822025,48.497637613828594],[-120.4381994582164,48.497595574974021],[-120.43832424086051,48.497554825261275],[-120.43845168131467,48.49751536648553],[-120.4385817857172,48.497477196604819],[-120.43871455148067,48.497440316073373],[-120.43884998283482,48.497404725068471],[-120.43898807910216,48.497370421824407],[-120.43912884321765,48.497337406749345],[-120.4394183850319,48.497275238344493],[-120.43971831362271,48.497218270483707],[-120.44002898235694,48.497166425025242],[-120.44035045992844,48.497119689646368],[-120.44068286691133,48.497078046523605],[-120.44102621270292,48.497041491091721],[-120.44138090384847,48.497009975164708],[-120.44174729099763,48.496983467100662],[-120.44212602337333,48.496961919554224],[-120.44221838701969,48.496958341958702],[-120.44231289425512,48.496956657192023],[-120.44240974740434,48.496956862029883],[-120.44250920666495,48.496958956072987],[-120.44271699766959,48.496968830338304],[-120.44294030198253,48.49698646750992],[-120.443136914862,48.497006780747576],[-120.44335636264074,48.497033392556887],[-120.44409158356166,48.497134756206954],[-120.44436712717932,48.497170043228117],[-120.44464012088804,48.497199288343836],[-120.44476551282197,48.497210049407215],[-120.44488547176501,48.497218412847069],[-120.44501695888762,48.497225114400635],[-120.44514351941632,48.497228824393616],[-120.44526587909418,48.497229564574802],[-120.44538452910861,48.497227337483693],[-120.44550001327475,48.497222127810623],[-120.4456125132419,48.497213921932612],[-120.44572229954922,48.497202699757267],[-120.44582958390939,48.497188439476552],[-120.44602724012358,48.497159637522778],[-120.44613566056846,48.497141886056184],[-120.44623591595699,48.497122005712491],[-120.44632305016593,48.497100371828168],[-120.44638895934888,48.497079316651138],[-120.44645413306468,48.497053068667924],[-120.44651916157474,48.497021396643653],[-120.44658507818077,48.496983797679306],[-120.44664658702186,48.496944063558757],[-120.4467124359832,48.496897251844388],[-120.44695391649537,48.496709151836079],[-120.44705865076727,48.496633661243415],[-120.44711786794275,48.49659576105703],[-120.44717532909168,48.49656294962206],[-120.44723215473428,48.496534588217067],[-120.44728894252033,48.496510386038416],[-120.44740911378612,48.496466973964992],[-120.44753919539157,48.496426581497083],[-120.44767946736798,48.49638912010662],[-120.44783044887664,48.496354450126553],[-120.44799163262925,48.496322631061538],[-120.44816552484268,48.496293112211056],[-120.44835409674829,48.496265541688771],[-120.44856436561925,48.496238888651384],[-120.4486945053513,48.496226665258547],[-120.4488268958635,48.496220631401322],[-120.44896178776897,48.496220776168599],[-120.4490994994371,48.496227099102583],[-120.44924024985474,48.496239600573304],[-120.44938465513624,48.496258326561289],[-120.44953327468427,48.496283348199917],[-120.4496869185439,48.49631480086245],[-120.44983084542551,48.496348906662554],[-120.44998081996879,48.496388693386457],[-120.45013826365057,48.496434533930653],[-120.45030585231255,48.496487203919159],[-120.45046337391668,48.496539678105613],[-120.45063804368361,48.496600427973455],[-120.45128269857224,48.496833781999172],[-120.45154977058095,48.49692744534633],[-120.45169372863171,48.496975516303685],[-120.45182847802,48.497018435660692],[-120.45195660017676,48.497057025023231],[-120.4520794109945,48.497091678017789],[-120.4522261517799,48.497129683088886],[-120.45236754077254,48.49716238356541],[-120.452504550653,48.497190002281407],[-120.45263781907352,48.497212665920387],[-120.4527680532882,48.497230487798987],[-120.45289547255524,48.497243487026111],[-120.4530204189012,48.497251699312756],[-120.45314315344146,48.497255140991662],[-120.45328546006486,48.497253798584943],[-120.45343346823363,48.497247325990763],[-120.45358831335389,48.497235676443736],[-120.45375197588335,48.497218703980835],[-120.45393193168836,48.497195463810179],[-120.45413073017778,48.497165463135076],[-120.45434292964075,48.497129974953204],[-120.45495247015593,48.497023246014365],[-120.45514306326166,48.496992910490313],[-120.45531415029495,48.496968642770263],[-120.45551178015947,48.496945266307456],[-120.45569636072173,48.49692905500293],[-120.45587153973212,48.496919691164457],[-120.45603915131619,48.496917086938623],[-120.4561804739063,48.496920271742844],[-120.4563384720026,48.496928723210729],[-120.45648879926641,48.49693996558576],[-120.45684035890166,48.496969715703834],[-120.45701136774723,48.496981446597474],[-120.45716677114638,48.496987948751922],[-120.45730756412669,48.496988906438077],[-120.45745018781305,48.496983716853464],[-120.4575986689624,48.496971797213789],[-120.4577545795586,48.496953030278235],[-120.45792103967663,48.496927044921073],[-120.45806464181933,48.496900639666983],[-120.45822441148712,48.496867993316314],[-120.45873621205847,48.496753757788525],[-120.45891579143041,48.496715356916468],[-120.45908475347144,48.496682496995554],[-120.45923825880382,48.496656582453916],[-120.45937819938925,48.496637117666964],[-120.45951119842148,48.496623001710596],[-120.45963893442992,48.496614059827102],[-120.45976237750409,48.496610225908803],[-120.45996271337155,48.496610393168112],[-120.46016340588969,48.496615141404959],[-120.4603644554423,48.496624471496723],[-120.46056586336742,48.496638383211192],[-120.46076762711807,48.496656877009997],[-120.46096974932787,48.496679952430149],[-120.46117222874497,48.496707609702597],[-120.46137506541325,48.496739848827374],[-120.46358245265911,48.495629708042927],[-120.46378964190386,48.495534720613456],[-120.4639969004695,48.495446040566023],[-120.4642042290297,48.495363665905124],[-120.46441162832704,48.495287598381346],[-120.46461909644503,48.495217836462835],[-120.46482663508043,48.495154380791305],[-120.46503424429385,48.495097231361683],[-120.46524192251012,48.495046387521995],[-120.46544967176686,48.495001850794047],[-120.46565749014799,48.494963619648296],[-120.46586537969134,48.494931695607391],[-120.46607333977583,48.494906076911434],[-120.46628136950841,48.494886764668031],[-120.46648947024501,48.494873758644225],[-120.4666976420467,48.494867058838622],[-120.46690588367952,48.494866665481815],[-120.46709467399903,48.494871717576771],[-120.46728706503501,48.494881904292583],[-120.46748180240608,48.494897158447436],[-120.46767765196853,48.494917382944756],[-120.46787331713043,48.494942441115789],[-120.46806773155261,48.494972193686863],[-120.46825979194061,48.495006470410495],[-120.46844849880645,48.495045093774301],[-120.46863199585145,48.49508764473179],[-120.46881042951385,48.495134118758379],[-120.46898304812707,48.495184320386578],[-120.46914920765043,48.495238060291065],[-120.46930824467172,48.495295120664267],[-120.46945975038112,48.49535535095869],[-120.46960328494248,48.49541857422517],[-120.46973848288539,48.495484630293547],[-120.46992431366301,48.49558342547747],[-120.47008982675693,48.495678069153648],[-120.47023865668555,48.495770643275812],[-120.47037183949472,48.495861812125661],[-120.47049059555256,48.495952475756219],[-120.47054443170613,48.495997544317262],[-120.47059461644471,48.49604247131969],[-120.47064117491978,48.496087282337641],[-120.47068411605535,48.49613198611393],[-120.47072345504809,48.496176596847079],[-120.47075919789094,48.496221122863446],[-120.47080679124042,48.496288906786283],[-120.4708503168541,48.496362223210646],[-120.47089008528552,48.496441583204714],[-120.47092658852928,48.496527965256831],[-120.47095879247932,48.496617806297976],[-120.4709896930212,48.496718299762769],[-120.47101935326248,48.49682830600144],[-120.4710623952851,48.497002208160346],[-120.47107899455428,48.497084935476288],[-120.47108900924991,48.497172181170967],[-120.4710925522625,48.497264853346834],[-120.47108969745439,48.497364772800182],[-120.47108273655923,48.497452088097958],[-120.47107130736481,48.497549730583216],[-120.47102318023357,48.497867914741548],[-120.47100802203722,48.497981699773007],[-120.47099766095278,48.498090671381554],[-120.47099347229465,48.498188575454414],[-120.47099557376278,48.498284145661621],[-120.47100443506663,48.498373472249682],[-120.47102018956637,48.498457865548346],[-120.47104297919236,48.49853804432054],[-120.47107182168371,48.49861955545073],[-120.47110325276506,48.498700492342898],[-120.4711371581873,48.498780560658439],[-120.4711734316878,48.498859511608551],[-120.47121195077409,48.49893707957321],[-120.4712526329958,48.49901310922165],[-120.47129538342018,48.499087420205981],[-120.47134011809676,48.499159864039655],[-120.47138661784841,48.499230111572679],[-120.47143493109938,48.499298251863721],[-120.47148498154253,48.499364181098009],[-120.47153670487191,48.499427812107704],[-120.4715900260093,48.499489054951347],[-120.47164489456208,48.499547854738559],[-120.47170125809025,48.499604151307217],[-120.47175906204241,48.499657893328333],[-120.47182001300045,48.499710266036701],[-120.47188548624308,48.499762157765581],[-120.47195554109905,48.499813614283696],[-120.47203025469335,48.499864695091901],[-120.47210968724023,48.499915441101862],[-120.47219399563539,48.499965956753613],[-120.4722833349317,48.500016334601455],[-120.47237792508868,48.50006669882233],[-120.47247597438809,48.50011618004028],[-120.47257970787636,48.500165978903205],[-120.47268960281873,48.500216325822976],[-120.47280647341776,48.50026759489554],[-120.47306267073827,48.500373687941007],[-120.47337845792157,48.500496764509073],[-120.47349131564829,48.500538304174782],[-120.47361126556544,48.500579442894328],[-120.47373953248102,48.500620606353756],[-120.47387857096463,48.500662580221174],[-120.47414144833554,48.500736646688864],[-120.47477705336026,48.500907318437875],[-120.47496795934194,48.500961374615791],[-120.47516769630109,48.501019971141865],[-120.47560300379531,48.50115355276926],[-120.47605289793908,48.501297621798912],[-120.47694410677482,48.501589644521836],[-120.47731875753229,48.501710876434501],[-120.47770991547593,48.501834034246912],[-120.47806183116133,48.501940448561911],[-120.47826674871048,48.501999983108597],[-120.478463966758,48.502055307562969],[-120.47865480327194,48.502106791506542],[-120.47884012113538,48.502154666919054],[-120.47902087507001,48.502199177552001],[-120.47919735342823,48.502240388391428],[-120.47937001460114,48.502278406382622],[-120.47953920564748,48.502313308567338],[-120.47973812409836,48.502351173765483],[-120.47993290946103,48.502384722399697],[-120.4801239289547,48.502414015693439],[-120.48031147023902,48.502439099020648],[-120.48049584783314,48.502460012014005],[-120.4806772192498,48.502476771627542],[-120.4808557784074,48.502489395824895],[-120.48103168561377,48.502497894482225],[-120.48120531530616,48.502502279607356],[-120.4813765603481,48.502502539344043],[-120.48154553864397,48.502498674233031],[-120.48171235050958,48.502490682320712],[-120.48187710266762,48.502478556749885],[-120.48203986421177,48.502462293630039],[-120.48220071159665,48.502441883057124],[-120.48235971159838,48.502417318735894],[-120.48264471425209,48.502368530551337],[-120.48283802668644,48.502331378694009],[-120.48300975248708,48.502292418213898],[-120.48308741211463,48.502272120917873],[-120.48316052103897,48.502251044352192],[-120.48328656853855,48.502209491533804],[-120.4834144270972,48.502160644955424],[-120.48354497994796,48.502104171971325],[-120.48367980134594,48.502039393731799],[-120.48381433819002,48.50196893748403],[-120.48395913878335,48.501887681787323],[-120.4841141858864,48.501796031828711],[-120.48434645135444,48.501654364066759],[-120.4844296083829,48.501601117238657],[-120.48451069285497,48.501544314253294],[-120.48458987826871,48.501483834840663],[-120.48466738336418,48.501419511180046],[-120.48474334558394,48.501351240720894],[-120.48481818685542,48.501278654892204],[-120.48489226619287,48.501201408583086],[-120.48496610714339,48.501118956264271],[-120.48508512275663,48.500974716693037],[-120.4852102877777,48.500809137012382],[-120.48532471567177,48.500648033216102],[-120.48559067328139,48.500262427417155],[-120.48572841872843,48.500072601542847],[-120.48579826743904,48.499982031173346],[-120.48586621976325,48.499898274506215],[-120.4859333516028,48.499820007938581],[-120.48600026742645,48.499746530528562],[-120.48606747149405,48.499677289850474],[-120.48613530516913,48.499611934543729],[-120.48620406846641,48.499550177954163],[-120.48627398277473,48.499491819831512],[-120.48634530376667,48.499436651917158],[-120.48641814109304,48.499384596351021],[-120.4864926405883,48.499335547193638],[-120.48656892778494,48.499289424684989],[-120.4866540166455,48.499242949155565],[-120.48674755025405,48.499197134320553],[-120.48685047971169,48.499151508518338],[-120.4869647838149,48.499105193671788],[-120.48706762822401,48.4990663770702],[-120.48718443125303,48.499024584761003],[-120.48771657080401,48.498842128955737],[-120.48785185754238,48.498791879634084],[-120.48796989388364,48.498744354384584],[-120.48808689246466,48.498692264903376],[-120.48819092298366,48.498640025494872],[-120.48828367980248,48.498586781722793],[-120.48836600932303,48.49853203839708],[-120.48843975244397,48.498474926143672],[-120.48850813418525,48.498413532281084],[-120.48857129701771,48.498347727992957],[-120.48862941147429,48.498277339043],[-120.48868258874549,48.498202248784224],[-120.48873110900868,48.49812208391409],[-120.48877518912371,48.498036489967468],[-120.48881511156117,48.497944921286418],[-120.48884586614358,48.497862267955163],[-120.48887412315538,48.497774148323614],[-120.4889001688351,48.497679680622795],[-120.48892447752112,48.49757715174028],[-120.48896386488768,48.497375526724014],[-120.48902756218253,48.496987108533716],[-120.48905582381818,48.496829592981776],[-120.48909007286376,48.496668841216994],[-120.48912734132219,48.496526753897299],[-120.48915225063568,48.496446543999411],[-120.48917905063222,48.496370452526243],[-120.48920791486155,48.496297981467201],[-120.48923897409347,48.496228811466025],[-120.48927239105144,48.496162594903041],[-120.48930822450191,48.49609922636818],[-120.48934656726398,48.496038545504128],[-120.48938749758975,48.49598042932282],[-120.48954818201828,48.495767500281779],[-120.4896847364798,48.495594880180818],[-120.48981453156027,48.495440633841149],[-120.48994046150507,48.495301512391599],[-120.49006767767571,48.495172166469651],[-120.49019490807945,48.495054241343439],[-120.49032319215409,48.494946779747544],[-120.49038792779433,48.494896805387626],[-120.49045315234022,48.49484926259678],[-120.49056978602231,48.494770741982151],[-120.49069464001529,48.494694427003814],[-120.49082776956494,48.494620285206089],[-120.49096924504622,48.494548276728658],[-120.49111911693868,48.494478374663174],[-120.4912775329658,48.494410506523231],[-120.49144462750039,48.494344615362124],[-120.49162059884044,48.494280623404052],[-120.49180422019874,48.494218916296148],[-120.49199715288765,48.494158879343075],[-120.49219980995581,48.494100385083044],[-120.49241285429572,48.494043239760153],[-120.49263626120809,48.493987426130026],[-120.49287227594799,48.493932360337887],[-120.49312283205678,48.493877586601755],[-120.49339240404723,48.493822124234789],[-120.49362926846074,48.493768484478039],[-120.49371462329071,48.493751276742465],[-120.4938062888594,48.493738131578006],[-120.49384729612488,48.493734922681838],[-120.49388577951017,48.493733890229947],[-120.49393554041565,48.493735823545968],[-120.49398574790075,48.493741483259683],[-120.49403645569025,48.493750875737305],[-120.49408773584963,48.49376401534019],[-120.4941396307206,48.493780907651818],[-120.49419229288937,48.493801599612873],[-120.49424585974472,48.493826141821657],[-120.49430053250319,48.493854627957852],[-120.49435180589278,48.493884298946313],[-120.49440454195522,48.493917573821733],[-120.49451641798632,48.493996245308018],[-120.49462144489938,48.494077879952357],[-120.49485537824293,48.494268582282807],[-120.49490242582844,48.494308843730934],[-120.49494561567843,48.494352721021514],[-120.49498503318576,48.494400298484855],[-120.49502077473687,48.494451692310157],[-120.49505290179016,48.494506975134613],[-120.49508158178388,48.494566413929306],[-120.49510694104727,48.49463026610487],[-120.49512914022168,48.49469893796882],[-120.49514497261136,48.4947586488043],[-120.49515896430168,48.494822383358553],[-120.49518208453219,48.494965073707966],[-120.49519750241355,48.495105502626011],[-120.4952262068765,48.495438851180282],[-120.49524701709123,48.495600178628187],[-120.49526155441205,48.495678123158108],[-120.4952785543436,48.495748875313481],[-120.49529831391479,48.495813666400892],[-120.49532103448246,48.495873132218591],[-120.49535047965379,48.495934484797729],[-120.49538414921639,48.495990102925347],[-120.49542224433418,48.496040318941859],[-120.4954649268996,48.496085346304163],[-120.49551241196875,48.496125392719208],[-120.49556479433092,48.496160523911662],[-120.49562221412104,48.496190833200529],[-120.49568479072978,48.49621638190925],[-120.49575246763411,48.496237584167048],[-120.49582791305981,48.496255785587451],[-120.4959119233681,48.496271185743808],[-120.49600614473441,48.496284089668528],[-120.49609263787994,48.496293044415374],[-120.49619148980406,48.496300963232414],[-120.49654373694351,48.496321841415934],[-120.49668117687189,48.496331864400844],[-120.49681660284647,48.496345832070688],[-120.49693374303945,48.496363225202373],[-120.49703105768677,48.496382319755725],[-120.49712888409563,48.496405396863487],[-120.49722742135984,48.496432505483973],[-120.49732692448254,48.496463713703399],[-120.49742755642936,48.496499066605814],[-120.49752983634939,48.496538738187901],[-120.49763422334253,48.496582904729692],[-120.49774140480866,48.496631859530893],[-120.49792461810057,48.496723079561839],[-120.4981252037072,48.496831918153404],[-120.49831681528907,48.496942064862047],[-120.49878249970122,48.497216874797196],[-120.49891157183836,48.497290429078369],[-120.4990284166184,48.497354566164866],[-120.49915638664993,48.497421355867004],[-120.49927743076204,48.49748052001727],[-120.49939371609756,48.497533116106091],[-120.49950639450724,48.49757965972384],[-120.4996346013868,48.497626843027192],[-120.49976011080673,48.497666646964049],[-120.49988369658315,48.497699316476826],[-120.50000589503806,48.497724991468736],[-120.50012730566833,48.497743785507573],[-120.500248143243,48.497755720304795],[-120.50036871851646,48.497760825771621],[-120.50048928081172,48.497759112739871],[-120.50063894140698,48.497751523533793],[-120.50076494524032,48.497742276414002],[-120.50087602883168,48.497730725689109],[-120.50097350514429,48.49771669666022],[-120.50104308324836,48.497703193062939],[-120.50111061266757,48.497686435537851],[-120.50117610116314,48.497666422698558],[-120.50123955615565,48.497643152280197],[-120.50130098247622,48.497616622481303],[-120.50136039204348,48.497586828353413],[-120.50141779418671,48.49755376541124],[-120.50147319789437,48.497517428291196],[-120.50152659198982,48.497477827452208],[-120.50157801401014,48.497434938329285],[-120.50162747737154,48.497388749129435],[-120.5016749977393,48.497339246717694],[-120.50172058559903,48.497286418885707],[-120.50176426642271,48.497230238529511],[-120.50180606050267,48.497170679471573],[-120.50184599221625,48.497107708226501],[-120.50188267986763,48.497043856199575],[-120.50191769444028,48.496976758271337],[-120.50195106922244,48.496906353992436],[-120.50198283878444,48.496832564831458],[-120.50201302981149,48.496755341856428],[-120.50204171422058,48.496674503074026],[-120.50209482976477,48.496501217242241],[-120.50214035200226,48.496321452496979],[-120.50218255017801,48.496121292297836],[-120.50222040777673,48.495910044138249],[-120.50227778883334,48.495553670809876],[-120.50230000090244,48.495403218978112],[-120.50231324173892,48.495275014640079],[-120.50231860664334,48.495158317437813],[-120.50231612344591,48.49505080434998],[-120.50230874427801,48.494954020025936],[-120.50229883321936,48.494861479113936],[-120.50228634648646,48.494772773193183],[-120.50227125881014,48.494687733892057],[-120.50225353092044,48.494606156819337],[-120.50223316148504,48.494528074157067],[-120.50221014093594,48.494453443451938],[-120.50218446306123,48.494382245140294],[-120.50215606812215,48.494314343326209],[-120.50212499827842,48.494249871405664],[-120.50209125475696,48.494188825396876],[-120.50205483599468,48.494131208394293],[-120.50201574458282,48.494077019930216],[-120.50197398291198,48.494026266149703],[-120.50192955330118,48.493978949452284],[-120.50188245909288,48.493935074872986],[-120.50182821458515,48.493893363658316],[-120.50176431428896,48.493854307252725],[-120.50169023059713,48.493817574388146],[-120.5016049109107,48.493782641132348],[-120.50150966796923,48.493749770613611],[-120.50139863537326,48.493716711442922],[-120.50127718404131,48.493684454320622],[-120.50092379564848,48.493595721990943],[-120.50081707231544,48.493565816323027],[-120.500724618311,48.493536787493241],[-120.50062359732168,48.493500022897386],[-120.5005356521081,48.493461620066469],[-120.5004590872698,48.493420833713031],[-120.50039313280746,48.493377243473752],[-120.50032643750832,48.493324480841352],[-120.50026113366138,48.493266107905562],[-120.50019672836221,48.493201686670879],[-120.5001323526311,48.493130353125764],[-120.50007094948415,48.493056012920576],[-120.50000627072646,48.492971711654697],[-120.49982714407922,48.49271980534094],[-120.49965179105146,48.492468454190295],[-120.49953185135338,48.49228465125114],[-120.49947979162938,48.49219846028388],[-120.4994334291423,48.492116487523802],[-120.49939224833714,48.492037819821761],[-120.49935598362053,48.491961948443468],[-120.49932333860994,48.491885726496527],[-120.49929565638801,48.491811783254533],[-120.49927284461141,48.491739874025619],[-120.49925484936414,48.491669828049403],[-120.49924162810234,48.491601457497453],[-120.49923317047178,48.491534696568209],[-120.49922946555276,48.491469449493842],[-120.49923050803075,48.49140564205409],[-120.49923980790834,48.491310597705315],[-120.4992575903393,48.491211982965716],[-120.49928378365503,48.491110201520563],[-120.49931825043429,48.491005787204116],[-120.49936088662236,48.490899131638315],[-120.49941130710825,48.490791257389695],[-120.49946908513331,48.490683079843024],[-120.4995335876834,48.49057578899577],[-120.49961659900482,48.490454358286549],[-120.49971072309953,48.49033379216074],[-120.49981498564162,48.490215336018643],[-120.49992828895782,48.490100238536193],[-120.50004939158221,48.489989752505046],[-120.50017711546136,48.489884944613387],[-120.50031020646873,48.489786842546444],[-120.50037838828645,48.489740587630124],[-120.50044746301347,48.489696331175452],[-120.50052200789634,48.489651244530528],[-120.50059844336823,48.489607566312671],[-120.5006767697718,48.489565297396481],[-120.50075698840331,48.4895244375465],[-120.50083909796952,48.489484986990391],[-120.50092309847238,48.489446945724183],[-120.50100899086743,48.489410312633659],[-120.50109677454516,48.489375089703465],[-120.50118644882534,48.489341275172308],[-120.5012780140523,48.489308869914616],[-120.50137147118252,48.489277872815869],[-120.50146681960757,48.489248285860526],[-120.50166318899097,48.489193338848381],[-120.50186712414157,48.489144026622299],[-120.50387841071075,48.487531219113976],[-120.50415762992614,48.487514755039712],[-120.50443592689317,48.487495978633973],[-120.50471329994645,48.487474889256042],[-120.50498975164659,48.487451486448599],[-120.50526527971682,48.487425771559508],[-120.50553988637665,48.487397743253212],[-120.50581356900814,48.487367401999158],[-120.50608632887798,48.487334747571978],[-120.50635816629963,48.487299780856432],[-120.50662908090393,48.487262500980378],[-120.50689907136852,48.487222908181884],[-120.50716814025564,48.487181002003965],[-120.50743628529003,48.48713678379503],[-120.50770350739809,48.487090252451367],[-120.50796980689439,48.48704140885809],[-120.5082351830696,48.486990251264722],[-120.50840659663744,48.486958611386228],[-120.50860231907068,48.486926699635013],[-120.50929119305255,48.486827564427955],[-120.5095571237584,48.486786074797003],[-120.50969286374433,48.486762393497884],[-120.50981816712861,48.48673840476097],[-120.50993522474141,48.486713688320975],[-120.51004514608158,48.486688006161195],[-120.51017551852625,48.486653760732544],[-120.51029688808178,48.48661735679341],[-120.51041006115408,48.486578553258454],[-120.51051554200413,48.486537172512328],[-120.51061386273372,48.486492998128149],[-120.51070516830841,48.48644595061883],[-120.51078969416788,48.486395908933446],[-120.51086760666252,48.486342773781814],[-120.51095241642308,48.486278955380676],[-120.51102868124622,48.486218035344407],[-120.51109756203707,48.486159081467967],[-120.51115944353332,48.486101761812591],[-120.51121475577702,48.486045650824352],[-120.51126341194615,48.485990810094719],[-120.51130549376379,48.485937147018511],[-120.51134104311689,48.485884609005836],[-120.5113787590129,48.485816732181711],[-120.51141074634575,48.485743770447179],[-120.51143696003408,48.485665828661261],[-120.51145735026564,48.485583052932824],[-120.51147188638996,48.48549552110812],[-120.51148049656602,48.485403586193549],[-120.51148315091103,48.48530757019472],[-120.51147983295174,48.485208004127507],[-120.51147391930428,48.485146237869493],[-120.51146379036457,48.48508306128295],[-120.51144946109416,48.485018576927814],[-120.51143095948891,48.484952906641745],[-120.51140831291771,48.484886156400755],[-120.51138158010015,48.48481850925409],[-120.51135082921567,48.484750133402649],[-120.51131614953157,48.484681229916916],[-120.51127742948813,48.484611636482192],[-120.51123498963152,48.484541981632312],[-120.51118899466817,48.484472539376277],[-120.51113965261484,48.484403623889811],[-120.5110871620509,48.484335514392967],[-120.51103184490488,48.484268639973628],[-120.51097402395254,48.484203389164449],[-120.51091407556487,48.484140185066039],[-120.51084173772365,48.484071567135203],[-120.51076116631957,48.484004755542998],[-120.51067224256383,48.483939651270418],[-120.51057480144071,48.483876132564127],[-120.51046873228638,48.483814117739193],[-120.51035365463049,48.483753376085382],[-120.51022919770976,48.483693708978066],[-120.51009477846982,48.483634838337331],[-120.50996202951399,48.483581235768284],[-120.50981928709005,48.483527629971881],[-120.50966528360139,48.483473542163516],[-120.50949742260957,48.483418056761153],[-120.5091677145559,48.483316372876104],[-120.50844521324072,48.483104452700495],[-120.50810002924493,48.483003520426713],[-120.50794513879019,48.482960878255646],[-120.50779811848938,48.482922355037026],[-120.50765644400398,48.482887309821187],[-120.5075202374736,48.482855796864904],[-120.50738878839596,48.482827652061047],[-120.50726164966409,48.482802779730989],[-120.50716199354356,48.482785565257544],[-120.50706126186124,48.482770777539059],[-120.50695940839643,48.482758411688543],[-120.50685637452167,48.482748459401535],[-120.50675211435741,48.482740916669322],[-120.50664655012592,48.482735775795518],[-120.50653961100673,48.482733036294782],[-120.50643121602062,48.482732692922447],[-120.50632142907867,48.482734742691854],[-120.50620999814689,48.482739185600728],[-120.50609681383328,48.482746025246385],[-120.50598174344142,48.482755269396144],[-120.50586467506012,48.482766925855557],[-120.50574539960556,48.482781016060606],[-120.505623720328,48.48279756111836],[-120.50549939428099,48.482816595099827],[-120.50528724994727,48.482853645947294],[-120.50506534360009,48.482897926702421],[-120.50483141833294,48.482949883449287],[-120.50458111665904,48.483010479072803],[-120.5043553322938,48.483068700536101],[-120.5041040029885,48.483136497700599],[-120.50321675984247,48.483385776880588],[-120.50286223357365,48.483482607798756],[-120.50249862478637,48.483575831214274],[-120.50233134679162,48.48361582998659],[-120.50217101769795,48.483652085000116],[-120.501984890644,48.483691275669692],[-120.5018055167335,48.483725748474811],[-120.50163175108908,48.483755721442925],[-120.50146283368542,48.483781326825031],[-120.50129792433606,48.483802683022283],[-120.50113675860051,48.483819818575256],[-120.50097892388428,48.483832776315246],[-120.50082410762593,48.483841582113762],[-120.50036712853777,48.48386228458525],[-120.5001056878329,48.483870944833122],[-120.49986098626381,48.483873605118944],[-120.4997486728047,48.483872339335008],[-120.49964138024397,48.483869330532606],[-120.4989670177268,48.483845900556503],[-120.49875521160759,48.483835636619482],[-120.49856542775893,48.483823678250673],[-120.49837531885778,48.483808174556714],[-120.49820013435601,48.483789861698803],[-120.4980377294404,48.483768515526805],[-120.49788706995692,48.483743994120161],[-120.49773974094383,48.483714487150628],[-120.49760410599616,48.4836811809352],[-120.49747974809787,48.483643971592613],[-120.49736641054186,48.483602782933808],[-120.49731377442266,48.483580658701513],[-120.49726382896708,48.483557511948177],[-120.49721655713117,48.483533334451067],[-120.49717194453085,48.483508121269566],[-120.49712997766466,48.483481862607405],[-120.4970906480098,48.48345455435431],[-120.4970539476551,48.48342619041118],[-120.497019869984,48.483396764447363],[-120.49698428173487,48.483360289534282],[-120.49695192900708,48.483318859373455],[-120.49692245486962,48.483272025759362],[-120.49689525480503,48.483218835134245],[-120.4968746672,48.483170866630417],[-120.49685408578878,48.483115715046516],[-120.49677124062913,48.482865605745701],[-120.49674663486321,48.482804615092235],[-120.49672106345366,48.482751402905841],[-120.49669325715725,48.482703486546335],[-120.49666299297628,48.482660648461092],[-120.49662986858505,48.48262232359604],[-120.49659362311046,48.482588214735202],[-120.49654867470842,48.482552651405797],[-120.49649887284519,48.482517975066287],[-120.49644419379831,48.482484167406426],[-120.49638459816725,48.482451205403471],[-120.49632006523008,48.482419074906865],[-120.49625050609308,48.482387728861688],[-120.4961758356168,48.482357129875687],[-120.49609592026391,48.482327222906051],[-120.49601259189562,48.482298602903455],[-120.49592383010319,48.482270492531349],[-120.49582929475142,48.482242782563844],[-120.49572833693298,48.482215281831415],[-120.49550754104169,48.482160838769197],[-120.49522639059161,48.482098513030209],[-120.49508636156257,48.482071079077997],[-120.49494017661304,48.482047573233359],[-120.4947882510718,48.482028063054074],[-120.49463105402981,48.482012608361366],[-120.4944690452301,48.482001255616872],[-120.4943028145773,48.481994047732364],[-120.49413294453575,48.481991012040787],[-120.49396006042308,48.481992157877507],[-120.49378459393967,48.481997491629841],[-120.49360743678051,48.482006991905415],[-120.49342928388273,48.482020622712795],[-120.49325084250813,48.482038329887665],[-120.4930728267236,48.482060041140649],[-120.49289593253172,48.48208567332442],[-120.49272085299614,48.482115125030433],[-120.49254825044078,48.48214828344021],[-120.49238080545295,48.482184560145129],[-120.49221699050977,48.482224207690336],[-120.49205736298337,48.482267092577821],[-120.49190242981572,48.482313076238519],[-120.49175270966541,48.482362003917494],[-120.49160859049853,48.482413747994038],[-120.49147047036159,48.482468164013646],[-120.49133869776436,48.482525115443103],[-120.49121386866314,48.482584325663211],[-120.49109595409803,48.482645791418577],[-120.49098519975394,48.482709382353519],[-120.49088181867951,48.482774976767857],[-120.49078601819569,48.482842441771602],[-120.49069793190658,48.482911679267495],[-120.49061769941062,48.482982581629685],[-120.49054543346027,48.483055046972169],[-120.49044762478719,48.483164519762219],[-120.49035899946419,48.483273166638654],[-120.49028064850727,48.48337963969869],[-120.49021310553634,48.483483209347639],[-120.49015688353019,48.483583032237462],[-120.4901119951781,48.483679019681325],[-120.49007857974223,48.48377087056619],[-120.49005671138194,48.483858379976816],[-120.49005284239705,48.48388677336682],[-120.49005174846903,48.483916232955742],[-120.49005787666363,48.483978591009858],[-120.49007513898293,48.484046031790179],[-120.49010383661533,48.484119754794321],[-120.49013621453334,48.484185866107801],[-120.49017803386701,48.484260173983266],[-120.49032955248649,48.484500856773714],[-120.4903788401453,48.484583802479214],[-120.49041947328243,48.484662630449783],[-120.49044700397521,48.48473134788],[-120.49045729614673,48.484767065732733],[-120.49046379573237,48.48480068076465],[-120.490466543255,48.484832397125722],[-120.49046554941796,48.484862352892968],[-120.49046080427932,48.484890693593599],[-120.49045228959716,48.484917468526028],[-120.49043998366713,48.484942750156762],[-120.49042386150336,48.484966591808458],[-120.49039937139602,48.484994539970565],[-120.49036984305677,48.485022026772192],[-120.49033523690348,48.485049089352913],[-120.49029548889375,48.485075776742526],[-120.49025056353068,48.485102118772069],[-120.49020030349709,48.48512821309486],[-120.49014455119429,48.485154142381084],[-120.49008304388457,48.485180028771687],[-120.4899577818199,48.485226614924414],[-120.48980845870055,48.485275226214817],[-120.48967122197489,48.485316014256341],[-120.48926657799109,48.485431546085785],[-120.48885516444479,48.485556928068512],[-120.48861478705665,48.485625524576292],[-120.488497629797,48.485656107265918],[-120.48838738298839,48.48568262048574],[-120.48828247945413,48.485705439382166],[-120.4881821192493,48.485724736136227],[-120.4880796772709,48.48574152534821],[-120.48798118940354,48.485754544522486],[-120.48788627627954,48.485763843653658],[-120.4877946837145,48.485769445653233],[-120.48770613591289,48.485771364142472],[-120.4876205451753,48.485769597899363],[-120.48753777956776,48.485764142336464],[-120.48745773864192,48.485754991933682],[-120.48739658224689,48.485744777973018],[-120.48733336535143,48.485730930904367],[-120.48726745045401,48.485713313858533],[-120.4871976194248,48.485691603465881],[-120.48706517745588,48.485643893546978],[-120.48681869593506,48.485545586135075],[-120.48671894740585,48.485507647398279],[-120.48661538853059,48.485472308452145],[-120.48652096749274,48.485445201717049],[-120.48642747266963,48.48542232637454],[-120.48633108322042,48.485400950358262],[-120.48623160733506,48.485381029035175],[-120.48612879206762,48.485362513669912],[-120.48602247601009,48.485345370164289],[-120.48591213037984,48.485329509843517],[-120.48567718070893,48.485301336082827],[-120.48545908813598,48.485280676493687],[-120.48521382566869,48.485262047254309],[-120.4849805291191,48.485247305358094],[-120.48445265422046,48.485217070144977],[-120.48421408481563,48.485201385038067],[-120.48404586814311,48.485190438294516],[-120.48387441567718,48.485181577805946],[-120.48369944360553,48.485174789469632],[-120.48352058885274,48.485170058319056],[-120.48333759337011,48.485167375976587],[-120.48314977580522,48.485166727999925],[-120.48295651805716,48.485168113062535],[-120.4827569433173,48.485171537562955],[-120.4823411755229,48.485184321689339],[-120.48188145089364,48.485205575090866],[-120.48139761159486,48.485233510013082],[-120.48043765170085,48.485295288399925],[-120.48003526608612,48.485319671293574],[-120.47961402023411,48.485341772982345],[-120.47923645778768,48.485357153143937],[-120.47901443667868,48.485363689919232],[-120.47880120468328,48.485367913135306],[-120.47859524950897,48.485369850747539],[-120.47839558206937,48.485369512345535],[-120.47820110838177,48.485366890559071],[-120.47801149798607,48.485361975893639],[-120.47782622516019,48.485354755232002],[-120.47764489046884,48.485345212612017],[-120.47747386283456,48.485333799387178],[-120.47729530245296,48.485319507292104],[-120.47710733167254,48.485302189922628],[-120.4769062361801,48.48528150675552],[-120.47653679701278,48.48523923637773],[-120.47566930467784,48.485133240761733],[-120.47544506389146,48.485107796885409],[-120.47524219512553,48.485086560355121],[-120.47503922796548,48.485067509527127],[-120.4748476807103,48.485051976624732],[-120.47466467956647,48.485039728355659],[-120.47448864610871,48.485030661628343],[-120.47430431011503,48.485025899756344],[-120.47411046653163,48.485027211054771],[-120.47390524013778,48.485034601758343],[-120.47368498075973,48.485048199859953],[-120.47348345408051,48.485064736264647],[-120.47325892019268,48.485086613557641],[-120.47246746448955,48.485175222338867],[-120.47215487327281,48.485207013697377],[-120.47198949814398,48.485221265806878],[-120.47183550233471,48.485232336284625],[-120.47168996507871,48.485240434223449],[-120.47155139454227,48.485245640202947],[-120.4713891360613,48.48524813676223],[-120.47123424819331,48.485246359516239],[-120.47108567356472,48.485240295437094],[-120.47094271859875,48.485229916280986],[-120.4708046279604,48.485215155981443],[-120.47067116428768,48.485195980870579],[-120.47054196481,48.485172337409473],[-120.47041675092622,48.485144174868935],[-120.47027263442187,48.485106916006799],[-120.4701283669057,48.485066267067062],[-120.46998475218635,48.485022454595672],[-120.46984258821129,48.484975722159952],[-120.46970268308328,48.484926335941658],[-120.46956575145911,48.484874549696677],[-120.46943250601801,48.484820633507198],[-120.46930359925338,48.484764852238598],[-120.46919433849301,48.484713949488906],[-120.46908329153744,48.484658229631215],[-120.46896968445319,48.484597303892244],[-120.46885217736819,48.484530456205121],[-120.46873339614835,48.484459379184997],[-120.46860572407823,48.484379695281518],[-120.46827863364611,48.48416599781477],[-120.4681552635593,48.484082953144259],[-120.46803366072881,48.483998435260212],[-120.46791392187808,48.483912511441908],[-120.4677961401165,48.483825246795831],[-120.46768040766744,48.483736711284209],[-120.46756681150489,48.483646972049115],[-120.46745544023712,48.483556096879788],[-120.46734637599727,48.483464154722554],[-120.4672397157768,48.483371227839967],[-120.46713552064465,48.483277370151448],[-120.46703386816407,48.483182649540169],[-120.46693482908216,48.483087134167192],[-120.46683847414508,48.482990892193804],[-120.46674486782688,48.48289398632491],[-120.46665407242097,48.482796484352356],[-120.46656614912821,48.482698447686623],[-120.46642420713168,48.482532021174144],[-120.46628837358726,48.482362369921205],[-120.46615941444817,48.482190458172944],[-120.46603805966787,48.482017253783717],[-120.4655648161484,48.481339673576514],[-120.465445622896,48.48116201201654],[-120.46534340029723,48.481002016255296],[-120.46524137727096,48.480831197054052],[-120.46515525919186,48.48067307821637],[-120.46508390984862,48.480525570401291],[-120.46502686287478,48.480387689670685],[-120.46500197172865,48.48031721123283],[-120.46498110444951,48.480249231636257],[-120.46496424451921,48.480183683369248],[-120.46495137542348,48.480120516769013],[-120.46494248930303,48.480059675929255],[-120.46493758048516,48.48000113555527],[-120.46493664902135,48.479944863692928],[-120.46493969346582,48.479890835231679],[-120.46494672115915,48.479838990610013],[-120.46495773509442,48.479789351836807],[-120.4649727372372,48.479741902586333],[-120.46499173316597,48.479696628705732],[-120.46501472845996,48.479653516041836],[-120.46504172720118,48.479612557285073],[-120.46507273701557,48.479573743553189],[-120.46510776198679,48.479537067535929],[-120.46513899273592,48.479509653209341],[-120.46517455106437,48.479483315554972],[-120.46521450578803,48.479457999998836],[-120.46525895645659,48.479433645536403],[-120.46530797754384,48.479410205037084],[-120.46536177755929,48.479387573603631],[-120.46542057114843,48.479365662151878],[-120.46548467149221,48.4793443536594],[-120.46562056994374,48.479305554687699],[-120.465781896396,48.479266888439767],[-120.46596151821687,48.479229251443776],[-120.46634682588775,48.47915471167294],[-120.46651333945326,48.479120904834176],[-120.46668352384071,48.479082789296221],[-120.46683113131031,48.479045038575514],[-120.4669135921493,48.479021271001542],[-120.46699039409702,48.47899688162282],[-120.46706202342308,48.478971717807617],[-120.46712878050052,48.478945672348843],[-120.46719098218909,48.478918616303325],[-120.46724871346217,48.478890508191128],[-120.46730210883085,48.478861280770474],[-120.4673512702345,48.478830879194895],[-120.46745147056315,48.478761477925559],[-120.46755098061723,48.478685742010619],[-120.46764951590256,48.478603883871216],[-120.46774671439707,48.478516208697009],[-120.46784233283856,48.478422910271746],[-120.46793565248035,48.478324673185654],[-120.46802606606171,48.47822213392817],[-120.46811274996223,48.478116224122672],[-120.46815571562854,48.478053860050089],[-120.46819175059308,48.477984585397948],[-120.46822089771089,48.47790831078877],[-120.46824320950941,48.477824907538498],[-120.46825871808805,48.477734301344562],[-120.46858989918276,48.476948876554893],[-120.46839742709102,48.476182580008633],[-120.4680873691379,48.475380248282235],[-120.46782778710619,48.474708514477328],[-120.46772511343293,48.474684310517851],[-120.46761224443523,48.474660304810527],[-120.46739700732763,48.474619631975891],[-120.46690774309242,48.474534808812102],[-120.46679308179613,48.474513025177181],[-120.46669317039421,48.474492252075734],[-120.46655421740557,48.47446534545422],[-120.46640584789667,48.474443391376248],[-120.46624655313622,48.474426158643638],[-120.46607329990148,48.474413315465505],[-120.46591887294723,48.474405855650247],[-120.46574542502351,48.474400738107157],[-120.46516248541754,48.474393565144105],[-120.46494625851992,48.474388714883332],[-120.46473388597424,48.474379272307083],[-120.464545787671,48.474364976946653],[-120.46444542301508,48.474354328844662],[-120.46434988302545,48.474341814469618],[-120.46425860457154,48.474327359701704],[-120.46417120598696,48.474310904972413],[-120.46408727984416,48.474292367131014],[-120.46400669142682,48.474271712946482],[-120.46392923875941,48.474248889262377],[-120.46385477001982,48.474223850871546],[-120.46373103391497,48.474177063503106],[-120.46360526484804,48.474124624968987],[-120.46347737454059,48.474066500315111],[-120.46334722122036,48.47400262374849],[-120.46321479791135,48.473933002157452],[-120.46307963690121,48.473857396876035],[-120.46294134918978,48.473775593693397],[-120.46279914466977,48.473687125948921],[-120.46261232895522,48.473563250203021],[-120.46243380164336,48.473434844349875],[-120.46234810600741,48.473369269850807],[-120.46226498556072,48.473302931879083],[-120.46218458034107,48.473235941640205],[-120.46210701825534,48.47316840405167],[-120.46203251294043,48.473100512992886],[-120.46196105791469,48.473032269625264],[-120.46189274898583,48.472963763932391],[-120.46182766819528,48.472895078962416],[-120.46176589697082,48.472826299751446],[-120.46170749138911,48.472757492378591],[-120.46165251147876,48.472688725974145],[-120.46160100738693,48.472620062039084],[-120.46155867644642,48.472557133967861],[-120.46151997343839,48.472490043439748],[-120.46148459330681,48.472418268146662],[-120.46145207007204,48.472340867360934],[-120.46142165289707,48.472255955451075],[-120.46139241710407,48.472160823905703],[-120.46129161600825,48.471768910024927],[-120.46126595114335,48.47167970362289],[-120.46124010032531,48.471600577602509],[-120.46120579216196,48.471510593965135],[-120.46116839488838,48.471428316829567],[-120.46112715825767,48.471352104699847],[-120.46108163799147,48.471281154814946],[-120.4610383230961,48.4712229027623],[-120.46098901240643,48.471163793151248],[-120.46093332152445,48.471103366692084],[-120.46087052812346,48.47104083178305],[-120.46079888710634,48.470974512343332],[-120.46071624739977,48.470902477895066],[-120.4603655247885,48.470614391976063],[-120.46021880758182,48.47048667401333],[-120.46014372063554,48.470415214363918],[-120.46007804151107,48.47034703807816],[-120.4600204617374,48.470280784704372],[-120.45997038106708,48.470215752631574],[-120.4598807346092,48.470085173367963],[-120.4597979983198,48.469952255079605],[-120.4597221705299,48.469816997135212],[-120.45965325215801,48.469679398439922],[-120.4595912412598,48.469539461227392],[-120.45953614099926,48.469397183059854],[-120.45948794813447,48.469252566400286],[-120.45944666487263,48.469105609918699],[-120.46077053503338,48.468212943920321],[-120.46081980074631,48.468121837773396],[-120.46087158685225,48.468034792412112],[-120.46092589628061,48.467951808245473],[-120.4609827273966,48.467872884619297],[-120.46104208088325,48.46779802328372],[-120.46110395735599,48.467727222243681],[-120.46116835456986,48.467660482833345],[-120.46123527511827,48.467597804583534],[-120.46130471737121,48.467539186840376],[-120.46137668331106,48.467484631123043],[-120.46145116967432,48.467434136130478],[-120.46152817905825,48.467387701393676],[-120.46160770956445,48.467345329125877],[-120.46168976474567,48.467307017748382],[-120.46177434038871,48.467272767070099],[-120.46186143814073,48.467242577732151],[-120.46190770625863,48.467229459904651],[-120.46195623099733,48.467218880199951],[-120.46200711033599,48.467210816415204],[-120.46206047638975,48.467205248703607],[-120.4621164162382,48.467202162445652],[-120.46217518995411,48.467201539358932],[-120.46223703873933,48.467203376744429],[-120.46230231669679,48.467207684611743],[-120.46242980932232,48.467221749366544],[-120.4625749251925,48.467244479554331],[-120.46272784016104,48.467273372872462],[-120.4631699755613,48.467363411169281],[-120.46330666741821,48.46738740713225],[-120.46342843747868,48.46740504117242],[-120.46356514695937,48.467419061901694],[-120.46362912652515,48.467423000897426],[-120.46369061248723,48.467424922238486],[-120.46374991239976,48.467424830161391],[-120.46380711517254,48.467422721934661],[-120.46386236258758,48.46741859195631],[-120.46391576358612,48.467412432036916],[-120.46403775832145,48.467393252075333],[-120.46417190524424,48.467367313642363],[-120.46431807837529,48.467334991484094],[-120.46454071055503,48.467282006785588],[-120.46468635004733,48.467245626376396],[-120.46483303462414,48.46720590638536],[-120.46498091741994,48.467162806293629],[-120.46513018699535,48.467116269857428],[-120.46528098898727,48.467066255077533],[-120.46543365482162,48.467012652938806],[-120.46558848321808,48.466955359328708],[-120.4657458795152,48.466894223839333],[-120.46590353867551,48.46683021633914],[-120.46606474824723,48.466762070199366],[-120.46623024990357,48.466689474389064],[-120.46640120926831,48.46661191905519],[-120.46657724797613,48.466529613632737],[-120.46676270868896,48.466440564627383],[-120.46718270444191,48.466232169745652],[-120.46741501521142,48.466118622802504],[-120.4680322375871,48.465830100611477],[-120.46831640072841,48.46569206627683],[-120.46846646713428,48.465615001368029],[-120.46860252084613,48.465541407991807],[-120.46872709929022,48.465469909297134],[-120.46884141143801,48.465399807348561],[-120.4689615749373,48.465320038549699],[-120.46907013247832,48.465240835938054],[-120.46916768895048,48.465161757015331],[-120.46925461223861,48.465082501212159],[-120.46933126741988,48.465002721486258],[-120.46939774239431,48.464922305392534],[-120.46945418105149,48.464841077870148],[-120.46950067925594,48.464758900621177],[-120.46954750838108,48.464655062297417],[-120.46958723833937,48.464544126238088],[-120.46961961771052,48.464426789350995],[-120.4696443856015,48.464303991667045],[-120.46966135343455,48.464176474287356],[-120.46967025092121,48.464046005605859],[-120.46967096355939,48.463914209683324],[-120.46966347995399,48.463783090461568],[-120.46965338872934,48.463713691890185],[-120.46963515947934,48.463641502523629],[-120.46960861232496,48.463565762587393],[-120.469573222544,48.463484969797861],[-120.46953789970077,48.463415187218629],[-120.46949472069591,48.463337607130988],[-120.46934440249794,48.463088371387414],[-120.46929339713587,48.463000358220938],[-120.46924908773106,48.462916830922083],[-120.46921382737764,48.462841011049072],[-120.46918615199145,48.462769649670541],[-120.46916580171157,48.462701930844361],[-120.46915250712155,48.462636942637843],[-120.46914616745212,48.462574168531717],[-120.46914371835162,48.462485172573849],[-120.46914471489937,48.462397372978764],[-120.46914915450186,48.462311105575012],[-120.46915702289576,48.46222661903245],[-120.46916829192493,48.462144183291223],[-120.46918294334273,48.462063901184678],[-120.46920095019158,48.461985913739476],[-120.46922228789239,48.461910332435515],[-120.46924685662704,48.461837449413501],[-120.46927468347181,48.46176713113023],[-120.46930574370461,48.461699445878267],[-120.46934001069299,48.461634446321611],[-120.46937745337895,48.46157219155161],[-120.46941805377885,48.461512710140973],[-120.46946178757607,48.461456039309439],[-120.4695086305889,48.461402205919157],[-120.46959061727182,48.461318625251529],[-120.46967821345166,48.461239232205244],[-120.46976915688019,48.461166069403518],[-120.46986176534232,48.461100483986257],[-120.46990488117895,48.461073432989146],[-120.4699507880249,48.461047435992697],[-120.4699995867625,48.461022435508426],[-120.47005140634012,48.460998364334493],[-120.47010633326798,48.460975177883903],[-120.47016465998614,48.460952748733391],[-120.4702927808666,48.460909684853405],[-120.47040002553032,48.460878530468655],[-120.47052154020315,48.460846940130239],[-120.47065288858084,48.460815662545087],[-120.47102657256913,48.460730515582561],[-120.47114002976561,48.460702328120469],[-120.47123950256987,48.460675284482697],[-120.47137438318579,48.460638025793564],[-120.47151356073751,48.460602135145734],[-120.47165731698189,48.460567539619568],[-120.47180602911648,48.460534148295615],[-120.47195993502666,48.460501903607124],[-120.47211981499575,48.460470636945843],[-120.47228638554553,48.460440208005004],[-120.47246073222352,48.460410418027067],[-120.47276828077877,48.460362152416032],[-120.4731134196383,48.460312981761689],[-120.47345123195335,48.460268244294518],[-120.47429602459003,48.460160272913932],[-120.47474509490276,48.460098485337845],[-120.47497721766845,48.46006355394131],[-120.47519265265166,48.460028588868099],[-120.47539533807691,48.459992949113136],[-120.47558729706789,48.459956276820066],[-120.4758043026017,48.459910790286067],[-120.47601001222189,48.459863046544001],[-120.47620574128388,48.459812740037265],[-120.47639235798323,48.459759647019347],[-120.47657079610046,48.459703491616885],[-120.47674135044626,48.459644170427829],[-120.47690446936976,48.459581526294464],[-120.47706049038734,48.459515430325297],[-120.47716768745491,48.459465514487484],[-120.47727408397336,48.459411478589701],[-120.47737991375909,48.459353204737418],[-120.47748547212865,48.459290530221182],[-120.4775909503217,48.459223352272609],[-120.47769693467946,48.459151305842184],[-120.47780394076166,48.459074043230409],[-120.47791273291135,48.458991012555138],[-120.47809254286132,48.458844647908357],[-120.47828714118182,48.45867534559396],[-120.47846933829361,48.458509384690899],[-120.47890389185943,48.458105098295903],[-120.4791301520891,48.457902508875527],[-120.47924470715699,48.457804690578293],[-120.47935450458856,48.457714684868456],[-120.47946131946587,48.457631034854266],[-120.47956612373625,48.457552985255518],[-120.47967393088562,48.457477059996251],[-120.47978101601069,48.457406143071061],[-120.47988788360037,48.457339900966566],[-120.47999489927847,48.457278109545491],[-120.48010247716552,48.457220534119017],[-120.48021077747644,48.457167095309735],[-120.48032003153237,48.457117679418687],[-120.48043042093639,48.457072205121897],[-120.48056311148009,48.457021730284417],[-120.48070328063025,48.456971435171639],[-120.48085178619151,48.456921012304456],[-120.48101011595408,48.45686995511894],[-120.48117620612649,48.456818837414815],[-120.48135762820192,48.456765250258506],[-120.48180976822906,48.45663803641586],[-120.48191411402753,48.456610473978962],[-120.48202197021885,48.456584403036999],[-120.48213355818329,48.456559769902029],[-120.48224916823645,48.456536509496964],[-120.48236898627106,48.456514580114373],[-120.48249362759539,48.456493866072051],[-120.48262365173237,48.456474271994743],[-120.48275991983873,48.456455670169412],[-120.48299925339809,48.456426974086263],[-120.48326823160725,48.456399341582987],[-120.48353072367998,48.456375487602656],[-120.48418127763981,48.45631991863911],[-120.48452329966783,48.456286874636085],[-120.48469865602036,48.456267354346281],[-120.48486136790119,48.456247061847016],[-120.48501437061967,48.456225629090667],[-120.48515917687665,48.45620284192848],[-120.48532071720615,48.456174031093433],[-120.48547376734777,48.456142863402107],[-120.48561928330459,48.456109145351256],[-120.48575789533713,48.456072728540867],[-120.48589028007837,48.456033427151034],[-120.48601665690866,48.455991168142425],[-120.48613735261962,48.455945841413858],[-120.48625261349078,48.455897354081067],[-120.48636480335669,48.455844048013091],[-120.48647699276617,48.455783917899971],[-120.486590048991,48.455716506121753],[-120.48670542031158,48.455640951456658],[-120.48682808858337,48.455553751207141],[-120.48695977726832,48.45545343406755],[-120.48709722756561,48.45534321048121],[-120.48748761048978,48.455022360218919],[-120.48761231818511,48.454924854203561],[-120.48772687145549,48.454840051440435],[-120.48786329543672,48.454746372518159],[-120.48799565934898,48.454664046494429],[-120.48812658638032,48.454591448661084],[-120.48825744999525,48.454527827930676],[-120.48835038931742,48.454488273563769],[-120.48845106176759,48.454450174783254],[-120.48856050712827,48.454413133263294],[-120.48868085568748,48.45437642596093],[-120.48878815925936,48.45434635557595],[-120.48890943593791,48.454314516424176],[-120.48946190964367,48.454176965709117],[-120.48960411243827,48.454137889634708],[-120.48972950334706,48.454099972999423],[-120.48985477340962,48.454057503756189],[-120.48996824654594,48.454013671668669],[-120.49007173268203,48.453967773456803],[-120.49016616409584,48.453919390600021],[-120.49051985723953,48.453724255251245],[-120.49063708692047,48.453656502329324],[-120.4907407508322,48.453593741765921],[-120.4908404914511,48.453529785325614],[-120.49092992722471,48.453468312085086],[-120.49100999719658,48.45340867496332],[-120.49108113963032,48.453350544746613],[-120.49114641902041,48.453290999263452],[-120.49120245098177,48.45323263935412],[-120.49124937755542,48.453175317496161],[-120.49128727875259,48.453118936718553],[-120.49131622067877,48.453063385626194],[-120.49133621158418,48.45300863550893],[-120.49134727067288,48.452954635966975],[-120.49134940441812,48.452901350149695],[-120.49134324267918,48.452843453412456],[-120.4913297130567,48.452781299315006],[-120.49130902744271,48.452715868297027],[-120.49128160167419,48.452648491354907],[-120.49124788659634,48.452580375790617],[-120.49120888867205,48.452513639388457],[-120.49116569636381,48.452450151341125],[-120.49111956308927,48.452391749448758],[-120.49109351750559,48.45236408147322],[-120.49106380190871,48.452337836651054],[-120.49103036280016,48.452312966306302],[-120.49099312515278,48.452289416220111],[-120.49095203629031,48.452267146963081],[-120.49090693049585,48.452246063235002],[-120.49085764730938,48.452226090401446],[-120.49080393681582,48.452207126617651],[-120.4907490165667,48.452190087125587],[-120.49068946452751,48.452173711849383],[-120.49055374484391,48.452142228710962],[-120.49040543638773,48.452113654243362],[-120.49010360260749,48.452061767066851],[-120.48997855475973,48.452038835755047],[-120.48985173305481,48.45201230522391],[-120.48974294361444,48.451985193215748],[-120.48968210350858,48.451967477315101],[-120.48962594005479,48.451948941684122],[-120.4895740668141,48.451929457241157],[-120.48952624382302,48.451908933520485],[-120.48948222095649,48.45188725744859],[-120.48944193191289,48.451864390161155],[-120.48940526678213,48.451840269593625],[-120.48937215224004,48.451814845924687],[-120.48933760125843,48.451783544796264],[-120.4893048202761,48.451748578933056],[-120.48927345862897,48.451709579874539],[-120.48924288499038,48.451665769991259],[-120.48919282946672,48.451581544224211],[-120.48908647543161,48.451380915620732],[-120.48905756616978,48.451332519613615],[-120.48902922971598,48.451290129252122],[-120.48900006448585,48.451251738776584],[-120.48896986759665,48.45121717498705],[-120.48893823009006,48.451185972752043],[-120.48890489931891,48.451157884166115],[-120.48884414188431,48.451115854359522],[-120.48877396776712,48.451076850572093],[-120.48869370404425,48.451040490578961],[-120.48860196937783,48.451006143111577],[-120.48851117697942,48.450977266365996],[-120.48840632654863,48.450948098326514],[-120.48800180692412,48.450849977301203],[-120.48783769224629,48.450805527533106],[-120.48775308225245,48.450778798641004],[-120.48767710927491,48.450751380523826],[-120.48760833399734,48.450722752825278],[-120.48754606664684,48.450692621842308],[-120.48748585436135,48.450658893535149],[-120.48742606690728,48.450620905080505],[-120.48736607108418,48.450578262466287],[-120.48730468158308,48.450530122763226],[-120.48719733963723,48.450436609505438],[-120.48695266992361,48.450207909571041],[-120.48688623427751,48.450150609554669],[-120.48682373930295,48.450100924997834],[-120.4867576149272,48.45005342370419],[-120.48669187584304,48.450011612999958],[-120.4866255159109,48.449974858385161],[-120.48655795658345,48.449942842486436],[-120.48646002579565,48.449901153540701],[-120.48638109126156,48.449869991478657],[-120.48630899359354,48.449844561833125],[-120.48624230995293,48.449824443680264],[-120.48620227810756,48.449814673313],[-120.48616093009626,48.449806888474861],[-120.48611818409931,48.449801070919754],[-120.48607393016798,48.449797208372438],[-120.48602809636284,48.449795290213352],[-120.48598046265826,48.449795302250017],[-120.48587888755408,48.449801130886456],[-120.48578296090805,48.449812454498606],[-120.4856752037069,48.449830086704864],[-120.48556631600412,48.449851394947046],[-120.48527411096627,48.449912893682907],[-120.48518705372423,48.449929061587035],[-120.48510920638059,48.44994143558452],[-120.48502163090049,48.44995217237183],[-120.48494050958575,48.449958287359486],[-120.4848643111213,48.449959892876734],[-120.48479226901786,48.44995700014897],[-120.48472863054749,48.449951077783147],[-120.4846627372702,48.44994246992718],[-120.48459401589594,48.449931104388703],[-120.48452142581317,48.449916810315067],[-120.48436963809498,48.449881104266943],[-120.48406196907472,48.449798820461318],[-120.48393040644793,48.449766186157383],[-120.48379118016268,48.449737421230871],[-120.48372692489212,48.44972691742467],[-120.48366512671927,48.449718807364768],[-120.48357182493966,48.449710648385704],[-120.48347290798701,48.449706866069228],[-120.48336737424573,48.449707415022317],[-120.48325320126965,48.449712304664338],[-120.48315247498313,48.449719512587677],[-120.4830396859001,48.449729949687864],[-120.48266838068375,48.449771457380535],[-120.48253412456201,48.449785037209786],[-120.48240398151884,48.449795222816114],[-120.48228798259804,48.449800574400513],[-120.48217013161221,48.449801104523353],[-120.48206138739015,48.449795934554928],[-120.48195998442266,48.449784976323556],[-120.48186498588919,48.449768123086258],[-120.48180644006399,48.449754481863216],[-120.48174737764084,48.449738685976087],[-120.4816272079683,48.449700488591688],[-120.48150331662514,48.44965317291868],[-120.48137346496256,48.449595888040172],[-120.48125907905808,48.44953988701149],[-120.48113341098112,48.449473651076289],[-120.48073416532824,48.449248986758597],[-120.48059353727244,48.449172489584981],[-120.48049024658361,48.449114285242835],[-120.48038611188451,48.449048054427678],[-120.48028017977245,48.448973198287732],[-120.48017067948662,48.448888470354916],[-120.4800710809717,48.448805677597072],[-120.47996287304143,48.448710674633794],[-120.47958460702516,48.448360881645542],[-120.47943147158435,48.448224655320622],[-120.47934775853761,48.448154501072963],[-120.47926826976428,48.448091536727127],[-120.47919144139243,48.448034524830653],[-120.47911645627062,48.447982864694659],[-120.4790241568431,48.44792503746956],[-120.47893287868857,48.447874373556424],[-120.47884195827251,48.447830504061614],[-120.47875093775814,48.447793212124147],[-120.47865929467659,48.447762296197659],[-120.478566854546,48.447737713263407],[-120.47847334724189,48.447719391375536],[-120.47837855836798,48.447707288076771],[-120.4782911617588,48.447700254398583],[-120.47820041801327,48.447695304342602],[-120.4781071092216,48.447692481230781],[-120.47801201644376,48.447691807904761],[-120.47791597883355,48.447693289305214],[-120.47781967356366,48.447696912370446],[-120.47772381131384,48.447702650534268],[-120.4776290301506,48.447710464853337],[-120.4775366243844,48.447720224406709],[-120.47744637713261,48.447731926646007],[-120.47735875501455,48.447745511623481],[-120.4772741506105,48.447760917601471],[-120.47719296889314,48.447778068415481],[-120.47711544326694,48.447796912943254],[-120.47704183124503,48.447817387297889],[-120.4769723427322,48.447839433287207],[-120.47690184699374,48.447866208724811],[-120.47683174981296,48.447898675920868],[-120.47676136332952,48.447937148559468],[-120.47668943841076,48.447982305584297],[-120.47662540051613,48.44802703211554],[-120.47655627782858,48.448079311036182],[-120.47631243936875,48.448278007700644],[-120.47621052020234,48.448356507572512],[-120.47615419132588,48.448396341269941],[-120.47609998053501,48.448431733434241],[-120.47604686117421,48.448463351409224],[-120.47599429348466,48.448491512456528],[-120.47586858798842,48.448552217783856],[-120.47573639474751,48.448610498285959],[-120.47559773432624,48.448666342750634],[-120.4754526309014,48.448719742137321],[-120.47530110865127,48.448770687404817],[-120.47514320306198,48.448819166550344],[-120.47497894546738,48.448865171131402],[-120.47480837360443,48.44890868780282],[-120.47463149817369,48.448949715567608],[-120.47444839056226,48.448988235063858],[-120.47425910186342,48.44902423525442],[-120.47406368419441,48.44905770773719],[-120.47386219321589,48.449088642536935],[-120.47365468717824,48.449117029215323],[-120.47344122474369,48.449142861957235],[-120.47322185544796,48.449166132821631],[-120.47301886966238,48.449187601648731],[-120.47237874330756,48.449259752857884],[-120.47217414605674,48.449280136025273],[-120.47199052192602,48.449295886632164],[-120.47179055959037,48.449309350728022],[-120.47160655189509,48.449317360413737],[-120.47143588076761,48.449320026807591],[-120.47127731724821,48.449317363931918],[-120.47111789044506,48.449308427120386],[-120.47104288870591,48.44930158712252],[-120.47097093453361,48.449293156803265],[-120.47090195899783,48.449283129702621],[-120.47083592886014,48.449271498616362],[-120.47077280570512,48.449258257265235],[-120.47071255663437,48.449243399322974],[-120.47065510855738,48.449226904042114],[-120.4706004891321,48.449208774937169],[-120.47054867554031,48.449189006697324],[-120.47049965238743,48.449167591745095],[-120.47045340332512,48.449144523612723],[-120.47040991622794,48.449119796016774],[-120.47036918353385,48.449093403736327],[-120.47033119441079,48.449065340256439],[-120.47026944363492,48.449012059234029],[-120.47020907079515,48.44895077935503],[-120.4701501274166,48.448881547781923],[-120.4700926643457,48.448804427768074],[-120.47003674919067,48.448719511509388],[-120.46998242012513,48.448626861707197],[-120.46992972343101,48.448526558400971],[-120.46987861809596,48.448418524392366],[-120.46985906583872,48.448370603554025],[-120.46984288943945,48.44832131089926],[-120.46983005521855,48.448270545362355],[-120.46982053323632,48.448218179846016],[-120.46981429785326,48.448164126876556],[-120.46981131473784,48.448108126752821],[-120.46981157040607,48.448049941409593],[-120.4698150661264,48.447989217421849],[-120.46982870452212,48.447877701444604],[-120.46985254454322,48.447752872693272],[-120.46988262568208,48.447627284391594],[-120.46997041567978,48.447292182773623],[-120.46999282066537,48.447192493276603],[-120.47000930662915,48.447103190574161],[-120.47002242751797,48.447002545527653],[-120.47002806919032,48.446909014475651],[-120.4700263338278,48.446820831015643],[-120.47001719590452,48.446737101688591],[-120.4700047379127,48.44661949445171],[-120.46999450494465,48.446387763170108],[-120.46998763830059,48.44629383996174],[-120.46997483412171,48.446200149647467],[-120.46995598575498,48.446118973574912],[-120.4699410024197,48.446073611665838],[-120.46992332564298,48.446031451590414],[-120.46990284216137,48.44599222990913],[-120.46987946618493,48.445955782539457],[-120.46985307766023,48.445921935554473],[-120.46982362964873,48.445890642859922],[-120.46979105327262,48.445861830345166],[-120.46975528585625,48.445835443456367],[-120.4696880383636,48.445794199369821],[-120.46960970413814,48.445753515826546],[-120.46952267905112,48.445714649733276],[-120.46943117271707,48.445679491921894],[-120.46935944959682,48.445655849897392],[-120.46928626222405,48.445635250050749],[-120.46921161058988,48.445617692378939],[-120.4691354956382,48.445603175769214],[-120.46905791769994,48.445591701097172],[-120.4689788764243,48.445583267481474],[-120.46889837118796,48.445577876907507],[-120.4688164022518,48.445575526506005],[-120.46873296933255,48.445576219140818],[-120.46864807303086,48.445579952821298],[-120.46856171401608,48.445586729301745],[-120.4684738899592,48.445596546175658],[-120.4683846031633,48.44560940584465],[-120.4682938529336,48.445625306549488],[-120.46820163830272,48.445644249397716],[-120.46810796020964,48.445666233277336],[-120.46957393692297,48.444688411320925],[-120.46978484675452,48.444709196384281],[-120.46999189688823,48.444724365282724],[-120.47019508658583,48.444733916275538],[-120.47039441872137,48.444737849794635],[-120.47058989031315,48.444736165440453],[-120.47078150294533,48.444728863876406],[-120.47096925527498,48.444715945350126],[-120.47115314984363,48.444697409415362],[-120.47133318238353,48.444673255904071],[-120.47150935673409,48.444643484138879],[-120.4716816709482,48.444608096355765],[-120.47185012559974,48.444567090583128],[-120.47201472099268,48.444520467716153],[-120.4721754554577,48.444468227124382],[-120.47233233059697,48.444410369471747],[-120.47248534637986,48.444346894775002],[-120.47268534764525,48.444259731906904],[-120.47279992447542,48.444207685670442],[-120.47290385002327,48.444156876631112],[-120.47299160979892,48.444109430142944],[-120.47306971665014,48.444061335624362],[-120.47313353869289,48.444014846195195],[-120.47318366450897,48.443969527878586],[-120.47320367020944,48.443947237430763],[-120.47322033156455,48.443925161641175],[-120.47324168865569,48.443886812792428],[-120.47325532813633,48.443845659865829],[-120.47326126499402,48.4438016701286],[-120.47325950454233,48.443754796607692],[-120.47325005346562,48.443705013689346],[-120.47323289669735,48.443652207591441],[-120.47320800017312,48.443596272624383],[-120.47317529037747,48.443537040639519],[-120.47313767948306,48.443478697124391],[-120.47309298779034,48.443416997027327],[-120.4730409334442,48.443351545489016],[-120.47298085353265,48.44328150758971],[-120.4728529123791,48.443143794297818],[-120.47258881587445,48.442875007525167],[-120.4725015514085,48.442788765015351],[-120.47240576508719,48.442703686296717],[-120.47230145496351,48.442619769825065],[-120.47218861575074,48.442537009015467],[-120.47206724488767,48.442455404308944],[-120.4719373246202,48.442374941952615],[-120.47179883658109,48.442295610180338],[-120.47165175027733,48.44221739093777],[-120.47149634698562,48.442140417087167],[-120.47133227728411,48.442064501206573],[-120.47115946224817,48.441989603835978],[-120.47097776744057,48.441915667257199],[-120.47078718068998,48.441842681403287],[-120.47058725375761,48.441770468054699],[-120.47037759065526,48.441698883796477],[-120.47015741730391,48.441627663054007],[-120.46989504695074,48.441548887472919],[-120.46976481213363,48.441512721122159],[-120.46963561847431,48.441478817401411],[-120.46950777804346,48.441447256726995],[-120.46938146818623,48.441418082543116],[-120.46925689682861,48.441391342221316],[-120.4691342356606,48.441367071764056],[-120.46901982273917,48.441347195716851],[-120.4689022997716,48.441330288670521],[-120.46878141487626,48.441316314857126],[-120.4686568405037,48.441305236065105],[-120.46852836454805,48.441297026321934],[-120.46839530809254,48.441291636953757],[-120.46825704909376,48.441289041054574],[-120.46811264370373,48.441289220393237],[-120.46786151741664,48.441295445518534],[-120.46758029725267,48.441309294359179],[-120.46730671964237,48.441327410624972],[-120.46662277609995,48.441378033640831],[-120.46643073668332,48.441390183854253],[-120.46625812729249,48.441399152130899],[-120.46607027974632,48.441406123680984],[-120.46589480076462,48.44140936259241],[-120.46572859185595,48.441408924877223],[-120.46557004599146,48.441404801913428],[-120.4653521934252,48.441394323899473],[-120.46512482641931,48.441379281727755],[-120.46488554824749,48.441359521341724],[-120.46462961001076,48.441334653413357],[-120.46440764775856,48.441310575446046],[-120.46416048106022,48.441281703412109],[-120.4630683390879,48.441146892539159],[-120.46279036922036,48.441115774836625],[-120.46253865382779,48.441090487852065],[-120.46229233971918,48.441069176925552],[-120.46205952212783,48.441052807567502],[-120.46183684793185,48.441041146817994],[-120.46162245434746,48.44103410115121],[-120.46081255429665,48.441009436153813],[-120.46054008121763,48.441002830472534],[-120.46023277100622,48.440999876605154],[-120.45995904240201,48.441003238516195],[-120.45981497317108,48.441007953810882],[-120.45967685689067,48.4410147434564],[-120.45954389684012,48.441023647446961],[-120.45941556463943,48.441034701972264],[-120.45929127933186,48.441047961067966],[-120.45917085375157,48.441063448793606],[-120.45905400749596,48.441081202110489],[-120.45894052499999,48.441101253908037],[-120.45886275640513,48.441117191707598],[-120.45878261226699,48.441135970745968],[-120.45869948077858,48.441157733210211],[-120.45861229886377,48.441182756397076],[-120.45841477774704,48.441245974460763],[-120.45799906779773,48.441391309658478],[-120.4578179742681,48.441451052382796],[-120.45771832022467,48.441481031057201],[-120.45762479027034,48.441506652323078],[-120.45753549291464,48.441528433554311],[-120.45744946876195,48.441546605351576],[-120.4573627374233,48.441562342906451],[-120.45727486678904,48.441576119807578],[-120.45718581443579,48.441587940815474],[-120.45709552956329,48.441597814066007],[-120.45700396681987,48.441605743903423],[-120.45691105851492,48.441611737723854],[-120.45681673947786,48.441615798715866],[-120.45672093350483,48.441617930160504],[-120.4566237068729,48.441618135243665],[-120.45652482244125,48.441616419699372],[-120.45642417662739,48.441612780427938],[-120.45632164214798,48.441607213867478],[-120.45611040330446,48.441590269603239],[-120.45588959850346,48.441565467326136],[-120.45570481401455,48.44153983147487],[-120.45551106107401,48.441508810238396],[-120.45530631123377,48.441472082173085],[-120.45508656435304,48.441428933208869],[-120.4548930235633,48.441388380840479],[-120.45467711975132,48.44134104122287],[-120.45394770767415,48.441174524627947],[-120.45367052384242,48.441112759821657],[-120.45339394473771,48.441054345008951],[-120.45314470030577,48.44100573253224],[-120.45287994259071,48.440959595970192],[-120.45263171755299,48.440922698569345],[-120.45239588719203,48.440894427935312],[-120.45228192009426,48.440883443939676],[-120.4521702745154,48.44087452957401],[-120.45194515295384,48.440862226491689],[-120.45169402966746,48.440855739882828],[-120.45143450594176,48.44085444191856],[-120.45093028827446,48.440857774107009],[-120.4507227492482,48.44085785764215],[-120.45050725003135,48.440855034493225],[-120.45031501978133,48.440848746123962],[-120.45009594085195,48.440835665165949],[-120.44999293612112,48.440826826952062],[-120.44989354539429,48.44081639636844],[-120.44979722784755,48.440804313161991],[-120.44970382302959,48.440790552459958],[-120.44961306962414,48.440775075468935],[-120.44952477489781,48.440757848991531],[-120.44923132731617,48.440697557496129],[-120.4490621586757,48.440657727596502],[-120.44898373492623,48.440636105969183],[-120.44891254777752,48.440613870908436],[-120.44884754160522,48.44059069060603],[-120.44878818750871,48.440566374934136],[-120.44872779582025,48.440537771740765],[-120.44866879603008,48.440505733917675],[-120.44861115463949,48.440470239273957],[-120.44855482411967,48.440431261549726],[-120.44849977526154,48.440388782484384],[-120.44844592022082,48.440342736054781],[-120.44839318388863,48.440293060538174],[-120.44834146384923,48.440239655882493],[-120.44829173309687,48.440183686776571],[-120.44824269243333,48.440123842978856],[-120.44819414247465,48.440059884897885],[-120.44814574315167,48.43999136700824],[-120.44804903421286,48.439840506118415],[-120.44793873230007,48.439649706362424],[-120.44789484501797,48.439567078007883],[-120.4478550963501,48.439483489802988],[-120.44781948791642,48.439398942399741],[-120.44778801643349,48.439313434507476],[-120.4477606851551,48.439226967424666],[-120.44773749243141,48.439139540507412],[-120.44771843824657,48.439051153758676],[-120.44770352292498,48.438961808059744],[-120.4476927457691,48.438871501655896],[-120.447686107443,48.438780236306144],[-120.44768360758887,48.438688011133571],[-120.44768524748315,48.438594825908403],[-120.44769102451988,48.438500681093736],[-120.44770094160901,48.438405577106415],[-120.44771499580345,48.438309513530328],[-120.4477331893316,48.438212489024693],[-120.44586476494941,48.439739043733738],[-120.44571339436732,48.43981032942925],[-120.44556178229672,48.439879043136486],[-120.44540992909536,48.43994518573092],[-120.44525783573434,48.440008756100283],[-120.4451054999834,48.440069755582492],[-120.44495292376735,48.440128181955735],[-120.44480010553687,48.440184038315067],[-120.4446470455825,48.440237321791486],[-120.44449374589684,48.440288033908452],[-120.44434020520353,48.440336174894654],[-120.44418642154561,48.440381743222041],[-120.44403239820973,48.440424740183204],[-120.44387813391988,48.440465166007073],[-120.4437236283536,48.440503019813121],[-120.44356888023496,48.440538301830507],[-120.44341389217017,48.440571011595246],[-120.44325866322363,48.440601150215031],[-120.44310319341372,48.440628717688227],[-120.44294748207786,48.440653712256136],[-120.44279152991523,48.440676135674153],[-120.44263533694405,48.440695987940884],[-120.44247890413662,48.44071326794527],[-120.44232222892333,48.44072797614816],[-120.44216531261667,48.440740112317201],[-120.44200815557585,48.440749677329741],[-120.44185075911349,48.440756670953597],[-120.44169311997939,48.44076109189286],[-120.44153524146139,48.440762941441456],[-120.44137712099023,48.44076222006067],[-120.44121876083234,48.440758926409053],[-120.44106015841885,48.440753060948019],[-120.44090131635679,48.440744623214819],[-120.44079336402061,48.440736056971453],[-120.4406728479791,48.440722695972624],[-120.44028280635975,48.440668194160345],[-120.44014409749914,48.440650853337822],[-120.44001255499531,48.440638431993314],[-120.43989345516334,48.440632071385458],[-120.43980219498309,48.440631073012234],[-120.43970694600904,48.440633453254655],[-120.43960688645093,48.440639230142452],[-120.43950050798959,48.440648488854826],[-120.43939494203659,48.440660269893741],[-120.43927803441592,48.440675628276708],[-120.4388324282868,48.440742842491908],[-120.43864558784549,48.440767869392005],[-120.43854438184432,48.440778847883159],[-120.43845020397748,48.440786818018928],[-120.43836117107814,48.440791936611149],[-120.43827633701156,48.440794254234198],[-120.43813981302318,48.440792601336192],[-120.43800224752756,48.44078459519703],[-120.43786342521547,48.440770226357067],[-120.43772307589009,48.440749465099245],[-120.43758100576954,48.440722289667093],[-120.4374367239418,48.440688614880706],[-120.43728978915226,48.440648337302029],[-120.4371395922163,48.44060129142435],[-120.43698143152166,48.440545783415907],[-120.43681791774262,48.440482512830691],[-120.43664760391933,48.440410926463471],[-120.43646783969484,48.440329911051052],[-120.43629270717949,48.440246496418951],[-120.43609967049979,48.440150554843292],[-120.43536956270832,48.439772697344964],[-120.43506152895,48.439618694666301],[-120.43489361102142,48.439539125227384],[-120.43473609296286,48.439468262879366],[-120.43458586617697,48.439404711724698],[-120.43444135116913,48.439347808836189],[-120.43426575813093,48.439284922222356],[-120.43409565350959,48.439231222051191],[-120.43392981717513,48.439186323120992],[-120.4338482417093,48.439167104394649],[-120.43376744160184,48.43915000890177],[-120.43368721628714,48.439135001059682],[-120.43360762248366,48.439122095163739],[-120.43352859507864,48.439111280293702],[-120.43345008005952,48.439102549183616],[-120.43337201823743,48.439095895491057],[-120.43329437289704,48.439091317315594],[-120.4332170994916,48.439088810397507],[-120.43314016069232,48.439088374824202],[-120.43290077759102,48.439091051094444],[-120.43269640494201,48.439095250229272],[-120.43250796021569,48.439101366195068],[-120.43233234023108,48.439109534960238],[-120.43216440753123,48.43912005549732],[-120.43200576093827,48.439132897944148],[-120.43185552057072,48.439148133900886],[-120.43171321927049,48.439165811079441],[-120.43157611361396,48.439186365602609],[-120.43144662392127,48.439209534577714],[-120.43132456608612,48.439235349944148],[-120.43120981954684,48.439263839812746],[-120.43110225924708,48.439295034973597],[-120.43100185425946,48.43932894847724],[-120.4309085529529,48.43936559706826],[-120.43082231663885,48.439404995180659],[-120.43069105147875,48.439473979962493],[-120.43055866369924,48.439551941985179],[-120.43042852075914,48.439636894910443],[-120.4303033896685,48.439727030956789],[-120.43018622940143,48.439820148374473],[-120.4300781325378,48.439915306461131],[-120.42998051174816,48.44001125849924],[-120.42989431941405,48.440107062514059],[-120.42982194734998,48.440199609267111],[-120.42976161705582,48.440290647557752],[-120.42971366195472,48.440379669897041],[-120.42969439119342,48.440423305873033],[-120.42967828636023,48.440466299844744],[-120.42966537160368,48.44050856767047],[-120.42965563841194,48.440550123080932],[-120.42964909565696,48.440590935378282],[-120.42964574546659,48.44063097788576],[-120.42964559119586,48.440670219950306],[-120.42964863285732,48.440708643725131],[-120.42965486780851,48.440746228079973],[-120.42966429476751,48.44078295539849],[-120.42967878133516,48.440824591725523],[-120.42969761468363,48.44086837803205],[-120.42972084660727,48.440914433750279],[-120.4297485812392,48.440962974165323],[-120.4298176490617,48.441067863946401],[-120.42991034455117,48.441191469392514],[-120.429948758349,48.441238185785615],[-120.42999073847525,48.441284757896852],[-120.43003635315205,48.441331261836908],[-120.43008569729142,48.441377796190736],[-120.43013883564754,48.441424424538098],[-120.43019597574889,48.441471336194986],[-120.43032318155652,48.441566749652992],[-120.43045708422024,48.44165767219959],[-120.43061278486111,48.441755449390854],[-120.43077217007574,48.441850167347773],[-120.43112303645857,48.442053124625026],[-120.43132272320889,48.442167378603678],[-120.4315262265153,48.442278081031425],[-120.43173279350405,48.442384820553606],[-120.43194175231555,48.44248725213285],[-120.43215236590612,48.442585016068556],[-120.43236416504186,48.442677901166185],[-120.4325766174224,48.442765672736776],[-120.4327892550899,48.442848137207335],[-120.43300104368173,48.442924917507895],[-120.43321220112193,48.442996115617838],[-120.43342237499702,48.443061611272036],[-120.43363125585996,48.443121309412085],[-120.43383851158082,48.443175117151554],[-120.43404393179492,48.443222980923316],[-120.43424728243528,48.443264846696209],[-120.43444835722005,48.443300671448519],[-120.43454433707973,48.443315106254296],[-120.43464290695847,48.44332734015935],[-120.4347442486922,48.443337396115922],[-120.43484860057904,48.443345296389779],[-120.43495612293357,48.443351058380536],[-120.43506727874404,48.443354709330428],[-120.43518248727591,48.443356263620828],[-120.43530236340546,48.443355729832355],[-120.43553616943547,48.443349341126805],[-120.43579715251194,48.443335697386004],[-120.43606692380794,48.443316740568754],[-120.43681367198734,48.443257966534603],[-120.43704128806222,48.443243573174882],[-120.43724485008535,48.443234130821409],[-120.4374768326304,48.443228712363272],[-120.43769192287513,48.443230148712118],[-120.43779456440957,48.443233445469168],[-120.43789429446525,48.443238473539054],[-120.43799138173596,48.44324524789323],[-120.43808603157464,48.44325378072088],[-120.43823558919122,48.44327059214794],[-120.43839090395967,48.443291485227959],[-120.43855346044207,48.443316656099761],[-120.43872606358286,48.443346537625438],[-120.43888627749035,48.443376657353099],[-120.4390636436803,48.44341205357555],[-120.43970789035517,48.443547820015489],[-120.43997206192248,48.443601215827428],[-120.44024756277989,48.443651813684937],[-120.44049640741264,48.443690998833972],[-120.44072395458272,48.443720646529577],[-120.44096335642752,48.443746385262784],[-120.44121710567426,48.443768488453401],[-120.44149017284913,48.443787392935853],[-120.44172938860311,48.443800663905904],[-120.44199661320607,48.443812790256423],[-120.44287859016735,48.443844621815728],[-120.4432015111995,48.443857944696546],[-120.44351636015904,48.44387439512203],[-120.44379936659159,48.443893478963787],[-120.44408724129532,48.443918422882149],[-120.44435626782058,48.443948018663306],[-120.44461067575016,48.443982736920802],[-120.44485273565427,48.444022891779461],[-120.44510174369911,48.444070117227433],[-120.44535610030556,48.44412228118339],[-120.44561637792613,48.444179500261761],[-120.44588337697667,48.444241950867898],[-120.4461574463934,48.444309701230523],[-120.4464405755042,48.444383232038241],[-120.4467345155483,48.444462995099286],[-120.44704234800952,48.444549825518244],[-120.44732017041964,48.444631146309874],[-120.44759285359358,48.444714138749717],[-120.44786025034971,48.444798758708046],[-120.44812223305185,48.444884966079094],[-120.44837866779571,48.444972715301112],[-120.44862946739755,48.445061977829425],[-120.44887453643102,48.445152718137145],[-120.44911379125057,48.445244906107639],[-120.44939093327913,48.445356287404195],[-120.44966637317877,48.445471860117422],[-120.44993984379991,48.445591513243691],[-120.45021107853366,48.445715130048292],[-120.45047981655607,48.445842590885597],[-120.45074577898914,48.445973765246208],[-120.45100869791578,48.44610851878528],[-120.45126830016893,48.446246714338997],[-120.45152434220461,48.446388219785753],[-120.45177653327269,48.446532877620804],[-120.45202460965712,48.446680535843754],[-120.45226831376637,48.446831040420911],[-120.45250738630017,48.446984232927583],[-120.45274158123459,48.44713995350677],[-120.45297065349325,48.447298041192738],[-120.45319436603157,48.447458330766814],[-120.45332142967992,48.447548221913557],[-120.45346971887875,48.44764769555092],[-120.45404336887228,48.448014238749849],[-120.45427693881318,48.448169147018788],[-120.45439631960907,48.448252897691766],[-120.45450363763366,48.44833224952243],[-120.45460082857382,48.448408640511886],[-120.45468882174006,48.448482804531828],[-120.45478488231022,48.448571277020832],[-120.45486897229628,48.448657980307175],[-120.45494161034311,48.448743449219208],[-120.45500309733686,48.44882804237804],[-120.4550537116902,48.448912167504673],[-120.45509350758077,48.448995950186919],[-120.45512257917171,48.449079590588852],[-120.45514098084722,48.449163243376027],[-120.45515177188845,48.449256234339764],[-120.45515576910613,48.449353274777557],[-120.45515291864233,48.449453119372919],[-120.45514326015814,48.44955438210954],[-120.45512692874441,48.449655641134505],[-120.45510415451525,48.449755451981709],[-120.4550752609766,48.449852418313249],[-120.45504062136646,48.449945272047422],[-120.45501152845927,48.450010139676074],[-120.45497754713787,48.45007581947764],[-120.45493874011986,48.45014219128106],[-120.45489518953627,48.450209113599712],[-120.45484697200116,48.450276462839966],[-120.45479423183644,48.450344036620805],[-120.45473711268394,48.450411648651084],[-120.45467579851181,48.450479081013597],[-120.45461015021347,48.450546449663527],[-120.45454073021394,48.45061314219425],[-120.45446782656948,48.450678880765473],[-120.45439178517009,48.450743354662897],[-120.45431292977121,48.450806285306626],[-120.45423174372955,48.450867281069371],[-120.45414869685085,48.450925990318815],[-120.45406430928327,48.450982044917318],[-120.45400674775665,48.451015690626974],[-120.45394291224082,48.451046592590487],[-120.4538726836654,48.45107480776106],[-120.4537958912601,48.451100406083228],[-120.4537124316238,48.451123431376992],[-120.45362190858741,48.451144000420882],[-120.45352394137693,48.451162201879917],[-120.45341791789214,48.451178148828191],[-120.45332428362464,48.451189643405485],[-120.45322391913642,48.451199794471357],[-120.45299809116045,48.451216534107211],[-120.4527733128209,48.451227713882105],[-120.45222951666237,48.451248786683948],[-120.45208665361201,48.451256337725859],[-120.45196135888791,48.451264899782331],[-120.45182984385329,48.451276710602727],[-120.45171188700503,48.451290718380818],[-120.45160532498305,48.451307182727049],[-120.45150907443421,48.451326275553399],[-120.45140704501979,48.451352590553832],[-120.45136078315322,48.451367292076128],[-120.45131758085715,48.451383057132965],[-120.45127736074866,48.451399914576996],[-120.4512400851581,48.451417881471549],[-120.45120570871859,48.451436980011657],[-120.45117419703055,48.451457228554858],[-120.45114548251969,48.451478677684399],[-120.4511195848056,48.451501317323306],[-120.45109648508846,48.451525166799811],[-120.45107616518159,48.451550243453966],[-120.4510586124163,48.451576564579312],[-120.45104381439691,48.451604144602932],[-120.45103176656117,48.451633000309819],[-120.45102246169101,48.451663145201955],[-120.45101434566365,48.451705574507827],[-120.45100349571088,48.451810696823777],[-120.4509955005132,48.451856747260145],[-120.45098535447309,48.45189215137421],[-120.45097209453481,48.451926201983397],[-120.45095571483519,48.451958916101297],[-120.45093620630976,48.45199031319153],[-120.45091355853225,48.452020409203683],[-120.45088775535432,48.452049226745061],[-120.45085877865276,48.452076786896868],[-120.45082660478684,48.452103110786254],[-120.45079125630237,48.45212818874775],[-120.45075265799149,48.452152080236893],[-120.45071077136446,48.452174810910968],[-120.45066554560213,48.452196406750296],[-120.45061693567594,48.452216890822264],[-120.45056485657094,48.452236300849897],[-120.45050922347724,48.452254667943855],[-120.45044992249785,48.452272030288078],[-120.45034139865501,48.4522991030355],[-120.45022118844412,48.452323660091899],[-120.45008806523644,48.452345957124223],[-120.44993958824386,48.452366405570899],[-120.44979796990555,48.452382784706984],[-120.44963645580552,48.452398892833529],[-120.44902004527975,48.452451431348976],[-120.44876474541127,48.452476083735178],[-120.44863097480871,48.452491316588087],[-120.44850821562135,48.452507313506118],[-120.44839422133418,48.452524369552108],[-120.4482878877258,48.452542652816696],[-120.44816751351502,48.452566788205488],[-120.44805631645805,48.452593149965082],[-120.44795360254251,48.45262190056215],[-120.44785894097154,48.452653163910611],[-120.44777188466462,48.452687096887857],[-120.44769231420467,48.452723755588615],[-120.44762004130379,48.45276322906961],[-120.44755492774422,48.452805592748888],[-120.44751069576762,48.452838892254888],[-120.44746665696924,48.452875696594027],[-120.44742235265494,48.4529163826207],[-120.44737692640392,48.452961736364443],[-120.44729679985765,48.453049344011845],[-120.44711168672474,48.453264546768047],[-120.44706033335326,48.453319970581369],[-120.44701214228326,48.453368171813167],[-120.44695922882089,48.45341622529488],[-120.44690665999704,48.453458655511298],[-120.44685356449246,48.453496160034653],[-120.44679945092912,48.453529084918237],[-120.44670767945772,48.45357692490122],[-120.4466080794321,48.453621880335497],[-120.44650090038698,48.453663838075123],[-120.44638646236619,48.453702670505621],[-120.44626504794812,48.453738278307199],[-120.44613719142663,48.453770497489423],[-120.44600341374429,48.45379919744498],[-120.44586435321968,48.453824239761076],[-120.44571945740988,48.453845662948595],[-120.4455707928113,48.453863103649212],[-120.44541932282102,48.453876448076009],[-120.44526616206434,48.453885597714155],[-120.44511235881556,48.453890482808625],[-120.44495937361188,48.453891051114397],[-120.44480856786889,48.453887298148928],[-120.44466136082964,48.453879257954902],[-120.44455324618446,48.453870086973836],[-120.44444160339572,48.453857486134247],[-120.44432649787751,48.453841463478113],[-120.44420801330038,48.453822031302529],[-120.44408621637473,48.453799197418697],[-120.44396124948993,48.453772989941342],[-120.44383324297917,48.453743434441662],[-120.44370236736469,48.453710570920457],[-120.44363202771525,48.453689837283214],[-120.443559992519,48.453663874744144],[-120.44348557314252,48.453632441800202],[-120.44340745171614,48.453594983782885],[-120.44333810249921,48.453558492902438],[-120.44326192896845,48.453515647686068],[-120.44300598380259,48.453362729016753],[-120.442908192365,48.453306528579553],[-120.44280789095315,48.453253796099581],[-120.44271671650263,48.453212066856402],[-120.44266396136472,48.453191244388798],[-120.44261270253416,48.453173654623406],[-120.44256259016224,48.453159176853966],[-120.44251338474506,48.453147743000514],[-120.44246481973369,48.453139297325826],[-120.44241680370685,48.453133828910644],[-120.44236920232873,48.453131323225548],[-120.4423219100083,48.453131775638234],[-120.44220096212653,48.453139785050475],[-120.44207728925809,48.453153757919949],[-120.44195952427863,48.453172702529706],[-120.44185185318059,48.453195918549966],[-120.4417586730174,48.453222293203012],[-120.44171725329399,48.453236672308073],[-120.44167945750883,48.453251786152876],[-120.44164540583621,48.453267584168394],[-120.44161514235549,48.453284044398963],[-120.44158872395487,48.453301135087699],[-120.4415661917179,48.453318830116892],[-120.44154891221764,48.453335645643747],[-120.44153358726911,48.453354176824597],[-120.44152019043669,48.453374451862402],[-120.44150869746238,48.453396511721721],[-120.44149132639781,48.45344615064144],[-120.44148121794885,48.453503814676758],[-120.44147815347189,48.453561246936971],[-120.44148026374145,48.45362786231707],[-120.44150612442364,48.453887251317319],[-120.44151132113173,48.453953860591632],[-120.44151958854748,48.45402134098925],[-120.44153091688639,48.454089617235752],[-120.44154529418684,48.454158601294857],[-120.44156270283106,48.454228215532773],[-120.44158311812338,48.45429834976396],[-120.44160650569393,48.454368897408322],[-120.44163283103811,48.454439744394975],[-120.44166209764114,48.45451088540549],[-120.44169421046477,48.45458207158223],[-120.44172910762346,48.45465316462284],[-120.44176671401783,48.454724013554589],[-120.44184973401664,48.454864376907928],[-120.44194245925542,48.455001789464234],[-120.44200176292944,48.455079474138699],[-120.44206938611291,48.455158896389229],[-120.44214593819122,48.455240778713289],[-120.44223268172783,48.455326475631772],[-120.44232053659167,48.455407983026191],[-120.44242197696425,48.455497684955198],[-120.44278135354783,48.455802288569338],[-120.44290417322524,48.455903544697215],[-120.44303735697717,48.456005563720403],[-120.44318196620372,48.456109163077073],[-120.4433399598737,48.456215751413829],[-120.4435115725732,48.456325623100284],[-120.44370542041936,48.456444408739721],[-120.44391259994804,48.45656728887311],[-120.44449997273297,48.456910254016925],[-120.44467893064343,48.45701798443325],[-120.4448367759385,48.457116213431625],[-120.44501473402599,48.457232087709301],[-120.44517572135676,48.457343255627393],[-120.44532294505258,48.457451936290063],[-120.44545795789514,48.457559286837657],[-120.44567452683899,48.457741751903406],[-120.44588040836091,48.457921909468503],[-120.44607583783032,48.458099963635583],[-120.44626096172959,48.458276049836364],[-120.44643593989629,48.458450323660202],[-120.44660081126439,48.458622825139166],[-120.44675563861132,48.458793620105077],[-120.44690046564384,48.458962760885029],[-120.44727116319501,48.45940618302371],[-120.44745920798979,48.459635128256743],[-120.44763845418625,48.45986095552454],[-120.44779398449828,48.460066543938318],[-120.44794104633321,48.460273341226255],[-120.44806956461009,48.460468717085647],[-120.44812741593735,48.460562948794887],[-120.44818112398423,48.460655089169812],[-120.44823078381863,48.460745297830918],[-120.4482764593116,48.460833696759444],[-120.44832028650221,48.460924885913244],[-120.44835981225363,48.461014290017829],[-120.44839507482463,48.461101997114206],[-120.44842610402861,48.461188077024687],[-120.44845292593234,48.46127260775544],[-120.44847555093757,48.461355626899405],[-120.44849399387398,48.461437183470338],[-120.44850826323704,48.461517317279977],[-120.44851837037956,48.461596118354585],[-120.44852430867942,48.461673562510988],[-120.44852607893631,48.461749676844079],[-120.44852368256375,48.461824486460316],[-120.44851711872757,48.461898017806639],[-120.44850638475558,48.461970285446327],[-120.4484914783843,48.46204130856605],[-120.44847239728317,48.462111102607096],[-120.44845440662479,48.46216422943575],[-120.44843269492323,48.462218179438338],[-120.44840721494394,48.462273070011136],[-120.44837789601264,48.462329050915919],[-120.44834469416504,48.462386222995114],[-120.44830743474509,48.462444892661459],[-120.44821993820153,48.462567975970472],[-120.44813452529674,48.462675822825581],[-120.44803249787618,48.462795456745106],[-120.44792878233581,48.462911243802488],[-120.44766199315393,48.463202624177853],[-120.44752387132391,48.463360649792826],[-120.44745618446042,48.463443072243159],[-120.44739599677965,48.46352076086842],[-120.44734225351353,48.463595082898287],[-120.44729444452155,48.463666750341019],[-120.44722644034289,48.463781144916567],[-120.44716326047694,48.463903525921104],[-120.44710428671121,48.46403507649763],[-120.44704846329542,48.464178136292226],[-120.44700286630339,48.464310136362023],[-120.44695660259096,48.464458338251561],[-120.44680915812577,48.464982589371203],[-120.44674700663194,48.465187827250695],[-120.44671085595925,48.465295438504164],[-120.44667435578845,48.465394928453236],[-120.44663681483948,48.465488180873017],[-120.44659784451245,48.465576150015231],[-120.44654763338715,48.465677869950945],[-120.44649435344017,48.465773619537636],[-120.44643763946894,48.465864049189463],[-120.44637722508901,48.465949582200203],[-120.44631277911691,48.466030667522837],[-120.44624417834893,48.466107440805992],[-120.44617123436907,48.46618011227801],[-120.44609379024561,48.466248837698991],[-120.44597631576036,48.466352177618489],[-120.44569846800459,48.466609517887477],[-120.44557316686802,48.466718787084972],[-120.44549451290705,48.466782473279189],[-120.44541937140774,48.466838955871069],[-120.44534651416105,48.466889154897814],[-120.44527533372009,48.466933485039995],[-120.44519620307354,48.466976945200457],[-120.44511816930797,48.467013508067552],[-120.44504088630558,48.467043334067554],[-120.44496412323986,48.46706651325804],[-120.44488761610489,48.467083114378177],[-120.44481129201948,48.467093145745118],[-120.44473502270785,48.467096622747434],[-120.44465871443991,48.467093549909812],[-120.44456648777002,48.467085515467055],[-120.44450491151873,48.467077883172436],[-120.44445334391231,48.46706811469857],[-120.44441256810516,48.467056084341259],[-120.44439259520159,48.467047479464142],[-120.44437434037263,48.467037118445838],[-120.44435777241659,48.467024981494625],[-120.44434285059381,48.467011042067092],[-120.44431780174197,48.466977624549017],[-120.4442987491947,48.466936283020345],[-120.44428775863439,48.466897999966733],[-120.44427968140202,48.466852870249802],[-120.444264805968,48.466676383149306],[-120.44425381862634,48.466609525182385],[-120.44424055288316,48.466545073864921],[-120.44423205549442,48.466479326081384],[-120.4442283082065,48.466412152640146],[-120.44422930258128,48.466343392537432],[-120.44423503269347,48.466272934106414],[-120.4442455173821,48.466200454600212],[-120.4442607968062,48.466125661282554],[-120.44428095958759,48.466048122194607],[-120.44430275951333,48.465977467550744],[-120.44432859245585,48.465903726705996],[-120.44439361374617,48.465743507247552],[-120.44446806005922,48.465581875781943],[-120.4446786946628,48.465148736501632],[-120.4447362157994,48.465018726160707],[-120.44478237082531,48.464901947690286],[-120.44482649079313,48.464768913477691],[-120.44485757258265,48.464644607689159],[-120.44486843427313,48.464584905852007],[-120.44487620998984,48.464526630426896],[-120.44488092156676,48.464469623463089],[-120.44488257918142,48.464413764786066],[-120.4448809293828,48.464314780971868],[-120.44487550793217,48.464213804653212],[-120.44486630819053,48.464110700814523],[-120.44485331439594,48.464005296616186],[-120.44483651588992,48.46389746809335],[-120.44481586498138,48.463786892174845],[-120.44479130634616,48.463673272515258],[-120.44476275306633,48.463556199112588],[-120.44473124307579,48.463439285403467],[-120.44469570830248,48.463318018748737],[-120.44461140730957,48.463058551744645],[-120.44450852415167,48.462772508727703],[-120.44436287696325,48.462392629790621],[-120.44418883454995,48.461922342337765],[-120.44413159999696,48.461772976322308],[-120.44406056286786,48.461601795388496],[-120.4439906925905,48.461451193880812],[-120.44395046320265,48.46137244597297],[-120.4439093856864,48.461297701737237],[-120.44386722567789,48.461226531460042],[-120.44382381576096,48.461158653164347],[-120.44377895207562,48.461093762260013],[-120.4437325680064,48.461031765429709],[-120.44368455218617,48.460972518167118],[-120.44363482022078,48.460915913420763],[-120.44356774432002,48.460847104123602],[-120.44349377203731,48.460779744863991],[-120.44341274031733,48.460713686268001],[-120.44332442186659,48.460648745340379],[-120.44322867263409,48.460584800310116],[-120.44312497847412,48.460521495826754],[-120.44301283681803,48.460458524256005],[-120.44289145558498,48.460395438020875],[-120.4427868060189,48.460344429850807],[-120.44267463820374,48.460292552592335],[-120.44255378204377,48.460239261769473],[-120.44242189017251,48.460183521383556],[-120.44217144275471,48.460082456172046],[-120.44154760021769,48.459838371760874],[-120.4413783940512,48.459769464428526],[-120.44122840244857,48.459705811103383],[-120.44107185773687,48.459635785613798],[-120.44092903660699,48.459567651855039],[-120.44079753867888,48.459500262150243],[-120.44067614554115,48.459432986744716],[-120.44054797757776,48.459357116907974],[-120.44041661769843,48.459275723409405],[-120.4402807042261,48.459187967215875],[-120.44013761284074,48.459092154456329],[-120.43987662954635,48.458910397655821],[-120.43925198476968,48.458463816800098],[-120.43907987385664,48.458344762761065],[-120.43892227486272,48.45823941833445],[-120.43875179085788,48.458130378095099],[-120.43858793227938,48.458031134851417],[-120.43842793623136,48.457940019447946],[-120.43827029954517,48.457856181453842],[-120.4379332064963,48.457685039320928],[-120.43766173648784,48.45755166784285],[-120.43741223598307,48.457434630160208],[-120.43717867382712,48.457331244595252],[-120.43694987009631,48.457236813068867],[-120.43672890065505,48.457152877491332],[-120.43651357868718,48.457078608943881],[-120.43630261679924,48.457013567468046],[-120.43609570397405,48.456956779090618],[-120.43587952897985,48.456903526827631],[-120.43565408267618,48.456853808505642],[-120.43541933309969,48.456807616629355],[-120.43517529160823,48.4567649519376],[-120.43492181908049,48.456725787543057],[-120.43465880091429,48.456690106269043],[-120.43438600731311,48.456657875800069],[-120.43417420958863,48.456636112569051],[-120.43396274914345,48.456617391348907],[-120.43375197711227,48.456601743402125],[-120.43354220457519,48.456589193052032],[-120.43333376652504,48.456579758477865],[-120.43312689488721,48.456573449013995],[-120.43292184168438,48.456570272288531],[-120.43271883291719,48.45657023306034],[-120.43251830086757,48.456573325579797],[-120.43232021035678,48.45657954485835],[-120.43212474304323,48.456588884785823],[-120.43193205592549,48.45660133989648],[-120.4317423178596,48.45661689603444],[-120.43155564327014,48.456635545000751],[-120.43137216143546,48.456657274067908],[-120.4311919831058,48.456682069118926],[-120.43087411933081,48.45673102512059],[-120.43062869362089,48.456774636023802],[-120.43051668869194,48.456797338661872],[-120.43041151918943,48.456820767751054],[-120.43031216168286,48.456845150064893],[-120.43021803087119,48.456870632319102],[-120.43008195460357,48.456912586792136],[-120.42994325912599,48.456961821092221],[-120.42980067514269,48.457018777717309],[-120.42965182171585,48.457084405589256],[-120.429511803239,48.457151067181933],[-120.42935798237835,48.457228664549895],[-120.42882162213083,48.457513133796105],[-120.42869870700481,48.45758004161042],[-120.42856974506539,48.457655792267182],[-120.42843469671666,48.457740408776786],[-120.42829350600307,48.457833925520738],[-120.42814614394739,48.457936360795202],[-120.42695993367832,48.458885860419464],[-120.42522635936875,48.46027343329002],[-120.42397725848741,48.461273182689787],[-120.42328263220469,48.461829127646865],[-120.42315965683407,48.461904529276239],[-120.42303247039884,48.461979660865353],[-120.42290107772386,48.462054520600226],[-120.42276548424826,48.462129104678475],[-120.4226256947974,48.462203411285451],[-120.42248172830415,48.462277428575653],[-120.42233357514637,48.462351163885579],[-120.42218123531154,48.462424617201783],[-120.42202470974169,48.4624977874008],[-120.42169910134866,48.462643278389756],[-120.42135667259333,48.462787673059076],[-120.42118365570515,48.462856562081583],[-120.42100459787176,48.462923825899722],[-120.42081918944554,48.46298957982625],[-120.42062702360752,48.463053970590607],[-120.42042782089737,48.463117094966265],[-120.42022076653413,48.463179218456936],[-120.42000510216413,48.463240566439438],[-120.41977971946145,48.463301457692879],[-120.41956169817934,48.463357620492232],[-120.4193324742516,48.463414157613791],[-120.4190898547057,48.463471614113693],[-120.41882956068446,48.46353100280632],[-120.41830953140483,48.463644594554609],[-120.41727156122818,48.463864036027239],[-120.41674164348179,48.463974043663839],[-120.41620897534547,48.464078114777621],[-120.4156735549781,48.464176247803479],[-120.41513538448982,48.46426844422929],[-120.41459446108819,48.464354703599902],[-120.41405078750071,48.464435025415661],[-120.4135043625726,48.464509409869677],[-120.41295518644523,48.464577856924507],[-120.40998882178084,48.462363086607944],[-120.40980320727904,48.462173777217664],[-120.40961291661559,48.461988205665833],[-120.40941795013796,48.461806372803764],[-120.40921830621714,48.46162827795596],[-120.40901398744629,48.461453920632941],[-120.40880499287324,48.461283301915934],[-120.40859132215873,48.461116420897739],[-120.40837297530199,48.460953277549542],[-120.40814995134589,48.460793872951633],[-120.4079222525355,48.460638205734327],[-120.40768987757056,48.460486276098749],[-120.40745282644362,48.4603380840149],[-120.40721109948582,48.460193630330934],[-120.40696469634641,48.460052914137698],[-120.40671361571864,48.459915935634925],[-120.40645786051788,48.459782695208517],[-120.40630623178726,48.459703096849502],[-120.40586951250215,48.459466157708214],[-120.40573052059062,48.459395609452265],[-120.40560369772251,48.459335895838656],[-120.40545982233812,48.459274917028196],[-120.40532189410126,48.459224311407922],[-120.4052543052275,48.459202582362714],[-120.4051874102047,48.459183165052522],[-120.40512104133495,48.459166012348803],[-120.4050550662006,48.459151089619375],[-120.40495594592468,48.459132030260413],[-120.40485120041325,48.459115292112571],[-120.40474065548347,48.459100847034911],[-120.40462401923841,48.45908865593119],[-120.40450135319394,48.459078709698915],[-120.40437156570414,48.459070905145978],[-120.40423373274709,48.459065182460371],[-120.40408556876585,48.459061446473214],[-120.40384013489464,48.459059802483736],[-120.40358833917392,48.459063450777329],[-120.40333943803735,48.459072251906392],[-120.40309850879117,48.459086012943601],[-120.40287134846174,48.459104333837104],[-120.40265810709603,48.459127126858341],[-120.40246051275915,48.459154205263658],[-120.40227962156877,48.45918542317029],[-120.40211923352445,48.459219922175137],[-120.4020455258314,48.459238578344163],[-120.40197621358674,48.459258154910756],[-120.40191134653537,48.459278637381637],[-120.40185095663826,48.459300015371596],[-120.40179507326781,48.459322278956556],[-120.40174372252777,48.459345416916079],[-120.40169695172035,48.459369404859686],[-120.40165474926268,48.459394248613755],[-120.40161712988342,48.459419936166306],[-120.40158410776185,48.459446461238329],[-120.40155569244912,48.459473812739873],[-120.40153189294708,48.4595019853137],[-120.40151271301455,48.459530970779866],[-120.40149815967963,48.459560762253652],[-120.40149145424907,48.459580938877863],[-120.40148726527384,48.459602186721632],[-120.40148641072585,48.45964808290767],[-120.40149557784231,48.45969889737362],[-120.40151490979233,48.459755450851802],[-120.40154311148871,48.459815701216669],[-120.40158201352516,48.459884648589671],[-120.40163002975058,48.459960632382248],[-120.40178816171081,48.460199280654194],[-120.40183384546089,48.460275862425718],[-120.40186978480685,48.460344332944565],[-120.40190258167529,48.460421084876941],[-120.40192371558064,48.460491698888269],[-120.40193353439336,48.460557364029079],[-120.40193422750116,48.460588523359654],[-120.40193211221582,48.460618647528513],[-120.40192423832279,48.460672093302762],[-120.40191317845873,48.460726765241027],[-120.40189901072632,48.460782282185278],[-120.40188184133403,48.460838217581831],[-120.40186179562069,48.460894162130195],[-120.4018390541971,48.460949599000386],[-120.4018138174057,48.461004044475715],[-120.4017863075989,48.461057010917152],[-120.40175233905578,48.461113940375284],[-120.40171293028303,48.461170801443352],[-120.40166807717274,48.461227601420838],[-120.40161777173333,48.461284348298676],[-120.40156201115121,48.461341049144302],[-120.40150077304918,48.461397724842492],[-120.40143403763879,48.461454395815892],[-120.40136177225041,48.461511088538835],[-120.40128426528412,48.461567604148541],[-120.40120116672524,48.461624221967767],[-120.40111239441762,48.461680997950062],[-120.40101780642671,48.461738023120233],[-120.40091741799667,48.461795297564898],[-120.40081071687185,48.461853124815732],[-120.40069725208993,48.461911748639658],[-120.40057601652056,48.46197169223759],[-120.40032701820499,48.462090541507322],[-120.400136429546,48.462175611475601],[-120.40004661134398,48.462212845412409],[-120.39996078912878,48.462246307238644],[-120.3998782063713,48.462276291436019],[-120.39979845555419,48.462302942946593],[-120.39971885432581,48.462327047799135],[-120.3996416947061,48.4623477946636],[-120.39956679149422,48.462365230633978],[-120.39949402381579,48.462379386645608],[-120.39942325118108,48.462390285857943],[-120.3993544350372,48.462397932327448],[-120.39928750834818,48.462402335185594],[-120.39922242438715,48.462403495248751],[-120.39916441289157,48.462401827534173],[-120.39910465984785,48.462397646789867],[-120.39904313045307,48.462390948884732],[-120.39897977689282,48.462381728249191],[-120.39891456926841,48.462369982695883],[-120.3988474069762,48.462355695398358],[-120.39877819977015,48.462338847684215],[-120.39870681756121,48.462319407317423],[-120.3985599451395,48.46227360188967],[-120.39840178298552,48.462216937714139],[-120.39823000888482,48.462148720254135],[-120.39802234686036,48.462060113103668],[-120.39792343042252,48.462014073025479],[-120.39782383449952,48.46196193256992],[-120.39772250891286,48.461903151898539],[-120.39761744499314,48.46183656642647],[-120.39753367136645,48.461779874908963],[-120.39744279637779,48.461715442442767],[-120.3970944557534,48.461456803614084],[-120.39694327840996,48.461349175685214],[-120.39667403095994,48.461163171372363],[-120.3964160146657,48.460982296499644],[-120.39616783690605,48.460805573528063],[-120.39592856698687,48.460632338966157],[-120.39569718785313,48.460461852663791],[-120.39547337310415,48.460293868484733],[-120.39525662832332,48.460128017133606],[-120.39504657900254,48.459964010325528],[-120.39484218615762,48.459801018830326],[-120.39464393922144,48.459639413800069],[-120.39445160109648,48.459479004564287],[-120.39426498391717,48.459319631127656],[-120.39408388634233,48.459161123685412],[-120.39390819914387,48.459003382429081],[-120.39373779273905,48.458846294270089],[-120.39357256083397,48.458689759815478],[-120.39352092782062,48.458638244460268],[-120.39346930129129,48.458582902602593],[-120.3934172274555,48.458523247811712],[-120.39336389467012,48.458458354936376],[-120.39325879630306,48.458320859121358],[-120.39305781210624,48.458041507599575],[-120.3929717431031,48.457925982199569],[-120.39287727615229,48.457808320083011],[-120.39278717225852,48.457707414569477],[-120.39273086010974,48.45765040464498],[-120.39267421587196,48.457597760083658],[-120.39261682815562,48.457549100536149],[-120.39255841364765,48.457504187196086],[-120.39249864121865,48.457462775687304],[-120.39243739961327,48.457424796601003],[-120.39237451330322,48.457390143139783],[-120.39230984399363,48.457358740380421],[-120.39219941128445,48.457312734181386],[-120.39207727642123,48.457269755467955],[-120.39194251991844,48.457229476806901],[-120.39179328527108,48.457191337580809],[-120.39164020495582,48.457157391144676],[-120.39146647932805,48.457123337259702],[-120.39128892003836,48.457091703588368],[-120.3909194889215,48.457029141531031],[-120.39079567601932,48.457009874789307],[-120.39066830023781,48.456994358813333],[-120.3905370886188,48.456982560500919],[-120.39040168086943,48.456974446339359],[-120.39026185129615,48.456969994527462],[-120.39011684230422,48.456969174696404],[-120.3899659661688,48.456971979717316],[-120.38980816229609,48.456978429427252],[-120.38967614098731,48.45698624099434],[-120.38953768654407,48.456996482153016],[-120.38923432762984,48.457024813019061],[-120.38894299938545,48.457057353912944],[-120.3882446054666,48.457141242479068],[-120.38805894857565,48.457161653930775],[-120.38789187678593,48.45717826851584],[-120.38771837971142,48.457193199392286],[-120.38755597085914,48.457204516331998],[-120.3874020037333,48.457212403336086],[-120.38725506867164,48.457216929298326],[-120.38710749596839,48.457218102166088],[-120.38696556853516,48.457215630379686],[-120.38682860285196,48.457209503269731],[-120.38669612032864,48.457199696206764],[-120.38656759988231,48.457186167707881],[-120.38644285115525,48.457168890643452],[-120.38632160375424,48.457147827718117],[-120.38620364573457,48.457122942496191],[-120.3858754911444,48.457045593696265],[-120.38575437430634,48.457014501171841],[-120.38564554857375,48.456984373399266],[-120.38554165973588,48.456953016990497],[-120.38544591379396,48.456921222806464],[-120.38535721372605,48.456888626481685],[-120.38527497764166,48.456855011397991],[-120.38520619629548,48.456823871664824],[-120.3851379146188,48.456790076178834],[-120.3850700566357,48.45675358587993],[-120.38500252832904,48.456714350833195],[-120.38493526189475,48.456672335219061],[-120.38486808476326,48.456627432653988],[-120.38480084261811,48.456579541017092],[-120.38473332383596,48.456528510164645],[-120.38460063829181,48.456419867723341],[-120.38446275930646,48.45629605658479],[-120.38431698932314,48.456155027049164],[-120.38413174110173,48.455966222886637],[-120.38404576173318,48.455873119760376],[-120.38396164217565,48.45577324374937],[-120.38387855990248,48.455665630313078],[-120.38379503040697,48.45554836121331],[-120.38372103393822,48.455437246882788],[-120.3836418178052,48.455311780091101],[-120.38334731172709,48.454823160063704],[-120.38327444842753,48.454700719056142],[-120.38320517781305,48.454574466820368],[-120.383139352483,48.454444136597509],[-120.38307679202927,48.454309372652304],[-120.38301738224899,48.454169951151357],[-120.38296079486901,48.454025126646357],[-120.38290676217306,48.453874220857138],[-120.38285490984022,48.453716186619367],[-120.38277487633457,48.453443316340028],[-120.38269595907991,48.453136833641516],[-120.38262701284506,48.452840771605295],[-120.38246740760884,48.452120449811211],[-120.38242132588401,48.451925122403502],[-120.38237730858775,48.4517496801951],[-120.38232705842265,48.451563781566982],[-120.38227597639884,48.451390288926127],[-120.38222319006084,48.451226261254597],[-120.38216819903707,48.451070149772029],[-120.38210427227602,48.450905197668817],[-120.38203670340623,48.450747374327868],[-120.38196512535326,48.450595826620251],[-120.3818892643327,48.450449975000282],[-120.38180878075326,48.450309187781002],[-120.38172353652661,48.4501732472405],[-120.38163333407601,48.45004183543228],[-120.38153800435137,48.449914708217293],[-120.38126900567715,48.449570348899456],[-120.38118057362024,48.44946213240771],[-120.38109838891037,48.449366127895807],[-120.38101214639775,48.449270964316028],[-120.38092744393525,48.449183543886704],[-120.38084297479486,48.449102522483528],[-120.38075800777833,48.449027203865029],[-120.38070152066763,48.448981232992949],[-120.38063984880071,48.448935009565858],[-120.38057248387365,48.448888152648514],[-120.3804984706024,48.448839994637154],[-120.38033073945759,48.448739441364481],[-120.37997067351263,48.448538060366843],[-120.37981939525268,48.448449682123673],[-120.37973971536312,48.448400000173969],[-120.37966774964289,48.448352307622955],[-120.3796020676735,48.448305656160485],[-120.37954197933419,48.448259548853237],[-120.37949926903393,48.44822388749315],[-120.3794577893586,48.448186208588311],[-120.37937816140921,48.448104463212225],[-120.37930229037757,48.44801350383031],[-120.37922876188128,48.447911643018578],[-120.37916876334906,48.447817974866666],[-120.37910646499932,48.447711151600686],[-120.37891042818029,48.447342654929919],[-120.37883306646388,48.447205358488382],[-120.37879039152963,48.447135698662528],[-120.3787483389637,48.447071859505705],[-120.37870614608477,48.44701268364814],[-120.37866339032021,48.44695758237124],[-120.37861156174017,48.44689699967364],[-120.37855804627453,48.446841026949784],[-120.37850250846604,48.446789311651713],[-120.37844470098702,48.446741625467745],[-120.37838432645276,48.446697735851721],[-120.37832127786615,48.446657573571692],[-120.37825538853789,48.44662103306851],[-120.37818652150776,48.446588039175701],[-120.37806682064132,48.446538494249218],[-120.37793129919305,48.446489122538253],[-120.37777809360541,48.446439207760911],[-120.37759872545479,48.4463859770946],[-120.3775186491404,48.446364662925781],[-120.37743591767992,48.446345728799926],[-120.37735038248562,48.446329141063245],[-120.37726184750075,48.446314861365408],[-120.37717017822681,48.446302863873171],[-120.37707499104475,48.446293093856688],[-120.37697593153356,48.446285514864243],[-120.37687248194321,48.446280086653587],[-120.37677347956387,48.446276976903896],[-120.37666949724444,48.446275612070899],[-120.37644184060053,48.446278081362976],[-120.37620640954322,48.446286169803166],[-120.37574948489836,48.446307804251127],[-120.37556203482812,48.446315390834279],[-120.3753679890943,48.446320329240002],[-120.3751954617159,48.446320938716248],[-120.37499992304525,48.446315685463638],[-120.37490839202646,48.44631051365613],[-120.37482035990269,48.446303612625627],[-120.37473535171908,48.446294938277632],[-120.37465322439716,48.446284474770181],[-120.37457374987348,48.446272190399895],[-120.37449675797168,48.446258060061083],[-120.37440101041338,48.446237737709829],[-120.37430453744487,48.44621467454936],[-120.37420714487824,48.446188826266706],[-120.37410858685773,48.446160125817144],[-120.3740086990956,48.446128531077086],[-120.37390699608727,48.446093891824226],[-120.3738030453157,48.446056062489205],[-120.37369621582494,48.446014813562378],[-120.37350408279923,48.44593525350124],[-120.37329341703246,48.445841521449751],[-120.37308493410974,48.445744055578906],[-120.37253487562437,48.445481023665643],[-120.37236990044441,48.445405017248348],[-120.37222035924667,48.44533887347302],[-120.3720492217351,48.445267318249378],[-120.37188695293158,48.445204359269376],[-120.37173047646115,48.445148808715643],[-120.37157820278242,48.44510010811225],[-120.37146323447233,48.445066527466025],[-120.37134259270235,48.44503342606432],[-120.37107984816076,48.444967461449259],[-120.37076800728586,48.444896912763618],[-120.37009758876123,48.444755586037758],[-120.36980739117058,48.444691437112432],[-120.36965026045402,48.444654271225687],[-120.36950486486809,48.444617741675678],[-120.36936829587627,48.444581116264544],[-120.36923910445414,48.44454400308063],[-120.36809423088731,48.44421195921587],[-120.3678072352168,48.444125715406706],[-120.36755204672052,48.444045785333643],[-120.36727955318099,48.443955794316942],[-120.36702930459418,48.443867646468256],[-120.36679709933571,48.443779858416782],[-120.36658087120406,48.443691643840445],[-120.36646955320113,48.443643319759943],[-120.36636231319818,48.443594607938067],[-120.36625900232838,48.443545438152363],[-120.36615949922302,48.44349575406742],[-120.36606368013838,48.4434454931964],[-120.36597147891437,48.443394620366938],[-120.36588282115962,48.44334309341945],[-120.3657976429638,48.443290875841413],[-120.36571580978894,48.443237880771413],[-120.36563736090201,48.443184127520659],[-120.36556225138237,48.443129589343066],[-120.36549044863716,48.443074239176411],[-120.36542191551203,48.443018048891972],[-120.36535662832453,48.442961000170932],[-120.3652945646235,48.442903070719069],[-120.3652357007263,48.442844242217113],[-120.36512027912501,48.442719449236478],[-120.36501118493408,48.442590596632591],[-120.3649084207249,48.442457683965657],[-120.36481198552273,48.442320712365152],[-120.36350407401973,48.440526032476093],[-120.36342372248436,48.440300917942899],[-120.36333879632778,48.440076944521913],[-120.36324929491464,48.4398541104445],[-120.36315522026035,48.439632417225866],[-120.36305656981853,48.43941186531449],[-120.3629533458802,48.439192453358288],[-120.36284554719226,48.438974181574586],[-120.36273317413472,48.438757050828436],[-120.36256545655324,48.438447463897994],[-120.36239981550385,48.438156280292311],[-120.36223428564693,48.437880047482295],[-120.36206774058941,48.437616898075362],[-120.36189882274417,48.437364741961133],[-120.36172729439166,48.437123282397245],[-120.36155259639949,48.436891730502026],[-120.36137431129443,48.436669538875499],[-120.36127902729385,48.43655907396623],[-120.36117368642105,48.436445760780614],[-120.36105718945885,48.436328410778039],[-120.36092724121114,48.436204704480751],[-120.36081070873115,48.436098423572211],[-120.36067800065878,48.435981098001967],[-120.36023579426902,48.435601084162791],[-120.36007729816748,48.435462782339378],[-120.35992727562899,48.435327557092023],[-120.35979593457424,48.435203739163669],[-120.35967019240583,48.435078310901062],[-120.35955750144691,48.434957911077113],[-120.35945617570692,48.434840734407466],[-120.35936534859373,48.434725768830667],[-120.35929810267774,48.434632521566719],[-120.35923260463997,48.434533980893995],[-120.35916830368258,48.434429325527695],[-120.35910427315841,48.434317050784628],[-120.35904225132687,48.434200756519118],[-120.35897696573394,48.434071080795185],[-120.35873250220237,48.433555484586265],[-120.35862230245796,48.43333558377757],[-120.35855810520862,48.433217168101976],[-120.3584945487674,48.433107806995082],[-120.35843036765357,48.433005333004864],[-120.35836488512332,48.4329086702312],[-120.35830232881021,48.432822729618501],[-120.35823419263788,48.432734415503866],[-120.35815994521082,48.432643035547279],[-120.35807861013581,48.432547385949924],[-120.35788682061917,48.432334203889148],[-120.35746552617205,48.431887745865602],[-120.35728708559235,48.431692632193517],[-120.35719319818692,48.43158495935505],[-120.35710870707189,48.431483526776624],[-120.35703192100232,48.431386300067444],[-120.3569620282815,48.431292244259026],[-120.3568635052778,48.431149605373811],[-120.35676964345259,48.431002347446558],[-120.35668025013612,48.430850164854796],[-120.35659508860627,48.430692659341453],[-120.35651400392354,48.430529569277816],[-120.35643657540913,48.43036006996811],[-120.3563624529698,48.43018340491404],[-120.35629115541391,48.429998427786984],[-120.35623370959361,48.429837509175407],[-120.35617734249739,48.429668516851315],[-120.35612148465289,48.429489756799939],[-120.3560651037526,48.429297930930773],[-120.35596487591312,48.42893157976615],[-120.35571981939043,48.427989484367764],[-120.35564374449929,48.42771810026931],[-120.35557038400908,48.42747515054662],[-120.35548129636615,48.427205995036971],[-120.35538928487074,48.426956151003999],[-120.35529264445265,48.426721007115546],[-120.35524227673895,48.426608193053632],[-120.35519039995036,48.426498219413432],[-120.35512666920772,48.426356244580781],[-120.35506291592614,48.426192624775929],[-120.3550070695559,48.426033470685169],[-120.35487956195307,48.425651267094977],[-120.3548111961906,48.425463093653804],[-120.35474019207217,48.425292345793586],[-120.35470405811814,48.425215369377604],[-120.35466700690674,48.425142913962333],[-120.35461483871404,48.425050985571282],[-120.35456003983363,48.424965609806158],[-120.35450222266077,48.424886190825482],[-120.35444111684136,48.42481235418235],[-120.35437637939562,48.424743709243266],[-120.35430789404812,48.424680151802612],[-120.35423547620012,48.424621508119522],[-120.35415897099527,48.424567656438512],[-120.35411070540128,48.424537675420936],[-120.35405909653252,48.424508788746458],[-120.3540040385415,48.424480933552829],[-120.3539453865103,48.424454038905047],[-120.35388304260503,48.42442805553776],[-120.35381670349433,48.424402849618865],[-120.35374607697459,48.424378312565942],[-120.35367072050505,48.424354290241915],[-120.35352967845699,48.42431398974437],[-120.35336744042202,48.42427301410482],[-120.35320117538834,48.424234739731709],[-120.35274967050083,48.424135327795597],[-120.35261624321703,48.424103704725873],[-120.35249823281983,48.424073544460242],[-120.35236798415306,48.424036890949331],[-120.35224980086616,48.423999526573567],[-120.35214149587175,48.42396075782176],[-120.35204200302651,48.423920197860014],[-120.3519188686754,48.423865446592785],[-120.35179733939169,48.423809231331163],[-120.35167767120763,48.423751670851573],[-120.35156010551781,48.423692881839948],[-120.35144488935435,48.423632988430327],[-120.35133221973767,48.423572092668103],[-120.35122229803176,48.423510304276704],[-120.35111531056224,48.423447726265444],[-120.35102144724539,48.423389217213746],[-120.35092736851954,48.423325572810079],[-120.35083223048146,48.423256225823174],[-120.35073452737863,48.423180083574408],[-120.35064226351291,48.423104060100734],[-120.35054251837711,48.423018130064165],[-120.35017433830471,48.422686742856371],[-120.35001670050414,48.422550024915886],[-120.34992871734448,48.422477819251633],[-120.34984432107561,48.422412006391085],[-120.34976185501482,48.422351296081985],[-120.34968045076253,48.422295054077296],[-120.34958558453494,48.422233464168386],[-120.34948647312987,48.422172590895563],[-120.34938293460775,48.422112321077918],[-120.34927472525241,48.422052514026049],[-120.34916167992016,48.421993071409965],[-120.34904330957262,48.421933732800191],[-120.34891915746714,48.421874267701035],[-120.34878854763964,48.421814354097002],[-120.3485341389862,48.421703995664146],[-120.34824611769233,48.421586640595009],[-120.3479479379714,48.421470650790596],[-120.34713205369782,48.421160224373445],[-120.34688796130344,48.421063636286341],[-120.34667185533964,48.420974476307364],[-120.34642916836508,48.420868619281059],[-120.34620816690624,48.420765198672861],[-120.34600453306172,48.420662191093115],[-120.34581615553975,48.42055851489026],[-120.34561375121702,48.420440434458918],[-120.34541370959185,48.42032044361526],[-120.34521603230178,48.420198543020526],[-120.34502071676296,48.420074733147793],[-120.34482776522815,48.41994901267082],[-120.34463717511275,48.419821382062437],[-120.34444894934649,48.419691841753718],[-120.34426308629911,48.419560391108426],[-120.34407958631141,48.419427031017683],[-120.34389844938511,48.419291761493781],[-120.34371967518244,48.419154581670298],[-120.34354326370438,48.419015491559385],[-120.34336921529007,48.418874492051707],[-120.34319753123349,48.418731582929198],[-120.34302820860735,48.418586763785434],[-120.34286125033755,48.418440035050558],[-120.34003611709676,48.415507020762647],[-120.33976039463847,48.415397162085746],[-120.3394889309813,48.415284264250452],[-120.33922172614123,48.415168327285663],[-120.33895878047183,48.415049352098499],[-120.33870009364792,48.414927337838677],[-120.33844566568186,48.414802284534211],[-120.33819549562973,48.414674193321446],[-120.33794958541172,48.414543062010424],[-120.33777419524486,48.414444006417469],[-120.33760125087696,48.414339032739981],[-120.33743042143284,48.414227942577732],[-120.33726130066223,48.414110471126932],[-120.33709360791143,48.413986435468132],[-120.33692658256416,48.413855286417643],[-120.33675956444253,48.413716505755758],[-120.3365916133731,48.413569315215611],[-120.3364407213344,48.413430708353147],[-120.33628700715924,48.413283586278084],[-120.33612899723742,48.413126547322506],[-120.33596396945957,48.412956888002554],[-120.33581264992391,48.412796976212277],[-120.3356469220501,48.412618041469003],[-120.33505000295223,48.41196005541746],[-120.33480281273044,48.411691905229823],[-120.33454040822942,48.411416869673253],[-120.33441734464805,48.41129240019302],[-120.33429762582522,48.411174510918549],[-120.33415232684482,48.411035995702953],[-120.33400937668016,48.410904887447643],[-120.33386779455482,48.410780288322336],[-120.33372691723481,48.410661614894757],[-120.33358599028873,48.410548240798612],[-120.33344476609788,48.410439982838447],[-120.33330286546429,48.410336546015678],[-120.33315998862916,48.410237712278374],[-120.33308837138921,48.410187852595513],[-120.33301423542703,48.410133004682436],[-120.33293678260945,48.410072582819339],[-120.33285445390538,48.41000537232803],[-120.33270400634049,48.409876592243343],[-120.33234210082442,48.409557161122038],[-120.33224396000981,48.409473670975451],[-120.33215437831949,48.409400322625281],[-120.33206133827316,48.409327778742338],[-120.33197247903202,48.409262554497978],[-120.33188642955535,48.409203646825794],[-120.33180244550779,48.409150548685439],[-120.33169261793678,48.409088127292129],[-120.33158446033265,48.409034839776197],[-120.33147724507813,48.40899033009083],[-120.33142383435862,48.408971300862774],[-120.33137048388367,48.408954396802294],[-120.33131706621693,48.408939581415147],[-120.33126361726843,48.408926868970866],[-120.33121009763587,48.408916250512327],[-120.33115647281465,48.408907719028299],[-120.33110270509577,48.408901269954832],[-120.33104877201862,48.408896898833852],[-120.33099464437555,48.408894605223345],[-120.33094029908946,48.408894386652506],[-120.33084450172599,48.408897436064571],[-120.33074498430713,48.40890372104802],[-120.33064400840603,48.40891309774215],[-120.33054371208215,48.408925367263521],[-120.33044643284522,48.408940227682876],[-120.3303534531121,48.408957466057707],[-120.3302661968595,48.40897681705809],[-120.33018572620365,48.408998044946145],[-120.33013601138481,48.409013383035926],[-120.33008661029285,48.409030700762671],[-120.32998887367094,48.409071224851274],[-120.32989279732583,48.409119503422062],[-120.32979871422619,48.409175367443268],[-120.3297068861488,48.409238678378308],[-120.32961786060095,48.409309074152681],[-120.32953210873326,48.409386184673899],[-120.32945019482273,48.409469501247358],[-120.32937127189045,48.409560183704329],[-120.32929769827925,48.409655835627248],[-120.32923023397178,48.409755473219768],[-120.32916972490148,48.409857851429734],[-120.32911687276268,48.409961831586159],[-120.32907265465516,48.410065554784843],[-120.32903779918355,48.410167320830908],[-120.32901291647121,48.410265344497262],[-120.32900464105558,48.410317325706629],[-120.32900094394343,48.410370969813265],[-120.32900181526435,48.41042638748177],[-120.32900726094449,48.410483723184171],[-120.3290172766032,48.410543065954293],[-120.32903190719364,48.410604726075718],[-120.32905121924055,48.410668983709854],[-120.32907534309646,48.410736273849828],[-120.32912239644632,48.410847198942513],[-120.32918314437349,48.410970855178533],[-120.32925157620728,48.411097659674006],[-120.32944240926551,48.411436886106458],[-120.32949511742288,48.411537823431665],[-120.32953795994715,48.411627519720454],[-120.32961965311924,48.411799259570394],[-120.32971014946111,48.411972154643522],[-120.3298095998142,48.412146499216135],[-120.32991821791499,48.412322664637252],[-120.33003615474509,48.412500913236251],[-120.33016385599119,48.41268193471555],[-120.33030175646105,48.412866347480701],[-120.33045050595516,48.413055022769392],[-120.33060492768769,48.413241901258615],[-120.3307713638073,48.413435128756753],[-120.33095132597903,48.413636463568409],[-120.33114771933764,48.413849162595788],[-120.33134059091614,48.414052618374264],[-120.33155776182335,48.41427704891619],[-120.33238518681252,48.415115346951069],[-120.33272636558839,48.415466726986708],[-120.33290733755162,48.415657796128286],[-120.3330733176073,48.415837167478642],[-120.33322754333818,48.416008343986171],[-120.33337161781343,48.416173109965364],[-120.33353964438412,48.41637261178272],[-120.33369514858201,48.416566022304679],[-120.33383922938289,48.416754711286679],[-120.33397257361403,48.41693958189547],[-120.33409589555721,48.417121647901716],[-120.33420939005482,48.417301224875736],[-120.33431337233203,48.417478807908957],[-120.33440806462593,48.417654779995658],[-120.3344864555998,48.417803253567087],[-120.3345774860761,48.417968105061867],[-120.33496439799579,48.418639524335077],[-120.33512764508532,48.418934517099167],[-120.33521106235649,48.419095010703316],[-120.3352843657607,48.419245033871057],[-120.33534895378457,48.41938746074301],[-120.33540547145319,48.419523727697452],[-120.3354628413549,48.419679374299974],[-120.33550988315696,48.419829087746393],[-120.33554688966841,48.419973796181694],[-120.33557401355995,48.420114110905196],[-120.33559136892802,48.420250704531135],[-120.33559896267786,48.420383785194055],[-120.33559681560064,48.42051367592228],[-120.33558492030781,48.420640623068451],[-120.33556976788417,48.420740712565525],[-120.33555105491638,48.420840784424499],[-120.33552878329856,48.420940836426418],[-120.33550295239748,48.421040870557029],[-120.33547356151925,48.421140885057],[-120.33544061132483,48.421240881681292],[-120.33540410145889,48.421340859548785],[-120.33536403190492,48.421440818656748],[-120.33532040394053,48.421540758771904],[-120.33527321659395,48.421640680999715],[-120.33522246787693,48.421740583809282],[-120.33516816103881,48.421840468493798],[-120.33511029409136,48.421940333522045],[-120.33504886769575,48.422040180646725],[-120.33498388149677,48.422140008984563],[-120.3349153367719,48.422239818300518],[-120.33404515163028,48.423584834970811],[-120.33383177490759,48.423701821916829],[-120.33362300862213,48.423820094888036],[-120.33341885183124,48.423939655015545],[-120.33321930454839,48.424060502321389],[-120.33302436903703,48.424182635488364],[-120.33283404306215,48.424306055876393],[-120.33264832663897,48.424430763506109],[-120.3324672210771,48.424556758167746],[-120.33229072605388,48.4246840390024],[-120.33211884192495,48.424812606908212],[-120.33195156611927,48.424942462364122],[-120.33178890219827,48.425073603819918],[-120.33163084793087,48.425206032632381],[-120.33147740463008,48.425339748589138],[-120.33132857102122,48.425474751937436],[-120.3311843480798,48.425611041585285],[-120.33104473616513,48.425748618427704],[-120.33090973366537,48.425887481831964],[-120.330779342574,48.426027633340837],[-120.33065356094151,48.426169071442033],[-120.33053239042361,48.426311796798764],[-120.33041582941063,48.42645580877651],[-120.33030388085383,48.426601107807677],[-120.33019654089483,48.426747694595598],[-120.33009381344139,48.426895568463024],[-120.32999569559179,48.427044729003711],[-120.32990218771099,48.427195177108338],[-120.32981329111981,48.427346912558427],[-120.32972900550662,48.427499934486384],[-120.32964933028268,48.427654244890263],[-120.329574265754,48.427809840914186],[-120.32950381296587,48.427966725204037],[-120.32936636081375,48.428294451141838],[-120.32931011087298,48.42843763351086],[-120.32925991359542,48.428572698332886],[-120.32921454574229,48.428703083498448],[-120.32917422965282,48.428828311022798],[-120.32913869627555,48.428949214601232],[-120.3291077965503,48.429066304272141],[-120.32908099944174,48.42918196538092],[-120.32905881730028,48.429294416820241],[-120.32904119783782,48.429403913882979],[-120.32902811457075,48.429510642490172],[-120.32901954289017,48.429614804191225],[-120.32901548089109,48.429716480073807],[-120.32901592219402,48.429815775493488],[-120.32902086855744,48.429912777458618],[-120.32903481641884,48.4300291140624],[-120.32905958235214,48.430150119485099],[-120.32909540457554,48.430277010505186],[-120.32914294043276,48.430412134062429],[-120.32919241940357,48.430533662253019],[-120.32925299597433,48.430668521924893],[-120.32948430553802,48.431141487462739],[-120.32957119265116,48.431329816058806],[-120.3296131738886,48.431429723188764],[-120.32964908923456,48.431523477642855],[-120.32967959897468,48.431612813645792],[-120.32970500541101,48.431698622973641],[-120.32976003258217,48.431889271441079],[-120.32991269504581,48.43237759210222],[-120.32997885531266,48.432604423921767],[-120.33001114817216,48.432728108156347],[-120.33003793270315,48.432843337860696],[-120.33005973013172,48.432952354591535],[-120.3300767564711,48.433056271088212],[-120.3300906679918,48.433171073270373],[-120.33009850237354,48.433281064592158],[-120.33010030558552,48.433386898826015],[-120.33009608460003,48.433489006635185],[-120.33008580810979,48.433587859288203],[-120.33006944992718,48.433683604148115],[-120.33004697118504,48.433776466885469],[-120.33001832923732,48.433866620322412],[-120.32997810532629,48.433969158500467],[-120.32992949934616,48.434075012510476],[-120.32987241222236,48.434184399001566],[-120.32980666358647,48.434297664557604],[-120.32973233256101,48.43441474909244],[-120.32964866000133,48.434536908591028],[-120.32955494260021,48.434665181605354],[-120.32944930361369,48.434802147570252],[-120.32940036764542,48.434861342020461],[-120.32934731815203,48.434920169816984],[-120.32929006163504,48.434978729256173],[-120.32922848227908,48.435037143256594],[-120.32916249191808,48.435095498837349],[-120.32909184556053,48.435154017925036],[-120.32901630881936,48.435212896148037],[-120.32893553268141,48.435272404900445],[-120.3288511049881,48.435331482688021],[-120.32876062435905,48.435391914877329],[-120.32855748593727,48.435519481286441],[-120.3283364735929,48.435649935175888],[-120.32788958374439,48.435904536353085],[-120.32770429960688,48.436012226713274],[-120.32751496459406,48.436127150947129],[-120.32735117394691,48.43623303467853],[-120.32725827080954,48.436296879108063],[-120.32717178933284,48.436359526091891],[-120.32709111819783,48.436421420408628],[-120.32701587438264,48.436482856413313],[-120.32694565059775,48.436544173145712],[-120.32688033665818,48.436605479393421],[-120.32681975129782,48.436666943520322],[-120.3267637665115,48.436728696257632],[-120.32655834263838,48.43696510185751],[-120.32643752460559,48.43710932243728],[-120.32633112898461,48.437244990847084],[-120.32624250402039,48.437369035291361],[-120.32616476065972,48.437492275845592],[-120.32613165722803,48.437551466107678],[-120.32610224701409,48.437609297844979],[-120.32607643777139,48.437665965850336],[-120.3260542004317,48.437721538201096],[-120.32603549701153,48.437776113665329],[-120.32602029951839,48.437829766701071],[-120.32600813111846,48.437885536895244],[-120.3259994089791,48.437942931361825],[-120.32599411381842,48.438002061508868],[-120.32599223309468,48.438063074165726],[-120.32599375927286,48.438126064568998],[-120.32599869148156,48.43819133897366],[-120.32600705116926,48.438259179012277],[-120.32601888911658,48.438330014154964],[-120.32604677218255,48.438456902549667],[-120.32608587094356,48.438599085302641],[-120.32612835234846,48.438734823130581],[-120.32623183047829,48.439047784233374],[-120.32627675478794,48.439196429896725],[-120.32632743026991,48.439361844182656],[-120.32638834255577,48.439533411523996],[-120.3264601037334,48.439712887949575],[-120.32654407051692,48.439903677453671],[-120.32662359020124,48.440072139229422],[-120.32671625087812,48.440258917763188],[-120.32704550555655,48.440893577733398],[-120.32716889496541,48.441138215215709],[-120.32728638468488,48.441386221398112],[-120.32738331707293,48.441611001643309],[-120.32751223782837,48.441932965021437],[-120.3276371321443,48.442255632115149],[-120.32775800255354,48.442579002478006],[-120.32787484511596,48.442903076813096],[-120.32798766365815,48.443227854443272],[-120.32809645587299,48.44355333671971],[-120.32820122231976,48.443879521667014],[-120.32830196327978,48.444206410175724],[-120.32839867869507,48.444534002257321],[-120.32849136755188,48.444862299031655],[-120.3285800304085,48.445191298521884],[-120.32866466754515,48.445521001617244],[-120.32874527924173,48.445851409206597],[-120.32882186346667,48.446182519772037],[-120.32889442179402,48.446514333971912],[-120.32896295450271,48.446846852693859],[-120.32885868511889,48.449310048340045],[-120.32884779848099,48.449408125476019],[-120.32883306020562,48.449504626800106],[-120.32881447320474,48.449599552728039],[-120.32879203487339,48.449692903716553],[-120.32876574744691,48.449784678423164],[-120.32873560866041,48.449874878182946],[-120.32870161945574,48.449963501882785],[-120.32866378015831,48.450050550397073],[-120.32862209075536,48.4501360237211],[-120.32857655089578,48.450219920970945],[-120.32852716056783,48.450302242141341],[-120.32847392009934,48.450382988105432],[-120.32841682947972,48.450462158857356],[-120.3283558870654,48.450539753742071],[-120.32829109577513,48.450615773171982],[-120.32822245267198,48.450690216721434],[-120.32813890253161,48.450771767964028],[-120.32804368549174,48.450854149609874],[-120.32793609159776,48.450937981672439],[-120.32781466684762,48.451024401335921],[-120.32768709824866,48.451108675639873],[-120.32754078444466,48.451199755255104],[-120.32738535980084,48.451292411015054],[-120.32708942212236,48.451464846143708],[-120.32692412072713,48.451558503754185],[-120.32675300641104,48.451649095052908],[-120.32657605155035,48.451736638068496],[-120.32639321973794,48.451821149572531],[-120.32620447647976,48.45190264411805],[-120.32600977411845,48.45198114516905],[-120.32580906071408,48.452056672254493],[-120.32560227948807,48.452129246701169],[-120.32538947570252,48.452198856684795],[-120.32517047118181,48.45226556387572],[-120.32494518809605,48.452329392398575],[-120.32471352531171,48.452390370516589],[-120.3244754004393,48.452448521284239],[-120.32423066151415,48.452503881052259],[-120.32397916529638,48.452556483681079],[-120.3237207338677,48.452606366372109],[-120.3234615924089,48.452652470302795],[-120.32319542627384,48.452696059815267],[-120.32292197483888,48.452737176467849],[-120.32264090879933,48.452775870258684],[-120.32235198886498,48.452812177072424],[-120.32205458628457,48.452846177549688],[-120.32174812758056,48.452877937812232],[-120.32143181233255,48.452907541745816],[-120.32111169672919,48.452934518389284],[-120.32077989843654,48.452959625371207],[-120.32043480646165,48.452982986276872],[-120.32007371875402,48.453004783225367],[-120.31969896960632,48.453024934879309],[-120.31929842826811,48.453044148460648],[-120.31886351049494,48.45306285709804],[-120.31835695606762,48.453082667785459],[-120.31816940593929,48.45309270352061],[-120.31770635912562,48.45312542725592],[-120.31758610187896,48.453131528501167],[-120.31747979718611,48.453134682505961],[-120.31735605415626,48.45313455737039],[-120.31724560721796,48.453129638180258],[-120.31714637050419,48.453119828693652],[-120.31705736462644,48.453105024913086],[-120.31701354648644,48.453094864748152],[-120.31697138578396,48.453082781127499],[-120.3169308584185,48.453068768943311],[-120.31689193955157,48.453052817584613],[-120.31685460862755,48.453034920374876],[-120.31681883325753,48.453015061471042],[-120.31678458595265,48.452993226976723],[-120.31675183814765,48.452969396613732],[-120.31672060444699,48.452943590326171],[-120.31669080269674,48.45291574570777],[-120.31666239570467,48.452885830866322],[-120.31663534874748,48.452853805959577],[-120.31658518646269,48.452783256075449],[-120.31653993401395,48.452703564802746],[-120.31650695788579,48.452632674986013],[-120.31647656296205,48.45255481786684],[-120.31644841507251,48.452469155131126],[-120.31642195904068,48.452374002256676],[-120.31637961784715,48.45218736234095],[-120.31631071661516,48.451826076152727],[-120.31628060445411,48.451680787526406],[-120.31624522733598,48.451535398214986],[-120.31620750480067,48.451408215231957],[-120.31618346550971,48.451339395320517],[-120.31615792158912,48.451274693328635],[-120.31613072153878,48.45121373051888],[-120.31610175526335,48.451156260708764],[-120.31607088551665,48.451102024696652],[-120.31603806402813,48.451050947482351],[-120.3160032125845,48.451002908678127],[-120.31596626877125,48.450957821710965],[-120.31590794802655,48.450893473317876],[-120.31584386250347,48.450827730738204],[-120.31577344816692,48.450760013372083],[-120.31569561932943,48.450689273623581],[-120.31552629429035,48.450545146843304],[-120.31517234223638,48.450259400080888],[-120.31502549978235,48.450137118686236],[-120.31487839076253,48.450005967299575],[-120.31481438186742,48.449944521052849],[-120.31475561355983,48.4498847668035],[-120.31464345320505,48.44976122486036],[-120.31453460365796,48.449629344914911],[-120.31442809490773,48.449487963087996],[-120.31432226816769,48.449334881944395],[-120.31422434535509,48.449182179626661],[-120.3141212557907,48.449011010990787],[-120.31401970648407,48.448834217895246],[-120.31374778059005,48.448349811799218],[-120.31366232527721,48.448203707619065],[-120.31358288791829,48.44807364647248],[-120.3134875379528,48.44792616136823],[-120.31339338710208,48.447790459484239],[-120.31329858176565,48.447663873721844],[-120.31320212018926,48.447545082424462],[-120.31307318817356,48.447396161397975],[-120.31293768297046,48.447246226365763],[-120.31279542321207,48.44709507572469],[-120.31264617417295,48.446942459129993],[-120.3124897589568,48.446788190145689],[-120.31232572906501,48.446631822584806],[-120.3121536616645,48.446472951711272],[-120.31197296219845,48.446311028634689],[-120.3117882492449,48.446149998449869],[-120.31159370764883,48.445984615853774],[-120.3113881258658,48.44581384339461],[-120.31116943275588,48.445635963398246],[-120.31094003406167,48.445452814380964],[-120.31068997820275,48.445256344703736],[-120.31007220907786,48.444779900682796],[-120.30991773566291,48.44466658813549],[-120.30973869467915,48.44454453628979],[-120.30954983869835,48.444422399733298],[-120.30903073045847,48.444094898164401],[-120.30887795176127,48.443994149675561],[-120.30874502392504,48.443902134703777],[-120.30859894839851,48.443794028354446],[-120.30847034998447,48.443690063115874],[-120.30835668452069,48.443588173417815],[-120.30825675551829,48.443487275036802],[-120.30815001712526,48.443365601631214],[-120.30804965600835,48.443237700632586],[-120.30795561816724,48.443103503718568],[-120.3078678395016,48.442962919947149],[-120.30778627484814,48.442815885997803],[-120.30771082067005,48.442662219341472],[-120.30764139185075,48.442501752956979],[-120.30757788817766,48.442334248328251],[-120.30752077783021,48.442161308650789],[-120.30746922533582,48.441980790364049],[-120.30742308577746,48.441792195298035],[-120.30738216031827,48.44159471656495],[-120.30734642472024,48.44138854626965],[-120.30731530377047,48.441170701285614],[-120.30728842699781,48.440938704841685],[-120.30726502453568,48.440685966365606],[-120.30722330995684,48.440290116552731],[-120.30721215149126,48.440166699916048],[-120.30720436569865,48.440022956325571],[-120.30720448093298,48.439895286034726],[-120.30720804149196,48.439827805778755],[-120.30721416500407,48.439763306002611],[-120.30722288519715,48.439701418297744],[-120.30723423810375,48.439641898721135],[-120.30724827955372,48.439584482915031],[-120.30726503322484,48.439529088743733],[-120.30728453992454,48.439475588779864],[-120.30730683446455,48.439423886705441],[-120.30733105673745,48.439377242980534],[-120.30736066383152,48.439329703390321],[-120.30739589143064,48.439280885267088],[-120.30743721674449,48.43923012458324],[-120.3074848206211,48.439177100982171],[-120.30754091145289,48.439119278885059],[-120.30778223974714,48.438888332171025],[-120.30788152426531,48.438786264813416],[-120.3079308960494,48.438729459801344],[-120.30797282216872,48.43867544976225],[-120.30800812974773,48.438623164921566],[-120.30803718038642,48.438572057555376],[-120.30808177010633,48.438479718060904],[-120.30812155586253,48.438385808129794],[-120.30815623687019,48.438291044035651],[-120.30818556898848,48.438196091622522],[-120.30820933711423,48.438101666973417],[-120.3082274241757,48.438008263146756],[-120.30823972710088,48.437916416720306],[-120.30824618412423,48.437826588397357],[-120.30824695966373,48.437770159890064],[-120.30824485238506,48.437712469621644],[-120.30823986221726,48.437653492256516],[-120.30823198576404,48.437593197416078],[-120.30820756171265,48.437468533564051],[-120.30817149966241,48.437338060491065],[-120.30812398110771,48.437202083992574],[-120.30806443615697,48.437058722307476],[-120.30799228522494,48.436906502881037],[-120.30790529680428,48.436740705864857],[-120.30783862989689,48.436628334325221],[-120.3077616180305,48.436516299097697],[-120.30767414424682,48.436404425648746],[-120.3075760360489,48.436292495785665],[-120.30746718050383,48.436180363361728],[-120.30734717848223,48.436067598792086],[-120.30721562944473,48.435953826257105],[-120.3070719042894,48.435838500200504],[-120.30692800319162,48.435730302437968],[-120.30677199265926,48.435619413546384],[-120.30660246749761,48.435504827674542],[-120.30641654718362,48.435384595349142],[-120.30624082096649,48.435274889245512],[-120.30604221510829,48.435154186973257],[-120.30525446464495,48.434686128933308],[-120.30501302638946,48.434543354601203],[-120.30476664397783,48.434403409726961],[-120.30451580109492,48.434266569885672],[-120.30426099035806,48.434133101556576],[-120.30400271540722,48.434003271141123],[-120.30374146426284,48.433877322465172],[-120.30347773427644,48.43375549488303],[-120.30321201641993,48.43363801480038],[-120.30304794868422,48.433569515044816],[-120.30287403043074,48.433501635173009],[-120.3026887357108,48.433433773804325],[-120.30248921729095,48.433364886218442],[-120.30228977296795,48.433299443141422],[-120.30206697063981,48.43322934590288],[-120.30120405002687,48.432969135324278],[-120.3008413933271,48.432855639214978],[-120.30064678866404,48.432791358756077],[-120.30046704555565,48.432729022941452],[-120.30029862849933,48.432667405073211],[-120.30013977452337,48.432605855756485],[-120.29967609824139,48.432417991624661],[-120.2992610474266,48.432243852574416],[-120.29887846947298,48.432076654191988],[-120.29852248748948,48.431913801609326],[-120.29818615423123,48.431752024248702],[-120.29786984687193,48.431591400804955],[-120.29771855890129,48.431511196626829],[-120.29757163912761,48.431430951338172],[-120.29742893308564,48.431350583456116],[-120.29729031795129,48.431270021842352],[-120.29707027761452,48.431142425301509],[-120.29653325294105,48.430837330929137],[-120.29626973346042,48.430682461920782],[-120.29612197609511,48.430591725708112],[-120.29598737734572,48.430505513510695],[-120.29586341795117,48.430422209777092],[-120.29574888660707,48.430340995814028],[-120.29563058177433,48.430251638577182],[-120.29552219195166,48.43016349891203],[-120.2954231329259,48.430076097485099],[-120.2953330351525,48.429989110267833],[-120.2952515260167,48.429902162138937],[-120.29517850588971,48.429815130900067],[-120.29511381504334,48.429727828031638],[-120.29505734370208,48.429640104968101],[-120.29498943764212,48.429518845168545],[-120.29492790232055,48.42939393228496],[-120.29487363347123,48.429267193948718],[-120.29482733910157,48.429140282676777],[-120.29478965387133,48.429015016087376],[-120.2947608565138,48.42889240934943],[-120.29474121797928,48.428773622650681],[-120.29473088635774,48.428659576042882],[-120.2947287881434,48.428585276558067],[-120.29473003426017,48.428511234214305],[-120.2947346276236,48.428437449430753],[-120.2947425665896,48.428363921557697],[-120.2947538518235,48.428290652351933],[-120.29476848229902,48.428217639176125],[-120.29478645901996,48.428144884665265],[-120.29480778259291,48.428072386830664],[-120.29483245075647,48.428000147008689],[-120.29486046575015,48.427928163859207],[-120.29489182660694,48.427856438488433],[-120.2949265333161,48.427784970893974],[-120.2949645855287,48.427713760194223],[-120.29500598357225,48.427642807265109],[-120.29505072839241,48.427572110994959],[-120.29509881772829,48.427501672718492],[-120.29515025415813,48.427431491972683],[-120.29520503637737,48.427361568983308],[-120.29526316403741,48.427291902867445],[-120.2953246371282,48.427222493620683],[-120.29538945631623,48.427153342996036],[-120.29545762091493,48.427084449230996],[-120.29552913220861,48.427015812090858],[-120.29560398956991,48.426947433557515],[-120.29568219101807,48.426879312097441],[-120.29576373913201,48.426811447245505],[-120.2958486329463,48.426743840104166],[-120.29593687374563,48.42667649043733],[-120.296028458932,48.426609398697941],[-120.29612338945198,48.426542563770695],[-120.2963232897214,48.426409665622636],[-120.29790534001553,48.424817344463179],[-120.29802465585846,48.424699708017855],[-120.29813738020685,48.424581199410277],[-120.29824351145996,48.424461818008425],[-120.2983430509442,48.424341563598915],[-120.29843599869245,48.424220436196983],[-120.29852235507639,48.424098436695765],[-120.29860211849733,48.423975564459745],[-120.29867529028395,48.423851819271704],[-120.29874187047116,48.423727201143251],[-120.29880185813855,48.423601711193562],[-120.29885525557238,48.4234753480942],[-120.29890205892632,48.423348112543202],[-120.29894227212039,48.423220003859321],[-120.29897589294191,48.423091023387734],[-120.299002922385,48.422961170026099],[-120.29902336048839,48.422830443779503],[-120.29904119825035,48.422671106687709],[-120.29904946386803,48.422535346976048],[-120.29904882423331,48.422411939075886],[-120.29903917371453,48.422298482391291],[-120.29902552560812,48.422215939000381],[-120.29900568137077,48.422130618128655],[-120.29897955351242,48.422042134435188],[-120.29894695486014,48.421949850832455],[-120.29890814589258,48.421854213970292],[-120.29886211416141,48.421752496985654],[-120.29880798367257,48.421642682954712],[-120.29874194527775,48.421517028710838],[-120.29866674114083,48.421386876617099],[-120.29857982660869,48.421254178572418],[-120.29848081042537,48.42111833464655],[-120.29836898789398,48.420978372444644],[-120.29824498931832,48.420834855090547],[-120.29810553599927,48.420683794399018],[-120.29794796115914,48.420522227659816],[-120.29776182416303,48.420339439243612],[-120.2973992108226,48.419980682632058],[-120.29724307124978,48.419830962616444],[-120.29715752308476,48.419752618116718],[-120.29707614201251,48.419681179632782],[-120.29699754720596,48.419615434278043],[-120.29692103681025,48.419554801577391],[-120.29683871224955,48.419493553219333],[-120.2967577679858,48.419437599743397],[-120.29667782547428,48.419386679750239],[-120.29659862745983,48.419340631418919],[-120.29651988196736,48.419299292519369],[-120.2964414974451,48.41926261921251],[-120.296363330722,48.419230544902177],[-120.29628526751164,48.419203024151876],[-120.29621591163627,48.419182158381929],[-120.29614352210885,48.41916346827643],[-120.29606813280826,48.419146962837225],[-120.29598978312769,48.419132651026146],[-120.29590851470957,48.419120540466743],[-120.29582438349027,48.419110640000852],[-120.29573744534667,48.41910295472541],[-120.29564776268458,48.419097492333862],[-120.29555531670083,48.419094254278768],[-120.29546027103835,48.419093249061874],[-120.29536271364607,48.419094478904256],[-120.29526274310498,48.419097941323926],[-120.29516044859822,48.41910363456789],[-120.2950559720896,48.419111550332623],[-120.29494944321846,48.419121680624457],[-120.29484101581616,48.41913400846272],[-120.29472884148809,48.41914879991954],[-120.29461506344965,48.419165825770186],[-120.2944998959596,48.419185053617035],[-120.29438357685095,48.419206444063029],[-120.29426632707447,48.419229956953004],[-120.29414847459961,48.419255528446158],[-120.29391223374509,48.419312564193234],[-120.29367688136431,48.419377099552975],[-120.29344654852071,48.419448039040383],[-120.29333436519408,48.419485578752472],[-120.29322484958895,48.419524273749744],[-120.2931184999041,48.41956394925986],[-120.2930158273861,48.419604414114772],[-120.29292628404013,48.419643162977856],[-120.29283581911245,48.419687226469918],[-120.29274357864867,48.419737018989196],[-120.29264800861647,48.419793373944714],[-120.29255950701035,48.419849350388681],[-120.29246312040607,48.419913678684743],[-120.29045185526596,48.419552441852794],[-120.28906970272682,48.419168952761545],[-120.28716634968144,48.419035104634915],[-120.28639328908235,48.418229170903601],[-120.28612258602288,48.417124544249241],[-120.28590524856679,48.415958062637834],[-120.28404623071995,48.416340252212308],[-120.28226590459634,48.417127596557393],[-120.28074910870473,48.417396638751484],[-120.27970702341797,48.416703744634276],[-120.27826939246704,48.414456118768975],[-120.27589779128033,48.414709063080608],[-120.2729057379017,48.416815553345835],[-120.27057820595027,48.416926456427014],[-120.26875528881804,48.41745081331257],[-120.27006705736403,48.419268357331177],[-120.2698875818044,48.419341608176403],[-120.26970738686946,48.419412550260908],[-120.26952656609389,48.419481146349071],[-120.26934520434924,48.419547365435427],[-120.2691633874641,48.419611175406679],[-120.26898119614805,48.419672548812642],[-120.26879874886839,48.419731444939117],[-120.26861608700453,48.419787852696658],[-120.26843328451619,48.419841748649432],[-120.26825041733379,48.419893110890428],[-120.2680675578432,48.419941919080067],[-120.26788477229731,48.41998815490544],[-120.26770212633095,48.420031802040789],[-120.26751968237208,48.420072846607027],[-120.26732018269711,48.420117688670437],[-120.26685246621929,48.420226426767492],[-120.26663026735568,48.420275559777643],[-120.2663762140956,48.420326356612684],[-120.26625964449278,48.420347001101781],[-120.26614811587842,48.420364827568186],[-120.26602722001776,48.420381734667409],[-120.26591077557147,48.420395350933646],[-120.26579813968443,48.420405751838757],[-120.2656888821007,48.420412976107933],[-120.26558253311042,48.420417049744486],[-120.26547894253014,48.42041797403153],[-120.26537788262786,48.420415749916081],[-120.26527917817498,48.420410374670539],[-120.26516489478846,48.420400745546196],[-120.26504787714862,48.420387955897233],[-120.26492852726027,48.420372048053785],[-120.26480732828298,48.420353088451101],[-120.26468469674401,48.420331135622824],[-120.26456138025472,48.420306321782526],[-120.26443806452235,48.420278783546877],[-120.26431554944413,48.420248699251538],[-120.26423567001542,48.420225818700708],[-120.26415443070317,48.420197835937117],[-120.26407099504868,48.420164470219234],[-120.26398375346831,48.420125080308317],[-120.26390882621524,48.420088112257851],[-120.26382657360541,48.420044894249862],[-120.26355957535921,48.419896447378498],[-120.26346119672476,48.419843446558588],[-120.26336330132024,48.41979421631752],[-120.26327325493818,48.419753230885554],[-120.2631777607014,48.419715278002741],[-120.26308540745191,48.419684697741879],[-120.26299469229259,48.419660997035926],[-120.26290477648593,48.419643961245797],[-120.2628122873958,48.419631520261859],[-120.26271470060527,48.419621760601181],[-120.26261189978204,48.419614670951852],[-120.26250369098871,48.419610235918974],[-120.26239010848306,48.419608447538977],[-120.26227042905809,48.4196092837714],[-120.26214403530655,48.419612746064651],[-120.26200947656233,48.419618872766932],[-120.26181160026098,48.419632135219743],[-120.26162292400592,48.419650152082085],[-120.2614439207471,48.419672877119794],[-120.2612749191515,48.419700269956579],[-120.26111626054998,48.419732269198384],[-120.26096806422281,48.41976884716982],[-120.26083049790586,48.419809961975524],[-120.26076573861647,48.419832208872542],[-120.26070368268891,48.419855576231008],[-120.26065002284673,48.419878462916287],[-120.2605963961894,48.419904820680657],[-120.26054235085137,48.419934869466758],[-120.2604870988654,48.419969044602652],[-120.26043243199126,48.420005990356593],[-120.26037359022237,48.420048695196506],[-120.26014761919629,48.420224576006476],[-120.26004773742159,48.420297469960282],[-120.25999126729195,48.420334858013227],[-120.25993672232809,48.420367773622949],[-120.25988302805182,48.420396863407589],[-120.25982961900182,48.420422429393241],[-120.25977501745672,48.420444565408239],[-120.2597144409887,48.420464806045736],[-120.25964730604562,48.420483352329981],[-120.2595723971733,48.420500541663564],[-120.2594243393024,48.42052752859081],[-120.25915154154029,48.420568165035952],[-120.25904953386922,48.42058477240267],[-120.25894985153101,48.420604146115743],[-120.25886481671597,48.420624808650345],[-120.25881914574778,48.420638229450873],[-120.25877710736502,48.420652533837668],[-120.25873842335223,48.420667818048045],[-120.25870291695573,48.420684150953093],[-120.2586704059097,48.42070162305199],[-120.25864083748816,48.420720266218893],[-120.25861413071709,48.420740132352485],[-120.25859023011483,48.420761264140708],[-120.25856015743362,48.420792735855834],[-120.25853135349715,48.420827753544813],[-120.25850377396308,48.420866367308527],[-120.25847735085902,48.420908673676792],[-120.25845214550593,48.420954522857329],[-120.25842781699139,48.421004477468621],[-120.25838037727603,48.421119731042012],[-120.25835541791604,48.421196743098307],[-120.25833665590521,48.421277337461753],[-120.25832426327007,48.421360767424453],[-120.25831836205909,48.421446220974744],[-120.25831901185234,48.421532853048895],[-120.25832620587957,48.421619807808881],[-120.25833987253968,48.421706233392129],[-120.25835988547917,48.42179132612263],[-120.25838584279742,48.421873698453865],[-120.25841766026575,48.421953336207721],[-120.25845509308004,48.422029627535665],[-120.25849788845211,48.422102054934676],[-120.25854572042763,48.422170090396726],[-120.25859836746972,48.422233438047371],[-120.25865556154919,48.422291774578042],[-120.25871705321271,48.422344846607821],[-120.25877652005005,48.422388732563078],[-120.25884400192913,48.42243250500804],[-120.25891930221594,48.422476033561686],[-120.25900210996946,48.422519138631515],[-120.25909229113849,48.422561730374611],[-120.25918899943564,48.422603394566579],[-120.25929144052137,48.42264378381465],[-120.25939828167586,48.422682372958093],[-120.25944091600616,48.422695953579542],[-120.25948572145037,48.422707981713238],[-120.25953278726614,48.42271848096668],[-120.25958223912306,48.422727479759395],[-120.25968879361855,48.422741070764104],[-120.25980739924202,48.422749017322339],[-120.25991410188972,48.422751472171576],[-120.26003536202937,48.422750505319136],[-120.26043418272837,48.422736322031838],[-120.26057360024716,48.42273337157534],[-120.26070459696868,48.422734751882757],[-120.26081865472848,48.422741198947435],[-120.2608750821127,48.422746893207211],[-120.26092819241127,48.422754179689925],[-120.26097826786591,48.422763098501974],[-120.26102549847819,48.422773683565552],[-120.26107008680162,48.422785983475102],[-120.26111210133209,48.422800021767223],[-120.26115164151925,48.422815830573704],[-120.26118878114958,48.422833440002982],[-120.26124848800563,48.422865516875831],[-120.26130782028332,48.42290003602664],[-120.26136593965033,48.42293651050263],[-120.26142217126768,48.422974515434916],[-120.26147579407716,48.423013552476611],[-120.26152650115382,48.423053387832638],[-120.26157391087887,48.423093719275379],[-120.2616177405788,48.42313430777304],[-120.26165728558072,48.423174431473761],[-120.26169294584464,48.423214425970023],[-120.26172458767709,48.423254141291125],[-120.26175211740285,48.423293456045883],[-120.2617754434833,48.423332240015604],[-120.26179453443987,48.423370429313223],[-120.26180935046234,48.423407945569565],[-120.26181986688199,48.423444724628752],[-120.26182721757797,48.423486309625076],[-120.26183084770973,48.423530800334234],[-120.2618307318931,48.423577893352572],[-120.26182686886176,48.423627143008737],[-120.26181925281948,48.423678275281915],[-120.26180800559564,48.423730276345736],[-120.26179332270759,48.423782241349045],[-120.26177554352513,48.423832952696962],[-120.26175917352252,48.423868360874103],[-120.26173787435474,48.42390258110467],[-120.26171160201743,48.423935685955044],[-120.2616802861142,48.423967762055497],[-120.26164388275139,48.423998867870836],[-120.2616022197362,48.424029159699593],[-120.26155511862422,48.424058766785599],[-120.26150228954764,48.424087873788572],[-120.26145175922788,48.424112771556764],[-120.26139625178584,48.424137662311118],[-120.26126758050853,48.42418860968899],[-120.26112962195397,48.424236937098662],[-120.26074062404854,48.424365624721865],[-120.26062704578196,48.424407131459787],[-120.26052957631877,48.42444670167459],[-120.26042627434852,48.42449492403663],[-120.26033823681378,48.424544045238818],[-120.26029938374215,48.424569251094617],[-120.26026384736814,48.424594971289864],[-120.26023153720739,48.424621272552812],[-120.26020239046281,48.424648207317873],[-120.26012891674949,48.424722569682245],[-120.26006538582357,48.424790683057445],[-120.26000965893351,48.424854842381698],[-120.25996122264834,48.424915657761311],[-120.25991946749157,48.424973953451811],[-120.25988458199586,48.425029536470845],[-120.25985646732209,48.425082563271175],[-120.25983508191089,48.425133116321135],[-120.25982000238785,48.425185626344657],[-120.25981263861308,48.425239538442845],[-120.2598129772817,48.425294958238744],[-120.25982101730781,48.425352026738629],[-120.25983675743008,48.425410830532627],[-120.25986026288518,48.425471668783302],[-120.25989163515234,48.425534812639818],[-120.25993108109029,48.425600677917274],[-120.2599672069378,48.425653656975655],[-120.26000859330246,48.425708973513991],[-120.26005561020442,48.425767126144507],[-120.26010902715532,48.425829066503773],[-120.26022264769824,48.425952002853137],[-120.2604489821299,48.42618448853414],[-120.26053752261402,48.426277865337617],[-120.26062373550943,48.426374487709289],[-120.26069332398457,48.426460354136985],[-120.26077440632996,48.42656135338116],[-120.2608654587132,48.426664737080998],[-120.26096739924851,48.426771559144591],[-120.26108214903995,48.426883835378192],[-120.26118786795904,48.426982011508301],[-120.26130879168042,48.427090096860944],[-120.26172931230153,48.427452969838136],[-120.26188730155472,48.427592328719747],[-120.262040841011,48.427734407144008],[-120.26217209771367,48.427864548806006],[-120.26224126067154,48.4279378536393],[-120.26230507682442,48.428009402391218],[-120.26236393739082,48.428079637353164],[-120.26241809680195,48.428148860775806],[-120.26246781298798,48.42821741277826],[-120.2625131629483,48.428285407386532],[-120.26255426061579,48.428353018732722],[-120.26259118884924,48.428420383272872],[-120.26265867224532,48.428552912978951],[-120.26271204123219,48.42866344731469],[-120.26275744313067,48.428764740621141],[-120.26279586647966,48.428859130740157],[-120.26282867785339,48.428950276938529],[-120.26285542876387,48.429037303978426],[-120.26287634969002,48.42912096613297],[-120.26289154762748,48.429201707240487],[-120.26289737239235,48.429248844248804],[-120.26290050498474,48.429298207237629],[-120.26289879412695,48.4294058867251],[-120.26288839091482,48.429516455600762],[-120.2628590109333,48.429730257516056],[-120.26284895129038,48.429818032772744],[-120.26284302178628,48.429909092153132],[-120.26284355455775,48.429990425253308],[-120.26284815821656,48.430048092897707],[-120.26285647318491,48.430106872439879],[-120.26286851750655,48.430166882722531],[-120.26288432279748,48.430228281488233],[-120.26290390715577,48.430291169733593],[-120.26292736639449,48.430355872188677],[-120.2629548056096,48.430422683776136],[-120.26298640681134,48.43049204913256],[-120.26304735803096,48.430611781309267],[-120.26312256970542,48.430744782970706],[-120.26320010751039,48.430872911529157],[-120.26339478747062,48.431185078528067],[-120.2634904185489,48.431347877233264],[-120.26353552040844,48.431431223397155],[-120.26357456644494,48.431509301408546],[-120.26360824482087,48.431583491332198],[-120.26363688199955,48.431654520117078],[-120.26366395306106,48.431733275539202],[-120.2636848164944,48.431809159137316],[-120.26369959698204,48.431882624765159],[-120.26370835602789,48.431953983515477],[-120.26371112311644,48.432023574685296],[-120.26370789448012,48.432091514405712],[-120.26369866135394,48.43215797414112],[-120.2636834050038,48.432223088632966],[-120.26365509640152,48.43231137076009],[-120.26361923497703,48.432403094151454],[-120.2635757342248,48.432498483472266],[-120.26352442514883,48.432597908492525],[-120.2634654435478,48.432701211831244],[-120.26339799163473,48.432809879159961],[-120.26332134022067,48.43292510705534],[-120.2632332080336,48.433050334779516],[-120.26316016356537,48.433143493267465],[-120.26307508619936,48.433236835088096],[-120.26297730418312,48.433331109158011],[-120.2628654893236,48.433427601276968],[-120.26274007043686,48.433526218517009],[-120.26259444268723,48.433632382866527],[-120.26243609329822,48.433741626425018],[-120.26198494051913,48.434044830224607],[-120.26185017099897,48.434140132540648],[-120.261733698722,48.434227265023523],[-120.26160616855081,48.434330455117546],[-120.26149551899218,48.434429904897399],[-120.26144576222177,48.434478907900292],[-120.26139953931033,48.434527607665267],[-120.26135672414739,48.434576140133103],[-120.26131722258795,48.434624609294801],[-120.26124622443344,48.434722310917465],[-120.26118062058696,48.434826829713529],[-120.26111983700034,48.434939064425826],[-120.26106296162078,48.435060692782272],[-120.26101222233882,48.435185265939687],[-120.26096192183485,48.435325067050364],[-120.26091429971972,48.435471278556633],[-120.26078799337476,48.435879042297266],[-120.26074582840525,48.436003160932096],[-120.26070468585505,48.43611353694692],[-120.26065226187563,48.436238782344553],[-120.26059712224678,48.436353780613523],[-120.26053818126779,48.436460786581094],[-120.26047481524974,48.436560915221406],[-120.2604299107075,48.436623046799653],[-120.26037829753305,48.436686853245085],[-120.26031947149369,48.4367529618007],[-120.26025237167018,48.436822569601297],[-120.26011547696567,48.43695309921295],[-120.25985263415993,48.4371886515829],[-120.25975203374426,48.437281351375631],[-120.25965429600664,48.437377171325188],[-120.25957303876105,48.437464563617219],[-120.25953017113453,48.437515184178601],[-120.25949176969556,48.437564458654464],[-120.25945757854744,48.437612717773227],[-120.25942744006048,48.437660180975691],[-120.25940120454464,48.437707099152433],[-120.2593788336294,48.437753552329248],[-120.25936026660268,48.437799666734591],[-120.25934546436341,48.437845538482136],[-120.2593244702236,48.43793491728249],[-120.25931045013058,48.438029722100417],[-120.25930335242428,48.438130289733728],[-120.25930313263117,48.438237216686964],[-120.25930966342767,48.438349873082053],[-120.25932299156032,48.438471146775626],[-120.25934330102942,48.438603131517731],[-120.25937195798154,48.438754780627768],[-120.25938830117985,48.438827786345627],[-120.2594080028797,48.438901934767593],[-120.25943108410131,48.438977305722702],[-120.25945757757729,48.439054002312147],[-120.25948750393447,48.439132099740803],[-120.25952093481597,48.439211784339051],[-120.25959862921131,48.439376662121795],[-120.25968936691653,48.43954666533191],[-120.25979664577876,48.43972896805537],[-120.25992271615257,48.439927704080134],[-120.26008480226831,48.440170054531535],[-120.26022687416796,48.440370646207462],[-120.26037799299608,48.4405678327728],[-120.26053815847379,48.440761613311338],[-120.2607073719519,48.440951987554875],[-120.26088563089435,48.441138955921645],[-120.26107293698409,48.441322519019081],[-120.26126928993087,48.441502675924596],[-120.26147469141195,48.44167942724232],[-120.26168913820393,48.441852771626209],[-120.2619126336111,48.442022710326825],[-120.26214517507989,48.442189243752736],[-120.26238676455738,48.442352369635437],[-120.26263740145497,48.442512089908838],[-120.26289708416745,48.442668403868346],[-120.26316581564686,48.442821311877452],[-120.26344359428239,48.44297081322825],[-120.26893497585279,48.44491884619876],[-120.26915664239708,48.444941876198186],[-120.2693686650838,48.444969838949064],[-120.26957104265415,48.44500273472633],[-120.26976377643464,48.445040563344229],[-120.26994686549578,48.445083325953263],[-120.27012030952238,48.445131021714765],[-120.27028410982759,48.445183650437983],[-120.27036239252641,48.445211814156082],[-120.27043826513055,48.445241212389298],[-120.27051172696497,48.445271843384177],[-120.27058277673568,48.445303707374464],[-120.27065141478116,48.445336805243201],[-120.2707176436913,48.445371136535407],[-120.2707814605384,48.445406700835079],[-120.27084286566014,48.445443499024996],[-120.27090186001267,48.44548153000045],[-120.2709584439332,48.445520794643919],[-120.27101261708236,48.445561292080015],[-120.27106437720751,48.445603023650023],[-120.27111372819103,48.445645988668765],[-120.27116066710339,48.445690186719503],[-120.27120519557516,48.445735618454677],[-120.27124731197098,48.445782283227913],[-120.2712870179209,48.445830181691377],[-120.27132431308367,48.445879312968991],[-120.27137576276881,48.445955574546353],[-120.27142297913447,48.446036593411279],[-120.27146521677247,48.446121089678122],[-120.27150179768859,48.446207714240934],[-120.271532118663,48.44629499958792],[-120.271555777884,48.446381764527565],[-120.27157244733218,48.446466793193203],[-120.27158192312558,48.446549048624618],[-120.27158491074815,48.446609772652977],[-120.27158510385537,48.446670757285474],[-120.27158249966696,48.4467316105791],[-120.2715771138889,48.44679200303262],[-120.27156898282205,48.446851572390031],[-120.27155813724872,48.446910125425362],[-120.27154461970594,48.446967431152999],[-120.27152847404008,48.447023301541797],[-120.27150985627411,48.447077286457755],[-120.27150788343776,48.447082167898834],[-120.27020649648118,48.447674966471737],[-120.26919632123854,48.448415625922195],[-120.26896790841798,48.449174751510867],[-120.26893500366467,48.449202587254284],[-120.26889447892032,48.449242112810822],[-120.26885975501256,48.449281983892504],[-120.2688312469546,48.449319413708935],[-120.26851889829643,48.450489189619105],[-120.26842571980808,48.450863283305956],[-120.2684414481914,48.450958238457069],[-120.26845758677906,48.45106921654709],[-120.26846866488297,48.451177268458359],[-120.26847287731236,48.451274417478913],[-120.26847667169272,48.451432323060686],[-120.26848540621171,48.451610944967797],[-120.2685474115636,48.452452726439439],[-120.26855894997811,48.452657827380811],[-120.26856533140315,48.452840601955735],[-120.26856646330661,48.453046725804086],[-120.26856012392712,48.453235715864075],[-120.26854619847992,48.453410934751581],[-120.26852454794432,48.45357399185049],[-120.26850837600678,48.453663542153208],[-120.26848951968506,48.453749565807762],[-120.26846794860434,48.453832199630519],[-120.26844363390276,48.453911552004335],[-120.26841654159672,48.453987735975225],[-120.26838664815952,48.454060805466064],[-120.26835392669028,48.454130827202803],[-120.26831835366347,48.454197855108326],[-120.26827985782457,48.454262006016862],[-120.26823845289857,48.454323243692158],[-120.26819411766522,48.454381602871649],[-120.2681468282,48.45443711126093],[-120.2680965586655,48.454489798782475],[-120.26804329279376,48.454539684274302],[-120.26798700879958,48.454586786613291],[-120.26792768647418,48.454631121580533],[-120.26785846724687,48.454676125812092],[-120.26778232023426,48.454718287610085],[-120.26769908639211,48.454757693351894],[-120.26760854660415,48.45479444944678],[-120.26751054936855,48.454828625911524],[-120.2674046304886,48.454860393233353],[-120.26729034017242,48.454889887423448],[-120.26716699069114,48.454917287588898],[-120.26705021538417,48.454939828362036],[-120.26692477702559,48.454961085555212],[-120.26678944363857,48.454981268983779],[-120.26664184702784,48.455000734383816],[-120.26634119405914,48.455034734151411],[-120.26573045365259,48.455095096304412],[-120.26547366346837,48.455122469842046],[-120.26521045257478,48.455154983723645],[-120.26497941580507,48.455189336660055],[-120.2648489781878,48.455212004229978],[-120.26472607588224,48.455236073391909],[-120.26460992080598,48.455261699750146],[-120.2645000040316,48.455288995080942],[-120.26439578786484,48.455318100664826],[-120.26429711983789,48.455349066059462],[-120.26420375407716,48.455381967697363],[-120.26411551007742,48.455416868550891],[-120.26399915916333,48.45546698140361],[-120.26388232972116,48.455520022695858],[-120.26376496047814,48.455576020179819],[-120.26364698053391,48.455635008946111],[-120.2635283312044,48.455697016287836],[-120.2634088910301,48.455762104090496],[-120.26161418959978,48.456171879542964],[-120.26057048239113,48.456926848281043],[-120.26003761847042,48.457725461194286],[-120.26073247041747,48.459562357668176],[-120.26071972972872,48.459655889315684],[-120.26070333163074,48.459751371023167],[-120.26068323329366,48.459849061989168],[-120.26065940735721,48.459949128541389],[-120.26063173242207,48.460052107614715],[-120.26060007823827,48.460158487951972],[-120.26056422455038,48.460269009892599],[-120.2604971706884,48.460457325185565],[-120.26041563471415,48.460666801703688],[-120.26033304473681,48.460867084771692],[-120.26012988253075,48.461347257735376],[-120.26003113696952,48.461591922678338],[-120.25994392459394,48.461828110863458],[-120.25987497377865,48.462041812267408],[-120.25984469151662,48.462149532813811],[-120.25981866480281,48.462253811675183],[-120.25979676297808,48.462355172411826],[-120.25977890626528,48.46245398310873],[-120.25976502772893,48.462550645253344],[-120.25975511113481,48.462645307247541],[-120.2597491353569,48.462738180324713],[-120.25974708928584,48.46282942981717],[-120.25974951336913,48.462912949369425],[-120.25975693987323,48.462998332889171],[-120.25976938675065,48.463085756525388],[-120.25978688384484,48.46317545253094],[-120.25980945124662,48.463267566632332],[-120.25983719852013,48.463362577968546],[-120.25987024975427,48.46346091710214],[-120.25990882503129,48.463563242639573],[-120.25998444196058,48.463740923190166],[-120.26007878988467,48.463938878334034],[-120.26017703243136,48.464130630801989],[-120.26042742466329,48.46460402287412],[-120.26049411183178,48.464735688652603],[-120.26055127747267,48.464854065852336],[-120.26060952351285,48.464982939952655],[-120.26065931826626,48.465103456541662],[-120.26070154630736,48.465217768573311],[-120.260736618461,48.465326998466139],[-120.260768896271,48.465449330633973],[-120.2607920332394,48.465566847736255],[-120.26080616812649,48.465680266900229],[-120.26081136115832,48.465790072237731],[-120.2608076193536,48.465896792962113],[-120.26079492197174,48.466000605488986],[-120.2607732349975,48.466101774022249],[-120.26074251410242,48.466200503564387],[-120.26064976106174,48.46645469728935],[-120.26058055131888,48.466626278368089],[-120.2605448641887,48.466705871488401],[-120.2605088513652,48.466779951891027],[-120.26047211527494,48.466849342034699],[-120.26043443043949,48.466914459282947],[-120.26039388265565,48.466978218962467],[-120.26035195432397,48.467037899577356],[-120.26030852180358,48.467093676060713],[-120.26026349754316,48.467145662498503],[-120.26021677326733,48.467193976647351],[-120.26016831311131,48.467238651144925],[-120.26011806105241,48.467279738160357],[-120.2600659718786,48.467317274803797],[-120.26003037904053,48.467339190409142],[-120.25999101683914,48.467359452664972],[-120.25994780052326,48.467378103805437],[-120.25990061819887,48.467395194627073],[-120.25984939598301,48.467410756049716],[-120.259793868299,48.467424874537357],[-120.25973377998594,48.467437616869923],[-120.2596687229297,48.467449069404147],[-120.25955177015959,48.467465086084985],[-120.25941547423183,48.467478657566303],[-120.25928042786391,48.46748884074853],[-120.25894915947069,48.467510260598807],[-120.25878285939339,48.467524437608056],[-120.25832137754433,48.467624541511434],[-120.25758091280613,48.467785157743947],[-120.25723501214939,48.468684806785646],[-120.25708727763009,48.469063067476625],[-120.2573740912124,48.469808983460197],[-120.25830117067287,48.470798666096591],[-120.25929621039892,48.47183701888207],[-120.26004511817283,48.473243423206249],[-120.26009329077633,48.473387022284683],[-120.26014468178005,48.473524415226883],[-120.26019686898188,48.473646202481426],[-120.26025614263636,48.473765038206494],[-120.26031980445941,48.473873506833158],[-120.26038874737827,48.473973124283177],[-120.26042537304637,48.474019862005882],[-120.26046351693145,48.474064661478074],[-120.26054609841836,48.474151024829844],[-120.26064106561751,48.474237951346247],[-120.26074898470517,48.474325963241654],[-120.26087097862225,48.474415979870308],[-120.26100372908346,48.474505989029424],[-120.26115485611139,48.474601531870199],[-120.26132643322401,48.474704193140063],[-120.26156445510122,48.474841489798955],[-120.26162955708739,48.474877412769402],[-120.26169782244713,48.474912451547695],[-120.26176939549561,48.474946679156552],[-120.26184447546741,48.474980192692705],[-120.26200595232895,48.475045435086479],[-120.26218545183684,48.475109476836856],[-120.26234566264415,48.475161147659868],[-120.26252780820018,48.475215515289761],[-120.2631305885112,48.475382583624665],[-120.26334498988703,48.475444393642583],[-120.26354683577601,48.475507431977029],[-120.26372439825109,48.475568939527129],[-120.26389158652677,48.475634224243031],[-120.26396905329977,48.475667616649417],[-120.26404283726967,48.475701679178549],[-120.26411322464291,48.475736547988689],[-120.26418031788116,48.475772277233801],[-120.26424426394699,48.475808943231215],[-120.26430517099361,48.475846611332038],[-120.26444558363492,48.475939513423775],[-120.26457662823665,48.47603170776172],[-120.26469771128802,48.4761227774449],[-120.26480845592474,48.476212437143111],[-120.26486385582537,48.476261696208901],[-120.26491645416857,48.476313750954866],[-120.26496633472755,48.476368686074075],[-120.26501359626303,48.476426610833734],[-120.26505830942243,48.47648760098452],[-120.26510064193295,48.476551880333467],[-120.26514073369482,48.476619657899207],[-120.26517876670511,48.476691241343318],[-120.2652136481591,48.476764156726901],[-120.26524706741868,48.476841497186285],[-120.26527932428827,48.476923948564256],[-120.26531093511861,48.477012831564899],[-120.26536809355383,48.477193996467378],[-120.26546774542965,48.4775448196485],[-120.26551025687959,48.477686202344302],[-120.26555920000052,48.477830951867325],[-120.26560895502345,48.477956931001358],[-120.26564175950016,48.478029347166235],[-120.26567605901755,48.478097203828298],[-120.26571210710071,48.478161005355574],[-120.26575009054422,48.478221075453867],[-120.26579023377353,48.478277756515155],[-120.2658326175837,48.478331150652643],[-120.2658773697018,48.47838141363647],[-120.26592459159787,48.478428661757626],[-120.26599647007214,48.478492836699239],[-120.26607325542622,48.478554285250574],[-120.26615498777637,48.478613039731997],[-120.26624171602542,48.478669133723685],[-120.26633348417431,48.478722598856571],[-120.26643036495209,48.478773476695338],[-120.26653242939625,48.478821804408724],[-120.26663976256962,48.478867623252846],[-120.26675228194644,48.478910909335646],[-120.26687026468045,48.478951778802973],[-120.26699384038824,48.478990277222479],[-120.26712316927214,48.479026454132104],[-120.26725838410042,48.479060348905094],[-120.26739975548038,48.479092031894375],[-120.26754754083551,48.479121560763289],[-120.26770207599861,48.479149002757303],[-120.26783002884963,48.479169379084411],[-120.26796275251579,48.47918852051906],[-120.26824377146228,48.47922327840417],[-120.26854813305897,48.47925365463955],[-120.27068736736459,48.479369421403355],[-120.27131585937693,48.480108653574661],[-120.27189760037358,48.48097820813021],[-120.27311125399602,48.482205353725547],[-120.27397274414967,48.483159506889528],[-120.27511770534993,48.483356905725692],[-120.27500543143343,48.483561041499811],[-120.27489991224316,48.483765786969101],[-120.27480114688326,48.483971143258934],[-120.27470913507719,48.484177109506113],[-120.27462387559144,48.484383685954896],[-120.274545371418,48.484590873039132],[-120.27447361969027,48.484798670351729],[-120.27176620141454,48.485260950527412],[-120.2705450131282,48.485812685276677],[-120.27079077137037,48.486708251606039],[-120.27223564493355,48.487123073365751],[-120.27412825402422,48.48691139874385],[-120.27413085060113,48.487127906695754],[-120.27414016782078,48.487344638231335],[-120.27415618172323,48.487561045476525],[-120.27417885223093,48.487776567446844],[-120.27420020872448,48.487912334749851],[-120.27423217443791,48.488053707215052],[-120.2742750668649,48.488202146030524],[-120.27432971183202,48.488360526603429],[-120.27438354451193,48.488498946258552],[-120.27444840027559,48.488652783592023],[-120.27467856963467,48.489161990625291],[-120.27476063556713,48.489350869995299],[-120.27483483826275,48.489537635536301],[-120.27489328011016,48.489706475449864],[-120.27492025437157,48.489796532240312],[-120.2749431321662,48.489883604848579],[-120.2749620418803,48.489968185099684],[-120.27497705753551,48.490050609185872],[-120.27498824235207,48.490131249956939],[-120.27499560706711,48.490210236029363],[-120.27499917117373,48.490287758320918],[-120.27499893820558,48.490363962687454],[-120.2749953914374,48.490432927552007],[-120.27498854020517,48.490504846089458],[-120.27497832631136,48.490580347418955],[-120.27496459665599,48.490660583601262],[-120.27492875581069,48.490828161939291],[-120.27484455158091,48.491166111220693],[-120.27481193228425,48.491308954426458],[-120.27478449713108,48.491458715261942],[-120.27476875652758,48.491592610098678],[-120.27476090197288,48.491724048602237],[-120.27475816481818,48.491856610662857],[-120.27476054652206,48.491990346736685],[-120.27476804736359,48.492125315000479],[-120.27478066818354,48.492261567897188],[-120.2747984173827,48.492399184700481],[-120.27482130555802,48.492538239599597],[-120.27484934415725,48.492678819779201],[-120.27488251397905,48.492820857281458],[-120.27457445422864,48.49435589651349],[-120.27472154906118,48.494866490206164],[-120.27546236506718,48.495506684802002],[-120.27811750950217,48.498337556067597],[-120.27858326232354,48.499247038871147],[-120.27913936361139,48.50069143633791],[-120.27947199946919,48.501940643118552],[-120.28020292694629,48.502683232457642],[-120.28289646543224,48.504589275236185],[-120.28314557326021,48.504831865728917],[-120.28340277818427,48.505077319658149],[-120.28366844937774,48.505325991360841],[-120.28394307091904,48.505578332197153],[-120.28422698415686,48.505834660114424],[-120.28452112354026,48.506095826535677],[-120.28482635532461,48.506362599181386],[-120.28514391748911,48.50663606022907],[-120.28604078379807,48.507410749124368],[-120.28641708221811,48.507731164954912],[-120.28662168117879,48.507901718632532],[-120.28681500638403,48.508059763986154],[-120.28700073845802,48.508208308385676],[-120.28718076665713,48.508348860453836],[-120.28737467238824,48.508496134622526],[-120.28756477373175,48.508636095898147],[-120.28775213645332,48.508769527356897],[-120.28793749675026,48.508896953066447],[-120.28812168434457,48.509018934986933],[-120.28830498601474,48.509135657055701],[-120.28848783550963,48.509247393611517],[-120.2886705693344,48.509354349829678],[-120.28893491362706,48.509504104700497],[-120.28917289108639,48.509635510270094],[-120.28939640661234,48.509755133007374],[-120.2896094605378,48.509865095327989],[-120.28981711421264,48.509967944818946],[-120.29001900041411,48.510063432902328],[-120.29021651111105,48.510152215346444],[-120.29041053979508,48.510234692553269],[-120.29063778741022,48.510326315855075],[-120.29086388084608,48.510413201840699],[-120.29108869553227,48.510495304026058],[-120.29131212617543,48.510572582841036],[-120.29153405970553,48.510645000094996],[-120.29175442358101,48.510712532953008],[-120.29197314035606,48.51077515663281],[-120.29219013788672,48.510832852926008],[-120.29240081686144,48.51088564732347],[-120.29259193792765,48.510931296277469],[-120.29277115610118,48.510971625566413],[-120.29294126415522,48.511007253957011],[-120.29310567967048,48.511038862243758],[-120.29326423355444,48.511066381804689],[-120.29341789399945,48.511089979104739],[-120.29356728533543,48.511109751023675],[-120.29376046511653,48.511131113930915],[-120.2939546707611,48.511148465872807],[-120.29414989930302,48.511161806424589],[-120.29434615200245,48.511171135351617],[-120.29454342916203,48.5111764535283],[-120.29474173040633,48.511177760070822],[-120.29494105569847,48.511175054974863],[-120.29514140500102,48.511168338236182],[-120.29680704732064,48.51343737797373],[-120.29693448186623,48.513638767736232],[-120.29706495032515,48.513838859068549],[-120.29719845598751,48.514037653257738],[-120.29733499430756,48.514235149223225],[-120.29747456857461,48.514431348251627],[-120.29761717846921,48.514626249451759],[-120.29776282401029,48.514819852811343],[-120.29791150392035,48.515012158547719],[-120.29806321821739,48.51520316664822],[-120.29821796985043,48.51539287751951],[-120.29837575556695,48.515581289850047],[-120.29853657606185,48.515768405384819],[-120.2987004319701,48.515954222122438],[-120.29886732398582,48.516138741807573],[-120.29903725049006,48.51632196377728],[-120.29921021279455,48.516503887787863],[-120.29974697655278,48.517073112443356],[-120.29993152516393,48.517265578669125],[-120.30014439833896,48.517479153403116],[-120.30034161372988,48.517666090477718],[-120.30044907082883,48.517762790524408],[-120.30055498540212,48.517854269899338],[-120.30065997216165,48.517941060116996],[-120.30076445247786,48.518023507206827],[-120.30086890895667,48.518101986725178],[-120.3009735048895,48.518176613405195],[-120.30107848708886,48.518247564183376],[-120.30118405290466,48.518314970294163],[-120.30131798462399,48.518395509413502],[-120.3014582517946,48.518474963591821],[-120.3016049570561,48.518553390685682],[-120.30175823186008,48.518630862225152],[-120.30191817940631,48.518707430329997],[-120.30208504306491,48.518783216181632],[-120.30225905683808,48.518858323837307],[-120.30244053681908,48.518932890693982],[-120.30262777272134,48.519006273306104],[-120.30282319552065,48.519079479405299],[-120.30302743155779,48.519152743514162],[-120.30324144397704,48.519226412297023],[-120.30346521688135,48.519300505440697],[-120.30370196406673,48.519376110660005],[-120.30395443172247,48.519454108365281],[-120.30422921724723,48.519536539617079],[-120.30433714818891,48.519567302349628],[-120.30444857910179,48.519596705186167],[-120.30456374754691,48.519624811177835],[-120.30468296899144,48.519651698673954],[-120.3048064433913,48.519677415791115],[-120.30493483362983,48.519702105116309],[-120.30520912156457,48.519748921446059],[-120.30608624141352,48.520265308113501],[-120.30665236373316,48.520830482450194],[-120.30794512358463,48.52130971995129],[-120.30916952571727,48.521693723225241],[-120.31015826703633,48.522205401877955],[-120.31245351172657,48.522657082467262],[-120.31472895935001,48.523335558771187],[-120.31710051468397,48.522991989941637],[-120.3195154604453,48.522039283657428],[-120.32310030060836,48.521531835981627],[-120.32531298389992,48.521945292101677],[-120.32893070408612,48.523733688219529],[-120.32954729733238,48.524240451416425],[-120.33022494089086,48.524797380102079],[-120.33023788162252,48.52480801480425],[-120.33078071615667,48.525254140492066],[-120.33450198441557,48.528312242155366],[-120.33465018455075,48.528443560391494],[-120.33481916338765,48.52858318238458],[-120.33517001278362,48.528861722932803],[-120.33531525091863,48.528979768669238],[-120.33546137885325,48.529104910715894],[-120.33558389104714,48.529218470207461],[-120.33582525300727,48.529451009389184],[-120.3360695024941,48.529682125771046],[-120.33631663693015,48.529911819794243],[-120.33656666055778,48.530140091628262],[-120.33681956882381,48.530366940186099],[-120.33707536501316,48.530592366746014],[-120.3373340475036,48.530816370639528],[-120.33759561760434,48.531038951616637],[-120.33786007403158,48.531260109887562],[-120.33812741713722,48.531479846311257],[-120.33839764788964,48.531698159758278],[-120.33867076370792,48.531915050668495],[-120.33894676849181,48.532130518330803],[-120.3392256583633,48.532344563415037],[-120.33950743592514,48.532557185439977],[-120.33979210023038,48.53276838549376],[-120.34427038756876,48.535253725716359],[-120.34430341543002,48.535350342514988],[-120.34433899601736,48.53544616215909],[-120.34437712736539,48.535541183118049],[-120.34441781145948,48.53563540691664],[-120.34446478348805,48.535732335255496],[-120.34451897884101,48.535829185882115],[-120.34458051138631,48.535926160258335],[-120.34464954141613,48.536023515476195],[-120.34472617344893,48.536121418021693],[-120.34481079060443,48.53622037191338],[-120.34490377017264,48.536320823025036],[-120.34500571915592,48.536423428178686],[-120.3450974202036,48.536510526047117],[-120.34519658018706,48.536600386273072],[-120.34530419406958,48.536693913338176],[-120.34542225344599,48.536792841704006],[-120.3456526279336,48.536978381604307],[-120.3462520520293,48.537448715562441],[-120.34642029320871,48.537585941369116],[-120.34656724941924,48.537710915651346],[-120.34672421499842,48.537852152684685],[-120.34686346051662,48.537986996077606],[-120.34698753743329,48.538117923486467],[-120.34709767218615,48.538246241682216],[-120.34721785664014,48.538400092833754],[-120.34733538840747,48.538562553101912],[-120.34745118319449,48.538734881138161],[-120.34756675057469,48.538919316971743],[-120.34768530906506,48.539121172274868],[-120.34781008183097,48.539346132731126],[-120.34793744693191,48.53958618162055],[-120.34829225220217,48.540269667045166],[-120.34840660421099,48.540480638947606],[-120.34851317434079,48.540668486621634],[-120.34864258615411,48.540883311615737],[-120.34877096778436,48.541081149638728],[-120.34890088918762,48.541265952683631],[-120.34903373715434,48.541439671601303],[-120.3491269536206,48.541553621914026],[-120.34922746115413,48.541671099020924],[-120.34933615912855,48.541793154038722],[-120.34945476051759,48.541921717499832],[-120.34970571028447,48.54218285903773],[-120.35021818285524,48.542698931930666],[-120.35043081808718,48.542917110821008],[-120.35064704997596,48.543148291044929],[-120.35074294060703,48.543255447585338],[-120.35083235466951,48.543358832218679],[-120.35105134067328,48.543619854099582],[-120.35126482684623,48.543880635789385],[-120.35147276934001,48.544141124967631],[-120.35167513050989,48.544401271029088],[-120.35187186916042,48.544661024938058],[-120.35206295561044,48.544920345945904],[-120.35224835915898,48.545179190666161],[-120.35242804950643,48.545437520337273],[-120.35260198486479,48.545695270055212],[-120.35277015753428,48.545952430860872],[-120.35293254539442,48.546208967234321],[-120.35308912897999,48.54646484694063],[-120.35323988555271,48.546720036446814],[-120.35338480061796,48.54697450920937],[-120.35352385702517,48.547228235398002],[-120.35365703898289,48.547481188698107],[-120.35381841019978,48.5478016750506],[-120.3539728797232,48.548123902878856],[-120.35412044650538,48.548447873321933],[-120.35426111141096,48.54877358529896],[-120.35439487338989,48.549101039947018],[-120.35452173330457,48.549430236183341],[-120.35464168976294,48.549761174263871],[-120.35475474430467,48.550093854862048],[-120.35656089569588,48.553173304339857],[-120.3569317089281,48.553365787448541],[-120.35730396273318,48.553556713952915],[-120.35767765416387,48.553746083419625],[-120.35805278450246,48.553933895603279],[-120.35842935373421,48.554120150488828],[-120.35880736218417,48.554304848940241],[-120.35918680820099,48.554487990293737],[-120.3595676943625,48.554669574073465],[-120.3599500193567,48.554849600494684],[-120.36033378221117,48.555028070651694],[-120.36071898516346,48.555204983189512],[-120.36110562560417,48.555380338553775],[-120.36149370611035,48.555554136268476],[-120.36188322441205,48.555726377658317],[-120.36227418144939,48.555897061598657],[-120.36266657720546,48.556066188074169],[-120.36309489947088,48.556245921787777],[-120.36354744212832,48.556428611686137],[-120.36402900337654,48.556616204532034],[-120.36454923679126,48.556812462610701],[-120.36500195899046,48.556979016732768],[-120.36550903514767,48.55716212433736],[-120.36714414791265,48.557742462976947],[-120.36771686696915,48.557947478533322],[-120.36825249584433,48.558142625160627],[-120.36873528957793,48.558322654033439],[-120.36917053588036,48.558489336093757],[-120.36957992667961,48.558650776651582],[-120.36996860830247,48.558809006430025],[-120.37033951183874,48.558965222890258],[-120.37050824520577,48.55903878906954],[-120.3706829232713,48.559117368585689],[-120.3710583460055,48.55929330153873],[-120.37143129165088,48.559475120718119],[-120.37241485726973,48.559963490931352],[-120.37271022695909,48.560105714051716],[-120.3729777298868,48.560230269127018],[-120.37328556141516,48.560367142834217],[-120.37357731818281,48.560489213702823],[-120.37385866098236,48.560598845439863],[-120.37399636886009,48.56064936356897],[-120.37413252092345,48.560697170510025],[-120.37429355037574,48.56074921221019],[-120.37446211141216,48.560797403370337],[-120.37463854152109,48.560841838978881],[-120.37482328515704,48.560882632584793],[-120.37501663036294,48.560919858835781],[-120.37521952983629,48.56095370908686],[-120.3754328663191,48.560984333570843],[-120.37565799542747,48.56101192621324],[-120.37585467120908,48.561032642625804],[-120.37606225490494,48.561051597848021],[-120.37628279629045,48.561068981698789],[-120.37652034709899,48.561085114702969],[-120.37697327841039,48.561110519767837],[-120.37811133178288,48.561165446386433],[-120.37842976786281,48.561184373939575],[-120.37871282252615,48.561204622217247],[-120.37902206836682,48.561231831882935],[-120.37930586282091,48.561262911985779],[-120.37956949936117,48.561298444359757],[-120.37969462113612,48.56131799829793],[-120.37981565651349,48.561338800273461],[-120.37995700971527,48.561365704883606],[-120.38009303307784,48.561394558751189],[-120.38022400104593,48.561425419256963],[-120.38035012747966,48.561458337642222],[-120.38047164267155,48.561493375378717],[-120.3805886580822,48.561530566212703],[-120.38070131559203,48.561569954452459],[-120.38080972515202,48.561611580687952],[-120.38091413236175,48.561655545944788],[-120.38101446826295,48.561701829612822],[-120.38111081053579,48.561750467684156],[-120.38120322478547,48.561801493600001],[-120.38129177763705,48.561854943438355],[-120.38137651054552,48.561910845538783],[-120.38145747246942,48.561969229724767],[-120.38153470029191,48.562030123268855],[-120.38172988583439,48.562195564435861],[-120.38181062440988,48.562268089186354],[-120.38188363560536,48.562336923061373],[-120.38195082255172,48.5624039289847],[-120.38201176220851,48.562468765970451],[-120.38206684827948,48.562531849753874],[-120.38211629308634,48.562593428201964],[-120.38215702085118,48.562651047378793],[-120.38219393356383,48.562712703983451],[-120.38222736012321,48.562778939906366],[-120.38225781770512,48.562850772795422],[-120.38228377989444,48.562923119571209],[-120.38230879175971,48.563004316922246],[-120.3823910330109,48.563321547382053],[-120.382431291126,48.56345483901886],[-120.38245744220342,48.563525978909183],[-120.38248558987681,48.563591354674365],[-120.38251628768536,48.563652246202956],[-120.38254986061473,48.563709289090703],[-120.38259761324758,48.563781515328479],[-120.38265043598605,48.563855750659229],[-120.38270867440684,48.56393248326868],[-120.38277296234304,48.564012552211246],[-120.38291962604345,48.564183114849669],[-120.38312269128994,48.564404974085633],[-120.38323730462039,48.564521401616396],[-120.38336515539754,48.564638209981332],[-120.38350724843048,48.564756326325153],[-120.38366548426447,48.564877334028139],[-120.38384107525528,48.565002295255788],[-120.38404188207289,48.565136904751562],[-120.38425864753152,48.565275930292302],[-120.38487539508657,48.565663205540282],[-120.38506164400978,48.5657850972812],[-120.38522429775433,48.565896486878522],[-120.38540524189807,48.566028389917413],[-120.38548782410247,48.566092339707652],[-120.38556575342703,48.566155419253363],[-120.38563945208737,48.566217978152146],[-120.38570904291957,48.566280126100928],[-120.38577471911613,48.566342036388477],[-120.38583662375763,48.566403842358291],[-120.38594191272061,48.56651756047988],[-120.3860441659177,48.566638965076642],[-120.3861442327117,48.566769057966269],[-120.38624353057982,48.566909674806695],[-120.38634042632549,48.567057888976294],[-120.38644205743996,48.567224039557502],[-120.38654407033111,48.567399539852431],[-120.38682426080607,48.567893748108759],[-120.38691414914791,48.568044918492113],[-120.38699811288959,48.568179214442686],[-120.38710004736647,48.568331845707007],[-120.38720145413758,48.568471765218234],[-120.38730434495402,48.568601745838322],[-120.38740981139469,48.568723146529869],[-120.38763038574641,48.568961729071312],[-120.3878272552646,48.569166963161734],[-120.38801416973274,48.569353163531382],[-120.38819501701032,48.569524132678325],[-120.38837516876751,48.569684759379122],[-120.38855396921177,48.569834262931863],[-120.38873279012732,48.569973788023503],[-120.38891250650866,48.570104012406077],[-120.38906181414558,48.57020534283938],[-120.38922308745487,48.570309501163116],[-120.38939788015624,48.570417496352569],[-120.38958973915487,48.570531525654353],[-120.38970038662863,48.570594053979967],[-120.38981579154466,48.570655131814867],[-120.38993615935135,48.57071486730014],[-120.39006175116285,48.570773390620538],[-120.3901927532704,48.57083079265162],[-120.39032968649133,48.570887308654385],[-120.39047303653737,48.57094313691077],[-120.39062350933816,48.570998553976949],[-120.39077288455545,48.571050784527323],[-120.39093053206902,48.571103335215327],[-120.39109789642944,48.571156693211556],[-120.39127772385453,48.57121173238334],[-120.39164385264175,48.571318489888704],[-120.39236790942276,48.571521335061171],[-120.39266768818794,48.571607193999604],[-120.39297759749341,48.571700210375354],[-120.39325135724101,48.571787936834681],[-120.39340957791985,48.571841815583724],[-120.39355967180715,48.571895566209704],[-120.39370269455256,48.571949566572975],[-120.39383932705303,48.572004075158823],[-120.39397030851934,48.572059393633296],[-120.39409585723521,48.572115620359931],[-120.39421631700493,48.572172909357882],[-120.39433194690109,48.572231385557743],[-120.39466767149644,48.572407471760677],[-120.39491184793629,48.572538775842936],[-120.39512939347219,48.572660204893126],[-120.39532419806784,48.572774161998566],[-120.39550813049601,48.572887906393575],[-120.39567663878287,48.57299898750459],[-120.39583167037011,48.573108690064942],[-120.39597428122505,48.573217768669302],[-120.39610143816171,48.573321802703568],[-120.39622509724032,48.573428344024521],[-120.39634476255235,48.573536964081761],[-120.39645996888612,48.573647242017074],[-120.39657025745851,48.573758734216078],[-120.3966752588213,48.573871066674705],[-120.39677460974585,48.573983849246972],[-120.39686798710542,48.574096716597808],[-120.39691486189307,48.574158348153851],[-120.39695887960171,48.574222567523428],[-120.39700013394896,48.574289509317431],[-120.39703873539982,48.574359354967484],[-120.39707475551043,48.574432217657254],[-120.39710839553463,48.574508488178246],[-120.39713981778615,48.574588524786051],[-120.39716923981692,48.574672889207143],[-120.3972127416329,48.574818508823014],[-120.39725363624217,48.574983289502569],[-120.39728758850524,48.575141942545642],[-120.39736195595961,48.575516846660449],[-120.39740326687993,48.575700421950145],[-120.39744926010337,48.575869584463632],[-120.39749973550309,48.576019486422084],[-120.39752662574834,48.576087547060524],[-120.39755515309774,48.576152650638363],[-120.39758543879282,48.576215074387989],[-120.39761758053339,48.57627501328313],[-120.39765169190804,48.576332678263604],[-120.39768782765226,48.576388149793729],[-120.39772605769336,48.57644154040176],[-120.39776644693191,48.576492935320879],[-120.39786354249541,48.576603752756881],[-120.3979714613059,48.576713327504351],[-120.39809042359664,48.57682188440026],[-120.39822074796398,48.576929712526265],[-120.39836262724623,48.577036994605749],[-120.39851679278732,48.57714430146023],[-120.39868395546162,48.577252129558339],[-120.39886525415197,48.57736121774775],[-120.3990167869983,48.57744739584161],[-120.39917895779996,48.577535567335907],[-120.39935329213972,48.577626563895734],[-120.39954278417379,48.577721951892627],[-120.39992092332068,48.577904657714789],[-120.40064425162593,48.578243079799158],[-120.4009325543898,48.578380143997784],[-120.40122514793721,48.578524193759442],[-120.4014799337852,48.57865612360176],[-120.40245337198655,48.579180449791707],[-120.40281800863845,48.579374792800579],[-120.40321614808411,48.579581983330378],[-120.40357697058751,48.579763247403037],[-120.40376807546917,48.579856151545215],[-120.40395372825841,48.579944071146883],[-120.40413500526431,48.580027515656418],[-120.40431263730549,48.580106822028441],[-120.40448744405943,48.580182348987954],[-120.40465969779775,48.580254212520359],[-120.40482981326656,48.580322585005057],[-120.40499811501739,48.580387595673251],[-120.40526495776663,48.58048556989668],[-120.40554050114059,48.580580866633731],[-120.40582514077951,48.580673623082276],[-120.40611937980681,48.580764003349692],[-120.4064235829634,48.58085212569268],[-120.40673871441923,48.580938274178109],[-120.40706566282486,48.581022691803916],[-120.40740568910789,48.581105705644283],[-120.40774712814749,48.581184716106904],[-120.40810417577691,48.581263243182363],[-120.40847937994937,48.581341850896465],[-120.40887724068089,48.58142148214597],[-120.4092883951012,48.581500451565532],[-120.40973895362667,48.581583943049296],[-120.41023755292159,48.581673680473067],[-120.41091939755181,48.581793996883334],[-120.41098882107633,48.581807723939107],[-120.41106700340349,48.581826123798081],[-120.41139630273776,48.58191352323032],[-120.41146741825173,48.581929550923959],[-120.41153177778703,48.581941655249103],[-120.41161535996204,48.581952815345247],[-120.41169211116551,48.581957207761128],[-120.41176356877729,48.581954917769593],[-120.41398604982565,48.583179431431738],[-120.41404471058601,48.583262867858707],[-120.4141095002709,48.583340034286401],[-120.41416816766478,48.583400386303182],[-120.41423416030926,48.58346134641959],[-120.41430809696392,48.583523491397003],[-120.41439122543233,48.583587876140662],[-120.41447299176376,48.583647211834403],[-120.41456660540068,48.58371183185173],[-120.41492385764231,48.583946940255579],[-120.41506872228585,48.584045984510048],[-120.41514404405308,48.584100531362104],[-120.41521212044863,48.584152551105795],[-120.41527425846266,48.584203043951653],[-120.41533109174547,48.584252528575412],[-120.41557740455768,48.584477671098746],[-120.41576144858576,48.58465330827994],[-120.41592055853066,48.584815081161139],[-120.41605788779033,48.584966575292682],[-120.41612138177017,48.585041969258178],[-120.41618027927295,48.585115957342339],[-120.41508124692704,48.586210252733991],[-120.41466868595462,48.587285835662406],[-120.41505324280534,48.588463924975194],[-120.41585014859378,48.588947941250304],[-120.41605027073713,48.589069487839275],[-120.41616506080759,48.589123282867853],[-120.41627060299342,48.589167165551956],[-120.41639249550357,48.589213508581381],[-120.41682472475472,48.589364303325929],[-120.41698556785023,48.58942374895561],[-120.41710890195387,48.589470523741078],[-120.41723464205549,48.589515760205835],[-120.41736284841485,48.589559481443089],[-120.41749359139432,48.589601711566281],[-120.41762693576062,48.589642470986007],[-120.41776297801735,48.589681790437155],[-120.41790181364584,48.589719698017063],[-120.41804355212135,48.589756222149873],[-120.41818809385413,48.589791342028967],[-120.41833578850617,48.589825147621717],[-120.41848678896469,48.589857675596221],[-120.41864128033748,48.589888963460581],[-120.41896150178441,48.589947977497232],[-120.4192987224439,48.590002610576683],[-120.41958214692876,48.590043407658506],[-120.41988074092042,48.59008207239588],[-120.42019762320292,48.590119012555142],[-120.42053897898352,48.590154951558794],[-120.42083942037323,48.590183974305425],[-120.42117524991802,48.590214273511151],[-120.42229821384596,48.590308987182581],[-120.4227171180934,48.590345748124321],[-120.42313017842199,48.59038500911565],[-120.42350097877463,48.590424022806921],[-120.42388682958641,48.590469664401027],[-120.42424651341578,48.590518023111812],[-120.42458590510394,48.590569890960502],[-120.42490810660246,48.590625750289178],[-120.42606009879265,48.590840160634805],[-120.42699359465888,48.591018839692239],[-120.42783863505636,48.591186697285281],[-120.42861705003703,48.591348205381252],[-120.42899607868353,48.591429730118918],[-120.42936395616279,48.591510908009028],[-120.42972191302336,48.591592008601317],[-120.43007085374195,48.591673240169598],[-120.43041176580839,48.591754831901866],[-120.43074506551559,48.591836888248629],[-120.43107130793545,48.591919542499618],[-120.43139093264513,48.592002909044695],[-120.4317891374703,48.592106933788678],[-120.43271431327213,48.59234498411324],[-120.43315245469748,48.592460348120497],[-120.43364689210307,48.592596226030615],[-120.43387144841533,48.592660785493457],[-120.43408481688161,48.592724209523276],[-120.43431467140807,48.592795169032826],[-120.43453424681782,48.592865887560372],[-120.43474484965296,48.592936787389547],[-120.43494734624903,48.593008160597343],[-120.43514268185234,48.593080345342905],[-120.43533116081647,48.59315346128691],[-120.4355132414242,48.593227685242312],[-120.43568927369837,48.593303161621009],[-120.43578862801986,48.593348254980675],[-120.43589078584284,48.593397377706779],[-120.43599681161987,48.593451035585353],[-120.43610876418909,48.593510270527965],[-120.43631291780713,48.5936235205657],[-120.43679745471054,48.593900831756557],[-120.43692854750995,48.593973061157207],[-120.43704826805408,48.594036462121039],[-120.43717532696004,48.594100388931231],[-120.4372969348762,48.594157791049],[-120.43741508788879,48.594209605962433],[-120.43753087294796,48.594256308185614],[-120.43766528776332,48.5943063011714],[-120.43780463599143,48.594354603850832],[-120.43794916836281,48.594401301222383],[-120.43809920919718,48.5944464999424],[-120.43825498001121,48.594490270476079],[-120.4384171492499,48.594532805702855],[-120.43858633409788,48.594574270041065],[-120.43876345600417,48.594614886461258],[-120.43893222407897,48.594651276374968],[-120.43910988370902,48.594687487507727],[-120.439500697957,48.594761137765794],[-120.43988302587026,48.594827648410082],[-120.44078191922873,48.594977955087167],[-120.44112000221352,48.59503376043876],[-120.44147060650307,48.59508723096387],[-120.44183533781569,48.595138612319886],[-120.4422167011073,48.595188258661707],[-120.44261421897589,48.595236161901866],[-120.44303677833281,48.595283442735543],[-120.44349169250046,48.595330933632383],[-120.44399960995166,48.595380795769472],[-120.4445802177992,48.595432823789324],[-120.44516724432931,48.595478505228201],[-120.4457605844522,48.595517830511604],[-120.44636012105794,48.595550791268785],[-120.44696574392725,48.595577382600581],[-120.44757731156932,48.595597597664899],[-120.44819468706329,48.595611430686134],[-120.44881771955716,48.595618879313704],[-120.44944639289238,48.59561994162069],[-120.45008040034919,48.595614613913284],[-120.45071956184528,48.595602897179013],[-120.45136368370954,48.595584796710867],[-120.45201258230425,48.595560315075865],[-120.45266601459377,48.595529462615936],[-120.45332374470898,48.595492250279101],[-120.45398551698104,48.595448691608446],[-120.45424310158727,48.59543421572878],[-120.45453787613907,48.595424625387381],[-120.45482474647265,48.59541979557018],[-120.45552760612676,48.595412897547668],[-120.45588605349718,48.595404726618682],[-120.45606106279688,48.595397853308441],[-120.45622355933702,48.595389109723499],[-120.45637614651248,48.595378356802435],[-120.4565201888913,48.595365494072894],[-120.45669910398927,48.595345110965695],[-120.45686649860031,48.595320705968767],[-120.45702351676631,48.595292110797445],[-120.4571708805551,48.595259192004384],[-120.45730935340474,48.595221765525046],[-120.45743914741243,48.595179759721553],[-120.45756060411553,48.595133064830414],[-120.45767397125114,48.595081583116283],[-120.45773204324921,48.595051282424876],[-120.45778892721799,48.59501819444592],[-120.45784473354047,48.594982253439596],[-120.45789959956436,48.594943373818452],[-120.45795361880961,48.594901492849942],[-120.45800704064786,48.594856424136729],[-120.45806007908645,48.594807986648618],[-120.45811303557919,48.594755906688526],[-120.45820853061828,48.59465273169149],[-120.45830866189306,48.594532733927615],[-120.45840668599291,48.594405994235785],[-120.45867198197178,48.594050438028425],[-120.45875642363197,48.593944344902944],[-120.45883548695242,48.593851590140574],[-120.45893056834129,48.593749752496564],[-120.45902524776338,48.593659392804383],[-120.45912132428047,48.593578801028983],[-120.45917019735178,48.59354190799499],[-120.45921977027943,48.593507174003832],[-120.45928355976976,48.593465549735065],[-120.45935055256106,48.59342452419888],[-120.45942088285743,48.593384017998865],[-120.45949472220317,48.593343930039431],[-120.4596536369511,48.593264620139777],[-120.45982999792773,48.593185243242409],[-120.46000105908207,48.593114582330514],[-120.46019549098803,48.593039557779356],[-120.4603942040996,48.592966615166091],[-120.46092842797752,48.592775103079049],[-120.46108620008216,48.592716252179244],[-120.46122597566374,48.592661872723362],[-120.46138185134086,48.592597755226812],[-120.46152392137165,48.592535076771874],[-120.46165490747063,48.592472631933788],[-120.46177615022135,48.592409776513399],[-120.46194404261691,48.592314496768651],[-120.46211213080952,48.592210442854508],[-120.46228173695195,48.592096805576411],[-120.46245510093233,48.591972085679174],[-120.4626356922191,48.591833768461122],[-120.4628298528107,48.59167696577704],[-120.46303097119718,48.591507979405499],[-120.46359471157679,48.591025178342413],[-120.46377314576283,48.590878018285281],[-120.46393658163676,48.590748645161682],[-120.46413064894251,48.590603370353875],[-120.46431818997588,48.590472792883794],[-120.46441079353708,48.590412119317477],[-120.46450295276961,48.590354307926077],[-120.46459492235634,48.590299196726356],[-120.46468690251052,48.590246669167747],[-120.46508369982905,48.590027966937399],[-120.46540368324419,48.589857784690679],[-120.4656986461833,48.589708593613672],[-120.46583889717152,48.589640849635202],[-120.46597560206821,48.589577051279868],[-120.46611295237395,48.589515335974134],[-120.46624778504008,48.58945721832184],[-120.46638053326261,48.589402513890413],[-120.46651150859849,48.589351092845469],[-120.46664106123843,48.589302821277293],[-120.46676933338759,48.589257647500666],[-120.4668965167379,48.589215504420565],[-120.46702276748596,48.589176340673539],[-120.46738187611993,48.589069313663551],[-120.46762430144987,48.5890008105399],[-120.46784770797737,48.588943197222626],[-120.46805241692277,48.588896861067497],[-120.46815445209054,48.588876565724725],[-120.46825355415237,48.588858876482689],[-120.46835011220706,48.588843723915282],[-120.46844439678495,48.588831065392846],[-120.46853670681413,48.588820863556045],[-120.4686271498183,48.588813109561436],[-120.46871587844154,48.588807789333082],[-120.46880301358671,48.588804896338786],[-120.46889075649705,48.588804231380202],[-120.46898205254786,48.588805586524835],[-120.46907729187254,48.588808966397131],[-120.4691771072841,48.588814393405222],[-120.46939209360313,48.588831407628106],[-120.46964666983048,48.588858169043981],[-120.46979375148238,48.588876326770382],[-120.46994019565055,48.588897058746127],[-120.47008553364037,48.588920297299246],[-120.47022931914549,48.588945971704177],[-120.47037109718539,48.588973999626134],[-120.47051049524197,48.589004307512582],[-120.47064713246432,48.589036811080526],[-120.47078065960625,48.589071428866625],[-120.47086184690414,48.589096184654146],[-120.47094474590831,48.58912704402951],[-120.47103014461548,48.589164293073729],[-120.47111954174537,48.589208583527672],[-120.47119935382726,48.589252027154316],[-120.47128686219671,48.589303009249612],[-120.47158470413983,48.589487615540364],[-120.47170062132811,48.589556532170832],[-120.47182074369026,48.589621454682678],[-120.47187653655656,48.589648547718639],[-120.47193043695627,48.589672533788907],[-120.47199472991512,48.589698044896664],[-120.47205741607137,48.58971939611996],[-120.47211893309309,48.589736735858864],[-120.47217957623252,48.589750145821327],[-120.47223967951271,48.589759693276321],[-120.47229935433199,48.589765386536939],[-120.47235876820426,48.589767242698734],[-120.47241805423477,48.58976526526078],[-120.47252956812692,48.589754332793774],[-120.47265102999175,48.589735598104518],[-120.47278008545078,48.589709408999049],[-120.47291183304067,48.589676750240272],[-120.4729730746558,48.589658263867967],[-120.47303237909027,48.589636423783887],[-120.47308987397678,48.589611183712364],[-120.4731457128819,48.589582474890669],[-120.47320000104899,48.589550254099272],[-120.47325302465357,48.589514358414256],[-120.47330502529427,48.589474624408858],[-120.47335634816405,48.589430791214475],[-120.47339876935426,48.58939100371542],[-120.47344136518936,48.589347807979394],[-120.47352917976635,48.589249020075428],[-120.47361109208506,48.589147036320568],[-120.47381982518796,48.588874565914303],[-120.47388400536011,48.58879672078686],[-120.47394441492057,48.58872887617585],[-120.47401585078721,48.58865634054402],[-120.47408735540348,48.588592354106112],[-120.47416023416915,48.588535754297901],[-120.47423520594673,48.58848599266959],[-120.47432505499819,48.588432791594236],[-120.47442072508721,48.588379234717522],[-120.47452272131945,48.588325037306575],[-120.47463190247855,48.588269743406961],[-120.47487336757234,48.588154917716274],[-120.47517737255041,48.588019400259164],[-120.47539784115565,48.587925951953949],[-120.47562160795616,48.587836641214729],[-120.47584866970426,48.587751466726523],[-120.47607902806905,48.587670429116436],[-120.47631268437952,48.587593528132537],[-120.47654963573339,48.587520763338823],[-120.47678988414526,48.587452136241069],[-120.47703342896767,48.587387645061163],[-120.47728027057927,48.58732729065764],[-120.47753040772147,48.58727107324151],[-120.47778384302769,48.587218992329348],[-120.47804057524174,48.587171048132127],[-120.47830060276725,48.587127239982031],[-120.47856392858311,48.58708756827432],[-120.4788305501401,48.587052033451563],[-120.47910046878096,48.587020635261588],[-120.48383935174392,48.586904342690957],[-120.48616177700653,48.586865509137468],[-120.48810424057855,48.587377811885091],[-120.48985173648174,48.587898067466305],[-120.49186060096969,48.588479023889001],[-120.49356707966101,48.588791763107054],[-120.49477614505099,48.588844281819789],[-120.49595793286547,48.588928514590407],[-120.49754038257417,48.588543026315634],[-120.49768724470093,48.588546418196152],[-120.49783381211351,48.588523397145444],[-120.49787929906098,48.58851078242558],[-120.49792837751605,48.588499606100726],[-120.49798154333028,48.588489752311986],[-120.49803982441091,48.588481028932598],[-120.49814283752553,48.588469273109759],[-120.4983562132069,48.588450545538571],[-120.49844523183322,48.588441292811474],[-120.49848458029469,48.588435053495623],[-120.4986090806438,48.588410125119317],[-120.49864745625359,48.588406354961833],[-120.49868016067613,48.588407152112502],[-120.49907913381088,48.588408321192517],[-120.49916589575284,48.588397061156307],[-120.49928632168492,48.588385082465813],[-120.49940136852945,48.588377462794291],[-120.49951123870011,48.588374187609425],[-120.49973244385396,48.588374118514125],[-120.49995559296708,48.588378446631303],[-120.50018077687611,48.588387173587563],[-120.50040809427024,48.588400303365979],[-120.50063763407809,48.588417839813445],[-120.5008695338379,48.58843979406965],[-120.50110392262384,48.588466176906245],[-120.5013409504741,48.588497006627819],[-120.50158049011362,48.588532258977978],[-120.50182301088006,48.588571995777649],[-120.5020687138189,48.588616248773022],[-120.50231783958012,48.588665062371291],[-120.50257059031125,48.588718474699483],[-120.50282735045572,48.588776564623167],[-120.50308847326646,48.588839412820086],[-120.5033544068384,48.588907126255044],[-120.50359288347701,48.588970860765656],[-120.50383591476806,48.589038581419373],[-120.50408399524031,48.589110425418006],[-120.50433777326498,48.589186579543707],[-120.50459764964373,48.589267161084692],[-120.50486498854971,48.58935258513641],[-120.50514101810653,48.58944324504369],[-120.50542762032676,48.589539756607607],[-120.5058691185714,48.58969253259972],[-120.50635298127243,48.589864583430945],[-120.50688447512292,48.590057503554881],[-120.50840745055908,48.590615907898155],[-120.50888183818401,48.590786090772148],[-120.50930501107197,48.590934193405829],[-120.51051305165176,48.591347085793736],[-120.51086040592155,48.591469796687299],[-120.51116884539312,48.591582775930796],[-120.51148427455772,48.591703676807036],[-120.51177551837721,48.591821517209219],[-120.51204750702722,48.591938294158524],[-120.51230276989942,48.592055103739781],[-120.51247743287111,48.592141088455662],[-120.51265434627284,48.592234865742547],[-120.51283490915625,48.59233717156151],[-120.51302153165121,48.592449368578869],[-120.51321640161704,48.592572711614309],[-120.5134278380487,48.592712417545521],[-120.51364770407253,48.592862396573572],[-120.51426311283977,48.593288636067918],[-120.51445601658814,48.593418298398554],[-120.51463134868609,48.59353234800539],[-120.5148374866466,48.593660529528414],[-120.51503426479748,48.5937758808467],[-120.51522562983916,48.593880708130598],[-120.51541361928969,48.593976119142084],[-120.51555231887959,48.594041762500112],[-120.51569599668704,48.594106032514809],[-120.51584489292171,48.594169036625317],[-120.51599931198847,48.594230904632411],[-120.51615947592649,48.594291729361103],[-120.51632597699185,48.594351738604672],[-120.51649936003788,48.594411131028671],[-120.5166804074279,48.594470173750871],[-120.51686748797523,48.594528393228551],[-120.5170643626014,48.594587012054618],[-120.51727280255474,48.59464656044446],[-120.51749612731267,48.59470798926575],[-120.51795678302929,48.594829042863125],[-120.51887888706601,48.595062281347069],[-120.51926439314732,48.595161938845607],[-120.51966459320778,48.595270282175392],[-120.52001883451042,48.595372564219083],[-120.52022459937413,48.595435630653974],[-120.52042014285975,48.595498598641555],[-120.52060685169231,48.595561915857886],[-120.5207856195473,48.595625885955727],[-120.52095741983152,48.595690864127647],[-120.52112253850274,48.595756968466006],[-120.5212814315793,48.595824379712546],[-120.52143444185367,48.595893244333183],[-120.52161433215133,48.595979585455922],[-120.52179867957351,48.596073868034217],[-120.52198943615767,48.596177082537416],[-120.5221904104263,48.596291285264194],[-120.52236221212875,48.59639262714029],[-120.5225518589814,48.596507576129831],[-120.52315802376388,48.596884210467842],[-120.52337360535948,48.597016482237834],[-120.52357997577865,48.597139808789457],[-120.52376922263862,48.59724894215811],[-120.52394945778876,48.597348524969014],[-120.52412275593095,48.597439656402742],[-120.52429144009801,48.597523556670915],[-120.52445684716309,48.597600887236467],[-120.5246475488923,48.597685842857551],[-120.52484094492499,48.597769461914439],[-120.5250369657264,48.597851715468629],[-120.52523554271504,48.597932573471354],[-120.52543660212083,48.598012006801738],[-120.52564006689431,48.598089985045398],[-120.52584586162372,48.598166478435417],[-120.52605390372739,48.598241456607063],[-120.52626413193281,48.598314897605405],[-120.52647644466944,48.598386765061896],[-120.52669075252511,48.598457028894373],[-120.52690697100451,48.5985256609614],[-120.5271250104235,48.598592634050128],[-120.52734477583664,48.598657918128907],[-120.52756617591854,48.598721485338778],[-120.52778911251562,48.598783308102838],[-120.52801359735909,48.598843388071835],[-120.5282394243897,48.598901669967915],[-120.52846649381155,48.598958125569112],[-120.52869470494613,48.599012731511998],[-120.52892395513182,48.599065462908342],[-120.52915413945513,48.599116296213232],[-120.52938515395607,48.59916520677185],[-120.52961689017079,48.599212172615516],[-120.52984924878604,48.599257173899723],[-120.5300821184003,48.599300188242523],[-120.5303153886387,48.599341195899271],[-120.530548954998,48.599380177955588],[-120.53078270614753,48.599417115779275],[-120.53101653601647,48.599451993557949],[-120.53125033689406,48.599484794833252],[-120.5314840010691,48.599515503147657],[-120.53190772971152,48.599567952769689],[-120.53226562822877,48.59960903703422],[-120.53259320196796,48.599642823846189],[-120.53289793372136,48.599670031492664],[-120.53319072820987,48.599691515187587],[-120.53346930753997,48.599706976546749],[-120.53373603627023,48.599716545333592],[-120.53399232507385,48.59972027096331],[-120.53413926597581,48.599719025144864],[-120.53428875662563,48.599714346606213],[-120.53444107889219,48.599706225324077],[-120.53459659874714,48.599694642805744],[-120.53475556350598,48.599679585806562],[-120.53491869226626,48.599660991445838],[-120.53508663460525,48.599638785776172],[-120.53526033941726,48.599612844107448],[-120.53541936974112,48.599586705859139],[-120.5355850708882,48.599557314921398],[-120.53575902704935,48.599524389669043],[-120.53594425007269,48.599487363854578],[-120.53630665346473,48.599410536127564],[-120.53699674349322,48.599257647837156],[-120.53727816980603,48.599196669418312],[-120.5375704969297,48.599136401018903],[-120.53783338243396,48.599086149192438],[-120.53813391871091,48.599034767474741],[-120.53827665787256,48.59901308376265],[-120.53841538299015,48.598993915729835],[-120.53855083656883,48.598977164353734],[-120.53868324621868,48.598962804893951],[-120.53881297170985,48.598950799298244],[-120.53894028878183,48.598941121730988],[-120.539186324195,48.598925643172514],[-120.539433768046,48.598912332864565],[-120.53968251310883,48.598901196832522],[-120.53993244205216,48.598892240091089],[-120.54018344532625,48.598885466263205],[-120.54043540491544,48.598880878607467],[-120.54068820280411,48.598878480383569],[-120.54094172220076,48.598878270872596],[-120.54119584993532,48.598880251528719],[-120.54145045815609,48.598884421734212],[-120.54170542645041,48.598890778600691],[-120.54196063440537,48.598899319240779],[-120.54221595867192,48.598910040353559],[-120.54247127746684,48.598922935538241],[-120.54272646934923,48.598937999273943],[-120.54298141123861,48.598955225393972],[-120.54323595130241,48.598974601597845],[-120.54348999800064,48.598996120775475],[-120.54374343241167,48.599019773198208],[-120.54399613527039,48.599045548259234],[-120.54424798628391,48.59907343271643],[-120.54449886843753,48.59910341462183],[-120.54474866628178,48.59913547892755],[-120.54499726341241,48.599169611697661],[-120.54524453324488,48.599205794238372],[-120.54549037630642,48.599244013344617],[-120.54573468458351,48.599284251700091],[-120.54597734971908,48.599326491110425],[-120.54621826267007,48.599370711624523],[-120.54645732129299,48.599416896757155],[-120.54669442432436,48.599465025165372],[-120.54692947118482,48.599515077264599],[-120.54722547492732,48.599581381981857],[-120.54752028536056,48.599650986284047],[-120.54781390348001,48.599723889070575],[-120.54810632932691,48.599800090351764],[-120.54839756328465,48.599879591017007],[-120.54868760341125,48.599962389551443],[-120.54897645172895,48.600048487491179],[-120.5492641082773,48.600137884847108],[-120.55478664838846,48.601312474969383],[-120.55500971956371,48.601379365837737],[-120.55523356803219,48.60144223628577],[-120.55545819211447,48.601501085660225],[-120.5556835921134,48.601555914833213],[-120.55590976894297,48.601606722687336],[-120.55613672126555,48.601653509448624],[-120.55636445033737,48.601696274878762],[-120.55659295516313,48.60173502008292],[-120.55672072734254,48.601754479575284],[-120.55685027546878,48.601772131683262],[-120.55698164556337,48.601787984140174],[-120.55711488944654,48.601802041760422],[-120.55725005211097,48.601814309640574],[-120.55738720394974,48.601824793968724],[-120.55752640948292,48.601833500104313],[-120.55766774722711,48.601840433719893],[-120.5578111611825,48.601845593554785],[-120.5579568793331,48.601848991416396],[-120.55825566235761,48.601850508039931],[-120.55856506690542,48.601844989237819],[-120.55888652111827,48.601832411344347],[-120.55919925871679,48.601814223309745],[-120.55952631632373,48.601789685402153],[-120.55987055714596,48.601758586438443],[-120.56023750710705,48.601720430979356],[-120.56059227349837,48.601679562353439],[-120.56098705651453,48.601630598547217],[-120.56309812616099,48.60092659369203],[-120.56526524636274,48.600354992488903],[-120.56783499147616,48.600352935470525],[-120.57069557789443,48.600557191766342],[-120.5726386606344,48.599950483961635],[-120.57422428442516,48.599391266255964],[-120.57646685147907,48.598897622851077],[-120.57912707358082,48.598665215678842]]]},"properties":{"FID":0,"Event_ID":"WA4856812048820210708","irwinID":"46E71AE7-7787-48B3-B584-9D63F43FA071","Incid_Name":"CEDAR CREEK","Incid_Type":"Wildfire","Map_ID":10022517,"Map_Prog":"MTBS","Asmnt_Type":"Extended","BurnBndAc":58596,"BurnBndLat":"48.505","BurnBndLon":"-120.43","Ig_Date":1625702400000,"Pre_ID":"804502620210702","Post_ID":"904502620220729","Perim_ID":" ","dNBR_offst":-21,"dNBR_stdDv":29,"NoData_T":-970,"IncGreen_T":-150,"Low_T":20,"Mod_T":262,"High_T":525,"Comment":"Perimeter delineated by using the following images: 804502620210920_REFL.tif, B10UFU20210825_REFL_30.tif, 704502620210811_REFL.tif, A10UFU20210810_REFL_30.tif, B10UFU20210805_REFL_30.tif, 804502620210803_REFL.tif, B10UFU20210726_REFL_30.tif, A10UFU202107"}}]}