{"type":"FeatureCollection","features":[{"type":"Feature","id":0,"geometry":{"type":"Polygon","coordinates":[[[-120.087893342193,48.563806975602446],[-120.08780887380955,48.563776180552019],[-120.08717990016186,48.562253519393288],[-120.0872195561188,48.561710032848964],[-120.08747227302358,48.560559079638693],[-120.08702968868677,48.559530228885961],[-120.08542830938326,48.558704864947117],[-120.08354852150794,48.558833736446751],[-120.08221268600924,48.559466426495028],[-120.08209656488681,48.559521207317054],[-120.08198396607877,48.559581265125082],[-120.08187498772953,48.559646545146649],[-120.08176971798697,48.559716999059056],[-120.08166827192787,48.559792547526833],[-120.08157075910501,48.559873111246311],[-120.08147729441475,48.559958595894784],[-120.08138786231511,48.56004903331506],[-120.08130272700014,48.560144176240364],[-120.08122201358174,48.560243888189184],[-120.08114584819371,48.56034800997044],[-120.08107434697376,48.560456388842312],[-120.08100765963951,48.560568800453815],[-120.08094591582027,48.560685025858469],[-120.08088925189114,48.560804813007188],[-120.08083683521082,48.560930339598876],[-120.08078996999122,48.561058962158057],[-120.08074878131775,48.561190330168877],[-120.08071339251637,48.561324055872703],[-120.08068390499356,48.561459766623422],[-120.0806604265035,48.561596972251209],[-120.08064303970542,48.56173520388834],[-120.08063180824384,48.561873953758649],[-120.08062676937772,48.562012945900911],[-120.08062797024131,48.562151390045088],[-120.08063540591587,48.562288729424942],[-120.08064904505022,48.562424399708178],[-120.08066883230555,48.562557842648673],[-120.08069468470427,48.56268850015605],[-120.08072649537259,48.562815827720357],[-120.0807641343516,48.562939307412655],[-120.08081066796173,48.563074318019886],[-120.08082986924603,48.5631213308585],[-120.0808494988955,48.563162772865233],[-120.08087022276649,48.563198560003336],[-120.08089525320466,48.563233439988814],[-120.08092463287282,48.563267470106702],[-120.0809584205298,48.563300720775487],[-120.08099666100469,48.563333240449914],[-120.08103949243471,48.563365155082792],[-120.08108705825207,48.563396571859876],[-120.0811395787759,48.563427636102105],[-120.08119488667842,48.563457263774715],[-120.08125543107259,48.56348694662497],[-120.0813217557006,48.563516951564225],[-120.08139492955702,48.563547764031838],[-120.08154828258813,48.563607175243682],[-120.08185429046252,48.563717997523149],[-120.08197764082372,48.563764327877323],[-120.08210126805186,48.563814605047206],[-120.08220531503079,48.563862105766617],[-120.08226284541179,48.563891505458287],[-120.08231497862472,48.563920893214174],[-120.082362095824,48.563950483761303],[-120.08240442938421,48.563980425005269],[-120.08244220970091,48.564010888668207],[-120.08247549826923,48.56404193061131],[-120.08250438824474,48.564073642443624],[-120.08252894616426,48.564106093222136],[-120.08256095086217,48.564157452605905],[-120.08258889624811,48.564211765553779],[-120.08261282102488,48.564269111643263],[-120.08263277075655,48.564329599288399],[-120.0826487765069,48.564393295325203],[-120.08266090229513,48.56446043260312],[-120.08266918854565,48.564531229337838],[-120.08267367486754,48.564606021237367],[-120.0826744777203,48.564677783509886],[-120.08267217580716,48.564753722134476],[-120.08266674698618,48.56483451505504],[-120.08265810477039,48.564921549037734],[-120.08263639550501,48.565083737986427],[-120.08257511030621,48.565474022636906],[-120.08255746983812,48.565583570762328],[-120.08253461329794,48.56569495560089],[-120.08250650516297,48.565808356122652],[-120.08247308941301,48.565924002774281],[-120.08243432702103,48.566042054486388],[-120.08239007459082,48.566162958885734],[-120.0823401849419,48.566287121078176],[-120.08228442405932,48.566415128519402],[-120.08222659118039,48.566539155879191],[-120.08216290812064,48.566668098762179],[-120.08209281190595,48.566803104631084],[-120.08201517445954,48.566946346748495],[-120.08184793536954,48.56724030585913],[-120.08154645825375,48.567751217606286],[-120.0814502754499,48.567919662437106],[-120.08134137191017,48.568119495768478],[-120.08098544906652,48.568798471180891],[-120.08085647410509,48.569040469842371],[-120.08074524925595,48.569242771111391],[-120.08064122773011,48.56942492848134],[-120.08050327222782,48.569653950908702],[-120.08037037444014,48.569859200114927],[-120.08024044581475,48.570043898550864],[-120.08017626074218,48.570129014489154],[-120.08011244576723,48.570209505638644],[-120.08004043747152,48.570295305628747],[-120.07996868453451,48.570375437287133],[-120.0798970929574,48.570450002543211],[-120.07982558860336,48.570519079186347],[-120.07975408887488,48.570582744613652],[-120.07968255455026,48.570641033872761],[-120.07961093381064,48.570693988916823],[-120.07953918315738,48.570741640850663],[-120.07946719639546,48.570784052437823],[-120.07939500638491,48.570821197256748],[-120.07932258179495,48.570853091133962],[-120.0792498954783,48.570879746345575],[-120.07917691701965,48.570901173863888],[-120.07910362860088,48.570917377756402],[-120.07903000721224,48.570928363002167],[-120.07895603599768,48.570934132561632],[-120.0788794581283,48.570934006677085],[-120.07880056162759,48.570927187503251],[-120.07871915997107,48.570913658022576],[-120.07863501468191,48.57089338123329],[-120.07854795563792,48.570866325035041],[-120.07845752761564,48.570832359974851],[-120.0783633134304,48.570791329269333],[-120.07826470564393,48.570742969645316],[-120.07817387144344,48.570694155321775],[-120.07807829478899,48.570638987717032],[-120.07797700723739,48.570576911110024],[-120.07786823250994,48.57050683937959],[-120.07764499595218,48.57035506145521],[-120.07716629443286,48.570016043146715],[-120.07695240951674,48.569868233992842],[-120.07672693388865,48.569720357023982],[-120.07662231537407,48.569655501973585],[-120.07652148859535,48.569595685571912],[-120.07640266612462,48.569528962588009],[-120.07628747403693,48.569468563602747],[-120.07617524099231,48.569414137974199],[-120.07606552987471,48.569365473263673],[-120.07595785256984,48.569322361288386],[-120.07585206798848,48.569284755457033],[-120.07574794483709,48.569252572436845],[-120.07564531074031,48.569225759861801],[-120.075443317954,48.569181456478624],[-120.07522918427355,48.56914135731045],[-120.0750018985687,48.569105269858085],[-120.07475971306242,48.569072914965211],[-120.07450442047536,48.569044395708943],[-120.07422776107333,48.569018664305673],[-120.07392389753841,48.568995126513407],[-120.07356583768484,48.568971679727127],[-120.07343420504151,48.568965392873757],[-120.07329606855751,48.568962245871859],[-120.07314999302012,48.568962201401582],[-120.07299313946784,48.568965256296543],[-120.07270230731989,48.568977098974649],[-120.0720085870001,48.569015164315097],[-120.0718257035787,48.569022120667462],[-120.07166120435792,48.569025524254585],[-120.0714916649589,48.569025292725918],[-120.07133305404611,48.56902080680014],[-120.07118281668467,48.569011990977529],[-120.07103958541502,48.568998760409805],[-120.0709259525859,48.568983592009133],[-120.07080785882279,48.568962663883973],[-120.07068411080006,48.568935770470823],[-120.07055237630418,48.568902407539255],[-120.07043643924079,48.568869757472442],[-120.07030783533844,48.568830799141466],[-120.06987844499309,48.568692132468698],[-120.06971719802885,48.568642006884012],[-120.06955577959891,48.568595997743977],[-120.06941009776838,48.568559707546179],[-120.06932996387906,48.568542407306253],[-120.06925257897606,48.568527776187487],[-120.06917747367318,48.568515723810947],[-120.06910432574415,48.568506200630772],[-120.06903278118672,48.568499164553174],[-120.06896272021287,48.568494606554665],[-120.06889396482539,48.568492517497752],[-120.06882637672963,48.568492890666612],[-120.06874563193655,48.568495926012503],[-120.06866288160026,48.568501213251402],[-120.06857806528758,48.568508757348361],[-120.06849110078953,48.56851856427221],[-120.06840193223782,48.568530640064111],[-120.06831039988045,48.568545005235471],[-120.06811962251147,48.56858070329438],[-120.06792066557399,48.568625113442152],[-120.06770708033351,48.568679500289214],[-120.06747495630292,48.568744772280283],[-120.06720051631326,48.568827601505532],[-120.06704072895235,48.568879424753042],[-120.06688091571384,48.568936132052684],[-120.06672111733336,48.568997706867329],[-120.06656138589294,48.569064129731217],[-120.06640176602284,48.569135383425085],[-120.06624232139643,48.569211438940705],[-120.06608311631389,48.569292265282904],[-120.06592422055826,48.569377827679077],[-120.06576557860163,48.56946816215568],[-120.06560740977464,48.569563150442249],[-120.06544980473906,48.569662736269244],[-120.06529287127651,48.569766853793389],[-120.06513670096815,48.56987544189171],[-120.06498145633083,48.569988389448],[-120.06482728820205,48.570105587396036],[-120.06467437570448,48.57022689917865],[-120.06461787928608,48.57027709002368],[-120.06456043111986,48.57033708238167],[-120.06450433816141,48.570403189650833],[-120.06435438401262,48.570590591570976],[-120.06430554778819,48.570645202651448],[-120.06425895940944,48.570691401385403],[-120.06420068764183,48.570740440832886],[-120.06414095041228,48.570780943839019],[-120.0640785303646,48.570813726623633],[-120.06404609500363,48.570827338256557],[-120.06401274267715,48.570839139303338],[-120.06393478898457,48.570860461874496],[-120.06384211438737,48.570878779880644],[-120.06373861240472,48.570894032760911],[-120.06355865099744,48.570915795802364],[-120.06346361265973,48.570925919619711],[-120.06336775807121,48.570932885826508],[-120.0632710632094,48.570936696759297],[-120.0631734945844,48.570937351721291],[-120.06307502687625,48.570934853276789],[-120.06297561813558,48.570929200335335],[-120.06287522670378,48.570920388939392],[-120.06277380736439,48.570908416694124],[-120.06267140218766,48.570893292180649],[-120.06256786333992,48.570874998146024],[-120.06246312239526,48.570853522184819],[-120.06235710569074,48.570828849055069],[-120.06224974965782,48.570800964560604],[-120.06214092906727,48.570769838095828],[-120.06203053330482,48.570735437430372],[-120.06191841778124,48.570697717517447],[-120.06181451162931,48.570660369524951],[-120.06170888444548,48.57062015969764],[-120.06160136045891,48.57057701935522],[-120.06149170671422,48.570530856989805],[-120.06126508992962,48.570429080251024],[-120.06102540493312,48.570313205441266],[-120.0608152140654,48.57020579504362],[-120.06058442209554,48.570082979225795],[-120.05983482707222,48.569668644928953],[-120.05956905199373,48.569525174341216],[-120.05946891579731,48.569469928688449],[-120.05936982617752,48.569410425277091],[-120.05927157943155,48.569346544006265],[-120.05917391892262,48.569278116794329],[-120.05907668179647,48.569205039845436],[-120.0589793592152,48.569126941476505],[-120.05888151150201,48.569043467915741],[-120.05878248518606,48.568954064442295],[-120.05861680090777,48.568794086239315],[-120.05843894814774,48.568609788133017],[-120.05827184070691,48.568427820718874],[-120.0578702151201,48.567980238304649],[-120.05775851612525,48.567859460681873],[-120.05765641562107,48.567752492884416],[-120.05754391290159,48.567639375605552],[-120.05743593082859,48.567536233905834],[-120.05733056134005,48.567441247022984],[-120.05722676628878,48.567353487404468],[-120.05710789819349,48.56726030816904],[-120.05698914170087,48.567175124306992],[-120.05686978304114,48.56709742638126],[-120.05674931744649,48.56702688609198],[-120.05662716050546,48.566963176901716],[-120.05650309798348,48.566906198367988],[-120.05637681498094,48.566855807621252],[-120.05624805823493,48.56681190355242],[-120.05605474149995,48.566754588305841],[-120.05585733736559,48.566702306835523],[-120.05565584516913,48.566655061108335],[-120.05545026583454,48.566612849996297],[-120.05524059672567,48.566575673934061],[-120.05502684039637,48.566543532445841],[-120.05480899680268,48.566516425510997],[-120.05458706330272,48.566494353564032],[-120.05436104244461,48.566477316128953],[-120.05413093288058,48.566465313412586],[-120.05389673455907,48.566458345394018],[-120.05365844872438,48.566456411824824],[-120.05341607435878,48.566459513791443],[-120.05316961073339,48.566467649513136],[-120.05291905812464,48.566480819848692],[-120.05266441810494,48.566499025429287],[-120.04837990826979,48.565640717297157],[-120.04848431948038,48.565567385186689],[-120.04858591723202,48.565493056440289],[-120.04868470412569,48.56541773060993],[-120.04878067886874,48.565341407930042],[-120.048873841131,48.565264087527346],[-120.04896419158958,48.565185771168188],[-120.04905173087727,48.565106456871682],[-120.04913645674003,48.56502614597899],[-120.0492183717804,48.564944838041058],[-120.04929747470726,48.564862533291326],[-120.04937376649004,48.564779230628183],[-120.04944724521144,48.564694932271969],[-120.04951791280378,48.56460963601338],[-120.04958576831257,48.56452334296506],[-120.04965081174601,48.564436053132113],[-120.04971304311246,48.564347766519532],[-120.04988726011288,48.564093844546932],[-120.04993988900024,48.564010592456277],[-120.04998315345654,48.563935574601537],[-120.05002121623227,48.563860588152217],[-120.05005097847094,48.563790475669407],[-120.05007284503405,48.563724283797114],[-120.05008697264522,48.563661519466066],[-120.0500935970023,48.563595094482579],[-120.05009134020362,48.563527360633827],[-120.05008019892161,48.56345820023175],[-120.05006014660181,48.563387456478402],[-120.05003117235549,48.563315031782786],[-120.0499931601435,48.563240600107349],[-120.04994595982562,48.56316386579838],[-120.04988929783005,48.563084380241222],[-120.04983416372522,48.563015153484358],[-120.04977164996596,48.562943039506436],[-120.04970116174785,48.562867346561944],[-120.04962141057378,48.562786689723538],[-120.04946500812197,48.562637990435881],[-120.04909649063983,48.562301527732039],[-120.0490092800747,48.562218264307077],[-120.04893478178043,48.562143634016437],[-120.04878752631585,48.561996997919096],[-120.04862754202759,48.561847679236656],[-120.0484537412474,48.561694655828198],[-120.04826415350473,48.561536192016831],[-120.04806261579796,48.561375133364713],[-120.04783793005875,48.561202215183258],[-120.04758507112057,48.561013366756328],[-120.04724921245513,48.560767633706313],[-120.04703946584891,48.560612563775138],[-120.04657025921856,48.560259389441597],[-120.04636190137619,48.560106183294529],[-120.04611099035,48.559929583657478],[-120.04599375663477,48.559850969282415],[-120.04587998720061,48.559777443555454],[-120.04575332741035,48.559699064949001],[-120.04562898843561,48.559625917213843],[-120.04550623383413,48.559557565286816],[-120.04538455727965,48.559493730890757],[-120.04526338854407,48.559434120666118],[-120.04514253635676,48.559378647044007],[-120.04502170909346,48.559327177154437],[-120.04490068026684,48.559279614582081],[-120.04473717461102,48.559219749486843],[-120.04457533356269,48.559163910406859],[-120.04441536670326,48.559112171367559],[-120.04425744306903,48.559064587218977],[-120.04410174140784,48.559021209232249],[-120.04394835042716,48.55898206315991],[-120.04379738094276,48.558947174634483],[-120.04364892325201,48.558916566314878],[-120.0435567589907,48.558900075147911],[-120.04345951636972,48.558885280349372],[-120.04335620775134,48.558872028355168],[-120.04324488453217,48.558860067444868],[-120.04303383483109,48.55884213377135],[-120.0425024698975,48.55880483576604],[-120.04235349400663,48.558791294795576],[-120.04222046703562,48.558776260344459],[-120.04183397028068,48.558729643529738],[-120.04081450815707,48.558612322896941],[-120.04030873662329,48.558552536720221],[-120.03980281760228,48.558489697810408],[-120.03935545905335,48.558430342599173],[-120.03889766634909,48.558364287814783],[-120.03849638674217,48.558299965113861],[-120.0383157697371,48.558268266622818],[-120.03814827457865,48.558236836706605],[-120.03799372951468,48.558205642615036],[-120.03785202468453,48.55817466139883],[-120.03771530349324,48.558141923505396],[-120.03759292545341,48.558109385808891],[-120.03748483543256,48.558077034537277],[-120.03739099228365,48.558044856279338],[-120.03731136038684,48.558012837589594],[-120.0372459289581,48.557980975684792],[-120.03719468193414,48.55794926119323],[-120.03667465968174,48.557684453041652],[-120.03553947318726,48.557106374676273],[-120.03551282095488,48.557061130221072],[-120.03547891726356,48.557016065642308],[-120.03543778290937,48.556971206391403],[-120.03538944492965,48.556926583395501],[-120.03533392734251,48.55688221966205],[-120.03527128926696,48.556838164899467],[-120.03520159006919,48.556794462201324],[-120.03512491784271,48.556751164645043],[-120.03504084303566,48.556708071523317],[-120.0349499679311,48.556665527845936],[-120.03485247986991,48.556623621861839],[-120.03474866510585,48.556582476113832],[-120.03463858098667,48.556542128411706],[-120.03452308053168,48.556502902359298],[-120.03440291422434,48.556465055987687],[-120.03427957240591,48.556429059365016],[-120.03421298334585,48.556412100594137],[-120.03414541779925,48.556398325919396],[-120.0340768408753,48.556387727370726],[-120.03400721316231,48.556380299647472],[-120.03393649688162,48.556376038101313],[-120.03386463507832,48.556374938627926],[-120.03379157733011,48.556376999732841],[-120.03371726124215,48.556382224835097],[-120.03364174030635,48.556390601742947],[-120.03356481894515,48.556402144068592],[-120.03348641408446,48.556416866362653],[-120.0334064231819,48.556434786586699],[-120.03332475993939,48.55645592173304],[-120.0332412593563,48.556480314784906],[-120.03315576652197,48.556508009773125],[-120.03306808286445,48.556539070579682],[-120.03292482460304,48.556595081297893],[-120.03277429601849,48.556660154382428],[-120.0326148675005,48.556734987362873],[-120.03244331858853,48.556821087733105],[-120.03229360088838,48.556899968140073],[-120.03212621676388,48.556991210501018],[-120.03156818331229,48.557304744200593],[-120.0313598973039,48.557419790984376],[-120.03115559120423,48.557528560918946],[-120.03097092720648,48.55762182809589],[-120.03078342823294,48.557710154080937],[-120.03060691409183,48.557786137543374],[-120.03043872172398,48.55785092085987],[-120.03035728552554,48.55787929044206],[-120.03027741725495,48.557905049981471],[-120.02982508982501,48.558046673726878],[-120.02883961750304,48.558360338798749],[-120.02840227361162,48.558498022213968],[-120.02794008910861,48.558640136645451],[-120.02752364960945,48.558763812513206],[-120.02706687970507,48.558893206613924],[-120.02663777084099,48.559007440619013],[-120.02643104190177,48.559059553969945],[-120.02622888570802,48.559108491358167],[-120.02603081467011,48.559154371995632],[-120.02583645427605,48.559197281207155],[-120.02562844755462,48.559240753512832],[-120.02542411889985,48.559280852717997],[-120.02522316957781,48.559317637732619],[-120.02502535532192,48.559351154170912],[-120.02483041523909,48.55938144398673],[-120.02463820947787,48.559408528872865],[-120.02444857251857,48.559432432200452],[-120.02426136186789,48.559453172368237],[-120.02407626185418,48.559470778390697],[-120.02389335138848,48.559485239277336],[-120.02371252946541,48.559496562404419],[-120.02353370286647,48.559504753784033],[-120.02335677933513,48.559509818320578],[-120.02318169387098,48.55951175614485],[-120.02300837791452,48.559510568949214],[-120.02283677035814,48.559506256182061],[-120.02261749771873,48.559497319187592],[-120.02239811313206,48.559485598741354],[-120.0221791394446,48.559471122497435],[-120.02196105955767,48.559453922291979],[-120.0217443779384,48.559434039328288],[-120.02152946338622,48.559411507594355],[-120.02131671015977,48.559386369762755],[-120.02110647315648,48.559358666952903],[-120.02089941579771,48.559328494204109],[-120.02069549941369,48.559295851735598],[-120.02049500578997,48.559260785025437],[-120.02029818321262,48.559223338848199],[-120.02010529139827,48.559183562548178],[-120.01991651188375,48.559141492877956],[-120.01973203801457,48.559097175786299],[-120.01955204223832,48.55905064961788],[-120.01926046304023,48.558968672701816],[-120.01897255884246,48.558879985654649],[-120.01868833068249,48.558784587398954],[-120.01840777829763,48.558682477084993],[-120.01607596721657,48.559502969340379],[-120.01351355941465,48.56012729885272],[-120.0115281211573,48.560088124401908],[-120.00940939229953,48.560107403690367],[-120.00692525223357,48.560120287987253],[-120.00526292101615,48.560657247061435],[-120.00623691098274,48.561717195976307],[-120.00666200852747,48.562697426981387],[-120.00772853935079,48.563319339936484],[-120.0087731603612,48.564156009964648],[-120.0101581401461,48.564933114902509],[-120.01054725113437,48.565954813687419],[-120.01105394844618,48.566604388338376],[-120.01135362258528,48.567255042088952],[-120.00983224413028,48.56734551792578],[-120.00739170093703,48.566928876360961],[-120.00538095763889,48.5668236975282],[-120.00518181183278,48.567526476197969],[-120.00600845826577,48.568471634093648],[-120.00821690843854,48.568823457703758],[-120.01011013449163,48.569300726963505],[-120.01213915761569,48.569834497316506],[-120.01248820947569,48.570642321859822],[-120.01315498409546,48.571439674940059],[-120.01416693294289,48.57259849106979],[-120.01498578073911,48.572841889619362],[-120.01710793346231,48.573038448694803],[-120.01722782237627,48.573022647952413],[-120.01746040140932,48.572996439176436],[-120.01807351977713,48.572934934006021],[-120.01825083988884,48.572913729008086],[-120.01840792533048,48.572891630756772],[-120.01857985011378,48.572862451554663],[-120.01873638203747,48.572829836340965],[-120.01888037930355,48.572793185318943],[-120.01901325559683,48.572752130900852],[-120.01915564610448,48.572702573553556],[-120.01929909007193,48.572650264369713],[-120.01944350552701,48.572595231774365],[-120.0195887937068,48.572537514641809],[-120.01973487071398,48.572477143612367],[-120.01988159963962,48.572414177380608],[-120.02002885262024,48.572348669303743],[-120.02017647918211,48.572280686084561],[-120.02035468133488,48.572196030448033],[-120.02052466533443,48.572112809545018],[-120.02068729335745,48.572030600254742],[-120.02084309341876,48.571949134635965],[-120.02099264414798,48.571868106783157],[-120.02113607089423,48.57178744220964],[-120.02127361474133,48.57170700674056],[-120.02140544788955,48.571626699848593],[-120.02153210655975,48.571546177048255],[-120.02165327518441,48.571465624081405],[-120.02176904510287,48.57138497897941],[-120.02187948860239,48.571304191556273],[-120.02198468018742,48.5712232065436],[-120.02208465437683,48.571141998200986],[-120.02217945079578,48.571060532383996],[-120.02226910295673,48.570978780711094],[-120.02233456956374,48.570912680544559],[-120.02239699003631,48.570840345917375],[-120.0224570075919,48.570761040944369],[-120.02251577225385,48.570673252024058],[-120.02256377801919,48.570593914691422],[-120.02261409864097,48.57050394717669],[-120.02277268809138,48.570197894039659],[-120.02283429079374,48.570084352449001],[-120.02290022519496,48.569973806098986],[-120.02296534384092,48.569877439311107],[-120.02300362408562,48.569826662699363],[-120.02304277115269,48.569778956725571],[-120.02308301624242,48.569734037792266],[-120.02312452760235,48.569691718742817],[-120.02316750459156,48.569651803218171],[-120.02321202194342,48.569614229320273],[-120.02325819010187,48.569578901676877],[-120.02330610193096,48.569545751460403],[-120.02341225563873,48.569479327080437],[-120.02352646757552,48.569414277549996],[-120.02364795815286,48.569351046294457],[-120.02377577121034,48.569290133003769],[-120.023908988016,48.56923198294588],[-120.02404623678535,48.569177204265124],[-120.02418619329012,48.56912632638528],[-120.02432741877374,48.569079872508922],[-120.02440718015528,48.569056070408067],[-120.02448969168161,48.569033543857117],[-120.02457499321825,48.569012281177017],[-120.02466314087896,48.568992269720731],[-120.02484819153251,48.568955948386488],[-120.02504557140522,48.568924436412502],[-120.02525489512065,48.568897728957239],[-120.0254792055009,48.568875376665325],[-120.02572100311724,48.568857113349651],[-120.02598777371078,48.568842367689669],[-120.02644867040051,48.568823027439748],[-120.02662726485279,48.568818279823304],[-120.0267909221607,48.568816203242442],[-120.02694908166228,48.568816807047916],[-120.02709792883446,48.568820223313907],[-120.02723890626878,48.568826483849563],[-120.02737279258687,48.568835625974991],[-120.0275043341327,48.568848145757705],[-120.02762938293311,48.568863827228427],[-120.02774828195751,48.568882716411949],[-120.02786126151796,48.5689048471462],[-120.02796856680069,48.568930274129436],[-120.02807027513069,48.568959018565913],[-120.02816650135871,48.568991112921474],[-120.02825733101805,48.569026585408729],[-120.02835426865748,48.569069755324378],[-120.02845130152457,48.569117534305704],[-120.02854735034506,48.569169390480425],[-120.02864125769611,48.569224699594713],[-120.02873188807153,48.56928279319434],[-120.02881809646576,48.569342941598286],[-120.02889882421103,48.569404401881982],[-120.028973123158,48.569466455881745],[-120.02900330627334,48.569494764767398],[-120.02903182328512,48.569525270971099],[-120.02905872652312,48.569558028221003],[-120.02908407636667,48.569593111363531],[-120.02910791203354,48.569630565159073],[-120.02913034738167,48.569670561158262],[-120.02917142186591,48.569758925536327],[-120.0292017670302,48.5698405107509],[-120.02923057430438,48.569934096947115],[-120.02930543329832,48.570231788109496],[-120.0293312748466,48.570325098851526],[-120.02935879116956,48.570407290514062],[-120.02938808981796,48.570476872395972],[-120.02942123978414,48.570538080711827],[-120.02945816742695,48.570590119207012],[-120.02949944629071,48.570633791369438],[-120.02952184184056,48.570652621640392],[-120.02954547066997,48.570669503104391],[-120.02958672415753,48.570693937679231],[-120.02963128339526,48.570715273844996],[-120.02967915688335,48.570733515740599],[-120.02973035605265,48.570748667929919],[-120.02978489199775,48.570760734096808],[-120.02984278297383,48.570769718548071],[-120.02990404622882,48.570775622950492],[-120.02996870520865,48.570778450701042],[-120.03003672904084,48.570778204384524],[-120.03010819904576,48.570774886647634],[-120.03018315097701,48.570768496853262],[-120.03026162996595,48.570759029905247],[-120.03034367109329,48.570746483406289],[-120.03042935679908,48.570730844786098],[-120.03051875976418,48.570712101305865],[-120.0306119785877,48.570690231931785],[-120.03079060834673,48.570642660231684],[-120.03098311110845,48.570584506807982],[-120.03119086599361,48.570515361062796],[-120.03141685896119,48.570434232429939],[-120.03160939914324,48.570361333127231],[-120.03182218590311,48.570277723972616],[-120.03260486844599,48.569958755967292],[-120.0328956049137,48.569844277803789],[-120.03300857114424,48.569798660474824],[-120.03313144665832,48.569743783622258],[-120.03324942350423,48.569687394569115],[-120.03354444551884,48.569541980552266],[-120.03370658243061,48.569467239607931],[-120.03379330150368,48.569430739193884],[-120.03387594163587,48.569398831917361],[-120.03395601627554,48.569370932569996],[-120.03403432806043,48.569346767258089],[-120.03423575200537,48.569292216897033],[-120.03443537289105,48.569245102019053],[-120.03463157709704,48.569205802946342],[-120.0348232934078,48.569174531771672],[-120.03491701786315,48.569161975176094],[-120.0350093211046,48.569151466021545],[-120.03510012064683,48.569143013130649],[-120.03518935251316,48.569136623022303],[-120.03527694652787,48.56913230048545],[-120.03536285914781,48.569130047520865],[-120.03544704192869,48.569129864171856],[-120.03552945392293,48.56913175198445],[-120.0356559355466,48.569138193394387],[-120.03578379093655,48.569148477328589],[-120.03591164650221,48.569162491485756],[-120.03603819040435,48.56918009303822],[-120.03616203827976,48.569201083344026],[-120.03628220734267,48.569225289156627],[-120.03639766561989,48.569252502669798],[-120.03650755287734,48.569282519783819],[-120.03659308637771,48.56930912133263],[-120.03667907882395,48.569338858405445],[-120.03676521872191,48.56937162224596],[-120.03685116344985,48.569407284207287],[-120.03693659115419,48.569445712004651],[-120.03702108308516,48.569486718989168],[-120.03710424712376,48.569530115724291],[-120.03718567459262,48.569575687513982],[-120.03726509555375,48.569623292979422],[-120.03734194517985,48.569672602101193],[-120.03741581848742,48.569723355418091],[-120.03748631944475,48.569775280636087],[-120.03755306817746,48.569828096997917],[-120.03761572262943,48.569881532139263],[-120.03767396025759,48.569935314031461],[-120.03772749499558,48.569989175518678],[-120.03777759564902,48.57004587748979],[-120.03782376998413,48.570106315353065],[-120.03786605630327,48.570170538725733],[-120.03790449798473,48.570238614170691],[-120.03793912545203,48.570310585175427],[-120.03797001559062,48.570386602546861],[-120.03799722467487,48.570466806622605],[-120.0380208267344,48.570551409725361],[-120.03804025567749,48.570637485603307],[-120.03805648281872,48.570728296913856],[-120.03806959721619,48.570824338712811],[-120.03807973291423,48.57092655813986],[-120.03808679026741,48.571031817673166],[-120.03809142467249,48.57114696392216],[-120.03809482012787,48.571451671820419],[-120.03809348019412,48.571501612033934],[-120.03808908813771,48.571551792255377],[-120.03808164325302,48.571602236074682],[-120.03807114228221,48.571652971283662],[-120.03805757865588,48.571704020621588],[-120.03804094338435,48.571755422271195],[-120.03802122676265,48.571807208908005],[-120.03799841268311,48.57185942183866],[-120.03797252218277,48.571912025458801],[-120.03794350176096,48.571965144600114],[-120.03787594045863,48.572073156970305],[-120.03779541531446,48.572183966298383],[-120.03770137131589,48.57229833627482],[-120.03761557340103,48.572393365913761],[-120.0375198251342,48.572492126045141],[-120.03741314912651,48.572595634595665],[-120.03729348997989,48.572705884988892],[-120.03706053425473,48.572909298564937],[-120.03648317897014,48.57339621662463],[-120.03633419632192,48.573527377286574],[-120.0362054575168,48.57364605475648],[-120.03607730776815,48.573771689863406],[-120.03596560829939,48.573890321098609],[-120.03586850012066,48.574003930065707],[-120.03578508228986,48.574113582369293],[-120.03574533670999,48.574171694552028],[-120.03570935917227,48.574228988923629],[-120.03567709478752,48.574285553955853],[-120.03564850344156,48.574341462389661],[-120.03562354347368,48.574396793807715],[-120.03560219912742,48.574451590399441],[-120.03558444795098,48.574505905852725],[-120.0355702774546,48.57455978366152],[-120.03555966537714,48.574613321599209],[-120.03555262222937,48.574666499991139],[-120.03554914384959,48.574719351484411],[-120.03554922737416,48.574771908498597],[-120.03555287412554,48.574824199903361],[-120.03556008634503,48.574876249713711],[-120.03557086593825,48.574928081064456],[-120.03558521870544,48.574979716407853],[-120.03561865217624,48.575081667943856],[-120.03565009932673,48.575166602222986],[-120.03568253779736,48.575242538961248],[-120.03571662419591,48.575310866005267],[-120.03573841743351,48.57534816677574],[-120.03576335009139,48.575385248951861],[-120.03579147151017,48.575422187434896],[-120.0358228526929,48.57545907398282],[-120.03585753761205,48.575495969417432],[-120.0358956903389,48.575533053390004],[-120.03598312999836,48.575608479360262],[-120.0360711381481,48.57567556380787],[-120.03617502047517,48.57574782674255],[-120.03628273192214,48.575818123429222],[-120.03656966574017,48.575999956069474],[-120.03665165944929,48.576054431972246],[-120.03672287428115,48.576104241098584],[-120.03679966153771,48.576161860425941],[-120.03686699587898,48.576217284212454],[-120.03692615909391,48.576271574897731],[-120.03697775545778,48.576325289362792],[-120.0370276377885,48.576385168313251],[-120.03707297784615,48.576448294976878],[-120.03711387311742,48.576514801537698],[-120.03715043200201,48.576584863326396],[-120.03718272575661,48.576658594592118],[-120.037210933846,48.576736378815298],[-120.03723518730406,48.576818574166786],[-120.03725565300248,48.576905738120182],[-120.03726954064135,48.576980293745031],[-120.03728118683402,48.577059198802111],[-120.03729829887155,48.57723406603732],[-120.03730715728562,48.57740508211743],[-120.03732010687908,48.577823949264449],[-120.0373266700845,48.577937276496797],[-120.03733541672125,48.578038286268836],[-120.03734874390383,48.578145216813326],[-120.03736581417223,48.578243774366953],[-120.03738692662948,48.578335665702156],[-120.03741229070212,48.578421774079018],[-120.03744640131795,48.578513163518579],[-120.03748646212691,48.578598644213052],[-120.03753270101672,48.578678704736483],[-120.03758530946746,48.57875366919162],[-120.03764453764487,48.578823873929046],[-120.03771049841474,48.578889429649031],[-120.03778335170372,48.578950494191282],[-120.03786323877674,48.57900718735943],[-120.03799079698996,48.579094107234603],[-120.03803070175489,48.579115957982289],[-120.03806776890826,48.57913122872408],[-120.0381129274557,48.579142464722054],[-120.03816282175438,48.579147218916205],[-120.03821795464611,48.579145549647386],[-120.03827938669323,48.579137426933961],[-120.03832958864484,48.579127211594979],[-120.038385909471,48.579113026369392],[-120.03862544435619,48.579041090103935],[-120.03867970845836,48.579026509386956],[-120.03872729791331,48.579015683300895],[-120.03885653914909,48.578986630930913],[-120.0389894345309,48.578951155603569],[-120.03912733545043,48.578908904136334],[-120.0392728593942,48.578859077160793],[-120.03939966231654,48.578812004273495],[-120.03953960581546,48.57875699185827],[-120.04000242450361,48.578565465829747],[-120.04017572451296,48.578495881831401],[-120.04034956728657,48.578430601403646],[-120.04050794647804,48.578376750055227],[-120.04059494311021,48.578349963559688],[-120.04067953153374,48.578326065016398],[-120.0407622171294,48.578304912373817],[-120.04084334393013,48.578286416256418],[-120.0409233002851,48.57827049454275],[-120.0410022182915,48.578257123151985],[-120.04108029596559,48.578246269269115],[-120.04115768852483,48.578237911332558],[-120.04135472212671,48.57822250601798],[-120.04155162232655,48.57821264076501],[-120.04174668271705,48.578208402425432],[-120.04193854809139,48.578209818200349],[-120.04212573286638,48.578216863982568],[-120.04230758811735,48.578229501431395],[-120.04248328580852,48.578247672901504],[-120.04265218415085,48.578271311583507],[-120.04286700988297,48.578302687251345],[-120.04296918047822,48.578320983791059],[-120.04301885882306,48.578332331167907],[-120.04306344008451,48.578344640225268],[-120.04310367738712,48.578358120700528],[-120.04313993059326,48.578372895409899],[-120.04318250629593,48.578394615710899],[-120.04322354822298,48.57842078970117],[-120.04326344991723,48.578451664780587],[-120.04330293868883,48.578487796912306],[-120.04333539832442,48.578521633908707],[-120.04336960920624,48.578560951406047],[-120.04347819994163,48.578697903070982],[-120.04351981225255,48.578747426091539],[-120.04355578813933,48.578790208099264],[-120.04358961164057,48.578834885240262],[-120.04362135410298,48.578881550154399],[-120.04365110323177,48.578930331103543],[-120.0436789123118,48.578981306056221],[-120.04370493741445,48.579034746187929],[-120.04375217092758,48.57915016735501],[-120.04378625852785,48.579253074970268],[-120.04381844586628,48.579369689075747],[-120.04384540346726,48.579482625429812],[-120.04390567069368,48.579754504976059],[-120.04394022591777,48.57989124623294],[-120.04398022588717,48.580020656521114],[-120.0440245666796,48.580134548074199],[-120.04405065757794,48.580190678727767],[-120.04407862001075,48.58024395618871],[-120.04410859799201,48.580294649048263],[-120.04414069879023,48.580342944094049],[-120.04417506230881,48.580389037415017],[-120.0442117427113,48.580432998372615],[-120.0442508250927,48.580474926580685],[-120.04429237832211,48.580514897272394],[-120.0443913971022,48.580602943585021],[-120.04448542102929,48.580681991336576],[-120.04457623060051,48.580753534679147],[-120.04466432828234,48.580817957749375],[-120.04475040597531,48.580875738220847],[-120.04483428687136,48.580926724951418],[-120.04491608495718,48.58097098808129],[-120.04499585844376,48.581008556832224],[-120.04506623539757,48.581035581471298],[-120.04514029775356,48.581057089963906],[-120.04521820607624,48.581073129263331],[-120.04530017261385,48.581083743836494],[-120.04538633885788,48.581088963325072],[-120.04547714038044,48.581088822159963],[-120.0455729814833,48.581083323638865],[-120.04567446929143,48.581072432697439],[-120.04576651833173,48.581058747927095],[-120.04586405398655,48.581040928562174],[-120.04596805250613,48.581018799747589],[-120.04608038390413,48.580991966157363],[-120.0463033407699,48.580932299468941],[-120.04674462716308,48.58080450270409],[-120.04692889751773,48.580753266093986],[-120.04711914685552,48.580705085620728],[-120.04728885085214,48.58066818468707],[-120.04738571246978,48.580650466285924],[-120.04747824578638,48.58063625884607],[-120.0475670433059,48.580625470740173],[-120.04765248926762,48.58061805622701],[-120.04773500452853,48.580613985676798],[-120.04781471203495,48.580613258201886],[-120.04789181083778,48.580615872718582],[-120.04796644998108,48.580621835029355],[-120.04833137294348,48.580654024401476],[-120.048456376689,48.580666450827394],[-120.04859383888694,48.580683772831108],[-120.04871145025253,48.580703546000521],[-120.04877034908682,48.580715965453244],[-120.04882470579413,48.580729443839097],[-120.04887477223772,48.580744045916539],[-120.04892070702925,48.580759817114412],[-120.04896266862339,48.580776816970001],[-120.04900069921275,48.580795065316103],[-120.04903486650727,48.580814594410619],[-120.04906521572052,48.580835432004967],[-120.04908867815151,48.580854715732912],[-120.04911055732728,48.580875912298318],[-120.04913088946492,48.580899058538101],[-120.04914972268909,48.580924207977461],[-120.04918306119093,48.580980733771575],[-120.04921112679507,48.581046422427576],[-120.04923097166782,48.581109239255575],[-120.04924843870229,48.581182039893896],[-120.04929027000527,48.581422229392736],[-120.04930684170712,48.581501842030441],[-120.04932015904951,48.581564990116334],[-120.04932994797196,48.581629465428435],[-120.049336225094,48.581695380523051],[-120.04933900484032,48.581762882136765],[-120.04933829590564,48.581832072949254],[-120.04933410062358,48.581903231366873],[-120.04932640547942,48.581976616043249],[-120.04931517219804,48.582052591359307],[-120.04928430801475,48.582203715776146],[-120.04923956060175,48.582371270714766],[-120.04918516613459,48.582544987933666],[-120.04906985912423,48.582884976986655],[-120.04902398529637,48.583026153689858],[-120.04898065748311,48.583173448131987],[-120.04894769352053,48.583305431240703],[-120.04893168737057,48.583382720232187],[-120.04891901998027,48.583456925040529],[-120.04890960324224,48.583528566171786],[-120.04890339406828,48.583597984445184],[-120.04890036443349,48.58366555652993],[-120.04890051472574,48.58373139595097],[-120.0489038468079,48.583795685444343],[-120.04891036719982,48.583858561868375],[-120.0489297359041,48.583980729207568],[-120.0489566839492,48.584108239215752],[-120.04899148116334,48.584242412420892],[-120.04903480143035,48.584385856957184],[-120.04907611435281,48.584509171026973],[-120.04912530991199,48.584646064097299],[-120.04930813186024,48.585124058468139],[-120.04937723044476,48.585312600530294],[-120.04944138079757,48.585509435840827],[-120.04957916488704,48.585974596433388],[-120.04961798110351,48.586092622452398],[-120.04965630532796,48.586198410313777],[-120.04970860341163,48.58632604691951],[-120.04976414962255,48.586443111485202],[-120.04982405321913,48.586551926480603],[-120.04988895203459,48.586653633388515],[-120.05004789436788,48.586883071576885],[-120.0501642237525,48.587040097416896],[-120.05022161691771,48.587112099388754],[-120.05027801292823,48.587178874312052],[-120.05033407363713,48.587241205546839],[-120.05039016918805,48.587299500428692],[-120.05044902588341,48.58735632939424],[-120.05050848535014,48.587409339771391],[-120.05056874484752,48.587458707272653],[-120.05062994692391,48.587504547728798],[-120.0506922585962,48.587546983008792],[-120.05075574012099,48.587586047609264],[-120.0508204780366,48.587621797706831],[-120.05088654336737,48.587654270604709],[-120.05097485015521,48.587693069658293],[-120.05106631394584,48.587729312881706],[-120.05116093473374,48.587763000267657],[-120.05125871217685,48.587794130928785],[-120.05135964823805,48.587822706389829],[-120.05146374093957,48.587848725110725],[-120.05157099027277,48.58787218708369],[-120.05168139819841,48.587893093833046],[-120.05468934940492,48.587246604019313],[-120.05486960627714,48.587198313539091],[-120.05504957874133,48.587152120189536],[-120.05522926715156,48.587108024850629],[-120.05540866989165,48.58706602686992],[-120.05558778731567,48.58702612712738],[-120.05576662073996,48.586988325395566],[-120.05594516951079,48.586952619914662],[-120.05612343335531,48.586919013552226],[-120.05630141291799,48.586887504321105],[-120.0564791069183,48.586858092449184],[-120.05665651700822,48.586830778589039],[-120.05683364157122,48.586805562088799],[-120.05701048192324,48.586782442721322],[-120.05718703745531,48.586761422474538],[-120.05736330847576,48.586742498481563],[-120.05753929437535,48.586725672730481],[-120.05771499646984,48.586710944994351],[-120.05789041444086,48.586698314393857],[-120.05806554734312,48.586687782037373],[-120.058240394858,48.586679347045795],[-120.05841495830107,48.586673009192253],[-120.05858923802542,48.586668769357615],[-120.05876323274971,48.586666627770484],[-120.05893694311752,48.58666658244438],[-120.05911036885519,48.586668636247772],[-120.05928350930787,48.58667278742189],[-120.05945636708906,48.58667903551261],[-120.05962893865646,48.586687382084023],[-120.05980122758601,48.586697825574554],[-120.05997323033516,48.586710367548314],[-120.06014495047978,48.586725006443842],[-120.06031638577559,48.58674174359777],[-120.06049890121767,48.586762143397266],[-120.06068369326368,48.58678567563198],[-120.06087067170286,48.586812328891561],[-120.06105973882504,48.586842090264675],[-120.06125080403866,48.586874943714705],[-120.06144373636707,48.586910869021381],[-120.06163841195183,48.586949842839196],[-120.06183468962899,48.586991836408707],[-120.06203261610693,48.587036863132447],[-120.06223183528307,48.587084846509953],[-120.06243216710484,48.587135743010705],[-120.06263341551147,48.587189503462724],[-120.06283539679852,48.587246078405926],[-120.06303784303826,48.587305393720044],[-120.0632404986586,48.587367374996965],[-120.06344307539882,48.587431934785727],[-120.06352037540211,48.587458812455303],[-120.06360032689855,48.587490058215664],[-120.06368365411974,48.587525950635161],[-120.06377171803349,48.587567075336686],[-120.06394588382771,48.58765580589268],[-120.0642762753486,48.5878355294657],[-120.06441078963994,48.587906254634632],[-120.06455150287479,48.587974681508548],[-120.06467827485751,48.588029166809719],[-120.06475335360578,48.588057395942769],[-120.06482581443709,48.588081341164987],[-120.06489618674841,48.588101177200656],[-120.06496482270985,48.588117002827772],[-120.06503211071046,48.588128899205891],[-120.06509817386664,48.588136880418034],[-120.06516320371075,48.588140969202769],[-120.06522734932769,48.58814117508873],[-120.06528496805791,48.588138306489789],[-120.06534425355311,48.588132793756188],[-120.0654052987075,48.588124626225841],[-120.06546823050842,48.588113788195869],[-120.065533123962,48.588100269324329],[-120.0656002438805,48.588084019408463],[-120.06566982863471,48.588064980677316],[-120.0657422406733,48.588043053882316],[-120.06587875023615,48.587996737805533],[-120.06603091203748,48.587939109468365],[-120.06616134894911,48.5878862441268],[-120.06656832380932,48.587716717878592],[-120.06664279856089,48.587685121079353],[-120.06671674571211,48.587649984393835],[-120.0667903085302,48.587611240446527],[-120.06686367059247,48.587568793198244],[-120.06693694857144,48.587522581815328],[-120.0670105044081,48.587472386028736],[-120.06708465195675,48.587417990247701],[-120.06715986098027,48.587359053895483],[-120.06728838270362,48.587250167380994],[-120.06742660740318,48.587123134101773],[-120.06755784349778,48.586995482572867],[-120.06787687604891,48.586676847627011],[-120.06796687860813,48.586590183161846],[-120.06804884537894,48.586514282740296],[-120.06814096762793,48.586433340345096],[-120.06822903381149,48.586361024691733],[-120.06831469383185,48.586295982679161],[-120.06839883118157,48.586237549551171],[-120.068499625885,48.586174975904235],[-120.06860008566383,48.586120833488145],[-120.06870089367141,48.586074752741602],[-120.06880252905363,48.586036519119567],[-120.06885385980284,48.586020272910893],[-120.06890554440861,48.586005939928896],[-120.06895762307725,48.58599350936548],[-120.06901013538879,48.585982972400252],[-120.06906311736442,48.585974321775751],[-120.06911659660916,48.585967553588659],[-120.06917060462315,48.585962663252239],[-120.06922516675098,48.58595964819844],[-120.06932996550786,48.585959147973583],[-120.06944870777096,48.585965207119578],[-120.06957483117608,48.585976631533327],[-120.06982825379509,48.586005148123654],[-120.06993454138478,48.586015799800762],[-120.07004464190993,48.586023877623845],[-120.07014210130404,48.586027177568539],[-120.07025147095713,48.586026174330819],[-120.07036192356297,48.586020853874523],[-120.07047366811227,48.586011204880243],[-120.07058697427966,48.585997204443736],[-120.07070202595835,48.585978837197281],[-120.07081933613861,48.585956028162578],[-120.07093936752491,48.585928686770863],[-120.07106279219683,48.58589666131121],[-120.07117655424634,48.585863928330141],[-120.07129457888773,48.585827031932027],[-120.07141799406401,48.585785621193949],[-120.07154891639571,48.585738988666449],[-120.0718060195691,48.585641293699702],[-120.07230044010495,48.585444016201265],[-120.07250474878182,48.585364540357546],[-120.07271846233344,48.58528597625282],[-120.07291191247393,48.585220710211146],[-120.0730254208806,48.585185641844205],[-120.0731352543838,48.585154313496375],[-120.07324216696799,48.585126512154147],[-120.07334665601513,48.585102107375199],[-120.07344927592351,48.585080976550124],[-120.07355019841961,48.585063090494927],[-120.07364969712083,48.585048400270345],[-120.07374797788916,48.585036875396078],[-120.07392688879162,48.585022223010697],[-120.07412538778119,48.585012832963194],[-120.07434941093274,48.585008165006442],[-120.07481835899669,48.585005901061727],[-120.0750201432149,48.585002883614209],[-120.07523165590676,48.584995063497672],[-120.07541971208224,48.584982026622676],[-120.07611597021037,48.5849258553543],[-120.07641869314141,48.584897915640042],[-120.07657742394254,48.584880545143953],[-120.07672448522649,48.584862116414556],[-120.07686247610516,48.584842303911287],[-120.07699268198461,48.584820918718819],[-120.07712770839397,48.584795464405417],[-120.07725538709428,48.584767765450657],[-120.07737635587497,48.584737685545733],[-120.07749103398862,48.584705118277661],[-120.07759986800905,48.584669930843411],[-120.07770299358893,48.584632072225581],[-120.07780062120509,48.584591466070478],[-120.07789290584621,48.584548046699489],[-120.07796865422019,48.584506190293723],[-120.07805296183675,48.584451946705215],[-120.0781339267169,48.584394668480776],[-120.07831127860783,48.584263665290941],[-120.07838979139511,48.584209611231486],[-120.07846170259911,48.584166919122659],[-120.07849340087481,48.584151375442474],[-120.07852280976677,48.584139419059021],[-120.07855829712004,48.584128531864877],[-120.07859214045939,48.584121996543715],[-120.07862434272475,48.584119813520601],[-120.07865491204849,48.584121982309476],[-120.0786838532934,48.584128501120276],[-120.07871117367488,48.584139374322262],[-120.07873688165935,48.584154602309681],[-120.07876098349877,48.584174190559828],[-120.07878347285589,48.584198126104418],[-120.07880437669557,48.584226432379602],[-120.07882370165045,48.584259119490362],[-120.07884145997444,48.584296205004826],[-120.07885765704715,48.584337703003541],[-120.07887230987414,48.584383647120397],[-120.07889702377899,48.58448903176668],[-120.0789140124842,48.584598841305422],[-120.0789262564759,48.584723900702265],[-120.07893384164032,48.58486500044912],[-120.07893686651937,48.58502397940682],[-120.0789330473709,48.585301799984286],[-120.07890831022294,48.585927838210274],[-120.07890462827504,48.586155750904638],[-120.0789036541227,48.586223607550437],[-120.07889941123379,48.586292880000194],[-120.07889189193737,48.586363711368065],[-120.07888107483753,48.586436292242098],[-120.07886694741626,48.586510742176188],[-120.07884944327893,48.586587453061476],[-120.07880392309697,48.586749247516828],[-120.07875574590969,48.586891930997609],[-120.078695464726,48.587050760579409],[-120.07863265899609,48.587204357734869],[-120.07847245525093,48.587583529234323],[-120.07839325540306,48.587783998783387],[-120.07835610299804,48.587887237061778],[-120.07832432670334,48.587983951301084],[-120.07829736643788,48.588075851829011],[-120.07827496400425,48.588163836451919],[-120.07825446034043,48.58826187088961],[-120.07823969304096,48.58835630370023],[-120.07823057576165,48.588447699278632],[-120.0782270725815,48.588536438540935],[-120.078229174101,48.588622942814816],[-120.07823689542467,48.588707353098883],[-120.07825025575987,48.588789879147903],[-120.07826928188288,48.588870685260844],[-120.07832894978407,48.589119641197172],[-120.07834675911755,48.589181627120908],[-120.07836557497544,48.589235916979277],[-120.07838988121384,48.589292603654279],[-120.07841723791869,48.589343259809382],[-120.07844810476941,48.589388729569691],[-120.07848275931472,48.58942941300981],[-120.07851553408726,48.589461325772433],[-120.07855267518116,48.589492939903536],[-120.07859408464532,48.58952417306778],[-120.07863963246342,48.589554927900913],[-120.07868920245996,48.589585121509344],[-120.0787425628464,48.589614607726574],[-120.07879947913226,48.589643258698786],[-120.07885965735633,48.589670925085969],[-120.07892342256292,48.589697717904329],[-120.07898974491739,48.589723168160745],[-120.07905814948325,48.58974709161275],[-120.07912807040206,48.589769290868297],[-120.07919897498005,48.589789593699187],[-120.07927009762771,48.589807776736954],[-120.07934072399311,48.589823656444842],[-120.07941009826862,48.589837064073073],[-120.07946087626773,48.58984492081256],[-120.07951350633341,48.589850847977296],[-120.07956809399982,48.589854857088802],[-120.07962477634409,48.589856958827525],[-120.07968363899529,48.589857159757543],[-120.07974498030465,48.589855464790325],[-120.07987632632248,48.589846343564957],[-120.07999181030844,48.58983339608146],[-120.08012136777279,48.589814887942786],[-120.08057240172289,48.589737519217657],[-120.08074444838813,48.589711382991069],[-120.08089272146648,48.58968988438496],[-120.08104260076496,48.589664877710945],[-120.0811943826625,48.589636315640767],[-120.08134844716324,48.589604126779683],[-120.08150504573332,48.589568262289525],[-120.08166493096009,48.589528556277472],[-120.08182877378073,48.589484843093096],[-120.0819975636698,48.589436858927314],[-120.08230216759266,48.58934359220337],[-120.08263719868758,48.589232963853853],[-120.08296901853645,48.589117596266028],[-120.08383913386341,48.58880788714275],[-120.08409809365713,48.588719175870729],[-120.08433208098653,48.588642333064634],[-120.08459890935383,48.58855971312785],[-120.08485069555466,48.58848768813543],[-120.0850922460362,48.588424888734096],[-120.08532603946489,48.588370677106958],[-120.08562806928332,48.588306932076897],[-120.08593628697193,48.588245545841389],[-120.08625093167623,48.588186469808917],[-120.08657229028879,48.588129649820097],[-120.0869006023371,48.588075041904482],[-120.08723633786556,48.588022567255138],[-120.08757993743922,48.587972156928757],[-120.08793195726324,48.587923729186734],[-120.08829066162269,48.587877491036302],[-120.08865912142376,48.587833016911297],[-120.08903827728912,48.587790194176876],[-120.08942944637829,48.587748873184303],[-120.0898332201234,48.587708980980246],[-120.09025284948348,48.587670186101192],[-120.09069121991595,48.587632219332512],[-120.09115342372233,48.587594640827817],[-120.09136669087603,48.5875791302701],[-120.09159008235775,48.587565452751868],[-120.09182595562004,48.587553461885101],[-120.09207899303648,48.587542917574261],[-120.0925442255738,48.587528092952503],[-120.09362994108899,48.587500617014314],[-120.09390574814412,48.587491665995394],[-120.09415496421207,48.58748178886507],[-120.09439807299754,48.587470029922692],[-120.09462715171824,48.587456607775572],[-120.0948454949652,48.587441327015647],[-120.09505492399202,48.587424059402679],[-120.0953636917959,48.587392852462159],[-120.09570668877446,48.587350995467979],[-120.09603280859757,48.587306432294355],[-120.0968052878076,48.587195633792525],[-120.09719207474998,48.587144679612095],[-120.09738004011729,48.587122584852317],[-120.09755735959445,48.587103855230481],[-120.09772680482386,48.587088199306585],[-120.09788988306629,48.587075479147003],[-120.09815079052834,48.587055550036098],[-120.09873087908241,48.587007235481586],[-120.09897210883366,48.586989127166298],[-120.09926397183575,48.586971645807616],[-120.09952426639569,48.586962090642416],[-120.09966376808487,48.586960001075923],[-120.09979760255344,48.58696035460801],[-120.09992657037134,48.586963154295717],[-120.10005120645701,48.586968411357638],[-120.10017209053763,48.586976156368195],[-120.10028940855497,48.586986404564094],[-120.10040344318899,48.586999181418157],[-120.10051440879555,48.58701451125809],[-120.10092436266807,48.587071118862639],[-120.10107605242401,48.587093853953576],[-120.10123712598774,48.587122385333991],[-120.10137444014001,48.587152602842266],[-120.10144240782398,48.587170533008845],[-120.10150495315582,48.587189412811604],[-120.10156236317248,48.587209329859718],[-120.10161481235451,48.587230345525413],[-120.10166248090276,48.5872525361371],[-120.10170541564423,48.587275926336481],[-120.10174368835821,48.587300558915878],[-120.10177735313061,48.587326466630017],[-120.10180833615334,48.587355349543564],[-120.10183678112612,48.587387405882396],[-120.10186269559769,48.58742264089588],[-120.10188608158663,48.587461059865745],[-120.10190694337095,48.587502666737642],[-120.1019252919577,48.587547483053839],[-120.10194113902627,48.587595532116097],[-120.10195449610991,48.587646851335727],[-120.10196523287324,48.587700658006646],[-120.10197358493843,48.587757778313296],[-120.10198321120895,48.587882557694158],[-120.10198361013647,48.588021782893129],[-120.10197482611891,48.588189788326339],[-120.101969103649,48.588241696849003],[-120.10195926014812,48.588293328373602],[-120.10194529166183,48.588344705187488],[-120.10192719332179,48.588395854432875],[-120.10190495468237,48.588446799536626],[-120.10187856380661,48.588497574515593],[-120.10184799995837,48.588548212114993],[-120.10181324442057,48.588598750358727],[-120.1017743273343,48.588649155779343],[-120.10173116530402,48.588699547242349],[-120.10168371859915,48.588749973034005],[-120.10163193104354,48.588800492779498],[-120.10157575800157,48.588851152808878],[-120.10151509622024,48.588902045427858],[-120.10144984658146,48.588953255642458],[-120.10137987510424,48.58900488960483],[-120.1012648384397,48.589083969162978],[-120.10113782157045,48.589164857172349],[-120.10099771581321,48.589248266623926],[-120.10084231962237,48.589335509017523],[-120.10068735563164,48.589418481061195],[-120.10051130437867,48.589509325642624],[-120.09984524774669,48.589841005498329],[-120.09957764064885,48.589978180934622],[-120.099437700153,48.590053184121835],[-120.09931136965422,48.590123826860463],[-120.099196128248,48.590191523748622],[-120.09909074354957,48.590257001108739],[-120.09886224081264,48.590402067784296],[-120.09863050592479,48.590546550518823],[-120.09839555791359,48.590690437500434],[-120.09815741292151,48.590833720240589],[-120.09791608930423,48.590976385167572],[-120.09767160936035,48.591118421772755],[-120.097423991783,48.591259817363913],[-120.09717325853546,48.591400560552493],[-120.09691942153134,48.591540642653669],[-120.09666251696916,48.591680046023235],[-120.09613960327553,48.591956757946058],[-120.09560473194273,48.592230583380655],[-120.09505814464013,48.592501397103824],[-120.09480887053185,48.592619458047224],[-120.09452633726471,48.592746646672147],[-120.094251789401,48.592865885266924],[-120.09358143449728,48.59315218510968],[-120.09323791157973,48.593303606590133],[-120.09306691363092,48.593381996857957],[-120.0929082132624,48.593457252117261],[-120.09275913102586,48.593530644717582],[-120.09261826643655,48.593602867519401],[-120.09242037932421,48.593707824942506],[-120.09222438935078,48.593814400963907],[-120.0920302948761,48.593922594941738],[-120.09183809752993,48.594032407537902],[-120.09164779697103,48.594143837882491],[-120.09145939353135,48.594256886865274],[-120.09127288590827,48.594371554724113],[-120.09108827539617,48.594487841240777],[-120.09090556165516,48.594605745545252],[-120.09072474371976,48.594725268754999],[-120.09054582384741,48.594846409544004],[-120.09036879977477,48.594969169257638],[-120.09019367149942,48.595093547905492],[-120.09002044161596,48.595219545041175],[-120.08984910718922,48.595347160250292],[-120.08967966951606,48.595476393314243],[-120.08512291548301,48.597826419506568],[-120.08490004013061,48.597934884646826],[-120.08468535357368,48.598047509089589],[-120.08447885841059,48.598164292422354],[-120.08428055238527,48.598285236022832],[-120.08409043483273,48.598410338172101],[-120.08390850903352,48.598539600213719],[-120.08373477206837,48.598673021762025],[-120.08356922525307,48.598810602626209],[-120.08348192661222,48.598890779627091],[-120.08339779934073,48.598977576211908],[-120.0833161147702,48.599071732448898],[-120.08323565080836,48.599174651499233],[-120.08315999487736,48.599280761290515],[-120.08308104654712,48.599400481142723],[-120.08300302019994,48.59952604735215],[-120.08279194938756,48.599875696825897],[-120.08272454482682,48.599981534858209],[-120.08266140342934,48.600075248670834],[-120.08258467275927,48.600181013477936],[-120.08250804887996,48.600277367397368],[-120.08243002048764,48.600366211251298],[-120.08234975877046,48.600448472605315],[-120.08224195379468,48.600548360224593],[-120.08212300183995,48.600649515613497],[-120.08199171178752,48.600752962745261],[-120.08184565522528,48.600860617795171],[-120.08171031702268,48.600955305864431],[-120.08155639511443,48.601058876171187],[-120.08100863605648,48.601414200932304],[-120.08079576436261,48.601555761984926],[-120.08058487926313,48.601703738092297],[-120.08049108425742,48.601773338653807],[-120.08040349810861,48.60184115487602],[-120.08028502252088,48.601936734800212],[-120.08016433628597,48.602037546429202],[-120.08004045782778,48.602144407971807],[-120.07991167257934,48.602258797679397],[-120.0796347850807,48.602513939767029],[-120.07906754737823,48.60305351162576],[-120.07881962973613,48.603284579908156],[-120.07868185080824,48.603409179664176],[-120.07855103485477,48.603524221769526],[-120.07842457069172,48.603631999986845],[-120.07830111927071,48.603733651575865],[-120.07817947537637,48.603830087500391],[-120.07805259791908,48.603926916635338],[-120.07792021903849,48.604024344636379],[-120.07778197628947,48.604122637881289],[-120.07763764039213,48.604221965206932],[-120.07748644131065,48.60432286448647],[-120.07732766452826,48.604425812206465],[-120.07716020415512,48.604531526272865],[-120.07686917175097,48.604709558381778],[-120.07653953413886,48.604904684936344],[-120.07621962665235,48.605089765864015],[-120.07544098937835,48.605535487820212],[-120.07504334101156,48.605767676669174],[-120.07484590813992,48.605885864441113],[-120.07466254932973,48.605998031082699],[-120.0744901841731,48.606106062496828],[-120.07432719968128,48.606210974038333],[-120.07415802386443,48.606323217133941],[-120.07399750747832,48.606433404897047],[-120.07384480364392,48.606542120639439],[-120.07369933826639,48.606649773062905],[-120.07356049753551,48.606756822899797],[-120.0734280720835,48.60686344022772],[-120.07330175712563,48.60696986819454],[-120.07318132278411,48.607076303005563],[-120.07258019631102,48.607617705543575],[-120.07240787153653,48.607775886243495],[-120.07225542579134,48.607918820857122],[-120.07210061826665,48.608067998394539],[-120.07195924804547,48.608208924335862],[-120.07182909117422,48.608343818768994],[-120.07170904578619,48.608473830821374],[-120.07159076765389,48.608608658433774],[-120.07148248870099,48.608739651544518],[-120.07138372905069,48.608867392921347],[-120.07129418322624,48.608992279817095],[-120.07121354206321,48.609114754258343],[-120.07114171828771,48.609234964902257],[-120.07107858158231,48.609353132739443],[-120.07102403811221,48.609469429169089],[-120.0709942692623,48.60954264580721],[-120.0709682693399,48.609616945994851],[-120.07094603068761,48.609692367698607],[-120.07092753655671,48.609768950479236],[-120.07091277962662,48.609846733182735],[-120.07090174727549,48.6099257734245],[-120.0708944333298,48.610006123933125],[-120.0708908317544,48.610087848679946],[-120.07089093672444,48.610170896110155],[-120.07089473958195,48.610255461167107],[-120.07090224399673,48.610341629593236],[-120.07091346166177,48.610429504502655],[-120.07092839884579,48.610519171182062],[-120.07094708264782,48.610610794830464],[-120.07096954392648,48.61070452872039],[-120.07099582934264,48.610800567483324],[-120.07104739274909,48.610963691208561],[-120.07110984527472,48.611134977374512],[-120.07118381744247,48.611316184856094],[-120.07127069879697,48.611510729043559],[-120.07135420933041,48.611685933635151],[-120.07145176242119,48.61188138022775],[-120.07181016401695,48.612570342884517],[-120.07194892962944,48.612844749545737],[-120.0720819534578,48.613125029228243],[-120.07213891664863,48.613253760536509],[-120.07219045309489,48.613376978994857],[-120.07224573778414,48.613519020610831],[-120.07229422861606,48.613655653006596],[-120.07233622699978,48.613787734094252],[-120.07237191560279,48.61391583275816],[-120.07240145763311,48.614040575756235],[-120.07242488901821,48.61416216241048],[-120.07244227040361,48.614280896626866],[-120.07245363491185,48.614397013900039],[-120.07246861498071,48.614629287475722],[-120.0724792946699,48.614855547478562],[-120.07248569855116,48.615076340744245],[-120.07248783791039,48.615292059634783],[-120.07248571410514,48.615503135813427],[-120.07247932258032,48.615709731561154],[-120.07246865696789,48.615912073327031],[-120.07245370573307,48.616110337762969],[-120.07244216190524,48.61621095251985],[-120.07242464450671,48.616316017746875],[-120.07240098939482,48.616426558469747],[-120.07237077531855,48.616544551845216],[-120.07233967863965,48.616651932926501],[-120.07230209238946,48.616771199541027],[-120.07215956330272,48.617191116205667],[-120.07210583644436,48.617357841713485],[-120.07205701131713,48.617529122662177],[-120.07202136969026,48.617682764876058],[-120.07200535534744,48.617771033535647],[-120.07199357321527,48.617855854840201],[-120.07198594280655,48.617937801592177],[-120.07198243136278,48.618017252308086],[-120.07198302582464,48.618094626181282],[-120.07198773888244,48.618170054320487],[-120.07199658183883,48.618243740378418],[-120.07200957256474,48.618315839907019],[-120.07206076040066,48.618591642677181],[-120.07208149694706,48.6186913333866],[-120.07210957431325,48.618799429796773],[-120.07214152646351,48.618893751824928],[-120.07216151581605,48.618941857883051],[-120.07218321564783,48.61898712406213],[-120.07220673618713,48.619029780796119],[-120.0722321622589,48.619069977527552],[-120.07225959831085,48.619107871525401],[-120.07228908169586,48.619143509758416],[-120.07232067380669,48.6191769622097],[-120.07235442411491,48.619208282173418],[-120.07238490682393,48.619232835215271],[-120.07241951331667,48.619257102624552],[-120.07245856698222,48.619281314072836],[-120.07250272044571,48.619305875297414],[-120.07259695343907,48.619352188489238],[-120.07279115970408,48.619438649345568],[-120.07287011833458,48.619475750908897],[-120.07294789101823,48.619516785358563],[-120.07301175899951,48.619556615101821],[-120.07309334390766,48.619614879747978],[-120.07317143399501,48.61967510097454],[-120.07324602993148,48.619737280548755],[-120.07331713137749,48.619801417597678],[-120.07338473996433,48.619867512780353],[-120.0734488550148,48.619935564343351],[-120.07350947589728,48.620005574280952],[-120.07356660260592,48.620077542599326],[-120.07362023446163,48.62015146754441],[-120.07367037342881,48.62022735065424],[-120.07371701820077,48.620305192162142],[-120.07376016939537,48.620384990085576],[-120.07379982637725,48.620466746417563],[-120.07383598880038,48.620550460282956],[-120.07386865795347,48.620636131458667],[-120.07389783286277,48.620723761056965],[-120.07504595968638,48.621655290130853],[-120.07511912947885,48.621753894699168],[-120.07519459239278,48.621850867982332],[-120.07527234939555,48.621946208866845],[-120.07535239919238,48.622039917574888],[-120.07543474308622,48.622131993872834],[-120.07551937978164,48.622222437982622],[-120.07560631058087,48.622311249670489],[-120.07569553452413,48.622398430038288],[-120.07578705094126,48.622483977319874],[-120.07588086276884,48.622567891933386],[-120.07597696644793,48.622650175436121],[-120.07607536390545,48.622730825605977],[-120.07617605581515,48.622809844196603],[-120.07627904054249,48.622887230549331],[-120.07638431938689,48.622962984429662],[-120.0764918907131,48.623037105178881],[-120.07654893878463,48.62307398442929],[-120.07660954991358,48.623110085671023],[-120.07667384611834,48.623145485154367],[-120.07674200074067,48.623180277358259],[-120.0768141209424,48.623214521418753],[-120.07689058034788,48.623248400632903],[-120.07705811689127,48.623315758521862],[-120.07721111965326,48.62337112505233],[-120.07738622175519,48.623429599537268],[-120.07755813583103,48.623483804700058],[-120.07798056743745,48.623613441732005],[-120.07819666750983,48.623683321264416],[-120.07830437316102,48.62372050360436],[-120.07840326369875,48.623756635776296],[-120.07849506376395,48.623792349590609],[-120.07858066127848,48.623827991678318],[-120.07867156756362,48.623868913127318],[-120.07875593420835,48.623910400419845],[-120.07883425012297,48.623952695520195],[-120.07890683543516,48.623995972340516],[-120.07897401877624,48.624040434287842],[-120.07903590623283,48.624086159478409],[-120.07909265020587,48.624133260159084],[-120.07914435990257,48.624181829860603],[-120.07919443600258,48.624235507005032],[-120.07924215519826,48.624293835350443],[-120.07928798140698,48.624357375810106],[-120.07933270868236,48.624427222965203],[-120.07937145830535,48.624494221803836],[-120.07941178382052,48.624569977536993],[-120.07955120206455,48.624854785797346],[-120.0796122146681,48.624971393989888],[-120.07964757751462,48.625032892887944],[-120.07968284795997,48.625089377704754],[-120.07971869743564,48.625141923206648],[-120.07975549413368,48.625191061078503],[-120.07981944636163,48.625268810925427],[-120.07989052580392,48.625348277860496],[-120.07996941710681,48.625430233848832],[-120.08005750748208,48.625516121083798],[-120.08014153306264,48.625594075823727],[-120.08023730790971,48.625679663036735],[-120.08058978002016,48.625983714484008],[-120.080729875438,48.626107771004371],[-120.08086909087625,48.626238342853043],[-120.08098680307577,48.626358486964499],[-120.08110072351694,48.626483212008502],[-120.08121349322123,48.626611659373836],[-120.08132529344857,48.626744034847611],[-120.08143634686192,48.626880601747139],[-120.08154681072715,48.627021546593959],[-120.08165708981188,48.627167380591423],[-120.08176753887234,48.627318571131802],[-120.08187864735112,48.627475789226828],[-120.08198544677468,48.627631633633079],[-120.08209410813862,48.627794747342726],[-120.0823213269242,48.628149313513859],[-120.08256142355265,48.628539899038685],[-120.08291782851087,48.62913487205401],[-120.08299749145004,48.629274378953191],[-120.08307262302969,48.629418784502469],[-120.08314337030795,48.629568371861339],[-120.08320991172765,48.629723513527033],[-120.08327236068297,48.629884455369897],[-120.08333103143754,48.630051968630873],[-120.08338617303984,48.630226762748791],[-120.08343812303171,48.630409909136461],[-120.08347984418432,48.630572273613716],[-120.08351990008487,48.630742900055743],[-120.08355868879052,48.630923456826935],[-120.08359690863966,48.631117191686123],[-120.08366325675088,48.631490043096754],[-120.08382199150488,48.632451490449341],[-120.08387327322995,48.632728777144131],[-120.08392430364287,48.632975960818833],[-120.08398920401466,48.633251256298578],[-120.08405877820496,48.633505166823461],[-120.08409576805019,48.633625763355901],[-120.08413436077744,48.63374254226504],[-120.08417465698275,48.633855817385175],[-120.08421674429826,48.633965828761632],[-120.08427124852997,48.634097352527469],[-120.08432873046382,48.634224542342039],[-120.0843893119378,48.634347666053102],[-120.0844530935441,48.634466932318894],[-120.08452019949566,48.634582564435341],[-120.08459069760426,48.634694674453868],[-120.08466467030068,48.634803398154986],[-120.08474219742632,48.634908846418682],[-120.08482347055107,48.635011266408881],[-120.08490845039402,48.635110588004117],[-120.08499720044753,48.635206890206511],[-120.08508978435287,48.63530023790576],[-120.08518627036871,48.635390700815549],[-120.08528670525421,48.635478321431819],[-120.08539114495653,48.635563148150581],[-120.08549964046814,48.635645223663353],[-120.08560017193555,48.635720789388785],[-120.08591351548283,48.635963555927368],[-120.08601651620425,48.636038089288057],[-120.08611075179171,48.636101259407674],[-120.08621612929377,48.63616480740837],[-120.08631720804547,48.63621760683742],[-120.08636671009755,48.636240278691176],[-120.0864156678925,48.636260530238744],[-120.08646419236953,48.636278408689776],[-120.08651236853802,48.636293944204411],[-120.08657259046215,48.636309777888087],[-120.08663534037514,48.636321987376249],[-120.08670075337518,48.636330599671084],[-120.08676901171697,48.636335638196378],[-120.08684023505485,48.636337118576833],[-120.08691478849383,48.636335056570687],[-120.08699301371199,48.636329442933835],[-120.08707541840258,48.636320242111182],[-120.08714874225325,48.636309624720482],[-120.08722612647253,48.636296308746537],[-120.08739692972989,48.636260890789465],[-120.08757037770677,48.636219105526351],[-120.08804679438109,48.636097096386848],[-120.08819048811525,48.636064002590942],[-120.08831917284158,48.636037939800239],[-120.08846303657822,48.636014190691327],[-120.08859636963214,48.635998636386276],[-120.08865990915848,48.63599383396469],[-120.08872156904522,48.635991000952572],[-120.08878150481762,48.635990130724267],[-120.08883983071404,48.63599122108095],[-120.08913445240341,48.636002397065646],[-120.08923499602476,48.636008226538635],[-120.08932413386707,48.636015228066356],[-120.08940964903968,48.636024209027497],[-120.08948706509757,48.636034927545339],[-120.08955729447047,48.636047510890819],[-120.08962078872558,48.636062041361754],[-120.08967311999896,48.636077091892595],[-120.08972536551533,48.636095238589618],[-120.0897774291515,48.636116447611066],[-120.08982920492178,48.636140677455167],[-120.08988059622449,48.636167882156471],[-120.08993146743965,48.636197993484579],[-120.08998169521901,48.636230935421494],[-120.09003114043422,48.636266619692911],[-120.09007979043434,48.63630504946066],[-120.09012736263377,48.636346015125959],[-120.09017370333392,48.63638938307799],[-120.09021864854213,48.636435003669611],[-120.09026205149142,48.636482725169955],[-120.09030373265642,48.636532353702911],[-120.09034352944772,48.636583696176658],[-120.090381280722,48.636636545159163],[-120.09041703730979,48.636691008180037],[-120.09152894189369,48.638279450796389],[-120.09161686599602,48.638407444576124],[-120.09170549669523,48.638543928779463],[-120.09179450611794,48.638688405014896],[-120.09188351641656,48.638840258759764],[-120.09197694772055,48.639007645229356],[-120.0920694006338,48.639181519919141],[-120.09216031564036,48.639360829693707],[-120.0922490702131,48.639544353102835],[-120.0923350955014,48.639730918436108],[-120.09241765498778,48.639918941082655],[-120.09249608603352,48.640106913615142],[-120.09256972826427,48.640293251195949],[-120.0926379787809,48.640476435901995],[-120.09270022401734,48.640654827713867],[-120.09275593563959,48.640826911576582],[-120.09280465799323,48.640991282699389],[-120.09284597993374,48.641146529415671],[-120.09287963358221,48.6412916290627],[-120.09290538137827,48.641425562107472],[-120.09292306353923,48.64154748694623],[-120.09294073492035,48.641733284700791],[-120.09295032178923,48.641921403787784],[-120.09295177124282,48.642110752843202],[-120.09294507587826,48.642300337694323],[-120.09293028172584,48.642489089988509],[-120.09290745201311,48.64267629803269],[-120.09287668420274,48.642861176506784],[-120.09283808983682,48.64304304937216],[-120.09279203920731,48.643220459853325],[-120.09273850461028,48.643393745233695],[-120.09267763779255,48.643562421507959],[-120.0926095833196,48.643726080120643],[-120.0925345265763,48.643884295961698],[-120.09245259131593,48.644036816264602],[-120.09236392955394,48.64418335700811],[-120.09226868353143,48.644323684720803],[-120.09220367412586,48.644411149602632],[-120.09213389182625,48.644499143926161],[-120.0920593404151,48.644587659504317],[-120.09198002887244,48.644676687237691],[-120.09189596261649,48.64476621959038],[-120.09180715062695,48.644856247461888],[-120.09171360222011,48.644946762631392],[-120.09161532603866,48.645037755117443],[-120.09151233332427,48.645129214482139],[-120.0914046337295,48.645221133383259],[-120.09129223849573,48.645313501381978],[-120.09117515857484,48.645406310907248],[-120.09105340520806,48.645499551519322],[-120.09092698708493,48.645593216982284],[-120.09079591159539,48.645687301287715],[-120.09066018131536,48.645781803967061],[-120.09047403334078,48.645907514937136],[-120.09030165258049,48.646019696509271],[-120.09013721042732,48.646122135228481],[-120.08997846550209,48.646216214217702],[-120.0898226337178,48.646303529194356],[-120.08966980790296,48.646383974668417],[-120.08951917659698,48.646457977575977],[-120.08937021010674,48.64652579520633],[-120.08922425557191,48.646586584546995],[-120.08906791977756,48.646645911853525],[-120.08889984342815,48.646704298239833],[-120.08871739912654,48.646762658205716],[-120.08853436564981,48.646817161919209],[-120.08832831959485,48.646874985124747],[-120.08766599834816,48.647050370863987],[-120.08741639303277,48.647114633041227],[-120.08716017310331,48.647176332421608],[-120.08689698216742,48.647235555906427],[-120.08662636925855,48.647292404166393],[-120.08634800224162,48.647346951387206],[-120.0860610325027,48.64739936798545],[-120.085764681409,48.647449797067161],[-120.08545785633207,48.647498423661112],[-120.08514976175306,48.64754395618148],[-120.08482887759868,48.647588255701457],[-120.08449303044601,48.647631625417063],[-120.08413847228137,48.647674547957699],[-120.08161458719256,48.647451096453104],[-120.08009481309698,48.647603137216606],[-120.07891170595211,48.647161809996561],[-120.07725093655901,48.647682029584253],[-120.07509783928478,48.648068905205996],[-120.07208855128518,48.650080345573777],[-120.07190918312565,48.650176360008693],[-120.07173500678081,48.650273355341959],[-120.07156602356584,48.650371331366294],[-120.07140223349668,48.650470288101552],[-120.07124363658981,48.650570225567115],[-120.07109023156256,48.65067114400965],[-120.07094201973197,48.650773043219523],[-120.07079899981633,48.650875923442293],[-120.07066117346997,48.650979785347275],[-120.07052854003894,48.651084627190841],[-120.07040109857935,48.651190450096877],[-120.07027885041059,48.651297253853009],[-120.07016179588936,48.651405039354195],[-120.07004993436358,48.651513804854481],[-120.06994326522764,48.651623552355616],[-120.06984178913004,48.651734279882739],[-120.06974550546609,48.651845989436438],[-120.06965441488533,48.651958679040781],[-120.06956851808366,48.652072350467378],[-120.06948781344853,48.652187003074857],[-120.06941230196739,48.652302635765551],[-120.06934198433747,48.652419250309578],[-120.06927686024744,48.652536845835968],[-120.06921692842313,48.652655422581155],[-120.06916218855413,48.65277497967309],[-120.06911264393892,48.652895518423932],[-120.06906829166871,48.653017038416138],[-120.06902913307063,48.653139539428189],[-120.0689951668728,48.653263021693803],[-120.06896639440325,48.65338748499034],[-120.06894281602723,48.65351293020268],[-120.06892442980151,48.653639355802454],[-120.06888505281887,48.653937851179826],[-120.06887732691288,48.654029359710684],[-120.06887462859609,48.654111109762233],[-120.06887733425464,48.654193577683628],[-120.06888604584157,48.654269942472247],[-120.06890089727919,48.654341327292244],[-120.06892201218035,48.654408305863505],[-120.068950752033,48.654477930723139],[-120.06898494311478,48.654547816281273],[-120.06902419802165,48.654617170222821],[-120.06906808177693,48.65468522453417],[-120.06911607244156,48.654751183243675],[-120.06916772900624,48.65481445124783],[-120.06922255857585,48.654874424693375],[-120.06928009976544,48.654930600321997],[-120.06935446191257,48.654993457205727],[-120.06944014972039,48.655055435228583],[-120.06953727556007,48.655116614223225],[-120.06964607117845,48.655177143249318],[-120.0697661881576,48.655236887081806],[-120.06989895470824,48.655296559505807],[-120.07004544801872,48.655356663802259],[-120.0702097122758,48.655418862307826],[-120.07028795800801,48.655445341001929],[-120.0703695488904,48.655468786942258],[-120.07045465190726,48.65548924879694],[-120.07054348814127,48.65550677889852],[-120.07063620229677,48.655521414793562],[-120.07073324888546,48.655533231755442],[-120.07083504633184,48.655542283208625],[-120.07094222638185,48.655548625564812],[-120.0710384544799,48.655551930030235],[-120.07113996853265,48.655553328370438],[-120.07136380609154,48.655550444897436],[-120.07159040514658,48.655541771955868],[-120.07219829579194,48.655511461255827],[-120.07237840519808,48.655505936656951],[-120.07253894252786,48.655504362130998],[-120.07271819562568,48.655507716261816],[-120.07288324298153,48.655516974146963],[-120.07303716887901,48.655532313581652],[-120.07311045573175,48.655542314795127],[-120.07318150677365,48.655553896842264],[-120.07371855333575,48.655641484083588],[-120.07385820614297,48.65566773657892],[-120.07397980925738,48.655694310545115],[-120.07410386836943,48.655726698999345],[-120.07421369667885,48.655761754997194],[-120.07431107166755,48.655800050667885],[-120.07435536062704,48.655820519931275],[-120.07439683042666,48.655841921991808],[-120.07443368626338,48.655863363797096],[-120.07446927185768,48.655886760965636],[-120.07450366438948,48.655912166646225],[-120.07453696273788,48.655939650843827],[-120.07460064004783,48.6560011517521],[-120.07466158601564,48.656072495488168],[-120.07470982240936,48.656138395737138],[-120.07475957206266,48.656214906676873],[-120.07491337827098,48.656479943444751],[-120.07497393603305,48.656577587925419],[-120.07503943968557,48.656669900758907],[-120.07507232228321,48.656710616923284],[-120.07510578335916,48.656748333538154],[-120.07551727365367,48.657193861772328],[-120.07564272489905,48.657325069570099],[-120.07575818509355,48.657441399889883],[-120.07588033153118,48.6575588250641],[-120.07599852250527,48.657666201029961],[-120.07611452445933,48.657765130145336],[-120.07622927225265,48.657856403590486],[-120.07635116783834,48.65794601815012],[-120.07647310154425,48.658028045329893],[-120.07659557833762,48.658102822947775],[-120.0767189502297,48.658170564438379],[-120.0768436246358,48.65823148667053],[-120.07696974093953,48.658285645957157],[-120.0770975135493,48.65833313523158],[-120.07722710730992,48.658374015733976],[-120.07738077960457,48.658416958215653],[-120.07751698524494,48.658452104722137],[-120.07764376022058,48.658481523944943],[-120.07776292909369,48.658505613494484],[-120.07787709782735,48.658524837762528],[-120.07798562955033,48.658539021983216],[-120.07808902750224,48.65854823100743],[-120.07818756548569,48.658552488208464],[-120.07830425173637,48.658551216364479],[-120.07842664420814,48.658543163496347],[-120.0785551847504,48.658528302822738],[-120.07869067292742,48.658506542020298],[-120.07883192124821,48.658478210427546],[-120.07898323299943,48.658442571314119],[-120.07914734959776,48.65839903970285],[-120.07933938450974,48.658343616850907],[-120.07946304620414,48.65830436002814],[-120.07958924190231,48.658259304695967],[-120.07971848220683,48.658208270213493],[-120.07985161414605,48.658150922091913],[-120.07998791586462,48.658087664880156],[-120.08013122449731,48.65801680768449],[-120.0802842367215,48.657937050220227],[-120.08045805883569,48.657842612259742],[-120.08055505033171,48.657787385849929],[-120.08065037132558,48.65772968463682],[-120.08074404217659,48.657669496601891],[-120.08083608064486,48.657606810182557],[-120.08092650381748,48.657541612055944],[-120.08101533624364,48.657473886651509],[-120.0811026027625,48.657403615530448],[-120.08118832850359,48.65733077738566],[-120.0812724960789,48.65725538841852],[-120.08135518252377,48.657177385349641],[-120.08143641711034,48.657096739571493],[-120.08151623618949,48.657013415600389],[-120.08159466898678,48.656927381080308],[-120.08167176952567,48.656838581462942],[-120.08174758239495,48.656746962915442],[-120.08182216017796,48.656652459872269],[-120.08189382215203,48.656557364637791],[-120.08196442887498,48.656459365589598],[-120.08203404916243,48.656358367080287],[-120.08210277003474,48.656254244912866],[-120.08223784264995,48.656036126750905],[-120.08237073082121,48.655803269557488],[-120.08250020450582,48.655558386258846],[-120.08263151960161,48.65529209161619],[-120.08276760763883,48.654998746665314],[-120.08292531892926,48.654642069089135],[-120.08295685645523,48.65456301677176],[-120.08298488832732,48.654478874031916],[-120.0830096918624,48.654388821211263],[-120.08303171805058,48.654291238102104],[-120.08306431649217,48.65410181571454],[-120.08311065015369,48.653750568370505],[-120.08313122628081,48.65361358202567],[-120.08315759253001,48.65347521867524],[-120.08318803599767,48.653353416575278],[-120.08320914879572,48.653284984006511],[-120.08323241835397,48.653220229292558],[-120.083257999767,48.653158716705221],[-120.08328601385165,48.65310016021558],[-120.083316613438,48.653044255971373],[-120.08334985857707,48.652990910792838],[-120.08338583894026,48.652939978409535],[-120.08342463263331,48.652891351205518],[-120.08350536471528,48.652801286478024],[-120.08359482013941,48.652711462917658],[-120.0836926460877,48.652622234451954],[-120.08379842307394,48.65253398736175],[-120.08391172151988,48.652447081524606],[-120.08403196155767,48.652361966100123],[-120.08415855737115,48.652279056545055],[-120.0842908581718,48.652198779714006],[-120.08442831274245,48.652121478321412],[-120.08457006433908,48.652047642586155],[-120.08471535921167,48.651977665779157],[-120.08486342865856,48.651911916563179],[-120.08501346769987,48.651850752124773],[-120.0851647522914,48.651794465684809],[-120.0853165334687,48.651743336056676],[-120.08546810699966,48.651697599463866],[-120.08575397961322,48.651617843690175],[-120.08585758220744,48.651591796301737],[-120.08595113563865,48.651570758126269],[-120.08604156600427,48.651553381862058],[-120.08612527912655,48.651540592863441],[-120.08620314308865,48.651532260473815],[-120.08627559527817,48.651528338973975],[-120.08631890121811,48.651528201179019],[-120.08636214874342,48.651529926528021],[-120.08640535609877,48.651533515577896],[-120.08644853729351,48.651538968689373],[-120.08653489494712,48.651555478581926],[-120.0866213970115,48.651579490261319],[-120.08670815247739,48.651611020303221],[-120.0867955236575,48.651650189230679],[-120.08688382622243,48.65169713701826],[-120.08697353483061,48.651752114743886],[-120.08705110741258,48.651805263801386],[-120.08713069796012,48.651864837552537],[-120.08721303415415,48.651931375142681],[-120.08729956168239,48.652006042015067],[-120.08745699031364,48.65215165756215],[-120.0877998404211,48.652484047761597],[-120.0878818105047,48.652559677577415],[-120.0879556992389,48.652624360311819],[-120.08808470873757,48.65273598415633],[-120.08820689259801,48.652846186122247],[-120.08832236106404,48.652955062393112],[-120.08843117770526,48.653062674139051],[-120.08853341109577,48.653169091981937],[-120.08862907110878,48.653274327343929],[-120.08871817983979,48.653378405467755],[-120.08880075375599,48.653481344130462],[-120.08887180825087,48.653576344935836],[-120.08894001193717,48.653674232266631],[-120.08900537510652,48.653775022168155],[-120.08906791035955,48.65387873309799],[-120.08912762765002,48.653985380221137],[-120.08918454400107,48.654094997184586],[-120.08923867605165,48.654207613006719],[-120.08929004481683,48.654323268147138],[-120.0893386075784,48.654441854590154],[-120.0893844561059,48.654563576004008],[-120.08942761564145,48.654688498402777],[-120.08946811825452,48.654816712899184],[-120.08950598254698,48.654948275402326],[-120.08954126558891,48.655083375007145],[-120.08957401381797,48.655222183890906],[-120.089604282748,48.655364948710826],[-120.08962580735009,48.655479638837861],[-120.08964447579193,48.655594834779166],[-120.08966024895088,48.655710274798054],[-120.08967308967682,48.65582569868937],[-120.08968296856986,48.655940841130914],[-120.08968986700391,48.656055464962854],[-120.0896937669318,48.656169327288126],[-120.08969466445443,48.656282196814679],[-120.08969068776679,48.65641039581346],[-120.08968012259376,48.656540931206195],[-120.08966294903935,48.6566740628693],[-120.08963912408011,48.656810127990418],[-120.08960861916273,48.656949345701136],[-120.08957129479541,48.65709241008782],[-120.08952698974446,48.65723994391761],[-120.08947542205739,48.657392888849031],[-120.08942584127387,48.657527358450956],[-120.08937035251219,48.657667709620576],[-120.08930838014801,48.657815406996768],[-120.0892387018767,48.6579733716666],[-120.0891047474389,48.658261921490308],[-120.08879237922997,48.658912773112938],[-120.08865701751952,48.659208658621182],[-120.08857042127025,48.659396821238374],[-120.08847343066927,48.659592187661701],[-120.08836503253902,48.659796812049557],[-120.08824309516454,48.660014730122548],[-120.08813303227508,48.66020354998696],[-120.08800716034857,48.660413253807683],[-120.08758544298171,48.661097474130479],[-120.0874341644528,48.66134645382256],[-120.08729131880561,48.661588870523673],[-120.08716709162204,48.661808954356637],[-120.08704863815684,48.662030725565266],[-120.08694375126295,48.662241082341083],[-120.08685085075838,48.662443202989962],[-120.0867691377164,48.662638838356791],[-120.08674916680201,48.662693491528778],[-120.08673100288101,48.662751962029169],[-120.08669996514836,48.662880774317145],[-120.08667577104652,48.663026305847723],[-120.08665806413612,48.66319064874105],[-120.08664719149662,48.663361254837184],[-120.0866410925554,48.663557026861341],[-120.08663929599601,48.6637607863358],[-120.0866401016344,48.664298688357832],[-120.08663758897524,48.664453364565361],[-120.08663265858509,48.664587703303738],[-120.08662273836468,48.664736181374714],[-120.08660836265182,48.664866769023988],[-120.08658922735867,48.664982206562144],[-120.08656510579412,48.665083794109982],[-120.08654685659612,48.665142258362707],[-120.08652640130509,48.665195550496612],[-120.08650369111135,48.665243803979692],[-120.08647867774678,48.665287117435341],[-120.08645130408792,48.665325584466181],[-120.08642153873596,48.665359246264828],[-120.08638933637829,48.665388151160528],[-120.08615322103228,48.66546294823798],[-120.08548555685924,48.665674449453604],[-120.08535905389516,48.66571452196127],[-120.08494237516074,48.665846513888297],[-120.08450770269454,48.665984204153375],[-120.08446365428544,48.66597461503958],[-120.08442413791704,48.665968145653466],[-120.08437139491539,48.665962370067348],[-120.0843189131828,48.665958999913862],[-120.08426666238604,48.665958032058981],[-120.08421461190193,48.665959466237119],[-120.08416273534384,48.665963302378962],[-120.08411098846339,48.665969544486757],[-120.08405933514823,48.665978196075109],[-120.08400772859704,48.66598926535076],[-120.0839562051071,48.666002738434322],[-120.08390462924231,48.666018645650276],[-120.08385294355912,48.666037003645854],[-120.08380107997169,48.666057837508831],[-120.08374898498231,48.666081166951045],[-120.08369655299541,48.666107038664933],[-120.08359026242343,48.666166617028622],[-120.08350362117866,48.666221902416176],[-120.08341446536477,48.666284619027905],[-120.08332183308143,48.666355436120888],[-120.08322389281682,48.66643575210135],[-120.08313818672418,48.666509835313761],[-120.08304335589425,48.666594981754933],[-120.08271624419824,48.666899049066068],[-120.08258630885288,48.667017133526684],[-120.08245299151173,48.667132556608777],[-120.08233038746597,48.667231580240482],[-120.08226181985529,48.667283404293656],[-120.08219477203849,48.667331350650251],[-120.08212885763459,48.667375696502233],[-120.08206380887195,48.6674166193513],[-120.08199932937906,48.66745430171359],[-120.08193531886671,48.667488796864603],[-120.08187162951806,48.667520186136407],[-120.0818081415438,48.667548526223506],[-120.08173797130083,48.66757688654149],[-120.08166433459756,48.667604060802738],[-120.08158708486941,48.667630100997634],[-120.0815060285114,48.66765507393864],[-120.08142103870081,48.667679021578969],[-120.08133169780596,48.667702066916199],[-120.08113821599763,48.667745888410231],[-120.08095854435636,48.667780847230269],[-120.08075459092336,48.667815844494918],[-120.08055200183252,48.66784742777925],[-120.080038368462,48.667923816192193],[-120.07976499815977,48.667968807678079],[-120.07962409263799,48.667995048054273],[-120.07949506285924,48.668021725946922],[-120.07937548413651,48.668049345393619],[-120.07926413994838,48.668078189206604],[-120.07913839485578,48.668115298946923],[-120.07902241144326,48.668154895230344],[-120.0789154074795,48.668197246710854],[-120.07881688581281,48.668242551395643],[-120.0787263355958,48.668291058527458],[-120.07864361077594,48.668342861351313],[-120.07856848546027,48.66839810185801],[-120.07850079505155,48.668456900959846],[-120.07844772780984,48.668509604062564],[-120.07839514831359,48.668566771010489],[-120.07834275411921,48.668628728130152],[-120.07829003415154,48.668696075936573],[-120.07823782843988,48.668767532632707],[-120.07818336357954,48.668846691246344],[-120.07805266807642,48.66905032942006],[-120.07799922140438,48.669144204855236],[-120.07795231615485,48.669244652599545],[-120.07791145074179,48.669352722325279],[-120.07787580846082,48.669470554865548],[-120.07785037515066,48.669574034257231],[-120.07782649374792,48.669690484060467],[-120.07776291725176,48.670068189537915],[-120.07773822725852,48.670200408317854],[-120.07771030973677,48.670324126086598],[-120.0776794763168,48.670434655203628],[-120.07764459623323,48.670536079286315],[-120.0776050273444,48.670630252139432],[-120.07756024058394,48.670718427330542],[-120.07750987617582,48.67080129998898],[-120.07746767068424,48.670862658799336],[-120.07742197826171,48.67092455562095],[-120.0773197558521,48.671050472622959],[-120.07720226105302,48.671180236136102],[-120.07706746566498,48.6713160912972],[-120.0769330249564,48.671442326976084],[-120.07677692775684,48.671581339367208],[-120.07617910486113,48.672090459070475],[-120.07605477125205,48.672194923913693],[-120.07591963204685,48.672301389818145],[-120.07577230409866,48.672410955733554],[-120.07560995846426,48.67252572819767],[-120.07546387721464,48.672625025881139],[-120.07529859975686,48.672734154499366],[-120.07473687404089,48.673095179357276],[-120.07452767662861,48.673231811659257],[-120.07432331862456,48.673369961141638],[-120.07414419817042,48.673497026954678],[-120.0739602723085,48.673635931676927],[-120.07379569231703,48.673770336121329],[-120.07371970053755,48.673836629235474],[-120.07364766485102,48.673902530389192],[-120.07357940747676,48.673968202236431],[-120.07351479547555,48.67403377233466],[-120.07336936339728,48.67418963436711],[-120.07322933578178,48.674348073769977],[-120.07309471462527,48.67450909209704],[-120.07296549831563,48.674672688716456],[-120.07284168817853,48.674838863420547],[-120.07272328260439,48.675007615576497],[-120.07261028229458,48.675178946963726],[-120.07250268920585,48.67535285538451],[-120.07269123238743,48.677228255608547],[-120.0726373265355,48.677306304739687],[-120.07258065546192,48.67738256092052],[-120.07252121723435,48.677457026362248],[-120.07245901444855,48.677529700603898],[-120.07239404642715,48.677600581879872],[-120.07232631123925,48.67766967240086],[-120.07225581114538,48.677736970825457],[-120.07218254647933,48.677802478028184],[-120.07213709160436,48.677839948039775],[-120.07208833831163,48.677876523422796],[-120.07203619690472,48.677912274365589],[-120.07198054137481,48.677947284933531],[-120.07192128742392,48.677981614036966],[-120.07185817861598,48.678015414618343],[-120.07179096608439,48.678048819508753],[-120.07171928041504,48.678082012718377],[-120.0715781368347,48.678141657741342],[-120.07141559289123,48.67820364693106],[-120.0712456308278,48.67826369846248],[-120.07077827070117,48.678422885210303],[-120.07063975220822,48.678473205872031],[-120.07051831753871,48.678520430262886],[-120.0703840196568,48.67857757811192],[-120.0702640567219,48.678634741184588],[-120.07015610031721,48.678693031941243],[-120.07005903967909,48.678753061122556],[-120.06997594613475,48.67881101839879],[-120.069893465739,48.678874070376295],[-120.06981088553525,48.678942758053402],[-120.0697269704269,48.679018103688385],[-120.06964570486622,48.679096011071259],[-120.06955862694666,48.679184109084801],[-120.06922997069347,48.679535055903706],[-120.06908515008966,48.679682357769892],[-120.06900293143552,48.679760214759263],[-120.06892315110348,48.679830965808407],[-120.06884423684083,48.679896003121009],[-120.06876535684262,48.679956003094887],[-120.06868093067582,48.68001519504012],[-120.06858925561203,48.68007493483249],[-120.06848936345591,48.680135857942673],[-120.06837925468469,48.680199186277129],[-120.06817175573063,48.680311244889374],[-120.06768689361927,48.680562187788972],[-120.06757027041213,48.680625212256594],[-120.06746664856455,48.680683634118026],[-120.0673737486578,48.680738665190177],[-120.06728812194987,48.680792276280933],[-120.06720867094799,48.680845156531582],[-120.06713478788664,48.680897712044185],[-120.06692830897359,48.681053663326793],[-120.06673875443751,48.681204816640879],[-120.06656457041395,48.681352412627163],[-120.06640503229107,48.681497070451911],[-120.0662593527635,48.681639532020178],[-120.06612753042231,48.681779833326431],[-120.06600933832243,48.681918215172594],[-120.06595531072574,48.681986736443257],[-120.06590464360845,48.682054834248945],[-120.0658729407324,48.682101100811614],[-120.06584331168692,48.682149163259382],[-120.06581569323126,48.682199124715794],[-120.06579000756015,48.682251122788877],[-120.0657441556577,48.682361783888354],[-120.06570484256351,48.682483337153272],[-120.06567730011112,48.682590864784899],[-120.06565200233902,48.682712357677566],[-120.06558600734017,48.683111713488948],[-120.06555933628181,48.68325384754322],[-120.06552767743214,48.683388273037721],[-120.06549160165459,48.683507573556135],[-120.06544781867223,48.683620725723983],[-120.06542329113225,48.683673705322853],[-120.06539688728239,48.683724560431578],[-120.06536849840673,48.683773485724153],[-120.06533807817847,48.683820555997251],[-120.0653055633047,48.683865870621368],[-120.06527089512873,48.683909508431562],[-120.06514217210143,48.684061161913334],[-120.06503638824032,48.684178962857359],[-120.06493591430534,48.684282531549485],[-120.06483913656955,48.684373289951559],[-120.06474193817941,48.68445475715864],[-120.06464580117853,48.684525333296925],[-120.0645979136729,48.684556698035642],[-120.06455008692518,48.684585485265146],[-120.06450227565824,48.684611721701351],[-120.06445444461515,48.684635427608818],[-120.06438539799117,48.684664604456621],[-120.06431165662211,48.684689557338075],[-120.06423305275821,48.68471034099057],[-120.06414936042731,48.684727017532822],[-120.0640604335147,48.684739625701653],[-120.0639657736274,48.684748248099275],[-120.06386490633297,48.684752928378494],[-120.06375709192302,48.684753702186121],[-120.06366604921463,48.684751545469027],[-120.06356922170964,48.684746922287864],[-120.06346557938106,48.684739783899474],[-120.063353057426,48.684729991390718],[-120.06314232418953,48.684707642926938],[-120.06262772940087,48.684646712907472],[-120.062490542167,48.684632526380796],[-120.06236780051162,48.684621751700092],[-120.06224238568373,48.684613264387671],[-120.06212614668371,48.684608296795524],[-120.06201725661413,48.684606773541724],[-120.06191475690305,48.684608684096503],[-120.06179854864692,48.684613978158339],[-120.06167999739432,48.684621472626219],[-120.06155885541436,48.684631183647355],[-120.06143480764928,48.684643136343084],[-120.06130764676764,48.684657347295648],[-120.06117671910454,48.684673884966109],[-120.06090087835427,48.684714291428591],[-120.06065675335672,48.684755290237376],[-120.06038531759249,48.684805233583795],[-120.0601223968508,48.684856576745617],[-120.05947185747581,48.684987025616373],[-120.05912667881962,48.685052532953392],[-120.05894798224961,48.68508396750277],[-120.05878068364778,48.68511132342168],[-120.05862177522937,48.685135090895436],[-120.0584696889335,48.685155501374417],[-120.05829805061873,48.685175415673328],[-120.05813282289496,48.685191073917466],[-120.05797298696147,48.685202572847587],[-120.05781784986604,48.68520996152516],[-120.05766665650225,48.685213267960378],[-120.05751915375068,48.685212490478484],[-120.05737496275735,48.68520762876031],[-120.05723379019933,48.685198670324006],[-120.0570707630278,48.685182478177431],[-120.0569023002038,48.685159141024997],[-120.0567270247584,48.685128471725783],[-120.05654250985478,48.685090048108073],[-120.05634945769829,48.685044200811717],[-120.05613693987925,48.684988493255851],[-120.05591391914436,48.684925917495136],[-120.05528277682552,48.684743232855048],[-120.05508607292309,48.684689710056723],[-120.05490881405292,48.684644794199244],[-120.05470344180326,48.684597924313302],[-120.05451038233934,48.684560068756021],[-120.05432583303632,48.684530487457259],[-120.05414787433929,48.684508880727137],[-120.0540643245477,48.684501712097585],[-120.05397619472059,48.684496630181293],[-120.05388261893737,48.684493579971644],[-120.05378189079106,48.684492507115841],[-120.05358843862525,48.684495071844267],[-120.05309242085949,48.684509482768362],[-120.05295079225006,48.684510228689177],[-120.05282482914448,48.684507639891237],[-120.05268584383944,48.684499882460116],[-120.05191701330303,48.68442557814469],[-120.05142701917725,48.684378220615315],[-120.05124514350443,48.684348801465262],[-120.05107033104436,48.684317257980929],[-120.05099300267764,48.684300061267479],[-120.05091498778037,48.684277977071204],[-120.05083617131122,48.684250972943211],[-120.05075639235808,48.684218994412198],[-120.05067555870492,48.684182010668515],[-120.05059333342207,48.684139876905029],[-120.05050941662,48.684092439951499],[-120.05042335079939,48.684039442748052],[-120.05035045960621,48.6839913780858],[-120.05027518382377,48.683938948662664],[-120.05011410646223,48.683818618134069],[-120.04996269138672,48.683697881710636],[-120.04963682829677,48.683429851779159],[-120.04949446733406,48.683318107088105],[-120.04936663254223,48.683226010740434],[-120.04930828679977,48.683187705365889],[-120.049252748871,48.68315395359496],[-120.04919661917457,48.683122937879283],[-120.04914274464403,48.683096492685081],[-120.04909082116853,48.683074468392057],[-120.04904063102057,48.683056774450883],[-120.0489919390311,48.683043332757236],[-120.04894464885278,48.683034123549966],[-120.04889862788689,48.683029119327131],[-120.04885377404776,48.683028310724048],[-120.04880089724267,48.683032113863256],[-120.04874808327847,48.683040446808718],[-120.04869533734558,48.683053308650329],[-120.04864266559819,48.683070697370425],[-120.04859007486331,48.68309261271213],[-120.04853757288734,48.683119049562144],[-120.04848516808912,48.683150004567885],[-120.04843286725109,48.683185473724485],[-120.04838067166278,48.683225456806433],[-120.04832859779226,48.683269942478766],[-120.04827665627855,48.683318922305709],[-120.04822485578779,48.683372386318695],[-120.04817320888748,48.683430323866489],[-120.0481217284367,48.683492721429744],[-120.04807042464931,48.683559562195619],[-120.04801931457739,48.683630829093765],[-120.04796821935679,48.683706794801488],[-120.04791735025074,48.683787173461461],[-120.04781636224983,48.683961052822269],[-120.04771650787816,48.684152196423796],[-120.04761799733936,48.684360206862422],[-120.0475209621201,48.684584832939777],[-120.04742583124133,48.68482512053901],[-120.04733297970559,48.685080119367285],[-120.04724283464633,48.685348659636134],[-120.04722701181984,48.685405107238424],[-120.04721451895382,48.685466059394976],[-120.0472052350446,48.685532078250716],[-120.04719899863488,48.685604295591652],[-120.04719491627186,48.685746957322422],[-120.04719865422776,48.686010014847319],[-120.0471981547163,48.686110050154774],[-120.04719329185289,48.686209798360252],[-120.04718334600508,48.686295611613311],[-120.04717446367921,48.686343469203472],[-120.0471633982778,48.686387852717587],[-120.04715007023198,48.686429084127575],[-120.04713441159332,48.686467366914805],[-120.04711633008668,48.686502913514957],[-120.04709578216547,48.686535787898102],[-120.04707271130043,48.686566085421177],[-120.04704706098623,48.686593876079478],[-120.04701543387485,48.686622436814552],[-120.04698014881241,48.686649408255981],[-120.04694120030368,48.686674794179567],[-120.04689858478208,48.686698596144943],[-120.04685229482513,48.686720820143215],[-120.04680232262983,48.686741467536145],[-120.04674865947418,48.686760544541968],[-120.04669129269082,48.686778054312597],[-120.04663024178734,48.686793993428822],[-120.04656545936675,48.686808375817151],[-120.04649692756145,48.686821205539211],[-120.04642461940149,48.686832488249685],[-120.0463485150473,48.686842226476585],[-120.04626856735092,48.686850427527688],[-120.04609695807378,48.686862234294267],[-120.04591851884175,48.686867808458409],[-120.04572480412384,48.686867867524171],[-120.04551484285051,48.686862415172463],[-120.04528654159505,48.686851397007118],[-120.04505658506149,48.686836149891178],[-120.04480104839149,48.686815552212899],[-120.04401770386571,48.686741533978456],[-120.0439433429179,48.686733583752513],[-120.04386581017542,48.68672321711415],[-120.04369729642328,48.686694679465724],[-120.04353544939428,48.68666172161268],[-120.04314103436906,48.686575112064162],[-120.04303271337352,48.686553566666902],[-120.04293500028169,48.686536231638016],[-120.04282984147096,48.686520491715797],[-120.04273100328886,48.686509077623896],[-120.04263677695488,48.686501794428906],[-120.04254625665585,48.686498577143198],[-120.04244190175572,48.686498146307073],[-120.04233673925796,48.686499643941005],[-120.04223141541215,48.686503062128715],[-120.04212650106837,48.686508380793981],[-120.04202261514884,48.686515567693029],[-120.04192014171791,48.686524593179946],[-120.04181951165627,48.68653541941692],[-120.04172108708102,48.68654800651413],[-120.0416256816995,48.686562236492648],[-120.04153306602645,48.686578126039372],[-120.04144349041417,48.686595633225771],[-120.0413571612483,48.686614717243927],[-120.04127429523052,48.686635327967977],[-120.04119501417523,48.68665743563426],[-120.04111945671491,48.686681000022809],[-120.04104773841104,48.686705985890534],[-120.04098979275328,48.686728974768876],[-120.04093303921327,48.686754841994748],[-120.04087735203981,48.686783643384793],[-120.04082257709308,48.686815458506608],[-120.04076861333004,48.686850338852842],[-120.04071516256185,48.686888469965666],[-120.04066197018574,48.686930031637871],[-120.04060866431884,48.686975314343748],[-120.0405208908668,48.68705756992199],[-120.04042787779716,48.687154141211771],[-120.04034098062056,48.687251059383364],[-120.04012635700536,48.687498476637657],[-120.04000644490496,48.687627572346116],[-120.03994156268847,48.687691603964744],[-120.03987827332941,48.687749438274828],[-120.03981547189581,48.687802080054318],[-120.03975255572486,48.687850029204888],[-120.03964771712708,48.68792187325537],[-120.03953204718782,48.687993339763082],[-120.03940438225638,48.688065156360778],[-120.03926230890282,48.688138683527534],[-120.03913295288321,48.688201378837825],[-120.03898587154882,48.688269240753712],[-120.03848178255781,48.688491307636696],[-120.03829402268251,48.688576386009537],[-120.03811117561624,48.688664372351937],[-120.03795295477902,48.688747149844041],[-120.03786929410603,48.688794445997161],[-120.03779121402592,48.688841453119203],[-120.03771823834835,48.688888457396459],[-120.03765005962025,48.688935660080013],[-120.03758635311682,48.688983289859543],[-120.0375270175284,48.689031430209333],[-120.03747190310671,48.689080201252715],[-120.03742089961388,48.689129703051343],[-120.03737565986333,48.689179024708572],[-120.03733208907512,48.689233138911497],[-120.03728974822523,48.689292585479421],[-120.03724783661538,48.689358483106119],[-120.03717713468104,48.689484932227501],[-120.03702369814846,48.689785705315067],[-120.03698139672143,48.689860401468685],[-120.0369405443052,48.689925499512832],[-120.03689504018216,48.689989501168384],[-120.03684827564622,48.690046365056325],[-120.03679948136507,48.690097023115932],[-120.03674819600174,48.690141945806502],[-120.03669216315285,48.690183969700065],[-120.03663195892685,48.690223629802453],[-120.03656757459909,48.690260932329224],[-120.03649899527926,48.690295885513535],[-120.03642620930722,48.690328495144989],[-120.03634919789285,48.690358770138765],[-120.03626793834509,48.690386720092192],[-120.03618240730155,48.690412352841683],[-120.0360926356432,48.690435662037558],[-120.03599853540652,48.690456675270262],[-120.03590006498007,48.690475399811497],[-120.03579717725894,48.690491846711183],[-120.03568982996103,48.690506021479372],[-120.03557793692283,48.690517938241932],[-120.03546141873257,48.690527603368992],[-120.03534016963228,48.690535026900115],[-120.03522165066762,48.690539971363492],[-120.03509870208519,48.690542943643038],[-120.03497116853113,48.69054394742821],[-120.03483884216261,48.690542983381405],[-120.03470159368216,48.69054005438862],[-120.03455896492909,48.690535152308549],[-120.03425564848192,48.690519357732676],[-120.03395903120671,48.690498178519768],[-120.03362866545721,48.690469610706117],[-120.0333348589724,48.690441156973733],[-120.03251390806525,48.690357837946934],[-120.03237396550379,48.69034175011214],[-120.03222812062306,48.690319537391218],[-120.03207489145194,48.690290980981707],[-120.03191136363797,48.690255540691552],[-120.03176746048418,48.690220924633586],[-120.03160756758101,48.690179613467201],[-120.03107346105588,48.690032719246922],[-120.03087312664348,48.689979620535794],[-120.03067320453491,48.689930897249248],[-120.03049298646391,48.689892328816825],[-120.03039458090767,48.689873971169348],[-120.03029964264152,48.689858361598695],[-120.03020760137723,48.689845405456076],[-120.03011807107873,48.689835050995008],[-120.03003062732299,48.689827251304159],[-120.0299451227441,48.689821998351647],[-120.02986134540322,48.689819278495129],[-120.02977912712667,48.689819087341526],[-120.02954538423187,48.689824186237949],[-120.02932176292695,48.689833208421717],[-120.02910767927671,48.689846176239449],[-120.02890305189752,48.689863098328594],[-120.02870773236519,48.689883989415478],[-120.02852190164771,48.689908836667307],[-120.02834561501713,48.689937632330341],[-120.02817894008281,48.689970364614098],[-120.02802188501175,48.690007036818905],[-120.02787456872755,48.690047622543219],[-120.02773704613776,48.690092109398002],[-120.02760935939736,48.690140480649617],[-120.02749155620313,48.690192719533272],[-120.02738366344688,48.69024881292161],[-120.02733344475371,48.690278300509711],[-120.02728571419087,48.690308745667842],[-120.0272404766262,48.690340146608754],[-120.02719773268977,48.69037250134695],[-120.02704281323122,48.690496458173186],[-120.02699185710669,48.690541277225414],[-120.02694932359503,48.690582529962796],[-120.02691211728414,48.690623618321695],[-120.02688236835498,48.69066269346343],[-120.02685977745188,48.690700152407707],[-120.02684422442088,48.690736196485709],[-120.0268342913073,48.690780487530034],[-120.02683355147117,48.690828185810489],[-120.02684198903466,48.690879718597202],[-120.02685974262464,48.690935968853509],[-120.02688177125107,48.690987058518246],[-120.02691137207287,48.691044425300262],[-120.02702205387816,48.691230785282087],[-120.02705759276293,48.691295232486603],[-120.02711017234384,48.691388190655054],[-120.02717363363766,48.691482686834959],[-120.0272486008237,48.69157966557448],[-120.02733644146026,48.691680903091971],[-120.02742147716685,48.691770796178645],[-120.02752069545429,48.691869297372115],[-120.02788545410152,48.692211155092323],[-120.02802620008084,48.69234846043534],[-120.02809735849621,48.69242228895159],[-120.02816104375127,48.692492288284242],[-120.02821843509491,48.692559763276464],[-120.02827010828828,48.692625393662375],[-120.02840163425095,48.692806093181723],[-120.02853039202375,48.692995920853747],[-120.02865709534409,48.693195928636008],[-120.02878285867804,48.693407865689665],[-120.0289070321115,48.69363030552087],[-120.02903410359228,48.693870959745567],[-120.02916708971797,48.694135404392355],[-120.02931817009231,48.694447825409505],[-120.02941666126311,48.694659358750691],[-120.02951091031916,48.694871743179291],[-120.02960091524932,48.695084977172868],[-120.02968667668715,48.695299062502528],[-120.02976819522218,48.695513997190041],[-120.0298454708151,48.695729781245056],[-120.02991850149708,48.695946416892525],[-120.02998728915735,48.696163901925672],[-120.03005183442774,48.696382238113706],[-120.03011213399409,48.696601424158999],[-120.03016819171741,48.696821459386818],[-120.03022000432657,48.697042346247812],[-120.03026757370898,48.697264082533195],[-120.03031090049497,48.697486670010441],[-120.03034998136852,48.697710107379926],[-120.0303848201891,48.697934393965156],[-120.02943521842857,48.70167872732781],[-120.029588479179,48.701922658058422],[-120.02973140965619,48.702168045318061],[-120.02986400777857,48.702414887609351],[-120.02998627444458,48.702663187607186],[-120.03009820983529,48.702912942474299],[-120.03019981320935,48.703164154228183],[-120.03029108575345,48.70341682266826],[-120.03037202441425,48.703670947393789],[-120.03052351249328,48.704159696942291],[-120.03058606551392,48.70437561295644],[-120.03061566367566,48.704489295454493],[-120.030640462497,48.704595430333576],[-120.03066089929965,48.704695893686619],[-120.03067716329825,48.704791628237423],[-120.03069033654822,48.704891959735662],[-120.03069872575782,48.704988106044233],[-120.03070237464529,48.705080548830757],[-120.03070129311548,48.705169608500007],[-120.03069547191156,48.705255638862461],[-120.03068489306206,48.705338749183348],[-120.0306695360654,48.705419111157362],[-120.03064937763108,48.70549685282456],[-120.03063161972231,48.705548126043432],[-120.03060851272672,48.705599727994404],[-120.03058000543993,48.705651768121648],[-120.03054602258246,48.705704387315514],[-120.03050651533174,48.705757675818177],[-120.03046128072602,48.705811919882606],[-120.03041010991242,48.705867375797276],[-120.03035264821659,48.705924426783987],[-120.03024567038787,48.706020866620818],[-120.0301165350933,48.706126809779072],[-120.02998585247288,48.706227552544142],[-120.0296615257967,48.706470682588005],[-120.02950125260318,48.706597396955956],[-120.02942508779189,48.706661970781575],[-120.02935741156125,48.706723134811604],[-120.02929707944359,48.706781926019232],[-120.02924352925994,48.706838900113851],[-120.02919174975429,48.706900265244791],[-120.0291474034054,48.706960352145934],[-120.02911025187592,48.70701948520378],[-120.02908015410682,48.707077891021427],[-120.02905698793491,48.707135823890177],[-120.0290407290365,48.707193376354681],[-120.0290313382486,48.707250682060618],[-120.02902879826173,48.707307848290625],[-120.02903198535057,48.707396478426155],[-120.02903874272802,48.707478986193451],[-120.02904914543048,48.707556302364353],[-120.02906323760837,48.70762869158311],[-120.02908110176047,48.707696493499043],[-120.02910272588693,48.707759600319932],[-120.02912812910988,48.70781805847551],[-120.02915731584748,48.707871883155001],[-120.02918739072331,48.707917361752045],[-120.02922279658978,48.707962954427089],[-120.02926349075148,48.708008603839019],[-120.02930941477082,48.708054244128483],[-120.02936051621674,48.708099821534013],[-120.02941667913595,48.708145228596258],[-120.02947778640426,48.708190369330509],[-120.02954367501536,48.708235125720208],[-120.0296148144303,48.708279764111865],[-120.02969036469841,48.708323712887022],[-120.0297700144216,48.708366788873775],[-120.02985334020693,48.708408762740056],[-120.02994003217088,48.708449469833127],[-120.03002924672947,48.70848850353152],[-120.03012020722207,48.708525523465987],[-120.03021188807436,48.708560111638427],[-120.03027351245559,48.708580571478471],[-120.03033805704686,48.708598331340127],[-120.03040565653677,48.708613427773905],[-120.03047648116214,48.708625899566087],[-120.03055064919604,48.708635772987876],[-120.03062851352821,48.708643099965315],[-120.03071040433383,48.708647912915424],[-120.03079681957658,48.708650240270558],[-120.03095868228499,48.708648453861038],[-120.03114248326091,48.708639209139072],[-120.03133030321679,48.70862466482788],[-120.03184101661681,48.708578798298674],[-120.03199335883042,48.708568334905586],[-120.03212883198945,48.708562162698463],[-120.03228016368034,48.708560083494795],[-120.03241890693276,48.708564019844943],[-120.03254766299966,48.708574049396624],[-120.03266771721681,48.708590281751604],[-120.03282933089537,48.70861864700673],[-120.03299014861442,48.708649637415768],[-120.03314879788107,48.708682987727315],[-120.03330423261016,48.708718477043625],[-120.03345530348579,48.70875583584052],[-120.03360155710573,48.708794945257466],[-120.03374238735994,48.7088356427017],[-120.03387733285868,48.708877795684096],[-120.03400515710474,48.708920982754691],[-120.03412648102729,48.708965379914936],[-120.03424104050137,48.709010891554655],[-120.03434863675359,48.709057436931303],[-120.03444906504453,48.709104926952669],[-120.03454222536587,48.709153310561277],[-120.03462800360218,48.709202528834524],[-120.03470630754821,48.709252529347808],[-120.03477799473758,48.709304016817917],[-120.03484654469766,48.709359459562791],[-120.03491189197574,48.709418806110492],[-120.03497396771145,48.709481992435798],[-120.03503271059995,48.709548959766309],[-120.03508804106234,48.709619619652543],[-120.03513989055391,48.709693879836479],[-120.03518818225443,48.709771637296946],[-120.03523291902442,48.70985291408121],[-120.03527394333358,48.709937450344952],[-120.03531118538569,48.710025103328668],[-120.03534457444677,48.710115706016452],[-120.03537404935541,48.710209101927269],[-120.03539954035159,48.710305068458965],[-120.03542098946987,48.710403388459262],[-120.03543834170988,48.710503819836688],[-120.03545174269372,48.71060785961312],[-120.03546082460575,48.710713519907195],[-120.03546555834072,48.710820488348922],[-120.03546593110485,48.710928426233657],[-120.03546193770531,48.71103700385769],[-120.03545359272435,48.711145827007449],[-120.03544092426638,48.711254515070095],[-120.03542398044715,48.711362670782485],[-120.03540280501501,48.711469969026155],[-120.03537749078615,48.711575933336263],[-120.03534812952861,48.7116801644476],[-120.03531483429599,48.711782271581519],[-120.03527773279109,48.711881862335979],[-120.03523695706191,48.711978581117947],[-120.03519265649608,48.712072077754762],[-120.03514498435828,48.712162026754825],[-120.03509712579826,48.712244564915899],[-120.03504691480528,48.712325446313024],[-120.03499484298314,48.712403875836898],[-120.0349412892424,48.71247928659907],[-120.03488669874505,48.712551063494267],[-120.03483123508177,48.712619009784099],[-120.0347751347426,48.712682836145746],[-120.034718579448,48.712742335157181],[-120.03467706604332,48.712782031309537],[-120.03463286798687,48.712820000110064],[-120.034585963,48.712856259540253],[-120.03453632653863,48.712890828916834],[-120.03448393405881,48.712923727556522],[-120.03442874574152,48.71295497838674],[-120.03437072663534,48.712984602544076],[-120.03430983041667,48.713012624093295],[-120.03424609409896,48.713039030921408],[-120.03417937828672,48.713063886851387],[-120.03410961777038,48.713087217371935],[-120.03403672941907,48.713109048288068],[-120.03396064277575,48.713129402248732],[-120.03388122531562,48.713148317453765],[-120.0337983479929,48.713165823041017],[-120.03371184499755,48.713181953638205],[-120.03355796226934,48.713206039749224],[-120.03339205167447,48.71322655244952],[-120.03321243039407,48.713243704284594],[-120.03301580029483,48.713257813703486],[-120.03283248929019,48.713267647473259],[-120.03262565877792,48.713275983119416],[-120.03186219153913,48.713297331360508],[-120.03155043434096,48.713308928416581],[-120.03138601552526,48.713317340614196],[-120.03123375296894,48.713327111392459],[-120.03109083350827,48.713338422778797],[-120.03095585277134,48.713351387948698],[-120.03080065404048,48.713369560253916],[-120.03065437739599,48.713390486086823],[-120.0305160916178,48.713414300134339],[-120.03038519885358,48.713441105082943],[-120.03026105803811,48.713471043105969],[-120.03014348463518,48.71350416527369],[-120.03003218499828,48.713540556761806],[-120.0299269432069,48.713580288214331],[-120.02948610331445,48.713749177986486],[-120.02938088277708,48.713792390697918],[-120.02928983512659,48.713833029328761],[-120.02919535682669,48.713880037414029],[-120.02911289096119,48.713927053581678],[-120.02904100842117,48.713974893153825],[-120.02897905671091,48.714024002726617],[-120.02891021528201,48.71408948450275],[-120.0288456829457,48.714161992406844],[-120.02878605906467,48.714240853419746],[-120.02873205852879,48.714325126368244],[-120.02868423903476,48.714414029057224],[-120.02864360910387,48.714505775327574],[-120.02861091108909,48.714598699757765],[-120.02858683669184,48.714690844288867],[-120.02857806099634,48.714752493037452],[-120.02857758642689,48.714817322649409],[-120.02858539537309,48.714886003063292],[-120.02860163364525,48.714959832164951],[-120.02862169210341,48.715026087195135],[-120.02864864847344,48.715100048521599],[-120.02875771990202,48.715358463928332],[-120.02879676449619,48.715460308022621],[-120.028827849027,48.715563805069309],[-120.02883803392221,48.715611284169398],[-120.02884482455849,48.715656685579667],[-120.02885073947336,48.715729168851112],[-120.02885221328935,48.715805269836665],[-120.02884926732256,48.715885785975864],[-120.02884184511863,48.715972310688294],[-120.02881986546099,48.716131354600641],[-120.0287567017152,48.716495749806207],[-120.02874446904057,48.716584758501874],[-120.02873629228409,48.716665105560239],[-120.02873187692585,48.716739407525438],[-120.02873109760044,48.716809411691393],[-120.02873394418154,48.716876040278983],[-120.02874044234252,48.716939818527877],[-120.02875549709607,48.71702875158779],[-120.02877706867091,48.717118608767819],[-120.02880520003261,48.717209578859482],[-120.02883996577948,48.717301908051951],[-120.02888141633785,48.717395753775854],[-120.02892975431185,48.717491606582684],[-120.02898519899325,48.717589906205191],[-120.02904811978765,48.717691303757533],[-120.02910589631665,48.717777697575272],[-120.02916957151747,48.717867478266704],[-120.02923978573018,48.717961555768611],[-120.02931785148607,48.718061688030843],[-120.02947199624563,48.718250451491336],[-120.02987682313997,48.718731567164568],[-120.02998912736312,48.718871091962193],[-120.03008597403843,48.718997407776087],[-120.03018718720536,48.719138585520469],[-120.03027463448814,48.719272049906323],[-120.03034989810031,48.71940022180236],[-120.03041370748011,48.719524364691701],[-120.03065881228839,48.720033910284847],[-120.0307284789087,48.720188946223935],[-120.03078651111525,48.720328675120363],[-120.03084001341266,48.720472258156484],[-120.03088358991643,48.720607786037846],[-120.03091794657132,48.720737467485669],[-120.03094338546033,48.720862475397212],[-120.03099583863023,48.721115096696153],[-120.03100579377187,48.721175421303577],[-120.03101179867035,48.721229039970581],[-120.03101413921074,48.721287191662576],[-120.03101130214635,48.721340584947669],[-120.03100323459417,48.721390164569705],[-120.03098985427484,48.721436394815825],[-120.03097531659921,48.721469220370821],[-120.03095510417805,48.721502568532102],[-120.03092906197656,48.721536702158083],[-120.03089683750837,48.721572086758471],[-120.03085903986135,48.721608292722692],[-120.03081343078676,48.721647651913926],[-120.03062026017697,48.721798837010525],[-120.03054439747697,48.721863796443699],[-120.03050801241965,48.721899911221875],[-120.03047849459649,48.721934144311945],[-120.03045524200816,48.721967198347023],[-120.03043800787695,48.721999433949961],[-120.03042005403024,48.722048036150248],[-120.03040888538195,48.722098427568561],[-120.03040447865288,48.722150707145886],[-120.03040682266868,48.722205005519498],[-120.03041590925585,48.72226140302044],[-120.03043176878629,48.722320182695263],[-120.03045447141639,48.722381600909287],[-120.03048416268007,48.722446060522898],[-120.03051223244339,48.722498614856271],[-120.03054488278443,48.722553720538002],[-120.0306254296256,48.722674049590786],[-120.0307168844076,48.722796824982446],[-120.03096789925503,48.723118367235998],[-120.03103550290759,48.72321229795071],[-120.03108963469215,48.723295348085223],[-120.03124654513188,48.723543771726021],[-120.03141143002692,48.723789149146704],[-120.03158387318568,48.724030866485869],[-120.03176348622267,48.724268375461435],[-120.03194983387908,48.724501106866214],[-120.0321425960296,48.724728665788057],[-120.03234141604368,48.724950630820757],[-120.03254596102106,48.725166631823996],[-120.03275553887629,48.725375968842641],[-120.03297020042965,48.725578724058117],[-120.03318965624253,48.725774623047052],[-120.03341364077113,48.725963428535437],[-120.0336418633141,48.726144899194267],[-120.03387411850424,48.72631887176172],[-120.03411017480975,48.726485176279752],[-120.03422956375782,48.726565406070847],[-120.03434982408527,48.726643664061747],[-120.0347420251296,48.72689370743381],[-120.03503222494929,48.72707486273378],[-120.03530041735213,48.727237070641792],[-120.03555038381877,48.72738233842739],[-120.03579728481982,48.72751913428273],[-120.0360352157433,48.727643808378559],[-120.0362665587225,48.727757607620497],[-120.03649263427208,48.727861176493427],[-120.03672206761564,48.727958059082923],[-120.03683534721203,48.72800269759712],[-120.03694778237801,48.7280448452372],[-120.0370594595575,48.728084535727291],[-120.03717042618389,48.728121784252636],[-120.03728073951685,48.728156609915828],[-120.03739044862813,48.72818902855493],[-120.03749966242204,48.728219070905048],[-120.03760835501974,48.728246727400609],[-120.03771656465885,48.728272007320591],[-120.03782432076061,48.728294918668013],[-120.03793165891635,48.72831546742735],[-120.03803860035927,48.728333658337107],[-120.03814517186429,48.728349496105906],[-120.03825139365571,48.728362982830767],[-120.03853263213281,48.728395415020145],[-120.03871784721498,48.728414408344292],[-120.03888784393391,48.728428280001744],[-120.03904149738007,48.728436600265155],[-120.03919007542106,48.72843963680247],[-120.03932803412651,48.728436890183502],[-120.03945687071811,48.728428329636429],[-120.03957735646013,48.728413899187139],[-120.03969750489674,48.728392325000463],[-120.03982169190047,48.728362840771958],[-120.03995061022958,48.728325286805649],[-120.04008554797208,48.728279288436553],[-120.04022240367532,48.728226635709504],[-120.04037034717358,48.728164154199582],[-120.040529908407,48.728091952181906],[-120.04075791895561,48.727984288922109],[-120.04085164206951,48.72793809215397],[-120.04094361651788,48.727889309978138],[-120.04103386529151,48.727837929923098],[-120.04112241461254,48.727783937073539],[-120.04120928747246,48.727727318957889],[-120.04129451781289,48.727668051796179],[-120.04137813831871,48.727606115785385],[-120.04146018158627,48.727541483623561],[-120.04154062474534,48.727474179040655],[-120.04161957147477,48.7274041209714],[-120.04169706498469,48.727331269924889],[-120.04177315297315,48.727255579989269],[-120.0418478776854,48.727177012781752],[-120.04192131123277,48.727095491819348],[-120.04199351699818,48.727010946842476],[-120.04206457409389,48.726923286993205],[-120.0421312103055,48.726836868206512],[-120.04219696847531,48.726747421540168],[-120.04232625160347,48.726558891647564],[-120.0424533390465,48.7263563696254],[-120.04257986226597,48.72613726599014],[-120.0426998192502,48.725913641270949],[-120.04282553582668,48.725664095739376],[-120.04295177435833,48.725401073764274],[-120.04317319901315,48.724926988574687],[-120.04327409099436,48.724714980746732],[-120.04332512889387,48.724600646391984],[-120.04336774152894,48.724491597645127],[-120.04339853935163,48.724393626525611],[-120.04341326722025,48.724325187989322],[-120.04342075905591,48.724255591938935],[-120.04342102656018,48.724184723617164],[-120.04341407221895,48.724112433245537],[-120.04339989418403,48.724038617828676],[-120.04337844780166,48.723963000573818],[-120.04334966425576,48.723885328639867],[-120.04331341094198,48.723805247628526],[-120.0432705824724,48.723724252327933],[-120.043220115743,48.723639938128535],[-120.04316156301211,48.723551543626556],[-120.04309398505481,48.723457653231272],[-120.04302449138258,48.723367075582658],[-120.04294378225261,48.723266809877856],[-120.04262686807732,48.72289034947277],[-120.04249925771563,48.722733005839345],[-120.04243407760856,48.722647802743289],[-120.04237656137919,48.722568183461306],[-120.04232558289415,48.722492588512708],[-120.04228061642991,48.722420226927788],[-120.04223211685532,48.722333069648535],[-120.04219204429063,48.722249250219001],[-120.0421601171923,48.722168173533937],[-120.04213617995759,48.722089446947457],[-120.04212011725996,48.722012637892341],[-120.04211191870058,48.721937613864831],[-120.04211156157641,48.721864166551804],[-120.04211904626281,48.721792137141506],[-120.04213218515955,48.721720061673032],[-120.04214879695201,48.721646510782058],[-120.04216886425425,48.721571558893814],[-120.04219236557331,48.721495291483748],[-120.04221927605215,48.721417785222627],[-120.04224955570817,48.721339160755591],[-120.0422831605666,48.721259531911535],[-120.04232003642109,48.721179029337456],[-120.04236022737045,48.721097579564571],[-120.04240355985685,48.721015556729697],[-120.04249926165726,48.720850520952268],[-120.04260621956017,48.72068551571985],[-120.0427230971125,48.720522609220403],[-120.0427634528624,48.720471305130467],[-120.04280722223146,48.720420052885231],[-120.04285449040042,48.720368752103155],[-120.04290537288144,48.72031727643175],[-120.04295994886245,48.72026554250494],[-120.04301846319161,48.720213308353252],[-120.04314839379414,48.720106394952623],[-120.04327849782459,48.72000829255974],[-120.04342914387985,48.719902020008107],[-120.04358558930237,48.719796754934151],[-120.04401089571788,48.719516805444343],[-120.04413571325891,48.719431502341209],[-120.04424504728325,48.719353673977039],[-120.04436522956136,48.719263237786912],[-120.04447239893187,48.719176530323651],[-120.04456861487535,48.719091882875205],[-120.0446548566442,48.719008421555372],[-120.04472628726778,48.718932243275283],[-120.04479669162809,48.718850382430254],[-120.04486679640497,48.71876200178383],[-120.04493795814888,48.718665398709334],[-120.04506187854093,48.718482623229775],[-120.04534401541943,48.71804180475759],[-120.04542243542423,48.717927409502664],[-120.0454966921379,48.717826251088802],[-120.04557862603242,48.717723629133701],[-120.04566093011327,48.717630233741602],[-120.04574495677703,48.71754453300548],[-120.04583149000113,48.717465737881945],[-120.04591044013156,48.717402243236471],[-120.0459968882715,48.717340880930017],[-120.0460910144304,48.71728152270169],[-120.0461930728906,48.717224009446781],[-120.04630321853617,48.717168237961538],[-120.0464220282456,48.717113905337037],[-120.04655005601136,48.717060757750964],[-120.04668818267884,48.717008426887887],[-120.0468069699818,48.716966772472091],[-120.04693400946205,48.716925003041929],[-120.04707060358488,48.716882684020618],[-120.04721938465168,48.716838999716785],[-120.04749997168545,48.71676136099353],[-120.04817655929499,48.716581592674672],[-120.0483531784877,48.716532320721143],[-120.04850982583056,48.71648641385368],[-120.04866975931554,48.716436571894015],[-120.04881603095663,48.716387516202168],[-120.0489510456637,48.716338438985893],[-120.04907604990859,48.716288882632497],[-120.04919866608702,48.716235416763809],[-120.04931184432496,48.716180667145579],[-120.04941615141294,48.716124358968429],[-120.04951196237383,48.71606628948993],[-120.04959965761343,48.716006215573024],[-120.04967936442161,48.715944041696261],[-120.04975126105303,48.71587962772486],[-120.0498154781409,48.715812857824424],[-120.04987642774431,48.715738217415158],[-120.04993236228418,48.715657075617166],[-120.04998377684315,48.715568723053543],[-120.05003144884523,48.715471830788935],[-120.05007372401627,48.715371208190504],[-120.05011520429197,48.715257381228021],[-120.05015430150435,48.715137035661826],[-120.05025899820636,48.714795515292657],[-120.05029468096289,48.714691097430446],[-120.05032991817356,48.714598541804406],[-120.05037532149559,48.714494213019577],[-120.05042368722981,48.714399085472742],[-120.05047595067263,48.714311324478224],[-120.05053265652911,48.714230038181633],[-120.05067333279561,48.714047278305408],[-120.05079580748878,48.713896841325841],[-120.05091297440708,48.713762912109488],[-120.05102707487018,48.713643081753013],[-120.05114202445279,48.713533529633409],[-120.0512568039448,48.71343552557186],[-120.05131438361236,48.713390636243254],[-120.05137216319743,48.713348431113261],[-120.05143020055378,48.713308869059581],[-120.05148854128817,48.713271920496013],[-120.05156647032666,48.713228064377248],[-120.05165020327487,48.71318794044047],[-120.05173991156852,48.713151467007954],[-120.05183583198307,48.713118548147229],[-120.05193811922398,48.713089120135493],[-120.05204727238763,48.713063028914043],[-120.05216377049672,48.713040158688749],[-120.05228833930475,48.713020367384772],[-120.05240130928128,48.713005846639184],[-120.05252172950337,48.71299332240163],[-120.05265079161589,48.712982665915654],[-120.0527908245997,48.712973684603071],[-120.05306653877102,48.712961501854778],[-120.05359700570818,48.712946028077688],[-120.05381171864273,48.712938176616959],[-120.05403079540616,48.712926624750175],[-120.05422421842367,48.712911837462833],[-120.05433352136784,48.712900933555659],[-120.05443712621553,48.712888506884191],[-120.05453571119673,48.712874476309558],[-120.05462972106835,48.71285877807717],[-120.05471963129234,48.712841327088185],[-120.05480558261101,48.712822092138182],[-120.05488779864437,48.712801022818006],[-120.05496644476261,48.712778076096569],[-120.05584866003792,48.71250968475848],[-120.05610863944092,48.712426099774049],[-120.05633894712916,48.712347610936213],[-120.05656959512355,48.71226311824465],[-120.05677710833777,48.712180202062044],[-120.05696387113221,48.712097906870063],[-120.05704982070063,48.712056837751526],[-120.05713096144837,48.712015751932221],[-120.0572118652403,48.711972107582334],[-120.05728752729306,48.711928356081884],[-120.05735800911539,48.711884462251206],[-120.05742335795122,48.711840397164544],[-120.05748362099908,48.711796128146197],[-120.05753881600913,48.711751639886202],[-120.05758897142987,48.7117069123832],[-120.05763410433825,48.711661928565341],[-120.0576742513897,48.711616646328963],[-120.05770939808357,48.711571078551117],[-120.05773955243609,48.711525213501901],[-120.05776472280016,48.711479040331142],[-120.05778491295295,48.711432547110824],[-120.05780012772667,48.711385728302588],[-120.05781036733265,48.711338573540978],[-120.05781563660341,48.711291077286631],[-120.05781656060887,48.711185326251361],[-120.05780756294071,48.711074955203706],[-120.05778912185025,48.71096561196314],[-120.0577618650011,48.71086090622309],[-120.05772701750995,48.710764805196995],[-120.05770682484129,48.710719987827531],[-120.05768487847206,48.710677542990695],[-120.05766126369625,48.710637624823327],[-120.05763602275618,48.710600303888526],[-120.0576092149859,48.710565662785569],[-120.05758088908557,48.710533767189681],[-120.05755942050679,48.710513176700694],[-120.05753514875236,48.710493524079041],[-120.05750803400873,48.710474777782927],[-120.05747802268974,48.710456899288729],[-120.0574450737258,48.710439861031375],[-120.05740907265557,48.710423603208746],[-120.05732740465274,48.710393199648401],[-120.05723024756458,48.710364800499832],[-120.0571149787438,48.710337775315608],[-120.05698617497623,48.710312510983115],[-120.05660972643919,48.71024511841987],[-120.05649779169705,48.710221142275579],[-120.05640262698496,48.710196729607148],[-120.05634958000603,48.710180718710625],[-120.05630103582942,48.710163986199234],[-120.05625665116584,48.710146414651604],[-120.05621621609262,48.710127919654653],[-120.0561795155491,48.71010839609076],[-120.05614649305423,48.710087808765238],[-120.05611705895237,48.710066101051581],[-120.05609115108655,48.710043226537437],[-120.05604306133503,48.709994222478137],[-120.05599656803847,48.70994225260258],[-120.05595277097301,48.709888549269763],[-120.05591240785454,48.709834022177851],[-120.05587623852198,48.709779740585255],[-120.0558444116006,48.709725977164894],[-120.05581720653669,48.709673205235021],[-120.05579479286187,48.709621755799319],[-120.05577755883242,48.709572775373459],[-120.05576513528699,48.709525541467698],[-120.05575756721952,48.709480219030432],[-120.05575487272903,48.709436931693439],[-120.05575705531471,48.709395808461728],[-120.05576411005974,48.709356901853404],[-120.05577602148571,48.709320280324349],[-120.05579277422591,48.70928599446431],[-120.05581293419246,48.709255034538117],[-120.05583824982956,48.709222882736022],[-120.0558686726647,48.709189601078677],[-120.05590412067393,48.709155280002477],[-120.05594457595184,48.709119948936781],[-120.05598977932206,48.70908384486124],[-120.05603947900754,48.709047169646155],[-120.05609318242965,48.709010290363409],[-120.05614999939114,48.708977141560624],[-120.05621469497252,48.708947924101771],[-120.05628786615632,48.708922362513434],[-120.05637070651436,48.708900035547046],[-120.05645466304136,48.708882360723074],[-120.05655124042794,48.708866165776428],[-120.0566523695925,48.708852162648114],[-120.05693305191845,48.708817010513464],[-120.05701686726515,48.708804511030131],[-120.05709052567244,48.708791549542127],[-120.05717214071593,48.708774070957276],[-120.05724535016361,48.708754536011355],[-120.05731155897047,48.70873256818313],[-120.05737143734497,48.708707938370537],[-120.05745950233538,48.708666621414729],[-120.05753825323116,48.708627472360241],[-120.0576099084324,48.708589385220819],[-120.05767517865021,48.708551975398009],[-120.05773490316118,48.70851473715728],[-120.05778894218481,48.7084777259765],[-120.05783748028112,48.708440814683755],[-120.05788061920927,48.708403928174242],[-120.05793358118444,48.708350691603606],[-120.0579821150254,48.708291589602005],[-120.05802642376982,48.708226379988318],[-120.05806682441133,48.708154595867221],[-120.05810298918783,48.708077242365377],[-120.05813646281194,48.707991458509127],[-120.0581679812133,48.70789565863933],[-120.05820168815562,48.707777279546747],[-120.05821209246484,48.707728859435257],[-120.05821788345442,48.707677418566057],[-120.05821912651808,48.707622434527522],[-120.0582158489715,48.707562849613019],[-120.05820068072843,48.707451805072857],[-120.05815170681322,48.707194970639385],[-120.05814331239657,48.707131755374299],[-120.05813918011653,48.707075351284175],[-120.05813925730101,48.707020995133995],[-120.05814387691444,48.706970676239514],[-120.05815311273724,48.706923650923279],[-120.05816704686633,48.706879513129785],[-120.05819676269188,48.706812586856046],[-120.05823492559502,48.706745567968959],[-120.05828155667254,48.706678424585043],[-120.05833668502608,48.706611113085728],[-120.05840032852238,48.706543604028447],[-120.05847257044221,48.706475806734325],[-120.05855349323697,48.706407642878268],[-120.05864323333617,48.706338997443403],[-120.05874003236723,48.706271039599208],[-120.05884577133399,48.706202289366296],[-120.05896082009447,48.706132505376047],[-120.05908587542872,48.706061263151092],[-120.05921972821085,48.705989150082019],[-120.05936635711606,48.705913932829034],[-120.05952832628039,48.705834252208739],[-120.05972067465078,48.70574270331138],[-120.05981771486313,48.705698278056033],[-120.05991837343278,48.705654572625775],[-120.0600224772263,48.70561166053465],[-120.06012982294826,48.705569627153572],[-120.06024023058185,48.705528542506443],[-120.06035338871661,48.705488524986073],[-120.06058672370068,48.705412122262686],[-120.06080438025712,48.705346160947379],[-120.06101156468829,48.705286844933418],[-120.06121058605449,48.705233512569457],[-120.06140231892512,48.705185935607105],[-120.06158784120404,48.705143858637207],[-120.06176700724966,48.705107332556999],[-120.06194005602835,48.705076307097102],[-120.06210711800418,48.705050760379706],[-120.06226894430137,48.705030605980028],[-120.06242489235397,48.705015952693984],[-120.06257500291116,48.705006798108137],[-120.06271930106456,48.70500313879279],[-120.06285781098413,48.705004976175182],[-120.06299053174072,48.705012311380671],[-120.06311746856939,48.705025143515009],[-120.06323861889774,48.705043473050289],[-120.06333878945556,48.705063635698437],[-120.06344051443747,48.705088694918018],[-120.06354381934696,48.705118655637882],[-120.06364873724739,48.705153528038252],[-120.06375529007823,48.705193318611954],[-120.06386355150136,48.705238052972412],[-120.06397359195061,48.705287759177104],[-120.06408550911397,48.705342482114098],[-120.06419839130913,48.70540172114007],[-120.0643134140151,48.705466038725056],[-120.0644307961167,48.705535557156388],[-120.06455091510799,48.705610497746456],[-120.06467355326598,48.705690693867759],[-120.06480030347899,48.705777157126768],[-120.06493239629498,48.705870713678557],[-120.06507351114787,48.705973969980704],[-120.06517623889592,48.706052506793355],[-120.06527712466135,48.706134276126384],[-120.06537597558308,48.706219122030369],[-120.06547259042773,48.706306870296991],[-120.0655667803849,48.706397350177753],[-120.0656583153411,48.706490344618274],[-120.06574698772079,48.706585641070184],[-120.06583258287607,48.706683008498032],[-120.06591496938515,48.706782306490091],[-120.06599384769861,48.706883183621905],[-120.06606901252603,48.706985375281405],[-120.06614026108414,48.707088608902247],[-120.06620740422186,48.707192607650967],[-120.06627025524966,48.707297082990493],[-120.06632863956486,48.70740174896229],[-120.06638239817178,48.707506316873214],[-120.06642493940275,48.707597399983449],[-120.06646429619795,48.707691315864615],[-120.06650047489902,48.707788077499842],[-120.06653348088268,48.707887698980343],[-120.06656331788749,48.707990193744777],[-120.06658999734817,48.708095591730213],[-120.06661352385819,48.70820392313243],[-120.0666339086515,48.708315228255657],[-120.06665112827564,48.708429322411121],[-120.06666523605485,48.708546490263046],[-120.06667624271473,48.708666810715549],[-120.06668415712737,48.708790397751564],[-120.06668898603878,48.708917298096587],[-120.0666907460575,48.709047805663964],[-120.06668943902423,48.709182179381926],[-120.06668506108038,48.709320852009249],[-120.06667638999964,48.709476143382851],[-120.06666340580676,48.709631639839543],[-120.06664614375843,48.709786921903287],[-120.06662464495663,48.709941621673984],[-120.06659896743128,48.710095342924426],[-120.06656915307886,48.710247835966058],[-120.06653525937745,48.710398819262039],[-120.06649733906139,48.710548049678096],[-120.06645553830656,48.710695009403686],[-120.06640984107918,48.710839801741685],[-120.0663603047541,48.710982242859558],[-120.06630698572765,48.711122175396589],[-120.06624994647413,48.711259432473582],[-120.06618923358175,48.711393907291459],[-120.06612490164524,48.711525481316407],[-120.06605699860309,48.711654051270109],[-120.06598612724122,48.711778591044514],[-120.065911835676,48.711899995092665],[-120.06583417024352,48.712018188596716],[-120.06575317510784,48.712133105573074],[-120.06566889766405,48.712244677593894],[-120.06558137546732,48.712352857680422],[-120.06549064670182,48.712457596865278],[-120.06539675123658,48.712558850582781],[-120.06529976374605,48.712656541871162],[-120.06519968297711,48.71275067469692],[-120.06509654633857,48.712841216197667],[-120.0649903834812,48.712928138627262],[-120.06488123282659,48.713011411764526],[-120.06476911988028,48.713091015164956],[-120.0646540766535,48.713166927245069],[-120.06453613096518,48.713239129973694],[-120.06436299897753,48.713337253598816],[-120.06417859776217,48.713434304226745],[-120.06398546132598,48.71352894476663],[-120.06378678219205,48.713619607290681],[-120.06368252325403,48.713662765898441],[-120.06357316792274,48.71370272427599],[-120.06345847671092,48.713739567556985],[-120.06333813636191,48.713773398488456],[-120.06321194820839,48.713804281902959],[-120.06307922769668,48.713832394955837],[-120.06293934127088,48.713857873932248],[-120.062791298695,48.713880898785156],[-120.06266658236515,48.713897630549148],[-120.06253478793415,48.713913075803404],[-120.06239453908377,48.713927399444451],[-120.06224309626249,48.713940882019628],[-120.0619609619558,48.713962079880076],[-120.06128591191599,48.714006611506008],[-120.06110911986426,48.714020185168678],[-120.06095071188976,48.714034121237376],[-120.06078928608321,48.714050634146773],[-120.06063918611756,48.714068634539103],[-120.06049803099874,48.714088407837153],[-120.06036455345249,48.714110135563921],[-120.06023682239862,48.714134169001007],[-120.06011520476528,48.71416047679471],[-120.05999915866633,48.714189177320335],[-120.05988830781591,48.714220364652967],[-120.05978224656995,48.714254157731602],[-120.05968082563295,48.714290609007037],[-120.05958383600291,48.714329792654596],[-120.0594911184503,48.714371775073843],[-120.0592635425206,48.714482511562174],[-120.05910059443866,48.714567726587084],[-120.05902847842569,48.714608506354558],[-120.05896291905763,48.714648000075918],[-120.05890325303801,48.714686607560779],[-120.05884913049071,48.714724557270067],[-120.05879092340233,48.714769490043452],[-120.0587355146947,48.714816961179025],[-120.05868293435401,48.714866943827772],[-120.05863321463251,48.71491940980448],[-120.05858638123328,48.714974328313595],[-120.05854247181477,48.715031659891274],[-120.05850151618526,48.715091362690949],[-120.05846354767482,48.71515338955286],[-120.05842856642397,48.715217751729135],[-120.05839664272192,48.715284331716703],[-120.05836780707294,48.71535306406453],[-120.05834208955505,48.715423874942353],[-120.05831951802695,48.715496695604998],[-120.05830012417992,48.71557142376038],[-120.05828393324659,48.715647962004283],[-120.05827097090678,48.71572619594648],[-120.05826112634317,48.715807284372765],[-120.05825465220086,48.715889854876067],[-120.05825155708786,48.715973755664109],[-120.05825185030523,48.716058811340361],[-120.05825553092781,48.716144863327003],[-120.05826259162936,48.716231681839687],[-120.05827301447535,48.716319049283058],[-120.05828677051471,48.716406726507259],[-120.05830386956077,48.716494688313205],[-120.05832422668701,48.716582432949295],[-120.05834777655215,48.716669676911572],[-120.05837443561973,48.716756114519455],[-120.05840411696677,48.71684145665256],[-120.05843670138354,48.716925358786966],[-120.05847206338018,48.717007496283664],[-120.05851006142585,48.717087538857328],[-120.0585973180153,48.717277171426652],[-120.05862197738652,48.717324897984454],[-120.05864629515182,48.717366284805607],[-120.05867542419887,48.71740861965899],[-120.05870613499137,48.717445691717735],[-120.0587389282296,48.717478099020248],[-120.05877408391333,48.717506112849456],[-120.05881886899351,48.717533920275486],[-120.05887150668826,48.717559222933758],[-120.05893250524514,48.717582271868061],[-120.05900299732107,48.717603499052331],[-120.05906570235645,48.717619146076537],[-120.05913776637409,48.717634649027929],[-120.05941084789433,48.717684860173108],[-120.05951802515841,48.717707264517024],[-120.05963775007442,48.717733907268183],[-120.05975937795091,48.717758505332228],[-120.05988296302006,48.717781069872025],[-120.06000856245244,48.717801612475263],[-120.06013622879671,48.7178201399024],[-120.06026604239528,48.717836666258748],[-120.06039808123423,48.717851199486624],[-120.06053243476256,48.717863752096065],[-120.06066902434492,48.717874318120252],[-120.06080813420726,48.717882925750388],[-120.06094988892498,48.71788958134497],[-120.06109443720997,48.717894292671772],[-120.0612419016626,48.717897064555011],[-120.06139252451165,48.717897902476999],[-120.0615465293436,48.717896806728795],[-120.06170420069161,48.717893777261665],[-120.06198351549531,48.717884081426526],[-120.06227681315475,48.717868618035311],[-120.06258708388597,48.717847235376247],[-120.06292034599123,48.71781952200751],[-120.06320954976705,48.71779230290425],[-120.06353213361257,48.717759348955298],[-120.06487917553019,48.717612926489075],[-120.06517866103486,48.717583141682034],[-120.06544932948091,48.717558616838147],[-120.06597067909408,48.717511168306395],[-120.06649082336637,48.717458121832713],[-120.06700976086404,48.717399477661999],[-120.06752749275576,48.717335235583832],[-120.06804401760908,48.717265395843704],[-120.06855933529309,48.717189958459869],[-120.06907344567739,48.717108923450745],[-120.06958634993333,48.717022290607275],[-120.07009804793186,48.716930059948631],[-120.07060853824359,48.716832231722215],[-120.07111782107752,48.716728806828293],[-120.07162589563298,48.716619783526347],[-120.07213276342115,48.716505162489497],[-120.07263842301528,48.716384943966595],[-120.07314287559092,48.71625912775098],[-120.07364611972264,48.716127714092259],[-120.07428687877618,48.719415467980099],[-120.07437184161748,48.719588934587712],[-120.07444850759066,48.71976283280646],[-120.07451687663001,48.719937162650872],[-120.07457695093457,48.720111922797848],[-120.07462872653494,48.72028711394271],[-120.0746722076041,48.720462736292063],[-120.07470738983524,48.720638789658111],[-120.07473427706387,48.720815273364131],[-120.07474082782335,48.720895667743186],[-120.07474038832272,48.720980966251588],[-120.07473296351013,48.721071994668598],[-120.07471842247131,48.721170402918268],[-120.07470078420918,48.721259072366209],[-120.07467729771786,48.721358243667026],[-120.07458583538279,48.721694452146671],[-120.07455429582895,48.721820609659105],[-120.07452898172062,48.721946344520887],[-120.07451451331394,48.722057259320792],[-120.07451075053946,48.722118695027646],[-120.07451062725508,48.722176969082135],[-120.07451414365889,48.722232466592558],[-120.07452131562547,48.722285443105257],[-120.07453218889374,48.722336170540693],[-120.07454678934785,48.722384738300981],[-120.07456515937587,48.72243127892623],[-120.0745873367092,48.722475891015137],[-120.07461465571797,48.722522366973941],[-120.07464547189196,48.722569093593009],[-120.07467975962697,48.722616029327547],[-120.07471748084323,48.722663125424212],[-120.07475860405837,48.72271033948855],[-120.07480307736913,48.722757612037],[-120.07485084891816,48.722804887335144],[-120.07490185668372,48.722852104853402],[-120.07501344055996,48.722946221091874],[-120.07513706134617,48.723039296738918],[-120.07527192971236,48.723130734513767],[-120.07541704440014,48.723219854958629],[-120.0755727425808,48.723306744580107],[-120.07573632309985,48.723389778914296],[-120.07590625704215,48.723468184003266],[-120.07608083402347,48.723541168835169],[-120.07625830458389,48.723607999974497],[-120.0764367662084,48.723667957653639],[-120.07661435139983,48.723720413672865],[-120.0767892610218,48.723764838710728],[-120.07685213372602,48.723778019492279],[-120.07691992569751,48.723789434726491],[-120.07699332161705,48.723799201177293],[-120.07707372257548,48.723807508304617],[-120.07722599840056,48.723818566085541],[-120.07758786033733,48.723837644467714],[-120.07767941544635,48.723844573839834],[-120.07776014338585,48.723852660799345],[-120.07784065539661,48.723863339746494],[-120.07791364466208,48.723876073142677],[-120.07798029212398,48.723891066487219],[-120.07804120912404,48.723908462558128],[-120.07810730251347,48.723933109345822],[-120.0781690144677,48.723963324986606],[-120.07822647684631,48.723999174690377],[-120.07827985160611,48.724040758786991],[-120.07832924053932,48.724088136480624],[-120.07837492382386,48.724141557417283],[-120.07841712304254,48.72420127775154],[-120.07845613877249,48.724267720161031],[-120.07848518150524,48.724325866881365],[-120.07851267184353,48.724389153542162],[-120.07853890120147,48.724458236454076],[-120.0785643831488,48.724534468550807],[-120.07860624736911,48.724679714701587],[-120.07869767086173,48.725032735184854],[-120.07872440067167,48.72512375666431],[-120.07875090612055,48.725203859434266],[-120.07878126757902,48.725283640790231],[-120.07881330960333,48.72535564918995],[-120.07884754706551,48.725421026904755],[-120.07888428972419,48.725480358445658],[-120.07892414341302,48.725534497724155],[-120.07896703204729,48.725583224154214],[-120.07901314446066,48.725626755463431],[-120.07906263429709,48.725665231938414],[-120.07911568840109,48.725698789927343],[-120.07917238716816,48.725727472640315],[-120.07923284832974,48.725751337412412],[-120.07929717213206,48.725770424914288],[-120.07934173287632,48.725780631364479],[-120.07938985980108,48.725789675634076],[-120.07949912817723,48.725804688167727],[-120.07961454422075,48.72581525666655],[-120.07993630677609,48.72583823081581],[-120.0800311994189,48.72584840817126],[-120.08011368851925,48.725860638522938],[-120.08022840430819,48.725883121575983],[-120.08034213264627,48.725910682195078],[-120.08045511094402,48.72594337836702],[-120.08056763466388,48.725981296421935],[-120.08067989944287,48.726024490392554],[-120.08079247612164,48.726073171207183],[-120.08090586321659,48.726127553071976],[-120.08102078581007,48.726187981465245],[-120.08111913088793,48.726243739200747],[-120.08122000251707,48.726304552549003],[-120.08132440968321,48.726371026302402],[-120.08143426182339,48.72644437308918],[-120.08164133772357,48.726590013098019],[-120.08202324388955,48.726869432678086],[-120.082177584105,48.726980254015189],[-120.0823386735733,48.727091317742321],[-120.08248651937032,48.727187453561051],[-120.0825727299933,48.727240439226371],[-120.082656997738,48.727289806637089],[-120.08273987462864,48.72733588085579],[-120.08282173155874,48.727378865560162],[-120.08290298717218,48.727418976727307],[-120.08298377948724,48.727456277534976],[-120.08306431864574,48.727490863614157],[-120.08314476656507,48.727522806166704],[-120.08339940465626,48.727617632331246],[-120.08364622906782,48.727705166023277],[-120.08388656450256,48.727785875921143],[-120.08412119095706,48.727860022720144],[-120.08435099680732,48.727927878181134],[-120.08457613697404,48.727989480918424],[-120.08479696595202,48.728044926634688],[-120.08501373219352,48.728094277007585],[-120.08513767711064,48.728118534002334],[-120.08526940718957,48.728139505430249],[-120.08541027808272,48.728157414004485],[-120.08556300673231,48.728172607419474],[-120.0856982435245,48.728183214571153],[-120.08584990632075,48.728192783202246],[-120.08635636421575,48.728217619521473],[-120.08654337189061,48.728228303566503],[-120.0867265078505,48.72824195908133],[-120.08688961084397,48.728258139940834],[-120.08705796668777,48.728280276617262],[-120.08721297347157,48.728306991398888],[-120.0873571978091,48.728338728832277],[-120.08742569884774,48.728356576149096],[-120.08749197975797,48.728375790503307],[-120.08762725245761,48.728414253185356],[-120.08797485234651,48.72850412546827],[-120.08813425983486,48.728548329752762],[-120.08821694331058,48.72857361611706],[-120.08829132965168,48.728598467504689],[-120.08835868677104,48.728623308966064],[-120.08841959997562,48.728648360147304],[-120.08848270510613,48.72867789245894],[-120.08853812101415,48.728708128025715],[-120.08858612342307,48.728739217688549],[-120.08862686683126,48.728771264016153],[-120.08866050014088,48.728804391224649],[-120.08868704862918,48.728838639980374],[-120.08870656228696,48.72887407198165],[-120.0887190661945,48.728910738260865],[-120.08872297470344,48.7289366495812],[-120.08872304273078,48.728966462889041],[-120.08871928453711,48.729001988798196],[-120.08870194411826,48.729112335318156],[-120.08870076603768,48.729146317390324],[-120.08870400477269,48.729175433122883],[-120.08871330118019,48.729208410695897],[-120.08872773244369,48.7292405587228],[-120.08874732982252,48.729271951576216],[-120.08877214856896,48.729302679151026],[-120.08880222332003,48.729332799256149],[-120.08883771502776,48.729362485657504],[-120.08887879963855,48.729391886006304],[-120.08892577721124,48.729421218264136],[-120.08901347677136,48.729468279880848],[-120.08912097840421,48.729517904649775],[-120.08922981008836,48.729563311141952],[-120.08949776788765,48.729670089923566],[-120.08962744181592,48.729726101856038],[-120.0896869094655,48.729754473526597],[-120.08974012147635,48.729782118222495],[-120.08978789855942,48.729809464214057],[-120.08983065351816,48.729836751982887],[-120.08995247240708,48.72992075597773],[-120.09007275444468,48.730006750397486],[-120.09019141936939,48.730094677919759],[-120.09030838918366,48.730184479885999],[-120.09042358685302,48.730276096529359],[-120.09053692845151,48.730369464593444],[-120.09064833684782,48.730464516812695],[-120.09075773298112,48.730561188138438],[-120.09086504892021,48.730659417207669],[-120.09097019760603,48.730759125342296],[-120.09107310349331,48.730860242179673],[-120.09117369195231,48.730962692499311],[-120.09127188936347,48.731066403721762],[-120.09136762432392,48.731171298181522],[-120.09146082774211,48.731277300625969],[-120.09155143047806,48.731384332053032],[-120.09163934518044,48.731492291287289],[-120.09172453233782,48.731601122315894],[-120.09180692642045,48.731710748321326],[-120.09188647129585,48.731821088020034],[-120.09196310629987,48.731932062801384],[-120.09203678088713,48.732043595099064],[-120.09210743959645,48.732155605389757],[-120.0921750377596,48.732268016954919],[-120.09223951615819,48.732380736837285],[-120.09230084303373,48.732493703904282],[-120.09235897699246,48.732606842741262],[-120.09241387794131,48.732720077705174],[-120.0924655120028,48.732833334881413],[-120.09251384631025,48.732946542996103],[-120.09255884867089,48.73305963253582],[-120.09260049503581,48.733172533498568],[-120.09275895618572,48.733589067717176],[-120.09279575778992,48.733699972616954],[-120.09282302611531,48.733799116248974],[-120.09284407067624,48.73390393740879],[-120.09285454920079,48.734001324182863],[-120.09285462979469,48.734092897730775],[-120.09285076928174,48.734136767399505],[-120.09284430119214,48.734179473591624],[-120.09281700151692,48.734299666106509],[-120.0927799203748,48.734418135785944],[-120.09273403141324,48.73453179770511],[-120.09270803064312,48.734586210258996],[-120.09268011902047,48.734638740627105],[-120.09265058122818,48.734688902990129],[-120.09261932088012,48.73473691340871],[-120.09258640961436,48.734782661617928],[-120.09255191149887,48.734826057469242],[-120.09251590231365,48.734867008761377],[-120.09247842419039,48.734905469588554],[-120.09243953058814,48.734941387362198],[-120.09239926595244,48.73497471858969],[-120.09234207968244,48.735014536195436],[-120.09227561460753,48.735051724457094],[-120.09219918967152,48.735086673307769],[-120.09211136241068,48.735120047063468],[-120.09202803799045,48.735147226695489],[-120.09193165433604,48.735175103922977],[-120.09157744507566,48.735266086914713],[-120.09143810907582,48.735305012789638],[-120.09136690585407,48.735327421777612],[-120.09130233136781,48.735349953078568],[-120.09124321217965,48.735373016249],[-120.09118896824003,48.73539684073598],[-120.09112469776632,48.735428089520909],[-120.09105938942454,48.735462285039986],[-120.09092279659326,48.735541048610884],[-120.0907852257094,48.735628308068193],[-120.08892639824235,48.736048964278382],[-120.08742684687564,48.736526532251318],[-120.08630843620965,48.737087623075638],[-120.08612769571177,48.737612016739334],[-120.08518317110982,48.738294188133821],[-120.08477663088753,48.73900902482449],[-120.08431191304854,48.73925657589438],[-120.08414092809247,48.7393438554803],[-120.08398324934397,48.739421095951734],[-120.08382638023855,48.739494140551251],[-120.08367632678565,48.739559887965953],[-120.08353140439554,48.739619073997289],[-120.08339071322533,48.73967206489192],[-120.08324781228163,48.739720988795938],[-120.08310819957032,48.739763655454766],[-120.08297144768892,48.739800196135995],[-120.08283725995872,48.73983068819912],[-120.08270530895236,48.739855201237198],[-120.08257548698535,48.739873751310299],[-120.08244763133035,48.739886359424574],[-120.08232161796275,48.739893038865453],[-120.08227424798088,48.739893444928938],[-120.08222364837791,48.739891936638145],[-120.08211027679144,48.739883073791283],[-120.08199789840674,48.739869343298345],[-120.08172633773665,48.739830757420599],[-120.081654786339,48.73982241840244],[-120.08159185563396,48.7398168397999],[-120.08152560305709,48.739813509760609],[-120.08146586975886,48.739813570419578],[-120.08141156544453,48.739817024908639],[-120.08136213564651,48.73982391212764],[-120.08131431181488,48.739834715472398],[-120.08126510957426,48.739849880760282],[-120.08121467862938,48.739869360153513],[-120.08116319842972,48.739893085572071],[-120.08111082495341,48.739920989290781],[-120.08105783455395,48.739952929885895],[-120.08100448156576,48.73998875194215],[-120.08095106511588,48.740028257437764],[-120.08089745264509,48.740071589847055],[-120.08084447144338,48.740118127928866],[-120.08079250856228,48.740167533311933],[-120.08074198419203,48.740219405452322],[-120.08069329341602,48.740273343508406],[-120.0806469058323,48.740328829304794],[-120.08060324814326,48.740385355939551],[-120.080562727881,48.740442395443758],[-120.08052624511699,48.740498569779888],[-120.08049349188555,48.740554231653313],[-120.08046475212942,48.740608903869926],[-120.08044025193979,48.740662150372671],[-120.0804201979452,48.74071351690602],[-120.08040470113819,48.740762698432199],[-120.08039386451638,48.74080937628208],[-120.08038774705136,48.740853283653237],[-120.08038637437868,48.740893885260071],[-120.08038968855423,48.740931345325336],[-120.08039767423014,48.740965504010639],[-120.08041030283506,48.74099623949278],[-120.08042751909392,48.741023432747362],[-120.08044928153652,48.741047026214154],[-120.08047552970412,48.741066956264426],[-120.08050620630912,48.741083178442011],[-120.08053504676356,48.741093569749808],[-120.08057033681601,48.741102344515127],[-120.08061247457614,48.741109606789109],[-120.08066236453378,48.741115513767767],[-120.0807622226742,48.741122630749267],[-120.08101549151463,48.741133953563768],[-120.08113117801122,48.74114413606052],[-120.08117751990429,48.741150964155111],[-120.08121777834411,48.741159142676111],[-120.08125244826954,48.741168774690571],[-120.08128178032305,48.741179930906426],[-120.08132601509237,48.741203720943609],[-120.08136368591364,48.741232641456463],[-120.08139484212653,48.741266727023458],[-120.08141953301083,48.741306033840225],[-120.08143779349155,48.741350591492598],[-120.08144969386758,48.741400547377673],[-120.08145527219015,48.741456051722807],[-120.08145455533442,48.741517352537933],[-120.08144884102876,48.741575414969802],[-120.081438361179,48.741638470389852],[-120.08142303511916,48.741707033666188],[-120.08140261826549,48.741782203609247],[-120.08135636450126,48.741925963253614],[-120.08124762885963,48.742231468029118],[-120.08121156294511,48.742348392008594],[-120.0811700851178,48.742484282211358],[-120.08111857283174,48.74262151983492],[-120.08105704502773,48.742760060203736],[-120.08098552575819,48.742899850228703],[-120.0809040355541,48.743040842132757],[-120.08081261809191,48.743182961534266],[-120.08071131839596,48.743326137571295],[-120.08060019407466,48.743470288719976],[-120.08047915430659,48.743615511651143],[-120.08034842008342,48.743761516775585],[-120.08020809621516,48.7439081898683],[-120.08005831427393,48.744055392285723],[-120.07989918075803,48.74420301420156],[-120.07973094218958,48.744350825433159],[-120.07955383231329,48.744498616825176],[-120.07936816963644,48.744646124915974],[-120.0792964159206,48.744704755602285],[-120.07911910116803,48.744858082820116],[-120.07906808202222,48.744899003273346],[-120.07902084973796,48.744933973005594],[-120.07896353935122,48.744971867397744],[-120.07890773234888,48.745003447267422],[-120.07885238670133,48.745029299120894],[-120.07879695703056,48.745049670686591],[-120.07875034408086,48.745061358771089],[-120.07869787148786,48.745068608336751],[-120.0786390276339,48.745071497722634],[-120.07857271692663,48.745070081669596],[-120.07851245403022,48.745065773308994],[-120.07844356967686,48.745058449660668],[-120.07813910852909,48.745017956984157],[-120.07806666837773,48.745011712594071],[-120.0780043063519,48.745009567988163],[-120.07794540403553,48.745011763663442],[-120.07789412264412,48.745018703743249],[-120.07784965130209,48.745030501144271],[-120.07781158218155,48.745047269583871],[-120.07777881108282,48.745067002238464],[-120.07774460478038,48.74509077891603],[-120.07770998586255,48.745117889698733],[-120.0776759932597,48.745147522223846],[-120.077643742916,48.745178684354002],[-120.07761388959419,48.745210717450405],[-120.07758711363705,48.745242895449906],[-120.0775638879158,48.745274643245239],[-120.07754526808172,48.74530425962773],[-120.07753046018539,48.745332696308324],[-120.07751960852715,48.74535967717479],[-120.07751278960079,48.745385006572768],[-120.07751004785008,48.745408481308509],[-120.07751137984069,48.745430034342256],[-120.07751678147514,48.745449571505056],[-120.07752623042251,48.745467027187104],[-120.07753589163633,48.745478190688296],[-120.07754927736394,48.745489353808615],[-120.07758777155424,48.745512105054353],[-120.0776408049077,48.745535415546705],[-120.07775754418532,48.745579227635268],[-120.0778021180992,48.745597540291328],[-120.07784129633464,48.745617615382308],[-120.07786611017367,48.745636575460765],[-120.07787707613555,48.745650080821193],[-120.07788486484021,48.745664646265993],[-120.07788946424705,48.745680247599303],[-120.07789086487153,48.745696856419464],[-120.07788906344592,48.745714446053931],[-120.07788406133882,48.745732969289001],[-120.07786451916786,48.74577262119557],[-120.07783227121884,48.745815571506668],[-120.07778788464464,48.745860961773815],[-120.077732145985,48.745907980610276],[-120.07766635375556,48.745955528722625],[-120.07758906365363,48.746004233921603],[-120.07750527880798,48.746050571481234],[-120.0774178991239,48.74609293802898],[-120.07732995952055,48.746129861566082],[-120.07724485026924,48.746159967572787],[-120.07716448005121,48.746182629570221],[-120.07709088250732,48.746197279052737],[-120.0770570779594,48.746201505177126],[-120.07702547075158,48.746203638462823],[-120.0769892152581,48.746202959528588],[-120.07695027393574,48.746198420040592],[-120.07690822428735,48.746189975625285],[-120.07686220563787,48.746177456669301],[-120.076776319326,48.746147832450134],[-120.07657490112223,48.746068892504248],[-120.07652563286464,48.746051946526272],[-120.07648149648551,48.746038894881117],[-120.07644188699653,48.746029466805382],[-120.07640496093377,48.746023127441767],[-120.07637025917214,48.746019798434808],[-120.07633752480881,48.746019458078528],[-120.07628758987461,48.746023132748668],[-120.07623532620956,48.746030618030012],[-120.07618103946332,48.746041870719466],[-120.07612511960599,48.746056810298946],[-120.07606789891094,48.746075357901049],[-120.07601001631369,48.746097314246626],[-120.07595206415294,48.746122456276971],[-120.07589472518035,48.746150488731246],[-120.07583807462073,48.746181430377035],[-120.07578358401172,48.746214535901743],[-120.07573204176362,48.746249325257857],[-120.07568421399186,48.746285281906694],[-120.0756408405193,48.746321846002715],[-120.07560248862485,48.746358533015211],[-120.0755696729601,48.746394847901975],[-120.07554278697201,48.746430356306227],[-120.07550821177951,48.746490112857884],[-120.07548033561281,48.746557622991794],[-120.07546038411661,48.746629920352383],[-120.07544927506964,48.746703691347804],[-120.07544746893009,48.746775135036231],[-120.07514297248761,48.747312036097107],[-120.07534219507056,48.74774962622881],[-120.07613654421924,48.748179298244402],[-120.07612200553831,48.748273510433982],[-120.07610073795674,48.748370846813977],[-120.07607297433356,48.748469967296259],[-120.07603893583374,48.748570089070775],[-120.07599890298704,48.74867037759175],[-120.07595321205046,48.748769995128647],[-120.07590225603263,48.748868078039585],[-120.07584646808675,48.74896379135167],[-120.07578631065621,48.749056347573216],[-120.07572446656459,48.749142106085692],[-120.07565942330719,48.749223621290788],[-120.0755916179229,48.74930034408009],[-120.07552146273471,48.74937180953102],[-120.0754494203441,48.749437557069633],[-120.07537580171531,48.749497310513092],[-120.07530095975761,48.749550783515616],[-120.07522520710137,48.749597755034785],[-120.07514927038505,48.749637833818255],[-120.07507297670047,48.74967117040147],[-120.07499656511517,48.749697659972227],[-120.07492023862351,48.749717234100416],[-120.07484421963878,48.749729838806331],[-120.07476864036785,48.749735456577554],[-120.07469365268059,48.749734077732853],[-120.07461938771328,48.749725703738619],[-120.0745611830895,48.749713765543916],[-120.07449550911093,48.749695356507431],[-120.07441639779445,48.749668654474533],[-120.07423727777613,48.749601911009208],[-120.07415698742743,48.749573934737214],[-120.07407314394166,48.74954905243704],[-120.07399885655046,48.749532649560336],[-120.07389982383164,48.749518571482966],[-120.07379655256845,48.749510477885543],[-120.07368908548834,48.749508371605152],[-120.07357747442742,48.749512253883609],[-120.07346175945891,48.749522124264537],[-120.07334202134039,48.749537976106296],[-120.07321833297155,48.74955980038547],[-120.07309078966787,48.749587581334723],[-120.07295918798791,48.749621378990348],[-120.07282394908732,48.74966110361504],[-120.07268522401465,48.749706710893044],[-120.07254321116447,48.749758135065704],[-120.07239803815452,48.749815335921632],[-120.07225010708513,48.749878159422437],[-120.07209977995288,48.749946451977905],[-120.07194757363018,48.750019978390682],[-120.07183217990162,48.750079997465107],[-120.07172061331428,48.750143398231081],[-120.07161287352497,48.750210179819859],[-120.07150895990081,48.75028034423196],[-120.07140887176409,48.750353889717786],[-120.07131261171543,48.7504308158328],[-120.07122017782392,48.750511124804831],[-120.0711315694155,48.75059481488384],[-120.07104678779275,48.750681885852636],[-120.07096583363172,48.750772339482765],[-120.0708887062619,48.750866174023621],[-120.07081540472319,48.750963390593846],[-120.07074592868442,48.751063988323025],[-120.07068028142976,48.751167968526083],[-120.07061845838862,48.751275330135591],[-120.07056046347535,48.751386072477324],[-120.07274847117441,48.752494383608258],[-120.07302494404804,48.752527248014765],[-120.07329553407415,48.752565302133661],[-120.07356024130773,48.752608546001376],[-120.07381906647494,48.752656981414887],[-120.07407200764965,48.752710606876818],[-120.07431906651702,48.752769423074881],[-120.07456024408543,48.752833428935489],[-120.07479553846638,48.752902626709847],[-120.07502494902388,48.752977014671046],[-120.07524847839646,48.753056592396746],[-120.07546612598871,48.753141361909023],[-120.0756778898544,48.75323132170768],[-120.07588377132183,48.753326471597056],[-120.07608377108876,48.753426813370133],[-120.07627788720036,48.753532345525471],[-120.07646612261517,48.75364306851872],[-120.07653296409848,48.75368656275122],[-120.07659950811737,48.753735132584112],[-120.07666642726959,48.753789261510093],[-120.07673497498372,48.753849959825509],[-120.07685771204774,48.753969952453161],[-120.07706972464284,48.754193422893863],[-120.07715256740912,48.754277987687693],[-120.07723928229908,48.754360613532569],[-120.0773210058662,48.754431273333381],[-120.07736867881363,48.754468886516328],[-120.07741613441559,48.754503587714602],[-120.07746367250471,48.75453559781009],[-120.07751150483094,48.754565056342415],[-120.07755986960854,48.75459210667163],[-120.07760885377837,48.75461679087875],[-120.07765858206518,48.75463917355205],[-120.07770915775097,48.754659299547512],[-120.07784087216113,48.754704976710805],[-120.07797950794938,48.754746502786993],[-120.07812284311176,48.754783214668805],[-120.07826873203642,48.754814561769663],[-120.07841479175104,48.754840051993312],[-120.07855950886665,48.754859440240217],[-120.07870121340396,48.754872504145396],[-120.07883854641837,48.754879119074431],[-120.07893649252703,48.754879965011796],[-120.07903778885974,48.754877701502004],[-120.07914181950268,48.754872341522031],[-120.07924782405392,48.754863923357718],[-120.07935513548486,48.754852493370159],[-120.07946257366929,48.754838169002703],[-120.07956906447828,48.754821094233534],[-120.07967339285486,48.754801462156095],[-120.07974343956916,48.754785598561355],[-120.07981283384824,48.754766521447891],[-120.07988172552668,48.754744190478668],[-120.07995030460479,48.754718543248721],[-120.08001869681206,48.754689541763611],[-120.08008727040689,48.754657034144827],[-120.08015635059742,48.754620868537693],[-120.0802264169416,48.754580795587401],[-120.08034387739092,48.754506483887461],[-120.08047049700181,48.754417784710157],[-120.08059047092847,48.754327709019165],[-120.08088886446212,48.754096516548671],[-120.08097483584051,48.754032769855563],[-120.08105363215773,48.753977005905448],[-120.08114165197675,48.753918450911883],[-120.08122640751117,48.75386634618414],[-120.0813093895584,48.753819778566012],[-120.08139139748656,48.753778303634512],[-120.08171097438168,48.75362853514433],[-120.08199540550959,48.75350162227771],[-120.0822621999389,48.753389767662611],[-120.08251635021587,48.753290929960791],[-120.08264142563307,48.753245370770024],[-120.08276453462307,48.753202656915121],[-120.08288594150571,48.753162695123393],[-120.08300585095742,48.753125421359847],[-120.08312448226165,48.753090766211244],[-120.08324193715953,48.753058701524317],[-120.08335834569043,48.753029193248565],[-120.08347381219735,48.753002212774128],[-120.08381582854325,48.752922013217898],[-120.08390747725514,48.752902433144264],[-120.08398929294583,48.752886943243396],[-120.08407540946695,48.752873384958335],[-120.08415519364566,48.75286402700489],[-120.08422995525137,48.752858716974529],[-120.08430035121179,48.752857411191648],[-120.08434707489104,48.752859169350437],[-120.08439416439583,48.752863504387975],[-120.08444171049993,48.752870424829531],[-120.08448983603111,48.752879946737679],[-120.08453861845702,48.75289208378738],[-120.08458829585256,48.75290688822156],[-120.08463907905288,48.752924424571482],[-120.08469128083388,48.752944798698387],[-120.08478450611697,48.752986438963099],[-120.0848867289387,48.753038438504802],[-120.08498731071715,48.753094153829267],[-120.08524873933327,48.753244568802479],[-120.08532619351745,48.753286498232157],[-120.08539630451483,48.753321938692345],[-120.08547620387689,48.753358555111319],[-120.08555181991473,48.753388751515409],[-120.0856245865324,48.753413098763325],[-120.08569525293741,48.753431841399568],[-120.0857713619862,48.753447999425802],[-120.08584892050864,48.753461928585828],[-120.08592795954043,48.753473633772842],[-120.08768617623471,48.75303977103794],[-120.08918611123372,48.752562168757343],[-120.09114559744776,48.751875146174605],[-120.0936174828601,48.751033851537386],[-120.09644131150812,48.750225573797252],[-120.0965510888042,48.750166022690763],[-120.09666417483069,48.750100399877709],[-120.09678236886158,48.750027666500991],[-120.09689506421333,48.749954937622071],[-120.09701843582683,48.749872303129003],[-120.09747526614136,48.749555151613855],[-120.09766714417502,48.749425855136039],[-120.09777239159416,48.749358082057881],[-120.09787184115139,48.749296736070121],[-120.0979674543477,48.749240607073823],[-120.09806024052379,48.749189106618182],[-120.09817413568841,48.749130236648973],[-120.09828585694351,48.749077453485988],[-120.09839621346107,48.749030378518569],[-120.09850574204172,48.748988781413104],[-120.09861506306493,48.748952439730893],[-120.09872437086975,48.748921298735148],[-120.09883397644914,48.748895271023919],[-120.09894412171685,48.748874299156277],[-120.09901269716292,48.748864287602018],[-120.09908572395346,48.748856436388429],[-120.09916397970855,48.748850658037476],[-120.09924903734563,48.748846834627777],[-120.09940745293697,48.748844478331215],[-120.09978291766107,48.748846251743139],[-120.0998782395252,48.748844650607033],[-120.09996364926816,48.748841336266374],[-120.10004612554798,48.748835882903158],[-120.10012286692347,48.748828297810846],[-120.10019497097193,48.748818473126946],[-120.10026302880456,48.748806324013529],[-120.10032977199226,48.748791504982577],[-120.10039830553782,48.748773572184746],[-120.10046929314777,48.748752354758523],[-120.10054397678404,48.748727483685059],[-120.10068755503002,48.748673960936486],[-120.10095770411041,48.748564589314995],[-120.10106856317887,48.748521521088612],[-120.10118509175716,48.74848027640995],[-120.10129183788329,48.748447593244272],[-120.10140824046164,48.748416199007352],[-120.10152775116022,48.748386225227684],[-120.10165045159046,48.748357652890505],[-120.10177644317578,48.748330456688059],[-120.10190580916658,48.748304618256761],[-120.10203872391695,48.748280103258601],[-120.10217534780175,48.748256880745252],[-120.10231589330287,48.748234914389357],[-120.10260765001226,48.748194861089324],[-120.10291878686385,48.748159213745346],[-120.10325332015755,48.74812749253806],[-120.10362213967099,48.748098658744738],[-120.10582275800742,48.7476698041161],[-120.10692244844823,48.747391036563819],[-120.10913766728414,48.746574994099177],[-120.10922701205871,48.746527427378489],[-120.10933710788272,48.74647134744496],[-120.10944485346279,48.746419068613442],[-120.10955072359276,48.746370361981803],[-120.10965525287935,48.746324984396772],[-120.10975861688586,48.746282868426292],[-120.1098610789939,48.746243903987072],[-120.10996284594944,48.746208014417981],[-120.11017854633103,48.746131622419021],[-120.11042368364012,48.74603844522953],[-120.11068135590283,48.745935837954242],[-120.1114422267397,48.745626631187825],[-120.1116814427086,48.745533188737227],[-120.11189632947755,48.745452885836947],[-120.1121383248334,48.745367957753061],[-120.11236320720494,48.745295624072334],[-120.11257486322621,48.745234639355445],[-120.11267634664074,48.745208226593739],[-120.11277519949586,48.745184462510977],[-120.11288942164158,48.745159625734999],[-120.11300037351609,48.745138424577199],[-120.11310824056271,48.745120824637141],[-120.11321316532663,48.745106802797416],[-120.11331529984729,48.745096338972161],[-120.11341471909319,48.745089429414016],[-120.11351151297332,48.745086065875235],[-120.11360575679183,48.745086245488388],[-120.11369762446949,48.745089976272091],[-120.11378706030263,48.745097261429038],[-120.11387411751819,48.745108105722416],[-120.11395883825647,48.745122513980846],[-120.1140412689472,48.745140494978124],[-120.11412143707678,48.745162055173878],[-120.11419937504743,48.745187202983772],[-120.1142751080789,48.745215946204397],[-120.114362945292,48.745253967499245],[-120.11445370530514,48.74529732291019],[-120.11454684119401,48.745345752295322],[-120.11464159890264,48.745398864610138],[-120.11473746403556,48.745456394008215],[-120.11483291329603,48.745517446436708],[-120.11492661767603,48.745581174560712],[-120.11501686714675,48.745646418307658],[-120.11508431070624,48.745701955787965],[-120.11514438801275,48.745762486582592],[-120.11519722063518,48.745828132189857],[-120.11524294870271,48.745899062526668],[-120.11528165902504,48.74597538451647],[-120.11531356954836,48.746057485555923],[-120.11533882890298,48.746145738894036],[-120.11535760584357,48.746240736927085],[-120.11536811384718,48.74632256411121],[-120.1153746201698,48.7464099481614],[-120.11537719788144,48.746503771674668],[-120.11537589856829,48.746605824887645],[-120.11536535128336,48.746798056366465],[-120.11532755072513,48.747256466567357],[-120.11532167092476,48.747374620913881],[-120.11532009173284,48.747479339355202],[-120.11532336145427,48.747585909370862],[-120.11533204445907,48.747683315008871],[-120.11534628788458,48.747773168130493],[-120.11536622917937,48.747856309026531],[-120.11539392836571,48.747938244886065],[-120.11542844686853,48.74801379229045],[-120.11546996516971,48.74808333861963],[-120.11551863664326,48.748147142588238],[-120.11557467925179,48.748205464732791],[-120.1156054944895,48.74823259519809],[-120.11563819491143,48.748258393333714],[-120.11567280192153,48.748282875113979],[-120.11570933162068,48.748306049926889],[-120.11574779885657,48.748327931138505],[-120.11578822131999,48.748348525038971],[-120.11589701338021,48.748399011481048],[-120.11600617830517,48.748445829166982],[-120.11611407252659,48.748488274246029],[-120.11621975602593,48.748525981711289],[-120.11632214263078,48.748558582133242],[-120.11642109801721,48.748586054918114],[-120.11651622712351,48.748608289918337],[-120.11660726369226,48.74862522673704],[-120.11668192769694,48.748635405302778],[-120.11675929483937,48.74864240356878],[-120.11683943924537,48.748646230133673],[-120.11692246203259,48.748646887920238],[-120.11700842913049,48.748644382266498],[-120.11709754851852,48.748638708620454],[-120.11719001274921,48.748629854800662],[-120.11728610388374,48.748617795739086],[-120.11738219776323,48.748603142867559],[-120.11748245305236,48.748585414580234],[-120.11758748270506,48.748564503319933],[-120.11769844462795,48.748540179603225],[-120.11793476022385,48.748482459685384],[-120.1182681015023,48.748393489820877],[-120.11842856633153,48.748347917341768],[-120.11858664066433,48.748298592322371],[-120.11874137967314,48.748245807397211],[-120.118891951618,48.748189849456601],[-120.11903748678976,48.748131044003557],[-120.11917743509579,48.748069619120884],[-120.11931120288087,48.748005837785747],[-120.1194382942921,48.747939935480751],[-120.11949236313833,48.747909190739058],[-120.11954688485675,48.747875218883642],[-120.11960243523737,48.747837663310747],[-120.11966011592337,48.747795781991307],[-120.11976216194766,48.747715843119899],[-120.11998975037352,48.747528233970456],[-120.12009953638118,48.747444372480906],[-120.12019829135909,48.747377550461088],[-120.12029412333399,48.747322017415591],[-120.12034642840214,48.747295694343052],[-120.12040138231447,48.747270722654349],[-120.12045907389829,48.747247062329265],[-120.12051961473077,48.747224667476154],[-120.12058309108551,48.747203502280833],[-120.12064972178183,48.747183492636054],[-120.12071971306038,48.747164575097663],[-120.12079336452399,48.747146668897855],[-120.1209562568116,48.747112952997242],[-120.12114176929205,48.747081858600779],[-120.12134341028909,48.747053697979048],[-120.12175223608983,48.747003021380628],[-120.12192332696044,48.746980265242144],[-120.12209986707929,48.746953250849266],[-120.12225439896281,48.746924950497352],[-120.12234330747265,48.746905967865445],[-120.12242697722078,48.746885834625367],[-120.12250600437238,48.746864406699537],[-120.12258076713623,48.746841580138145],[-120.12265167143019,48.746817225456226],[-120.12271883731131,48.746791297160833],[-120.12278244643122,48.746763722036178],[-120.12284264019704,48.74673444144554],[-120.12294084858316,48.746681410308568],[-120.12304026984557,48.746622875379458],[-120.12314153013916,48.746558470254818],[-120.1232457176821,48.746487505021108],[-120.12335079037521,48.74641159054206],[-120.12346287965609,48.746326498389813],[-120.12358430561162,48.746230614919618],[-120.1237434082047,48.746101562180222],[-120.12383694065582,48.746021135891574],[-120.12392885192092,48.745933846579369],[-120.12402011509771,48.745838780244952],[-120.12411254874144,48.745734047660122],[-120.12418897664659,48.745641481586553],[-120.12427123860422,48.745536731053079],[-120.12452609626713,48.745196624613527],[-120.12461651029142,48.745078739522278],[-120.12470408903106,48.744969849667413],[-120.12478687079842,48.744873107796565],[-120.1248654999501,48.74478746686696],[-120.12494379783612,48.744708477134125],[-120.12502275509247,48.744635143519083],[-120.12510297518511,48.744566910034834],[-120.12527747232718,48.744429143506238],[-120.12545782780099,48.744294637661376],[-120.12564336348397,48.744163898609159],[-120.12583345773582,48.744037362414915],[-120.1260274203954,48.743915485631923],[-120.12622478182242,48.743798557386533],[-120.1264250136864,48.743686891204547],[-120.12662763985061,48.743580751991423],[-120.12683163113402,48.74348065019057],[-120.12703715470604,48.74338647470875],[-120.12724383139735,48.743298399213451],[-120.12745132502752,48.74321656821855],[-120.12765927131926,48.743141121777221],[-120.12786743177854,48.743072144039964],[-120.12807553798444,48.743009724412936],[-120.12828335582894,48.742953933127083],[-120.12848293784015,48.742904284298923],[-120.12864588456151,48.742865743782829],[-120.1287947463682,48.742832982107629],[-120.12893286340753,48.742805318055765],[-120.12906606809291,48.742781684541598],[-120.12919271125624,48.742762481974793],[-120.12931390099159,48.7427475430936],[-120.12943026922395,48.742736791742566],[-120.12949004956479,48.742733303443707],[-120.12955123955837,48.742731820790254],[-120.12961397319994,48.742732341868148],[-120.12967842101942,48.742734865865728],[-120.12974469228853,48.742739395208844],[-120.12981314561313,48.742745948684274],[-120.12995808021353,48.742765283183154],[-120.13008407211765,48.742787033631075],[-120.13022481246733,48.742815365169257],[-120.13067804859874,48.742918501569072],[-120.13083709144553,48.742952597175112],[-120.13098686560487,48.742980579504113],[-120.13112196032151,48.743000806180255],[-120.13124715961547,48.74301401395136],[-120.13136498146261,48.743020481424686],[-120.13147698814933,48.743020291366321],[-120.13158406450786,48.743013436888766],[-120.13167575754964,48.743003534746769],[-120.13176887339502,48.74299152702109],[-120.13186299996131,48.742977469145877],[-120.13195770343212,48.742961425070519],[-120.1321471080596,48.742923679770563],[-120.13233363962799,48.742878978188855],[-120.13242461416607,48.742854311786893],[-120.13251367287937,48.74282821054625],[-120.13260045653803,48.742800780765961],[-120.13268463521671,48.742772125479853],[-120.13276587393558,48.742742359885412],[-120.13284392740351,48.742711575916339],[-120.13291854324802,48.742679872387875],[-120.13298950196706,48.74264734328375],[-120.13308562754068,48.742598099579133],[-120.13317927896254,48.742543164006946],[-120.13327049958225,48.742482512048284],[-120.13335934074649,48.742416107444789],[-120.13344583641002,48.742343930146717],[-120.13353009077508,48.742265897031473],[-120.1336121917539,48.742181925957908],[-120.13369225804107,48.742091895554232],[-120.13376921688945,48.741997209099026],[-120.13384454001525,48.741896257972456],[-120.13391846030919,48.741788729743625],[-120.13399136806407,48.741674059778191],[-120.13406289803866,48.74155298309411],[-120.1341348801941,48.74142255876076],[-120.13420849932551,48.741280716452728],[-120.1342887002986,48.741117936975968],[-120.13431296012618,48.741064068950898],[-120.13433448194738,48.741008675667302],[-120.13435329975584,48.740951664716135],[-120.1343694537529,48.740892920047784],[-120.13438297056257,48.740832359003619],[-120.13439390171727,48.740769761128007],[-120.13440228270829,48.740704925695056],[-120.13440815313717,48.740637568572616],[-120.13441246996349,48.740493227683402],[-120.13440690537074,48.740332018954305],[-120.13439281121502,48.740159637660504],[-120.13435500301176,48.739812208763453],[-120.13434135229106,48.739665703496115],[-120.13433230402143,48.739512870018444],[-120.13433100206062,48.739376784235056],[-120.13433408477508,48.739297321750513],[-120.13434020060592,48.739221435512619],[-120.13434939399775,48.739148593418577],[-120.13436170923191,48.73907844755508],[-120.13437722050629,48.739010619386754],[-120.13439596087522,48.738944995991183],[-120.13441798274032,48.738881399035485],[-120.13444333350856,48.738819691466333],[-120.1344771142026,48.738737002355542],[-120.13456889917309,48.738490180170011],[-120.13460139578238,48.738416423759951],[-120.13463431280357,48.738353243783216],[-120.13467637467659,48.738287651749417],[-120.13472200593219,48.738232145169015],[-120.13474641932346,48.738207854153316],[-120.13477197065228,48.73818580153997],[-120.13479872052677,48.73816593534282],[-120.13482671447815,48.7381482221965],[-120.13486935282934,48.738125967999729],[-120.13491717332128,48.738105774747623],[-120.13497013831994,48.73808765655987],[-120.13502819915742,48.738071631372748],[-120.13509131362282,48.738057712230024],[-120.13515938842384,48.738045920205977],[-120.13523232631582,48.738036273310534],[-120.13531000036717,48.738028788189823],[-120.13539301151,48.738023441990315],[-120.13548046433935,48.738020326176205],[-120.13557209196748,48.738019450965446],[-120.13566749993413,48.738020819852608],[-120.13576654164615,48.738024441663036],[-120.13586815383735,48.738030288889611],[-120.13597140856108,48.738038310263825],[-120.13607473265994,48.738048383669337],[-120.13614332230512,48.73805685700659],[-120.13621310890727,48.738067660767847],[-120.13628408365443,48.738080793681711],[-120.13635623281817,48.738096252521686],[-120.13642954430917,48.738114034713035],[-120.13650400343612,48.738134138138221],[-120.13665630110478,48.738181287895827],[-120.13681299623777,48.738237660664176],[-120.13697395033172,48.738303206545062],[-120.13713901562799,48.738377865992319],[-120.13730813807668,48.738461613742068],[-120.13740080582755,48.738510633471044],[-120.13749050032523,48.73856054743618],[-120.13757689110462,48.738611171265234],[-120.13765973793939,48.738662363932178],[-120.13773878598907,48.738713964427426],[-120.13781393226891,48.738765903460383],[-120.13788504448036,48.738818089640333],[-120.1379520215136,48.738870447709282],[-120.13801461409177,48.738922769638805],[-120.13807293906881,48.738975139205579],[-120.13812693867153,48.739027503606515],[-120.1381765686256,48.73907981988215],[-120.13822178426868,48.739132040442726],[-120.13826256239452,48.739184137419706],[-120.13829887844564,48.739236079423129],[-120.1383307131191,48.739287837898011],[-120.1383712450708,48.739364421942049],[-120.1384061204967,48.739442772774119],[-120.13892542525734,48.740184913181217],[-120.13917625533539,48.741665908115444],[-120.13907986607563,48.742821261132363],[-120.13907042657151,48.743789508994261],[-120.13874492046411,48.745092507922671],[-120.13858358659675,48.746409640010391],[-120.13875148548806,48.747260836702203],[-120.13866588681798,48.748548121982651],[-120.13868375282026,48.748666846414267],[-120.13869313904684,48.748781373380027],[-120.13869440994948,48.748906069880569],[-120.1386869834858,48.749035980984459],[-120.13867080235768,48.749172242443365],[-120.13864562288217,48.749316930436045],[-120.13861388605874,48.749460841897118],[-120.13857277482796,48.749620152304175],[-120.13852591910545,48.749784235783913],[-120.13839094108513,48.750236269171026],[-120.13835298651296,48.750374475429822],[-120.13832212714851,48.750498561646708],[-120.13829169356889,48.750641087938483],[-120.13826929761031,48.750774229904088],[-120.13825450197595,48.750900601385275],[-120.13824716095225,48.751021523746431],[-120.13824672203738,48.751129186863963],[-120.13825189257528,48.751241812953609],[-120.13826271837942,48.751360585458094],[-120.13827941174402,48.751487849125219],[-120.13832023101212,48.751722188249829],[-120.1384323325652,48.752274448529448],[-120.1384567238301,48.752417649664444],[-120.13847448092386,48.752547010542841],[-120.13848699995344,48.752676984066071],[-120.13849282951035,48.752799369139808],[-120.13849205500415,48.752916024423286],[-120.13848466445015,48.753027961198143],[-120.13845205048369,48.7534080066564],[-120.1384382137641,48.753517387441789],[-120.13842146864636,48.753614398142354],[-120.13839842772383,48.753713251124751],[-120.13837032110185,48.753804041541166],[-120.13833669469231,48.753888228537292],[-120.1382972477868,48.753966545219143],[-120.13826685903697,48.754017253959788],[-120.13823248795221,48.754068260762281],[-120.13819409294985,48.754119627424366],[-120.13815161601573,48.754171430844345],[-120.13810501744358,48.75422372685167],[-120.13805416549629,48.754276664488067],[-120.13799893185238,48.75433037997923],[-120.13793912072447,48.754385061802509],[-120.13781061752969,48.754493536063563],[-120.13766070658126,48.754609466849892],[-120.13748903546539,48.754733684598634],[-120.13723641232652,48.754908989846832],[-120.13717203970525,48.754951550004002],[-120.13710374136784,48.754993108052105],[-120.13703137533282,48.755033753751242],[-120.13695474120119,48.755073598394283],[-120.13687371563748,48.755112711551917],[-120.13678786352018,48.755151309626747],[-120.13669678027433,48.755189576405812],[-120.13659982567621,48.75522778027549],[-120.13643022981213,48.755289657633107],[-120.13623613539377,48.755354869367054],[-120.13604714303794,48.755414741301287],[-120.13559115466626,48.755555250934698],[-120.1353633464457,48.7556290144896],[-120.13515061348237,48.755703990900408],[-120.13505512554619,48.755740506758791],[-120.13496546181383,48.755776912377151],[-120.13487681327518,48.7558153337893],[-120.13479332525162,48.755854159919501],[-120.13471459293434,48.755893581187564],[-120.13464034030234,48.755933736271118],[-120.13457027726575,48.755974785109863],[-120.1345043013193,48.756016793630621],[-120.1344422682199,48.756059852941199],[-120.13438407165677,48.756104037152724],[-120.13420755747943,48.756247073913713],[-120.13406442002575,48.756369617332084],[-120.13394071915852,48.756483618623051],[-120.13383468082267,48.756590847660625],[-120.1337434640577,48.756694446521237],[-120.13370389173735,48.756744459403173],[-120.13366826872479,48.756793374876992],[-120.13363654670606,48.756841262506782],[-120.1336087106594,48.756888144666505],[-120.13358474084353,48.75693405677378],[-120.13356462358709,48.756979024723321],[-120.13354677916405,48.757027359813122],[-120.1335320880432,48.757077356093532],[-120.13352056520284,48.757128962075733],[-120.13351222354514,48.757182117238692],[-120.13350707313131,48.757236768137609],[-120.13350512203574,48.757292834426202],[-120.13350637283889,48.757350239541438],[-120.13351082276631,48.757408896584309],[-120.13351848103731,48.757468811455787],[-120.13352932969512,48.757529785283033],[-120.13354334840976,48.75759171075682],[-120.13356051110846,48.757654465601533],[-120.13358078559821,48.757717933313963],[-120.13360412583528,48.757781961296047],[-120.13363047541296,48.757846402527399],[-120.13365977155522,48.757911097010314],[-120.13369238687768,48.757976744215405],[-120.13372785940822,48.758042299528611],[-120.13376608716291,48.758107573187452],[-120.13380695600557,48.758172369105523],[-120.13385034239995,48.758236495665322],[-120.13389610554003,48.758299737970077],[-120.13394409594474,48.758361891102695],[-120.13399415400724,48.758422749104355],[-120.13404612026842,48.758482117266041],[-120.1340998135679,48.758539787774289],[-120.13415505458211,48.758595568467321],[-120.13421166148234,48.75864927514025],[-120.13426944366523,48.758700726068298],[-120.13432822196253,48.758749765709076],[-120.13438781493943,48.75879623985773],[-120.13444804497547,48.758840011493504],[-120.13450986304993,48.758881296101876],[-120.13457641739195,48.758921853492794],[-120.1346477780267,48.758961724927708],[-120.13472403730552,48.759000962782466],[-120.1348052586463,48.759039601959884],[-120.13489164135088,48.759077741834751],[-120.13498337502375,48.759115463750369],[-120.13508074107827,48.759152885552268],[-120.13518040981668,48.759188853422216],[-120.13528615790118,48.759224849566081],[-120.13551899623982,48.759297963106619],[-120.13578163923945,48.759373316762307],[-120.13614352255915,48.759470821452787],[-120.13627954049227,48.759503531224709],[-120.13642583692983,48.759532017506061],[-120.13658388511176,48.759556575063165],[-120.1367566942028,48.759577674385362],[-120.13691017131241,48.75959258685922],[-120.13708299575337,48.759606275634937],[-120.1376500445827,48.759641953930689],[-120.13785141941327,48.759656376814114],[-120.13804369585174,48.759673782086146],[-120.13821353125545,48.759693710482509],[-120.13838143567034,48.759719317973868],[-120.13853420078209,48.759749456415939],[-120.13860573297013,48.759766385082798],[-120.13867425376309,48.759784607402509],[-120.13873992584681,48.759804167169172],[-120.13880287396134,48.759825099804559],[-120.13888100208436,48.759853898884927],[-120.13895797031289,48.759885032813905],[-120.13903381081754,48.759918516619635],[-120.13910856362845,48.759954367708666],[-120.1391822622178,48.759992600880452],[-120.13925495717835,48.760033242963061],[-120.13932669582393,48.760076319480902],[-120.13939753077493,48.76012186254404],[-120.13946741785861,48.760169836687375],[-120.13953652061815,48.760220349451522],[-120.13960490918315,48.760273449605435],[-120.13967265971597,48.760329198014261],[-120.13973983714054,48.760387644361167],[-120.13980656455263,48.760448895771852],[-120.13987294927955,48.760513050864979],[-120.13993912846117,48.76058024249101],[-120.14004184778656,48.760690963131587],[-120.14014521475201,48.760810214304257],[-120.14025019130329,48.760939097571999],[-120.1403585508712,48.761079786085396],[-120.14045668113405,48.761213134337488],[-120.14056322434733,48.761363149882548],[-120.14093582843425,48.761906135472799],[-120.14108725089902,48.762121198546062],[-120.14124892528046,48.762338335899443],[-120.14132525762638,48.762435021991202],[-120.14139990365842,48.762525476145321],[-120.14189461993129,48.763111459719468],[-120.14205419873397,48.76330603148768],[-120.14219453513772,48.763482394705996],[-120.14233055883861,48.763660015337656],[-120.14245369908227,48.763828518729063],[-120.14256583244672,48.763990477139501],[-120.14266792420058,48.764147294122701],[-120.14277416293243,48.764320904815236],[-120.14287643415767,48.764497841722893],[-120.14297469886813,48.764678043109967],[-120.14306891988021,48.76486143752259],[-120.14315906271233,48.765047960549374],[-120.14324508274107,48.765237521367808],[-120.14332694257556,48.765430033522783],[-120.14340460144282,48.765625401755116],[-120.14347805314449,48.765823628101977],[-120.14354721845834,48.766024499072429],[-120.14361205172209,48.766227895830426],[-120.14367251493078,48.766433686917594],[-120.14372857017783,48.766641748375072],[-120.14378016916308,48.766851911081915],[-120.14382727342252,48.767064009827031],[-120.14386984264922,48.767277863746273],[-120.14388550741704,48.767386764443707],[-120.14389283779569,48.76750233776341],[-120.14389191371539,48.767625656936268],[-120.1438827215496,48.767758796458587],[-120.1438679328997,48.767884413396359],[-120.14384619270909,48.768024839664655],[-120.14374942291718,48.768534281359912],[-120.14371605210646,48.76873862323297],[-120.14370276459434,48.768847143530685],[-120.14369433921972,48.76894748198567],[-120.14369061370091,48.769041593543236],[-120.1436915549591,48.769130463210956],[-120.14369929402902,48.769235181196017],[-120.14371439080244,48.769333855837964],[-120.14373695231733,48.769427192870161],[-120.14376709395243,48.769515644712065],[-120.14380499745275,48.769599699114572],[-120.14385075251126,48.769679499134853],[-120.14390448647625,48.769755271430675],[-120.1439663206817,48.769827183571437],[-120.14405111846051,48.769912894529419],[-120.14414246325913,48.769996815798983],[-120.14424035610973,48.770078950006628],[-120.14434479635314,48.770159295376089],[-120.14445578304154,48.770237852999919],[-120.14457331845504,48.77031462152339],[-120.14469740067995,48.770389603146256],[-120.14482802905268,48.770462796088772],[-120.14524548316484,48.771317020052479],[-120.14637070752549,48.772237492364475],[-120.14709647994489,48.772969339267064],[-120.1479570099452,48.773884521678582],[-120.14926385277774,48.774973285583719],[-120.15025676205801,48.776152331344022],[-120.15064327113295,48.777158611314739],[-120.1512964868204,48.778032115211722],[-120.15231691677664,48.779034472681403],[-120.15354762814493,48.779591699197432],[-120.15491827440066,48.780016918294166],[-120.15608599927768,48.780327388966931],[-120.15793343709338,48.780607636583305],[-120.15801396633248,48.780620473620878],[-120.15809211095034,48.78063508010581],[-120.15816800306114,48.780651477941994],[-120.15830068488332,48.780683190117401],[-120.15843142736962,48.780716491952248],[-120.15855991163707,48.780751302268939],[-120.15868587441491,48.780787550795353],[-120.15880903824302,48.780825155655755],[-120.15892924880977,48.780864069726256],[-120.15904633206868,48.780904234313581],[-120.15916013857526,48.780945600499095],[-120.15927033999638,48.780988040837421],[-120.15937703464192,48.781031586934112],[-120.15948012211759,48.781076198168719],[-120.15957951741565,48.781121837795887],[-120.15967513677835,48.781168465091064],[-120.15976692505885,48.781216055918136],[-120.15985482536711,48.781264577988644],[-120.15993878838815,48.781314004261546],[-120.1600601965946,48.781390053003605],[-120.16017457541291,48.781466203439848],[-120.16028158400302,48.781542226947487],[-120.16038099206531,48.781617961943162],[-120.16047256570981,48.781693223037806],[-120.1605562305818,48.781767943421229],[-120.16063187801373,48.78184202847747],[-120.16069943089231,48.781915400600504],[-120.16075381368449,48.781985029751731],[-120.16080113864253,48.782060803113822],[-120.16084184881551,48.782143410685741],[-120.16087661355226,48.782234200054013],[-120.16090313090409,48.782323275203233],[-120.16092665471767,48.782423974842061],[-120.16094615148428,48.782527276844583],[-120.16099301266811,48.782806176514811],[-120.16100990348338,48.782889018806557],[-120.16102778709914,48.782962465999852],[-120.16105240120804,48.783044898600416],[-120.16108043066835,48.783120171078721],[-120.16111242318358,48.783189752006543],[-120.16114872212131,48.783254364862003],[-120.16119355463343,48.78332107780836],[-120.1612450926353,48.78338710498123],[-120.16130344675737,48.783452589527649],[-120.16136877839897,48.783517712664263],[-120.16144118736533,48.783582589363824],[-120.16152105903637,48.783647578585416],[-120.16160877687675,48.783712994511738],[-120.16170496195795,48.783779299418818],[-120.1617882562732,48.783833178896799],[-120.1618781836161,48.783888458557257],[-120.1620826506153,48.784006075280132],[-120.16228536808575,48.784115665777463],[-120.16277713811169,48.784374060845508],[-120.16301772268859,48.784506991672167],[-120.16313115265613,48.784573708520526],[-120.16323431419116,48.784637749569839],[-120.163328852376,48.784700136824682],[-120.16341561578622,48.78476143639616],[-120.16349647535455,48.78482307702167],[-120.16357040719886,48.78488439465643],[-120.16363774336108,48.784945667421681],[-120.16369870749533,48.785007097560722],[-120.16375351908674,48.785068916244001],[-120.1638022517964,48.785131213914546],[-120.16384500526735,48.785194119681677],[-120.1638818507634,48.785257739445804],[-120.16394129231134,48.785374954963174],[-120.16466267918696,48.785381208494293],[-120.16517506001145,48.786197563501538],[-120.16474522134298,48.787145936994264],[-120.16361774636556,48.788216903821365],[-120.16326696205684,48.788983528238049],[-120.16308355116595,48.790056451103446],[-120.16328614266466,48.791229404837743],[-120.16377805586045,48.792250813416096],[-120.16498999645924,48.793078559928027],[-120.16686354986723,48.793365169548238],[-120.16858245576844,48.793252942749874],[-120.16932313551186,48.792655805714404],[-120.16939889808528,48.792594725434419],[-120.16946831488444,48.792530959527824],[-120.16953906408676,48.792461895268566],[-120.16961228743079,48.792386420287926],[-120.16975649809245,48.792228000089601],[-120.17003536007967,48.791905363519646],[-120.17015447130485,48.791771538606469],[-120.17028344008101,48.79163549218773],[-120.17040469136714,48.791518649672483],[-120.17047898390054,48.791453003563873],[-120.17055292866237,48.791392324751627],[-120.17062704290687,48.791336190536413],[-120.17070168028292,48.791284334799897],[-120.17077724850034,48.791236483800461],[-120.17085388033532,48.791192563443751],[-120.17093178299297,48.791152454596428],[-120.17101112367621,48.791116071473027],[-120.17116435650695,48.791051261195612],[-120.17131262107605,48.790991129633689],[-120.17145680949973,48.790935317916244],[-120.17159730416607,48.79088367801301],[-120.17173457238141,48.790836044144953],[-120.17186857107919,48.790792437993524],[-120.17199941234927,48.790752822010099],[-120.17212715929494,48.790717179474889],[-120.17225217192005,48.790685419859344],[-120.17237414183907,48.790657634039675],[-120.17249308991188,48.790633818360213],[-120.17260902267434,48.790613971682987],[-120.17272195022888,48.790598091302968],[-120.17283186806729,48.790586179902988],[-120.17293877423255,48.790578235957575],[-120.17304266517782,48.790574261040312],[-120.17311186593608,48.79057432689784],[-120.17318224806048,48.790577197398619],[-120.17325395486704,48.790582876485153],[-120.17332717029718,48.79059137975608],[-120.17340201915246,48.790602717228062],[-120.1734788627186,48.790616939115537],[-120.17355802944408,48.790634104224651],[-120.17364000014798,48.7906543169467],[-120.17379002388414,48.790696867526144],[-120.17395627719338,48.79075069616654],[-120.17412336729618,48.790809631576707],[-120.17457527634478,48.790975132667924],[-120.17471218089851,48.791022115935135],[-120.17483577459737,48.791061502621559],[-120.1749766378444,48.79110180730413],[-120.17510920773742,48.791134289346914],[-120.17523596578242,48.79115955296097],[-120.1753581749132,48.791177842307185],[-120.17544856084005,48.791187588391665],[-120.17554407758463,48.791195114636025],[-120.17564571600697,48.791200503417471],[-120.17575547041147,48.791203861831669],[-120.17595905665378,48.791205264571943],[-120.17643526576977,48.791201057647278],[-120.1765554120398,48.791202067676736],[-120.17666318129812,48.79120487210708],[-120.17676860243995,48.791209927750941],[-120.17686689419544,48.791217229343474],[-120.17695950955668,48.791226886118459],[-120.1770472429944,48.791238983041254],[-120.17714289962611,48.791256145870932],[-120.17723841016669,48.791277757524256],[-120.17733398089051,48.791303866329919],[-120.17742987843886,48.791334543839071],[-120.17752627281089,48.791369834418973],[-120.17762369756116,48.791409925294275],[-120.17772262726226,48.791455009359929],[-120.17782376733462,48.79150540622495],[-120.17790641655297,48.791549598774111],[-120.17799174930384,48.791597818804128],[-120.17817489527422,48.791708887812753],[-120.1783467917126,48.791820101922838],[-120.17875257875666,48.79209041432302],[-120.17895882796176,48.792220967422125],[-120.17906069059124,48.792281440590266],[-120.17915784386327,48.792335980061182],[-120.17925181316643,48.792385439874309],[-120.17934343608474,48.792430259257038],[-120.17943236218326,48.79247032594202],[-120.17952010222459,48.792506379989064],[-120.17960702936601,48.792538574780572],[-120.17969341618623,48.792567011830435],[-120.17977957172378,48.792591786241225],[-120.17986561586621,48.792612931443848],[-120.17995172243593,48.792630487363716],[-120.18003802921204,48.792644483345548],[-120.18020345751276,48.792666317989863],[-120.1803624750689,48.792684128054574],[-120.18051561231019,48.792697973488039],[-120.18066309757273,48.792707873366233],[-120.18080520906585,48.792713842693566],[-120.18094191077051,48.792715874656174],[-120.18107326044951,48.792713971326712],[-120.18119928643911,48.792708130552924],[-120.18129118880833,48.792700886557434],[-120.18138689046592,48.792690538114357],[-120.18148723956052,48.792676995280075],[-120.18159383825447,48.792660043032022],[-120.18181359491375,48.792618850860364],[-120.18219180623305,48.792539482964614],[-120.18234254929475,48.792506705240513],[-120.18249490651347,48.792470599995774],[-120.1826491653601,48.792431097868587],[-120.18280569291132,48.792388105156824],[-120.18296473366496,48.792341560052648],[-120.18312701270474,48.792291255133655],[-120.18329318469137,48.792236987838791],[-120.18346420687357,48.792178445992128],[-120.18378639628743,48.792061622932671],[-120.18414172036235,48.791924772971818],[-120.18446425125359,48.791795487546189],[-120.18534228507994,48.7914373761622],[-120.1856812569403,48.791300186775295],[-120.18600757027075,48.791165346023725],[-120.18632269220481,48.791032244422368],[-120.18662762100796,48.7909004630298],[-120.18692344611352,48.790769523618536],[-120.18721053304759,48.79063926326824],[-120.18748942009744,48.790509436968172],[-120.18776052063166,48.790379850812066],[-120.18802497737555,48.790249944788172],[-120.1882822583181,48.790119961974767],[-120.18853262370241,48.789989772985678],[-120.18877628637694,48.78985926616798],[-120.18901346626816,48.78972832298129],[-120.18924428675079,48.789596873825133],[-120.18946889322577,48.789464837702951],[-120.18968740187658,48.789332144395857],[-120.19008054644777,48.789086364899866],[-120.1903939105964,48.788882678364772],[-120.19053639157288,48.788786424573274],[-120.19067019598545,48.788693305284255],[-120.19079651781809,48.788602489177201],[-120.19091607288721,48.788513459332243],[-120.19106291850514,48.788399760765572],[-120.19120812123047,48.788282715402708],[-120.1913516791231,48.788162325472399],[-120.19149359183113,48.788038590104286],[-120.19163385968062,48.787911510188842],[-120.19177248328381,48.787781083746566],[-120.19190946426986,48.787647311438981],[-120.1920448051783,48.787510189067902],[-120.19217849251417,48.787369732175272],[-120.19231054586946,48.787225919464127],[-120.19244097072792,48.787078747158709],[-120.19256977382221,48.786928207503934],[-120.19269695735547,48.786774295421736],[-120.19282253610518,48.786616995162383],[-120.19294652258409,48.786456292314696],[-120.19306892987628,48.78629216672747],[-120.19317397493612,48.786154597894786],[-120.19339618444693,48.785877966662099],[-120.19348809773656,48.785760242509852],[-120.19357857793341,48.785636772797638],[-120.19365262803954,48.785525358312697],[-120.19369080554324,48.78546181185591],[-120.193724422073,48.785400468425941],[-120.1937536949245,48.785340935440558],[-120.19377875032191,48.785282955712226],[-120.19379970325457,48.785226239252658],[-120.19381658154326,48.78517069939624],[-120.1938294272605,48.785116196213238],[-120.19383826337612,48.785062623212539],[-120.19384358023753,48.785007494489918],[-120.1938455384464,48.784950837244196],[-120.19384413671376,48.784892583090482],[-120.19383937608862,48.784832644434132],[-120.19383125408775,48.784770960619781],[-120.19381975095448,48.784707357481068],[-120.19380483769409,48.784641676576314],[-120.19378646409474,48.784573689883274],[-120.19374106962862,48.784435289546551],[-120.19368131882425,48.784283535519471],[-120.19360704445069,48.784116797362081],[-120.19349582191282,48.783884766064318],[-120.19342596033201,48.783745092121038],[-120.19335797684424,48.783618016360386],[-120.19329005883867,48.783500154434002],[-120.1932214563703,48.78339023310982],[-120.19315119253589,48.783286757798379],[-120.19307928313312,48.783189830977307],[-120.19300543410375,48.783099056976795],[-120.19292944853656,48.783014195038078],[-120.19284484899781,48.782929437069356],[-120.19275176519804,48.782846012200181],[-120.19265009764412,48.782763827953978],[-120.19253970153011,48.782682771628139],[-120.19242048340786,48.78260276283774],[-120.19229213393324,48.782523589999975],[-120.19215435686975,48.782445068360886],[-120.19200670194623,48.78236694157647],[-120.19185463171274,48.782291791929275],[-120.19169207203032,48.782216332619612],[-120.19151799028496,48.782140079852333],[-120.19133044918156,48.782062185476441],[-120.19113509538579,48.78198475668448],[-120.19091891397548,48.781902424084741],[-120.19068008520492,48.781814315984683],[-120.19033835708507,48.781690834310325],[-120.19016581988724,48.781629932785997],[-120.18999216509704,48.781571121649066],[-120.18981781004622,48.781514542704087],[-120.1896431309965,48.781460317725589],[-120.18946852870916,48.781408570758472],[-120.18929428129371,48.78135938163495],[-120.18912069011124,48.781312836436484],[-120.18894802501225,48.781269007991384],[-120.18877682811076,48.781228026498205],[-120.18860703415154,48.781189870540288],[-120.18843885160493,48.781154587091855],[-120.18827247089493,48.781122215964174],[-120.18810808533475,48.781092793641207],[-120.18794583227955,48.781066344834784],[-120.18778585723436,48.781042893763519],[-120.18762828929917,48.781022458133755],[-120.18753055848154,48.781011653595499],[-120.18743182095362,48.781002777113827],[-120.18733203392641,48.780995825873575],[-120.18723114153948,48.780990795599266],[-120.18712909709804,48.780987684162646],[-120.18702583104564,48.78098648781755],[-120.18692127387862,48.7809872065679],[-120.18681534958367,48.780989841562558],[-120.18670811582368,48.780994387352543],[-120.18659933840681,48.781000849415015],[-120.18637671185323,48.781019550995687],[-120.18614648437845,48.781046029398269],[-120.18590718840987,48.781080451561309],[-120.1856972574611,48.781115798235376],[-120.18547783997587,48.781157258017316],[-120.18524674359446,48.781205241872172],[-120.18499975858677,48.781260621810873],[-120.18477474971459,48.781314039869407],[-120.18452451153249,48.781375955595479],[-120.1836303592672,48.781605686343205],[-120.18326921638253,48.781695982762038],[-120.18289679067783,48.781783601702699],[-120.18272554327656,48.781821270469166],[-120.18256143780623,48.781855478839326],[-120.18236903854556,48.781892914192326],[-120.18218369459022,48.781925923112723],[-120.18200419201905,48.781954721016248],[-120.18182972938743,48.781979435727827],[-120.18165941963173,48.782000185688581],[-120.18149298749032,48.782016999592535],[-120.18132999866016,48.782029919064776],[-120.18117012434104,48.782038970932554],[-120.18067567426257,48.782057704472805],[-120.18043735807865,48.782064037136522],[-120.18020446347592,48.782068362328658],[-120.17997660196301,48.782070685429119],[-120.17975363230511,48.78207100780687],[-120.17953535254524,48.782069328349451],[-120.17932160543317,48.782065646539635],[-120.1790388445374,48.782061619290126],[-120.17871200534621,48.782061207303769],[-120.17762669386012,48.782071716412759],[-120.17724143734478,48.782073567494699],[-120.17690493531757,48.782071962201414],[-120.17660055404521,48.782066773012794],[-120.17640450384913,48.782061034272857],[-120.17621785633759,48.782053480305585],[-120.17603946563577,48.782044062627676],[-120.17586860594197,48.782032744414529],[-120.1757044793796,48.782019467674388],[-120.17554687127466,48.782004209087596],[-120.17539541999305,48.781986935457276],[-120.17524985886102,48.781967614745099],[-120.17509176686022,48.781943213197508],[-120.17494068607989,48.781916105052495],[-120.17479639739314,48.78188625179407],[-120.17465873588348,48.781853618531173],[-120.17452752543676,48.781818162941015],[-120.17440268120129,48.781779859548735],[-120.17428410389905,48.781738677895625],[-120.17417171190451,48.781694590057278],[-120.17406532925496,48.781647517964274],[-120.1739650146156,48.781597480453456],[-120.17387071934714,48.781544452256419],[-120.17378240035501,48.781488408068526],[-120.17370001748552,48.781429323007039],[-120.17362354404513,48.781367178280554],[-120.17355295622902,48.78130195176918],[-120.17348823124631,48.781233623993487],[-120.17334915199412,48.78107977128721],[-120.17328496779669,48.781005948074643],[-120.17322513037232,48.780931334347663],[-120.17317743495509,48.780864047437554],[-120.17313773865018,48.78079701774675],[-120.17310982006194,48.780734957853632],[-120.17309338274151,48.780677198066414],[-120.17308944131189,48.7806498270063],[-120.17308834226853,48.780623417694692],[-120.17309086324705,48.780592245988167],[-120.1730976600018,48.780560540596426],[-120.17310874408726,48.78052824121572],[-120.17312414179487,48.780495268033427],[-120.17314387071902,48.780461572840956],[-120.17316801927603,48.780426991594013],[-120.17319668814508,48.78039137406936],[-120.17323006082974,48.78035449627086],[-120.17329372513606,48.780292298348513],[-120.17337250920225,48.780223751310082],[-120.17345621296218,48.780156273472137],[-120.17367253048275,48.779987807590445],[-120.17377992324651,48.779897139136345],[-120.17386853944332,48.779820888440689],[-120.1739665133439,48.779744037513893],[-120.17407487011626,48.779665771683895],[-120.17419576353862,48.779584531783286],[-120.17430377904491,48.779515858649894],[-120.17442681249928,48.779440746005335],[-120.1749751619987,48.779116583549474],[-120.17510825737104,48.779033528026979],[-120.17522524387634,48.778956475859204],[-120.17533258457091,48.778881032213114],[-120.17542971950427,48.778807421515005],[-120.17551797947822,48.778734633473604],[-120.1755980756998,48.778662077828891],[-120.17567938607745,48.778586875360247],[-120.17588675404495,48.778402607590856],[-120.17598030639654,48.778316817138922],[-120.17607281528916,48.778225953504666],[-120.17614784194026,48.778143958066437],[-120.1761846176211,48.778099101310325],[-120.17621679532577,48.778055808697609],[-120.17624455309257,48.778013838399467],[-120.17626799733584,48.777973029790203],[-120.17628722215279,48.777933204672451],[-120.1763022493423,48.777894311283497],[-120.17631310968382,48.777856263386198],[-120.17631982091309,48.777818998653274],[-120.17632312717865,48.777767479270338],[-120.17632036436723,48.777713745144126],[-120.17631153601339,48.77765788494262],[-120.17629666197845,48.777600011718057],[-120.17627575858309,48.777540218467706],[-120.17624889115338,48.777478696713871],[-120.17621613600284,48.777415630406807],[-120.17617761376067,48.777351246455275],[-120.17613293609564,48.777285044536185],[-120.17608274208071,48.777218097420885],[-120.17602731694997,48.777150785401311],[-120.17596705039634,48.777083586941238],[-120.17590226907188,48.777016881626636],[-120.17583373389708,48.776951473618482],[-120.17576218185454,48.776888065083362],[-120.17568854019582,48.77682748074492],[-120.17558641779787,48.776748608513408],[-120.17549483879351,48.776682412327844],[-120.17540768529877,48.776624479254068],[-120.17532377216999,48.776574069377475],[-120.17524119918988,48.776530140891253],[-120.17516050877262,48.776493085251644],[-120.17508136895398,48.776462751239926],[-120.17500360130772,48.776439072481644],[-120.17491797679122,48.776420246976087],[-120.17482426300947,48.776406877593409],[-120.17472190248873,48.776398877186921],[-120.17460976842652,48.77639615627043],[-120.17449299055188,48.776398404007722],[-120.17436223092804,48.776405418310283],[-120.17422078085973,48.776416603508764],[-120.17399025994455,48.77643820914934],[-120.17387620013855,48.776451017791381],[-120.17375787241203,48.7764686199286],[-120.17363410884491,48.776491184241578],[-120.17350263045724,48.776519123627736],[-120.17338429625042,48.776547130559074],[-120.17325294645181,48.776580635344295],[-120.17269992149316,48.776730007185215],[-120.17258322746036,48.776762451404274],[-120.17246427580454,48.776800407024268],[-120.17234285992033,48.776843940434901],[-120.1722187048028,48.776893149787149],[-120.17209163412144,48.776948097085921],[-120.1719610925321,48.777009015291867],[-120.17182658014173,48.777076137012486],[-120.17168734811591,48.777149835421838],[-120.17156225139109,48.777219343706655],[-120.16920018167613,48.778071097963739],[-120.16845696165801,48.778511787911057],[-120.16730907533747,48.778459236892139],[-120.16722363476993,48.778398531994114],[-120.16714731477674,48.778350157850099],[-120.16707453728519,48.778310464386195],[-120.16695270624969,48.778253465100939],[-120.16682164465374,48.778199366378004],[-120.16668206485765,48.77814846308268],[-120.16653491681791,48.77810110418055],[-120.1663809744846,48.778057556795147],[-120.16622198678724,48.778018335845566],[-120.16605958497165,48.777983845365128],[-120.16589578821461,48.77795451519119],[-120.16583338577415,48.777945513835867],[-120.16576941134174,48.777938540583946],[-120.16570374988443,48.777933581816967],[-120.16563625116744,48.777930626343824],[-120.16556681067546,48.777929666215393],[-120.16549513794033,48.777930694211278],[-120.16542096941382,48.777933715295795],[-120.16534392128355,48.777938743352337],[-120.16519143747054,48.777953529884044],[-120.16502154172414,48.777975937452219],[-120.16484487532175,48.778003716038157],[-120.16435122714061,48.778087225305313],[-120.16419974491836,48.778109460339032],[-120.16406413072137,48.778126063453968],[-120.16390913394174,48.778139891674634],[-120.16376516652502,48.778146512716368],[-120.16362943069603,48.778146052728054],[-120.16356419990923,48.77814316474641],[-120.1635005309177,48.778138496669435],[-120.16331945253789,48.77811981610219],[-120.16312984557581,48.778095014108942],[-120.16293125746004,48.778064033929851],[-120.1627227021807,48.778026721765663],[-120.16235975579347,48.777958217523924],[-120.16214562010087,48.777916268988108],[-120.16194485286726,48.777874399380465],[-120.16176468794485,48.777833748155764],[-120.16158970335196,48.777790519177728],[-120.16142855307521,48.777746491387987],[-120.16127941500612,48.777701165511409],[-120.1611413763481,48.77765426027652],[-120.16100820171322,48.777603288881622],[-120.16088592007334,48.77755015042073],[-120.16077416646841,48.77749468725883],[-120.16067270960052,48.777436782176757],[-120.16058131950319,48.777376296102943],[-120.16049993352541,48.777313181797084],[-120.160428458948,48.777247364406733],[-120.16036682968196,48.777178784133461],[-120.16025551551088,48.777037602844338],[-120.16021832195621,48.776984160158236],[-120.16018832262354,48.77693509213676],[-120.16016384960609,48.776887193910362],[-120.1601460286502,48.776842031674789],[-120.16013469655267,48.77679919521772],[-120.16012980345748,48.776758475263023],[-120.16013075454875,48.776721441485243],[-120.16013666335471,48.776682246183398],[-120.16014755580819,48.776640710935446],[-120.16016352116812,48.776596493002963],[-120.16018400321879,48.776550597033768],[-120.16020989559824,48.776500643356563],[-120.16028594945075,48.776373723406323],[-120.16032008567099,48.776324070054969],[-120.16035981664207,48.776275305650884],[-120.16040521644344,48.776227337285974],[-120.16045639342209,48.776180049113307],[-120.16051341574294,48.776133368998522],[-120.16057655007199,48.776087068689975],[-120.16064605929212,48.776040953492554],[-120.1607223727226,48.775994737435255],[-120.16079134069616,48.775956024228989],[-120.16086596383063,48.775916682789131],[-120.1610358956606,48.775834187060575],[-120.16120517937912,48.775758211611681],[-120.16160617749756,48.775584762912409],[-120.16179535624231,48.775497535073221],[-120.16193865125607,48.775431589727297],[-120.16209304993281,48.775367203020984],[-120.16226017632621,48.77530369008344],[-120.16244335174352,48.775239784871239],[-120.16260499431102,48.775187133202763],[-120.16278742820383,48.77513072020529],[-120.16338530677346,48.77495470992087],[-120.16359751489117,48.774890609968232],[-120.16379782312742,48.774826837064964],[-120.16397601216974,48.774766068900554],[-120.16414376132045,48.774704107284222],[-120.16429831863186,48.774641721634644],[-120.16444184514779,48.774578036901296],[-120.16457551269829,48.774512529507717],[-120.16463515772982,48.774480443880407],[-120.16469584849276,48.7744451707987],[-120.16482330539991,48.77436332033411],[-120.1649441964984,48.774278000839402],[-120.16524699541674,48.774054828554057],[-120.16533643182936,48.773993069373468],[-120.1654188854632,48.773940011753353],[-120.16551422823595,48.77388429573255],[-120.16560706710284,48.773836525041006],[-120.16569915070717,48.773795800248699],[-120.16579142538838,48.773761712550154],[-120.16596512966071,48.773706829908207],[-120.16613397165631,48.773659512839529],[-120.16629510784814,48.773620552530289],[-120.1664472210542,48.773590260429081],[-120.16658881398844,48.773568898823719],[-120.16665568660576,48.773561548080082],[-120.16671986430882,48.773556427512119],[-120.16678128485559,48.773553541486827],[-120.16683991922419,48.773552890411374],[-120.16689573154493,48.77355447495659],[-120.16694869211798,48.773558293768779],[-120.16700131080624,48.773565283429306],[-120.1670530265843,48.773576088587141],[-120.16710395723948,48.773590733651425],[-120.16715424656599,48.773609260075482],[-120.16720399542808,48.773631695243175],[-120.1672534748967,48.773658155035378],[-120.16730292355118,48.773688764803715],[-120.16735268097827,48.773723735523625],[-120.16743688981148,48.773792032141841],[-120.1675266650593,48.773876017848302],[-120.16761294635268,48.773964926791606],[-120.16784235114025,48.77421178453362],[-120.16791339346339,48.774283013142643],[-120.1679794213951,48.774344381134462],[-120.16805616393856,48.774408778066494],[-120.16813152942143,48.774464132625354],[-120.16820684559609,48.774511415303714],[-120.16828282117808,48.774551063518878],[-120.16850595939846,48.774655054307196],[-120.16866535568036,48.774725444293168],[-120.16881291188476,48.774785176315319],[-120.16894958836778,48.774834276103839],[-120.16908408873577,48.774875465378365],[-120.16914900879726,48.774892467376858],[-120.16921259789063,48.774907134799115],[-120.16927502747369,48.774919505170885],[-120.16933635377453,48.774929587403861],[-120.16939666113939,48.774937394864864],[-120.16945601558642,48.774942936624186],[-120.16954553772244,48.774947658872179],[-120.16964004281024,48.774948796508554],[-120.16973921888032,48.774946344215415],[-120.16984262141531,48.77494031339841],[-120.16995000735785,48.774930704482571],[-120.17006031915929,48.774917597173591],[-120.17017261161148,48.774901103120946],[-120.1702854557425,48.774881431242029],[-120.17036852993759,48.774863787175626],[-120.17045120718116,48.774842167837917],[-120.17053365195051,48.774816531154698],[-120.17061607050984,48.774786813607726],[-120.17069859768131,48.774752975516236],[-120.17078164809128,48.774714851882251],[-120.17086559166184,48.77467227710747],[-120.17095097001879,48.774624975520922],[-120.1710214529335,48.774583056641276],[-120.17109389094023,48.774537467956378],[-120.17124812775326,48.774433044468587],[-120.17139501893193,48.774326523213752],[-120.17175214559738,48.774059216605529],[-120.17185261869488,48.773987241307786],[-120.17194390579506,48.773924882635917],[-120.17204836254065,48.77385317760767],[-120.17215425094432,48.773775877870541],[-120.1722626771772,48.773692180867968],[-120.17237576440462,48.773600448293593],[-120.17257826547088,48.773427137445587],[-120.17304699533196,48.773011216323745],[-120.1731720955697,48.77290473481861],[-120.17328763289471,48.772810456877146],[-120.17340844214574,48.772716919098151],[-120.17352582356678,48.77263156734216],[-120.17364160840988,48.772553070255604],[-120.17375682839902,48.772480735167811],[-120.17399979887649,48.7723287712451],[-120.17458491311505,48.77194810781242],[-120.17473104855836,48.771856498497591],[-120.17486520372817,48.77177536571088],[-120.17503320833198,48.771678826834034],[-120.17519192053247,48.771593831238071],[-120.17534403715098,48.771518938595676],[-120.17549088874597,48.771453503315698],[-120.17557154102288,48.77142068491208],[-120.17565098105115,48.771390659442254],[-120.17572932240066,48.771363382502621],[-120.1758066550283,48.77133882417963],[-120.17588307670071,48.77131695318625],[-120.17595863684002,48.771297757074777],[-120.17603339720782,48.771281219347813],[-120.17610740790241,48.771267329318214],[-120.17618078806309,48.771256067916831],[-120.17625350554792,48.77124744549738],[-120.17632559290809,48.771241456337975],[-120.17639708438692,48.771238099118158],[-120.17646801388911,48.771237371637191],[-120.17653840230241,48.771239273983547],[-120.17660827379481,48.77124380754838],[-120.1766776492539,48.771250972420184],[-120.17676829778131,48.771263040720967],[-120.17685701123791,48.771276748110722],[-120.17694258688552,48.771291908561594],[-120.17702429252071,48.771308392393756],[-120.17710132192181,48.77132602561597],[-120.17717353684725,48.771344766759711],[-120.17724062889566,48.771364536613262],[-120.17730239528457,48.771385274043574],[-120.17734377382753,48.771401639402555],[-120.17738340684227,48.771420393448103],[-120.17742136100627,48.771441568628596],[-120.17745771814924,48.7714652078851],[-120.17749253289477,48.77149134484587],[-120.17752594099159,48.771520075937929],[-120.17755805928826,48.771551499032626],[-120.17758903400257,48.771585759466603],[-120.17761814419399,48.771621875031393],[-120.17764656066396,48.771661108779952],[-120.17770254290575,48.771750681507115],[-120.17775527110098,48.771849384645982],[-120.17785281504526,48.772050054743346],[-120.17789520778719,48.772132724509277],[-120.17794314251009,48.772216307787801],[-120.17799075213922,48.772287480446984],[-120.17802134064839,48.772327171602228],[-120.17805286889492,48.772363556571662],[-120.17808555935656,48.772396892273896],[-120.17811956723197,48.772427336559318],[-120.1781550859648,48.772455052770141],[-120.17819218006841,48.772480082188849],[-120.1782309513131,48.772502494319326],[-120.17827148389431,48.772522338260451],[-120.17832093956955,48.772542618515303],[-120.1783752078458,48.772561272311314],[-120.17843474636628,48.772578459755287],[-120.17850040871069,48.772594427332187],[-120.17857014858495,48.772608855413772],[-120.17864933430936,48.772623004719343],[-120.17897170562112,48.772671993346371],[-120.17910770810468,48.772696030267987],[-120.17917919670275,48.772711455976555],[-120.17924370973384,48.772727888560794],[-120.17930251455132,48.772745653059665],[-120.17935622251026,48.772764937067308],[-120.17941054901199,48.772787697759519],[-120.17946365316106,48.772812953471856],[-120.17951564366068,48.772840755576965],[-120.17956665754137,48.772871174901056],[-120.17961678127284,48.772904259208183],[-120.17966626665445,48.772940168160659],[-120.17971532922003,48.772979057460823],[-120.17976427245701,48.77302116696503],[-120.17984836265828,48.773101160254178],[-120.17993659408755,48.773194675079161],[-120.18002082589561,48.773291174379096],[-120.18023944076799,48.773550917747606],[-120.1803067552809,48.773626293115043],[-120.18036949661057,48.773692277404152],[-120.18044366348363,48.773764058513791],[-120.18051700609217,48.773827957386771],[-120.18059089857931,48.773885169349391],[-120.18066608847386,48.773936264979803],[-120.18080401360353,48.774019777486728],[-120.18095359440002,48.774102897784097],[-120.1811159721712,48.774186262506475],[-120.18129330722631,48.774270986008254],[-120.18147804984534,48.774353915890721],[-120.18168563332716,48.774442376111566],[-120.18191354521616,48.774535694796647],[-120.18227955103599,48.774682047035455],[-120.18254388459336,48.774789537790625],[-120.18328288598433,48.775095593061089],[-120.18351014470525,48.775186787313217],[-120.18371574353476,48.775266504588821],[-120.18394858458083,48.775352624307011],[-120.18416760181024,48.775428706345245],[-120.18437659566619,48.775496068130998],[-120.18457747459075,48.775555317589877],[-120.18479050805662,48.775611561227777],[-120.18499680971122,48.775658880592388],[-120.18509776703254,48.775679270918374],[-120.18519737769837,48.775697504244675],[-120.18529572543061,48.77571359591942],[-120.18539288184469,48.775727558721051],[-120.18548900869278,48.775739412128125],[-120.18558406409822,48.775749148469686],[-120.18567809965442,48.77575677182783],[-120.18577116010768,48.775762286549288],[-120.18586329377109,48.775765695413398],[-120.18595453000377,48.775766998894575],[-120.18604490665254,48.775766197853983],[-120.18613445307679,48.77576329276588],[-120.18628277143456,48.775754311581956],[-120.18643803424848,48.775740224066453],[-120.18660086348076,48.775720974343862],[-120.1867723313073,48.775696437668401],[-120.1869514126012,48.775666843222119],[-120.18714311815216,48.775631437247384],[-120.18735104098772,48.775589588498285],[-120.18759047805392,48.775538224071234],[-120.18769296521836,48.775514521073795],[-120.1877962433127,48.775488242693882],[-120.18790052135033,48.775459336177647],[-120.18800606546048,48.775427727443329],[-120.18811305047092,48.775393368810128],[-120.18822200482016,48.775356094930693],[-120.18833340120288,48.775315743684054],[-120.18844793161227,48.775272065490782],[-120.18865093141265,48.775189806210264],[-120.18887361305667,48.775093749793925],[-120.18909189875887,48.77499543718217],[-120.18965596680515,48.774736315682745],[-120.18982222842681,48.774662267510074],[-120.18997275992099,48.774597441901385],[-120.19014370430357,48.774527135221511],[-120.1903054992454,48.774464493785771],[-120.1904611973324,48.77440833763827],[-120.19061238101389,48.77435810169986],[-120.19079236550286,48.774303068480577],[-120.19097817698417,48.774250418589517],[-120.19117022095215,48.774200035537369],[-120.19136903142758,48.774151779275726],[-120.19157494382335,48.774105560678265],[-120.19178909230395,48.774061116225688],[-120.19201251060046,48.77401823201884],[-120.19224679775839,48.773976599369945],[-120.19264756508865,48.77391195605454],[-120.19309857500214,48.773846763381101],[-120.19353104421701,48.773789187333158],[-120.19455928999709,48.773657666035824],[-120.19507009140214,48.773587724961381],[-120.19531557880859,48.773551393923846],[-120.19554558782889,48.773515185910227],[-120.19576369180982,48.773478537888188],[-120.19597181544513,48.773441124327434],[-120.19616560201359,48.773403841770495],[-120.19635236482459,48.773365401233072],[-120.19653287119296,48.773325644195786],[-120.19670766975416,48.773284450623024],[-120.19687735771284,48.773241675008869],[-120.19704216745455,48.773197256732658],[-120.19720241745122,48.773151109681372],[-120.19735836012872,48.773103160304579],[-120.19792016511465,48.772922945408212],[-120.19812519014482,48.772854436068968],[-120.19830977925247,48.772790375975582],[-120.19848748655474,48.772725877432187],[-120.19865246608761,48.772662856743437],[-120.19880678850923,48.772600519007895],[-120.19895158098437,48.772538409267902],[-120.19916917375699,48.772438683731956],[-120.19938573299432,48.77233263098617],[-120.19960069433068,48.772220528957575],[-120.19981348779294,48.772102673483332],[-120.20002354889166,48.771979378237745],[-120.20023031143612,48.771850974117378],[-120.20043322151358,48.77171780584009],[-120.20063173873777,48.771580227965401],[-120.20082522975295,48.771438685674426],[-120.20101331403977,48.771293464976345],[-120.2011955124558,48.771144935036958],[-120.20137138004894,48.770993459945799],[-120.20154047022011,48.770839424762151],[-120.20170241721823,48.770683164598466],[-120.20185685975933,48.770525029760194],[-120.20200346832159,48.770365355563001],[-120.20214056208918,48.770206129754129],[-120.20226942559131,48.770046020918429],[-120.20238982463989,48.769885323149914],[-120.20250155347121,48.769724310499711],[-120.20260441242461,48.769563272861284],[-120.20269826090795,48.769402433334456],[-120.20278296114982,48.769242029558939],[-120.20285839825496,48.769082279167215],[-120.20292440492429,48.768923566916804],[-120.20298099123445,48.768765907975663],[-120.20302809103605,48.768609484131098],[-120.2030656542607,48.768454461178692],[-120.20309364107437,48.768301013448422],[-120.20311203085848,48.768149267710172],[-120.20312080383214,48.767999363742227],[-120.20311995657899,48.767851422461149],[-120.20311616527329,48.767794585273556],[-120.20310904312079,48.767734835376338],[-120.20308438347065,48.767603430263947],[-120.20305278056424,48.767477739391744],[-120.20296950340069,48.767180907228003],[-120.20293570035929,48.767035495326041],[-120.20292380733613,48.76696740868492],[-120.20291570072848,48.766903432797328],[-120.20291126302763,48.766842630613958],[-120.20291045946884,48.766784489440198],[-120.20291806361899,48.766569744343499],[-120.20293308748602,48.76636681652078],[-120.20295561539236,48.766174607408324],[-120.20298566328661,48.765993050247744],[-120.20302327697756,48.76582195366101],[-120.20306840806012,48.765661607156886],[-120.20309378673576,48.765585493232933],[-120.20312103527424,48.76551209997259],[-120.2031501486281,48.765441439538876],[-120.20318112463836,48.765373520766872],[-120.20321396585229,48.765308339444715],[-120.20324865923776,48.765245919480151],[-120.20328520297619,48.765186270588565],[-120.20332358998985,48.765129399651741],[-120.20336381778353,48.765075314624539],[-120.20340587860295,48.765024020628424],[-120.20344977057769,48.764975523628735],[-120.20349548759471,48.764929829398064],[-120.20354302127744,48.764886945047536],[-120.2035923719673,48.764846871453997],[-120.20364353287505,48.764809612629811],[-120.20369650111643,48.7647751718997],[-120.20375126990332,48.764743553276055],[-120.20380783533588,48.764714757443045],[-120.20386619487009,48.764688788605895],[-120.20392634166544,48.76466564702698],[-120.20398870695354,48.764644720107412],[-120.20405516115603,48.764624877731414],[-120.2041255399362,48.76460616950645],[-120.20419964376532,48.764588647477311],[-120.20427729128178,48.764572356730625],[-120.20435817714912,48.764557363243227],[-120.20452842503033,48.764531489934996],[-120.20470847804962,48.764511374061307],[-120.20489371037354,48.764497586709226],[-120.20507984844113,48.764490448046622],[-120.20526194037167,48.764490151463583],[-120.20541486099596,48.764493725421936],[-120.20554017434551,48.764498854142801],[-120.205653405874,48.76450618075976],[-120.20575679115376,48.764515902816235],[-120.20585415935265,48.764528480472656],[-120.20594430366101,48.76454387248954],[-120.20602789178702,48.764562192511889],[-120.2061052876404,48.764583523090863],[-120.20617968170701,48.76460814171616],[-120.20625430266605,48.764636327604578],[-120.20632819253125,48.764667718427432],[-120.20640033915888,48.764701883384468],[-120.20646973529746,48.764738346640854],[-120.20653541727673,48.764776601191123],[-120.20659648938101,48.764816125243655],[-120.20665217621641,48.764856417173199],[-120.20670054658619,48.764895539742035],[-120.20674576091018,48.764936206841398],[-120.20678781952454,48.764978419355323],[-120.20682672469002,48.765022175948978],[-120.20686247447789,48.765067478844486],[-120.20689507080921,48.765114325826403],[-120.20692451141538,48.765162718236354],[-120.20695079629144,48.765212656077239],[-120.20697392803478,48.765264138893478],[-120.20699390533807,48.765317166916731],[-120.2070107265546,48.76537173949837],[-120.20702439331791,48.765427857291577],[-120.20703490562072,48.76548552029837],[-120.20704226345525,48.765544728520531],[-120.20704646551188,48.765605482188874],[-120.20704751438485,48.765667780846485],[-120.2084075808109,48.768054322470768],[-120.20857124847157,48.768075016038779],[-120.2087323087743,48.768090547095788],[-120.2088907603769,48.768100915878989],[-120.20904660584289,48.768106121938139],[-120.20919984156858,48.768106166849414],[-120.20935047108252,48.768101049053477],[-120.20949849174607,48.768090769017526],[-120.20964390516532,48.768075327401391],[-120.20971870367167,48.768064032140643],[-120.20979289549557,48.768048927125392],[-120.20986662311059,48.768029985383265],[-120.20994006295103,48.768007159862137],[-120.21001334176366,48.767980418839876],[-120.21008678409454,48.767949648763086],[-120.21016068275141,48.767914729448847],[-120.21023544561395,48.767875467812701],[-120.21030399587887,48.767836136699358],[-120.21037419384234,48.767792754813108],[-120.21044671038942,48.767744909804811],[-120.21052278567699,48.767691787354124],[-120.21067136706758,48.76758124396617],[-120.21095818474447,48.767357078956067],[-120.21107889176918,48.767265204564048],[-120.21120712883227,48.767173068690383],[-120.2113254390418,48.76709497308331],[-120.21139606322245,48.767052091643421],[-120.21146537694905,48.767012971230976],[-120.21153384909951,48.766977349743627],[-120.21160179142566,48.76694506230546],[-120.21166956625902,48.766915945470203],[-120.21173728424714,48.766889958132268],[-120.21180512542122,48.766867030046988],[-120.21187322809763,48.766847116175022],[-120.21200650926748,48.766812892923248],[-120.21214435805851,48.766780902754455],[-120.21228619610339,48.766751278544781],[-120.21243135348831,48.766724160838692],[-120.2125792014473,48.766699670717259],[-120.21272886400789,48.766677954949685],[-120.21287950397262,48.766659134681504],[-120.21303022564807,48.76664332350785],[-120.21314166414274,48.766635640404502],[-120.2132595719369,48.766633146969717],[-120.21338514476099,48.766635812089547],[-120.21352078541764,48.766643682452617],[-120.21364016389238,48.766653971736012],[-120.21377371254637,48.766668235152004],[-120.21421075306591,48.766723181530708],[-120.2143674760389,48.766741277155582],[-120.21451870773161,48.766755405433607],[-120.21465369252711,48.766763862141914],[-120.21478961468111,48.766767008556862],[-120.21491536369136,48.766763770673712],[-120.21503295003551,48.766754093240735],[-120.21508902864086,48.766746810509908],[-120.21514345003951,48.766737880659079],[-120.21523840541501,48.766718654098085],[-120.21533424028507,48.766695374734788],[-120.2154310878925,48.766668009693838],[-120.21552911486856,48.766636511758541],[-120.21562843459358,48.766600850611844],[-120.21572938358584,48.766560907752392],[-120.2158322657709,48.766516566659618],[-120.21593751773307,48.766467636686954],[-120.21603841323129,48.766417585807176],[-120.21614253449459,48.766362974769955],[-120.21625074784151,48.766303353936337],[-120.21636472268568,48.766237804154436],[-120.21659261121754,48.766100175133957],[-120.21700310726732,48.765842973642854],[-120.21712060615239,48.765768341184945],[-120.21723736169089,48.765690953105505],[-120.21735335870173,48.765610820540537],[-120.217468578439,48.765527956194283],[-120.21758300345851,48.765442372541841],[-120.21769661082659,48.765354085845303],[-120.21780937925021,48.765263113017852],[-120.21792128647459,48.76516947208227],[-120.21803233537678,48.765073159715271],[-120.21814247279691,48.764974221942694],[-120.21825166872809,48.764872681913438],[-120.21835989423546,48.764768569166947],[-120.21846712197065,48.764661910143658],[-120.21857331235938,48.764552742837445],[-120.21867842780755,48.764441106773255],[-120.21878242557101,48.764327046143322],[-120.21893816726339,48.764146376245918],[-120.21908974226601,48.763956106973325],[-120.21923759296372,48.763755687636532],[-120.21938234173403,48.763544273598015],[-120.21952411111187,48.763321793482774],[-120.21966468121646,48.763085559463839],[-120.21980546585556,48.762833220828519],[-120.21994940546648,48.762559513916067],[-120.22024609641977,48.761999219529514],[-120.22035996344148,48.761775358150601],[-120.22041856881368,48.761652573063145],[-120.22047009198556,48.761537651895381],[-120.22051548271298,48.761428467603693],[-120.22055518304788,48.761323952584164],[-120.22059289209329,48.761212637706798],[-120.22062424903059,48.761105302284079],[-120.22064942332136,48.761001376018193],[-120.22066850558546,48.760900473565407],[-120.22068156727958,48.76080217066275],[-120.22068861817125,48.760706330247359],[-120.22068967286823,48.760612744850278],[-120.22068473328257,48.760521253414282],[-120.22067548029268,48.760434520421576],[-120.22066288295696,48.760347124843605],[-120.22064697806292,48.760259306452944],[-120.22062780726377,48.760171303224354],[-120.22060542533499,48.76008335833874],[-120.22057988870186,48.759995694007998],[-120.22055126165135,48.759908534817534],[-120.22051961679119,48.759822094487049],[-120.22048507323889,48.759736689447394],[-120.22044767463886,48.75965240411584],[-120.22040750135848,48.759569425465877],[-120.22036463976686,48.759487927194108],[-120.22031918217,48.759408087590081],[-120.22027120884238,48.759330042887875],[-120.22022080701232,48.759253936554956],[-120.22016806204738,48.759179896408142],[-120.2199997847293,48.758952561391801],[-120.21994006021998,48.758878989911771],[-120.21988293927475,48.758814757074759],[-120.21982207693571,48.758753458997617],[-120.219760622704,48.758699037121147],[-120.21969774819269,48.758650758612347],[-120.21963298180545,48.758608268575635],[-120.21956143338413,48.758568095817374],[-120.21948247683164,48.758529354371213],[-120.21939632436305,48.758492147814131],[-120.21930328355631,48.758456610852761],[-120.21920352318779,48.758422820880703],[-120.21909781306654,48.758391052027825],[-120.21898687063971,48.758361521859165],[-120.21887183012815,48.758334534283435],[-120.21878543843589,48.758318290520229],[-120.21869342212408,48.758306283210089],[-120.21859484780933,48.758298383559982],[-120.21848786531682,48.758294441976624],[-120.21839096012104,48.758294090472212],[-120.21828220811385,48.758296356410511],[-120.21790079620176,48.758312935974267],[-120.21775141164376,48.758317160480296],[-120.21760078447608,48.75831644099987],[-120.21746727810489,48.758309414250171],[-120.21731271830087,48.758296026035978],[-120.21716011940993,48.758280981974238],[-120.21700961765934,48.758264296606477],[-120.21686132478156,48.758245982211285],[-120.21671536461338,48.75822605363421],[-120.21657181398157,48.758204522725372],[-120.21643075819789,48.758181401719568],[-120.21629227018407,48.758156703155095],[-120.21615650137386,48.758130455813713],[-120.21602342790293,48.758102655450543],[-120.2158931050968,48.75807331582439],[-120.21576558234305,48.758042446100852],[-120.21564091236347,48.758010060497277],[-120.21551912791239,48.757976168290035],[-120.21540026858877,48.757940778489264],[-120.21528436618347,48.757903901480717],[-120.21518681969889,48.757870733340972],[-120.21508639886709,48.757834416385556],[-120.21487332477578,48.757751013216257],[-120.21464202883385,48.757652912711812],[-120.21431839840722,48.757508665791832],[-120.21415096079012,48.757431722416293],[-120.21398323917619,48.757351250890665],[-120.21381508547586,48.757267180504904],[-120.21364631772664,48.757179421139739],[-120.21347679598924,48.757087901588839],[-120.21330622938891,48.756992465391498],[-120.21313435261952,48.756892964740395],[-120.21296082794001,48.756789204437261],[-120.21278691281775,48.756681981781497],[-120.21261051300318,48.75657005102466],[-120.21243106006487,48.756453050836406],[-120.21224773654892,48.756330449465338],[-120.21206031689088,48.756202115597723],[-120.21186654761625,48.756066523254766],[-120.21145027967297,48.755766744878109],[-120.21081756217522,48.755316070894814],[-120.21065850712263,48.755197453655612],[-120.21052111702686,48.755089179002667],[-120.21038103745437,48.75497034801576],[-120.21025842499536,48.754855994771688],[-120.21020292572184,48.754799809380231],[-120.21015112005757,48.754744101200288],[-120.21010288012067,48.754688732985485],[-120.21005811104854,48.754633595507563],[-120.21001961803104,48.754579803665131],[-120.20998474642607,48.754521451021333],[-120.209953139771,48.754457950936967],[-120.20992419801165,48.754388109307314],[-120.20990191553237,48.754324831514559],[-120.20987993978714,48.754253323997851],[-120.20981443378993,48.75400762231866],[-120.20978735920029,48.753914872211084],[-120.20975555252745,48.753823429360345],[-120.20972117119193,48.753743524573956],[-120.20969912754738,48.753700452893682],[-120.20967554456836,48.75365992960657],[-120.20965027675446,48.753621703086239],[-120.20962321509235,48.753585609263496],[-120.20959421940795,48.753551471701222],[-120.20956324035198,48.753519238000301],[-120.20953019680448,48.75348882376403],[-120.20949502103663,48.753460168552564],[-120.20943413094743,48.753416300444115],[-120.2093620140697,48.753369544294195],[-120.20928119883538,48.753321025202787],[-120.20914054959179,48.753240106891148],[-120.2090289777704,48.753177445310925],[-120.20891391528735,48.75311627259093],[-120.20879543475259,48.753056625743731],[-120.20867361567393,48.752998545265967],[-120.20854853557915,48.752942070123154],[-120.20842029258348,48.752887242233413],[-120.20828898185979,48.752834103093058],[-120.20815470706454,48.752782694583885],[-120.20801751349057,48.752733036913078],[-120.20787757882302,48.752685194637124],[-120.20773502238319,48.752639210638222],[-120.20758997356192,48.752595125085158],[-120.20744256304999,48.752552977918093],[-120.20729293658181,48.752512812066783],[-120.20714124538004,48.752474666675198],[-120.20698764524755,48.752438581960575],[-120.20683180977169,48.752404493225384],[-120.20667438488333,48.752372551727241],[-120.20651554493737,48.752342795357251],[-120.20635547334204,48.752315256653254],[-120.20619435022466,48.752289966852025],[-120.2060323697399,48.752266957539916],[-120.20586972859017,48.752246256096122],[-120.2057066267031,48.752227887453046],[-120.20554323425554,48.752211871445368],[-120.20537978607516,48.752198233439564],[-120.20521648650748,48.752186988194374],[-120.20505354153774,48.752178151120532],[-120.20489115805943,48.752171732770748],[-120.20472954098734,48.752167742167615],[-120.20456889484353,48.752166183704631],[-120.20440942183278,48.752167059365014],[-120.20415239641152,48.752173520745835],[-120.20389429779013,48.7521861460298],[-120.20363512979732,48.752204934524585],[-120.20337488975532,48.752229886683899],[-120.20203240033469,48.751034009614159],[-120.20208723562121,48.750920343560935],[-120.20214553682123,48.750808738128242],[-120.20220730426097,48.750699194189089],[-120.20227253922982,48.750591711506971],[-120.20234123877566,48.750486289652478],[-120.20241340549029,48.750382928159532],[-120.20248903710041,48.750281628358607],[-120.2025681358605,48.750182388903099],[-120.20265070079962,48.750085210893893],[-120.20273673027017,48.74999009367145],[-120.20282622720606,48.749897037648815],[-120.20291918996094,48.749806042165964],[-120.2030156198302,48.749717106984605],[-120.20311551454515,48.749630233433805],[-120.20321887540248,48.749545421274711],[-120.20484700573658,48.748031861995372],[-120.20629839901918,48.746903444799386],[-120.20748880049719,48.746257375152659],[-120.20946339373823,48.745070326741462],[-120.21137111371732,48.744096437542609],[-120.21389303786349,48.742913589591495],[-120.2145322178912,48.742039273639001],[-120.21512204540845,48.741503031809344],[-120.21670750899303,48.740061555134403],[-120.21675341991183,48.73996648052487],[-120.21681023643565,48.739867915518047],[-120.21687067009289,48.739776161973808],[-120.21694062996751,48.739680351910394],[-120.21702077857711,48.739579568778119],[-120.21711248556437,48.739472084407879],[-120.21720340500413,48.739371084336049],[-120.21730845083171,48.739258933425177],[-120.21771226275146,48.738843395956472],[-120.2178752231839,48.738670732931986],[-120.21795911752353,48.738577747315254],[-120.21803430629315,48.738490729901379],[-120.21810222217478,48.738408022264238],[-120.21816355163982,48.738328780723492],[-120.21823118501689,48.738234387463052],[-120.21829005304416,48.738143508819221],[-120.2183405504299,48.738055528276995],[-120.21838290968483,48.737970043046502],[-120.21841733687184,48.737886603308226],[-120.21844387569629,48.737805073555833],[-120.21846259444615,48.737725237824804],[-120.21847353214419,48.737646930417839],[-120.21847874343413,48.737573921536111],[-120.21848119723701,48.737499877123888],[-120.2184808914197,48.737424784402656],[-120.21847782673507,48.737348627265746],[-120.2184634179509,48.737193058223902],[-120.21843795821025,48.737033010605927],[-120.21840143425348,48.736868373991008],[-120.21835378548251,48.736698832026072],[-120.21829493115916,48.736524095402281],[-120.21822473072601,48.736343751901813],[-120.21814494615201,48.736161533069279],[-120.21805382656068,48.735972775969543],[-120.21795095579236,48.735776612289285],[-120.21783554648916,48.735571534293612],[-120.21770888861651,48.735359466781915],[-120.21756663157686,48.735132811443783],[-120.21740586212222,48.734886771939472],[-120.21720929598446,48.734594876697855],[-120.21687859384302,48.734099393777377],[-120.21671963492058,48.7338699853726],[-120.21663430681369,48.733753064587574],[-120.21655189518906,48.733645164906669],[-120.21647098384553,48.733544433607811],[-120.21639083238017,48.733449954247661],[-120.21630369201405,48.733353336559482],[-120.21621623120508,48.733262733584091],[-120.21612802694742,48.733177710497642],[-120.21603878130362,48.733097980535753],[-120.21594815020066,48.733023245329825],[-120.21585601101614,48.732953413706362],[-120.21576218567863,48.732888347877299],[-120.21566652635003,48.73282794889613],[-120.21559740317311,48.732788480436689],[-120.21552408892342,48.732750684700335],[-120.21544644396684,48.732714487611254],[-120.21536427597339,48.732679800885265],[-120.21527745723382,48.732646563380108],[-120.21518559657154,48.732614621296641],[-120.21508832434311,48.73258384429316],[-120.21498508771099,48.732554059128425],[-120.21488788605031,48.732528285166552],[-120.21478465583021,48.732502925098899],[-120.2145552324226,48.732452276182372],[-120.21431643912292,48.732405191529445],[-120.21365582087503,48.732282012085712],[-120.21345809191936,48.732241349507269],[-120.2132836096137,48.732201737404729],[-120.21308946954684,48.732151824313789],[-120.2129139656067,48.732099521757725],[-120.21283205325918,48.732072135130053],[-120.21275375396264,48.732043828939041],[-120.21267885960501,48.732014528030277],[-120.21260721674763,48.731984172988312],[-120.21229526588004,48.731843283228514],[-120.21202323600002,48.731713122176885],[-120.21189765186097,48.731649897794725],[-120.21177851822783,48.73158764369699],[-120.21166535976953,48.731526113793898],[-120.21155788296724,48.731465144609345],[-120.21145489897511,48.731404025604476],[-120.21135728782424,48.731343238881415],[-120.2112649099918,48.731282696261076],[-120.21117766541234,48.731222332683636],[-120.21109544933304,48.731162074516959],[-120.21101822285232,48.73110189291085],[-120.21094593644618,48.731041745850085],[-120.21087854855807,48.730981601192262],[-120.21081349915146,48.730917366289638],[-120.21075320153463,48.730849548167029],[-120.21069753206457,48.730778006040474],[-120.21064634524252,48.730702553169408],[-120.21059954212491,48.730623066031555],[-120.21055688002275,48.730539152288273],[-120.21051816972663,48.730450443069749],[-120.21048316808782,48.73035637884265],[-120.21045629258238,48.730272233207558],[-120.21043164706695,48.730183058884244],[-120.21040898136708,48.730087967723534],[-120.21038788230138,48.729985236666536],[-120.21035394222397,48.729784969343577],[-120.2102998156725,48.729404611037779],[-120.21027604997086,48.729251686380302],[-120.21024731827522,48.729095461529262],[-120.21021607106519,48.728956774052378],[-120.21017275378105,48.728803332708011],[-120.21014857575106,48.72873173640518],[-120.21012255943187,48.728663071830582],[-120.21009456775401,48.728596990053028],[-120.21006454865271,48.728533384654583],[-120.21003242442912,48.728472089831321],[-120.2099981307026,48.728412981600862],[-120.20989839657049,48.728252930412175],[-120.20979735573808,48.728097735942349],[-120.20969488481951,48.727947207535109],[-120.2095908988404,48.727801218247507],[-120.20948529507871,48.727659631107755],[-120.20937804759197,48.727522411204419],[-120.20926910823172,48.727389498406815],[-120.20915844246566,48.727260849919887],[-120.20904592009728,48.727136322336804],[-120.20893161281235,48.727016004506012],[-120.20881550104855,48.726899874488566],[-120.20869756727529,48.726787915626005],[-120.20857779560072,48.726680111910909],[-120.20845617482011,48.726576455907406],[-120.20833269926945,48.726476940143193],[-120.20820736005946,48.726381559593612],[-120.20812800601998,48.726325914115783],[-120.20804049345989,48.726270259809517],[-120.2079439310353,48.726214023534354],[-120.20783647380209,48.726156128250459],[-120.20773897578691,48.726106698780313],[-120.20762810700357,48.72605298016714],[-120.20724933452242,48.725877070618914],[-120.2071086302616,48.72581004110782],[-120.20697193240807,48.725741295468765],[-120.20685329544911,48.725676964564656],[-120.20673273901407,48.725604912693889],[-120.20662687348928,48.725533502412098],[-120.20653388464396,48.725461505641384],[-120.20645289537072,48.725388231174158],[-120.20635947159207,48.725290239309842],[-120.20627003398707,48.725184278320128],[-120.2061843729693,48.725070099473562],[-120.20610216587851,48.724947275678538],[-120.20602346319419,48.7248160066815],[-120.20594713746027,48.724674531814394],[-120.20587237009735,48.724521373358016],[-120.20579707624975,48.72435227522007],[-120.20568427471294,48.724077642876019],[-120.20564076761312,48.723961440663388],[-120.20560334279277,48.723852769152295],[-120.20557081443206,48.72374791862206],[-120.20554353778275,48.723647725788155],[-120.205521302856,48.723551417602245],[-120.20550400658895,48.723458538597804],[-120.20549136059809,48.723366762095594],[-120.20548376834824,48.723277919933849],[-120.20548120972948,48.723191793876595],[-120.20548368347352,48.723108229088261],[-120.20549119527772,48.723027056350134],[-120.20550375562817,48.722948212726941],[-120.20552137859036,48.722871612099766],[-120.20554408013943,48.722797187746757],[-120.2055734825492,48.722721035022353],[-120.20561216629136,48.722636881542677],[-120.20565746764989,48.722548751515035],[-120.20574495279655,48.722387705832965],[-120.20579574147864,48.722297285928747],[-120.20585124556517,48.72220621474488],[-120.20591158062165,48.722114301824703],[-120.20597690867034,48.722021300600844],[-120.20604733462241,48.721927050683476],[-120.20612321742441,48.721831059374153],[-120.20620490467509,48.721732883897587],[-120.20629294590582,48.721631866414697],[-120.206452592029,48.721458278752159],[-120.20663790214783,48.721267576177418],[-120.20682321402933,48.721083933040205],[-120.2072940118247,48.720625348158471],[-120.20754050791216,48.720376324673794],[-120.20766424980616,48.720245156691853],[-120.2077763613937,48.720120959068268],[-120.2078788527789,48.720001502943369],[-120.20797272542661,48.719885615796521],[-120.20813737609907,48.719668065085514],[-120.20831168718853,48.719422182567818],[-120.20847185515949,48.719185410286251],[-120.20884612683942,48.718619749928614],[-120.20903996643352,48.718337833699088],[-120.20913798871348,48.718201660246557],[-120.20923304608216,48.718074520083995],[-120.20932664352856,48.717954405802573],[-120.20941961953604,48.717840241221275],[-120.20982458693635,48.717340879089683],[-120.20993002250525,48.717216143901659],[-120.21002768246711,48.717106109469157],[-120.21013769113365,48.716989694619116],[-120.21024588384603,48.716883652614293],[-120.21035422183371,48.716786064779207],[-120.21046377351388,48.716695979790934],[-120.21057233748934,48.716613237741484],[-120.21068584498811,48.71653132620456],[-120.21080379345635,48.716450610001182],[-120.21092562357354,48.716371472415524],[-120.21105077315336,48.71629427844487],[-120.21117858286235,48.716219436521094],[-120.21130840017376,48.716147329447054],[-120.21143955255958,48.71607833133762],[-120.21153841653351,48.716029305947629],[-120.21164037893092,48.715981804583421],[-120.21174544105256,48.715935827008046],[-120.21185360838543,48.715891369427816],[-120.21196488483197,48.715848431147151],[-120.21207927751912,48.715807009022697],[-120.21219679227373,48.715767100140084],[-120.2123174385399,48.715728703766487],[-120.21244120523978,48.715691819966572],[-120.21256812127041,48.715656440819998],[-120.2126981983393,48.715622564254808],[-120.21283144843872,48.715590185329667],[-120.21296788683954,48.715559300404564],[-120.21310753305286,48.715529906031783],[-120.21325041015297,48.715501997195588],[-120.21339654217594,48.715475567770874],[-120.21354520367206,48.715450735272526],[-120.21369715070414,48.715427357038678],[-120.2138524255695,48.715405427483823],[-120.21401107378966,48.715384938574353],[-120.21433869826907,48.715348260088192],[-120.21468066392879,48.715317248192036],[-120.21503690340461,48.715291882714936],[-120.21540969982624,48.71527197631648],[-120.21580099261301,48.715257419127305],[-120.21621520333625,48.715248045240408],[-120.21648477148229,48.715244631208407],[-120.21672823667717,48.715243487483257],[-120.21695571072325,48.715244570193512],[-120.21717060816007,48.715247904298366],[-120.21737717244361,48.71525358662381],[-120.2175750196608,48.715261640720762],[-120.21776525832314,48.715272110844701],[-120.21794857870638,48.715285036976063],[-120.21812800722797,48.715300694725606],[-120.21830131133689,48.715318955200388],[-120.21846883119537,48.715339854310884],[-120.21863081498668,48.715363423506389],[-120.2187875299403,48.715389704032695],[-120.21893908030918,48.7154187141807],[-120.21908560601352,48.715450481927611],[-120.21922721593793,48.715485030383924],[-120.21945483320928,48.715547753118287],[-120.2196831263569,48.715618499110107],[-120.21991061946684,48.715696810632593],[-120.22013572188897,48.715782141186246],[-120.22035689628245,48.715873913266428],[-120.22057241194811,48.71597141149423],[-120.22078064479673,48.716073901700305],[-120.22098001737614,48.716180608606017],[-120.22107659244728,48.716235786692565],[-120.22117257786419,48.716293158669821],[-120.2212678522887,48.716352651022213],[-120.22136228386867,48.716414184570333],[-120.22145575279333,48.716477678951421],[-120.2215481073184,48.716543032181001],[-120.22172889677275,48.716678903735492],[-120.22190361535078,48.716821035774061],[-120.22207083261139,48.716968277515946],[-120.22222927896915,48.717119513719609],[-120.22237765626025,48.717273504495971],[-120.2224257900702,48.717328817353966],[-120.22247071241438,48.717386912348438],[-120.22251251403334,48.717447909746802],[-120.22255131012768,48.717511975309606],[-120.22258717227966,48.717579212007593],[-120.22262029928028,48.717649973846207],[-120.2226508455514,48.717724589763179],[-120.22267902231033,48.717803572268771],[-120.22272009817058,48.717941922618735],[-120.22275734616893,48.718099253154378],[-120.22278745064419,48.718252652206367],[-120.22285406666876,48.718627206837226],[-120.22289482289841,48.718818518775855],[-120.22291945803755,48.718913707097158],[-120.22294587084171,48.719001696537624],[-120.22297451425631,48.719083991634292],[-120.22300566571198,48.719161374198443],[-120.22304371546035,48.719242721326722],[-120.22308545254894,48.719319243067595],[-120.22313111069508,48.719391362439957],[-120.22318086973988,48.71945936254243],[-120.22323495667077,48.719523540714967],[-120.22329347010607,48.719583997970076],[-120.22335654771372,48.719640875422073],[-120.22342430942166,48.719694282541909],[-120.22362201114102,48.719839796441512],[-120.22499884483241,48.720870178375279],[-120.22545665916319,48.72121278391473],[-120.22553266289165,48.721209719499008],[-120.225606912827,48.721211131177661],[-120.22566773826729,48.721218268677141],[-120.22575232856002,48.721236595739697],[-120.2258391111211,48.721260965084731],[-120.22592689358315,48.721291042848051],[-120.22601436126929,48.721326379530588],[-120.22627252255131,48.722863403169647],[-120.22555905306648,48.724390240391045],[-120.22564797905815,48.724517724308988],[-120.22574252374348,48.724641195275929],[-120.22584268617533,48.724760654383758],[-120.22594846732801,48.724876100505234],[-120.22605986591142,48.724987533851255],[-120.2261768835734,48.725094955053699],[-120.22629951998123,48.725198363213181],[-120.22642777383849,48.72529775853917],[-120.22648099051312,48.725335515945247],[-120.22653763848011,48.725372247289094],[-120.22659781446474,48.725408012572863],[-120.22666164317404,48.725442890358678],[-120.2267292163048,48.725476931196944],[-120.2268007878013,48.725510267922182],[-120.22687660155088,48.725543014466545],[-120.22695701089442,48.725575323727448],[-120.22712718506581,48.72563722207132],[-120.22732253372789,48.725700437292332],[-120.22753212336373,48.725762422983735],[-120.22795037704182,48.725879728449158],[-120.22812308027889,48.725929623488277],[-120.22830032931142,48.725984161864851],[-120.22845487966926,48.72603610743068],[-120.22854329844148,48.726068378595606],[-120.22862622457359,48.726100795068277],[-120.22870424597292,48.726133588686132],[-120.22877774051516,48.726166918368399],[-120.22884710472749,48.726200969817441],[-120.22891245591192,48.726235805994122],[-120.22897397446187,48.72627152384274],[-120.22903179418591,48.726308200328454],[-120.22911076718688,48.726363053863878],[-120.22918762476772,48.726421364823715],[-120.22926253081303,48.726483259379428],[-120.22933569188437,48.726548905985069],[-120.22940724032192,48.726618413819914],[-120.2294775678605,48.726692150810941],[-120.22954700529031,48.726770463680204],[-120.22961603097767,48.726853891156551],[-120.22972875370871,48.727002088408433],[-120.22984670567718,48.727171943955923],[-120.22995585019935,48.727339789145859],[-120.23022300368442,48.727763533635901],[-120.23030072059045,48.727881662574987],[-120.2303729863861,48.727986804438132],[-120.23045500666913,48.728099654155351],[-120.23053565218348,48.72820332020013],[-120.23061633883329,48.728299621350985],[-120.23069785058631,48.728389482250144],[-120.23081977657785,48.728514787879533],[-120.23095124048209,48.728642824781076],[-120.23109325423776,48.728774582655696],[-120.23124765611512,48.728911771971291],[-120.23141913707398,48.72905847119673],[-120.23161237092174,48.729218584202727],[-120.23241381781101,48.72986167578258],[-120.23259552394856,48.730010374166241],[-120.23275589261873,48.730144909828731],[-120.2329371040201,48.730302209238467],[-120.23310125151356,48.730451225427728],[-120.23325161803128,48.730594942233147],[-120.23338979257819,48.730734888556377],[-120.23352883184197,48.730886159451892],[-120.23366642689503,48.731047884972227],[-120.23380401225371,48.731221736889431],[-120.23394427031437,48.731411093517515],[-120.23406209718419,48.731578821863806],[-120.23418937099176,48.731767419161862],[-120.23459706199925,48.732394915319155],[-120.23474940331859,48.732624401922386],[-120.23490403786809,48.732847132940385],[-120.23504993826415,48.733045030298506],[-120.23512963124379,48.733147522261277],[-120.23520889808529,48.733245381822996],[-120.23528817254575,48.733339147118102],[-120.23536776582938,48.733429182413225],[-120.23544803132283,48.733515882128735],[-120.23552909916199,48.733599382136191],[-120.23561116263636,48.733679877655554],[-120.23569437529224,48.733757522045835],[-120.23581566363427,48.733864385069467],[-120.23594410004385,48.733970795559856],[-120.23607994836679,48.734076976696791],[-120.23622356648359,48.734183204620471],[-120.23637518376087,48.734289663477696],[-120.23653556406222,48.734396897076664],[-120.23670541975872,48.734505384058977],[-120.23688584965228,48.734615827191298],[-120.23704496715148,48.734709786350408],[-120.23721370075496,48.734806481533774],[-120.23739374142959,48.734906883232696],[-120.23758840193085,48.735012843143551],[-120.23796373223405,48.735211739096073],[-120.23893723003484,48.735718461060344],[-120.23921616311053,48.735867625426742],[-120.23946367235892,48.736003832901346],[-120.23973497549549,48.736158914257999],[-120.23998290052272,48.736307612928108],[-120.24021202574816,48.736452678667057],[-120.24042463283772,48.736595566171459],[-120.24061536361663,48.736730998892867],[-120.2408102441394,48.736875541687297],[-120.24101130403149,48.737030693675713],[-120.24122245431559,48.737199465134253],[-120.24140468669734,48.73734918098971],[-120.24160532942186,48.737517417995647],[-120.24226538053678,48.738081462539675],[-120.24251260589347,48.738290410792011],[-120.24276024377542,48.738494874545445],[-120.24298761025939,48.738676654770607],[-120.24323111770798,48.738863554543357],[-120.24346597595614,48.739035094512175],[-120.24369604506046,48.73919409181962],[-120.24392345336852,48.739342006499129],[-120.24459277903314,48.739764571217265],[-120.2449876913503,48.740007730314247],[-120.24518074206129,48.740122861228933],[-120.24536390837119,48.740229151128844],[-120.24554007318039,48.740328272818111],[-120.24571076741253,48.740421084035226],[-120.2458879509356,48.740513753013417],[-120.24606128890906,48.740600524989389],[-120.24623157794849,48.740681797953201],[-120.24639937528582,48.740757835433975],[-120.24656530099287,48.740828916188434],[-120.24672957773851,48.740895127805715],[-120.24689253123734,48.740956601724541],[-120.24705441232851,48.741013433720894],[-120.24724993986334,48.741076391055195],[-120.24745322408168,48.741135758517096],[-120.24766460068625,48.741191635672344],[-120.24788451193166,48.741244138997217],[-120.2481132534229,48.741293346929382],[-120.24835173564469,48.741339462493031],[-120.24860079544895,48.741382649064633],[-120.24886168232663,48.741423124081777],[-120.24911370534586,48.741458203877002],[-120.24937903578321,48.741491464065163],[-120.25176471869982,48.742221432842662],[-120.25314131984304,48.743545717196206],[-120.25438981845832,48.743694657414366],[-120.2568988829059,48.743251771149978],[-120.25887933547857,48.742824409164051],[-120.25905502945128,48.742934540022446],[-120.25918414690823,48.743011486852296],[-120.25930686620069,48.743081348209479],[-120.25942534038158,48.743145347506264],[-120.25954070563424,48.743204096253876],[-120.25971227637581,48.743291207409243],[-120.25990240205333,48.743392581787198],[-120.26057425292414,48.743767066731003],[-120.26084624637799,48.743914054225179],[-120.26099110176236,48.743988737875029],[-120.26112775427865,48.7440561715283],[-120.26125867716081,48.744117572818219],[-120.2613851469398,48.744173538813499],[-120.26153789824042,48.744236286690608],[-120.26168656242761,48.74429181076956],[-120.26183211407796,48.744340472863165],[-120.26197519880108,48.744382487957644],[-120.26211654484324,48.744418058327646],[-120.26225637783932,48.744447228723516],[-120.26239505397064,48.744470072542839],[-120.26253284649901,48.744486635525682],[-120.26264127541205,48.744494877883881],[-120.26275588616596,48.744498993578546],[-120.26287782074232,48.744499029099238],[-120.26300929421582,48.744494985267394],[-120.26313010043984,48.744488332822712],[-120.26326516127179,48.744478429231442],[-120.26375149486506,48.744434423250816],[-120.26394770321045,48.74441911998936],[-120.26414863805957,48.744408893173357],[-120.26424028494569,48.744406841552568],[-120.26432757072055,48.744406789401751],[-120.26449723142079,48.744411116378274],[-120.26467338211775,48.744420426547464],[-120.26485746298899,48.744434793625153],[-120.26505205968822,48.744454415209503],[-120.26525350499135,48.74447870657211],[-120.26547584059722,48.74450916880366],[-120.26570779646308,48.744543777453927],[-120.26635456779314,48.744644054914097],[-120.26655386593161,48.744672726124492],[-120.26673276307871,48.744696292085045],[-120.2669392330034,48.744720084991911],[-120.26713215959415,48.744738209243586],[-120.26731539414834,48.74475102433415],[-120.26749088043815,48.744758659816121],[-120.26761462284131,48.744760933431174],[-120.2677409792513,48.744760536394061],[-120.26787021898981,48.744757468129336],[-120.2680026960457,48.74475172062737],[-120.26813863239741,48.744743289451534],[-120.26827876142589,48.744732134364114],[-120.26842374490211,48.744718202391731],[-120.26857459219906,48.744701397966772],[-120.26883278230875,48.744667979605396],[-120.2691205210341,48.744625316159613],[-120.26939683666124,48.74458072267813],[-120.27006741226727,48.744468432366119],[-120.27041416985004,48.744414332417314],[-120.27058884819081,48.744389591395439],[-120.27075281577319,48.744368423546675],[-120.27090884082446,48.744350473440683],[-120.27105838589144,48.744335573955524],[-120.27121679858972,48.744322571771406],[-120.27136978942127,48.744313039603206],[-120.27151817319184,48.744306928487546],[-120.27166251466409,48.744304214823842],[-120.27180342843361,48.744304892525413],[-120.27194113635042,48.744308967538096],[-120.27207595488873,48.744316449771667],[-120.27220813112501,48.744327352933098],[-120.2724257731799,48.744350503911704],[-120.272652329064,48.744378867543347],[-120.27288841961128,48.744412522126105],[-120.27313519780327,48.744451628666567],[-120.2733249446532,48.7444845928691],[-120.27351575889944,48.744520699560702],[-120.27370754967484,48.74455993283636],[-120.27390021723041,48.744602271780607],[-120.27409366769952,48.744647696319547],[-120.27428777480343,48.744696178005832],[-120.27448241808752,48.744747685484072],[-120.27467746759326,48.744802184378543],[-120.27487292668786,48.744859679739562],[-120.275068504537,48.744920087594394],[-120.27526404097155,48.744983360106851],[-120.27545936558049,48.745049440910947],[-120.27565431615392,48.745118276892605],[-120.27584867826626,48.74518979126379],[-120.27604224371218,48.745263908958208],[-120.2762347871418,48.745340542899619],[-120.27633011896721,48.745380495521729],[-120.27642569015018,48.745423115790274],[-120.27652170984368,48.745468495535185],[-120.27661844479401,48.745516760590405],[-120.27671606224105,48.745567991390558],[-120.27681510257867,48.745622464700389],[-120.27701960512978,48.745742335743003],[-120.27719254604919,48.745850565056521],[-120.27738195350319,48.745974846514542],[-120.27798372891851,48.746387066196704],[-120.27819925954896,48.746531503575909],[-120.2784075669266,48.746664827048612],[-120.27860065276886,48.746780922287272],[-120.27878718764804,48.746884910622342],[-120.27896894236261,48.746977668261245],[-120.2790588506201,48.747020257123751],[-120.27914835470435,48.747060434838943],[-120.27923763846599,48.747098281720056],[-120.2793268496056,48.74713386002761],[-120.27978857412381,48.747317141717488],[-120.2799586787355,48.747382932802154],[-120.28014661238022,48.747451359201953],[-120.28031728618873,48.747507966213604],[-120.28040784928065,48.747535367847625],[-120.28049584551091,48.747560008186497],[-120.28058176091115,48.747582023192415],[-120.28066592549231,48.747601497434793],[-120.28074870834968,48.747618512336508],[-120.28083022718845,48.747633088459523],[-120.28091066872641,48.747645259551298],[-120.28099017284225,48.747655046015424],[-120.28116042322667,48.747671334189235],[-120.28131533556771,48.747681418363939],[-120.28145835100244,48.7476855196077],[-120.28159051652193,48.747683654103426],[-120.28167028189347,48.747679333448822],[-120.28175174399614,48.747672396754005],[-120.2818347865897,48.747662856094493],[-120.28191927194081,48.74765072546414],[-120.28200507996475,48.747636021378511],[-120.28304776362323,48.747653557727119],[-120.28420203636033,48.747672960996056],[-120.28419434681429,48.747820038684942],[-120.28416504898495,48.748173992053687],[-120.28416072868504,48.748268200423908],[-120.28416007437063,48.7483528956962],[-120.28416465923634,48.748453891829477],[-120.28417552036586,48.748547492038384],[-120.28419287719419,48.748635552609223],[-120.28421692095674,48.748719000438214],[-120.2842696821823,48.74888897320956],[-120.28429875942793,48.748967729254979],[-120.2843165221059,48.749006551630671],[-120.2843355013423,48.749041518335225],[-120.28435602676289,48.74907323100652],[-120.28437829009988,48.749101981005332],[-120.28440683720157,48.749132421782818],[-120.28443984278611,48.749161665743515],[-120.28447735252708,48.749189755574122],[-120.28451943868846,48.749216745241846],[-120.28456614518549,48.749242669282971],[-120.28461764448085,48.749267628817535],[-120.28467410744395,48.749291706446279],[-120.28473581051122,48.749315020634036],[-120.28486040575874,48.749355257242314],[-120.28500766168247,48.74939500378629],[-120.28514394986134,48.749427303340475],[-120.2855362188937,48.749514875467582],[-120.28559659269001,48.749528406494008],[-120.28566065532686,48.749540780777089],[-120.28580322845376,48.749562678833172],[-120.28594103361071,48.749578880615431],[-120.28626499593351,48.749611706167862],[-120.28641996720236,48.749631479224853],[-120.28655687119679,48.749655096725107],[-120.28661899025869,48.749668579315191],[-120.28667772329034,48.749683351242091],[-120.28694174600945,48.749755813945249],[-120.28703206949508,48.749783521936585],[-120.28711130871247,48.749810491052557],[-120.28718601225721,48.749839219668395],[-120.28725251182361,48.749868611443304],[-120.28731160442508,48.749899020916459],[-120.28736368165188,48.749930652433932],[-120.28741530643991,48.749968980773467],[-120.28746329821892,48.750013067799294],[-120.28750814318778,48.750063348363042],[-120.28755069828277,48.750120774609428],[-120.28758316462127,48.750171710790823],[-120.28761624443472,48.750230020258066],[-120.28772580825458,48.750447571489282],[-120.28777314536804,48.750533178008617],[-120.28779996744883,48.750580621351467],[-120.28782471624712,48.750629946479528],[-120.28784744023562,48.750681250110944],[-120.28786819650193,48.750734658462299],[-120.28790400893935,48.750848304299545],[-120.28793278634569,48.750972871259442],[-120.28795215208692,48.751088859142953],[-120.28796781631269,48.751219620641372],[-120.28797914304501,48.751349704952865],[-120.2880030526629,48.751681856018209],[-120.28802210558833,48.751860838856174],[-120.28803643120884,48.7519541757203],[-120.28805341272711,48.752039929001846],[-120.28807337816517,48.752119739367018],[-120.28809654041565,48.752194434958412],[-120.28812979019929,48.752280422681352],[-120.28816849345866,48.752360348737362],[-120.28821292018095,48.752434771725142],[-120.28826328468712,48.752504048572703],[-120.28831988010261,48.752568549540854],[-120.28838282166832,48.752628385856838],[-120.28845228812429,48.75268372520685],[-120.2885284333492,48.75273468890785],[-120.28868289365106,48.752837350479105],[-120.28875420642365,48.752879080666879],[-120.28879309094268,48.752897684052989],[-120.28883059981818,48.752912247735743],[-120.28886735451678,48.752923013447472],[-120.28890367796788,48.752930068876701],[-120.28895366201849,48.752934468215066],[-120.28901185276403,48.75293431392469],[-120.28907460774751,48.752930296798269],[-120.28919216519586,48.752919088170515],[-120.28936047288325,48.752902598928735],[-120.28948195889039,48.752885140933145],[-120.28953596112559,48.75287452892556],[-120.28958521268744,48.752862609528954],[-120.2896301901952,48.752849267482553],[-120.28967113870785,48.752834428453966],[-120.28970830309494,48.752817798172885],[-120.28974489555405,48.752797870705216],[-120.28978129840651,48.752774444987551],[-120.28981822648548,48.752747061892968],[-120.28987747485581,48.752696377997566],[-120.28999563190253,48.752583670223856],[-120.29004805687418,48.7525370848455],[-120.29017911664199,48.752425822566401],[-120.2903057648841,48.752314523958553],[-120.29042793988732,48.752203245068621],[-120.29054559022858,48.752092032603834],[-120.29065866194264,48.751980937480774],[-120.29076712232325,48.751869993697277],[-120.29087093187918,48.751759239270328],[-120.29097006276854,48.751648706397198],[-120.29106445379847,48.751538463251585],[-120.29115411692452,48.751428501153455],[-120.29123902588749,48.751318849198988],[-120.29131916573715,48.751209529784518],[-120.29139451541801,48.751100571085473],[-120.29146506184297,48.750991989527655],[-120.29153079396458,48.750883806816077],[-120.29159169903559,48.750776040255523],[-120.291650915387,48.750661518122818],[-120.29170728381439,48.750540934167525],[-120.29176120584128,48.750413442828325],[-120.29181331719582,48.750277538595739],[-120.29186268372047,48.750136343050137],[-120.29191259493916,48.749981126420984],[-120.29196420248395,48.749808830243659],[-120.29203093334404,48.749574627821268],[-120.2920570204039,48.749462291459579],[-120.2920758013659,48.749335511394484],[-120.29208742017042,48.749204785935895],[-120.29210910411076,48.748851336785478],[-120.29212064598185,48.74874627216564],[-120.29213586727539,48.748653296496563],[-120.29216088965309,48.74854869150473],[-120.29219336533812,48.748453433626509],[-120.29221261707627,48.748408660244841],[-120.29223394871298,48.748365630492501],[-120.29225741933287,48.748324223937942],[-120.29228308198859,48.748284351297023],[-120.29231480571197,48.748241668090117],[-120.29235187317593,48.748198565667451],[-120.29239457957148,48.748154696666887],[-120.29244350251486,48.74810946638938],[-120.29249898648949,48.748062489614767],[-120.29256353093176,48.748011603264167],[-120.29283878516181,48.747809231122979],[-120.29295349490542,48.747719005607095],[-120.293011627924,48.747668290816478],[-120.29306204258614,48.747619639915143],[-120.29310573077944,48.747572091688554],[-120.2931431422022,48.747525148327398],[-120.29318184546989,48.747469912955573],[-120.29321922514315,48.747411287744178],[-120.29325557215937,48.74734882080638],[-120.29329137206051,48.747281682738233],[-120.29336091256511,48.747135368802695],[-120.29345259329165,48.746920192783847],[-120.29353399617288,48.746724998109904],[-120.29355599216305,48.746660470657595],[-120.29357123238643,48.746602444086825],[-120.29358269408935,48.746536050910692],[-120.29358856503448,48.746467887184942],[-120.29358884142471,48.746398000587646],[-120.29358352184352,48.746326444955812],[-120.29357260933921,48.74625326769624],[-120.29355611541517,48.746178556081659],[-120.29353405666021,48.746102388964935],[-120.29350646206477,48.746024866506424],[-120.29347323978931,48.745945808478922],[-120.29343453826587,48.74586563139512],[-120.29339043035507,48.745784487819023],[-120.29334102050362,48.745702568910751],[-120.29328638829678,48.745620019463651],[-120.29322675604057,48.745537184644235],[-120.29316234578818,48.745454373001593],[-120.29309347077231,48.745371988826854],[-120.29307066741531,48.745349122460048],[-120.29303953419871,48.745323732725105],[-120.2928891207484,48.745220587463656],[-120.29285891681648,48.74519758842014],[-120.29283611484318,48.74517730781961],[-120.29281628292806,48.745154107890272],[-120.29280604552524,48.745133043251819],[-120.29280518909735,48.745113661903389],[-120.29281371529817,48.745095737945178],[-120.29281994699865,48.745088247815914],[-120.29284298664759,48.745067088668698],[-120.29287359926791,48.745046526167265],[-120.29291178779462,48.745026560726572],[-120.29295754894046,48.745007191040294],[-120.29304359003162,48.744961558305668],[-120.29321814573159,48.744875710738022],[-120.29355429776287,48.744719628041977],[-120.29368539505231,48.744657069490344],[-120.29381496629064,48.744591403088556],[-120.29392424731789,48.744530891880181],[-120.29398355723106,48.744495044742855],[-120.29403745851968,48.744459872775629],[-120.29408632172216,48.74442513374882],[-120.29413037772521,48.744390662763706],[-120.29416985513853,48.74435627464301],[-120.29420481427574,48.744321906086654],[-120.29423535281623,48.744287464626957],[-120.29426153445786,48.74425287414423],[-120.29428763697609,48.744212644339612],[-120.29431079719699,48.744171585815316],[-120.2943310242747,48.74412967909511],[-120.29434833120662,48.744086900262936],[-120.29436272748714,48.744043230722156],[-120.29437422141379,48.743998637987268],[-120.29438282004271,48.743953093552129],[-120.29438853359333,48.743906562711167],[-120.29439136050468,48.743859070182978],[-120.29439131547566,48.743810513728022],[-120.29438839780352,48.743760848351265],[-120.29438260236653,48.743710017618568],[-120.29436235873257,48.743604636988259],[-120.2943304592557,48.743493720011038],[-120.2942931640565,48.743392369580683],[-120.29424661197892,48.743285394237901],[-120.2941903493879,48.743171731133202],[-120.29412338132011,48.743049362188671],[-120.29405563548791,48.742934298476818],[-120.29397585747137,48.742805706206056],[-120.29366072591449,48.742321224115869],[-120.29353324557137,48.74211769542341],[-120.2934688040977,48.742008586735814],[-120.29341195850139,48.741906673257873],[-120.29336165109687,48.741810058915682],[-120.29331739040765,48.741717788124248],[-120.29327078837625,48.741609324149174],[-120.29323239693559,48.741505417118447],[-120.29320196940341,48.741405396230874],[-120.29317937435268,48.741308827871094],[-120.29316451454771,48.741215233838496],[-120.2931573808665,48.741124471916962],[-120.29315795632836,48.741036314798741],[-120.29313964962022,48.740967629541601],[-120.29312952023778,48.74090525358929],[-120.29312756719351,48.74084918804855],[-120.29313379176612,48.740799432685492],[-120.29314819359848,48.740755986615156],[-120.29315846056555,48.740736628931785],[-120.2931707713777,48.740718850061654],[-120.29318512665495,48.740702648014086],[-120.29320152673674,48.740688023668085],[-120.29321997128294,48.740674976142692],[-120.29324045933299,48.74066350654676],[-120.29325577926751,48.740657423259862],[-120.29327383424668,48.740653039096237],[-120.29329478441282,48.7406503154006],[-120.29331893593454,48.740649210259264],[-120.29337813350627,48.740651703611668],[-120.29352290201088,48.740667015657273],[-120.29358632433734,48.740671014216161],[-120.29361860502046,48.740670842419526],[-120.29364699913027,48.740668670311408],[-120.29367201208014,48.740664457412585],[-120.29369387894391,48.740658161221226],[-120.29371837718307,48.740647954639734],[-120.29374263368578,48.740635111768441],[-120.29376687646092,48.740619514272325],[-120.29379153260506,48.740600890174321],[-120.29383487724229,48.74056223616352],[-120.2939330670078,48.740464585176568],[-120.29399287913512,48.740406630403605],[-120.29404954464469,48.74034544748698],[-120.29410307540532,48.740281023994328],[-120.29415348322757,48.740213343743697],[-120.2942007780605,48.740142396522309],[-120.29424498442725,48.740068145100338],[-120.2942861256101,48.739990556227539],[-120.29432422493656,48.739909578785536],[-120.29435914574144,48.739825581928564],[-120.29439112359439,48.739738078447388],[-120.29442019880705,48.739646956880314],[-120.29444643143758,48.739552034594119],[-120.29446983173615,48.739453320123715],[-120.29449056385694,48.73935018096747],[-120.29450874032777,48.739242081173494],[-120.29452456297685,48.739127820397258],[-120.29453547581501,48.739008968263683],[-120.29453890227194,48.73888715255854],[-120.29453483356531,48.738762702908502],[-120.29452328153172,48.738635995113178],[-120.2945042729809,48.73850738258291],[-120.29447787886888,48.738377350980656],[-120.29444419072423,48.738246367289484],[-120.29440334014144,48.738114937466015],[-120.29435536326987,48.737983262860709],[-120.29430055579259,48.737852227431759],[-120.29423915560272,48.737722400112467],[-120.2941714422806,48.737594367842505],[-120.29409771643193,48.737468707261257],[-120.2940183288312,48.737346013394905],[-120.29393364747865,48.737226857541593],[-120.29384406580212,48.737111790521382],[-120.29375679530222,48.737011265521524],[-120.2936571286681,48.73690884812676],[-120.29354412161946,48.736803557556676],[-120.29341578212193,48.736693531395844],[-120.29329066552781,48.736592980146497],[-120.29314627614244,48.736482420093388],[-120.29257044090386,48.736058835761355],[-120.29241376664477,48.735946049520251],[-120.29224231675346,48.735832805711716],[-120.29205437366376,48.735717959456522],[-120.2918464396305,48.73559936839483],[-120.29165614761675,48.735496579906261],[-120.29144042258896,48.735384723053812],[-120.29068976395959,48.735010191300212],[-120.29040385601989,48.73486394974023],[-120.29025697998145,48.734785976866846],[-120.29012168814172,48.734711711385273],[-120.28999551195689,48.734639798142325],[-120.28987719563067,48.734569518252577],[-120.28974500891907,48.734487026891259],[-120.28962159752396,48.734405395129194],[-120.28950617730295,48.73432410362922],[-120.28939824148549,48.734242793629647],[-120.28929725771413,48.734161054492468],[-120.28920306595572,48.734078745325881],[-120.28911542091355,48.733995651953336],[-120.28903414546154,48.733911603603921],[-120.28899099516573,48.733859850324528],[-120.28894865252801,48.733798655144717],[-120.28890840645072,48.733731351760078],[-120.28880210894391,48.733540117932556],[-120.28876622607055,48.733483942340087],[-120.28873092562687,48.733436134791681],[-120.28868514457815,48.733384863619882],[-120.28863643191538,48.733341890837984],[-120.28858379132998,48.733306345445428],[-120.28855581320049,48.733291235486561],[-120.28852664340664,48.733277849541231],[-120.28850291047443,48.733269083962014],[-120.28847589094158,48.73326138442436],[-120.28841065379049,48.733248833513692],[-120.28834177989857,48.733240636483117],[-120.28817194374739,48.733225584574804],[-120.2880929735376,48.733213871817647],[-120.28805713549527,48.733205181040326],[-120.28802743166611,48.733194804262396],[-120.28800331911805,48.733182547958805],[-120.28798455359426,48.733168283298788],[-120.28795840338748,48.73313866322674],[-120.28793878283535,48.733105564305191],[-120.28792568870915,48.733068988987682],[-120.28791912490126,48.733028936587957],[-120.28791908845982,48.732985406688542],[-120.28792557937153,48.732938399291321],[-120.28793859892151,48.73288791416747],[-120.28795814743214,48.732833952197218],[-120.2879545043819,48.732710990980536],[-120.28710928347016,48.730293849673203],[-120.28705277744641,48.730087915030836],[-120.28699251202812,48.729882842580487],[-120.28692848498773,48.729678633654771],[-120.28686069765889,48.729475288016538],[-120.28678915137499,48.729272805428224],[-120.28671384356778,48.72907118634172],[-120.28663477653075,48.728870429409213],[-120.28655194837454,48.728670536841719],[-120.28649124878787,48.728533209174344],[-120.28642507131272,48.728394192761208],[-120.28635328425831,48.728253214803004],[-120.28627570805529,48.728109921670239],[-120.28619222528991,48.727964077518067],[-120.28610244173805,48.727814985048489],[-120.28600598318303,48.727662016743551],[-120.28590226638029,48.72750424836002],[-120.28570530526063,48.727219171913134],[-120.28547682740079,48.72690513023533],[-120.28524204429029,48.726593792074297],[-120.28461610522105,48.725777308176518],[-120.28443497476135,48.7255346083844],[-120.28427618982299,48.725315522163548],[-120.28410249748808,48.725066017929251],[-120.28394733378894,48.724830954379925],[-120.28380774252767,48.724605845196258],[-120.28368230167938,48.724388378559823],[-120.28357459467615,48.724191107155107],[-120.28346758646056,48.723989290106758],[-120.28336107851047,48.723782549898566],[-120.28325481774633,48.723570396470926],[-120.283148633442,48.723352499093664],[-120.28304204929304,48.72312789021705],[-120.28282582274957,48.722654593777492],[-120.28262108670211,48.722186180427343],[-120.28240063373417,48.72166312651715],[-120.28218859228943,48.72114660456446],[-120.2817164560855,48.719981653816596],[-120.28158543406745,48.719649952132606],[-120.28145660645443,48.719302055037716],[-120.28132867333748,48.71893447981045],[-120.28119926605345,48.718540431575938],[-120.28108827256975,48.718185785288206],[-120.28096920999155,48.717790733389648],[-120.28057040249786,48.716417898553757],[-120.28041039801485,48.715880624588145],[-120.28023901476477,48.715334137501202],[-120.28015639598303,48.715083792814028],[-120.28007447556128,48.714844582822664],[-120.27997571270245,48.714568284309209],[-120.2798761940479,48.714303098423663],[-120.27977527758863,48.714047311492294],[-120.27967251176807,48.713799782403363],[-120.27956736511311,48.713559260114749],[-120.27945965512296,48.713325347338063],[-120.27934909784287,48.713097430693018],[-120.27923546767416,48.71287504438471],[-120.27896321561555,48.712335289448177],[-120.27884649784359,48.712115724205646],[-120.27877936338308,48.711998588089351],[-120.27871308059554,48.711890347651298],[-120.27864637151788,48.711788922345853],[-120.27857854634685,48.711693273360353],[-120.27846007863201,48.711538165264479],[-120.27833499596805,48.711385322346274],[-120.27820329742846,48.711234745693503],[-120.2780649843459,48.711086435053559],[-120.27792005415129,48.710940390862305],[-120.27776850913503,48.710796611755832],[-120.27761034870443,48.710655099698144],[-120.27744557350752,48.710515852673502],[-120.27554940669644,48.708344414500033],[-120.27548072535599,48.708212861290775],[-120.27540574632236,48.708084366661105],[-120.27532446928322,48.707958929716234],[-120.27523689426377,48.707836550440568],[-120.27514302292703,48.707717229467796],[-120.27504285269455,48.707600967240282],[-120.2749363858468,48.707487762400888],[-120.27482362240181,48.707377614931055],[-120.27477627763874,48.7073352220009],[-120.27472431879964,48.707292463163519],[-120.27466734149046,48.707249002938489],[-120.27460458884167,48.707204261753589],[-120.27445657308581,48.707107274826257],[-120.27413139101344,48.706909094736901],[-120.27399439502122,48.706821560282457],[-120.27392265638419,48.706772339579146],[-120.27385840217275,48.706725179543469],[-120.27380034543,48.706679130957461],[-120.27374787141063,48.706633701918079],[-120.27369802332427,48.706586023139302],[-120.27365068574287,48.70653577386755],[-120.27360575631612,48.706482847197982],[-120.27356311255694,48.706427098432236],[-120.27352267388365,48.706368437494511],[-120.27348421775528,48.706306550343335],[-120.27344755877662,48.706241143627835],[-120.27341244089455,48.706171758857757],[-120.27335867776092,48.706050924484252],[-120.27330579116034,48.705913170725559],[-120.273259922892,48.705779501782857],[-120.27315575577445,48.705458654980234],[-120.27309863412147,48.705298941215958],[-120.27303645126004,48.705149949707639],[-120.27300426497851,48.705082776476509],[-120.27297088499907,48.705019487972912],[-120.27293474004156,48.704957451259297],[-120.27289683368173,48.704898727623323],[-120.27285698890073,48.70484303820475],[-120.27281506556467,48.704790192546611],[-120.27277089725143,48.704739986041375],[-120.27272441475039,48.704692347272726],[-120.27267551741268,48.704647173727267],[-120.27262412059375,48.704604386377987],[-120.27255885468851,48.704555470425845],[-120.27248675986436,48.704506479379347],[-120.27240714315873,48.704456937969645],[-120.27231861566827,48.704405977955396],[-120.2721373734753,48.704310418849914],[-120.27177870462533,48.704133908343863],[-120.27163444917088,48.704060368944859],[-120.27149032000531,48.70398110533106],[-120.27136793518369,48.703906081491219],[-120.27114319713576,48.703755422319801],[-120.27092525001528,48.703601263324813],[-120.27071483640695,48.703444129304778],[-120.27051258298937,48.703284489414798],[-120.27031913373676,48.703122857682423],[-120.2701348680243,48.702959558999197],[-120.26996020734211,48.702794966260832],[-120.26979549651169,48.702629404821096],[-120.26964142819436,48.702463612225635],[-120.26949780889993,48.702297429087402],[-120.26936485979479,48.702131108621977],[-120.26924275296992,48.701964870422565],[-120.26913166306133,48.701798951485763],[-120.26903168616893,48.701633504003972],[-120.26894292749672,48.701468700172924],[-120.26886546516695,48.701304688776922],[-120.26873192199145,48.701001989882485],[-120.26865710067497,48.700819584758221],[-120.26859630209572,48.700648906920755],[-120.26857241062976,48.700570207105969],[-120.26855254337802,48.700494931319263],[-120.26853573013076,48.700418318038821],[-120.26852322116687,48.70034465262848],[-120.26851496636874,48.700273643207268],[-120.2685109437934,48.700205092533601],[-120.26851114460734,48.700138786952785],[-120.26851557358238,48.700074656073177],[-120.26852424085159,48.700012596602903],[-120.26853715429414,48.699952528203227],[-120.26855926536835,48.699884033344247],[-120.26859129569398,48.699813471859848],[-120.26863353516949,48.699740180712034],[-120.2686866908173,48.699662926006127],[-120.26874278620578,48.699591061198525],[-120.26881036564509,48.699511899593134],[-120.26907581699751,48.699224969796987],[-120.26917836271349,48.69910701301928],[-120.26922862009071,48.699043125572722],[-120.26927136374006,48.698983048757569],[-120.26930741780467,48.69892561822239],[-120.26933715013251,48.69887023611426],[-120.26938433331618,48.698765900307755],[-120.26942497085382,48.698659224245091],[-120.26945905734991,48.698550215471876],[-120.26948659294931,48.698438881493978],[-120.26950757615899,48.698325229166123],[-120.26952200390579,48.698209268441218],[-120.26952987537834,48.698091007931914],[-120.26953119106653,48.6979704560204],[-120.2695259491437,48.697847618678189],[-120.26951415083896,48.697722509794225],[-120.26949579704331,48.697595142376819],[-120.26947088830983,48.697465528553593],[-120.26943942909249,48.697333679762124],[-120.26940142062571,48.697199609887782],[-120.26935686872358,48.697063333885787],[-120.26930577626226,48.696924866289855],[-120.26924813344786,48.696784181582117],[-120.26918396074835,48.69664133629572],[-120.26911326500068,48.696496348021711],[-120.26903605570044,48.696349237639652],[-120.26895234324699,48.696200021169894],[-120.2688621400771,48.696048719910735],[-120.26876545535006,48.695895353859392],[-120.26866230444367,48.695739944732779],[-120.2685527270481,48.695582548481603],[-120.26843671253452,48.695423148187643],[-120.26831427294753,48.695261760516125],[-120.26818541733638,48.695098397962205],[-120.26805017063634,48.694933089008529],[-120.26790850701657,48.694765802504804],[-120.26776040794046,48.694596515408826],[-120.26760581377427,48.694425159313369],[-120.26753012647559,48.694345783645637],[-120.26744658298857,48.694264432803791],[-120.26735429216183,48.694180232393009],[-120.26725139787438,48.694091487082197],[-120.26705532597383,48.693932021075845],[-120.26659087675573,48.693568611544535],[-120.26647868810053,48.693477252391489],[-120.26637971904327,48.693393375946833],[-120.26629076300706,48.693314298191659],[-120.26620970828036,48.693238168800789],[-120.2661354989548,48.693163995900214],[-120.26606756316411,48.693091203916552],[-120.26595525048151,48.692963507639057],[-120.26584733931533,48.692835228222243],[-120.26574403337439,48.692706605965945],[-120.26564550736784,48.692577859980346],[-120.26555193713445,48.692449219512106],[-120.26546343655609,48.692320846755138],[-120.26538012821943,48.692192919279748],[-120.26530211582944,48.69206559449789],[-120.26519163056875,48.69186984445664],[-120.26508935064085,48.691668895205524],[-120.26499557224963,48.69146332781812],[-120.26491059329854,48.691253792604385],[-120.26483466889414,48.69104091172111],[-120.26476809853898,48.690825505279513],[-120.26471112526414,48.69060836577335],[-120.26466397368138,48.690390338751421],[-120.26464215496388,48.690269245095131],[-120.26462346566828,48.69014789270873],[-120.26460790707671,48.690026281364204],[-120.26459547657225,48.689904411522249],[-120.26458617509772,48.689782282074709],[-120.26458000331395,48.68965989478211],[-120.26457696182426,48.689537247656027],[-120.2645770483507,48.689414342036166],[-120.26458026417504,48.689291177693292],[-120.2645866105789,48.689167754397857],[-120.26459608460563,48.689044071729356],[-120.26460868951494,48.688920130987846],[-120.26462442201064,48.688795930872622],[-120.26464328501314,48.688671471803445],[-120.26466527590456,48.688546754238821],[-120.26469039596628,48.688421777947951],[-120.26542192770926,48.686203962287848],[-120.26536524579926,48.686004490756879],[-120.26530008118736,48.685807921369161],[-120.26522643688094,48.685614254526406],[-120.26514431164712,48.685423490437998],[-120.26505370521089,48.68523562820252],[-120.26495461667392,48.685050668906278],[-120.26484704869522,48.684868612065436],[-120.26473099839377,48.68468945723356],[-120.26462440011527,48.684537078562904],[-120.264512061001,48.684386395704514],[-120.26439436492781,48.684237925319252],[-120.26427167761335,48.684092126193143],[-120.26414440783036,48.68394948239267],[-120.26401285344529,48.683810319973873],[-120.26387734526581,48.683674989241958],[-120.26373819063397,48.683543797661834],[-120.26359604586499,48.683417334969661],[-120.26345083786499,48.683295508814467],[-120.26330282698389,48.683178537233239],[-120.2631522506192,48.683066607549101],[-120.26299936803196,48.682959909800218],[-120.26284435302928,48.682858563610409],[-120.26268740433564,48.682762699236399],[-120.26252869981769,48.682672425248676],[-120.26235218510173,48.682577719336983],[-120.26217625894455,48.682487436833981],[-120.2620013406119,48.682401794019903],[-120.26182773922591,48.682320941124047],[-120.26165580148302,48.682245035833567],[-120.26148566211113,48.682174136091731],[-120.26131750957705,48.682108320418415],[-120.26115149392059,48.682047646872356],[-120.26098801754327,48.681992252026525],[-120.26082691912397,48.681942070410123],[-120.26066829648863,48.681897132661156],[-120.26051223661372,48.681857462878057],[-120.26035882969698,48.681823082711269],[-120.26020812802146,48.681794005475574],[-120.26006019099017,48.681770241348879],[-120.25991507309143,48.681751798559091],[-120.25983646399671,48.681744799946387],[-120.25975530964429,48.681740794718984],[-120.25967144372959,48.681739772784375],[-120.25958463914967,48.681741731971385],[-120.25949475576078,48.681746668840702],[-120.25940131727725,48.681754604569115],[-120.25930388640172,48.6817655750569],[-120.25920179089525,48.681779654889759],[-120.25902609904679,48.681809036927085],[-120.25882868452729,48.68184799220721],[-120.2586389577813,48.681889344048592],[-120.25818794567274,48.681991928617087],[-120.25796329019059,48.682039254403229],[-120.25785367448813,48.682060041364238],[-120.25775133136312,48.682077581419428],[-120.25765459590019,48.682092157425373],[-120.25756257688198,48.682103902400648],[-120.25747085055673,48.682113234163509],[-120.25738296645129,48.682119634689798],[-120.2572985009096,48.682123135602389],[-120.25721715441345,48.682123748473209],[-120.2571386067048,48.682121470682759],[-120.25706274043318,48.682116296656204],[-120.25698938665782,48.682108213017273],[-120.25691841813793,48.682097206540419],[-120.25681023778756,48.682075107272183],[-120.25670168564744,48.682047390377647],[-120.25659253809633,48.682014001395949],[-120.2564825068132,48.681974851250452],[-120.25637141021899,48.68192988651078],[-120.25625865853294,48.681878880594866],[-120.25614373221273,48.681821598271661],[-120.25602584093924,48.681757649168411],[-120.25593402525136,48.681704480389868],[-120.25583925028687,48.681646784455701],[-120.25574066649294,48.681584046137353],[-120.25563669205015,48.681515258422536],[-120.25542889572718,48.681371580003905],[-120.255029105022,48.681085322072683],[-120.25486406404664,48.680969366020165],[-120.25469044003124,48.680852408591477],[-120.2545333805399,48.680753081660178],[-120.25409476011036,48.680481514922661],[-120.25365940612697,48.68020304870452],[-120.25322741146719,48.679917743725376],[-120.2527988765746,48.679625665946524],[-120.25237389629331,48.679326877620042],[-120.25195258467268,48.679021462037547],[-120.25153505208291,48.678709496562696],[-120.25112141425545,48.678391068888331],[-120.25071170481874,48.678066201336428],[-120.25030613610879,48.677735059443719],[-120.24990483779114,48.677397749113958],[-120.24950794483439,48.677054382831287],[-120.24911558338506,48.67670507181834],[-120.2487279145541,48.676349956829064],[-120.24834508667423,48.675989174295609],[-120.24796725902925,48.675622874689502],[-120.24782864903041,48.675488895963035],[-120.24746050152783,48.675139730825904],[-120.24726141156582,48.67494208642497],[-120.24715839739935,48.67483323315345],[-120.24706647328294,48.674730123732949],[-120.24698387255965,48.674630773667445],[-120.24690975183066,48.674534161108369],[-120.24685414231418,48.674454184001625],[-120.24680110717362,48.674369281547541],[-120.246750171594,48.674278700387845],[-120.24670053453234,48.674181024075303],[-120.24665564149679,48.674084324508591],[-120.24660916638986,48.673976219108603],[-120.24644453707356,48.673561326406258],[-120.24637087964875,48.67338805563427],[-120.24632741885547,48.673295240727469],[-120.2462837800615,48.673209550543653],[-120.24623910416882,48.673129302624922],[-120.24619292027312,48.67305365646547],[-120.24606869809709,48.672866208768987],[-120.24593638675395,48.672679499026088],[-120.24579619696088,48.672493825460329],[-120.24564835807271,48.672309491458265],[-120.24549310779987,48.672126793291085],[-120.2453307118101,48.671946045781461],[-120.24516144706332,48.671767557057976],[-120.24498560412762,48.671591630965196],[-120.24480347638843,48.671418564271079],[-120.24461538569579,48.671248662810214],[-120.24442165694299,48.671082218723875],[-120.24422262043902,48.670919516618547],[-120.24401862077764,48.670760838577671],[-120.24380999571012,48.670606445341484],[-120.24359709105849,48.67045659340598],[-120.24338025308987,48.670311526033792],[-120.24331794644884,48.67027259195504],[-120.24325009934562,48.670233443775849],[-120.2431760684788,48.67019370835974],[-120.24309457689287,48.670152696930188],[-120.24292973279775,48.670075587861803],[-120.24260983054189,48.669934332310717],[-120.24248231839888,48.669876373847039],[-120.24235419631682,48.669814373721728],[-120.2422443374716,48.669756218530217],[-120.24218327165545,48.669720988953813],[-120.24212687689572,48.669685982299207],[-120.24207476391865,48.669650955352779],[-120.24202668365939,48.669615740682346],[-120.24198238180327,48.669580146413175],[-120.2419417906178,48.669544108399052],[-120.2419047955986,48.669507527529802],[-120.24187131901637,48.669470324510954],[-120.24182772058471,48.669415232409612],[-120.2417862565692,48.669355582245402],[-120.24174660383862,48.669290913355646],[-120.24170821097823,48.669220330885757],[-120.24167290422459,48.669148025303613],[-120.24163671432373,48.669066670418303],[-120.24153744101065,48.668820471322427],[-120.24151025103588,48.668747224214265],[-120.24148674106102,48.668672091828938],[-120.24146686686272,48.668594926942539],[-120.24145057840444,48.668515542015193],[-120.24143784151518,48.668433808719058],[-120.24142859353114,48.668349348186673],[-120.24142279347639,48.668261816245192],[-120.24142040796865,48.668170701072675],[-120.24142436717304,48.668001320268701],[-120.24143883714157,48.667812363995473],[-120.24146067699762,48.667621652799895],[-120.2415280305227,48.667112238038939],[-120.24154358370089,48.666960319576766],[-120.24155312447547,48.666824278224567],[-120.24155718951333,48.666670199599558],[-120.24155286015582,48.666527001921892],[-120.2415400457903,48.666391927513267],[-120.2415186055516,48.666263587157474],[-120.24149192976147,48.666153778225926],[-120.2414561720376,48.666039520067471],[-120.24141097908696,48.665919657365087],[-120.24135550434551,48.665791930501904],[-120.24130133708825,48.665678977112655],[-120.24123694759896,48.665553590178888],[-120.24100565197405,48.665129559660954],[-120.2409205979975,48.664967694887771],[-120.24084179952133,48.664804438255871],[-120.24077948832364,48.664657105580034],[-120.24074938205513,48.664575177382886],[-120.24072388211711,48.664496079612874],[-120.240702831018,48.664419320485749],[-120.24068613914331,48.664344570055363],[-120.24067373292881,48.664271460777712],[-120.24066559622229,48.664199871477216],[-120.24066171000084,48.664129619472888],[-120.24066206562981,48.664060563470116],[-120.24067096785539,48.663930046865971],[-120.24068841783313,48.663794583205011],[-120.24071445029074,48.663653884477469],[-120.24074915126755,48.663507500461449],[-120.2407924755038,48.663355436321154],[-120.2408448129853,48.663196179061821],[-120.24090657788214,48.663028440674573],[-120.24097885386945,48.662849270277789],[-120.24116789673948,48.66238430879033],[-120.24127217543366,48.662145840076406],[-120.24132817460911,48.66202917088512],[-120.2413833549144,48.661922936467221],[-120.24143843972834,48.66182574348484],[-120.24149380209383,48.661736946347169],[-120.2415537848587,48.661650552325838],[-120.24161466638449,48.661572913291579],[-120.24167664036396,48.661503782694673],[-120.24173983879146,48.661443013200049],[-120.24180442303363,48.661390461682572],[-120.24187043570626,48.661346101822559],[-120.24193795388626,48.661309881485053],[-120.24197229750393,48.661294813299925],[-120.24200703900176,48.661281769151067],[-120.24204233077434,48.661270813267372],[-120.24207896354194,48.661261793810731],[-120.24211695707841,48.661254704470068],[-120.24215633477264,48.661249541114628],[-120.24219711905333,48.661246300722823],[-120.24223934246037,48.661244981306453],[-120.24228303979346,48.661245579538615],[-120.24232824788538,48.661248097370851],[-120.24242321703858,48.661258880662487],[-120.24252482023765,48.661277377982152],[-120.24263359859614,48.661303686386233],[-120.24275040191932,48.661338009087643],[-120.24284871435478,48.661370875545657],[-120.24295359255606,48.661409210300377],[-120.24306618782072,48.661453430163554],[-120.24318878802318,48.661504431493839],[-120.24341986748053,48.661606163314744],[-120.244008218418,48.661874281134928],[-120.24417237604023,48.661945742609724],[-120.24431952005705,48.662006656910215],[-120.244473193849,48.662066020557944],[-120.24461577620144,48.662116170243557],[-120.24474951090652,48.662157891727936],[-120.24487555641434,48.66219154137103],[-120.24505625383536,48.662236808824623],[-120.24525725083718,48.662289980419374],[-120.24617333985324,48.662545550476935],[-120.2463952292097,48.662605201211825],[-120.2465945501857,48.662656323097238],[-120.24682332222187,48.662711169485277],[-120.24703657355359,48.662757681790268],[-120.24723827324074,48.662796722544755],[-120.24743037525404,48.662828663585628],[-120.24753850432288,48.662844106604453],[-120.24764409262194,48.662857254686045],[-120.24774732479598,48.662868129718376],[-120.24784834306845,48.662876747926951],[-120.24794730327721,48.662883121253252],[-120.24804428330775,48.662887253795652],[-120.24813937765359,48.662889149537797],[-120.24823266578298,48.662888809479512],[-120.24832432935116,48.662886229726091],[-120.2484143155328,48.662881406454964],[-120.2485026806373,48.662874338178767],[-120.24858947278369,48.662865020158584],[-120.24867474268977,48.66285344719644],[-120.24875852446611,48.662839614208828],[-120.24884085154592,48.662823514352631],[-120.24892175674108,48.662805142773649],[-120.24920383571155,48.662734815034611],[-120.24930446556768,48.662706601956366],[-120.24939334504784,48.662678918634064],[-120.24947668079052,48.662649603306612],[-120.24955113408051,48.662619567049447],[-120.24961746073689,48.662588502551493],[-120.24967602647162,48.662556235296783],[-120.24971667093362,48.662530022760087],[-120.249755613323,48.66250125072343],[-120.24979290747061,48.662469882432035],[-120.249828614438,48.662435863880951],[-120.24986277574199,48.662399162369731],[-120.24989551068397,48.662359655351352],[-120.24992691749536,48.662317226819283],[-120.24995713146389,48.6622716912687],[-120.25000998384679,48.662179293576528],[-120.25006118981368,48.662072404049034],[-120.25010588943938,48.661965230900819],[-120.25019921613082,48.661724550316812],[-120.25023106119639,48.661640027587218],[-120.25025860479262,48.661553535155413],[-120.25028182767197,48.661465134683226],[-120.25030071007936,48.661374897317941],[-120.2503152377398,48.661282890419564],[-120.25032539671808,48.661189203838184],[-120.25033117658184,48.661093922106652],[-120.25033257198324,48.660997142953271],[-120.25032957627648,48.660898877892819],[-120.25032219179646,48.660799323831974],[-120.25031042455052,48.660698597162821],[-120.25029429077034,48.660596822806433],[-120.25027380730924,48.660494123694356],[-120.2502490074576,48.660390654618837],[-120.25021992377144,48.660286564863725],[-120.25018660298436,48.660182015301551],[-120.25014875863133,48.660076276678041],[-120.25010672376237,48.65997042236679],[-120.2500605725612,48.659864641274964],[-120.25001039271038,48.65975913213915],[-120.24995627341636,48.659654086848832],[-120.24989832845476,48.659549728657041],[-120.24983667928139,48.659446271942663],[-120.24977145593586,48.659343938963445],[-120.24970275688173,48.659242888024792],[-120.24963077637639,48.659143410843761],[-120.24955567478467,48.659045732775397],[-120.24947762709856,48.658950077530164],[-120.24939681282602,48.658856666140935],[-120.24931342022747,48.658765717154594],[-120.24922764264433,48.658677440703357],[-120.24913967821649,48.658592041373595],[-120.24892973708909,48.658396096026905],[-120.24877176082674,48.65825617104673],[-120.24862211837286,48.658133606913097],[-120.2485500550607,48.658078723855112],[-120.2484791471079,48.65802757823657],[-120.24840649493332,48.657978240259936],[-120.24833445439288,48.657932474553355],[-120.24826280818682,48.657890145674294],[-120.24819140973216,48.657851164882452],[-120.24812008375311,48.657815440989197],[-120.2480487728528,48.657782947485927],[-120.24797738913419,48.657753643520365],[-120.2479058611931,48.657727502239368],[-120.24784571920824,48.657708738052868],[-120.24778098117031,48.657692144262136],[-120.24771113415827,48.657677588777368],[-120.24763524648758,48.657664875355586],[-120.24755199555551,48.657653776263437],[-120.24745824210031,48.657643875385432],[-120.24706877914059,48.657613251889565],[-120.24690142733792,48.657595693371228],[-120.24681252469176,48.657582744263564],[-120.24673163146704,48.657567725599264],[-120.24665715305323,48.657550337440206],[-120.24658831491242,48.657530395263727],[-120.24647295985167,48.657490594541216],[-120.24635639445485,48.657444927582695],[-120.24623871308044,48.657393430344875],[-120.24612004064299,48.657336156877655],[-120.24600046342344,48.657273147384473],[-120.24588020489408,48.657204513675069],[-120.24575946350345,48.657130371039806],[-120.24563850942782,48.657050884112998],[-120.24553122479642,48.656974033117933],[-120.24542567179363,48.656890268338941],[-120.24532144317864,48.656799270857192],[-120.24521790580484,48.656700488239508],[-120.24511532005636,48.656594301076971],[-120.24501124355064,48.656478308900752],[-120.24490390004553,48.656350579884936],[-120.24478759952336,48.656204355387601],[-120.24464784028059,48.656021211546161],[-120.24453920958864,48.655870091503957],[-120.24444751768617,48.655731228105431],[-120.24437096532316,48.655601643134389],[-120.24430679039781,48.655476139139331],[-120.24425608761973,48.655356197068656],[-120.24423564622739,48.655297981689301],[-120.24421844666485,48.65524084177693],[-120.24420446537732,48.655184705386368],[-120.24419369078282,48.655129517249087],[-120.244182042264,48.655031598531288],[-120.24417906520716,48.654928387395138],[-120.24418473506537,48.654819269011263],[-120.24419910793699,48.654703121042338],[-120.24422146122356,48.654582621043758],[-120.244252737793,48.654450778536663],[-120.24429319794515,48.654305387524175],[-120.24435305648299,48.654109750050864],[-120.24438725809705,48.654013701838664],[-120.24443070222608,48.653915246185775],[-120.24448372145196,48.653813611223129],[-120.24454701710529,48.653707447900146],[-120.24462153045579,48.653595122383322],[-120.24471016579312,48.653472230105301],[-120.24480866298657,48.653343495841192],[-120.24509307938699,48.652981847612672],[-120.24517699484771,48.652869154992622],[-120.24524819221836,48.65276740784023],[-120.24532403697395,48.65264880083879],[-120.24538707823714,48.652536824992502],[-120.24543857417355,48.652429235264272],[-120.24547906217049,48.652324883528451],[-120.24551179203502,48.652215802532574],[-120.24553755604452,48.652101016165311],[-120.24555659429004,48.651979487060736],[-120.24556921284649,48.651849279270891],[-120.24557533344465,48.651721832428635],[-120.24557669359613,48.651579917544218],[-120.24557404980904,48.651434490448288],[-120.24556164873611,48.651037004511167],[-120.24556069892996,48.650916549359998],[-120.24556257890994,48.65080869070264],[-120.2455689614535,48.650685692874511],[-120.24558000810036,48.650571372859609],[-120.24559593780165,48.650463503783101],[-120.24561692169573,48.650360970236932],[-120.24563123804163,48.65029299805294],[-120.24564458786487,48.650214526263639],[-120.24568264519414,48.649932454079796],[-120.24570003552938,48.649822020661745],[-120.24572232597149,48.649714401004232],[-120.24574843707414,48.649621777994263],[-120.24576727850744,48.649569501171833],[-120.24578816650887,48.649521342573422],[-120.24581123557081,48.649476999398239],[-120.24583658442766,48.649436281329066],[-120.24586434010855,48.649398995869767],[-120.24589455265526,48.649365092838948],[-120.24592729278285,48.649334489278111],[-120.24596262346761,48.649307128963279],[-120.24601733566037,48.649273242901039],[-120.24608051329113,48.64924254136622],[-120.24615215183884,48.649215027023288],[-120.24623224514734,48.649190701885189],[-120.24632078542511,48.649169567313088],[-120.24641778109218,48.649151619924709],[-120.24652323898947,48.649136859434314],[-120.24663718544477,48.64912528211304],[-120.24675846841805,48.649116947686736],[-120.24688820603924,48.649111726280282],[-120.24702652686422,48.649109613016066],[-120.24717373751925,48.649110600686164],[-120.24732876606282,48.649114639973902],[-120.24749416917392,48.649121755583053],[-120.24767136871127,48.649131986635673],[-120.24787055076095,48.649145917371015],[-120.24795848114519,48.64915370883967],[-120.24804687578913,48.649163966279431],[-120.24813574938678,48.649176691793578],[-120.24822511697111,48.649191888365088],[-120.24831499289755,48.649209557217695],[-120.24840539841162,48.649229703055667],[-120.24849635509787,48.649252331463025],[-120.24858788516225,48.64927744603493],[-120.24867996964038,48.649305040727768],[-120.24877268309115,48.649335136195681],[-120.24886605726545,48.649367742803818],[-120.24896013080439,48.649402874397744],[-120.24905493709723,48.649440541992782],[-120.24915053415673,48.64948077010564],[-120.24924697864081,48.64952357973425],[-120.24934433680855,48.649569002394514],[-120.24953600041454,48.649664653376469],[-120.24973213530902,48.649770635754166],[-120.24993369910283,48.649887461542811],[-120.25014245974513,48.650016154466854],[-120.25035360419518,48.650153378193934],[-120.25057901281188,48.650306516794657],[-120.2508215180133,48.650477213943518],[-120.2511438709426,48.650709646212242],[-120.2513225785014,48.650842877683992],[-120.25149575024813,48.650979549719672],[-120.25166338521512,48.651119663454651],[-120.2518254843533,48.651263217805507],[-120.25198204799047,48.651410213677138],[-120.25213307611379,48.651560651094186],[-120.25227856740968,48.651714530310358],[-120.2524185241209,48.651871850010622],[-120.25255294397022,48.652032611556926],[-120.25268182789779,48.652196813862631],[-120.25280517526068,48.652364458938798],[-120.25292298795563,48.652535544588645],[-120.25303526335944,48.652710071292375],[-120.25314200308289,48.652888039720693],[-120.25324320579824,48.65306945012329],[-120.25333887407291,48.65325430206066],[-120.25591760688098,48.654230584255117],[-120.25612671470768,48.654348829558479],[-120.25633720895806,48.654460098599166],[-120.25654908765065,48.654564393579832],[-120.25676235168343,48.654661713376179],[-120.25697700099333,48.654752057973653],[-120.25719303551635,48.654835427358137],[-120.25897514846937,48.656095859362885],[-120.26100354816626,48.657104102766162],[-120.2625388242479,48.65683276390584],[-120.26480432823539,48.655412807412283],[-120.26506861371368,48.655442583915288],[-120.2651938869611,48.655453987774614],[-120.26531548676877,48.655463154392898],[-120.26543407780521,48.655470130716992],[-120.26554986237487,48.655474923273502],[-120.26566316077408,48.655477545919283],[-120.26577421761282,48.655478003338793],[-120.26592312158323,48.655474917161918],[-120.26607919092288,48.655467288705346],[-120.26624403275366,48.655455043376264],[-120.26642083269203,48.655437946865042],[-120.26657585468342,48.655420262147594],[-120.2667486461211,48.65539833196803],[-120.26731969390366,48.655319065855089],[-120.26752970218951,48.655291331480086],[-120.26773586930528,48.655267069296251],[-120.2679212915951,48.655248944437901],[-120.26811345859166,48.655235044754264],[-120.26829323322831,48.655227637191047],[-120.26846355452534,48.6552266034304],[-120.26862599169064,48.655231939520689],[-120.26879992709246,48.65524418119238],[-120.26897645808178,48.655262377602767],[-120.26915595326021,48.655286566943168],[-120.26933888810166,48.655316812671167],[-120.26952556445269,48.655353152562462],[-120.26971697282507,48.655395769488159],[-120.26991399778302,48.655444859409222],[-120.27011798742592,48.655500755260775],[-120.27028326453663,48.65554944901519],[-120.27045515644282,48.655602968830102],[-120.27063530668534,48.655661823724991],[-120.27082686110778,48.655727039801178],[-120.27119702832856,48.65585883974547],[-120.27188686075058,48.65611291388408],[-120.2721629882832,48.656212961149748],[-120.27244851852204,48.656312715470662],[-120.27270523730088,48.656397659659042],[-120.2736648558522,48.656701502351751],[-120.27392566911347,48.656786338324778],[-120.27415765430268,48.65686413530527],[-120.274399906906,48.656948581611459],[-120.2746242964613,48.657030538266604],[-120.27483478025727,48.657111451685275],[-120.27503338445288,48.657192107161002],[-120.27525626013743,48.65728660542063],[-120.27547247535414,48.657381033468489],[-120.27568232745037,48.65747552197719],[-120.27588603282352,48.657570168010906],[-120.27608382730932,48.657665083048215],[-120.27627580014521,48.657760311466262],[-120.27646207633062,48.657855914808167],[-120.27664275137684,48.657951942917137],[-120.27681808209368,48.658048536445392],[-120.27698795326805,48.658145637794725],[-120.27715242335336,48.658243279868344],[-120.27731154131298,48.658341492548587],[-120.27746535774892,48.658440306367098],[-120.27761389733169,48.658539738587287],[-120.27775719196372,48.658639810831033],[-120.27789526727544,48.658740539251113],[-120.27805461594617,48.658861645988445],[-120.27820817110631,48.658982891239823],[-120.27835573592255,48.659104120959576],[-120.27849715265562,48.65922520331646],[-120.27863225757298,48.659345998141838],[-120.27876096079092,48.65946642361925],[-120.27888316281738,48.659586387415132],[-120.27899878122149,48.659705805453541],[-120.2790858722566,48.65980432491191],[-120.27916875373982,48.659910713427841],[-120.27924829864116,48.660026075771746],[-120.27932607460184,48.660152673674901],[-120.27938882187135,48.660265024200307],[-120.27945460706248,48.660391876810102],[-120.27965739425895,48.660812015410293],[-120.2797334489196,48.660963481129365],[-120.27981233578464,48.661108477277047],[-120.27988977156994,48.661236817084387],[-120.27997548186205,48.661362791411008],[-120.2800196152138,48.661421520878633],[-120.28006484260844,48.66147773681697],[-120.28011135394487,48.661531672502228],[-120.28015922704147,48.661583410954009],[-120.28020856989666,48.661633070259704],[-120.28025947247694,48.66168073974729],[-120.28037133162874,48.661778311963786],[-120.28049144490724,48.6618764370713],[-120.28061987366367,48.661975162464991],[-120.28075670434097,48.662074557411636],[-120.2809019696446,48.662174648999162],[-120.2810559294339,48.662275621468474],[-120.2812188213024,48.662377630108473],[-120.28139106134222,48.662480936766912],[-120.28151567679446,48.662550815605556],[-120.28165010073116,48.662619732870908],[-120.28179555615837,48.662688322626089],[-120.28195439839449,48.662757697096723],[-120.28211045712814,48.662821585566384],[-120.28228625676198,48.662889894270485],[-120.28295754278902,48.663137521523261],[-120.28323480701836,48.663244323054336],[-120.28338184722099,48.663304665850745],[-120.28351670586041,48.663363271159945],[-120.28364200509699,48.663421281099104],[-120.28375904207164,48.663479302557825],[-120.28394088602501,48.663576812855425],[-120.28413469617681,48.663688761753484],[-120.28435166991413,48.663821571209276],[-120.28480227303847,48.664107470775598],[-120.28499949719924,48.664229715779157],[-120.28521199359768,48.664354910366008],[-120.2854080353776,48.664462105587013],[-120.28584003253215,48.664685957524675],[-120.28618883688456,48.664860690592469],[-120.28650952618777,48.665013879645166],[-120.28666170419913,48.6650834661815],[-120.28680981685679,48.665149018824906],[-120.28695833793738,48.665212428025647],[-120.28710390202517,48.665272165433976],[-120.28724697354194,48.665328420462437],[-120.28738789362193,48.665381329157597],[-120.28752704187364,48.665431030155609],[-120.28766457020396,48.665477575515837],[-120.28780068945156,48.665521036941925],[-120.28793556587529,48.665561467712266],[-120.28803677896852,48.665589655716218],[-120.28814116677626,48.665616460694316],[-120.28824894348237,48.665641937776115],[-120.28836039445565,48.665666153928527],[-120.28847570342616,48.665689153692227],[-120.28859545852697,48.665711058532771],[-120.28885073176401,48.665752015190293],[-120.28908260436413,48.665783774338628],[-120.28934287550817,48.665814918710872],[-120.28959947911368,48.665842535470993],[-120.29025619894686,48.665909580506778],[-120.29061347433337,48.665950462324354],[-120.29080014355134,48.665974872508706],[-120.29097359139013,48.666000157789476],[-120.29113700516264,48.666026784175379],[-120.29129201196443,48.666055019171559],[-120.29143545232141,48.666084220896991],[-120.2915808959626,48.666116980074619],[-120.29172862925181,48.666153362558674],[-120.29187902624514,48.666193460033313],[-120.29203232924417,48.666237332051914],[-120.2921892906479,48.666285187534534],[-120.29235058105976,48.666337232018051],[-120.29251720739838,48.66639378725359],[-120.29281298456225,48.666500271144024],[-120.29313942716037,48.666625065624892],[-120.29345927892433,48.666752459951439],[-120.29427435794535,48.667083233266254],[-120.29451041505095,48.667176339829169],[-120.29472306079231,48.667257646657291],[-120.29496230405795,48.66734529009657],[-120.29518695377975,48.667423044708016],[-120.29540126703198,48.667492382432876],[-120.29560744641276,48.667554008280838],[-120.29573064518469,48.667588221084067],[-120.29585171560763,48.667619807079831],[-120.29597091305297,48.667648831024025],[-120.29608843401765,48.667675341778811],[-120.29620449680483,48.667699387165811],[-120.29631921411699,48.667720989527659],[-120.29643272379917,48.667740175214611],[-120.29654513979507,48.667756962590104],[-120.29665672712132,48.667771387448148],[-120.2967674177948,48.66778343550709],[-120.29687729598291,48.667793116303471],[-120.29698643765958,48.667800436125283],[-120.2970949226964,48.667805400570366],[-120.29720280288556,48.66780801080872],[-120.29731013719416,48.667808268619865],[-120.29741697707497,48.667806174293965],[-120.29771702173095,48.667796341614434],[-120.29793342317949,48.667786788590121],[-120.29812875423025,48.667774757507878],[-120.29830501801393,48.667759925866484],[-120.29847266167388,48.667741169199012],[-120.29862709334773,48.667718723268244],[-120.29876981390777,48.667692366635947],[-120.29890160660804,48.667661953185331],[-120.29899176651217,48.667636376849536],[-120.29908052761613,48.66760630045362],[-120.29916808198215,48.667571657113079],[-120.2992546768989,48.667532350433476],[-120.29934046901143,48.667488318858787],[-120.29942593858887,48.667439328902248],[-120.29951149488751,48.667385146489011],[-120.29959774346935,48.667325388148093],[-120.29966812948462,48.667272923805584],[-120.29974005669332,48.667216064910235],[-120.29981427556936,48.667154220967184],[-120.29989222237847,48.667086198002629],[-120.30003473850942,48.666955467795873],[-120.30038409974783,48.666624266692004],[-120.30048376019735,48.666533866189567],[-120.30057549428787,48.666454415499217],[-120.30067710695025,48.666371552754121],[-120.30077550384577,48.666297137946955],[-120.30087237113044,48.666229898098607],[-120.30096862417984,48.666169206004902],[-120.30172039509276,48.665712839112572],[-120.30191656583401,48.665596366978747],[-120.30209426148508,48.66549361030139],[-120.30228727990696,48.665385798953558],[-120.30247034790339,48.66528792924359],[-120.30264656398526,48.665198349432899],[-120.30281752591812,48.665116251383679],[-120.30299835398702,48.665035016103815],[-120.30317554116037,48.664961389536664],[-120.30334993553016,48.664895019514383],[-120.3035221173014,48.664835686807059],[-120.3036927419177,48.664783172957385],[-120.30386203161952,48.664737420776206],[-120.3040303165689,48.664698339870611],[-120.30419785803345,48.664665869898791],[-120.30428478895807,48.66465237007835],[-120.30437717956227,48.664641266935767],[-120.30447600560547,48.66463243845341],[-120.30458323108353,48.664625708873608],[-120.30478305344184,48.664618721511552],[-120.30525804689547,48.664610749995823],[-120.30537983412972,48.664606212697471],[-120.30548887682146,48.664599854192915],[-120.30559631923356,48.664590742612056],[-120.30569614551756,48.664579070067624],[-120.30578984316035,48.664564659663391],[-120.3058782090543,48.664547386291503],[-120.30608084636211,48.664499720601789],[-120.30627838428121,48.664446315328021],[-120.30646788901731,48.664387965296427],[-120.3066473260217,48.664325303309589],[-120.30681452391747,48.664259121732613],[-120.30689337826894,48.664224785650795],[-120.30696890439117,48.664189691228593],[-120.30704098071467,48.66415389382891],[-120.30710953943151,48.664117429898049],[-120.30717450206197,48.664080340591099],[-120.30723580373719,48.664042662773561],[-120.30731379899122,48.663990021833037],[-120.30738949674638,48.663933171603944],[-120.30746287153225,48.663872128818092],[-120.30753389895837,48.663806916594794],[-120.30760255587471,48.663737554074892],[-120.30766880474231,48.663664077043734],[-120.30773261615749,48.66358652078614],[-120.30779395270349,48.663504928584544],[-120.30785285656897,48.663419230012032],[-120.30790920018264,48.663329594266145],[-120.30796294231362,48.663236090678708],[-120.30801402870163,48.663138808744186],[-120.30806242359466,48.663037814005413],[-120.30810804399472,48.662933272466987],[-120.30815082497226,48.662825339416081],[-120.30819067871516,48.662714225878005],[-120.30822313354278,48.66260693542516],[-120.30825151749704,48.662487124830996],[-120.30827645184186,48.662354235845662],[-120.30830762354837,48.662156468458797],[-120.30832567039731,48.662029003657295],[-120.30834048021678,48.661901569889764],[-120.30835205336575,48.661774168036715],[-120.3083603895238,48.661646797219376],[-120.30836548904985,48.661519458317819],[-120.30836735196303,48.66139215133235],[-120.30836597760324,48.661264874503914],[-120.30836136666908,48.661137629591501],[-120.30835351788076,48.661010416824766],[-120.30834243351569,48.660883234863498],[-120.30832811263382,48.660756084816455],[-120.3083105536156,48.660628966033094],[-120.30828975907815,48.660501878052052],[-120.30826572678235,48.660374822211502],[-120.30823845900562,48.660247797170108],[-120.30820795350883,48.660120804265532],[-120.30817421127033,48.659993842386022],[-120.30813723394792,48.659866912178757],[-120.30809701862309,48.659740013221565],[-120.30805356695357,48.659613146161206],[-120.30800687861877,48.659486310115064],[-120.3079569536377,48.659359505079756],[-120.30790379236919,48.65923273193151],[-120.30784739483221,48.659105990666461],[-120.30778776070613,48.658979280401155],[-120.30772489001004,48.658852601131429],[-120.30765878310258,48.658725953732393],[-120.3075894383642,48.65859933754993],[-120.30751685875141,48.658472752998684],[-120.3074410426446,48.658346199424059],[-120.30736198876382,48.658219677050724],[-120.30727970006558,48.658093186292788],[-120.30694098641393,48.656303317095166],[-120.3069818461687,48.656215868088772],[-120.30701701985376,48.65612843927957],[-120.30704650845151,48.656041029562253],[-120.30707031232475,48.655953639819934],[-120.30708621649293,48.65587102728631],[-120.30736241244038,48.654770451298361],[-120.30797056492364,48.653521527746236],[-120.30860937070969,48.652737089668094],[-120.30778935166325,48.651640400668633],[-120.30524142444671,48.651588132626728],[-120.30323594667469,48.651271949330031],[-120.30234271071183,48.651005655029536],[-120.30210870581985,48.650865205098171],[-120.3018633359564,48.650726791684114],[-120.30160716197059,48.650590749567456],[-120.30134043250592,48.650457212269671],[-120.301063458057,48.650326333369236],[-120.30077649594578,48.650198240149315],[-120.30048006499915,48.650073165821482],[-120.3001746536863,48.649951318902332],[-120.29986088552924,48.649832945077996],[-120.29976156381437,48.649797765266968],[-120.29965603214124,48.649762824073328],[-120.29954317562114,48.649727749419533],[-120.29942074106934,48.64969184076925],[-120.29919347476347,48.649629340673101],[-120.29866472971429,48.649490279802343],[-120.29841746363856,48.649420668187318],[-120.29820668803738,48.649354865099411],[-120.29811076561829,48.649322073674114],[-120.29801993531322,48.649288947380391],[-120.29791812608855,48.649248812386958],[-120.29781655396066,48.649205272302098],[-120.29771500031703,48.649158235217065],[-120.29761318930949,48.649107572371676],[-120.29751094384548,48.649053202360342],[-120.29740770784629,48.648994838363521],[-120.29730299149054,48.648932203444645],[-120.29719606442967,48.648864861217248],[-120.29701765307144,48.648745579702826],[-120.29682355324744,48.648607577678924],[-120.29664086069096,48.648472077027833],[-120.29620562914329,48.648142919958666],[-120.29598053145907,48.647978624645404],[-120.29586657941329,48.647899079202496],[-120.2957579251091,48.64782612357191],[-120.29565277729952,48.647758553518976],[-120.29555015748889,48.647695746356632],[-120.29544251853451,48.64763341510757],[-120.29533621931694,48.647575590064385],[-120.29523072909035,48.64752198179027],[-120.29512566384319,48.647472397029816],[-120.29502059325411,48.647426637569332],[-120.29491535184631,48.647384637788967],[-120.29480970759788,48.647346303442653],[-120.29470347091842,48.647311567540463],[-120.29463180104896,48.647291027414568],[-120.29455474258292,48.647272073459206],[-120.2944715401066,48.647254517076099],[-120.2943807049178,48.647238041994925],[-120.29420193285334,48.647211260537738],[-120.29386404956335,48.647168551423512],[-120.29373082420564,48.647150251136587],[-120.29359650218036,48.647128526254839],[-120.29347926375415,48.647105294102012],[-120.29341374369992,48.647089912705951],[-120.29335222167619,48.647073479736207],[-120.29329428343054,48.647055885287848],[-120.29323966393301,48.647037046603366],[-120.29318808029649,48.647016863412915],[-120.29313944659874,48.6469952964285],[-120.29309363494488,48.646972287480637],[-120.2930505462482,48.64694778833492],[-120.29298525044824,48.646905981802625],[-120.29291702931353,48.646857755613944],[-120.29284465651732,48.646802290394533],[-120.29276210984592,48.646734978454397],[-120.29267959433716,48.646660875817496],[-120.29260388327855,48.646581891083883],[-120.29253484753156,48.646497887384591],[-120.29247233307527,48.646408677754437],[-120.29241624105096,48.646314146273312],[-120.29236630936774,48.646213879854741],[-120.29232234343741,48.646107492929609],[-120.29228409183065,48.645994380716395],[-120.29225546701645,48.645890744571666],[-120.29223066820022,48.645780681650415],[-120.29220944692992,48.64566311306428],[-120.29219140222975,48.645535831165176],[-120.29216753773774,48.645299551380461],[-120.29212995639134,48.644787246455046],[-120.29210806114291,48.644583381221942],[-120.29209647206655,48.644467741105146],[-120.292091913786,48.644349442499077],[-120.2920943778025,48.644228236962775],[-120.29210386866441,48.644103794816083],[-120.29212038992421,48.643975909646322],[-120.29214401513211,48.643843898471864],[-120.29217485271892,48.6437071435492],[-120.29221311537103,48.643564700482145],[-120.29224946696861,48.643445274669901],[-120.29229113172849,48.64332037568817],[-120.29233853513256,48.643188718918452],[-120.29239258410328,48.64304777220471],[-120.29249967166672,48.642785866954902],[-120.29276923935949,48.642152881541456],[-120.29283845627265,48.641981782007683],[-120.29289737756871,48.641827710854791],[-120.29295515648248,48.641664485121211],[-120.29300394450252,48.641511518914541],[-120.29304456118999,48.641366226023834],[-120.29307738552468,48.64122723705151],[-120.29310479328976,48.64108033401159],[-120.29312325340551,48.640938804339896],[-120.29313286109326,48.640801887944065],[-120.29313365508796,48.640669063058262],[-120.29312562287112,48.640539757791636],[-120.29310873979674,48.640413767912548],[-120.29308296353994,48.640290800234112],[-120.29304824792089,48.640170627084423],[-120.29298937962041,48.640004948100767],[-120.29292093384024,48.639835771267784],[-120.29284302949462,48.639663386559263],[-120.29275582461602,48.639488149373129],[-120.29265945499979,48.639310346690287],[-120.29255423575242,48.639130572012007],[-120.29244048408694,48.638949366784416],[-120.29231862289136,48.63876740972136],[-120.29224880855789,48.638670653583709],[-120.2921711912992,48.638571302198599],[-120.29208502490646,48.638468395816375],[-120.29198880311442,48.638360130145202],[-120.29189672468777,48.638261243222864],[-120.29179175909353,48.638152400842799],[-120.29140383141234,48.63776321079775],[-120.29124917677204,48.637604164621209],[-120.2910954316077,48.637437201084431],[-120.29096560778135,48.637284372883336],[-120.29089552283179,48.637193769811034],[-120.29082699757927,48.637096972140689],[-120.29075937574001,48.636993066238809],[-120.29069149016259,48.636880260165185],[-120.29063178219398,48.636774313768584],[-120.29056821758228,48.636655465272334],[-120.29034949766829,48.636224794567305],[-120.29025854818883,48.636052526035606],[-120.29015822534224,48.635877365278695],[-120.29006034431168,48.635724411137282],[-120.28999899630126,48.635637727957167],[-120.28993645772601,48.635556303983591],[-120.28987229125644,48.635479570170475],[-120.28980619006597,48.635407162696147],[-120.28973778898775,48.635338692360449],[-120.28966695994558,48.635274046522767],[-120.28959350740556,48.635213045555979],[-120.28951727075743,48.635155557208527],[-120.28944636034272,48.635106179141623],[-120.28937156371663,48.635057082987558],[-120.28929278446432,48.635008202182121],[-120.28920989143782,48.634959455637016],[-120.28912279099666,48.634910787571251],[-120.2890312229917,48.634862048587038],[-120.28883358380693,48.634763781203219],[-120.28862261397009,48.634666975716861],[-120.28838517365111,48.634565186559243],[-120.28811835586049,48.634456839417581],[-120.28774240471949,48.634309555847921],[-120.28715000182281,48.634071267391235],[-120.2869365649935,48.633987869905404],[-120.28669890885421,48.633901166562183],[-120.28658926101389,48.633864163435696],[-120.28648394263453,48.633830778144983],[-120.28637016404323,48.633797374464066],[-120.28626000371864,48.633767949367801],[-120.28615286604038,48.633742343303553],[-120.28604835174693,48.633720463442948],[-120.28594601996821,48.633702220561709],[-120.2858457271474,48.633687594965465],[-120.28574725762057,48.63367655623064],[-120.28565044276336,48.63366908440058],[-120.28552455802797,48.633665155802191],[-120.2853919271931,48.63366792588964],[-120.28525113449385,48.6336774140374],[-120.28509935986425,48.633693807315623],[-120.2849668806769,48.633712233561141],[-120.2848186635761,48.633736206986775],[-120.28433025855827,48.633825332065335],[-120.28415184355862,48.633855873574213],[-120.2839791214127,48.63388133347258],[-120.28382346608046,48.633899210577837],[-120.28326666789995,48.633951860627846],[-120.28282486491368,48.633991203793244],[-120.28242325727813,48.634023897467912],[-120.28205246589592,48.634050615928786],[-120.28169453456509,48.634072507043477],[-120.28135482200668,48.634089078488785],[-120.28102996655829,48.634100493928173],[-120.28071804025214,48.634106818355853],[-120.28040864902397,48.634108043649242],[-120.28011018739963,48.634103906095085],[-120.27982171771491,48.634094391271496],[-120.27954257399561,48.634079477080498],[-120.27927204079343,48.634059121042853],[-120.27900984691108,48.634033296034062],[-120.27875562205233,48.634001966149796],[-120.27850907598142,48.63396509447206],[-120.27831143880948,48.633931852875371],[-120.27811592585151,48.633897032615586],[-120.27792276270301,48.633860675536546],[-120.27773213870647,48.633822815803001],[-120.27754425144927,48.633783494577912],[-120.27735921686597,48.633742735524365],[-120.27717716562927,48.633700568154723],[-120.27699821011517,48.633657017701807],[-120.2768225938192,48.633612147274917],[-120.27665026056033,48.633565944276988],[-120.27648128945417,48.63351843042922],[-120.27631575176636,48.6334696250834],[-120.27615372141662,48.633419550879893],[-120.27599524584035,48.633368222929725],[-120.27584037998207,48.633315657834032],[-120.27568916771925,48.63326187227252],[-120.2755420500813,48.633207031587666],[-120.27539864714115,48.633151006631351],[-120.27525899554534,48.633093809724173],[-120.27512312414849,48.633035454564592],[-120.27499106699882,48.632975953932295],[-120.27486284639933,48.632915318925946],[-120.27473848465225,48.632853560644008],[-120.27461800569698,48.632790690834561],[-120.2745014426777,48.632726727133615],[-120.27438879756548,48.632661671081173],[-120.27428008808653,48.632595532704642],[-120.27417532609442,48.63252832119079],[-120.27407453027391,48.632460045457123],[-120.27397770824287,48.632390714499302],[-120.27388487343308,48.632320334405101],[-120.27379603639756,48.63224891458966],[-120.27365476123998,48.632127095855068],[-120.27351174820178,48.631994265880607],[-120.27336667973056,48.631850133231239],[-120.27321880981596,48.631693957055518],[-120.27311291718348,48.631572348891957],[-120.27301424111629,48.631445453476488],[-120.27292256446859,48.631312995431458],[-120.27283762788507,48.63117460067668],[-120.27275926792775,48.631030036008305],[-120.27268702793891,48.630878501871202],[-120.27262055443775,48.630719261262293],[-120.27255936682899,48.630551164659643],[-120.27251420646049,48.630410478835465],[-120.27247163419845,48.630262045527473],[-120.27243119564052,48.630104300944517],[-120.27239208491892,48.629934121837223],[-120.27232843718745,48.629618562339964],[-120.27219131996452,48.628869766463559],[-120.27215177133807,48.62867612887834],[-120.27211246271952,48.628502083184095],[-120.27206853100832,48.628328378060658],[-120.2720221834105,48.628166050519205],[-120.27197271520386,48.628012646194328],[-120.27191969586488,48.627866839449617],[-120.271735272765,48.627395871723593],[-120.27154573562861,48.626925810597967],[-120.27135108422075,48.62645665516726],[-120.27115131734655,48.625988405634558],[-120.27094643804513,48.625521062393041],[-120.2707364434833,48.625054624994895],[-120.27052133506179,48.624589093182337],[-120.2703011119231,48.624124468035767],[-120.26847267860735,48.623493315098926],[-120.26838837197771,48.623429442871199],[-120.26830164499124,48.623368541899318],[-120.26821249764282,48.623310612176567],[-120.26812092896726,48.623255654805419],[-120.26802693957845,48.623203667790435],[-120.26793052850988,48.623154652234042],[-120.26783169739109,48.623108608779411],[-120.26773044553563,48.62306553566065],[-120.26759949934176,48.623016428766775],[-120.2674581600307,48.622971178768033],[-120.26730661537685,48.622929848250827],[-120.26714513105672,48.622892507631057],[-120.26697386073337,48.622859202975782],[-120.2667934198689,48.622830063094426],[-120.26660437649008,48.622805180089927],[-120.26640763525189,48.622784673908463],[-120.26634218185059,48.622780188201887],[-120.26627430984462,48.622778462917324],[-120.26620388994775,48.622779493667423],[-120.26613075262418,48.622783283182301],[-120.26605479438673,48.622789832845733],[-120.26597565043365,48.622799167703718],[-120.26589298644976,48.622811327139189],[-120.26580628674488,48.622826387305025],[-120.26565396509525,48.622857589398222],[-120.26548290419625,48.622898137467303],[-120.26531739619634,48.622941046990825],[-120.26492765236455,48.623046141437513],[-120.26473560753205,48.623094271573258],[-120.26464013505307,48.62311582293151],[-120.2645520513052,48.623133709592118],[-120.26446977908179,48.623148250859899],[-120.26439248970081,48.623159592339441],[-120.26430820493913,48.623168863744212],[-120.26422910879207,48.62317402244458],[-120.26415469569027,48.623175102418834],[-120.26408462947094,48.623172105809537],[-120.26401855375485,48.623165011087913],[-120.26395635073153,48.623153796816624],[-120.26389784613436,48.623138431811377],[-120.26384291153448,48.623118881479577],[-120.26378197063075,48.623091347843776],[-120.26372179961292,48.623058681902528],[-120.26366236207842,48.623020864731892],[-120.2636036087507,48.622977865592304],[-120.26354551271154,48.622929668580689],[-120.26348797381065,48.622876193705729],[-120.26343090753561,48.622817361969084],[-120.26337418567051,48.622753045731713],[-120.26331965107977,48.622685638000853],[-120.26326508403243,48.622612703439373],[-120.26321022112485,48.622533893108752],[-120.26315456918179,48.622448495663136],[-120.26304262336677,48.622261661020879],[-120.26289479899141,48.621994598755229],[-120.26285544173594,48.621916062723002],[-120.26282196107742,48.62183500515831],[-120.2627942921052,48.621751268436569],[-120.26277236589037,48.621664644911569],[-120.26275613468482,48.621574992712283],[-120.26274551371287,48.621481897490987],[-120.26274045805846,48.621384976370301],[-120.26274093597981,48.621283664704094],[-120.26274590474272,48.621190751753076],[-120.26275515997814,48.621093177413009],[-120.26276878881889,48.620989998081214],[-120.26278702703901,48.620879410563177],[-120.2628309885944,48.620661488289265],[-120.26292781433449,48.620241205860331],[-120.2629649656042,48.620068934353633],[-120.26299771160315,48.619890768830466],[-120.26301966259209,48.619731535317946],[-120.26302826696256,48.619639638152442],[-120.26303319575439,48.619551630217039],[-120.26303447963582,48.619466917982422],[-120.2630321240796,48.619385112481119],[-120.26302610988161,48.619305785893694],[-120.26301641851506,48.61922881090991],[-120.26300302601842,48.619153981325937],[-120.26298590206078,48.619081142795054],[-120.26290482906983,48.618756753884867],[-120.26287143138586,48.618631117712674],[-120.26283130807018,48.618497983661825],[-120.26278963929909,48.618380317810711],[-120.26273960173691,48.618262173043206],[-120.26268442657501,48.618154401843661],[-120.26262325351193,48.618055329064127],[-120.26259024858565,48.618008785508522],[-120.26255555268621,48.617964119253017],[-120.26244873461941,48.617839949987051],[-120.26233539060185,48.617722125195556],[-120.26227681245535,48.617666158258771],[-120.26221714551079,48.617612328523762],[-120.2621565273506,48.617560759154514],[-120.26209507370639,48.617511548995097],[-120.26203310094938,48.6174649361514],[-120.26197049226414,48.617420815388186],[-120.26190732696405,48.617379245016366],[-120.2618436757234,48.617340271721851],[-120.261779616328,48.617303939054416],[-120.26171519116748,48.617270274275725],[-120.26165045301741,48.617239302811079],[-120.2615854490641,48.617211046376902],[-120.26147640081219,48.617169510381515],[-120.26135786553317,48.617131031827491],[-120.26123020727766,48.617095731392538],[-120.26109395678567,48.617063755707981],[-120.26094940471157,48.617035193333464],[-120.26079785180801,48.617010321557274],[-120.26064049150125,48.616989337065569],[-120.26047916986646,48.61697248931636],[-120.26037597251894,48.616966365088921],[-120.26026790668287,48.616966234716095],[-120.26015410365618,48.616972093005394],[-120.26003299598105,48.61698401790737],[-120.25990593537605,48.617001659554212],[-120.25976503715995,48.617025921559929],[-120.25961733112376,48.617054987938779],[-120.25920558532812,48.61714084913978],[-120.25907934738092,48.617164327846133],[-120.25896656434196,48.617182518191569],[-120.25883703213559,48.617199010885727],[-120.25871695563687,48.61720895507753],[-120.25860391951113,48.617212545768346],[-120.2584967159279,48.617209815202827],[-120.25839164508527,48.617202012161151],[-120.25828490245797,48.617190347558065],[-120.25817627977152,48.617174799029783],[-120.25806549982789,48.617155327274112],[-120.25795239240031,48.617131907897033],[-120.25783639449139,48.617104432811985],[-120.25771699791578,48.617072781422713],[-120.25759343843633,48.617036751573281],[-120.25748783914544,48.617003583413094],[-120.25737787740253,48.616966976771103],[-120.25713937577835,48.616881594739404],[-120.25691169740158,48.616794573418673],[-120.25637315472859,48.616582598782024],[-120.25610211166989,48.616481504879893],[-120.25597449358678,48.61643413479127],[-120.25584317486613,48.616381864861523],[-120.25570683453512,48.616324174235864],[-120.25556294018442,48.616259992444299],[-120.25529499471465,48.616133546163631],[-120.25481488312161,48.615897268881142],[-120.25462762833919,48.61580677862792],[-120.25443551485056,48.615717565141608],[-120.25426037920214,48.615640789972787],[-120.25406323116661,48.615560932256962],[-120.25387467176755,48.615492169931002],[-120.25378243283784,48.615461515895625],[-120.25369123948647,48.615433245394676],[-120.25360085626174,48.615407283556621],[-120.25351109490286,48.615383577229835],[-120.25343244755771,48.615365077950734],[-120.25334861534273,48.615347989234245],[-120.25325874913104,48.615332133299454],[-120.25316114954492,48.615317209276668],[-120.25297583182477,48.615293483083555],[-120.25251828426231,48.615242322487738],[-120.25239441965617,48.615225824186034],[-120.25228472665613,48.615208685726834],[-120.25216871019916,48.615186943775228],[-120.25206296061589,48.615162818753745],[-120.25196561552177,48.615135881743747],[-120.2518757294456,48.615105866799389],[-120.25181974215779,48.615084174305721],[-120.25176428275648,48.615060280438989],[-120.25170923496754,48.615034135295659],[-120.25165445491494,48.615005671304637],[-120.25159984850859,48.614974842156826],[-120.25154513657178,48.614941498979626],[-120.25143432569014,48.614866593590506],[-120.25133773345577,48.614793773595039],[-120.2512339854714,48.614708912408837],[-120.25113380538723,48.614622127991538],[-120.25087461796197,48.614391559835084],[-120.2507252061511,48.614266767992248],[-120.25064264474476,48.614203334874922],[-120.25056278871928,48.614146513362499],[-120.25048415156841,48.614095248174252],[-120.250405945921,48.61404903214644],[-120.25008238211311,48.613868286058022],[-120.24986491484131,48.613751345186074],[-120.24966207228135,48.613648974066017],[-120.24947369238866,48.613561685140034],[-120.24937852828157,48.613520926270446],[-120.24928526532632,48.613483365425509],[-120.2491935286055,48.613448849981388],[-120.24910305468003,48.613417282764928],[-120.24901354522983,48.613388562433656],[-120.2489248953125,48.613362657743785],[-120.24883694738055,48.613339523262887],[-120.24874958249474,48.613319127402278],[-120.24861894428733,48.613292050225624],[-120.24848987313531,48.613268246962846],[-120.24836303307957,48.613247839810477],[-120.24823889839597,48.613230904653406],[-120.24811799399106,48.613217508430779],[-120.24800050001221,48.613207665341513],[-120.24788667743566,48.613201397847007],[-120.24777672554545,48.613198715826385],[-120.24769650927398,48.61320075066363],[-120.24761175822741,48.613208157017915],[-120.24752165427672,48.613220999605225],[-120.24742454582437,48.613239512031896],[-120.24733881964717,48.613259033140189],[-120.24724315155706,48.613283433636688],[-120.24693423688277,48.613370030146058],[-120.24682620529572,48.61339886589009],[-120.24672265105089,48.613423491867437],[-120.24663070766044,48.613441584132573],[-120.24653762339614,48.613454908504536],[-120.24645214228865,48.613461359023461],[-120.24637282237366,48.613461040209479],[-120.24629889326643,48.613453942602703],[-120.2462427762915,48.613443694627009],[-120.2461873750469,48.613429546592023],[-120.24613256378639,48.613411467175247],[-120.24607818001986,48.613389405243893],[-120.24602412007118,48.613363325575548],[-120.24597007464565,48.61333308743248],[-120.24591577305796,48.613298542315107],[-120.2458608187613,48.613259438084832],[-120.24577015964503,48.613186387017954],[-120.24567259322926,48.613097510196809],[-120.24558075157054,48.613006704960014],[-120.24535194712362,48.61277203219889],[-120.2452859093155,48.612707613001113],[-120.24522512460273,48.612651372072641],[-120.24515787452859,48.612593319185173],[-120.24509280457754,48.612541876733829],[-120.24502882273057,48.612496181794363],[-120.24496533826758,48.612455816438839],[-120.24483340446065,48.612381284641089],[-120.24469035307609,48.612308440116031],[-120.24453499307506,48.61223667037833],[-120.24436508639094,48.612164937337681],[-120.24418708605425,48.61209550696644],[-120.24398613382745,48.612022182770893],[-120.24377429244662,48.611948681930834],[-120.24318307911072,48.611748495814759],[-120.24300418257724,48.611685086471034],[-120.24284611437112,48.61162625882406],[-120.24266783670092,48.611555456821272],[-120.24250601014307,48.611485699111881],[-120.24235741149073,48.61141559285165],[-120.24222047801943,48.611344392131187],[-120.2420073940624,48.611223801927885],[-120.24179638375135,48.611096341913537],[-120.2415874155933,48.610961991379405],[-120.24138045087041,48.610820725256971],[-120.24117545712855,48.610672523947102],[-120.24097236731824,48.610517339205963],[-120.24077112189674,48.610355124281902],[-120.24057164354411,48.610185818655474],[-120.24037416396941,48.610009638809991],[-120.24017825088275,48.609826221523278],[-120.23998378385436,48.609635451894633],[-120.23979059849655,48.609437169245901],[-120.2395985991573,48.609231283420897],[-120.23940743247221,48.609017420075176],[-120.23921679215007,48.608795240700026],[-120.23902622621402,48.608564215532709],[-120.23894489034373,48.60845902993556],[-120.23885973685663,48.608339535056885],[-120.23878185524072,48.608223606447581],[-120.23859830505187,48.607942646974649],[-120.23850052849781,48.607800401056217],[-120.23839953840644,48.607665633777188],[-120.23830023526811,48.607547088083827],[-120.23812268393368,48.60735136828211],[-120.23796399715876,48.607184778268397],[-120.23781276618796,48.607035360517656],[-120.23766627599811,48.606900520112177],[-120.23752050051307,48.606776755248362],[-120.23737622972236,48.606664944600347],[-120.23730436283503,48.606613292656291],[-120.23723258538533,48.606564412898265],[-120.23716083224386,48.606518258588572],[-120.23708904629289,48.606474796603941],[-120.23702863278452,48.606440705875329],[-120.23696607093515,48.606408046711721],[-120.23690132863388,48.606376804116174],[-120.23683437015784,48.606346960911665],[-120.23676516305733,48.606318501221509],[-120.23669365298572,48.606291402703988],[-120.23661979281952,48.606265647377406],[-120.23654352042318,48.606241214275599],[-120.23646489194785,48.606218116019292],[-120.23638371647459,48.606196292394095],[-120.23621336385155,48.606156371161653],[-120.2360316276345,48.606121255155834],[-120.23583720086941,48.60609068954826],[-120.2356717157688,48.606069369307022],[-120.23549560047816,48.606050589780097],[-120.23530700607124,48.606034146786698],[-120.23510223858315,48.606019717725836],[-120.23471633847895,48.605999308795063],[-120.23402295498401,48.605971510846118],[-120.23376048814215,48.605959652267536],[-120.23350079158878,48.605945080501279],[-120.23326913673861,48.60592850123755],[-120.23302709290996,48.605906264375207],[-120.23280391279275,48.60588001535271],[-120.23259590662656,48.605849316313034],[-120.23240116866812,48.605813880196386],[-120.23213810833674,48.605758490573024],[-120.23186663576698,48.60569631355024],[-120.23158451047888,48.605626840219593],[-120.23128775275569,48.605549091055963],[-120.23098236540262,48.605464878341195],[-120.23064650289108,48.605368392485865],[-120.23029698430226,48.605264974237151],[-120.22932170132921,48.604972359583485],[-120.2290200037949,48.604884227980904],[-120.22874832048072,48.604807182143027],[-120.2284336089696,48.604721555349037],[-120.22813795159104,48.604645464879411],[-120.22785547277959,48.604577399972648],[-120.22758318963035,48.604516648444381],[-120.22743385327402,48.604486542081865],[-120.22727587444047,48.604458225626665],[-120.22710779417123,48.604431434410166],[-120.22692682235382,48.604405722691091],[-120.22675423998449,48.604383592295846],[-120.22656157066029,48.60436093945512],[-120.22584962277787,48.604284472869999],[-120.22555886894666,48.604250902712771],[-120.22525973790381,48.604211041160795],[-120.22512451428469,48.604190423649364],[-120.22499650578121,48.604169000815126],[-120.22484498472124,48.604140807967148],[-120.22470168824586,48.604110819052742],[-120.22456560228373,48.604078819572429],[-120.22443606992611,48.604044655011165],[-120.22431238681945,48.604008130383654],[-120.22419434141747,48.603969175036887],[-120.22408160677728,48.603927681392967],[-120.22397393687872,48.60388355764281],[-120.22386370631263,48.603832489853765],[-120.22375343835473,48.603774521913166],[-120.22364221271634,48.603709174767801],[-120.22352844003537,48.60363551639459],[-120.22341444567728,48.603555430032884],[-120.22329170803815,48.603463273047318],[-120.2231658740448,48.603364075975271],[-120.22281539545278,48.603081327298383],[-120.22270486899963,48.60299605046955],[-120.22260359058548,48.602921625132083],[-120.22248373022759,48.602839236974333],[-120.22236791640258,48.602766307925449],[-120.22225386620524,48.602701407504753],[-120.22214038775304,48.602643866001607],[-120.22201094012607,48.60258363850356],[-120.22187956087461,48.602525268919969],[-120.22174625095246,48.602468756135231],[-120.22161100939319,48.602414101251377],[-120.22147383714997,48.602361303152819],[-120.22133473229593,48.60231036405024],[-120.2211936977032,48.602261280610463],[-120.22105073048438,48.602214056152796],[-120.22090583384919,48.602168688223657],[-120.22075900423314,48.602125178383076],[-120.22061024388536,48.602083525286105],[-120.22045955183685,48.602043730034403],[-120.22030692937633,48.602005792391687],[-120.22015237485759,48.601969711700427],[-120.2199958899069,48.601935488603765],[-120.21983747321559,48.601903123323687],[-120.21893489057221,48.600929203166316],[-120.2189901324724,48.600776199020018],[-120.21903923575067,48.60062389341654],[-120.21908220175028,48.600472286131954],[-120.21911902758163,48.600321376749299],[-120.21914971622343,48.600171165693411],[-120.21917426771957,48.600021652967044],[-120.2191926795175,48.599872839030475],[-120.21920495425651,48.59972472342654],[-120.21921109068131,48.599577306384809],[-120.21921108979409,48.599430586795989],[-120.21920495067694,48.599284565767682],[-120.21919267337148,48.599139243297785],[-120.21917425791872,48.598994619383525],[-120.21914970565756,48.598850693791988],[-120.21911901533031,48.598707466747982],[-120.21908218793678,48.59856493713751],[-120.21905035100066,48.598470443973703],[-120.21900685964746,48.598372504069779],[-120.21895128329659,48.59827011985238],[-120.21888256614439,48.598161338045465],[-120.21881580081806,48.598066220958216],[-120.2187362512047,48.59796080923627],[-120.2184557218324,48.597611945184219],[-120.21835511631504,48.59748215428106],[-120.21826294519408,48.597352986026578],[-120.21818940000021,48.597236027774883],[-120.21815443010055,48.597172612552988],[-120.21812435224163,48.597111224839331],[-120.21809898906054,48.597051504268187],[-120.21807823773868,48.596993205055007],[-120.21806200675915,48.596936053120842],[-120.21805027753385,48.596879956879796],[-120.21804302162569,48.596824773885487],[-120.21804022479984,48.596770398633545],[-120.2180445147786,48.596695925135514],[-120.21805896500503,48.596617835941821],[-120.2180837177858,48.596535293462651],[-120.2181192667768,48.596446632584716],[-120.21815606367261,48.59636975613418],[-120.21820202949903,48.596283905751783],[-120.21836589484474,48.596004946421843],[-120.21842190289311,48.595905025500834],[-120.21846996028926,48.59580977015429],[-120.21850697191155,48.59572353923766],[-120.21853468223226,48.595641885485556],[-120.21855292198821,48.595564732650175],[-120.21856193635567,48.59549104184066],[-120.21856178874791,48.595420227979318],[-120.21854663637554,48.595247906626305],[-120.218525697864,48.595101935828772],[-120.21849742782697,48.594971625332754],[-120.21848043619589,48.594912047800804],[-120.21846148866248,48.594855995892409],[-120.21844028933523,48.59480276479789],[-120.21841703335964,48.594752999148106],[-120.21839170027478,48.594706656528629],[-120.21836427835571,48.594663713646348],[-120.21833474865637,48.594624142847323],[-120.21830310722775,48.594587941068724],[-120.21826934679321,48.594555100199273],[-120.2182334607519,48.594525613886972],[-120.21819055068434,48.59449652877958],[-120.21814207342479,48.594469680356042],[-120.21808795417382,48.594445025459336],[-120.21802808388259,48.594422514767231],[-120.21796239474135,48.594402116097243],[-120.21789062519568,48.594383740359952],[-120.21781251892597,48.594367322900283],[-120.21772765953851,48.594352775660383],[-120.2176487812751,48.594341676264392],[-120.21756388946815,48.59433180744616],[-120.21737208339688,48.594315322258588],[-120.2171834997979,48.594304212509343],[-120.21677282507068,48.594285131579902],[-120.21660777935472,48.594274717393375],[-120.21638381425528,48.594260619309253],[-120.21615250802175,48.594251761560756],[-120.21591361971657,48.594248134032533],[-120.21566679136487,48.59424973223674],[-120.21541188319655,48.594256546039603],[-120.21514796662018,48.594268593707113],[-120.21487421900112,48.594285909546137],[-120.21458921863037,48.594308584752753],[-120.21445199002942,48.594322244281116],[-120.21430969808083,48.594339743767065],[-120.21416104403899,48.59436123822001],[-120.2140036154413,48.594387075455991],[-120.2138528974092,48.594414256536659],[-120.2136863629292,48.594446438092739],[-120.21306327708447,48.594574725472],[-120.21280229390526,48.594625719532367],[-120.21266065452041,48.594651186050825],[-120.21252788679278,48.594673157469359],[-120.21240140050934,48.594692059960913],[-120.21227988255426,48.594708086783207],[-120.21199238426972,48.594746202407826],[-120.21129001568009,48.594848752565355],[-120.21096733730884,48.594892549357247],[-120.21079353481524,48.594913515010376],[-120.21063269279209,48.594930624734367],[-120.21048184431032,48.594944193647954],[-120.21033953798771,48.594954347360471],[-120.21018330497603,48.594961965573134],[-120.2100360437975,48.594965122543947],[-120.20989693265135,48.594963836530631],[-120.20976544605446,48.594958099794241],[-120.20964102044672,48.594947881256097],[-120.20952349775278,48.594933159054619],[-120.209412625385,48.594913899827716],[-120.20930821846511,48.594890073290557],[-120.20925131273019,48.594874227858355],[-120.2091953657803,48.594856307515165],[-120.20914034884821,48.594836302312039],[-120.20908622893442,48.594814202107457],[-120.20903297789346,48.594789994964287],[-120.20898055511375,48.594763661752566],[-120.20892892128172,48.594735183113492],[-120.2088780327978,48.594704535748363],[-120.20882792192575,48.594671745900044],[-120.20877845933254,48.594636733077486],[-120.2086812505716,48.594559876889399],[-120.20858591170285,48.59447358114469],[-120.20849173377169,48.594377205491092],[-120.20841730578445,48.594293033730004],[-120.20834240136189,48.594201222783902],[-120.2082662142667,48.594100792553533],[-120.20818722581571,48.593989745617506],[-120.20804619317931,48.593777180948251],[-120.20770795241964,48.593243254233698],[-120.20761180616674,48.593100093314348],[-120.20752195467664,48.592974038907521],[-120.2074235343091,48.592845939738389],[-120.20732639571972,48.592730460183333],[-120.20722897545397,48.592625749695827],[-120.20713040129441,48.59253088017622],[-120.2069600910995,48.592381352836796],[-120.20677624834417,48.592229600829242],[-120.20657743668538,48.592074432110223],[-120.20636102982701,48.591913793890321],[-120.206123093971,48.591744762378568],[-120.205854859534,48.591561115696983],[-120.20556716472363,48.591369483597518],[-120.2047478403463,48.590830877768937],[-120.204497353693,48.590661862366304],[-120.20427623284822,48.59050835549116],[-120.20402645207805,48.59032806420732],[-120.20380011267547,48.590156182945691],[-120.20359269648279,48.58998927403259],[-120.20340201565023,48.589825564285775],[-120.20279369933431,48.589283564459677],[-120.20258673613363,48.589095440983847],[-120.20240196745449,48.588924108351577],[-120.20222193797517,48.588753002838047],[-120.2020556934722,48.588590297125286],[-120.20190088219557,48.588433689971559],[-120.20175625990814,48.588281916028805],[-120.20161410990637,48.588126413199703],[-120.20148143687935,48.587974344907167],[-120.20135767617182,48.587825060360544],[-120.20124244704337,48.58767809891085],[-120.20113535469616,48.587532948855376],[-120.20103626718775,48.58738941840172],[-120.20094499779776,48.587247238076387],[-120.20086140970093,48.587106192528537],[-120.20073786510575,48.586879360654564],[-120.20062432969269,48.58665177853392],[-120.20052129795968,48.586424438055964],[-120.20042915532953,48.58619818786778],[-120.20034826385714,48.585973949292516],[-120.20027880929757,48.585752256814907],[-120.20022098314925,48.585533728427706],[-120.20019647535801,48.585425814876267],[-120.20017492378273,48.585318883486082],[-120.20015462016092,48.585199765984306],[-120.20013815535077,48.585078061995446],[-120.20012551115798,48.584953637611662],[-120.20011666952841,48.584826323211729],[-120.20011161852446,48.584695990358206],[-120.20011034369459,48.584562334492723],[-120.20011284258734,48.584425071480396],[-120.20011911982243,48.584283820143888],[-120.20012896301081,48.584141022227506],[-120.20014250152173,48.583993345274408],[-120.2001597992658,48.583840050156681],[-120.20018099080215,48.58367994669279],[-120.20023529478784,48.583336417421187],[-120.20031137715971,48.58292485536645],[-120.20033356990486,48.582818655657874],[-120.20035926465953,48.582710699888551],[-120.20038851195565,48.582600769706858],[-120.20042138617927,48.582488586202864],[-120.20045793636731,48.582373963220043],[-120.20049833726402,48.582256338359642],[-120.20059148313646,48.5820098085551],[-120.20068479468129,48.58178516116979],[-120.20079528948474,48.581536456308271],[-120.20090957567457,48.581290672969445],[-120.20121296508287,48.580651532360477],[-120.20129932410046,48.580463557428068],[-120.20137437044728,48.580294228749374],[-120.20145499232439,48.580103015412845],[-120.20152575657684,48.579923557423704],[-120.20158799758603,48.579752470368987],[-120.20164234072089,48.579588012607282],[-120.20171666321463,48.579335089744205],[-120.20179071118798,48.57905160368442],[-120.20185515806253,48.578781796340728],[-120.20199869431785,48.578153796761114],[-120.20207262569731,48.57785194437858],[-120.20214580323103,48.577582782723553],[-120.20222058857561,48.577339079605025],[-120.20228786189438,48.577148646359028],[-120.20236772967311,48.576950586113718],[-120.20246098263401,48.576742913894378],[-120.20256934881137,48.57652175975641],[-120.20267192481688,48.576325428066937],[-120.20279105624927,48.576107612900543],[-120.20321281917212,48.575367693290517],[-120.2033704548595,48.575083801930745],[-120.20352099342155,48.574796320606112],[-120.20358600552753,48.574663980897157],[-120.20364525620207,48.574537077452852],[-120.20370895940074,48.57439163476694],[-120.20376567998356,48.574251287884273],[-120.20381577861106,48.574115146727635],[-120.20385947210464,48.573982610499861],[-120.2038969711772,48.573853015619541],[-120.20392832967474,48.57372614504267],[-120.2039536277552,48.573601666262903],[-120.20397291906067,48.573479325644392],[-120.20398668003632,48.573361640531047],[-120.20399653407625,48.573242610731612],[-120.20400248203171,48.57312218069324],[-120.20400452695789,48.573000289778257],[-120.20400267359965,48.572876881746559],[-120.20399691752762,48.572751872863527],[-120.20398725758383,48.572625180695525],[-120.20397368663782,48.572496714471598],[-120.20395621887079,48.572366554339041],[-120.20393482439965,48.572234405992958],[-120.20390948253049,48.572100139734097],[-120.20388016378728,48.571963602995787],[-120.20384684262595,48.571824667874296],[-120.20380946121345,48.571683086320391],[-120.20376795871628,48.571538627719264],[-120.20372224998151,48.571390998130887],[-120.20363908974211,48.571144468285759],[-120.2035439648452,48.570886758638537],[-120.20343593718474,48.570615296284423],[-120.20331299908514,48.570325029960927],[-120.20319855385215,48.57006705786479],[-120.20306697307174,48.569780194793886],[-120.20260837498013,48.568810236272682],[-120.20243753438761,48.568442012870022],[-120.20227282039602,48.568071768973347],[-120.20213399203797,48.56773961052874],[-120.20194688084315,48.567282306293848],[-120.20175402179662,48.566826027726954],[-120.20155541856593,48.566370773232286],[-120.20135106900621,48.565916544117144],[-120.20114097418895,48.565463339242307],[-120.20092513326571,48.565011159684737],[-120.20070354730689,48.564560004303743],[-120.2005790566087,48.564313503780205],[-120.20040455204931,48.563691826855091],[-120.20036323424753,48.563544630389693],[-120.20022965113517,48.563068731463019],[-120.20027143543473,48.563055706829132],[-120.20030350630253,48.563042376217794],[-120.20033472286346,48.563025803414106],[-120.20036339892391,48.56300813784933],[-120.20038955321651,48.562989370585363],[-120.20041320086595,48.562969490503242],[-120.20043435372719,48.56294848518278],[-120.20045303206145,48.562926338842225],[-120.20046924733293,48.562903034434619],[-120.20048301647972,48.56287855112992],[-120.20049433458171,48.562852908579544],[-120.20050323874737,48.562826041073961],[-120.20051384181481,48.562768502671929],[-120.20051488380844,48.562705632680597],[-120.20050637770959,48.56263694894372],[-120.20049286155795,48.562578176771915],[-120.20047322256282,48.562514841137293],[-120.20044725029308,48.562446253262095],[-120.20041442590859,48.562371029399472],[-120.20034348934881,48.562227922240936],[-120.20014824492561,48.561861691366865],[-120.2000991495554,48.561760108938692],[-120.20006029386161,48.561669788911409],[-120.20002652265603,48.561575952612749],[-120.20000335213616,48.561490040408863],[-120.19999041606368,48.561410680116531],[-120.19998761150853,48.561337178062914],[-120.19999502418337,48.561240325844018],[-120.20001128674018,48.561139110721925],[-120.20003655916983,48.56103248837195],[-120.20007132440773,48.560918393983286],[-120.20010703069937,48.560818490233821],[-120.20015112537078,48.560707275021812],[-120.20031039213457,48.560339228699902],[-120.20036642454441,48.56020321593877],[-120.2004157209977,48.560069189131553],[-120.20045278827939,48.559948365827388],[-120.20046888129073,48.559884238840354],[-120.20048167455946,48.559822359143489],[-120.20049124117666,48.559762379527903],[-120.20049761675642,48.559704060818461],[-120.20050082779441,48.559647140094022],[-120.20050087205618,48.559591528537176],[-120.20049775021963,48.559537090801818],[-120.20049145724116,48.559483723540644],[-120.2004696872458,48.559363020125282],[-120.20044002222812,48.559239836304727],[-120.20040258308586,48.559114688842158],[-120.20035755476796,48.558988185554739],[-120.20030512102836,48.558860873428074],[-120.20024562176896,48.558733601505345],[-120.20017942457125,48.558607153841145],[-120.20010698306196,48.558482397905685],[-120.20001158743869,48.55833011449775],[-120.19943828048626,48.557451122692456],[-120.19910457767885,48.557480316291702],[-120.19842046861589,48.557540161835895],[-120.1978977435473,48.557439949680187],[-120.19775892259933,48.556773895610874],[-120.19782199855484,48.556295520719601],[-120.19767122641025,48.555511530193741],[-120.19771942282418,48.555321938372735],[-120.19777327767538,48.555132845957857],[-120.19783279125292,48.554944253820857],[-120.19789796187366,48.554756161302834],[-120.19796879242162,48.554568568816428],[-120.19801068002427,48.55447456672178],[-120.19806635647849,48.554371130825231],[-120.19812997605997,48.554266233174239],[-120.19831112863795,48.5539827240422],[-120.19836119251448,48.553896632990586],[-120.19840153600974,48.553819042796064],[-120.19844061941666,48.553729681403475],[-120.19846854381422,48.553645643463149],[-120.19848585308389,48.553565278881969],[-120.19849271600216,48.553487742789649],[-120.19849227467049,48.553417247337379],[-120.19848791949789,48.553345670574039],[-120.19847969953318,48.553273807673001],[-120.19846769881298,48.553202422277906],[-120.19845206443856,48.553132323245222],[-120.19843292785188,48.553064087431387],[-120.19841046084851,48.552998317437307],[-120.19838483682017,48.552935522615527],[-120.19835024540284,48.552866935904134],[-120.19830755796868,48.552798817230268],[-120.19825672999333,48.552731097445651],[-120.1981976948647,48.552663685944147],[-120.19813040788117,48.552596523935442],[-120.19805470235224,48.5525294332977],[-120.19797040282856,48.552462259990222],[-120.19787723540095,48.552394784709413],[-120.19777967780156,48.552329839187308],[-120.19767317369099,48.552264022393132],[-120.19755702212947,48.5521968973922],[-120.19742982668721,48.552127655097848],[-120.19729818417483,48.552059542105738],[-120.19715041399536,48.551986214177191],[-120.19671867108283,48.551780959076524],[-120.19657882650549,48.551717092324196],[-120.19643142210366,48.551654317175505],[-120.19627621194836,48.551592530513112],[-120.19611283082736,48.551531585471707],[-120.19594116517726,48.551471427879392],[-120.19576018468987,48.551411686412202],[-120.19556896857461,48.551352054929986],[-120.19536578383978,48.551291991226179],[-120.19516853958638,48.551231684839045],[-120.19469592279788,48.551076357400618],[-120.19447857514757,48.551008480194653],[-120.19436178997897,48.550974789944469],[-120.19425344926501,48.550945949092991],[-120.19415163120713,48.550921446906202],[-120.19405539827002,48.550901060049107],[-120.19394922896606,48.550882277895958],[-120.19384897975381,48.550868768946955],[-120.19375411446001,48.550860460660999],[-120.19366429294152,48.550857325726952],[-120.19357915163677,48.550859358806463],[-120.19349858957821,48.550866571145271],[-120.19342244602475,48.550878977022876],[-120.19335060128365,48.550896596622906],[-120.19329864801155,48.550913216747041],[-120.19324598063791,48.550933132990714],[-120.19319261145067,48.550956341306367],[-120.1931385530219,48.55098283477934],[-120.19308381730154,48.5510126084829],[-120.19302842267223,48.551045652599385],[-120.19297238362486,48.551081957997908],[-120.192915716907,48.551121514210436],[-120.19285847752576,48.551164280543517],[-120.19280064611979,48.551210267924404],[-120.19268326119807,48.551311862501343],[-120.19256368396776,48.551426182541199],[-120.19244144827205,48.551553673685099],[-120.19239739667231,48.551604802107143],[-120.19235716032185,48.551658473589541],[-120.19232065408218,48.551714805512262],[-120.19228777225258,48.551773955504842],[-120.19225845187297,48.55183602294877],[-120.19223252212072,48.551901342231112],[-120.19220985837536,48.551970227380487],[-120.19219030197334,48.552043159944581],[-120.19216490243159,48.552170747514715],[-120.1921460519973,48.552315962201149],[-120.19213423835323,48.552457949490716],[-120.19211229256946,48.552810938424365],[-120.1921035407648,48.552908165886691],[-120.19209315685497,48.552995114391706],[-120.19207852188852,48.553087637622227],[-120.19206076174231,48.553173321089119],[-120.19203957163298,48.553253626160881],[-120.19201474897972,48.553329309744662],[-120.19193408284832,48.553543586351537],[-120.19184843878388,48.553755641424871],[-120.19175793108724,48.553965191849144],[-120.19166266737875,48.55417198761414],[-120.19156276910905,48.554375767818293],[-120.19145832664545,48.554576349349183],[-120.19134944288793,48.554773538432009],[-120.19123621158691,48.554967160747957],[-120.19111883327649,48.555156890736981],[-120.19099730019055,48.555342755101037],[-120.19087169883625,48.555524618361261],[-120.19074211271899,48.55570236247145],[-120.19060863307864,48.555875864265261],[-120.1904713237162,48.556045037344312],[-120.19033026395047,48.556209788817263],[-120.1901855199515,48.556370038442097],[-120.19002345613983,48.556541437520465],[-120.18985922691785,48.556708607653775],[-120.18969295863197,48.556871423248069],[-120.18952475934348,48.557029776021089],[-120.18935474591322,48.557183558956574],[-120.18918299027438,48.557332706769401],[-120.18900957531024,48.55747714660933],[-120.18883457532117,48.557616819348567],[-120.18865815146594,48.557751599831739],[-120.18848027487633,48.557881513801654],[-120.18830100416373,48.558006518985586],[-120.18812039410197,48.558126577544662],[-120.18793849980375,48.558241652519889],[-120.18775536193331,48.558351719830803],[-120.18581121159818,48.558680277691025],[-120.18530688937676,48.558990589695313],[-120.18435609108913,48.559762004803929],[-120.18341909400324,48.56002785838249],[-120.1828252259464,48.560414323660119],[-120.18262690456207,48.560785384947657],[-120.18244707582323,48.560827919001689],[-120.18226016352514,48.560869623718439],[-120.18206577221382,48.56091058757692],[-120.18186417213271,48.560950767589361],[-120.18165358525809,48.560990529811946],[-120.18143259934656,48.561030146683244],[-120.18119710951783,48.561070353180547],[-120.18105566883023,48.561092842537533],[-120.18091190213626,48.561113486288406],[-120.18076631502559,48.561132212187445],[-120.18061943429019,48.561148952704364],[-120.18047178553068,48.561163648033592],[-120.18032392073921,48.561176242170127],[-120.18017638456658,48.561186688857198],[-120.18002971787658,48.561194950020472],[-120.17988046415485,48.56119940675238],[-120.17972493528096,48.561198432137033],[-120.17956178804995,48.561192023521208],[-120.17938855911667,48.561180085569518],[-120.17921565079622,48.56116385211368],[-120.17902426961597,48.561142017381869],[-120.17882709027604,48.561116600570308],[-120.17828510031667,48.561042922270246],[-120.17811967759181,48.561022573370835],[-120.17797127364207,48.561006396284142],[-120.17780080362992,48.560991059164536],[-120.17764173299612,48.560980660093492],[-120.17749091365451,48.560974994405257],[-120.17734676331217,48.560974010523033],[-120.17715757617927,48.560978848391038],[-120.17696074644735,48.56098984482788],[-120.17675443862336,48.561007097054464],[-120.1765352167951,48.561030888622923],[-120.17632743189101,48.561057687482922],[-120.17609731335523,48.561091060655485],[-120.17524275042496,48.561228332723729],[-120.1748871609674,48.561280954717461],[-120.17469497895227,48.561305777188664],[-120.17451506666855,48.561325901291085],[-120.17434394649409,48.561341714697107],[-120.17417985085463,48.56135337594398],[-120.17403801745627,48.561360883880084],[-120.17389008963957,48.561366817850008],[-120.17356968172672,48.561374191748669],[-120.17322512585356,48.561376070399],[-120.17252914830698,48.561372696817436],[-120.17223446663695,48.561373057192263],[-120.17192542346659,48.56137750122992],[-120.17164890232804,48.561386755981552],[-120.17149250345469,48.561395990755521],[-120.17132802524074,48.561410152707516],[-120.17115396682726,48.561429366401484],[-120.170967461074,48.561453946476099],[-120.17079045542599,48.561480331035327],[-120.17059349755039,48.561512323753561],[-120.16987407560391,48.561638418354768],[-120.1695824027051,48.561686612790993],[-120.16942634253951,48.561710013219084],[-120.16928153476242,48.561729652025171],[-120.16914513538683,48.561745914930931],[-120.16901570435677,48.561758969347892],[-120.16886156386403,48.561770973076058],[-120.16871522651225,48.561778217377984],[-120.1685756327,48.561780752850964],[-120.16844209426091,48.561778590924874],[-120.16831386728981,48.561771709653897],[-120.16819072551286,48.561760086017756],[-120.16807231926697,48.561743685872699],[-120.16795837982306,48.561722473018641],[-120.16787241983317,48.561702187198144],[-120.16778693603409,48.561677775022488],[-120.16770176782101,48.561649189677226],[-120.16761670977733,48.561616365013137],[-120.16753162172166,48.561579249677614],[-120.16744613056404,48.561537690631233],[-120.16735990896524,48.561491527711567],[-120.16727249575136,48.561440515415242],[-120.16719040605868,48.561388933129557],[-120.16710618673982,48.561332551268499],[-120.16701903680266,48.561270837716087],[-120.1669274918775,48.561202758449426],[-120.16674611049773,48.561060180347795],[-120.1663889575628,48.560766921806675],[-120.16623655797237,48.560644794504064],[-120.16607421603564,48.560521375795176],[-120.16592439196619,48.560415901223237],[-120.16583486643006,48.560357442859647],[-120.16574700382328,48.560303693477373],[-120.16566021292884,48.560254292444753],[-120.16557409985548,48.560209018074218],[-120.16548821663891,48.560167641303934],[-120.16540242099502,48.560130101751831],[-120.16531649274808,48.560096302054767],[-120.16523025668791,48.560066175425071],[-120.16507612895116,48.560017652622477],[-120.16491576533336,48.559970992771241],[-120.16474937605989,48.559926256463093],[-120.16457722384577,48.559883514759797],[-120.1643995227525,48.559842823821086],[-120.16421671868089,48.55980428816229],[-120.16402923160842,48.559767995270768],[-120.16383759456403,48.55973404933723],[-120.16371464351985,48.559715305394192],[-120.16358565094875,48.559699665261505],[-120.16344964104388,48.559687007879099],[-120.16330489219936,48.559677170807319],[-120.16314516912928,48.559669847847978],[-120.16296787060958,48.559665035255385],[-120.16277874887145,48.559662527056382],[-120.16224151600737,48.559658978867141],[-120.16207546927068,48.559655666485412],[-120.16192737430504,48.559650535904595],[-120.16175733658177,48.559641190965301],[-120.16160019573289,48.559628345591612],[-120.16145278486616,48.559611738014048],[-120.16131353037714,48.559591183510669],[-120.16122385492903,48.559575218726081],[-120.16113332129206,48.559557051063734],[-120.16104176517803,48.559536649371871],[-120.16094898306872,48.559513966874036],[-120.16075892669285,48.559461564858474],[-120.1605603105985,48.559399065774535],[-120.16036331634167,48.559330393421028],[-120.16014767185304,48.559249129228604],[-120.15992648393505,48.559161097650602],[-120.15931681440237,48.558912249764042],[-120.15912859856287,48.55883897547713],[-120.1589583401973,48.558776119013586],[-120.15876054583292,48.558708401180411],[-120.15828621068765,48.558576936472512],[-120.15780119673195,48.558820834117853],[-120.15736069818877,48.558898424369929],[-120.15668703122229,48.559076414507864],[-120.15621827884176,48.559200261476413],[-120.15612247915861,48.559250673519301],[-120.15603159514428,48.559298498569461],[-120.15601699748088,48.559306180416414],[-120.15588720474037,48.559374479830439],[-120.15583508276501,48.559401907751244],[-120.15559177470934,48.559529940580425],[-120.15521619993022,48.559802895576773],[-120.1548681020577,48.560055878729905],[-120.15441472421027,48.560437196018299],[-120.1540940088078,48.560688813437373],[-120.15400148318093,48.560761404690894],[-120.1537758428988,48.560938429781039],[-120.1533078698296,48.560987304262419],[-120.15319031627321,48.560974144210789],[-120.152958578091,48.560948200508882],[-120.15203663468871,48.560442221299411],[-120.15127732620496,48.560299486356143],[-120.15117918927622,48.560288929242908],[-120.15035156643498,48.560199894845489],[-120.14966798323651,48.560338199780574],[-120.14943496411516,48.561233284292115],[-120.14941910604671,48.561625511248664],[-120.14941859656908,48.561638106887123],[-120.14941438340799,48.561742313054616],[-120.14941085264836,48.561829650029587],[-120.14940493870265,48.561975914842712],[-120.14940438856523,48.56210360735313],[-120.14940016469184,48.563084024059457],[-120.1493726583931,48.563277518278504],[-120.14935434630156,48.563406334110859],[-120.14934101399805,48.563500116612175],[-120.14931551890291,48.563679455169911],[-120.14930866217954,48.563727687515126],[-120.14930110216679,48.563780869960148],[-120.14928874092679,48.563867820596911],[-120.14915207598219,48.564269873701647],[-120.14896126128637,48.564485532838638],[-120.14895316814439,48.56449467979553],[-120.14880408164657,48.56466317692658],[-120.14809222060306,48.565121895881305],[-120.14798209976593,48.565156062664599],[-120.14731649911941,48.565362575905908],[-120.14604567870441,48.565648386899312],[-120.14573507057314,48.565701322417752],[-120.14549871719026,48.565684673459785],[-120.14517963805056,48.565662196243238],[-120.14494104563597,48.565645388435783],[-120.14469608069066,48.565747177792545],[-120.14455789795507,48.565807350460091],[-120.144429800788,48.565865376734664],[-120.1443097465349,48.565922183341101],[-120.14419665792947,48.565978281054079],[-120.14394784675115,48.566107536168055],[-120.14369165592242,48.566246015443056],[-120.14342541303967,48.56639515728434],[-120.14314392562437,48.566557867106901],[-120.14289999166343,48.566702334488596],[-120.14263030100632,48.5668649403054],[-120.1417417483608,48.567409610840691],[-120.14141075224556,48.567610583661619],[-120.14108158751267,48.567806444503276],[-120.14078118675117,48.567980251637231],[-120.14046383629213,48.568157424082393],[-120.14016045317935,48.56831954987301],[-120.13986611010766,48.568469260568371],[-120.13957811240054,48.568607917779751],[-120.13899177462996,48.568887195591742],[-120.13871489893089,48.56901383245561],[-120.1385702582059,48.569076191518207],[-120.13843322906189,48.569132131204491],[-120.13830129131011,48.569182677182987],[-120.13817313201176,48.569228329055605],[-120.13807454838965,48.569258965161076],[-120.13796690348791,48.569286470895491],[-120.13784917944837,48.569311114551219],[-120.13771931089059,48.569333329968131],[-120.13759831306442,48.569350546774679],[-120.13746143342344,48.569367154445501],[-120.13697976806667,48.569416350009142],[-120.13679515917865,48.569437610103066],[-120.13661181854205,48.569464167803652],[-120.13653052742441,48.569478625811882],[-120.13645475670964,48.569494108609376],[-120.13636823609546,48.56951474011997],[-120.13570471741832,48.570011819538735],[-120.13555072767979,48.570127181353513],[-120.13416975305927,48.571161710488909],[-120.13406727480461,48.571243375872498],[-120.13396236725038,48.571320882727747],[-120.13369423281915,48.571512373929238],[-120.1335583016635,48.571616406706738],[-120.1334930928065,48.571671099016207],[-120.13343573234803,48.571723457468003],[-120.1333852325974,48.571774386344863],[-120.13334111931655,48.571824369083451],[-120.13329175607552,48.571886438630685],[-120.1332434555561,48.571951953059944],[-120.1331958532427,48.572021407482332],[-120.13314834955791,48.572095670751807],[-120.13309859012314,48.57217866218204],[-120.13304626655007,48.57227113930373],[-120.132841964802,48.572655150359473],[-120.13274773145463,48.572821726202378],[-120.13269237716391,48.572911446332839],[-120.1326373652162,48.572994011482976],[-120.13258159549721,48.573071074319671],[-120.13252446994539,48.573143446144869],[-120.13248179347173,48.573197710050955],[-120.13237991054655,48.573334573621821],[-120.13232257962011,48.573403866976733],[-120.13228773337839,48.573440663393413],[-120.13225278674244,48.573473261553367],[-120.132217061481,48.573502288744493],[-120.13218019299369,48.573528037271956],[-120.13212962461151,48.57355805216487],[-120.13207296819853,48.573586862940502],[-120.13201006034015,48.573614556552876],[-120.13194058347531,48.573641269606732],[-120.13186497039547,48.573666898726508],[-120.13178155305611,48.573692058458491],[-120.13168908496138,48.573717147404544],[-120.13158203065126,48.573743670757075],[-120.1314520540609,48.573773047951313],[-120.13133227435631,48.573796625678661],[-120.13121995414973,48.573814939027969],[-120.13111433624502,48.573828101502393],[-120.13101442706564,48.573836206211816],[-120.13092048058022,48.573839200046685],[-120.13083231995832,48.573837087838101],[-120.13074986162334,48.573829868340177],[-120.13068395585361,48.573819472304756],[-120.13061590488356,48.573804186075982],[-120.13054509947159,48.573783876452083],[-120.13047035498569,48.573758206285795],[-120.13040133677987,48.573731290318918],[-120.13032509890161,48.573698777755041],[-120.13003466468136,48.573565761438346],[-120.12988383679004,48.573496057556113],[-120.1297319960872,48.573418743166293],[-120.1295782949868,48.573333388041981],[-120.12942132259175,48.573239212224472],[-120.12926263201707,48.573137363163184],[-120.12909553287427,48.573023749266575],[-120.12891598954251,48.572895734932807],[-120.1273783570944,48.572543105166197],[-120.12641327409342,48.571995828853929],[-120.12587684947385,48.571272062890692],[-120.12584536896424,48.571229588278413],[-120.12583467662695,48.571205111152231],[-120.12582606313062,48.571176974646768],[-120.12581587360545,48.571121922988418],[-120.12580058248797,48.570986879838649],[-120.12578661558298,48.57092543746689],[-120.12577708368167,48.570900170395383],[-120.12576558568938,48.57087773539677],[-120.12575197375949,48.570857843931471],[-120.12573614546258,48.570840347822731],[-120.12569527501842,48.5708074155121],[-120.12564397754883,48.57077732170346],[-120.12558179050772,48.570749784370612],[-120.12550762754393,48.57072431759336],[-120.12543745963858,48.570704749762186],[-120.12535537184425,48.570685325319502],[-120.12506640639465,48.570627438174995],[-120.12496272776066,48.570604281492251],[-120.12478909809379,48.570564376611834],[-120.12460718712583,48.570527997359271],[-120.12441672453393,48.570495088895896],[-120.1242172904942,48.570465578542446],[-120.12400882970158,48.570439441241987],[-120.12379002042975,48.57041649532529],[-120.12355970430693,48.570396616766502],[-120.12331550011299,48.570379598939184],[-120.12323287032288,48.570375622939366],[-120.12314401770938,48.570373574038058],[-120.1230489682702,48.570373451405928],[-120.1229477555012,48.570375255710843],[-120.12272698659261,48.570384644638473],[-120.12248210673773,48.570401721797978],[-120.12221336612335,48.570426478729509],[-120.12192169984009,48.570458836285056],[-120.12160801734005,48.570498695407778],[-120.12127372748512,48.57054587579217],[-120.12083726309541,48.570613524692099],[-120.12037807953737,48.570690969399209],[-120.1199039420604,48.570776918451706],[-120.11959395252491,48.570836923958808],[-120.11744615904379,48.571506482767035],[-120.11511932534358,48.5722862592159],[-120.11493350339292,48.57233400381876],[-120.11474792251683,48.572375268618693],[-120.114562583733,48.57241005250556],[-120.1143774883956,48.572438355249389],[-120.11419263463836,48.572460179064784],[-120.1140080244398,48.572475521735207],[-120.11382365526005,48.572484383716635],[-120.11363952878939,48.572486765661075],[-120.1134981437728,48.572484844441526],[-120.11335709421223,48.572480418273457],[-120.11321815878883,48.572473545376916],[-120.11308252202987,48.572464284198247],[-120.1129515056098,48.572452736681875],[-120.11282542483812,48.57243894131016],[-120.1127048392228,48.572422959365419],[-120.11259014915589,48.572404845359777],[-120.11248258238287,48.572384832301317],[-120.1123813769334,48.572362818475433],[-120.11228673403672,48.572338848333423],[-120.11219880247498,48.572312959583108],[-120.11211773050064,48.572285199413685],[-120.11204358671,48.572255591458536],[-120.11197644825515,48.572224167234971],[-120.11191637599048,48.572190955490456],[-120.11185171955765,48.572147143751117],[-120.11179248872143,48.572096984402016],[-120.1117386440187,48.572040443079608],[-120.11169013271463,48.571977465218723],[-120.11164692452209,48.57190802235278],[-120.11160892564342,48.571831977937812],[-120.1115760722745,48.571749201424183],[-120.11154827512622,48.57165947754639],[-120.11152639121079,48.571567153923802],[-120.11150893097745,48.571467833576598],[-120.11149579001729,48.571360961199723],[-120.11148682802258,48.571245391601266],[-120.1114821113316,48.571128391428395],[-120.11148074550124,48.570998548860267],[-120.11148806116913,48.57061149026412],[-120.11149386160385,48.570523565128866],[-120.11150814697177,48.570431670913294],[-120.11153105787051,48.570334835559891],[-120.11156304771097,48.570231126937607],[-120.1115957099634,48.570141392874106],[-120.11163618907561,48.570041385123993],[-120.1117783621894,48.569719891428242],[-120.11182626706426,48.569606760675612],[-120.11186728036418,48.56950009153681],[-120.11189941773701,48.569403433480097],[-120.11192359731754,48.569314370858052],[-120.11194070667062,48.569230035219441],[-120.11195096619194,48.569149333458157],[-120.11195445080358,48.569071643070416],[-120.11194928863969,48.568962087676624],[-120.11193344572942,48.56884790044041],[-120.11190677746518,48.568727924737317],[-120.11186879207759,48.568599929855225],[-120.11182791026285,48.568485037420011],[-120.11177679243416,48.568357391586467],[-120.11157937968535,48.567911409266479],[-120.11150628653219,48.567734750617284],[-120.11147165316758,48.567641338554466],[-120.11144257324034,48.567553743183005],[-120.11141851442471,48.567470352120324],[-120.11139923933989,48.567390334867532],[-120.11137832356796,48.567277504008111],[-120.11136302218132,48.567158899953291],[-120.11135316901003,48.56703331353777],[-120.11134857291341,48.566898355125311],[-120.11134862528699,48.566778611957773],[-120.11135209683233,48.566645010921683],[-120.11137459462347,48.566192714556209],[-120.11138061890276,48.566021158056643],[-120.11138124110441,48.565849658357138],[-120.11137497592694,48.565696006226453],[-120.1113680360711,48.565611839441523],[-120.11135861419514,48.565531028858771],[-120.11134665293547,48.565453084140742],[-120.11133210056151,48.565377674507189],[-120.11131488154862,48.565304439561338],[-120.11129496345298,48.565233258256946],[-120.11127229488945,48.565163952789611],[-120.11124683115629,48.565096384551438],[-120.11112662081378,48.564792889535148],[-120.11108568811069,48.564700587069311],[-120.11104538674951,48.564619345252176],[-120.11099998886398,48.564539092261136],[-120.11095244744405,48.56446655238387],[-120.11090205803661,48.564400655197652],[-120.11084840638698,48.564340871695627],[-120.11080958163923,48.564303647356923],[-120.11076668218324,48.564267501652758],[-120.11071961304441,48.564232356448557],[-120.11066824252582,48.564198110020321],[-120.11061248723743,48.564164700034709],[-120.11055204331193,48.564131936732835],[-120.1104866166895,48.564099659613781],[-120.11041573974798,48.564067638224962],[-120.11028959382026,48.564016287803838],[-120.11014242816361,48.563962641081098],[-120.10999707476252,48.563913633848884],[-120.10963860806547,48.563797094933264],[-120.10945748171692,48.563734091874508],[-120.1093697013898,48.563700930871256],[-120.10928941978149,48.56366840465212],[-120.1092153221694,48.563635976321642],[-120.10914673458319,48.563603350310714],[-120.1090149670361,48.563535539515648],[-120.10888042553123,48.563461684589427],[-120.10874168866194,48.563381012950636],[-120.10859601605824,48.563291932318577],[-120.10833424720643,48.563123050697321],[-120.1077336426108,48.562721489320509],[-120.10757851196065,48.562621727597879],[-120.10743599543311,48.56253361098387],[-120.10729366475991,48.562449763468422],[-120.10715644693535,48.562373424704887],[-120.10702234944944,48.562303487781001],[-120.10689023936551,48.562239365988646],[-120.10673755073262,48.562171842895395],[-120.10657276502349,48.562106249516368],[-120.10639416407479,48.562041895411419],[-120.10619823883307,48.561977510150534],[-120.10602457021996,48.561924530494899],[-120.10582851078547,48.561868020006493],[-120.10518037736676,48.561691025167441],[-120.10494729176632,48.561625475306343],[-120.10472463267355,48.561558959415706],[-120.10452734816603,48.561495155918841],[-120.10433486728502,48.561426779017502],[-120.10415889900646,48.561357257685657],[-120.10399678929817,48.561285540270426],[-120.10384713489417,48.561210999353484],[-120.10373403510751,48.561147269859788],[-120.10362101583409,48.561075847452003],[-120.10350689392052,48.560995995587433],[-120.1033894329514,48.560906153561803],[-120.10329014549528,48.560824817733092],[-120.10318219197966,48.560731801938239],[-120.10283526248077,48.560418595098646],[-120.10270667013343,48.560305473346389],[-120.10257765755743,48.560198042462552],[-120.10245704028097,48.560104914308639],[-120.10232853438856,48.560014721391411],[-120.10220164959904,48.559935439105601],[-120.10213813812291,48.559899463532119],[-120.10207438761024,48.559865825380697],[-120.1020102497445,48.559834444623249],[-120.10194560706302,48.559805263974852],[-120.10166196348744,48.559686293434943],[-120.10153236165974,48.559635045629491],[-120.10140810506451,48.559588164756313],[-120.10128739836308,48.559544997417582],[-120.10117045380289,48.559505642450773],[-120.10105683021999,48.55946995299707],[-120.10094626706014,48.559437845283121],[-120.10083746140559,48.559408983074228],[-120.10073141113998,48.559383676404501],[-120.10062799618993,48.559361893799142],[-120.10052713146992,48.559343619228748],[-120.10042872213921,48.559328836500015],[-120.10033273886346,48.55931754138043],[-120.10023913832366,48.559309729278262],[-120.10014788599641,48.559305396872759],[-120.10001487936425,48.559303979862335],[-120.0998750497338,48.55930714879625],[-120.09973066785523,48.559314852039627],[-120.09958400520763,48.559326967426991],[-120.09943755316158,48.559343277839154],[-120.09929304762261,48.559363578732487],[-120.09915233466327,48.559387609601671],[-120.09901693845109,48.559415108300115],[-120.09889045754531,48.559445221975238],[-120.0987713975552,48.559478178469107],[-120.09866061481019,48.559513740040991],[-120.0985587540286,48.559551698619948],[-120.09846645777695,48.559591804267413],[-120.09838399233996,48.559633927605532],[-120.09831168081851,48.559677906742138],[-120.09824974999955,48.559723599521661],[-120.09822219975848,48.559748424352023],[-120.09819750517765,48.559775347052359],[-120.09817561814164,48.559804419263898],[-120.09815648524595,48.559835711394541],[-120.09814007005504,48.559869273033328],[-120.09812629603715,48.55990524812379],[-120.09811511098047,48.559943775397883],[-120.09810645377271,48.559985060868357],[-120.09809689651273,48.56006998107668],[-120.09809552689252,48.560168632261217],[-120.09810119027502,48.560275367525712],[-120.09812083510303,48.560495614029051],[-120.09812724308604,48.560589038550205],[-120.09812950398812,48.560685065574965],[-120.0981258157007,48.560769174602001],[-120.09812049919944,48.560816888140089],[-120.09811280788223,48.560861762139176],[-120.09810269282316,48.560904092471034],[-120.09809010857313,48.560944064555052],[-120.098074984208,48.560981880490708],[-120.09805729116781,48.561017595989604],[-120.09803698603699,48.561051300354158],[-120.09801402641277,48.561083060177268],[-120.09797429998935,48.561130969219889],[-120.09793038478294,48.561179278050496],[-120.09788237543268,48.561227886482051],[-120.09783038744034,48.561276672824604],[-120.09777453005728,48.561325535262405],[-120.09771499554959,48.561374302944067],[-120.09765197180869,48.561422818930147],[-120.0975856942641,48.561470905725315],[-120.09751601919145,48.56151864020822],[-120.09744362746451,48.561565535678547],[-120.09736886059885,48.561611369718378],[-120.09729212029039,48.561655896194765],[-120.0972137828566,48.561698893149426],[-120.09713437785203,48.561740068519427],[-120.09705441050967,48.561779160802999],[-120.09697442437175,48.561815903647499],[-120.09691133874283,48.561842715164971],[-120.09684602718637,48.561868047553581],[-120.09677848033141,48.561891905272837],[-120.09670868650046,48.56191429037078],[-120.09663663665926,48.56193520818649],[-120.09656231394008,48.561954661679778],[-120.09648570248423,48.561972656449534],[-120.09640678542446,48.561989195455332],[-120.09624202518216,48.56201791436834],[-120.09606775947059,48.562040870232664],[-120.09588372863679,48.562058097364016],[-120.09568954431948,48.562069633908983],[-120.09549007740456,48.562075429705644],[-120.09527977786472,48.562075870086694],[-120.09505772236842,48.562070959483201],[-120.09482218393981,48.562060661354771],[-120.09457707575152,48.562045325665316],[-120.09431162618895,48.562024441086891],[-120.0940210693968,48.561997737789675],[-120.09365607803082,48.561960686807396],[-120.09359039145957,48.561952861557941],[-120.0935219455809,48.561942788064954],[-120.09337342454069,48.561915378136348],[-120.09322801398973,48.561883243082278],[-120.0928580664302,48.561795173673218],[-120.09275135977495,48.56177248625194],[-120.09265529837407,48.561754649950046],[-120.09254780677263,48.561738532051336],[-120.09244701635073,48.561727968342467],[-120.09235104230353,48.561722763206667],[-120.09225890822614,48.561722869401336],[-120.09216807745186,48.561727063264627],[-120.09207416414404,48.561734196190088],[-120.09197737361539,48.561744254640303],[-120.09187797308641,48.561757209510894],[-120.09177615575859,48.561773040943365],[-120.09167244869002,48.561791671381741],[-120.09156733135964,48.561813014729751],[-120.09146145695684,48.5618369393625],[-120.09138258712078,48.561856957521961],[-120.09130336955083,48.561879656911344],[-120.09122370248109,48.561905064790295],[-120.09114345991846,48.56193322112248],[-120.09106255735026,48.561964154830918],[-120.090980753323,48.561997955259834],[-120.09089783430711,48.562034708726372],[-120.09081349957391,48.562074548780835],[-120.09064616553698,48.562160387432826],[-120.0904675416253,48.562260691908541],[-120.09027570435369,48.56237608253943],[-120.0900086593044,48.562543868473718],[-120.0899208964433,48.562602970542692],[-120.08983209320428,48.562669917782635],[-120.08974144317325,48.562745307132822],[-120.08964737139017,48.562830445987679],[-120.08956642804588,48.562908619910459],[-120.0894782944621,48.562997927095651],[-120.0891127609442,48.563383021391623],[-120.0890234971986,48.563471012410837],[-120.08894225133214,48.563545618987952],[-120.08885717335038,48.563616655994352],[-120.08877585273025,48.563676589827544],[-120.08869685638049,48.563726472020207],[-120.08861936998957,48.563766809833403],[-120.08854098891462,48.563799515427824],[-120.08846216583304,48.563825135494781],[-120.08838284895228,48.563843686641277],[-120.08830298479893,48.563855181075994],[-120.08822252115085,48.563859627033224],[-120.0881413855997,48.563857030659534],[-120.08805950823943,48.563847390152382],[-120.08797680734345,48.563830694519623],[-120.087893342193,48.563806975602446]]]},"properties":{"FID":0,"Event_ID":"WA4855212019420210716","irwinID":"A0A9789D-7AC2-4784-8AD3-B348CF5E64DD","Incid_Name":"CUB CREEK 2","Incid_Type":"Wildfire","Map_ID":10022491,"Map_Prog":"MTBS","Asmnt_Type":"Extended","BurnBndAc":74582,"BurnBndLat":"48.672","BurnBndLon":"-120.157","Ig_Date":1626393600000,"Pre_ID":"804502620210702","Post_ID":"804502620220806","Perim_ID":" ","dNBR_offst":-17,"dNBR_stdDv":42,"NoData_T":-970,"IncGreen_T":-150,"Low_T":60,"Mod_T":252,"High_T":480,"Comment":"Following perimeter images were applied: 804502620210718_REFL.tif, A10UFV20210721_REFL_30.tif, B10UFV20210726_REFL_30.tif, 804502620210803_REFL.tif, B10UGV20210825_REFL_30.tif, 804502620210920_REFL.tif, B10UGU20210924_REFL_30.tif, B10UGV20210924_REFL_30."}},{"type":"Feature","id":1,"geometry":{"type":"Polygon","coordinates":[[[-120.27443416009523,48.66510878351643],[-120.2740151653218,48.663858775519223],[-120.27244105591141,48.663539118831231],[-120.27047424754103,48.6636732833677],[-120.2708134566597,48.664552982477993],[-120.27109099847678,48.665272738507475],[-120.27197977025916,48.666268849537992],[-120.27380296032973,48.666416347660871],[-120.27443416009523,48.66510878351643]]]},"properties":{"FID":1,"Event_ID":"WA4855212019420210716","irwinID":"A0A9789D-7AC2-4784-8AD3-B348CF5E64DD","Incid_Name":"CUB CREEK 2","Incid_Type":"Wildfire","Map_ID":10022491,"Map_Prog":"MTBS","Asmnt_Type":"Extended","BurnBndAc":17,"BurnBndLat":"48.665","BurnBndLon":"-120.272","Ig_Date":1626393600000,"Pre_ID":"804502620210702","Post_ID":"804502620220806","Perim_ID":" ","dNBR_offst":-17,"dNBR_stdDv":42,"NoData_T":-970,"IncGreen_T":-150,"Low_T":60,"Mod_T":252,"High_T":480,"Comment":"Following perimeter images were applied: 804502620210718_REFL.tif, A10UFV20210721_REFL_30.tif, B10UFV20210726_REFL_30.tif, 804502620210803_REFL.tif, B10UGV20210825_REFL_30.tif, 804502620210920_REFL.tif, B10UGU20210924_REFL_30.tif, B10UGV20210924_REFL_30."}}]}