{"type":"FeatureCollection","features":[{"type":"Feature","id":0,"geometry":{"type":"Polygon","coordinates":[[[-121.26358300000031,36.002688999999997],[-121.2636820000003,36.002724000000001],[-121.2637790000003,36.002761000000014],[-121.26387400000031,36.002800000000001],[-121.2642020000003,36.002944999999997],[-121.26429700000031,36.00298500000001],[-121.26434500000032,36.003003999999997],[-121.26443900000031,36.003037999999997],[-121.26458100000032,36.003085999999996],[-121.2647730000003,36.003147999999996],[-121.26554200000029,36.00339000000001],[-121.26679200000031,36.003785999999998],[-121.26698400000031,36.003847999999998],[-121.26738300000029,36.003979000000001],[-121.26753300000031,36.004028000000005],[-121.26768300000032,36.004074000000003],[-121.2681350000003,36.004204999999999],[-121.26833200000031,36.004263999999999],[-121.26852400000031,36.00432399999999],[-121.26890900000031,36.00444499999999],[-121.26905300000031,36.004491000000016],[-121.26919600000029,36.004537999999989],[-121.26929100000031,36.004570999999991],[-121.2693390000003,36.004588000000005],[-121.26948200000031,36.004641999999983],[-121.27015400000032,36.004905000000001],[-121.27030100000032,36.004964000000008],[-121.2703990000003,36.005004999999997],[-121.2704470000003,36.005025999999994],[-121.27054100000029,36.005071000000001],[-121.27058700000032,36.005094],[-121.2706790000003,36.005141999999999],[-121.27077000000031,36.005191000000011],[-121.27081500000031,36.005215999999997],[-121.2709040000003,36.005267999999994],[-121.27094700000032,36.005294999999997],[-121.27098900000031,36.005323000000004],[-121.2710720000003,36.005380999999993],[-121.27123300000031,36.005501999999993],[-121.27131400000032,36.005561],[-121.27135600000031,36.005589999999984],[-121.2713980000003,36.005619000000003],[-121.27144100000029,36.005645999999999],[-121.2714820000003,36.005670000000002],[-121.2715670000003,36.005715000000002],[-121.27165300000031,36.005758999999998],[-121.27182600000032,36.005843999999996],[-121.27198700000031,36.005927000000007],[-121.27202500000031,36.005944999999997],[-121.27206400000031,36.005960999999999],[-121.27210500000029,36.005972999999997],[-121.2721440000003,36.005980999999998],[-121.27218500000031,36.005986000000007],[-121.27222600000032,36.005989],[-121.2723120000003,36.005992999999997],[-121.2724110000003,36.006000000000007],[-121.2725100000003,36.006008999999999],[-121.27256100000029,36.006014000000008],[-121.2726610000003,36.006025999999999],[-121.27271000000032,36.006034000000007],[-121.27275900000031,36.006042000000001],[-121.2728080000003,36.00605199999999],[-121.27285600000032,36.006064000000009],[-121.2729030000003,36.006078000000002],[-121.2729490000003,36.006093999999997],[-121.27299500000031,36.006110999999997],[-121.2730410000003,36.006129999999999],[-121.27313000000031,36.006168000000002],[-121.2732190000003,36.006208999999991],[-121.27330700000032,36.006250999999999],[-121.27339700000032,36.006295000000001],[-121.27349000000029,36.006343000000008],[-121.2736270000003,36.006415999999994],[-121.27376300000032,36.006490000000007],[-121.27385300000032,36.006541000000013],[-121.27389500000029,36.006565000000002],[-121.27418300000029,36.00673900000001],[-121.27426700000029,36.006788],[-121.2743090000003,36.006810999999985],[-121.27435600000031,36.006835000000002],[-121.2744500000003,36.006882000000004],[-121.27473900000031,36.007016],[-121.2748340000003,36.007061],[-121.27492800000032,36.007109],[-121.27497300000032,36.00713300000001],[-121.27501800000032,36.007156999999999],[-121.27510500000029,36.007207000000001],[-121.27541000000031,36.007385999999997],[-121.27549900000031,36.007436000000006],[-121.27572700000032,36.007559000000008],[-121.27581700000032,36.007609000000009],[-121.2759060000003,36.007660000000016],[-121.27594900000031,36.007686999999997],[-121.2759920000003,36.007713999999986],[-121.27607500000032,36.007772000000003],[-121.27615600000031,36.007832000000001],[-121.2762750000003,36.007923999999996],[-121.2763530000003,36.007986000000002],[-121.27639100000032,36.008018],[-121.27642800000027,36.008051000000002],[-121.27649700000028,36.008113999999999],[-121.27656300000031,36.008180000000003],[-121.27666100000029,36.008279000000009],[-121.27714700000028,36.008778000000007],[-121.27737600000027,36.00901300000001],[-121.27851500000027,36.010156999999992],[-121.27861600000028,36.010263000000002],[-121.2786820000003,36.010334],[-121.27871200000028,36.010370000000002],[-121.2787720000003,36.010441],[-121.27897500000029,36.010694999999984],[-121.27903500000026,36.010767999999999],[-121.27909800000029,36.010840000000002],[-121.27928800000028,36.011054999999992],[-121.28049900000028,36.012411999999991],[-121.28062600000027,36.012555999999996],[-121.28068700000028,36.012629000000004],[-121.28074700000029,36.012703000000009],[-121.2808050000003,36.012778999999995],[-121.28089100000028,36.012894000000003],[-121.28105900000028,36.013125000000002],[-121.2811140000003,36.013202999999983],[-121.28116800000028,36.013281000000006],[-121.28122000000027,36.013359000000008],[-121.28124400000027,36.013399],[-121.28126600000029,36.013440000000003],[-121.28128500000028,36.013477999999999],[-121.28130200000028,36.013517000000007],[-121.28133400000027,36.013595999999993],[-121.28140800000028,36.013795000000009],[-121.28144000000029,36.013874000000001],[-121.28145700000027,36.013911999999998],[-121.28147700000028,36.013951000000013],[-121.28151900000029,36.014028000000003],[-121.28160800000029,36.014180000000003],[-121.28165200000028,36.01425600000001],[-121.2816730000003,36.014295000000004],[-121.28169200000029,36.014333999999991],[-121.28171000000029,36.014372999999999],[-121.28174200000028,36.014451999999999],[-121.28177200000027,36.014532999999993],[-121.28188200000028,36.014856000000002],[-121.28191000000028,36.01493399999999],[-121.28194000000028,36.015012000000006],[-121.28195700000029,36.015050000000002],[-121.28197500000029,36.015087999999999],[-121.28199500000026,36.015124999999998],[-121.28201800000028,36.015162999999994],[-121.28204300000027,36.0152],[-121.28206900000028,36.015236000000002],[-121.28212500000028,36.015308000000005],[-121.28230000000028,36.015519999999988],[-121.28235700000027,36.015591999999998],[-121.28238400000028,36.015628],[-121.28241100000028,36.015664999999991],[-121.28243600000027,36.015703000000009],[-121.28248500000026,36.015782000000002],[-121.28253100000028,36.015862000000006],[-121.28257600000028,36.01594200000001],[-121.28310400000028,36.016908000000008],[-121.28323800000027,36.017149000000011],[-121.28344100000028,36.017513000000008],[-121.28348400000027,36.017594000000003],[-121.28350400000028,36.017633999999994],[-121.28352300000027,36.01767499999999],[-121.2835400000003,36.017716],[-121.28355400000028,36.017756000000006],[-121.28356400000028,36.017796999999995],[-121.28356900000028,36.01783799999999],[-121.28356800000027,36.01787800000001],[-121.28356200000027,36.017917999999995],[-121.28355200000028,36.017957999999993],[-121.2835400000003,36.017997999999999],[-121.28352600000026,36.018038000000004],[-121.28351000000028,36.018078000000003],[-121.28344600000028,36.018236999999999],[-121.28343200000027,36.018276999999998],[-121.28341900000028,36.018315999999992],[-121.28341000000029,36.018354000000002],[-121.28340400000029,36.018392000000006],[-121.28340400000029,36.018427999999993],[-121.28341000000029,36.018462999999997],[-121.28342600000028,36.018495999999992],[-121.28344900000029,36.018526999999992],[-121.28347800000027,36.018557999999999],[-121.28351000000028,36.018587000000004],[-121.28354500000029,36.018615999999994],[-121.28358200000028,36.018644999999999],[-121.28369700000027,36.018732],[-121.28377400000028,36.018790999999993],[-121.28388800000029,36.018881999999998],[-121.28396000000028,36.018943999999998],[-121.28399500000029,36.018976000000002],[-121.28402900000029,36.019008000000007],[-121.28406100000026,36.019041999999999],[-121.28409000000028,36.019075999999998],[-121.28411800000029,36.019112],[-121.28417000000029,36.019183999999989],[-121.28421900000028,36.019259000000005],[-121.28434100000028,36.019444999999997],[-121.28439300000028,36.019521000000005],[-121.28444600000029,36.019596],[-121.28452800000028,36.019707000000004],[-121.28458400000028,36.019781000000009],[-121.28464100000026,36.019854000000002],[-121.28467000000029,36.019889999999997],[-121.28473400000028,36.019962999999997],[-121.28479900000029,36.020034999999993],[-121.28486600000026,36.020105999999998],[-121.28496700000026,36.020211999999994],[-121.28506800000028,36.020313999999985],[-121.28535600000028,36.020598],[-121.28542000000027,36.020663999999989],[-121.28548500000028,36.020730999999991],[-121.28558000000027,36.020832000000006],[-121.28567400000028,36.02093399999999],[-121.28573600000027,36.021003000000007],[-121.28576500000028,36.021038000000004],[-121.28579300000027,36.021073000000001],[-121.28582000000027,36.021109000000003],[-121.28584400000027,36.021146000000002],[-121.28586600000028,36.021183000000001],[-121.28588500000028,36.021220999999997],[-121.28590200000026,36.021259999999998],[-121.28591700000028,36.021298000000002],[-121.28593200000029,36.021337999999993],[-121.28594400000028,36.021377000000001],[-121.28595500000027,36.021416000000002],[-121.28596300000028,36.021455000000003],[-121.28596900000028,36.021495000000009],[-121.28597100000029,36.021532999999998],[-121.28596800000028,36.021571000000002],[-121.28595800000026,36.021611000000007],[-121.28594300000027,36.021649000000011],[-121.28592500000029,36.021687000000007],[-121.28590300000027,36.021725000000018],[-121.28587900000028,36.021762000000003],[-121.28585400000028,36.021799999999999],[-121.28582800000028,36.021837000000005],[-121.28577300000029,36.021910000000005],[-121.28571400000028,36.021982000000001],[-121.28568300000029,36.022017000000005],[-121.28565000000029,36.022052999999993],[-121.2855790000003,36.022121999999996],[-121.28547000000029,36.022224000000008],[-121.2851370000003,36.022527000000004],[-121.28499100000028,36.022662000000004],[-121.28488300000029,36.022764000000002],[-121.28465700000028,36.022989000000003],[-121.28459000000028,36.023051000000002],[-121.28455500000028,36.023080999999998],[-121.28451900000027,36.023111000000007],[-121.28447900000029,36.023139999999998],[-121.28443800000028,36.023167999999991],[-121.28435400000028,36.023223000000009],[-121.28426700000027,36.023274999999991],[-121.28417900000028,36.023327000000002],[-121.28364700000029,36.023634000000001],[-121.28351500000026,36.023710999999999],[-121.28342900000028,36.023764],[-121.28338800000027,36.023792000000007],[-121.28334800000027,36.023820999999998],[-121.28331000000027,36.02385000000001],[-121.28327500000029,36.023882000000008],[-121.28324300000028,36.02391699999999],[-121.28321400000027,36.023952999999999],[-121.28318700000027,36.023990999999995],[-121.28316200000027,36.024029000000006],[-121.28313700000028,36.024068999999997],[-121.28309000000027,36.024149000000001],[-121.28302100000028,36.024268999999997],[-121.28297400000027,36.024348999999994],[-121.28294900000027,36.024388999999999],[-121.28292300000027,36.02442700000001],[-121.28289500000029,36.024465000000006],[-121.28286500000027,36.024501000000001],[-121.28283400000028,36.024535],[-121.2828010000003,36.024566999999998],[-121.28276600000029,36.024599000000002],[-121.28269300000028,36.024659999999997],[-121.28254400000027,36.024781000000004],[-121.28246900000028,36.024842000000007],[-121.28243100000029,36.024873999999997],[-121.28235600000026,36.024939999999994],[-121.28224500000029,36.025041000000009],[-121.28213500000028,36.025143],[-121.28206400000029,36.025210999999999],[-121.28193300000028,36.02534],[-121.28186800000027,36.02540299999999],[-121.28183400000029,36.025434000000004],[-121.28179900000028,36.025463000000002],[-121.2817630000003,36.025492000000007],[-121.28172600000029,36.02551900000001],[-121.28168700000029,36.025543000000006],[-121.28164500000028,36.025564999999986],[-121.28160100000028,36.025584000000009],[-121.28155600000028,36.025601999999999],[-121.28151000000028,36.025619000000006],[-121.28137300000027,36.025666999999999],[-121.28133000000028,36.025683000000008],[-121.28128900000027,36.025700999999998],[-121.28125100000028,36.025720000000007],[-121.28121800000027,36.025739999999999],[-121.2811920000003,36.025764000000002],[-121.28117700000028,36.025784000000002],[-121.28116500000029,36.02580600000001],[-121.28115900000029,36.025816999999996],[-121.28114600000029,36.02585100000001],[-121.28113500000028,36.02588699999999],[-121.28112600000028,36.025924000000003],[-121.28111100000028,36.02600300000001],[-121.28110000000027,36.02608399999999],[-121.28109500000026,36.026125],[-121.28109200000029,36.026165999999996],[-121.28109000000028,36.026206000000002],[-121.28109000000028,36.026246999999991],[-121.28109300000028,36.026285999999999],[-121.28109900000028,36.026325],[-121.28111000000028,36.026361999999999],[-121.28112900000028,36.02640000000001],[-121.28115200000029,36.026436000000004],[-121.28118000000028,36.026471000000008],[-121.28121000000029,36.026505000000007],[-121.2812430000003,36.026539000000014],[-121.28127700000027,36.026572000000009],[-121.28134700000027,36.026639000000003],[-121.2816340000003,36.026902000000007],[-121.28191800000029,36.027167000000006],[-121.28198900000027,36.027231999999998],[-121.28206300000028,36.027295000000002],[-121.28210000000027,36.027325000000005],[-121.28213900000027,36.02735400000001],[-121.28218000000028,36.027380000000008],[-121.28222300000027,36.027404000000004],[-121.28226800000027,36.027422999999999],[-121.28231500000028,36.027439999999999],[-121.28236400000027,36.027455000000003],[-121.2824140000003,36.027469000000011],[-121.28251700000027,36.027493],[-121.28262200000027,36.027515000000008],[-121.28272700000028,36.027535999999998],[-121.28283200000027,36.027555999999997],[-121.28293700000027,36.027574000000008],[-121.28298900000028,36.027580999999998],[-121.28304100000028,36.027588000000002],[-121.28309300000028,36.027591999999999],[-121.28314500000029,36.027594000000001],[-121.28319600000029,36.027591999999999],[-121.28324700000029,36.027585000000002],[-121.28329700000027,36.027575000000006],[-121.28334700000029,36.027561999999996],[-121.28339700000026,36.027546999999998],[-121.28344700000028,36.027529999999999],[-121.28354600000029,36.027495000000009],[-121.28379300000027,36.027402000000009],[-121.28389300000029,36.027365000000003],[-121.28399300000028,36.027329999999999],[-121.2841440000003,36.027276999999991],[-121.28429500000027,36.027225999999999],[-121.28439700000027,36.027193000000004],[-121.28449800000028,36.027162000000004],[-121.28465100000028,36.027119000000006],[-121.28490700000027,36.027048000000001],[-121.28516300000027,36.026978999999997],[-121.28531700000029,36.026937999999994],[-121.28542000000027,36.026912999999993],[-121.28547200000027,36.026901000000002],[-121.28557800000029,36.026879000000001],[-121.28568500000027,36.026860000000006],[-121.28595300000029,36.026811999999985],[-121.28605900000028,36.02679100000001],[-121.28611200000029,36.026779999999995],[-121.28616500000027,36.026767000000007],[-121.28621500000028,36.026754000000011],[-121.28626500000028,36.026740000000004],[-121.28631400000029,36.026724999999999],[-121.28641200000028,36.026694000000006],[-121.28650900000028,36.02666],[-121.28655800000027,36.026643000000007],[-121.28665500000027,36.026606000000001],[-121.28675200000029,36.026567000000007],[-121.28684800000029,36.026527000000009],[-121.28694300000026,36.026485999999998],[-121.28703700000028,36.026442999999993],[-121.28708300000028,36.026420999999999],[-121.28712800000028,36.026398],[-121.28717100000027,36.026373],[-121.28721200000028,36.026346999999994],[-121.28725100000028,36.026318999999994],[-121.28729000000028,36.026290000000003],[-121.28732700000027,36.026260999999998],[-121.28740100000029,36.026200000000003],[-121.2874730000003,36.026138000000003],[-121.28754200000029,36.026072999999997],[-121.28760700000026,36.026009999999985],[-121.28773400000028,36.02588200000001],[-121.28779900000029,36.02582000000001],[-121.28786600000028,36.025758000000003],[-121.28789800000027,36.025725999999999],[-121.28792600000028,36.025694000000001],[-121.28794900000027,36.025661999999997],[-121.28796800000029,36.025628999999995],[-121.28802800000028,36.025508000000002],[-121.28804100000028,36.025488999999993],[-121.28805400000029,36.025475],[-121.28806800000028,36.025468000000004],[-121.28809000000027,36.025469999999999],[-121.28811400000026,36.025483999999999],[-121.28814000000028,36.025505000000003],[-121.28816800000027,36.025531000000001],[-121.28819700000028,36.025562000000001],[-121.28825600000029,36.025629999999992],[-121.28853600000028,36.025964000000002],[-121.28869200000028,36.026149000000011],[-121.2896860000003,36.027318000000001],[-121.29058900000028,36.028403000000004],[-121.29064800000029,36.028476000000005],[-121.29067600000029,36.028512000000006],[-121.29070400000028,36.028550000000003],[-121.29073100000028,36.028587000000002],[-121.29075600000027,36.028624999999998],[-121.29077900000028,36.028665000000004],[-121.29080100000027,36.028705999999993],[-121.29082200000029,36.028747000000003],[-121.29086100000029,36.028829999999999],[-121.29089900000028,36.028914],[-121.29124900000026,36.029713000000001],[-121.29130200000027,36.02983900000001],[-121.29133500000027,36.029924000000001],[-121.29134900000028,36.029966999999985],[-121.29136200000028,36.030009999999997],[-121.29138400000026,36.030095999999993],[-121.29141300000028,36.030227000000004],[-121.29180100000029,36.032148999999997],[-121.29183800000028,36.032322999999998],[-121.29185900000029,36.032410000000006],[-121.29187000000027,36.032452999999997],[-121.29188300000028,36.032496000000009],[-121.29189800000029,36.032539],[-121.29193000000026,36.032624000000006],[-121.2919830000003,36.032749999999993],[-121.29244700000027,36.033796999999993],[-121.29401800000028,36.037357],[-121.29409300000029,36.037523999999998],[-121.29413300000027,36.037607000000001],[-121.29415300000028,36.037648000000004],[-121.2941960000003,36.037730000000003],[-121.29428800000028,36.037890999999995],[-121.29564700000027,36.040222999999997],[-121.29600100000027,36.040824999999991],[-121.29604700000029,36.040906],[-121.29609200000029,36.040987000000008],[-121.29613400000027,36.04106800000001],[-121.29615200000029,36.041108999999992],[-121.29616900000028,36.041151000000006],[-121.29618300000028,36.041193],[-121.29619300000027,36.041231999999994],[-121.29620000000028,36.041271999999999],[-121.29620600000027,36.041312000000012],[-121.29622100000029,36.04143400000001],[-121.29622800000028,36.041473999999994],[-121.29623600000026,36.041512999999995],[-121.29624700000028,36.041552000000003],[-121.29626300000027,36.041591999999994],[-121.29628200000029,36.041631999999993],[-121.29630300000028,36.041671000000008],[-121.29632600000026,36.04170899999999],[-121.29635000000029,36.041747000000008],[-121.29640100000029,36.041823000000001],[-121.2964540000003,36.041898000000003],[-121.29685400000027,36.042462999999998],[-121.29696300000029,36.042611999999998],[-121.29704900000027,36.042725999999995],[-121.30190200000025,36.048988000000001],[-121.30213000000026,36.049284],[-121.30226700000024,36.049464999999998],[-121.30234800000026,36.049573000000009],[-121.30245100000026,36.049714000000002],[-121.30258300000025,36.049903999999991],[-121.30407100000025,36.052075999999992],[-121.30455100000027,36.052773999999992],[-121.30468200000026,36.052968999999997],[-121.30473300000025,36.053047000000007],[-121.30478200000027,36.053127000000003],[-121.30482800000024,36.053207],[-121.30489400000025,36.053328999999998],[-121.30550600000025,36.054470999999999],[-121.30653400000025,36.056386999999994],[-121.30662100000026,36.056550000000001],[-121.30666300000026,36.056633000000005],[-121.30668300000025,36.056674000000001],[-121.30672200000025,36.056756],[-121.30681400000026,36.056964999999998],[-121.30759100000026,36.058759999999999],[-121.30787700000026,36.059429000000002],[-121.30791500000024,36.059511999999991],[-121.30793400000026,36.059553000000008],[-121.30795500000026,36.059593],[-121.30797700000025,36.059633000000005],[-121.30800100000025,36.059671000000002],[-121.30802800000025,36.059708999999998],[-121.30805800000027,36.059743999999995],[-121.30809100000025,36.059778000000001],[-121.30812600000026,36.059811000000003],[-121.30816200000025,36.059843000000008],[-121.30819900000027,36.059874999999998],[-121.30827600000026,36.059938000000017],[-121.30850900000024,36.06012299999999],[-121.30858500000024,36.060186000000002],[-121.30862200000026,36.060217999999999],[-121.30865800000025,36.060251000000001],[-121.30869300000026,36.06028400000001],[-121.30872600000023,36.060318000000002],[-121.30875600000026,36.060354000000004],[-121.30878400000026,36.06039100000001],[-121.30881100000028,36.060429000000006],[-121.30886100000023,36.060505999999997],[-121.30893400000025,36.060623000000007],[-121.30929000000026,36.061215000000004],[-121.31030200000023,36.062883999999997],[-121.31063800000024,36.063445000000002],[-121.31068700000026,36.063525000000006],[-121.31071200000025,36.063564000000007],[-121.31073800000026,36.063603000000001],[-121.31076600000027,36.063640000000007],[-121.31079400000024,36.063676999999991],[-121.31082200000026,36.063707999999998],[-121.31085200000025,36.063737999999994],[-121.31088700000026,36.063766999999999],[-121.31092500000025,36.063794999999992],[-121.31096500000027,36.063822000000009],[-121.31100600000028,36.06384700000001],[-121.31104800000026,36.063872000000003],[-121.31113500000025,36.063921000000001],[-121.31167300000027,36.064219000000001],[-121.31189600000026,36.064343999999991],[-121.31198300000024,36.064396000000002],[-121.31202700000026,36.064422],[-121.31206900000025,36.064449000000003],[-121.31211000000026,36.064478000000001],[-121.31215000000027,36.064506999999999],[-121.31218900000027,36.064537000000001],[-121.31222700000023,36.064568000000001],[-121.31226400000025,36.064599000000008],[-121.31233800000025,36.064663000000003],[-121.31241100000025,36.064727999999995],[-121.31248200000026,36.064792999999995],[-121.31255100000025,36.064860000000003],[-121.31258500000025,36.064895],[-121.31261600000025,36.064929999999997],[-121.31264600000024,36.064965000000008],[-121.31267500000025,36.065002],[-121.31270300000027,36.065038999999999],[-121.31275600000025,36.065114000000001],[-121.31291200000025,36.065341999999994],[-121.31296400000025,36.065417000000004],[-121.31301900000024,36.065492000000006],[-121.31318600000027,36.065713000000009],[-121.31323900000025,36.065787],[-121.31326500000024,36.065825000000004],[-121.31328900000024,36.065863],[-121.31331100000025,36.065901999999994],[-121.31333200000026,36.065939999999998],[-121.31337000000026,36.066019000000004],[-121.31346200000026,36.066217000000002],[-121.31350000000026,36.066296000000008],[-121.31354000000027,36.066372999999999],[-121.31356300000026,36.066412000000007],[-121.31358700000025,36.066451000000008],[-121.31361400000026,36.06648899999999],[-121.31364100000026,36.066527000000008],[-121.31369700000025,36.066603000000008],[-121.31386900000024,36.066828000000001],[-121.31392400000026,36.066901999999999],[-121.31399100000027,36.066997000000015],[-121.31401300000026,36.067024999999994],[-121.31403800000025,36.067050999999985],[-121.31407200000025,36.067079],[-121.31410900000026,36.067104],[-121.31414900000026,36.067128000000011],[-121.31423000000025,36.067174999999992],[-121.31427000000025,36.067200000000007],[-121.31430700000024,36.067227000000003],[-121.31434000000024,36.067256999999998],[-121.31437100000025,36.06729],[-121.31439900000025,36.067324000000006],[-121.31442600000025,36.067360000000001],[-121.31445200000026,36.067397],[-121.31450100000025,36.067472999999993],[-121.31462100000027,36.067664999999998],[-121.31467200000026,36.067739999999993],[-121.31470000000024,36.067778000000004],[-121.31475800000025,36.067853000000007],[-121.31484900000025,36.067962999999992],[-121.31565600000026,36.068908999999998],[-121.31575000000025,36.069018000000007],[-121.31584400000024,36.069127000000002],[-121.31594000000024,36.069233000000011],[-121.31603700000024,36.069339000000006],[-121.31649000000026,36.06983300000001],[-121.31662000000026,36.069972999999997],[-121.31668700000027,36.070042000000001],[-121.31675500000026,36.070108999999995],[-121.31678900000027,36.070140000000016],[-121.31686000000026,36.070202000000009],[-121.31693300000028,36.070262999999997],[-121.31704300000025,36.070354000000002],[-121.31760800000028,36.070816000000008],[-121.31768500000024,36.070877000000017],[-121.31776400000025,36.070937000000001],[-121.31780400000025,36.070966000000006],[-121.31788300000024,36.071021000000002],[-121.31800600000024,36.071100000000001],[-121.31817100000026,36.07120299999999],[-121.31829700000024,36.071278000000007],[-121.31838300000025,36.071327000000004],[-121.31842600000024,36.071351],[-121.31852000000026,36.071398000000002],[-121.31861600000026,36.071444],[-121.31871300000026,36.071489],[-121.31890700000024,36.071576999999998],[-121.31905400000024,36.071641999999997],[-121.31915200000027,36.071683],[-121.31920200000026,36.071702000000002],[-121.31925200000026,36.071719999999999],[-121.31930300000026,36.071735999999994],[-121.31935500000026,36.071748999999997],[-121.31940700000025,36.071758000000003],[-121.31946100000027,36.071764000000002],[-121.31951500000025,36.07176900000001],[-121.31956900000026,36.071772000000003],[-121.31962400000025,36.071773999999998],[-121.31979100000025,36.071776000000014],[-121.32006900000026,36.071776999999997],[-121.32017900000025,36.071776000000007],[-121.32023400000024,36.071775000000002],[-121.32028900000026,36.071772999999993],[-121.32034300000025,36.07176900000001],[-121.32039600000026,36.071764000000009],[-121.32044600000027,36.071756999999998],[-121.32049500000026,36.071747000000009],[-121.32054200000027,36.071732000000004],[-121.32058800000024,36.071715000000005],[-121.32063300000024,36.071695000000005],[-121.32076800000024,36.071630999999989],[-121.32086000000025,36.071590000000008],[-121.32095400000024,36.071551000000007],[-121.32114200000022,36.071474000000002],[-121.32118900000026,36.071454000000003],[-121.32123500000026,36.071434000000004],[-121.32128000000026,36.071412000000002],[-121.32132500000026,36.071390000000001],[-121.32136800000025,36.071365999999998],[-121.32141000000027,36.07134099999999],[-121.32145100000025,36.071314000000001],[-121.32153200000026,36.071260000000009],[-121.32169100000026,36.071148000000001],[-121.32204700000024,36.070894000000003],[-121.32216400000024,36.070808],[-121.32220200000025,36.070778000000004],[-121.32223800000025,36.070748000000002],[-121.32227400000025,36.070717000000002],[-121.32230900000023,36.070684],[-121.32234300000026,36.07064900000001],[-121.32237500000021,36.070613999999992],[-121.32240700000024,36.070578000000005],[-121.32246800000026,36.070506000000002],[-121.32249700000027,36.07046900000001],[-121.32252500000023,36.07043199999999],[-121.32255200000023,36.070394],[-121.32257600000023,36.070354999999999],[-121.32259700000026,36.070315999999998],[-121.32261300000025,36.070277999999995],[-121.32262700000022,36.070240000000005],[-121.32263900000021,36.070200999999997],[-121.32264900000025,36.070161000000013],[-121.32265800000025,36.070121999999998],[-121.32267300000022,36.070042000000001],[-121.32267800000021,36.070002000000002],[-121.32268300000024,36.06996199999999],[-121.32268500000025,36.069921000000001],[-121.32268600000022,36.069881000000002],[-121.32268400000021,36.069839999999999],[-121.32268000000022,36.069798999999996],[-121.32267400000022,36.069757999999993],[-121.32266000000023,36.069676000000001],[-121.32264400000024,36.069594000000002],[-121.32251100000025,36.068981000000001],[-121.32240100000024,36.068488000000009],[-121.32231400000023,36.068078999999997],[-121.32224200000024,36.06774999999999],[-121.32221700000022,36.067627000000002],[-121.32220200000027,36.067543999999998],[-121.32219600000025,36.067502000000005],[-121.32218600000023,36.067419000000001],[-121.32216400000024,36.067208999999984],[-121.32215400000025,36.067126000000002],[-121.32214800000023,36.067084000000001],[-121.32213300000022,36.067000999999998],[-121.32208300000026,36.066754000000003],[-121.32207000000022,36.06667199999999],[-121.32206400000022,36.066631000000008],[-121.32206100000028,36.066589000000008],[-121.32205900000027,36.066544999999998],[-121.32206000000022,36.066502],[-121.32206400000022,36.066412999999997],[-121.32207100000026,36.066324999999992],[-121.32208700000025,36.066149000000003],[-121.32209400000028,36.06606],[-121.32210500000024,36.06584500000001],[-121.32211000000024,36.06575999999999],[-121.32211400000025,36.065716999999999],[-121.32211900000024,36.065674000000008],[-121.32212600000025,36.065632000000001],[-121.32213600000026,36.065591000000005],[-121.32214800000023,36.065550000000016],[-121.32216300000024,36.065508999999999],[-121.32218000000026,36.065468000000003],[-121.32221800000025,36.065388000000006],[-121.32225800000023,36.065308000000002],[-121.32238000000027,36.065069999999999],[-121.32249600000023,36.064838999999999],[-121.32253600000024,36.064762999999999],[-121.32255700000024,36.064725000000003],[-121.32257800000023,36.064686999999985],[-121.32262400000023,36.064613999999999],[-121.32267300000025,36.064542000000003],[-121.32269800000024,36.064506999999992],[-121.32272500000022,36.064473000000007],[-121.32275200000025,36.064439999999998],[-121.32278100000025,36.064407999999993],[-121.32281100000023,36.064378999999995],[-121.32284400000023,36.064352],[-121.32288000000023,36.064328000000003],[-121.32292100000024,36.06430799999999],[-121.32296500000024,36.064292000000009],[-121.32301200000023,36.064278999999999],[-121.32306000000023,36.064267999999998],[-121.32311000000021,36.064258000000002],[-121.32316000000024,36.06424899999999],[-121.32326300000021,36.064234000000006],[-121.32336700000025,36.064220000000006],[-121.32347100000023,36.064208000000001],[-121.32357700000023,36.064198000000005],[-121.32373700000024,36.064187000000004],[-121.32384200000024,36.064181000000005],[-121.32389500000022,36.06418],[-121.32394700000025,36.064179000000003],[-121.32399900000023,36.064180999999998],[-121.32405000000023,36.064184000000004],[-121.32410000000024,36.064191000000001],[-121.32414700000022,36.064200999999997],[-121.32419400000023,36.064214999999997],[-121.32423900000023,36.064230000000002],[-121.32428500000023,36.064247000000009],[-121.32433000000023,36.064266000000003],[-121.32437400000023,36.064285000000005],[-121.32446300000022,36.064325999999994],[-121.32455000000024,36.064369000000006],[-121.32459200000022,36.064391000000001],[-121.32463500000021,36.064415000000004],[-121.32467700000024,36.064439],[-121.32476000000023,36.064489000000002],[-121.32504700000023,36.064666000000003],[-121.32539100000024,36.064875000000001],[-121.32551900000023,36.064954000000007],[-121.32556100000022,36.064980999999996],[-121.32564700000023,36.065038000000008],[-121.32590300000022,36.065212000000002],[-121.32598900000023,36.065269000000001],[-121.32603300000022,36.065295999999989],[-121.32607700000023,36.065322000000002],[-121.32616600000024,36.065372999999994],[-121.32625700000023,36.065422000000005],[-121.32634900000023,36.065470000000005],[-121.32644300000021,36.065515999999995],[-121.32649000000022,36.065536999999999],[-121.32653800000024,36.065558000000003],[-121.32658500000022,36.065576],[-121.32667800000023,36.065610000000014],[-121.32686900000023,36.065674999999992],[-121.32696300000023,36.065708000000001],[-121.32701000000021,36.065725],[-121.32705600000023,36.065742999999998],[-121.32710400000023,36.06576299999999],[-121.32715200000023,36.065784999999998],[-121.32724500000023,36.065829999999991],[-121.32752300000024,36.065968999999996],[-121.32761600000022,36.06601400000001],[-121.32766300000023,36.066035999999983],[-121.32771100000022,36.06605600000001],[-121.32776000000024,36.066076000000002],[-121.32780900000023,36.066094999999997],[-121.32790900000023,36.066130000000001],[-121.32801000000023,36.066164999999991],[-121.32821300000025,36.066231000000002],[-121.32836600000024,36.066280000000006],[-121.32852000000024,36.066326999999994],[-121.32857200000021,36.066341999999992],[-121.32867700000023,36.066369000000002],[-121.32878300000023,36.06639400000001],[-121.32888900000022,36.066417999999992],[-121.32904900000021,36.066453000000003],[-121.32915600000024,36.06647499999999],[-121.32921000000024,36.066485999999998],[-121.32931300000021,36.066504000000009],[-121.32957300000022,36.066548000000004],[-121.32967600000023,36.066566000000002],[-121.32977900000023,36.066586000000001],[-121.32982900000022,36.066597000000009],[-121.32987900000025,36.066609000000007],[-121.32997600000022,36.066636000000003],[-121.33021800000023,36.066707999999998],[-121.33031600000021,36.066735000000001],[-121.33036500000023,36.066747999999997],[-121.33046700000023,36.066772],[-121.33077500000022,36.066839000000002],[-121.33087600000025,36.066862999999998],[-121.33092600000023,36.066876999999998],[-121.33097700000023,36.066892999999993],[-121.33102800000023,36.066909000000003],[-121.33112800000025,36.06694499999999],[-121.33132800000023,36.067017999999997],[-121.33142800000023,36.067052999999994],[-121.33147900000023,36.067068999999996],[-121.33153100000024,36.067083999999994],[-121.33158300000021,36.067098000000009],[-121.33168900000022,36.067124],[-121.33206100000022,36.067208999999998],[-121.33216800000024,36.067233999999999],[-121.33232800000023,36.067275000000002],[-121.33243400000025,36.067303000000003],[-121.33248600000022,36.067318999999998],[-121.33253800000023,36.067334999999986],[-121.33258900000023,36.067351999999993],[-121.33263800000023,36.067370999999994],[-121.33268500000021,36.067393000000003],[-121.33272800000023,36.067416000000001],[-121.33276900000021,36.067441000000009],[-121.33280900000022,36.067467999999998],[-121.33284800000023,36.067495999999991],[-121.33292400000025,36.067554999999999],[-121.33299800000023,36.067616000000001],[-121.33303400000023,36.067647999999991],[-121.33306900000024,36.067678999999991],[-121.33310400000025,36.067712],[-121.33313700000022,36.067745000000009],[-121.33320200000023,36.067812000000011],[-121.33326400000021,36.067880000000002],[-121.33335600000022,36.06798400000001],[-121.33341500000023,36.068053999999989],[-121.33347100000022,36.068123999999997],[-121.33349700000022,36.068159999999999],[-121.33352100000025,36.068196],[-121.33354200000022,36.068233000000006],[-121.33356000000025,36.068271000000003],[-121.33357200000025,36.068311000000001],[-121.33358100000022,36.068353000000016],[-121.33358600000022,36.068393999999998],[-121.33359000000023,36.06843700000001],[-121.33359100000024,36.068480000000001],[-121.33359100000024,36.068522999999992],[-121.33359000000023,36.068565999999997],[-121.33358500000024,36.068651999999993],[-121.33358100000022,36.068694999999998],[-121.33357600000024,36.068736999999999],[-121.33357000000024,36.068778999999999],[-121.33355500000022,36.068860000000001],[-121.33354900000022,36.068899000000002],[-121.33354700000022,36.068936999999998],[-121.33355000000023,36.068972000000002],[-121.33356100000022,36.069003999999993],[-121.33358200000023,36.069032],[-121.33361100000025,36.069056999999994],[-121.33364500000022,36.069080999999997],[-121.33368400000022,36.069102999999998],[-121.33372700000021,36.069124000000009],[-121.33377100000024,36.069144000000001],[-121.33395700000024,36.069223999999991],[-121.33400300000021,36.069245000000002],[-121.33404900000022,36.069267000000011],[-121.33409300000021,36.069290999999993],[-121.33413600000023,36.069316999999998],[-121.33417800000022,36.069344000000015],[-121.33421700000022,36.069373999999996],[-121.33425400000024,36.069405000000003],[-121.33428800000021,36.069437999999998],[-121.33431900000022,36.069473000000002],[-121.33434900000023,36.069508999999989],[-121.33437700000025,36.069545000000005],[-121.33443200000023,36.069620000000008],[-121.33459100000022,36.06984700000001],[-121.33464600000023,36.069921000000001],[-121.33467400000025,36.069956999999995],[-121.33470400000024,36.069992999999997],[-121.33473600000023,36.070027000000003],[-121.33477000000025,36.070058999999993],[-121.33480700000024,36.070090000000008],[-121.33484700000022,36.070118999999998],[-121.33488900000023,36.070146999999999],[-121.33493200000022,36.070174000000002],[-121.33497500000024,36.070199999999993],[-121.33511000000024,36.070276999999997],[-121.33556300000022,36.070528999999986],[-121.33592500000023,36.070731000000002],[-121.33692000000025,36.071287999999996],[-121.33768700000023,36.071719000000002],[-121.33777800000023,36.071769000000018],[-121.33787000000024,36.071817000000003],[-121.33791700000025,36.071840999999999],[-121.33796400000023,36.071863],[-121.33801300000025,36.071884999999995],[-121.33811100000023,36.071925],[-121.33821200000024,36.071962999999997],[-121.33831300000023,36.072001000000014],[-121.33932600000021,36.072369999999999],[-121.34256800000024,36.073556000000011],[-121.34272100000024,36.073609999999995],[-121.34282300000022,36.073644000000002],[-121.34287500000023,36.073659999999997],[-121.34298000000024,36.07369099999999],[-121.34313700000023,36.073735999999997],[-121.34461300000024,36.074142000000009],[-121.34545600000023,36.074376000000001],[-121.34556200000021,36.074404000000001],[-121.34566800000023,36.07443],[-121.34572100000024,36.074441999999998],[-121.34577500000022,36.074452000000008],[-121.34582900000024,36.074460999999992],[-121.34588200000023,36.074466999999999],[-121.34593600000022,36.074471000000003],[-121.34599000000023,36.074473000000005],[-121.34609900000024,36.074476000000004],[-121.34620800000023,36.074476000000004],[-121.34637300000021,36.074475],[-121.34703800000023,36.07446800000001],[-121.34714900000023,36.074466999999999],[-121.34720300000022,36.074468000000017],[-121.34725500000022,36.074470000000005],[-121.34730600000024,36.074472999999998],[-121.34735300000023,36.074477000000002],[-121.34739600000024,36.074483999999998],[-121.34743200000024,36.074494999999999],[-121.34746000000021,36.074510000000004],[-121.34747400000022,36.074528999999998],[-121.34748000000025,36.074551000000007],[-121.34747400000022,36.074578000000002],[-121.34745800000023,36.074607999999998],[-121.34743500000025,36.074638],[-121.34740700000023,36.07466999999999],[-121.34737500000024,36.074702000000002],[-121.34734100000023,36.074734999999997],[-121.34730500000025,36.074767000000001],[-121.34723100000024,36.074832000000001],[-121.34715400000023,36.074896000000003],[-121.34711500000023,36.07492700000001],[-121.34707500000022,36.074957000000005],[-121.34703400000021,36.07498600000001],[-121.34699200000023,36.075012999999998],[-121.34694700000023,36.075037000000009],[-121.34690100000022,36.075057000000001],[-121.34685300000024,36.075074999999991],[-121.34680400000025,36.075091],[-121.34675300000025,36.075106000000005],[-121.34665100000022,36.075132000000004],[-121.34649400000023,36.075168999999995],[-121.34623300000023,36.075225999999994],[-121.34607700000022,36.075257000000015],[-121.34590700000024,36.075288999999998],[-121.34585900000022,36.075301000000003],[-121.34581000000023,36.075313999999999],[-121.34576200000022,36.075329000000004],[-121.34571500000024,36.075344999999999],[-121.34566700000023,36.07536300000001],[-121.34557300000024,36.075400000000002],[-121.34552700000023,36.075419000000011],[-121.34548200000023,36.075440000000008],[-121.34543700000023,36.075462000000009],[-121.34539400000021,36.075484999999993],[-121.34535100000022,36.075510000000001],[-121.34531000000021,36.075536999999997],[-121.34527000000024,36.075564],[-121.34523100000024,36.075593000000005],[-121.34515500000023,36.075651999999991],[-121.34511800000021,36.075682000000008],[-121.34508200000023,36.075712999999993],[-121.34504700000022,36.075744],[-121.34501400000023,36.075777000000002],[-121.34498400000022,36.075811000000009],[-121.34495500000024,36.075847000000017],[-121.34492900000021,36.075884000000002],[-121.34490500000021,36.075921999999998],[-121.34486000000021,36.076000000000001],[-121.34481700000022,36.076079],[-121.34475500000023,36.076199000000003],[-121.34471600000023,36.076280000000004],[-121.34467800000023,36.076363999999998],[-121.34462400000022,36.076490999999997],[-121.34459100000022,36.076575999999996],[-121.34457700000021,36.076619000000008],[-121.34456400000025,36.076661999999999],[-121.34455400000023,36.07670499999999],[-121.34454800000023,36.076748000000002],[-121.34454600000022,36.076788999999998],[-121.34454800000023,36.076830000000001],[-121.34455200000022,36.076870999999997],[-121.34455800000025,36.076912999999998],[-121.34456500000022,36.076954000000001],[-121.34458300000024,36.077036],[-121.34459400000023,36.077077000000003],[-121.34460600000023,36.077117000000008],[-121.34462000000023,36.077156999999993],[-121.34463600000022,36.077196000000008],[-121.34465400000025,36.07723399999999],[-121.34467600000022,36.077269999999999],[-121.34470200000023,36.077303999999998],[-121.34473200000022,36.077337000000007],[-121.34476500000022,36.077368999999997],[-121.34479900000024,36.077400000000004],[-121.34487200000021,36.077460000000002],[-121.34494700000023,36.077519000000002],[-121.34506400000024,36.077606000000003],[-121.34518200000022,36.077691000000009],[-121.34534100000023,36.077801000000008],[-121.34537900000024,36.077829000000008],[-121.34541400000025,36.077857000000002],[-121.34544500000021,36.077886000000014],[-121.34547200000021,36.077916999999992],[-121.34549200000022,36.077950000000008],[-121.34550400000025,36.077984999999998],[-121.34551000000025,36.078021999999997],[-121.34551100000022,36.078060000000008],[-121.34551000000025,36.078099999999999],[-121.34549500000023,36.078265999999992],[-121.34548800000023,36.078351999999995],[-121.34548200000023,36.078481000000004],[-121.34547900000022,36.078567999999997],[-121.34547900000022,36.078653999999993],[-121.34548100000023,36.078695999999994],[-121.34548800000023,36.078822000000002],[-121.34550200000024,36.07898999999999],[-121.34551800000023,36.079158000000007],[-121.34553600000022,36.079326999999999],[-121.34555600000022,36.079495000000001],[-121.34556800000021,36.079579000000003],[-121.34558200000022,36.079662999999996],[-121.34563100000024,36.079909000000008],[-121.34564600000022,36.079990999999993],[-121.34565200000021,36.080032000000003],[-121.34565700000024,36.08007400000001],[-121.34566100000023,36.080117000000001],[-121.34566300000024,36.080160000000006],[-121.34566400000024,36.080246000000002],[-121.34566200000023,36.080289],[-121.34566000000022,36.080331999999999],[-121.34565600000023,36.080374000000006],[-121.34565000000023,36.080415999999992],[-121.34564200000023,36.080456000000005],[-121.34563000000023,36.080495999999997],[-121.34561300000021,36.080533999999986],[-121.34559000000023,36.080568999999997],[-121.34556300000023,36.080603000000004],[-121.34553200000023,36.080635000000008],[-121.34549900000023,36.080666000000001],[-121.34546300000024,36.08069600000001],[-121.34542600000024,36.080725000000008],[-121.34538700000024,36.080753000000009],[-121.34534700000023,36.08077999999999],[-121.34530600000022,36.080805000000005],[-121.34526300000023,36.080828000000004],[-121.34521900000024,36.08084800000001],[-121.34517300000023,36.080863000000008],[-121.34512500000022,36.080877000000001],[-121.34507600000023,36.080888000000009],[-121.34502600000023,36.080898000000005],[-121.34497600000024,36.080907000000003],[-121.34477300000023,36.080941000000003],[-121.34472200000023,36.080950999999999],[-121.34467300000024,36.080961999999992],[-121.34462200000024,36.080974999999995],[-121.34457200000023,36.08098900000001],[-121.34447400000025,36.081020000000017],[-121.34418100000023,36.081122000000008],[-121.34408200000021,36.081154000000005],[-121.34403200000023,36.08116900000001],[-121.34393500000023,36.081194999999994],[-121.34373700000023,36.081243000000008],[-121.34363900000022,36.081267999999994],[-121.34359000000023,36.081280999999997],[-121.34354200000023,36.081294999999997],[-121.34349500000025,36.081310999999992],[-121.34344600000023,36.081328999999997],[-121.34339900000025,36.081348000000006],[-121.34330500000023,36.081389999999999],[-121.34311800000023,36.081476000000023],[-121.34307100000022,36.081496000000001],[-121.34302300000023,36.081515000000003],[-121.34297500000022,36.081533],[-121.34292700000023,36.081549000000003],[-121.34287800000021,36.081562999999996],[-121.34282900000022,36.081575999999998],[-121.34263000000023,36.081623999999991],[-121.34253200000022,36.081649999999996],[-121.34248300000023,36.081662999999999],[-121.34243600000022,36.081679000000001],[-121.34239000000022,36.081696000000008],[-121.34235700000025,36.081709999999994],[-121.34231200000025,36.081732000000002],[-121.34226900000023,36.081755999999992],[-121.34222700000021,36.081781000000007],[-121.34214500000022,36.081836000000003],[-121.34206400000024,36.081892000000003],[-121.34170500000023,36.082153000000005],[-121.34154700000025,36.082269000000004],[-121.34146900000025,36.08232799999999],[-121.34143000000024,36.082358000000013],[-121.34139200000021,36.082388999999999],[-121.34135500000022,36.082419999999999],[-121.34131900000024,36.082453000000008],[-121.34128300000025,36.082486000000003],[-121.34124800000023,36.082520000000002],[-121.34117900000021,36.082590000000003],[-121.34107800000022,36.082695000000008],[-121.34080900000023,36.082976000000002],[-121.34067600000024,36.083117000000001],[-121.34061200000022,36.083188999999997],[-121.34058100000021,36.08322600000001],[-121.34055100000023,36.083263000000002],[-121.34052400000022,36.083300000000001],[-121.34049700000021,36.083337000000007],[-121.34044700000022,36.083413999999998],[-121.34035000000021,36.083568999999997],[-121.33994700000024,36.084230999999996],[-121.33990100000022,36.084310000000009],[-121.33987900000021,36.084349000000003],[-121.33985800000023,36.084389000000009],[-121.33983800000023,36.084429],[-121.33982000000023,36.084468999999999],[-121.33980400000023,36.084509000000004],[-121.33979000000022,36.084549000000003],[-121.33977800000022,36.084589999999999],[-121.33976600000022,36.084630999999995],[-121.33974400000022,36.084713000000001],[-121.33970400000024,36.084877999999996],[-121.33959300000024,36.085352999999991],[-121.33956100000023,36.085482000000006],[-121.33954900000023,36.085523999999999],[-121.33953600000024,36.085566000000007],[-121.33952100000023,36.085606999999996],[-121.33950500000024,36.085646999999994],[-121.33948500000024,36.08568600000001],[-121.33946100000021,36.085723000000002],[-121.33943500000022,36.085756000000011],[-121.33940500000023,36.085788000000001],[-121.33937300000022,36.085818000000003],[-121.33930600000022,36.085880999999993],[-121.33906200000021,36.086104000000006],[-121.33899400000023,36.086168999999998],[-121.33892900000022,36.086235000000002],[-121.33889800000023,36.086267999999997],[-121.33886900000024,36.086302000000003],[-121.33884300000021,36.086336999999993],[-121.33882100000024,36.086373999999992],[-121.33880200000023,36.086413000000007],[-121.33878700000022,36.086455000000008],[-121.33877500000023,36.086496999999994],[-121.33876500000021,36.086540000000007],[-121.33875600000023,36.086582999999997],[-121.33874900000022,36.086627000000007],[-121.33873700000024,36.086714999999998],[-121.33873300000023,36.086759000000008],[-121.33872900000023,36.086803999999994],[-121.33872700000025,36.086848000000003],[-121.33872700000025,36.08688999999999],[-121.33873000000023,36.086974000000012],[-121.33873300000023,36.087015999999991],[-121.33874100000023,36.0871],[-121.33875200000024,36.087184000000001],[-121.33875900000021,36.087224999999989],[-121.33876800000023,36.087266],[-121.33877800000023,36.08730700000001],[-121.33879100000024,36.087347000000001],[-121.33880600000022,36.087386000000009],[-121.33882200000023,36.087426000000001],[-121.33885800000023,36.087503000000005],[-121.33889600000022,36.087581],[-121.33893600000023,36.087657000000007],[-121.33901700000021,36.087808000000003],[-121.33903500000021,36.087845999999999],[-121.33905000000021,36.08788400000001],[-121.33906100000024,36.087923000000004],[-121.33906600000023,36.087963999999999],[-121.33906700000024,36.088006],[-121.33906400000022,36.088048000000001],[-121.33905900000023,36.088089999999994],[-121.33905100000023,36.088133000000006],[-121.33903300000023,36.088219000000002],[-121.33901200000022,36.088305000000005],[-121.33891400000024,36.088692999999985],[-121.33889400000021,36.088779000000009],[-121.33887500000024,36.088864999999991],[-121.33885900000023,36.088951999999992],[-121.33885300000023,36.088996000000002],[-121.33884900000021,36.089040000000004],[-121.33884600000023,36.089083999999993],[-121.33884400000022,36.089172999999995],[-121.33884300000021,36.089305999999993],[-121.33885300000023,36.090329999999994],[-121.33885800000023,36.091132000000009],[-121.33885900000023,36.091220999999997],[-121.33886400000023,36.091308999999995],[-121.33886700000023,36.091352999999998],[-121.33887300000023,36.091397000000008],[-121.33888100000024,36.091440999999996],[-121.33889100000023,36.091484000000001],[-121.33890400000023,36.091525999999995],[-121.33891900000023,36.091568000000002],[-121.33893400000022,36.091611000000007],[-121.33896800000022,36.091695000000016],[-121.33902200000024,36.091819999999998],[-121.33922100000024,36.092281],[-121.33941800000022,36.092741000000004],[-121.33956000000023,36.093077000000001],[-121.33975500000024,36.093539000000007],[-121.33979200000023,36.093622000000003],[-121.33981200000024,36.093662999999992],[-121.33983200000023,36.093703000000005],[-121.33985500000023,36.093743000000011],[-121.33987900000021,36.093781000000007],[-121.33990700000022,36.093818000000006],[-121.33993800000022,36.093852999999996],[-121.33997200000023,36.093887000000002],[-121.34000800000021,36.093919],[-121.34004600000024,36.093951000000004],[-121.34008500000024,36.093982000000004],[-121.34016400000023,36.094043000000006],[-121.34061300000025,36.094373000000004],[-121.34101900000022,36.094674000000005],[-121.34256000000023,36.095819000000013],[-121.34333000000022,36.096392999999999],[-121.34345300000022,36.096480999999983],[-121.34349500000025,36.096510000000009],[-121.34353800000024,36.096538000000002],[-121.34358200000023,36.096563999999994],[-121.34362700000023,36.096589999999999],[-121.34367300000024,36.096614000000002],[-121.34372000000023,36.096638000000013],[-121.34381500000023,36.09668400000001],[-121.34391100000023,36.096728000000006],[-121.34454000000022,36.097013999999994],[-121.34516800000024,36.097299999999997],[-121.34579500000022,36.097587000000004],[-121.34637400000022,36.097853000000008],[-121.34647100000022,36.097897000000003],[-121.34656900000023,36.097939000000004],[-121.34661800000025,36.097958999999996],[-121.34666800000022,36.097977999999998],[-121.34671800000024,36.097996000000002],[-121.34677000000023,36.098012999999995],[-121.34682200000024,36.098028000000006],[-121.34687500000022,36.098042999999983],[-121.34698100000023,36.098070000000007],[-121.34708800000023,36.098095000000008],[-121.34789400000021,36.098281999999998],[-121.3489670000002,36.098533000000003],[-121.3493430000002,36.098621999999999],[-121.34977400000021,36.098726999999997],[-121.3498810000002,36.098751999999998],[-121.34998900000019,36.098774999999989],[-121.3500420000002,36.098784999999999],[-121.35009500000021,36.098794000000005],[-121.3501480000002,36.098799],[-121.3501990000002,36.098801000000009],[-121.3502500000002,36.098799],[-121.3502950000002,36.098790999999999],[-121.3503390000002,36.098779000000007],[-121.3503820000002,36.098762999999998],[-121.3504240000002,36.098745000000001],[-121.35046500000018,36.098724999999988],[-121.35050700000021,36.098700999999998],[-121.35054900000019,36.098675999999998],[-121.3505900000002,36.098649000000002],[-121.35067100000022,36.098593999999991],[-121.3507500000002,36.098537],[-121.3507900000002,36.098507999999995],[-121.3508660000002,36.098448000000005],[-121.35090300000022,36.098417000000005],[-121.35093900000021,36.098385999999998],[-121.3509730000002,36.098353000000003],[-121.35100500000021,36.098318999999996],[-121.35103600000018,36.098284000000007],[-121.3510650000002,36.098248999999996],[-121.35109200000021,36.098213000000001],[-121.35111600000019,36.098176999999993],[-121.3511380000002,36.098140000000008],[-121.35115500000019,36.098101999999997],[-121.35116700000022,36.098064000000008],[-121.35117100000021,36.098024000000009],[-121.35117100000021,36.097982999999999],[-121.35116600000022,36.097942000000003],[-121.3511570000002,36.097900000000003],[-121.3511470000002,36.097857999999995],[-121.3511360000002,36.09781499999999],[-121.35111000000019,36.097730000000006],[-121.35106800000021,36.097603000000014],[-121.3508980000002,36.097091000000006],[-121.3508710000002,36.097006],[-121.3508460000002,36.09692299999999],[-121.35083600000021,36.096881000000003],[-121.35082800000021,36.096840000000007],[-121.35082200000021,36.096800999999999],[-121.3508210000002,36.096762000000005],[-121.35082500000021,36.096726000000004],[-121.35083700000021,36.096691000000007],[-121.35085600000019,36.096662999999999],[-121.35088100000021,36.096637000000008],[-121.3509110000002,36.096610999999989],[-121.3509440000002,36.096587],[-121.35101300000019,36.096537999999995],[-121.3510480000002,36.096511],[-121.3510850000002,36.096480999999997],[-121.35112000000018,36.096448000000009],[-121.35115400000019,36.096415],[-121.35118700000019,36.096380000000011],[-121.3512190000002,36.096344999999999],[-121.35125000000019,36.096307999999993],[-121.3512790000002,36.096271999999999],[-121.35130700000022,36.096234999999993],[-121.35133400000019,36.096196999999997],[-121.35135800000022,36.096157999999996],[-121.35137900000019,36.096118999999995],[-121.35139500000021,36.096081000000005],[-121.3514090000002,36.096041999999997],[-121.3514210000002,36.09600300000001],[-121.3514320000002,36.095964000000009],[-121.35146100000021,36.095845000000004],[-121.3514720000002,36.095804999999999],[-121.3514830000002,36.095765999999998],[-121.35149700000019,36.095726999999989],[-121.35151200000021,36.095689000000014],[-121.3515320000002,36.095650999999997],[-121.35155400000019,36.095613],[-121.35157800000022,36.095576000000008],[-121.35160300000021,36.09554],[-121.3516300000002,36.095503999999998],[-121.3516580000002,36.095468000000004],[-121.35168700000021,36.095432999999993],[-121.3517160000002,36.095398999999993],[-121.3517470000002,36.095366000000006],[-121.35177900000019,36.095334000000008],[-121.35181200000019,36.095303999999999],[-121.35184800000022,36.095276999999996],[-121.35188700000022,36.095253999999997],[-121.3519290000002,36.09523500000001],[-121.3519740000002,36.095219999999991],[-121.35202000000021,36.095207000000009],[-121.3520690000002,36.095196999999992],[-121.35211800000022,36.095187999999993],[-121.3521680000002,36.09518099999999],[-121.3522190000002,36.095173999999993],[-121.3522700000002,36.095168999999991],[-121.3523220000002,36.095165999999992],[-121.3523730000002,36.095163999999997],[-121.3524240000002,36.095165000000016],[-121.35247700000021,36.095168000000008],[-121.35252900000022,36.095173999999993],[-121.35258100000021,36.095180999999982],[-121.35263400000019,36.095189000000005],[-121.35268600000022,36.095198999999994],[-121.3527380000002,36.095208999999997],[-121.3528410000002,36.095230000000001],[-121.35294400000019,36.095253999999997],[-121.35299500000022,36.095267000000014],[-121.3530930000002,36.095295],[-121.35328800000021,36.095351999999998],[-121.35338500000022,36.095377999999997],[-121.35343400000021,36.095388999999997],[-121.35348400000019,36.095399],[-121.3535340000002,36.09540599999999],[-121.35358600000022,36.095410000000001],[-121.35363700000022,36.095412999999994],[-121.3536900000002,36.095413000000001],[-121.35379400000019,36.095410000000008],[-121.35399800000022,36.095399999999998],[-121.35404600000021,36.095399],[-121.35409200000021,36.095398000000003],[-121.3541340000002,36.095399],[-121.35417200000022,36.095403999999995],[-121.35420500000019,36.095414000000005],[-121.35423300000021,36.095431999999988],[-121.35425600000022,36.095455000000008],[-121.3542770000002,36.095481000000007],[-121.35431800000021,36.095537],[-121.3543420000002,36.095562000000008],[-121.35437000000022,36.095584000000009],[-121.3544000000002,36.09559999999999],[-121.35443300000021,36.095612000000003],[-121.35454500000021,36.095642999999995],[-121.35458300000022,36.095657000000003],[-121.35462100000019,36.095675999999997],[-121.3546580000002,36.095697999999992],[-121.3546930000002,36.095722000000002],[-121.3547270000002,36.095748999999991],[-121.3547600000002,36.095778000000003],[-121.35479000000019,36.095807999999998],[-121.35481900000021,36.095837999999993],[-121.3548440000002,36.095870000000005],[-121.35486600000021,36.095901999999995],[-121.3548830000002,36.095936000000002],[-121.35489300000022,36.095970000000001],[-121.35489600000021,36.096006000000003],[-121.35489200000022,36.096043000000002],[-121.3548830000002,36.096080000000001],[-121.3548700000002,36.09611799999999],[-121.35485400000022,36.096156000000008],[-121.35483600000019,36.09619399999999],[-121.3548170000002,36.096231999999986],[-121.35479700000019,36.09626999999999],[-121.3547530000002,36.096345000000007],[-121.35466100000019,36.096488000000001],[-121.35464100000021,36.096522999999998],[-121.3546240000002,36.096556999999997],[-121.3546120000002,36.096592000000001],[-121.35460700000021,36.096626000000008],[-121.3546110000002,36.096663000000007],[-121.35462300000019,36.096699999999991],[-121.35464100000021,36.096736999999997],[-121.3546620000002,36.096774000000003],[-121.3546870000002,36.096811000000002],[-121.35471300000022,36.096848000000008],[-121.3547410000002,36.096885000000007],[-121.35480000000021,36.096958999999991],[-121.35500900000019,36.09721900000001],[-121.35524500000021,36.097517000000011],[-121.3553050000002,36.097589999999997],[-121.3553660000002,36.097662],[-121.35539800000021,36.097696999999997],[-121.35543200000019,36.097729999999991],[-121.3554670000002,36.097761000000006],[-121.3555060000002,36.097790000000003],[-121.35554800000021,36.097814999999997],[-121.35559200000021,36.097837000000006],[-121.3556390000002,36.097857999999988],[-121.3556870000002,36.097876999999997],[-121.35578600000019,36.097912999999998],[-121.3558860000002,36.097948000000009],[-121.3567050000002,36.098213999999999],[-121.35685900000021,36.098265000000005],[-121.3569610000002,36.09829899999999],[-121.35706100000021,36.098336000000003],[-121.3571100000002,36.098355000000005],[-121.3571580000002,36.098376000000009],[-121.35720500000021,36.098399000000001],[-121.35725000000021,36.098424000000001],[-121.3572930000002,36.098451000000004],[-121.35733600000022,36.098479000000005],[-121.3573780000002,36.098506999999998],[-121.35746000000022,36.098567000000003],[-121.35758200000019,36.098658999999998],[-121.3580670000002,36.099026999999992],[-121.35928200000019,36.099944999999998],[-121.35936400000021,36.100005000000003],[-121.3594460000002,36.100065999999998],[-121.35952900000021,36.100124000000001],[-121.3595720000002,36.100151999999994],[-121.35961500000022,36.100180000000002],[-121.35970400000021,36.100233000000003],[-121.35983900000021,36.100309000000003],[-121.3607970000002,36.100836000000001],[-121.3612990000002,36.101111000000003],[-121.36143500000021,36.10118700000001],[-121.3615240000002,36.101238000000009],[-121.3615680000002,36.101264999999991],[-121.3616110000002,36.101292999999998],[-121.3616530000002,36.101321000000006],[-121.36169300000022,36.101351000000008],[-121.36173300000019,36.101382000000001],[-121.36180900000019,36.101447],[-121.3619200000002,36.101546999999989],[-121.36265100000021,36.102220000000003],[-121.36338600000022,36.102891000000007],[-121.36345800000019,36.102958999999998],[-121.3635290000002,36.103026999999997],[-121.36356400000021,36.103062000000008],[-121.36359700000021,36.103096999999998],[-121.3636290000002,36.103133000000007],[-121.3636590000002,36.103169999999999],[-121.36368800000021,36.103207000000005],[-121.3637150000002,36.103244999999994],[-121.36376800000019,36.103322000000006],[-121.36381900000022,36.103399999999993],[-121.36417300000019,36.103948000000003],[-121.36478100000021,36.104886999999998],[-121.36508300000021,36.105358000000017],[-121.3651590000002,36.105475000000006],[-121.36521200000021,36.105552000000003],[-121.36523900000022,36.105589999999985],[-121.3652670000002,36.105627999999996],[-121.36529700000021,36.10566399999999],[-121.3653280000002,36.105699999999999],[-121.36536200000022,36.105733999999998],[-121.36539800000021,36.105767000000007],[-121.3654350000002,36.10579899999999],[-121.36547400000021,36.105831000000016],[-121.36555200000021,36.105893000000009],[-121.3656730000002,36.10598499999999],[-121.3661960000002,36.106380000000009],[-121.36720000000021,36.107142999999994],[-121.36736200000021,36.107264000000001],[-121.36748500000022,36.107353000000003],[-121.3676090000002,36.107438999999992],[-121.36789900000019,36.107638999999992],[-121.36798000000022,36.107696999999995],[-121.3680600000002,36.107756000000002],[-121.3680990000002,36.107787000000016],[-121.36813600000022,36.107817999999995],[-121.3681710000002,36.107849999999992],[-121.36820300000021,36.107883999999999],[-121.3682280000002,36.107915000000006],[-121.36825100000021,36.107947000000003],[-121.3682730000002,36.107979999999991],[-121.36831700000022,36.108052000000001],[-121.3684270000002,36.108244999999997],[-121.3684720000002,36.108322000000001],[-121.36849600000019,36.10835999999999],[-121.3685200000002,36.108396999999989],[-121.36854600000021,36.108432999999998],[-121.36857400000019,36.108468999999999],[-121.3686040000002,36.108502000000001],[-121.36863700000022,36.108533000000001],[-121.3686720000002,36.108561999999992],[-121.36870900000019,36.10859],[-121.36874700000018,36.108617000000002],[-121.3687860000002,36.108643000000001],[-121.3688260000002,36.108668000000002],[-121.3689090000002,36.108717999999996],[-121.36895100000021,36.108742000000007],[-121.3689930000002,36.108764999999998],[-121.36903700000022,36.108787000000007],[-121.3690840000002,36.108808999999994],[-121.3691810000002,36.108851000000008],[-121.3692790000002,36.108890000000009],[-121.36942800000021,36.108947999999998],[-121.36957800000022,36.109003000000008],[-121.36967700000021,36.109036999999994],[-121.3698770000002,36.109104000000002],[-121.37007700000021,36.109168999999994],[-121.37017800000019,36.109200000000001],[-121.37033700000022,36.109245000000008],[-121.3705490000002,36.109301000000002],[-121.37070900000022,36.109341999999991],[-121.37081500000021,36.109368000000003],[-121.3709750000002,36.109405000000002],[-121.37124100000021,36.109465000000007],[-121.3714010000002,36.109499],[-121.37160800000021,36.109541],[-121.37176400000021,36.109569999999991],[-121.37186800000022,36.109588000000002],[-121.37192000000022,36.109597000000001],[-121.3719720000002,36.109603999999997],[-121.3720830000002,36.109617999999998],[-121.3722490000002,36.109633999999993],[-121.3726370000002,36.109665],[-121.37269100000022,36.109671000000006],[-121.37274300000021,36.109676999999998],[-121.3727950000002,36.109684999999992],[-121.37284500000021,36.109696999999997],[-121.3728930000002,36.109712000000009],[-121.3729380000002,36.109732000000008],[-121.37298000000021,36.109755999999997],[-121.37302100000019,36.109783],[-121.37306100000021,36.109812000000005],[-121.37310000000021,36.109842],[-121.3731380000002,36.109873999999991],[-121.37321300000022,36.109937999999993],[-121.37347500000021,36.110169999999997],[-121.37377900000018,36.110433],[-121.3738520000002,36.110497999999993],[-121.37388600000021,36.110531000000002],[-121.3739180000002,36.110564000000004],[-121.37394700000019,36.110596999999999],[-121.37397000000021,36.110630000000008],[-121.3739870000002,36.110663000000002],[-121.3739940000002,36.110697000000009],[-121.37399000000021,36.110731000000001],[-121.37397600000021,36.110765999999991],[-121.37395600000021,36.110799999999998],[-121.3739300000002,36.110835000000009],[-121.37390100000022,36.110869999999991],[-121.37386900000021,36.110905000000002],[-121.37383600000021,36.110939999999999],[-121.3736270000002,36.111150999999992],[-121.3735940000002,36.111185999999989],[-121.37356100000019,36.111221999999998],[-121.3735310000002,36.111258000000007],[-121.3735030000002,36.111294999999991],[-121.37347800000022,36.111333000000002],[-121.3734580000002,36.11137200000001],[-121.37344300000021,36.111412999999999],[-121.37343300000022,36.111454000000009],[-121.37342600000019,36.111497000000007],[-121.3734220000002,36.111540000000005],[-121.3734190000002,36.111584000000001],[-121.3734170000002,36.111671999999999],[-121.3734170000002,36.111760999999994],[-121.3734190000002,36.111849000000007],[-121.3734230000002,36.111937000000005],[-121.37342700000022,36.111981],[-121.37343300000022,36.112024000000012],[-121.37344200000021,36.112065000000001],[-121.37345400000021,36.112105999999997],[-121.37347200000022,36.112144999999998],[-121.37349500000022,36.112181],[-121.37352300000022,36.112215999999989],[-121.3735550000002,36.112248999999998],[-121.37358900000021,36.112282],[-121.37362500000022,36.112313],[-121.37366200000021,36.112344999999991],[-121.3738100000002,36.112468000000007],[-121.37384400000022,36.112498000000009],[-121.37387500000021,36.112527],[-121.37390200000019,36.112556000000005],[-121.3739230000002,36.11258500000001],[-121.3739360000002,36.112612000000006],[-121.37393800000021,36.112637999999997],[-121.37392700000019,36.112663000000005],[-121.37390500000021,36.112685999999989],[-121.37387500000021,36.112707999999998],[-121.3738400000002,36.112729999999999],[-121.37380200000021,36.112751000000003],[-121.3737200000002,36.112796000000003],[-121.37367900000019,36.112818999999995],[-121.37364000000019,36.112844000000003],[-121.37360400000021,36.112869999999994],[-121.37357200000021,36.112899999999996],[-121.3735460000002,36.11293400000001],[-121.3735240000002,36.11296999999999],[-121.37350600000021,36.113009999999996],[-121.37349000000022,36.113050000000008],[-121.37347700000019,36.113092000000002],[-121.37346500000019,36.113133999999995],[-121.37345400000021,36.113178000000005],[-121.3734350000002,36.113264999999998],[-121.3734070000002,36.11339499999999],[-121.37338700000019,36.113480000000003],[-121.37337500000019,36.113520000000008],[-121.3733630000002,36.113557999999998],[-121.37334900000022,36.113593000000002],[-121.3733320000002,36.113624000000009],[-121.3733110000002,36.113649000000002],[-121.37328500000019,36.113666000000002],[-121.37325700000018,36.113672999999999],[-121.37322500000022,36.113675000000008],[-121.37319000000021,36.113673000000006],[-121.37306300000022,36.113657000000011],[-121.37301200000022,36.113651999999995],[-121.3729070000002,36.113644999999998],[-121.37279900000021,36.113639000000006],[-121.3726900000002,36.113635000000009],[-121.37258100000021,36.113632999999993],[-121.3725270000002,36.113631999999988],[-121.3724170000002,36.113631999999988],[-121.3723080000002,36.113634000000012],[-121.37214400000022,36.113638000000009],[-121.37203600000019,36.113642999999996],[-121.3719280000002,36.113649000000002],[-121.37187400000022,36.113653000000006],[-121.3718200000002,36.113658000000001],[-121.3717670000002,36.113666000000009],[-121.3717170000002,36.113674999999994],[-121.37166700000022,36.113684999999997],[-121.37161700000021,36.113697000000002],[-121.37151800000021,36.113723999999998],[-121.3714190000002,36.113752000000012],[-121.37132100000019,36.113782999999991],[-121.37122500000019,36.113816],[-121.37117800000021,36.113833],[-121.3711290000002,36.113852999999999],[-121.37103500000021,36.113895000000007],[-121.3709880000002,36.113917000000015],[-121.37089600000022,36.113961999999994],[-121.37080600000021,36.114009999999993],[-121.3707620000002,36.114035000000015],[-121.3707200000002,36.114060999999992],[-121.37067900000019,36.114089000000007],[-121.37064100000021,36.114116999999986],[-121.37060600000019,36.114145999999998],[-121.37057200000021,36.114177000000005],[-121.37053900000021,36.114207999999991],[-121.3705070000002,36.114240000000009],[-121.37047700000019,36.11427299999999],[-121.3704480000002,36.114305999999999],[-121.37042100000019,36.114338999999994],[-121.3703970000002,36.114373999999998],[-121.3703770000002,36.114409000000002],[-121.37036100000022,36.114445000000003],[-121.3703510000002,36.114484999999995],[-121.3703450000002,36.11452700000001],[-121.3703440000002,36.114569000000003],[-121.3703450000002,36.114612000000001],[-121.37034800000021,36.114655000000006],[-121.37036500000021,36.114829000000007],[-121.3703770000002,36.114972000000002],[-121.3703910000002,36.115101999999993],[-121.3704110000002,36.115275999999994],[-121.3704220000002,36.115362999999995],[-121.3704290000002,36.115406],[-121.3704360000002,36.115448999999998],[-121.37044500000022,36.115492000000003],[-121.37045500000021,36.115534000000004],[-121.3704680000002,36.115575000000007],[-121.37048500000022,36.115613999999994],[-121.3705060000002,36.115651999999997],[-121.3705310000002,36.115689000000003],[-121.3705570000002,36.115724999999991],[-121.37058600000022,36.115760000000002],[-121.3706470000002,36.115829999999995],[-121.3707440000002,36.115932999999984],[-121.3710720000002,36.116278000000001],[-121.37167900000021,36.11692],[-121.37174600000021,36.116992000000003],[-121.3718100000002,36.117063999999999],[-121.37184100000022,36.117100999999991],[-121.3718700000002,36.117139000000009],[-121.3718980000002,36.117176999999998],[-121.37192300000021,36.117215999999999],[-121.37194600000019,36.117254999999993],[-121.3719880000002,36.117336000000002],[-121.37202800000021,36.117418000000001],[-121.37206600000022,36.117499999999993],[-121.37229000000021,36.11799700000001],[-121.37232900000021,36.118079000000002],[-121.37235000000018,36.118119999999998],[-121.3723710000002,36.118160000000003],[-121.37239400000021,36.118198999999997],[-121.37241900000021,36.118236999999993],[-121.37244600000021,36.118274],[-121.3724770000002,36.118309000000004],[-121.37251100000022,36.11834300000001],[-121.37254700000021,36.118375999999998],[-121.3725840000002,36.118408000000002],[-121.37262200000022,36.118440000000007],[-121.3726990000002,36.118501999999999],[-121.37313600000022,36.118842000000001],[-121.3735310000002,36.119151000000002],[-121.37361100000021,36.119211999999997],[-121.3736920000002,36.119272000000002],[-121.37373400000018,36.119300000000003],[-121.37377600000021,36.119328000000003],[-121.37382000000019,36.119354000000001],[-121.37386600000021,36.119378000000012],[-121.37391400000021,36.119401000000003],[-121.3739620000002,36.119421999999993],[-121.37406100000021,36.119462999999996],[-121.3741610000002,36.119502000000004],[-121.37426200000021,36.119540999999991],[-121.37476900000021,36.119730000000004],[-121.3749200000002,36.119788],[-121.37502000000021,36.119827000000008],[-121.3750690000002,36.119847999999998],[-121.37511700000022,36.119869000000008],[-121.37516300000019,36.119892],[-121.37520700000022,36.119917000000001],[-121.3752480000002,36.119944000000004],[-121.37528500000022,36.119973000000002],[-121.37531800000019,36.120004999999999],[-121.3753500000002,36.120037999999987],[-121.37538000000021,36.120073000000005],[-121.3754100000002,36.120107999999995],[-121.37546600000022,36.120179999999998],[-121.37554900000022,36.120291000000009],[-121.37565800000021,36.120439999999995],[-121.37571200000021,36.120514],[-121.3757640000002,36.120589000000002],[-121.3757890000002,36.120626999999999],[-121.37581300000019,36.120665000000002],[-121.37583600000021,36.120704000000003],[-121.37585700000018,36.120744000000002],[-121.37587700000022,36.120784],[-121.37589500000021,36.120825000000004],[-121.37594700000018,36.120948000000006],[-121.3760290000002,36.121155999999999],[-121.37615700000021,36.121490000000009],[-121.37619000000021,36.121573000000005],[-121.37620700000019,36.121612999999996],[-121.37622500000022,36.121652000000005],[-121.3762450000002,36.121689000000011],[-121.37626600000017,36.121724],[-121.3762900000002,36.121755999999998],[-121.3763170000002,36.121783000000001],[-121.37634900000018,36.121804000000004],[-121.37638700000019,36.121816999999986],[-121.37643000000021,36.121823999999989],[-121.3764760000002,36.121827000000003],[-121.37652500000021,36.12182700000001],[-121.37679000000021,36.121817],[-121.37700800000022,36.121811999999998],[-121.37722600000021,36.121809999999989],[-121.37733500000017,36.121809999999996],[-121.37744400000018,36.121810999999994],[-121.37760600000018,36.121814000000001],[-121.37771300000017,36.121818999999995],[-121.3777670000002,36.121822999999992],[-121.37782000000021,36.121829000000005],[-121.37787200000017,36.121836000000009],[-121.37792200000018,36.121845000000008],[-121.37797100000017,36.121855999999994],[-121.37802000000019,36.121867999999992],[-121.37806900000018,36.121881000000009],[-121.37816500000018,36.12191],[-121.37830900000019,36.12195599999999],[-121.37840400000019,36.121988999999999],[-121.37850400000019,36.122026000000005],[-121.37880200000018,36.122140000000002],[-121.37895200000018,36.122195999999995],[-121.37905100000017,36.122231000000006],[-121.37915000000018,36.122264999999992],[-121.37925000000017,36.122298000000008],[-121.37935100000018,36.122329999999998],[-121.37945300000018,36.12235900000001],[-121.37950400000018,36.122372999999996],[-121.37955600000018,36.122384999999987],[-121.37960500000017,36.12239499999999],[-121.37970500000019,36.122410999999992],[-121.37995900000017,36.122446999999994],[-121.38001000000017,36.122454000000005],[-121.38006100000017,36.122463000000003],[-121.38011100000018,36.122472000000009],[-121.38016100000019,36.122482999999995],[-121.38021100000017,36.122495999999998],[-121.38026000000019,36.122508999999994],[-121.38030800000018,36.122523000000001],[-121.38035400000018,36.122537999999999],[-121.38039900000018,36.122554000000001],[-121.38044100000018,36.122569999999996],[-121.38047900000016,36.122588],[-121.38051300000018,36.122607999999993],[-121.38053900000018,36.122629000000011],[-121.38055600000017,36.122653000000007],[-121.38056100000018,36.122679999999995],[-121.38055700000017,36.122709],[-121.38054700000018,36.122741000000005],[-121.38053100000018,36.122772999999995],[-121.38051100000017,36.122805999999997],[-121.38048800000018,36.122839999999997],[-121.38046300000018,36.122874000000003],[-121.38043600000017,36.12290800000001],[-121.38040700000019,36.122940999999997],[-121.38037600000017,36.122974000000006],[-121.38034400000016,36.123005000000006],[-121.38030900000018,36.123035000000002],[-121.38027200000019,36.123064000000007],[-121.38012200000018,36.123173999999992],[-121.38008600000019,36.123201000000002],[-121.38005200000019,36.123229000000002],[-121.38002100000018,36.123258000000007],[-121.37999400000018,36.123289],[-121.37997200000018,36.123320999999997],[-121.37995700000019,36.123355999999994],[-121.37994700000017,36.123392999999993],[-121.37994100000017,36.123432000000001],[-121.37993900000016,36.123472000000007],[-121.37993900000016,36.123513000000003],[-121.37994000000018,36.123553999999992],[-121.37995200000017,36.123764000000001],[-121.37995400000018,36.123806999999999],[-121.37995500000018,36.123893000000002],[-121.37995400000018,36.124023000000008],[-121.37995100000019,36.124109999999995],[-121.37994600000017,36.124195999999991],[-121.37994300000018,36.124239000000003],[-121.37993300000018,36.124319999999997],[-121.37992000000017,36.124400000000001],[-121.37990300000018,36.124479999999998],[-121.37989400000018,36.124519999999997],[-121.37988300000018,36.124559000000005],[-121.37987100000018,36.124598000000013],[-121.37985600000017,36.12463600000001],[-121.37983800000018,36.124671999999997],[-121.37981700000017,36.124707999999998],[-121.37979200000018,36.124743000000002],[-121.37976500000019,36.124777999999999],[-121.37973600000018,36.124811000000001],[-121.37970600000017,36.124843999999996],[-121.37967400000016,36.124876],[-121.37964200000019,36.124907999999998],[-121.37960800000019,36.124938999999998],[-121.37957400000018,36.124969],[-121.37953800000017,36.124997999999998],[-121.37950000000016,36.125025999999998],[-121.37945900000018,36.125053000000008],[-121.37941600000019,36.125078999999999],[-121.37932800000017,36.125127999999997],[-121.37919300000017,36.125199999999992],[-121.37915000000018,36.125223999999996],[-121.37910700000019,36.125250000000008],[-121.37906600000018,36.125276999999997],[-121.37902800000018,36.125305000000004],[-121.37899400000018,36.125335],[-121.37896300000018,36.125366],[-121.37893400000019,36.12539799999999],[-121.37890600000019,36.125431999999996],[-121.37887900000018,36.125466000000003],[-121.37885400000017,36.125500999999993],[-121.37882900000018,36.125535999999997],[-121.37880600000017,36.125571999999998],[-121.37878400000018,36.125608000000007],[-121.37876400000017,36.125644999999999],[-121.37874600000019,36.125683000000009],[-121.37873100000017,36.125721000000006],[-121.37871800000018,36.125759999999993],[-121.37870700000019,36.125799000000008],[-121.37869700000017,36.125838999999992],[-121.37868800000018,36.125878999999998],[-121.37867200000018,36.125959000000009],[-121.37865100000019,36.126080000000009],[-121.37863300000018,36.126204000000001],[-121.37857800000019,36.126624],[-121.37853000000017,36.126971000000005],[-121.37852000000018,36.127059000000003],[-121.37851800000017,36.127103000000005],[-121.37851700000017,36.12714600000001],[-121.37851900000018,36.127189000000001],[-121.37852500000018,36.127231999999999],[-121.37853600000017,36.127271999999991],[-121.37855000000017,36.127310999999999],[-121.37856700000019,36.127349999999993],[-121.37858600000017,36.127389000000015],[-121.37860700000017,36.127426999999997],[-121.37862800000018,36.127465000000001],[-121.37867500000019,36.127541000000001],[-121.37869900000018,36.127578999999997],[-121.37872400000018,36.127615999999996],[-121.37875000000018,36.127652000000005],[-121.37877800000018,36.127688000000006],[-121.37880600000017,36.127721999999984],[-121.37883600000019,36.127755000000001],[-121.37889800000018,36.127818999999995],[-121.37896200000017,36.127882000000007],[-121.37899600000019,36.127912000000002],[-121.37903000000018,36.127943000000002],[-121.37906400000017,36.127972],[-121.37910000000016,36.128000000000014],[-121.37913700000018,36.128028000000008],[-121.37917700000018,36.128053999999999],[-121.37921900000018,36.128080000000004],[-121.37926100000018,36.128104999999998],[-121.37934800000018,36.128152],[-121.37952300000018,36.12824599999999],[-121.37956600000017,36.128270000000008],[-121.37960800000019,36.128295000000001],[-121.37964800000019,36.128321],[-121.37968800000017,36.128348000000003],[-121.37972700000017,36.12837900000001],[-121.37976400000016,36.128411],[-121.37980000000019,36.128444999999992],[-121.37983500000017,36.128478999999999],[-121.37986900000017,36.12851400000001],[-121.37990200000017,36.128549000000007],[-121.37993400000018,36.128584999999994],[-121.37996500000017,36.128622000000007],[-121.37999500000016,36.128659000000006],[-121.38002300000018,36.128696999999995],[-121.38004900000017,36.128735000000006],[-121.38007100000019,36.128772000000005],[-121.38013100000019,36.128886000000001],[-121.38015200000018,36.128922000000003],[-121.38017600000019,36.128956999999993],[-121.38020300000017,36.128989999999995],[-121.38023400000019,36.129021000000009],[-121.38026900000018,36.129049000000002],[-121.38030600000018,36.129075000000007],[-121.38034500000018,36.129100999999999],[-121.38038600000019,36.129124999999995],[-121.38042800000017,36.129148000000008],[-121.38047100000018,36.129170999999999],[-121.38055900000018,36.129215000000002],[-121.38060400000018,36.129235999999999],[-121.38065000000019,36.129255999999998],[-121.38069600000019,36.129273999999995],[-121.38074600000019,36.129292],[-121.38079600000017,36.129308000000002],[-121.38084700000017,36.129324000000004],[-121.38089900000017,36.12933799999999],[-121.38100300000018,36.129366000000005],[-121.38110700000018,36.129392000000003],[-121.38115900000018,36.129404000000008],[-121.38121100000016,36.129414999999995],[-121.38126300000019,36.129424],[-121.38131600000017,36.129431999999994],[-121.38136800000017,36.129437999999993],[-121.38142000000018,36.12944000000001],[-121.38147300000018,36.129438999999998],[-121.38152500000018,36.129434000000003],[-121.38157700000016,36.129427],[-121.38163000000019,36.129419000000006],[-121.38168300000017,36.12940900000001],[-121.38189300000019,36.129367000000016],[-121.38194600000017,36.129358000000003],[-121.38199900000018,36.129349000000005],[-121.38205300000018,36.129342000000008],[-121.38210600000016,36.12933799999999],[-121.38216000000017,36.129334000000007],[-121.38221300000018,36.12933300000001],[-121.38226700000017,36.129332000000005],[-121.38232100000018,36.129332000000012],[-121.38237500000018,36.12933300000001],[-121.38242800000019,36.129336000000002],[-121.38248100000017,36.129339000000002],[-121.38253400000018,36.129343999999996],[-121.38258600000017,36.129351000000007],[-121.38263700000017,36.12936100000001],[-121.38268500000017,36.129373000000015],[-121.38273100000019,36.129388000000006],[-121.38277700000017,36.129403999999994],[-121.38282200000017,36.129421999999984],[-121.38286700000018,36.129441],[-121.38295600000016,36.129481999999996],[-121.38304400000018,36.129523999999996],[-121.38313000000016,36.129568999999996],[-121.38321600000017,36.129618000000001],[-121.38334200000017,36.129691999999999],[-121.38338500000019,36.129715999999995],[-121.38342800000018,36.129738000000003],[-121.38347200000017,36.129759999999997],[-121.38351700000017,36.129778999999992],[-121.38356300000018,36.129795999999999],[-121.38362100000018,36.129812000000001],[-121.38367100000019,36.12982199999999],[-121.38372200000019,36.129831000000003],[-121.38377300000019,36.129837999999992],[-121.38382500000017,36.129844999999996],[-121.38387600000019,36.129849999999998],[-121.38392700000018,36.129854999999999],[-121.38397800000018,36.129857999999999],[-121.38402700000017,36.129860000000008],[-121.38407400000018,36.129860999999998],[-121.38411800000019,36.12985900000001],[-121.38415800000018,36.129854000000002],[-121.38419200000017,36.129843999999999],[-121.38421900000017,36.129829000000008],[-121.38423800000017,36.129806000000002],[-121.38424900000017,36.129776],[-121.38425400000018,36.129743000000005],[-121.38425500000017,36.129704999999994],[-121.38425400000018,36.129666],[-121.38425000000016,36.129584000000001],[-121.38425000000016,36.129542999999991],[-121.38425100000018,36.129502000000009],[-121.38425600000016,36.129460999999999],[-121.38426700000018,36.129421999999998],[-121.38428400000018,36.129384000000009],[-121.38430600000017,36.129348],[-121.38433300000017,36.129313000000003],[-121.38436200000018,36.129278000000006],[-121.38439400000019,36.12924499999999],[-121.38442700000019,36.129211000000005],[-121.38446100000019,36.129177999999996],[-121.38453100000018,36.129112000000006],[-121.38481800000018,36.128848999999988],[-121.38511000000018,36.128579000000002],[-121.38518300000017,36.128512999999998],[-121.38521900000018,36.128481999999998],[-121.38525500000017,36.12845200000001],[-121.38529000000018,36.12842400000001],[-121.38532400000017,36.128399000000002],[-121.38535800000017,36.128379999999993],[-121.38538100000017,36.128368999999999],[-121.38540200000017,36.128362999999993],[-121.38542200000018,36.128361999999996],[-121.38543300000019,36.128364000000005],[-121.38545200000019,36.128377999999998],[-121.38546500000017,36.128402000000001],[-121.38547500000018,36.128433000000008],[-121.38548100000017,36.128468999999996],[-121.38548600000017,36.128508000000004],[-121.38549200000017,36.128593000000009],[-121.38549600000019,36.128682999999995],[-121.38550400000017,36.129001000000002],[-121.38551300000017,36.12927100000001],[-121.38555800000017,36.130518999999993],[-121.38557300000018,36.131010000000003],[-121.38557700000017,36.131098999999985],[-121.38558000000019,36.131143000000009],[-121.38558400000018,36.131186000000007],[-121.38559000000018,36.131229000000005],[-121.38559800000019,36.13127200000001],[-121.38561000000017,36.131312999999999],[-121.38562700000017,36.131353000000004],[-121.38564900000019,36.131390999999994],[-121.38567700000019,36.131426999999995],[-121.38570700000018,36.131461999999999],[-121.38574000000018,36.13149700000001],[-121.38577500000017,36.13153100000001],[-121.38584800000018,36.131597000000006],[-121.38592300000019,36.131662999999996],[-121.38626400000017,36.131960000000007],[-121.38656400000018,36.132224000000001],[-121.38929800000018,36.13463800000001],[-121.38982200000017,36.135101999999996],[-121.39019500000019,36.135437000000003],[-121.39027100000018,36.135503999999997],[-121.39034700000018,36.135569000000004],[-121.39038700000019,36.135600000000004],[-121.39042700000019,36.135629999999999],[-121.39046800000017,36.135656000000004],[-121.39051100000019,36.135679999999994],[-121.39055700000017,36.135697999999998],[-121.39060100000019,36.13571000000001],[-121.39064800000017,36.135717000000007],[-121.39069500000018,36.135719999999999],[-121.39074300000017,36.135719999999992],[-121.39079000000018,36.135717999999997],[-121.39083600000018,36.135712000000005],[-121.39088100000018,36.135703999999997],[-121.39091300000018,36.135695000000005],[-121.39094300000016,36.135683999999991],[-121.39097000000018,36.135669999999998],[-121.39100300000018,36.135644999999997],[-121.39103100000018,36.135615000000008],[-121.39105600000019,36.135581999999992],[-121.39107800000016,36.135546000000005],[-121.39109900000018,36.135508000000009],[-121.39111800000018,36.135468999999993],[-121.39113700000017,36.135429000000002],[-121.39118900000018,36.135306999999997],[-121.39141400000018,36.134765999999999],[-121.39150300000017,36.134556000000011],[-121.39155900000019,36.134431999999997],[-121.39157900000016,36.134391000000001],[-121.39160000000017,36.134350000000005],[-121.39162200000018,36.134309999999999],[-121.39164600000018,36.134272000000003],[-121.39167000000019,36.134234999999997],[-121.39172300000017,36.134160999999992],[-121.39177700000019,36.13408900000001],[-121.39194400000018,36.133872000000004],[-121.39199900000017,36.133799000000003],[-121.39208200000017,36.133684999999993],[-121.39219100000017,36.13353200000001],[-121.39229600000017,36.13337700000001],[-121.39234700000017,36.133299999999991],[-121.39237100000017,36.133260000000021],[-121.39239500000016,36.133220999999999],[-121.39241700000017,36.133181000000008],[-121.39247900000017,36.133065000000009],[-121.39250100000017,36.13302800000001],[-121.39252600000017,36.132992000000009],[-121.39255400000017,36.132959000000007],[-121.39258700000018,36.132929000000004],[-121.39262400000018,36.132901000000011],[-121.39266400000018,36.132874999999999],[-121.39270600000017,36.132851000000002],[-121.39274900000017,36.132828000000003],[-121.39279400000017,36.132806000000002],[-121.39283900000017,36.132784000000001],[-121.39292400000016,36.132746000000004],[-121.39296500000017,36.132725999999998],[-121.39300500000019,36.132704999999994],[-121.39304500000019,36.132678999999996],[-121.39308300000019,36.132652],[-121.39319200000018,36.132565],[-121.39323000000019,36.132536999999992],[-121.39326900000019,36.132510999999994],[-121.39330800000019,36.132488000000002],[-121.39335000000017,36.132468000000003],[-121.39339200000019,36.132450000000006],[-121.39343500000018,36.132434999999994],[-121.39347900000017,36.132422000000012],[-121.39352400000017,36.132412000000002],[-121.39356800000017,36.13240600000001],[-121.39361300000017,36.132404000000001],[-121.39366100000018,36.132408000000005],[-121.39370800000019,36.132418000000001],[-121.39375600000018,36.132429000000002],[-121.39385200000017,36.132455],[-121.39390100000018,36.132466000000001],[-121.39395000000017,36.13247299999999],[-121.39400000000018,36.132475000000007],[-121.39405000000016,36.132474000000002],[-121.39419300000017,36.132463000000016],[-121.39423400000018,36.132461999999997],[-121.39427100000017,36.132465000000018],[-121.39429900000019,36.132474000000002],[-121.39431700000017,36.132488999999993],[-121.39432700000019,36.132509999999996],[-121.39432900000017,36.132532999999995],[-121.39432300000017,36.132559000000008],[-121.39431000000017,36.132584999999992],[-121.39429000000017,36.132610999999997],[-121.39421600000018,36.132692000000006],[-121.39419400000017,36.132719999999999],[-121.39417700000018,36.132747999999999],[-121.39416800000018,36.132776999999997],[-121.39416900000018,36.132809999999999],[-121.39418000000019,36.132844000000006],[-121.39419800000019,36.132876999999993],[-121.39422300000017,36.132911],[-121.39425300000018,36.132944000000002],[-121.39428700000019,36.132975000000002],[-121.39431800000018,36.133000000000003],[-121.39435100000019,36.133023999999999],[-121.39438600000017,36.133046999999991],[-121.39442200000019,36.133068999999999],[-121.39453600000017,36.133137000000005],[-121.39461100000017,36.133182999999995],[-121.39464400000017,36.133206000000001],[-121.39467600000017,36.133229],[-121.39470600000018,36.133253000000003],[-121.39473200000019,36.133279000000002],[-121.39475400000018,36.13330599999999],[-121.39477300000017,36.133338000000002],[-121.39478800000019,36.133372999999999],[-121.39481300000018,36.133441999999995],[-121.39482600000018,36.133474999999997],[-121.39484300000017,36.13350599999999],[-121.39486600000016,36.133533000000007],[-121.39489600000017,36.133555999999992],[-121.39493300000017,36.133574999999993],[-121.39497400000018,36.133591000000003],[-121.39501700000017,36.133606000000007],[-121.39510600000017,36.133632999999996],[-121.39514700000018,36.133646999999996],[-121.39518500000018,36.133663000000006],[-121.39521200000019,36.133677999999996],[-121.39523300000019,36.133696000000015],[-121.39524700000017,36.133716],[-121.39525000000017,36.13374000000001],[-121.39524600000018,36.133766999999999],[-121.39523500000017,36.133794999999992],[-121.39522000000017,36.133825999999999],[-121.39518500000018,36.13389500000001],[-121.39512700000017,36.13401300000001],[-121.39508700000017,36.134092000000003],[-121.39506600000018,36.134129999999992],[-121.39504400000018,36.134166000000008],[-121.39502000000019,36.134199000000002],[-121.39499400000018,36.134228999999998],[-121.39496600000018,36.134256999999991],[-121.39490800000017,36.134312999999992],[-121.39488100000017,36.134340999999999],[-121.39485500000019,36.134371000000002],[-121.39483100000018,36.134405999999998],[-121.39480900000017,36.134442000000007],[-121.39479000000017,36.134480000000011],[-121.39477300000017,36.134520000000009],[-121.39475800000017,36.134559000000003],[-121.39474400000019,36.134599999999999],[-121.39471700000018,36.134681999999998],[-121.39469400000017,36.134763999999997],[-121.39468300000017,36.134805999999998],[-121.39466500000017,36.134886000000009],[-121.39464100000016,36.135005999999997],[-121.39461100000017,36.135166999999996],[-121.39459700000019,36.135247999999997],[-121.39457700000018,36.135379999999998],[-121.39450200000017,36.135909999999996],[-121.39447600000017,36.136086999999996],[-121.39446200000019,36.136175000000001],[-121.39445400000018,36.136219000000011],[-121.39443600000017,36.136302000000001],[-121.39441700000019,36.136384999999997],[-121.39438500000017,36.136509000000004],[-121.39436200000017,36.136591999999993],[-121.39433600000018,36.136673000000009],[-121.39432000000016,36.136713999999998],[-121.39430400000018,36.136755000000008],[-121.39426600000019,36.136835999999995],[-121.39418600000019,36.136997000000001],[-121.39414700000019,36.13707800000001],[-121.39413000000017,36.137118999999991],[-121.39411400000019,36.137159999999994],[-121.39410100000019,36.13720099999999],[-121.39409100000017,36.137242999999998],[-121.39408400000018,36.137284999999999],[-121.39407900000018,36.137326999999992],[-121.39407600000017,36.137369],[-121.39407500000019,36.137410000000003],[-121.39407600000017,36.137450999999999],[-121.39407900000018,36.13749],[-121.39408500000017,36.137526999999999],[-121.39409400000017,36.137561000000005],[-121.39410900000017,36.137591000000015],[-121.39413000000017,36.137616000000001],[-121.39415800000019,36.137635000000003],[-121.39419200000019,36.137650000000008],[-121.39426500000017,36.137675000000009],[-121.39430000000019,36.137689999999999],[-121.39433100000018,36.137708999999994],[-121.39435600000019,36.137734999999992],[-121.39437500000018,36.137765999999999],[-121.39439000000019,36.13780100000001],[-121.39440200000018,36.137838999999992],[-121.39441200000017,36.137877999999994],[-121.39443800000018,36.13799800000001],[-121.39444800000018,36.138035999999992],[-121.39445800000017,36.138069999999999],[-121.39447100000018,36.138100000000009],[-121.39448700000017,36.138123],[-121.39450700000019,36.138137999999998],[-121.39453100000019,36.13814],[-121.39455900000017,36.138134000000001],[-121.39458700000017,36.138119000000003],[-121.39461600000017,36.138096999999995],[-121.39464500000018,36.138070000000006],[-121.39467200000018,36.138038999999999],[-121.39469900000019,36.138005000000007],[-121.39472600000019,36.137970000000003],[-121.39475300000018,36.13793299999999],[-121.39480600000017,36.137856999999997],[-121.39501200000018,36.137549999999997],[-121.39508700000017,36.137434999999996],[-121.39513300000017,36.137357999999992],[-121.39515500000019,36.137317999999986],[-121.39517400000018,36.137278999999999],[-121.39519200000018,36.137239000000008],[-121.39520800000017,36.137197999999991],[-121.39522400000018,36.137157000000002],[-121.39523800000018,36.137115999999999],[-121.39525000000017,36.137075000000003],[-121.39526100000018,36.13703300000001],[-121.39527000000018,36.136992999999997],[-121.39527700000018,36.136953000000005],[-121.39528300000018,36.136912000000002],[-121.39529300000017,36.136829999999996],[-121.39529900000016,36.136749000000002],[-121.39530200000019,36.136667000000003],[-121.39530100000017,36.136626000000014],[-121.39529900000016,36.136586000000001],[-121.39529500000017,36.13654600000001],[-121.39528800000018,36.136505999999997],[-121.39528000000017,36.136466000000006],[-121.39525300000017,36.13635],[-121.39524600000018,36.136312999999994],[-121.39524300000018,36.136276000000002],[-121.39524500000019,36.136240999999991],[-121.39525300000017,36.136206999999999],[-121.39527000000018,36.136172999999999],[-121.39529500000017,36.136139999999983],[-121.39532500000017,36.136108999999998],[-121.39535800000017,36.136078000000005],[-121.39539400000017,36.136048000000009],[-121.39550700000018,36.135957999999995],[-121.39554400000017,36.135926999999995],[-121.39557900000018,36.135894999999998],[-121.39561000000018,36.135860999999998],[-121.39563800000019,36.135825999999994],[-121.39565900000017,36.135791000000005],[-121.39567600000018,36.135754000000006],[-121.39569000000019,36.135716000000002],[-121.39570200000018,36.135677000000001],[-121.39571200000017,36.135638],[-121.39572000000018,36.135597999999995],[-121.39572700000018,36.135558000000003],[-121.39573800000018,36.135475000000007],[-121.39574500000018,36.135435000000001],[-121.39575300000018,36.13539699999999],[-121.39576500000018,36.135362000000001],[-121.39578200000017,36.135331000000001],[-121.39580500000018,36.135306],[-121.39583600000017,36.135289000000014],[-121.39587300000018,36.135278000000007],[-121.39591600000017,36.135270000000006],[-121.39596100000018,36.135267000000006],[-121.39600900000018,36.135266000000001],[-121.39605900000016,36.135268000000003],[-121.39610900000017,36.135272000000001],[-121.39615800000018,36.135278999999997],[-121.39620700000017,36.135289000000007],[-121.39625400000018,36.135302000000003],[-121.39629700000017,36.135320999999998],[-121.39633800000018,36.135342999999999],[-121.39637700000019,36.135367000000002],[-121.39641300000017,36.135395000000003],[-121.39644600000017,36.135423999999993],[-121.39647500000017,36.135456000000005],[-121.39650000000019,36.135490000000004],[-121.39652000000017,36.135526000000006],[-121.39653500000017,36.135564000000009],[-121.39654800000017,36.135603000000003],[-121.39655700000019,36.135643999999999],[-121.39656600000019,36.135684999999995],[-121.39658000000017,36.135767999999999],[-121.39660500000016,36.135933999999999],[-121.39662100000018,36.13601700000001],[-121.39663100000017,36.136060999999998],[-121.39665500000017,36.136147000000001],[-121.39668100000019,36.136233000000004],[-121.39672300000018,36.136361999999991],[-121.39679400000017,36.136575999999998],[-121.39683800000017,36.136704000000016],[-121.39686800000017,36.136788000000003],[-121.39688400000017,36.136827999999994],[-121.39690100000017,36.136868],[-121.39691900000018,36.136906000000003],[-121.39693900000019,36.136941999999991],[-121.39696100000018,36.136974000000002],[-121.39698700000018,36.137002000000003],[-121.39701700000019,36.137023999999997],[-121.39704900000017,36.137039000000009],[-121.39708500000019,36.137049000000005],[-121.39715700000019,36.137065000000007],[-121.39719000000017,36.137075000000003],[-121.39721800000018,36.137090000000008],[-121.39724100000016,36.137112999999992],[-121.39725700000018,36.137141],[-121.39726700000018,36.137174000000009],[-121.39727400000017,36.137210000000003],[-121.39727600000018,36.137248999999997],[-121.39727400000017,36.137287000000001],[-121.39726900000016,36.137326999999999],[-121.39726200000017,36.137368000000009],[-121.39724500000018,36.137450999999999],[-121.39719500000018,36.137659999999997],[-121.39717700000018,36.137743999999998],[-121.39716000000017,36.137831999999996],[-121.39712400000019,36.138052999999999],[-121.39710700000019,36.13814099999999],[-121.39709700000017,36.138184000000003],[-121.39708600000019,36.138227999999998],[-121.39707300000019,36.138269999999999],[-121.39705900000018,36.138311000000002],[-121.39702700000018,36.138393999999998],[-121.39697500000018,36.138518000000005],[-121.39672300000018,36.139092999999995],[-121.39668600000019,36.139175000000002],[-121.39664800000018,36.139254999999999],[-121.39649900000018,36.139561999999998],[-121.39644600000017,36.139679999999998],[-121.39639500000018,36.139800000000001],[-121.39633100000017,36.139961999999997],[-121.39630100000016,36.140042999999999],[-121.39628700000019,36.140084000000002],[-121.39627400000018,36.140123999999993],[-121.39626200000016,36.140166000000008],[-121.39625200000017,36.140207000000004],[-121.39624500000016,36.140248999999997],[-121.39623900000016,36.140292000000009],[-121.39623400000018,36.140334999999993],[-121.39623100000018,36.140377999999998],[-121.39622800000018,36.140464000000009],[-121.39622800000018,36.140506999999999],[-121.39622900000018,36.14054999999999],[-121.39623300000017,36.140592999999996],[-121.39623900000016,36.14063500000001],[-121.39624800000018,36.140676999999997],[-121.39626100000018,36.140715999999991],[-121.39627700000017,36.140755999999996],[-121.39629600000019,36.140794],[-121.39631700000017,36.140832000000003],[-121.39633900000018,36.140869000000009],[-121.39636300000018,36.140904999999989],[-121.39638900000018,36.140939000000003],[-121.39641600000019,36.140971999999991],[-121.39644600000017,36.141002],[-121.39647900000018,36.141028999999996],[-121.39651500000016,36.141050999999997],[-121.39655500000018,36.141067000000007],[-121.39659800000017,36.141078],[-121.39664400000017,36.141087000000006],[-121.39669200000019,36.141092999999998],[-121.39674100000019,36.141098],[-121.39689200000018,36.141109999999998],[-121.39694200000018,36.141114999999999],[-121.39699200000017,36.141120999999991],[-121.39704100000019,36.14112999999999],[-121.39708800000017,36.141140999999998],[-121.39713500000018,36.141154000000007],[-121.39718200000019,36.141169000000012],[-121.39732000000016,36.141214000000005],[-121.39736600000018,36.141227999999998],[-121.39741300000018,36.141240000000003],[-121.39746100000019,36.141250000000007],[-121.39751400000017,36.141255999999998],[-121.39756800000018,36.141260000000003],[-121.39762200000017,36.141261999999998],[-121.39784100000017,36.141261],[-121.39789500000018,36.141263000000009],[-121.39794700000019,36.141266000000002],[-121.39799800000019,36.141272999999991],[-121.39804700000019,36.141284000000006],[-121.39808900000018,36.141297999999999],[-121.39812900000018,36.141314999999999],[-121.39824300000018,36.141370999999999],[-121.39828100000018,36.141388000000006],[-121.39832000000018,36.141399999999983],[-121.39835900000018,36.141407999999991],[-121.39840000000017,36.141407999999991],[-121.39844300000019,36.141402999999997],[-121.39848600000018,36.141393000000008],[-121.39853000000016,36.141380999999996],[-121.39870700000019,36.141320999999998],[-121.39875100000017,36.141307999999995],[-121.39879400000017,36.141297999999999],[-121.39883700000019,36.141291999999993],[-121.39887900000018,36.14129100000001],[-121.39892000000019,36.141297999999992],[-121.39896100000017,36.141309999999997],[-121.39900000000017,36.141326000000007],[-121.39907700000019,36.141361000000011],[-121.39911400000017,36.141376999999999],[-121.39915000000018,36.141390000000001],[-121.39918600000017,36.141398000000002],[-121.39921500000018,36.14139999999999],[-121.39927200000018,36.141396999999998],[-121.39929900000018,36.141397000000005],[-121.39932500000019,36.141401000000009],[-121.39935500000017,36.141415000000009],[-121.39938400000017,36.141435000000001],[-121.39941300000018,36.141461],[-121.39950300000018,36.141553999999999],[-121.39953600000018,36.141585999999997],[-121.39957200000019,36.141616999999997],[-121.39960800000019,36.141648000000018],[-121.39968400000018,36.141709999999996],[-121.39976200000018,36.141770999999991],[-121.39988100000016,36.141861000000006],[-121.40000100000019,36.141950000000001],[-121.40008300000018,36.142007000000007],[-121.40016700000018,36.142062999999986],[-121.40025400000019,36.142116999999999],[-121.40047400000017,36.142249999999997],[-121.40065200000016,36.14235399999999],[-121.40074100000018,36.142404000000006],[-121.40078500000018,36.142427000000012],[-121.40083000000018,36.142449000000006],[-121.40087400000017,36.142468000000001],[-121.40091800000017,36.142483000000006],[-121.40096200000019,36.142493000000002],[-121.40100600000017,36.142496000000001],[-121.40104600000016,36.142492000000004],[-121.40108600000018,36.142480999999997],[-121.40112600000018,36.142465999999999],[-121.40116500000018,36.142447000000004],[-121.40120400000018,36.142426000000007],[-121.40124300000016,36.142402999999995],[-121.40131800000017,36.142355000000002],[-121.40138900000018,36.142305],[-121.40147000000019,36.142245999999993],[-121.40149300000019,36.142231000000002],[-121.40152400000018,36.142215],[-121.40155600000017,36.142198999999998],[-121.40158600000017,36.142181999999998],[-121.40161500000018,36.142158999999999],[-121.40164300000019,36.142130999999999],[-121.40166900000017,36.142099999999999],[-121.40169300000018,36.142065999999993],[-121.40171700000018,36.142029999999998],[-121.40176300000019,36.141955000000003],[-121.40183000000019,36.141837999999993],[-121.40200800000018,36.141519000000009],[-121.40207400000018,36.141398000000009],[-121.40211700000017,36.141317999999991],[-121.40213600000018,36.141277999999993],[-121.40215400000018,36.141238000000001],[-121.40217000000018,36.141198000000003],[-121.40218200000018,36.141158000000004],[-121.40219000000019,36.141118000000006],[-121.40219200000017,36.141078999999984],[-121.40218600000017,36.141039000000006],[-121.40217400000017,36.140999000000001],[-121.40215700000019,36.140960000000007],[-121.40213700000018,36.140920999999999],[-121.40211400000017,36.140882000000005],[-121.40206500000018,36.140803000000005],[-121.40190700000016,36.140568999999999],[-121.40185600000017,36.140490000000007],[-121.40183200000017,36.140450000000008],[-121.40180900000018,36.14041000000001],[-121.40178800000018,36.140370000000004],[-121.40176900000017,36.14032799999999],[-121.40175400000017,36.140287000000001],[-121.40174100000017,36.14024400000001],[-121.40172900000017,36.140200999999998],[-121.40171900000018,36.140158],[-121.40170100000019,36.140070999999999],[-121.40166100000019,36.139851999999998],[-121.40164300000019,36.139765000000004],[-121.40163200000019,36.139722000000006],[-121.40162000000018,36.139679999999991],[-121.40160500000019,36.139637999999998],[-121.40158800000017,36.139597000000002],[-121.40156800000017,36.139560000000003],[-121.40154500000018,36.139522999999997],[-121.40152000000019,36.139487000000003],[-121.40149400000018,36.139451999999999],[-121.40146700000018,36.139417000000002],[-121.40140900000019,36.139347000000001],[-121.40131800000017,36.139242999999993],[-121.40122400000018,36.139139000000007],[-121.40112700000019,36.139037000000002],[-121.40106200000018,36.13897],[-121.40102800000018,36.138936999999999],[-121.40099200000019,36.138905999999984],[-121.40095600000016,36.138876000000018],[-121.40091700000019,36.138847999999989],[-121.40087700000016,36.138824],[-121.40083400000017,36.138801000000008],[-121.40079000000017,36.138779000000007],[-121.40074500000017,36.138759000000007],[-121.40069900000017,36.138740999999996],[-121.40065200000016,36.138722999999999],[-121.40060500000018,36.138705999999999],[-121.40055800000017,36.138691000000001],[-121.40051000000017,36.138677000000001],[-121.40046100000019,36.138665000000003],[-121.40041200000019,36.138655999999997],[-121.40036300000017,36.138651000000003],[-121.40031200000017,36.138649999999998],[-121.40026100000017,36.138652],[-121.40020900000019,36.138657000000002],[-121.40015700000016,36.138663999999999],[-121.40000200000019,36.138686000000007],[-121.39995100000019,36.138692000000006],[-121.39990100000017,36.138694999999998],[-121.39985300000016,36.138694999999998],[-121.39981000000017,36.138691000000009],[-121.39977000000019,36.138683999999991],[-121.39973300000017,36.138674000000009],[-121.39970000000017,36.138660000000009],[-121.39967300000019,36.138643999999999],[-121.39965300000019,36.138623000000003],[-121.39964100000019,36.138595999999993],[-121.39963700000017,36.138566000000004],[-121.39963800000018,36.13853300000001],[-121.39964300000017,36.138497999999998],[-121.39965600000016,36.138423000000003],[-121.39966100000017,36.138383999999995],[-121.39966500000018,36.138343000000006],[-121.39966600000018,36.138301000000006],[-121.39966400000017,36.138259000000005],[-121.39966100000017,36.138216999999997],[-121.39965600000016,36.138176000000001],[-121.39964800000018,36.138134999999998],[-121.39963700000017,36.138094000000002],[-121.39962300000019,36.138055000000008],[-121.39960400000017,36.138018000000002],[-121.39957900000017,36.137979999999992],[-121.39955000000019,36.137944999999995],[-121.39951700000017,36.137910999999995],[-121.39948300000017,36.13787700000001],[-121.39941300000018,36.137812000000004],[-121.39937900000017,36.137779000000002],[-121.39934800000017,36.137746],[-121.39932100000017,36.13771400000001],[-121.39930000000018,36.137681000000001],[-121.39928700000019,36.137647000000001],[-121.39928400000018,36.137617000000006],[-121.39928900000017,36.137587999999994],[-121.39930000000018,36.137560000000001],[-121.39931700000018,36.137534000000009],[-121.39934000000017,36.137511999999994],[-121.39936800000018,36.137495000000001],[-121.39940500000017,36.137483000000003],[-121.39944700000018,36.137476000000007],[-121.39949200000018,36.137473999999997],[-121.39954000000017,36.137473999999997],[-121.39963400000019,36.137476000000014],[-121.39967900000019,36.137476000000007],[-121.39971900000019,36.137473],[-121.39975400000017,36.137466000000003],[-121.39978100000017,36.137452000000017],[-121.39979800000017,36.137432999999994],[-121.39980700000018,36.137407000000003],[-121.39980900000019,36.137376999999994],[-121.39980700000018,36.137343999999992],[-121.39980000000018,36.137307999999997],[-121.39979000000017,36.13727200000001],[-121.39977800000017,36.137234999999997],[-121.39973400000018,36.137118999999998],[-121.39970700000019,36.137039000000009],[-121.39968200000017,36.136956000000005],[-121.39964900000017,36.136831000000001],[-121.39962100000018,36.136704999999999],[-121.39960600000018,36.13662200000001],[-121.39960000000018,36.136579999999995],[-121.39959700000017,36.136538000000002],[-121.39959600000019,36.136498999999993],[-121.39959700000017,36.136460999999997],[-121.39960200000019,36.136423999999998],[-121.39961000000017,36.136386999999992],[-121.39962200000016,36.136353000000007],[-121.39964000000019,36.136321000000002],[-121.39966700000016,36.136288999999998],[-121.39970100000016,36.13626],[-121.39973900000017,36.136234000000002],[-121.39978100000017,36.136212],[-121.39982400000017,36.136192999999992],[-121.39986900000017,36.136177999999994],[-121.39990800000018,36.136169000000002],[-121.39994800000018,36.136164999999998],[-121.39998900000019,36.136167999999991],[-121.40003000000017,36.136177000000004],[-121.40007000000018,36.136190999999997],[-121.40010900000019,36.136208000000003],[-121.40014700000017,36.136228000000003],[-121.40018200000019,36.136251000000009],[-121.40021400000019,36.136276000000009],[-121.40024100000016,36.136304000000003],[-121.40026200000017,36.136333999999991],[-121.40027700000019,36.136370000000007],[-121.40028600000016,36.136409000000008],[-121.40029000000018,36.136449000000006],[-121.40029100000017,36.136490000000002],[-121.40028700000018,36.136616000000004],[-121.40028900000019,36.136656000000002],[-121.40029300000019,36.136695000000003],[-121.40030300000018,36.136732000000002],[-121.40031900000017,36.136764999999997],[-121.40034300000019,36.136792],[-121.40037200000017,36.136816000000003],[-121.40040600000019,36.136837999999997],[-121.40044400000018,36.136859000000015],[-121.40048500000019,36.136878000000003],[-121.40052700000018,36.13689699999999],[-121.40062100000017,36.136933999999997],[-121.40076600000019,36.136988000000002],[-121.40091400000018,36.137040999999996],[-121.40101200000016,36.137075999999993],[-121.40110900000019,36.137107999999998],[-121.40115800000018,36.137121999999998],[-121.40120600000019,36.137134999999994],[-121.40125300000017,36.13714499999999],[-121.40130000000018,36.137152],[-121.40134500000018,36.137155],[-121.40138900000018,36.137152],[-121.40143000000019,36.137142000000011],[-121.40147000000019,36.137127000000007],[-121.40150900000019,36.137110000000014],[-121.40158500000017,36.137072000000011],[-121.40162200000019,36.137054999999997],[-121.40165800000017,36.137042999999991],[-121.40169400000019,36.137038000000004],[-121.40171500000017,36.137038000000004],[-121.40173500000017,36.137042000000008],[-121.40176800000017,36.137055999999994],[-121.40180000000018,36.137077000000005],[-121.40183000000019,36.137103000000003],[-121.40185900000017,36.137132999999999],[-121.40188600000019,36.137166000000001],[-121.40191300000016,36.13720099999999],[-121.40193800000019,36.137236999999992],[-121.40196100000017,36.137273999999998],[-121.40198100000018,36.137312000000001],[-121.40199900000017,36.137349],[-121.40201200000017,36.137386000000006],[-121.40201900000018,36.137422000000001],[-121.40201700000017,36.137458000000002],[-121.40200600000017,36.137491000000004],[-121.40198700000018,36.137523000000009],[-121.40196200000018,36.137555000000006],[-121.40193200000019,36.137584999999994],[-121.40189800000017,36.137613999999999],[-121.40186100000018,36.13764299999999],[-121.40174800000017,36.137726999999998],[-121.40171200000019,36.137754999999999],[-121.40168100000017,36.137784000000003],[-121.40165400000018,36.137814999999996],[-121.40163300000017,36.137846999999994],[-121.40162200000019,36.137880000000003],[-121.40161800000017,36.137915],[-121.40161900000017,36.137950000000011],[-121.40162400000017,36.137985999999998],[-121.40163400000019,36.138021000000002],[-121.40164700000018,36.138055999999992],[-121.40166300000017,36.138089999999991],[-121.40168400000017,36.138122000000003],[-121.40171000000018,36.138151999999998],[-121.40174300000018,36.138179000000001],[-121.40178100000017,36.138203999999995],[-121.40182300000016,36.138226000000003],[-121.40186700000018,36.138247],[-121.40191400000019,36.138265999999994],[-121.40196100000017,36.138283999999999],[-121.40201000000019,36.13830200000001],[-121.40206000000019,36.138317999999998],[-121.40210900000018,36.138333000000003],[-121.40216000000018,36.138347999999986],[-121.40221100000016,36.13836100000001],[-121.40226300000018,36.138371999999997],[-121.40231500000017,36.138381999999993],[-121.40242100000019,36.138399],[-121.40258100000018,36.138421000000001],[-121.40279500000017,36.138449000000001],[-121.40295700000017,36.138468000000003],[-121.40306400000019,36.13847899999999],[-121.40311800000019,36.138483999999998],[-121.40317200000018,36.138488999999993],[-121.40322500000019,36.138491999999999],[-121.40327700000019,36.138494000000001],[-121.40342100000017,36.138495000000006],[-121.40346300000019,36.138496000000004],[-121.40350000000018,36.138500000000001],[-121.40353100000017,36.138506],[-121.40355100000018,36.138517000000007],[-121.40355800000017,36.138525999999999],[-121.40356100000017,36.138536999999999],[-121.40355400000018,36.138560000000005],[-121.40353700000017,36.138584999999999],[-121.40351200000018,36.138612999999999],[-121.40348200000018,36.138641999999997],[-121.40344700000017,36.13867299999999],[-121.40341100000019,36.13870399999999],[-121.40329600000018,36.138798999999999],[-121.40325800000016,36.138830999999996],[-121.40322300000018,36.138863999999998],[-121.40319100000018,36.138896999999993],[-121.40316300000019,36.138930000000002],[-121.40314200000019,36.138963999999994],[-121.40312900000019,36.138998999999991],[-121.40312500000017,36.139033999999995],[-121.40312900000019,36.139068999999999],[-121.40313800000017,36.139104999999994],[-121.40316000000018,36.139178000000001],[-121.40317100000017,36.139214000000003],[-121.40317900000018,36.139251000000009],[-121.40318100000019,36.139288000000001],[-121.40317700000017,36.139326000000004],[-121.40316800000016,36.13936300000001],[-121.40315600000017,36.139401000000007],[-121.40312700000018,36.139476999999992],[-121.40311400000017,36.139516],[-121.40310400000017,36.139557000000003],[-121.40309600000019,36.139598999999997],[-121.40309000000019,36.139640999999997],[-121.40308500000019,36.139683000000005],[-121.40308200000018,36.139726000000003],[-121.40308000000017,36.139769000000001],[-121.40307900000019,36.139811999999992],[-121.40307900000019,36.139854999999997],[-121.40308100000017,36.139898000000009],[-121.40308500000019,36.13994000000001],[-121.40309200000017,36.139982000000003],[-121.40310200000019,36.140023000000006],[-121.40311500000018,36.140062000000007],[-121.40313000000019,36.140101999999985],[-121.40314600000018,36.140141000000007],[-121.40316400000017,36.140179000000003],[-121.40318300000017,36.140217000000007],[-121.40320400000017,36.140254000000006],[-121.40322600000019,36.140289999999986],[-121.40325100000018,36.140324000000007],[-121.40327800000017,36.140357000000002],[-121.40330900000016,36.140386999999983],[-121.40334600000018,36.140415000000004],[-121.40338700000017,36.14044100000001],[-121.40343200000017,36.140464000000001],[-121.40347800000019,36.140486000000003],[-121.40352500000017,36.140507000000007],[-121.40362300000018,36.140546999999998],[-121.40382000000017,36.140625999999997],[-121.40391100000018,36.140664999999991],[-121.40409200000018,36.140742999999993],[-121.40418400000019,36.140780999999997],[-121.40423000000017,36.140799000000015],[-121.40427600000017,36.140815999999994],[-121.40432300000018,36.140831000000006],[-121.40437300000019,36.140846000000003],[-121.40442400000019,36.140858999999992],[-121.40447500000019,36.140870999999997],[-121.40452600000019,36.140881],[-121.40457800000017,36.140891000000003],[-121.40462900000018,36.14089899999999],[-121.40468100000017,36.140906999999999],[-121.40473200000017,36.140912999999998],[-121.40478300000017,36.140917000000002],[-121.40483300000018,36.140918999999997],[-121.40488300000018,36.140918999999997],[-121.40493100000019,36.140914999999993],[-121.40502300000017,36.140904000000006],[-121.40506600000019,36.140900999999999],[-121.40510700000017,36.140901999999997],[-121.40514300000017,36.140908999999994],[-121.40517600000017,36.140924999999996],[-121.40520600000018,36.140947999999995],[-121.40523300000017,36.140976000000009],[-121.40525800000019,36.141008000000006],[-121.40535500000018,36.141145000000009],[-121.40538100000019,36.141176999999999],[-121.40540800000016,36.141205999999997],[-121.40543800000019,36.141228999999996],[-121.40547100000019,36.141244999999991],[-121.40550800000018,36.141252000000001],[-121.40554800000018,36.141252999999999],[-121.40559100000017,36.141247999999997],[-121.40563500000017,36.141238999999992],[-121.40568100000017,36.141226999999994],[-121.40572600000017,36.14121200000001],[-121.40577200000018,36.141196000000008],[-121.40581800000018,36.141176999999999],[-121.40586200000018,36.141156999999993],[-121.40590500000017,36.141134999999998],[-121.40594600000018,36.141110000000005],[-121.40598400000017,36.141082000000004],[-121.40602000000017,36.141052000000002],[-121.40605400000018,36.141019],[-121.40608700000018,36.140985999999991],[-121.40611900000017,36.140951000000008],[-121.40618000000019,36.140881000000007],[-121.40630000000019,36.140737999999999],[-121.40644600000017,36.140560000000001],[-121.40650200000019,36.140489000000017],[-121.40657800000018,36.140388999999999],[-121.40660200000018,36.140360000000008],[-121.40663100000019,36.140329999999999],[-121.40666300000017,36.140301000000008],[-121.40669700000018,36.140273000000008],[-121.40684100000018,36.140166000000008],[-121.40687500000017,36.140138999999991],[-121.40690700000019,36.140110000000014],[-121.40693600000017,36.140079999999998],[-121.40696000000017,36.140048999999991],[-121.40697900000019,36.14001300000001],[-121.40699300000017,36.139975],[-121.40700200000019,36.139935000000008],[-121.40700900000019,36.139893999999991],[-121.40701300000018,36.139853000000002],[-121.40701500000019,36.139810999999995],[-121.40701600000018,36.139768000000011],[-121.40701400000017,36.13972600000001],[-121.40701100000017,36.139682999999991],[-121.40700600000018,36.139640999999997],[-121.40699800000017,36.139598999999997],[-121.40698700000017,36.139557999999994],[-121.40697300000016,36.139518000000002],[-121.40695800000019,36.139477999999997],[-121.40694200000017,36.139439000000003],[-121.40685300000018,36.139242000000017],[-121.40683700000017,36.139201999999997],[-121.40682300000019,36.139163000000003],[-121.40681100000019,36.13912400000001],[-121.40680600000017,36.139104000000003],[-121.40679900000019,36.139067000000004],[-121.40679600000018,36.139029999999991],[-121.40679600000018,36.138992999999999],[-121.40679900000019,36.138956999999998],[-121.40680500000019,36.138922000000001],[-121.40681400000018,36.138888000000001],[-121.40682800000019,36.13885599999999],[-121.40684800000018,36.138824],[-121.40689200000018,36.138759000000007],[-121.40691000000018,36.138725000000001],[-121.40692600000018,36.13868999999999],[-121.40694000000019,36.138652],[-121.40695300000017,36.138613999999997],[-121.40700900000019,36.138415999999999],[-121.40702200000018,36.138376000000008],[-121.40703600000019,36.138336000000002],[-121.40705200000018,36.138297000000009],[-121.40708600000019,36.138219000000007],[-121.40714100000018,36.138102999999994],[-121.40718100000018,36.138026000000011],[-121.40720100000019,36.137988],[-121.40722300000017,36.137951000000001],[-121.40724500000017,36.137914000000002],[-121.40726900000017,36.137877999999994],[-121.40731800000019,36.137805999999998],[-121.40736900000019,36.13773599999999],[-121.40739700000019,36.137703000000002],[-121.40742500000017,36.13767],[-121.40745500000017,36.137639],[-121.40748700000019,36.137609000000005],[-121.40752200000018,36.137582999999999],[-121.40756100000019,36.137558999999989],[-121.40760300000017,36.137537999999999],[-121.40764700000017,36.137517999999993],[-121.40769300000017,36.137501000000007],[-121.40774000000017,36.137484000000001],[-121.40778700000018,36.137467999999991],[-121.40788400000018,36.137438000000003],[-121.40798200000019,36.137410000000003],[-121.40808200000018,36.137385000000002],[-121.40818200000017,36.137360999999999],[-121.40833400000018,36.137327999999997],[-121.40843500000018,36.13730799999999],[-121.40853700000017,36.137290000000007],[-121.40858800000017,36.137281999999999],[-121.40864000000018,36.137276000000007],[-121.40869300000018,36.137272000000003],[-121.40874700000019,36.137270000000008],[-121.40880000000017,36.137267999999999],[-121.40885400000018,36.137267999999999],[-121.40890800000017,36.137267999999999],[-121.40901600000018,36.137270000000008],[-121.40912400000018,36.137274999999995],[-121.40917800000018,36.137278999999999],[-121.40923100000016,36.137284000000001],[-121.40928400000016,36.137290000000007],[-121.40933600000018,36.137298000000001],[-121.40938800000018,36.137306000000002],[-121.40949200000018,36.137324999999997],[-121.40959500000018,36.137346000000008],[-121.40964700000019,36.137357000000009],[-121.40974800000018,36.137381000000005],[-121.40979900000018,36.137395000000005],[-121.40985000000018,36.137409999999996],[-121.40990100000018,36.137427000000002],[-121.40995100000016,36.137445000000007],[-121.41000100000016,36.13746299999999],[-121.41010000000014,36.137501000000015],[-121.41019800000018,36.137540000000001],[-121.41024700000014,36.137561000000005],[-121.41034300000014,36.137602999999999],[-121.41043700000016,36.137647999999984],[-121.41071500000015,36.137791],[-121.41080800000015,36.137837000000005],[-121.41085600000015,36.137858999999992],[-121.41095200000015,36.137901999999997],[-121.41105000000016,36.137942000000002],[-121.41114900000015,36.137979999999999],[-121.41124800000016,36.138017000000005],[-121.41129900000016,36.138033999999998],[-121.41135000000016,36.13805],[-121.41140100000015,36.138066000000002],[-121.41145100000014,36.138078999999991],[-121.41150200000014,36.138092],[-121.41160400000017,36.138114999999999],[-121.41186200000017,36.138167000000017],[-121.41196500000014,36.138190000000002],[-121.41201900000014,36.138202000000007],[-121.41212600000017,36.138227999999998],[-121.41228600000014,36.138269000000001],[-121.41239200000015,36.138297999999992],[-121.41249700000016,36.138329000000006],[-121.41254900000015,36.138345000000001],[-121.41265000000016,36.138379999999991],[-121.41275000000016,36.13841699999999],[-121.41284900000015,36.13845400000001],[-121.41309600000015,36.138550999999993],[-121.41353600000014,36.138728999999991],[-121.41363500000016,36.138766000000004],[-121.41368500000014,36.138784999999999],[-121.41373500000016,36.138802000000013],[-121.41378600000016,36.138818000000001],[-121.41383600000016,36.138832000000008],[-121.41388600000015,36.138845000000003],[-121.41393700000015,36.138856999999994],[-121.41398900000016,36.138867999999995],[-121.41404000000016,36.138877999999998],[-121.41409200000015,36.138886999999997],[-121.41414300000015,36.138894999999991],[-121.41419500000015,36.138902000000002],[-121.41424600000015,36.138907000000003],[-121.41429700000015,36.138910000000003],[-121.41434800000015,36.138908999999998],[-121.41439900000015,36.138905000000001],[-121.41444900000016,36.138897],[-121.41449900000016,36.138887000000004],[-121.41454900000015,36.138876000000003],[-121.41464800000016,36.138850000000005],[-121.41484800000016,36.138793999999997],[-121.41494900000016,36.138767999999999],[-121.41500000000015,36.138756999999984],[-121.41505200000016,36.138747000000009],[-121.41510500000014,36.138738999999994],[-121.41521100000016,36.138723999999996],[-121.41531800000014,36.138711999999998],[-121.41542300000015,36.138702999999992],[-121.41547600000015,36.1387],[-121.41552800000015,36.138697999999991],[-121.41557800000015,36.138697999999998],[-121.41562800000014,36.138700999999998],[-121.41567500000015,36.138706999999997],[-121.41572000000015,36.138719000000009],[-121.41576300000014,36.138736999999999],[-121.41580300000015,36.138761000000002],[-121.41584100000014,36.13878900000001],[-121.41587700000014,36.138819000000005],[-121.41591200000015,36.138851999999993],[-121.41594600000016,36.138885999999999],[-121.41597800000015,36.138921000000003],[-121.41601000000016,36.138958000000009],[-121.41604000000015,36.138995000000001],[-121.41606800000015,36.139032999999991],[-121.41609300000015,36.139071999999999],[-121.41611400000016,36.139108999999998],[-121.41613300000016,36.139147999999999],[-121.41615000000014,36.139187],[-121.41618100000014,36.13926699999999],[-121.41622400000016,36.139386999999992],[-121.41627800000018,36.139548999999995],[-121.41635800000016,36.139788000000003],[-121.41639700000016,36.139907999999998],[-121.41642000000014,36.13998800000001],[-121.41643100000016,36.140028999999998],[-121.41645100000014,36.14011],[-121.41649800000015,36.140314000000004],[-121.41651800000015,36.140394999999998],[-121.41652900000014,36.140436000000001],[-121.41654000000014,36.140476],[-121.41656600000016,36.140556999999994],[-121.41665900000015,36.140838999999986],[-121.41668400000015,36.140918999999997],[-121.41669600000014,36.14096],[-121.41671700000015,36.141042000000006],[-121.41673700000015,36.141123999999998],[-121.41675400000014,36.141206000000004],[-121.41676200000015,36.141247000000007],[-121.41676800000015,36.141288000000003],[-121.41677300000016,36.141329000000006],[-121.41677600000016,36.141370000000009],[-121.41677600000016,36.141411000000005],[-121.41677300000016,36.141453000000006],[-121.41676700000015,36.141494000000002],[-121.41675800000016,36.141536000000009],[-121.41674800000014,36.141576999999991],[-121.41673700000015,36.141618000000008],[-121.41671100000015,36.141700000000007],[-121.41668200000014,36.141781999999992],[-121.41666600000015,36.141821999999998],[-121.41664800000015,36.14186200000001],[-121.41662800000016,36.141902999999999],[-121.41660600000014,36.141942999999998],[-121.41658400000016,36.141982999999996],[-121.41649200000015,36.142141000000002],[-121.41647000000016,36.14218000000001],[-121.41644900000016,36.142218999999997],[-121.41643100000016,36.142257999999998],[-121.41641500000016,36.142297000000006],[-121.41640700000018,36.142319999999991],[-121.41640100000015,36.142344000000008],[-121.41639600000015,36.142384],[-121.41639700000016,36.142423999999998],[-121.41640800000015,36.142544999999998],[-121.41640900000016,36.142585000000004],[-121.41640400000016,36.142625000000002],[-121.41639500000015,36.142661000000004],[-121.41638100000014,36.142697000000005],[-121.41636400000016,36.142732999999993],[-121.41625300000015,36.142958999999998],[-121.41621600000015,36.143035999999995],[-121.41619900000016,36.143074000000006],[-121.41618300000015,36.143114000000004],[-121.41616800000014,36.143153000000005],[-121.41615600000014,36.143192000000006],[-121.41614400000014,36.14323199999999],[-121.41612500000015,36.143310999999983],[-121.41610900000016,36.143390999999994],[-121.41609600000014,36.143470999999998],[-121.41609100000014,36.143512000000001],[-121.41608600000015,36.143552],[-121.41608400000014,36.143591999999998],[-121.41608300000016,36.143634000000006],[-121.41608400000014,36.143675999999992],[-121.41608500000015,36.143718000000007],[-121.41609100000014,36.143802000000001],[-121.41611400000016,36.144053999999997],[-121.41611900000015,36.144140999999991],[-121.41612000000016,36.144184000000003],[-121.41612000000016,36.144227000000001],[-121.41611800000015,36.144269999999992],[-121.41611200000015,36.144312999999997],[-121.41610600000016,36.14434],[-121.41609600000014,36.144380000000005],[-121.41608300000016,36.144418999999999],[-121.41606800000015,36.144457999999993],[-121.41605200000014,36.144497000000001],[-121.41601700000015,36.144574999999989],[-121.41598000000016,36.144652000000008],[-121.41596000000015,36.14468999999999],[-121.41591900000014,36.144765],[-121.41587500000016,36.144840000000009],[-121.41580700000017,36.144950000000009],[-121.41566300000015,36.145181000000001],[-121.41561600000014,36.145257999999998],[-121.41559400000017,36.145296000000009],[-121.41557200000015,36.14533500000001],[-121.41555300000016,36.145374000000004],[-121.41553500000016,36.145412999999998],[-121.41552000000016,36.145453000000003],[-121.41551000000017,36.145493000000002],[-121.41550400000017,36.145534000000005],[-121.41550200000016,36.145575000000001],[-121.41550300000016,36.145615999999997],[-121.41550600000015,36.145657999999997],[-121.41551100000014,36.145699999999998],[-121.41552300000014,36.145784999999989],[-121.41555200000015,36.14595400000001],[-121.41557500000016,36.146079999999998],[-121.41559300000016,36.146160999999999],[-121.41560300000015,36.146199999999993],[-121.41561300000014,36.146236999999999],[-121.41562600000016,36.146273000000001],[-121.41564100000015,36.14631],[-121.41565300000016,36.146343999999999],[-121.41567600000016,36.14641300000001],[-121.41569000000015,36.146447000000002],[-121.41570800000015,36.146478999999999],[-121.41573100000015,36.146508000000004],[-121.41576100000016,36.146533000000005],[-121.41579800000015,36.146555000000006],[-121.41583800000014,36.146574000000008],[-121.41588200000015,36.146591999999998],[-121.41592900000016,36.146608000000001],[-121.41597700000015,36.146622999999998],[-121.41602600000017,36.146636999999998],[-121.41612600000015,36.146663999999994],[-121.41622800000015,36.146689000000009],[-121.41633100000016,36.146712000000001],[-121.41638300000015,36.146721999999997],[-121.41643500000015,36.146730999999996],[-121.41648700000016,36.146737999999992],[-121.41654000000014,36.146743999999998],[-121.41664700000015,36.146751999999992],[-121.41680700000015,36.146763],[-121.41691400000016,36.146771000000001],[-121.41696700000014,36.146776000000003],[-121.41707400000016,36.146787999999994],[-121.41718000000014,36.14680400000001],[-121.41723300000015,36.146813000000002],[-121.41728400000015,36.146822999999998],[-121.41733500000015,36.146833999999998],[-121.41738400000014,36.146846999999994],[-121.41743100000015,36.146861999999999],[-121.41747600000015,36.146878999999998],[-121.41751600000015,36.146900999999993],[-121.41755000000016,36.146925000000003],[-121.41757900000015,36.146952000000006],[-121.41760600000015,36.146982000000008],[-121.41763000000014,36.147013999999999],[-121.41765000000015,36.147048000000005],[-121.41766800000018,36.147081999999997],[-121.41768200000016,36.147117999999999],[-121.41769200000016,36.147155000000005],[-121.41769700000016,36.147196000000001],[-121.41769800000016,36.147237999999994],[-121.41769500000015,36.147280000000009],[-121.41769000000015,36.147323],[-121.41768400000015,36.147365999999998],[-121.41766700000014,36.147452000000001],[-121.41752900000016,36.148097],[-121.41750900000015,36.148182000000006],[-121.41749700000015,36.148223000000009],[-121.41748300000015,36.148265000000002],[-121.41746800000014,36.148305000000001],[-121.41744900000018,36.148345000000006],[-121.41742900000014,36.148380999999993],[-121.41740600000016,36.148416999999995],[-121.41738100000016,36.148451999999999],[-121.41735400000015,36.148486000000005],[-121.41732700000014,36.148519999999998],[-121.41726900000015,36.148586999999992],[-121.41720900000016,36.148654999999998],[-121.41705500000016,36.148826999999997],[-121.41696500000016,36.14893],[-121.41693600000015,36.148964999999997],[-121.41690900000015,36.149000000000008],[-121.41688300000014,36.149036000000009],[-121.41685900000016,36.149071999999997],[-121.41683800000014,36.149108000000012],[-121.41682200000015,36.149145999999995],[-121.41681000000017,36.149185999999993],[-121.41680300000016,36.149227000000003],[-121.41679800000014,36.149267999999999],[-121.41679700000016,36.149310000000007],[-121.41679700000016,36.149352999999991],[-121.41679800000014,36.149395000000005],[-121.41680200000016,36.149478999999992],[-121.41680900000016,36.149559999999994],[-121.41681800000016,36.14964100000001],[-121.41682300000014,36.149681000000001],[-121.41683000000016,36.149720000000009],[-121.41683700000014,36.149759000000003],[-121.41684600000015,36.149797000000007],[-121.41686100000015,36.149850999999998],[-121.41686900000016,36.149885000000005],[-121.41687500000016,36.14991899999999],[-121.41688000000016,36.149954000000001],[-121.41688400000015,36.149989999999995],[-121.41688900000014,36.150075999999991],[-121.41689700000015,36.150295],[-121.41690100000014,36.150381999999993],[-121.41690500000016,36.150425999999996],[-121.41690900000015,36.150469000000001],[-121.41691600000014,36.150511999999999],[-121.41692500000016,36.150554000000007],[-121.41693800000016,36.150596],[-121.41695200000014,36.150637000000003],[-121.41699900000015,36.150755999999994],[-121.41701300000015,36.150793999999991],[-121.41702300000017,36.150830999999997],[-121.41703800000015,36.150895999999996],[-121.41705700000014,36.150967999999992],[-121.41708100000014,36.151043999999999],[-121.41709400000016,36.151081999999995],[-121.41712200000015,36.151159],[-121.41713800000014,36.151197000000003],[-121.41715600000016,36.151234999999993],[-121.41717600000015,36.151274000000001],[-121.41719800000014,36.151313000000002],[-121.41722100000015,36.151351000000005],[-121.41726900000015,36.151427000000005],[-121.41732000000017,36.151503000000005],[-121.41737300000015,36.151577000000003],[-121.41740000000016,36.151613000000005],[-121.41742900000014,36.151647999999994],[-121.41745800000015,36.151682999999998],[-121.41749000000016,36.151716],[-121.41752300000016,36.151747000000007],[-121.41755900000015,36.151775999999991],[-121.41759400000016,36.15179899999999],[-121.41763100000016,36.151820000000008],[-121.41770600000014,36.151861000000004],[-121.41774200000016,36.151882000000015],[-121.41777500000016,36.151904000000002],[-121.41780100000017,36.151925000000006],[-121.41782400000015,36.151947999999997],[-121.41784300000015,36.151972000000001],[-121.41785700000015,36.151997000000016],[-121.41786600000016,36.152028000000001],[-121.41786700000014,36.152059999999999],[-121.41786300000015,36.15209200000001],[-121.41785300000014,36.152122000000006],[-121.41783700000015,36.152149999999999],[-121.41781500000016,36.152174000000002],[-121.41778400000014,36.152194000000016],[-121.41774800000016,36.152210000000004],[-121.41770800000015,36.152219000000002],[-121.41766800000018,36.152224000000004],[-121.41762700000017,36.152222000000002],[-121.41758900000016,36.152212000000006],[-121.41755500000015,36.152194000000009],[-121.41752300000016,36.152169000000008],[-121.41749300000014,36.152138999999998],[-121.41746500000016,36.152104999999999],[-121.41740900000016,36.152035000000005],[-121.41738000000015,36.151999999999994],[-121.41735000000016,36.151966999999999],[-121.41731600000016,36.151938000000008],[-121.41728300000015,36.151917000000005],[-121.41724800000016,36.151899],[-121.41721300000015,36.151884999999993],[-121.41717800000016,36.151874999999997],[-121.41714400000014,36.151868999999998],[-121.41711400000014,36.151868999999998],[-121.41708700000014,36.151876000000001],[-121.41706900000014,36.151888],[-121.41705300000015,36.151904999999999],[-121.41703800000015,36.151924999999991],[-121.41689100000015,36.152155999999998],[-121.41686900000016,36.152194000000009],[-121.41684800000016,36.152231999999991],[-121.41682900000016,36.152270999999992],[-121.41681200000015,36.152312000000016],[-121.41679700000016,36.15235400000001],[-121.41678300000015,36.152396000000003],[-121.41672300000015,36.152596000000003],[-121.41671300000016,36.152631999999997],[-121.41670500000015,36.152667000000008],[-121.41670100000016,36.152700999999993],[-121.41670100000016,36.152734000000009],[-121.41670800000014,36.152764000000005],[-121.41672300000015,36.152793999999993],[-121.41674400000015,36.152821000000003],[-121.41682100000016,36.152901000000007],[-121.41684300000017,36.152929],[-121.41686000000016,36.152958999999996],[-121.41686900000016,36.152993999999993],[-121.41687100000014,36.153030999999999],[-121.41686800000014,36.15307],[-121.41686100000015,36.153111000000003],[-121.41685000000014,36.153152000000006],[-121.41683800000014,36.153193999999999],[-121.41682400000016,36.153236000000007],[-121.41674800000014,36.153448999999995],[-121.41673500000014,36.153492],[-121.41672400000016,36.153532999999996],[-121.41671600000015,36.153573999999999],[-121.41671200000016,36.153613999999997],[-121.41671400000017,36.153652000000001],[-121.41672400000016,36.15368800000001],[-121.41674300000015,36.153719999999993],[-121.41677100000017,36.153750999999993],[-121.41680400000017,36.153779],[-121.41684200000016,36.153806000000003],[-121.41688200000014,36.153832000000001],[-121.41692500000016,36.153855999999998],[-121.41697000000016,36.153879000000011],[-121.41701600000016,36.153900999999998],[-121.41706300000014,36.153920000000006],[-121.41711200000016,36.153936000000009],[-121.41716200000016,36.153948],[-121.41721000000014,36.153956000000015],[-121.41725900000016,36.153959999999998],[-121.41730900000015,36.15396299999999],[-121.41740800000014,36.153965999999997],[-121.41745700000016,36.153967999999999],[-121.41750400000016,36.153971999999996],[-121.41755000000016,36.153979000000007],[-121.41759300000015,36.153990999999998],[-121.41763500000016,36.15400799999999],[-121.41767400000018,36.154030000000006],[-121.41771100000014,36.154055000000007],[-121.41774600000015,36.154083],[-121.41785000000016,36.154170000000001],[-121.41788400000016,36.154198000000001],[-121.41791900000014,36.154223999999999],[-121.41795500000016,36.154247999999995],[-121.41799200000015,36.154266999999997],[-121.41803000000016,36.154280999999997],[-121.41806700000015,36.154288000000001],[-121.41810600000015,36.154291000000001],[-121.41818300000014,36.154290999999994],[-121.41822000000016,36.154290999999994],[-121.41825600000016,36.154294999999991],[-121.41828900000016,36.154303999999996],[-121.41831900000015,36.154318999999994],[-121.41834700000015,36.154339],[-121.41837300000016,36.154362999999989],[-121.41842500000016,36.154412999999998],[-121.41845400000015,36.15443599999999],[-121.41848500000015,36.15445600000001],[-121.41851800000015,36.154469999999996],[-121.41855300000016,36.154479000000002],[-121.41858900000015,36.154483999999997],[-121.41862500000016,36.154485000000008],[-121.41866000000014,36.154482000000009],[-121.41869300000015,36.154473000000003],[-121.41872200000016,36.15446],[-121.41874500000016,36.15444200000001],[-121.41876300000015,36.154420000000009],[-121.41877400000014,36.15439099999999],[-121.41877800000016,36.154358000000002],[-121.41877600000015,36.15432400000001],[-121.41876900000015,36.154288000000001],[-121.41875800000015,36.154251000000009],[-121.41874200000014,36.154215000000008],[-121.41872300000014,36.154178999999999],[-121.41865600000015,36.154072999999997],[-121.41863700000016,36.154037000000002],[-121.41862200000016,36.154001000000001],[-121.41861300000014,36.153962999999997],[-121.41860900000015,36.153923999999996],[-121.41860900000015,36.153885000000002],[-121.41861300000014,36.153844999999997],[-121.41861900000016,36.153806000000003],[-121.41862900000015,36.153766999999995],[-121.41864200000015,36.153730000000003],[-121.41865800000014,36.153693000000018],[-121.41867900000015,36.153658],[-121.41870600000016,36.153625000000005],[-121.41873700000015,36.153594000000005],[-121.41877200000016,36.153565999999991],[-121.41880800000015,36.153541000000004],[-121.41884600000014,36.153519000000003],[-121.41888400000018,36.153503000000008],[-121.41892300000018,36.153492],[-121.41896100000014,36.153489],[-121.41899800000016,36.153494999999999],[-121.41903400000015,36.153507000000005],[-121.41913700000015,36.153555000000004],[-121.41916800000014,36.153565],[-121.41919700000017,36.15356700000001],[-121.41922200000016,36.153558999999994],[-121.41924400000016,36.153541000000004],[-121.41926300000014,36.153516999999994],[-121.41927700000015,36.153488000000003],[-121.41928600000016,36.15345700000001],[-121.41929100000016,36.153424000000001],[-121.41929500000016,36.153388],[-121.41930100000016,36.153235000000009],[-121.41930400000015,36.153193000000009],[-121.41932000000017,36.153024000000002],[-121.41932200000015,36.152982999999999],[-121.41932200000015,36.152943],[-121.41931900000016,36.152905000000004],[-121.41931100000015,36.152868999999995],[-121.41929700000014,36.15283500000001],[-121.41927800000015,36.152805000000001],[-121.41925400000015,36.152777999999998],[-121.41920400000014,36.152722999999995],[-121.41918200000015,36.152693999999997],[-121.41916800000014,36.152667000000001],[-121.41915700000015,36.152638000000003],[-121.41915000000016,36.152609000000005],[-121.41914600000017,36.152577999999991],[-121.41914400000016,36.152542999999994],[-121.41914500000016,36.152507000000007],[-121.41914900000015,36.15247200000001],[-121.41915600000016,36.152437000000006],[-121.41916800000014,36.152404000000004],[-121.41918300000016,36.152373000000011],[-121.41920500000016,36.152344999999997],[-121.41923700000014,36.152316999999996],[-121.41927500000017,36.152293000000007],[-121.41931800000016,36.152270999999985],[-121.41936300000016,36.152250000000002],[-121.41945800000015,36.152211000000001],[-121.41950500000016,36.152189000000007],[-121.41955000000016,36.152167000000006],[-121.41959100000014,36.152140999999993],[-121.41962600000015,36.15211399999999],[-121.41965800000015,36.152085],[-121.41968700000014,36.152053000000002],[-121.41971500000015,36.15202],[-121.41974100000014,36.151985999999994],[-121.41979200000014,36.151915999999993],[-121.41991700000015,36.151735000000002],[-121.41996900000017,36.151662000000009],[-121.42002300000014,36.151590999999989],[-121.42005100000016,36.151555999999999],[-121.42008100000014,36.151522999999997],[-121.42011300000014,36.151491],[-121.42014500000016,36.151462000000009],[-121.42017900000015,36.151434999999999],[-121.42021500000014,36.151409000000001],[-121.42025200000016,36.151386000000002],[-121.42029100000016,36.151364000000008],[-121.42033100000016,36.151346000000004],[-121.42037300000015,36.151329999999994],[-121.42042200000014,36.151318000000003],[-121.42047200000016,36.151309000000005],[-121.42052400000014,36.151302999999999],[-121.42057600000014,36.151299000000016],[-121.42063000000016,36.151295999999995],[-121.42073800000014,36.151293000000003],[-121.42084600000014,36.151291999999998],[-121.42150100000016,36.151291999999998],[-121.42161000000016,36.151291000000001],[-121.42171800000015,36.151289999999996],[-121.42182500000014,36.151286000000006],[-121.42187700000015,36.151282000000002],[-121.42192800000015,36.151277000000007],[-121.42197800000014,36.151269000000006],[-121.42202500000015,36.151257999999999],[-121.42206900000015,36.151242000000011],[-121.42210500000016,36.151222999999995],[-121.42213900000017,36.151201000000007],[-121.42217200000017,36.151176000000007],[-121.42220400000014,36.151149000000004],[-121.42226700000016,36.151092999999996],[-121.42233900000014,36.151032000000001],[-121.42241400000016,36.150972000000003],[-121.42245300000016,36.150942999999991],[-121.42249200000016,36.150914999999991],[-121.42253200000016,36.150886999999997],[-121.42257200000014,36.150860000000002],[-121.42261300000015,36.150834999999994],[-121.42265500000018,36.150812000000009],[-121.42269900000014,36.150791999999996],[-121.42274400000014,36.15077500000001],[-121.42279300000015,36.150762999999991],[-121.42284300000016,36.15075499999999],[-121.42289400000014,36.150750000000002],[-121.42294700000015,36.15074700000001],[-121.42299900000016,36.150745999999998],[-121.42305200000017,36.15074700000001],[-121.42310500000016,36.150749000000005],[-121.42315800000014,36.150753000000009],[-121.42321000000015,36.150759000000001],[-121.42326200000015,36.150767999999992],[-121.42331100000014,36.150779000000007],[-121.42336000000016,36.150795000000002],[-121.42340600000016,36.15081399999999],[-121.42345200000014,36.150834999999994],[-121.42349700000014,36.150857999999999],[-121.42354100000016,36.150881999999996],[-121.42358500000016,36.150908000000008],[-121.42367100000014,36.150959999999998],[-121.42371300000015,36.150987999999998],[-121.42375400000016,36.151015999999998],[-121.42379400000014,36.151043999999999],[-121.42383300000014,36.151074000000001],[-121.42387100000016,36.151106999999996],[-121.42390700000016,36.151139999999998],[-121.42397800000016,36.151208999999994],[-121.42414900000014,36.151385999999995],[-121.42421900000015,36.151456000000003],[-121.42428900000014,36.151519999999998],[-121.42432600000014,36.151552000000009],[-121.42439900000015,36.151614000000009],[-121.42447500000017,36.151675000000004],[-121.42451300000016,36.151703999999995],[-121.42455300000017,36.151730999999998],[-121.42459300000014,36.151757000000011],[-121.42463500000014,36.151781],[-121.42467600000015,36.151800000000009],[-121.42471700000016,36.151815999999997],[-121.42476000000015,36.151828999999992],[-121.42480300000014,36.151837999999998],[-121.42484800000014,36.151843],[-121.42489800000016,36.151842999999992],[-121.42494900000015,36.151838999999995],[-121.42500100000017,36.151831000000001],[-121.42505300000016,36.151820000000001],[-121.42510500000016,36.151808000000003],[-121.42515700000014,36.151795000000014],[-121.42526100000016,36.151766000000002],[-121.42541700000015,36.151719999999997],[-121.42552000000015,36.151688],[-121.42557000000015,36.151669999999989],[-121.42561900000015,36.151651999999984],[-121.42566600000016,36.151632000000006],[-121.42571100000016,36.151609999999998],[-121.42575300000016,36.151584999999997],[-121.42579100000015,36.151557000000004],[-121.42582600000016,36.151524999999999],[-121.42585900000017,36.15149199999999],[-121.42589000000014,36.151457000000001],[-121.42591900000015,36.151419999999995],[-121.42597700000015,36.151346000000004],[-121.42611800000014,36.151154999999996],[-121.42622800000015,36.15100300000001],[-121.42625400000016,36.150964999999999],[-121.42627900000015,36.150926999999996],[-121.42630100000017,36.150889000000006],[-121.42632100000016,36.150852],[-121.42633600000018,36.150814999999987],[-121.42634600000017,36.150778000000003],[-121.42634700000016,36.150742000000001],[-121.42634100000014,36.150711999999999],[-121.42633000000015,36.150681999999996],[-121.42631400000016,36.150652000000001],[-121.42629700000016,36.150621999999998],[-121.42615500000014,36.150402999999997],[-121.42611000000014,36.15032699999999],[-121.42608900000016,36.150287999999996],[-121.42607000000014,36.150249000000002],[-121.42605400000015,36.150210000000001],[-121.42604000000014,36.150170000000003],[-121.42602900000016,36.150129000000007],[-121.42602000000014,36.150088000000004],[-121.42600600000016,36.15000400000001],[-121.42599500000014,36.149920000000009],[-121.42598200000018,36.149794],[-121.42597600000015,36.149709000000009],[-121.42597300000016,36.149622999999991],[-121.42597100000015,36.149492999999993],[-121.42597100000015,36.149406999999997],[-121.42597400000014,36.149320999999993],[-121.42597600000015,36.149277999999995],[-121.42598000000014,36.14923499999999],[-121.42598500000015,36.149193000000004],[-121.42599200000016,36.149150999999996],[-121.42600100000014,36.149108999999996],[-121.42601100000016,36.149066999999995],[-121.42603400000014,36.14898500000001],[-121.42606000000015,36.148902999999997],[-121.42607400000016,36.148862000000001],[-121.42608900000016,36.148820999999991],[-121.42610600000015,36.148780999999993],[-121.42612500000016,36.148741999999999],[-121.42614400000015,36.148704000000002],[-121.42616600000017,36.148668000000001],[-121.42618900000015,36.148631000000002],[-121.42623700000016,36.148560000000003],[-121.42628900000014,36.148490000000002],[-121.42634400000016,36.148420999999999],[-121.42637300000014,36.148387999999997],[-121.42640300000015,36.148355000000002],[-121.42643600000015,36.148322999999998],[-121.42647100000016,36.148291],[-121.42654400000015,36.148228999999994],[-121.42673100000016,36.148077999999991],[-121.42680600000014,36.148016999999996],[-121.42688200000016,36.147950999999999],[-121.42710500000015,36.147751],[-121.42718200000016,36.147684999999996],[-121.42722100000016,36.14765400000001],[-121.42725800000015,36.147624999999998],[-121.42733400000014,36.147570999999999],[-121.42741200000015,36.147518999999996],[-121.42745200000016,36.147493999999995],[-121.42749200000016,36.147469999999991],[-121.42753300000014,36.147445999999995],[-121.42757500000016,36.147424000000008],[-121.42761800000015,36.147404000000002],[-121.42766200000014,36.147387000000002],[-121.42770900000015,36.147372000000004],[-121.42775800000014,36.147358999999994],[-121.42780700000016,36.147349000000006],[-121.42785600000015,36.147341000000004],[-121.42790700000015,36.147333999999994],[-121.42795700000016,36.147327999999987],[-121.42800700000014,36.147323999999998],[-121.42805700000015,36.147322000000003],[-121.42810600000014,36.147322000000003],[-121.42815500000016,36.147323999999998],[-121.42820200000014,36.147330999999994],[-121.42824500000016,36.14734],[-121.42828700000015,36.147351999999984],[-121.42836700000014,36.147376999999992],[-121.42840700000016,36.147387999999992],[-121.42844600000014,36.147394999999996],[-121.42848500000014,36.147396999999998],[-121.42852500000015,36.147391999999989],[-121.42856600000016,36.147381999999993],[-121.42860700000014,36.147366999999996],[-121.42864800000015,36.147351],[-121.42873500000016,36.147314000000001],[-121.42882500000016,36.147275],[-121.42891500000016,36.147233999999997],[-121.42900300000015,36.147191999999997],[-121.42904600000014,36.147168999999991],[-121.42908700000015,36.147145999999999],[-121.42912600000015,36.147119999999994],[-121.42916100000015,36.147092999999998],[-121.42919500000015,36.147060999999994],[-121.42922400000016,36.14702599999999],[-121.42925200000015,36.146988999999998],[-121.42927700000014,36.146951000000001],[-121.42930200000016,36.146911999999986],[-121.42934800000015,36.146833000000001],[-121.42941500000016,36.146712000000001],[-121.42946000000016,36.146632000000004],[-121.42948400000014,36.146592999999996],[-121.42950900000015,36.146554000000002],[-121.42953500000014,36.146515999999998],[-121.42956300000016,36.146478999999999],[-121.42959400000015,36.14644400000001],[-121.42962500000014,36.146414],[-121.42965900000016,36.146384000000005],[-121.42969400000014,36.146355999999997],[-121.42973100000016,36.146327999999997],[-121.42976800000015,36.146301999999999],[-121.42984500000016,36.146248999999997],[-121.42996300000016,36.146171000000002],[-121.43012200000015,36.146068],[-121.43024100000014,36.145992],[-121.43032300000016,36.145943000000003],[-121.43036400000014,36.145918999999999],[-121.43040600000016,36.145896999999991],[-121.43044900000015,36.145876000000008],[-121.43049400000015,36.145856000000002],[-121.43054000000015,36.145836999999993],[-121.43058700000016,36.145820000000001],[-121.43063400000014,36.145803999999998],[-121.43073100000015,36.145772999999998],[-121.43082800000015,36.145746000000003],[-121.43087800000016,36.145733],[-121.43092700000015,36.145721999999999],[-121.43097800000015,36.145712000000003],[-121.43102900000015,36.145703999999995],[-121.43108100000015,36.145696999999991],[-121.43113300000016,36.145691999999997],[-121.43123800000014,36.145684000000003],[-121.43134300000014,36.145678000000004],[-121.43144900000016,36.145674999999997],[-121.43150100000017,36.145674000000007],[-121.43155400000016,36.145674000000007],[-121.43161000000016,36.145676000000002],[-121.43166500000015,36.145679000000001],[-121.43177700000015,36.145687000000009],[-121.43194300000015,36.145701999999993],[-121.43205300000015,36.145713999999998],[-121.43210800000014,36.145721999999999],[-121.43216300000016,36.145730999999998],[-121.43221700000014,36.145741000000001],[-121.43227100000016,36.145751999999995],[-121.43237800000014,36.145778000000007],[-121.43248400000016,36.145806000000007],[-121.43258900000014,36.145836999999993],[-121.43264100000016,36.145853000000002],[-121.43269100000016,36.145871000000007],[-121.43274100000015,36.145890999999992],[-121.43278500000015,36.145910999999998],[-121.43282800000014,36.145933000000007],[-121.43287100000016,36.145955999999991],[-121.43291300000014,36.145980000000002],[-121.43299500000016,36.146028999999999],[-121.43307700000015,36.146079999999998],[-121.43319800000015,36.146158000000007],[-121.43341100000016,36.146303000000003],[-121.43349600000016,36.146360000000008],[-121.43354000000016,36.146387999999995],[-121.43358400000015,36.14641499999999],[-121.43362900000015,36.146439999999991],[-121.43367500000015,36.146464000000009],[-121.43372000000015,36.146484000000001],[-121.43376500000015,36.146502999999996],[-121.43385800000014,36.146537000000002],[-121.43409500000017,36.146619000000001],[-121.43414200000015,36.146636000000001],[-121.43418800000015,36.146655000000003],[-121.43423600000015,36.146675000000002],[-121.43428400000015,36.146697000000003],[-121.43437800000014,36.146742000000003],[-121.43451600000014,36.146813999999999],[-121.43460800000015,36.14686300000001],[-121.43469800000015,36.146912999999998],[-121.43483000000018,36.146988000000007],[-121.43509100000016,36.147141999999995],[-121.43522300000015,36.147216999999991],[-121.43531100000017,36.147263999999993],[-121.43557500000016,36.147403000000004],[-121.43566200000015,36.147451000000004],[-121.43570500000014,36.147475],[-121.43574700000016,36.147500000000001],[-121.43578800000016,36.147527000000004],[-121.43582700000017,36.147554],[-121.43586600000017,36.147582999999997],[-121.43594000000016,36.147643000000002],[-121.43601100000015,36.147704999999995],[-121.43608000000015,36.147769000000004],[-121.43611200000015,36.147801999999992],[-121.43614400000016,36.147835000000001],[-121.43617300000017,36.147868999999993],[-121.43619900000016,36.147904999999994],[-121.43622200000016,36.147940999999989],[-121.43624100000015,36.147978000000009],[-121.43625900000018,36.148015999999998],[-121.43627600000016,36.148054999999992],[-121.43629100000014,36.148093999999993],[-121.43632000000015,36.148173],[-121.43636200000014,36.148292000000005],[-121.43647100000014,36.148611999999993],[-121.43649700000014,36.148691999999997],[-121.43652100000017,36.148772999999998],[-121.43653100000016,36.148812999999997],[-121.43655100000015,36.148895000000003],[-121.43656600000017,36.148974999999993],[-121.43657200000015,36.149015000000006],[-121.43657600000016,36.149055000000011],[-121.43657700000016,36.149093000000001],[-121.43657600000016,36.149130999999983],[-121.43657000000016,36.14916800000001],[-121.43655900000016,36.149201999999995],[-121.43654200000014,36.149234],[-121.43652000000016,36.149264999999993],[-121.43647200000015,36.149323999999993],[-121.43645000000014,36.149352999999991],[-121.43643000000016,36.149383000000007],[-121.43641700000016,36.149414000000007],[-121.43641100000016,36.149448],[-121.43641200000016,36.149483000000004],[-121.43641800000016,36.149519000000012],[-121.43642700000015,36.149555999999997],[-121.43645900000014,36.149669999999993],[-121.43646800000016,36.149710000000006],[-121.43647400000016,36.149751000000002],[-121.43647800000015,36.149793999999993],[-121.43648100000016,36.149836000000001],[-121.43648200000017,36.149922999999994],[-121.43647800000015,36.150052000000002],[-121.43647000000017,36.150182000000001],[-121.43646200000016,36.150266999999999],[-121.43645600000016,36.150309999999998],[-121.43644900000015,36.150351999999991],[-121.43644000000015,36.150393000000001],[-121.43642700000015,36.150432999999992],[-121.43641900000014,36.150454000000003],[-121.43641000000015,36.150475],[-121.43639100000016,36.150509],[-121.43636800000014,36.150542000000002],[-121.43634400000015,36.150574000000013],[-121.43629400000016,36.150638000000001],[-121.43626900000015,36.150669999999998],[-121.43624700000015,36.150703],[-121.43622800000016,36.150737000000007],[-121.43621200000017,36.150775999999993],[-121.43620100000014,36.150815999999999],[-121.43619200000016,36.150856999999995],[-121.43618600000016,36.150898999999995],[-121.43618200000014,36.150940999999996],[-121.43617900000017,36.150983999999994],[-121.43617700000016,36.151026000000002],[-121.43617700000016,36.151069],[-121.43617800000015,36.151111999999998],[-121.43618100000016,36.151154999999996],[-121.43618600000016,36.151198000000008],[-121.43619300000016,36.151238000000006],[-121.43620300000015,36.151279000000002],[-121.43621300000014,36.151319000000008],[-121.43622600000016,36.151359000000006],[-121.43623900000014,36.151398],[-121.43625400000015,36.151438000000006],[-121.43626900000015,36.151476000000002],[-121.43628700000015,36.151514000000006],[-121.43630600000016,36.151550999999991],[-121.43632800000016,36.151586999999999],[-121.43635400000014,36.151621000000006],[-121.43638300000015,36.151651999999991],[-121.43641700000016,36.151682000000001],[-121.43645200000014,36.151710999999999],[-121.43649000000016,36.151738000000002],[-121.43652800000014,36.151764999999983],[-121.43660800000015,36.151818000000006],[-121.43681400000015,36.151945999999995],[-121.43689600000015,36.151997000000001],[-121.43697900000014,36.152045000000001],[-121.43702100000016,36.152068000000007],[-121.43706300000014,36.152089999999994],[-121.43710500000016,36.152109999999993],[-121.43714700000014,36.152127],[-121.43719100000014,36.152140000000017],[-121.43723500000016,36.152147999999997],[-121.43728000000016,36.152149999999999],[-121.43732700000014,36.152146999999999],[-121.43737400000015,36.15214000000001],[-121.43742200000014,36.152130999999997],[-121.43747000000015,36.152118999999992],[-121.43751800000017,36.152105999999996],[-121.43761500000014,36.152076999999984],[-121.43790700000015,36.151985000000003],[-121.43805300000014,36.151940000000003],[-121.43815100000015,36.151913999999998],[-121.43820000000014,36.151902],[-121.43825000000015,36.151891999999997],[-121.43830000000015,36.151883999999995],[-121.43835300000015,36.151877999999996],[-121.43840600000016,36.151873999999992],[-121.43845900000014,36.151872000000004],[-121.43851300000016,36.151870999999993],[-121.43867500000016,36.151870000000002],[-121.43878200000015,36.151868],[-121.43883600000015,36.151865999999998],[-121.43888900000016,36.151861999999994],[-121.43894000000016,36.151855999999995],[-121.43899100000016,36.151848999999991],[-121.43904100000016,36.151840999999997],[-121.43909100000015,36.151831999999992],[-121.43919100000014,36.151810999999995],[-121.43924100000015,36.151800000000001],[-121.43929000000014,36.151787999999996],[-121.43933900000016,36.151774999999986],[-121.43938700000015,36.151761],[-121.43943400000015,36.151744999999991],[-121.43948300000015,36.151727000000001],[-121.43953100000016,36.151706999999988],[-121.43957800000014,36.151685999999998],[-121.43962400000014,36.151665000000001],[-121.43967000000018,36.151642000000002],[-121.43976200000016,36.151595999999998],[-121.43985200000016,36.151549000000003],[-121.43994000000018,36.151498999999994],[-121.44002100000016,36.15144999999999],[-121.44022200000016,36.151323999999995],[-121.44030300000016,36.151276000000003],[-121.44034500000015,36.151252999999997],[-121.44038800000015,36.151232000000007],[-121.44043300000016,36.151211999999994],[-121.44047900000014,36.151192999999999],[-121.44052600000015,36.151176],[-121.44057300000016,36.151158999999993],[-121.44067000000015,36.151128999999997],[-121.44071800000017,36.15111499999999],[-121.44076700000016,36.151102000000002],[-121.44081700000015,36.151089999999996],[-121.44086600000014,36.15108],[-121.44091600000016,36.151072000000006],[-121.44096900000014,36.151066],[-121.44102200000015,36.151062000000003],[-121.44107600000017,36.151060000000001],[-121.44112900000016,36.151058999999997],[-121.44118300000015,36.151058999999989],[-121.44129100000016,36.151062000000003],[-121.44134400000014,36.151065000000003],[-121.44139800000016,36.151069999999997],[-121.44145100000017,36.151074999999992],[-121.44150300000014,36.151083],[-121.44155300000016,36.151092999999996],[-121.44160200000015,36.151103999999989],[-121.44170000000015,36.151130000000009],[-121.44189400000016,36.15118600000001],[-121.44199200000014,36.151211999999994],[-121.44204200000016,36.151222999999995],[-121.44209500000014,36.151234000000009],[-121.44214900000016,36.151243999999998],[-121.44225700000014,36.151259999999994],[-121.44236600000018,36.151275000000005],[-121.44247500000014,36.151288999999998],[-121.44263900000016,36.151308],[-121.44274900000016,36.151319000000001],[-121.44280400000015,36.151325],[-121.44285800000016,36.151328999999997],[-121.44291300000015,36.151331999999996],[-121.44296700000015,36.151333999999999],[-121.44302200000014,36.151333999999991],[-121.44307500000015,36.151331999999982],[-121.44312700000015,36.151327000000002],[-121.44318000000015,36.151321999999993],[-121.44323200000017,36.151314999999997],[-121.44333700000014,36.151299999999999],[-121.44365200000014,36.151248999999993],[-121.44381000000016,36.151226999999992],[-121.44386300000014,36.151220000000009],[-121.44396800000014,36.151208999999994],[-121.44423200000014,36.151186999999993],[-121.44433800000016,36.151176999999997],[-121.44439000000015,36.151170999999991],[-121.44444200000014,36.151164000000001],[-121.44449400000016,36.151156],[-121.44454500000016,36.15114599999999],[-121.44459700000016,36.151135000000004],[-121.44469800000016,36.151108999999998],[-121.44484900000016,36.151066999999991],[-121.44514500000014,36.150981999999992],[-121.44523900000016,36.150956999999991],[-121.44527400000014,36.150948999999997],[-121.44530900000015,36.150943000000005],[-121.44534400000016,36.150940000000006],[-121.44538900000016,36.150942999999991],[-121.44543400000016,36.150950999999992],[-121.44547900000016,36.15096299999999],[-121.44552500000017,36.150978000000002],[-121.44566400000016,36.151027999999997],[-121.44571100000016,36.151044999999996],[-121.44575800000015,36.151058999999997],[-121.44580600000016,36.15106999999999],[-121.44585400000014,36.151077000000001],[-121.44590300000016,36.151079000000003],[-121.44595300000013,36.151076000000003],[-121.44600300000015,36.151069999999997],[-121.44605400000015,36.151062000000003],[-121.44610500000014,36.151052000000007],[-121.44615600000014,36.151040000000009],[-121.44625800000014,36.151013999999996],[-121.44635900000016,36.150986000000003],[-121.44646000000014,36.150954999999996],[-121.44650900000016,36.150938999999994],[-121.44655900000014,36.150919999999999],[-121.44660900000015,36.15090099999999],[-121.44670700000016,36.150861000000006],[-121.44680400000014,36.150819000000006],[-121.44806000000011,36.150268999999994],[-121.44834800000017,36.150142000000002],[-121.44871900000012,36.149975999999995],[-121.44881200000013,36.149935999999997],[-121.44890400000011,36.149898000000007],[-121.44895100000012,36.149881000000008],[-121.44899700000013,36.149866000000003],[-121.44904400000014,36.149853000000007],[-121.44909000000011,36.149843999999995],[-121.44913700000012,36.149839999999998],[-121.44917500000012,36.149840999999995],[-121.44922200000013,36.149846999999994],[-121.44926900000014,36.149854999999995],[-121.44931600000012,36.149866000000003],[-121.44936400000013,36.149878000000001],[-121.44946000000013,36.149905999999994],[-121.44965400000014,36.149963999999997],[-121.44970300000013,36.149977000000007],[-121.44980500000013,36.150002999999998],[-121.44990900000012,36.150025999999997],[-121.45001200000013,36.150046999999994],[-121.45006500000014,36.150056000000006],[-121.45011700000013,36.150064999999991],[-121.45016900000013,36.150072000000002],[-121.45022100000014,36.15007700000001],[-121.45027400000012,36.150080000000003],[-121.45032500000013,36.150081000000014],[-121.45037700000015,36.150078999999998],[-121.45042800000014,36.150075999999991],[-121.45048000000011,36.15007099999999],[-121.45053100000011,36.150064999999991],[-121.45058200000011,36.150058000000001],[-121.45063300000011,36.15005],[-121.45068400000014,36.150041000000009],[-121.45073300000013,36.150029999999994],[-121.45078200000015,36.150016999999998],[-121.45082900000013,36.150002000000001],[-121.45087300000012,36.149983999999996],[-121.45091600000013,36.149963999999997],[-121.45095800000013,36.149942000000003],[-121.45099700000013,36.149917999999992],[-121.45103600000013,36.149894000000003],[-121.45107200000011,36.149867999999998],[-121.45110700000014,36.149841000000002],[-121.45113800000013,36.149813000000002],[-121.45116600000013,36.149785000000001],[-121.45118900000013,36.149753999999994],[-121.45120500000013,36.14972199999999],[-121.45121400000012,36.149689000000002],[-121.45121600000013,36.149652999999994],[-121.45121400000012,36.149616000000002],[-121.45120900000012,36.149578999999996],[-121.45119700000012,36.149502999999996],[-121.45119200000013,36.149465999999997],[-121.45119000000012,36.149429000000005],[-121.45119200000013,36.149393000000003],[-121.45120000000014,36.149359000000004],[-121.45121800000014,36.149323000000003],[-121.45124200000012,36.149289000000003],[-121.45127300000013,36.149256999999992],[-121.45130600000013,36.149225000000001],[-121.45134300000012,36.149192999999997],[-121.45138200000012,36.149161999999997],[-121.45150200000013,36.149068999999997],[-121.45158100000012,36.149005999999993],[-121.45162000000012,36.14897400000001],[-121.45172100000013,36.148882999999991],[-121.45175300000011,36.148855999999988],[-121.45178400000013,36.148831999999999],[-121.45181400000013,36.148812],[-121.45184400000012,36.148799999999987],[-121.45187200000012,36.148795999999997],[-121.45190000000014,36.148803999999984],[-121.45192700000011,36.148821999999996],[-121.45195400000011,36.148847000000004],[-121.45197900000012,36.148878000000003],[-121.45200400000014,36.14891200000001],[-121.45202900000014,36.148947999999997],[-121.45205400000013,36.148987000000005],[-121.45210100000011,36.149065999999998],[-121.45212400000013,36.149107000000001],[-121.45214500000013,36.149149000000001],[-121.45216500000011,36.149190000000011],[-121.45218200000014,36.149231999999991],[-121.45219700000014,36.149274999999996],[-121.45220800000013,36.149318000000001],[-121.45221600000013,36.149359999999994],[-121.45222200000013,36.149404000000004],[-121.45222700000014,36.149447000000002],[-121.45223900000012,36.149622000000001],[-121.45224700000013,36.149709000000001],[-121.45225300000013,36.149752999999997],[-121.45226100000011,36.149794999999997],[-121.45227100000012,36.149838000000003],[-121.45228600000013,36.149880000000003],[-121.45230300000013,36.149921999999997],[-121.45232300000012,36.149963],[-121.45234500000011,36.150002999999991],[-121.45236900000013,36.150042999999997],[-121.45239300000013,36.150081],[-121.45242000000013,36.150116999999995],[-121.45244800000013,36.150150999999994],[-121.45247800000013,36.150181000000003],[-121.45251100000013,36.15020599999999],[-121.45254800000012,36.150224000000001],[-121.45258900000013,36.150233999999998],[-121.45263300000013,36.150236999999997],[-121.45268000000014,36.150236],[-121.45272900000013,36.150230999999991],[-121.45277900000012,36.150224000000001],[-121.45283000000012,36.150215999999993],[-121.45293400000013,36.150194999999982],[-121.45309300000012,36.150160999999997],[-121.45325100000014,36.150126999999998],[-121.45335500000013,36.15010199999999],[-121.45340600000013,36.150089000000001],[-121.45345600000013,36.150075000000008],[-121.45350400000011,36.150060000000003],[-121.45355000000015,36.150042999999989],[-121.45359300000014,36.150023999999995],[-121.45363300000011,36.149999999999999],[-121.45366800000012,36.149971999999998],[-121.45369900000013,36.149939999999994],[-121.45372800000014,36.14990499999999],[-121.45375400000013,36.149869000000002],[-121.45377800000013,36.149830999999992],[-121.45380200000012,36.149792000000005],[-121.45384700000012,36.149712000000008],[-121.45397700000012,36.149467000000001],[-121.45402100000013,36.149386],[-121.45404300000014,36.149346999999999],[-121.45406700000012,36.149307],[-121.45409100000012,36.149268999999997],[-121.45411700000012,36.149231999999998],[-121.45414500000012,36.149196999999994],[-121.45417600000013,36.149163999999992],[-121.45421100000014,36.149135000000001],[-121.45425000000014,36.149110999999984],[-121.45429200000012,36.149090999999991],[-121.45433700000012,36.149073000000001],[-121.45438400000013,36.149057000000006],[-121.45443300000012,36.149042000000001],[-121.45448300000012,36.149028999999992],[-121.45453300000011,36.149017000000001],[-121.45458300000013,36.149006],[-121.45463400000013,36.14899599999999],[-121.45468500000013,36.148988000000003],[-121.45473600000012,36.148981999999997],[-121.45478600000013,36.148979000000004],[-121.45483600000011,36.148979000000004],[-121.45488800000011,36.148985000000003],[-121.45493900000011,36.148994999999992],[-121.45498900000014,36.149007000000005],[-121.45503900000013,36.149022000000002],[-121.45509000000013,36.149037999999997],[-121.45514000000013,36.149054999999997],[-121.45528900000012,36.14911],[-121.45558800000013,36.149222999999992],[-121.45568700000013,36.149258999999994],[-121.45573700000011,36.149276],[-121.45578700000013,36.149292000000003],[-121.45583700000013,36.149305999999996],[-121.45588800000013,36.149318999999991],[-121.45593800000012,36.149327999999997],[-121.45598900000012,36.149334000000003],[-121.45603900000013,36.149335000000001],[-121.45608900000013,36.149332999999992],[-121.45613900000012,36.149327999999997],[-121.45618900000012,36.149319999999996],[-121.45624000000012,36.149312000000009],[-121.45634100000011,36.149290999999991],[-121.45644200000012,36.149267999999992],[-121.45649200000013,36.149256000000001],[-121.45659200000014,36.149230000000003],[-121.45664100000013,36.149214999999991],[-121.45669100000012,36.14919900000001],[-121.45673900000013,36.149183000000001],[-121.45683600000014,36.149147999999997],[-121.45712500000013,36.149039999999992],[-121.45722200000013,36.149006],[-121.45727000000012,36.148989],[-121.45736700000012,36.148958],[-121.45746500000013,36.148927999999998],[-121.45790600000012,36.148795999999997],[-121.45810100000013,36.148736000000007],[-121.45824600000014,36.148691000000007],[-121.45834200000013,36.14865799999999],[-121.45843800000013,36.148623999999991],[-121.45858000000014,36.148568000000004],[-121.45867400000013,36.148530000000001],[-121.45876600000014,36.148488999999991],[-121.45881100000014,36.148466999999997],[-121.45885500000013,36.148445000000002],[-121.45889700000012,36.148419999999994],[-121.45893900000013,36.148394999999987],[-121.45898000000011,36.148368000000005],[-121.45902100000012,36.148340999999995],[-121.45910100000013,36.148285999999992],[-121.45918000000015,36.148229999999998],[-121.45929800000012,36.148144000000009],[-121.45937600000013,36.148085999999992],[-121.45945300000012,36.148026999999999],[-121.45952900000012,36.147967999999999],[-121.45960400000011,36.147908000000001],[-121.45967600000012,36.147846000000001],[-121.45971100000013,36.14781399999999],[-121.45974400000013,36.147780999999995],[-121.45977400000012,36.14774899999999],[-121.45980300000011,36.147715000000005],[-121.45983100000012,36.147680999999999],[-121.45988400000013,36.147610999999991],[-121.45990900000012,36.147576000000001],[-121.45995900000011,36.147504999999995],[-121.46000600000012,36.147432000000002],[-121.46002800000011,36.147396000000015],[-121.46007100000013,36.147320999999998],[-121.46019100000012,36.147092999999998],[-121.46023300000013,36.147016999999998],[-121.46027800000013,36.146942999999993],[-121.46039700000011,36.146763],[-121.46044200000011,36.146690999999997],[-121.46046200000012,36.146653999999998],[-121.46048000000015,36.146616999999992],[-121.46049600000013,36.146579000000003],[-121.46050800000013,36.146538999999983],[-121.46051600000013,36.146496999999997],[-121.46052300000014,36.146455999999993],[-121.46052700000013,36.14641300000001],[-121.46053000000013,36.146371000000009],[-121.46053200000011,36.14632799999999],[-121.46053400000012,36.146242000000001],[-121.46053400000012,36.146156000000012],[-121.46053100000015,36.146071000000013],[-121.46051500000013,36.145861000000011],[-121.46051000000013,36.145777000000002],[-121.46050800000013,36.145693000000001],[-121.46050900000013,36.145651000000008],[-121.46051200000012,36.145610999999995],[-121.46052100000013,36.145530000000001],[-121.46055800000015,36.145288000000008],[-121.46056700000013,36.145205999999995],[-121.46057000000015,36.145161999999999],[-121.46057400000014,36.145072999999996],[-121.46057600000015,36.144894999999998],[-121.46057900000012,36.144807],[-121.46058100000013,36.144764000000002],[-121.46058600000013,36.144722999999999],[-121.46059300000013,36.144681999999996],[-121.46060300000015,36.144644999999997],[-121.46061900000014,36.14461],[-121.46064200000015,36.144579999999983],[-121.46066800000013,36.144559000000001],[-121.46070000000012,36.144541000000004],[-121.46073600000014,36.144525999999999],[-121.46077500000014,36.144514999999998],[-121.46081700000012,36.144504999999995],[-121.46086000000012,36.144497999999999],[-121.46091200000012,36.144492],[-121.46096400000012,36.144489000000007],[-121.46101800000014,36.144487000000005],[-121.46107200000012,36.144487000000005],[-121.46118100000011,36.144489000000007],[-121.46129000000013,36.14449299999999],[-121.46134500000012,36.144495999999997],[-121.46139900000014,36.144498999999996],[-121.46145300000012,36.144503999999998],[-121.46150600000013,36.144508999999992],[-121.46161200000014,36.144523],[-121.46171700000012,36.144537999999997],[-121.46192600000013,36.144571999999989],[-121.46208200000011,36.144597999999988],[-121.46218600000012,36.14461699999999],[-121.46234100000012,36.144646999999992],[-121.46244500000013,36.144669],[-121.46254700000013,36.144691999999999],[-121.46259800000011,36.14470399999999],[-121.46264800000014,36.144717999999997],[-121.46269900000014,36.144733999999985],[-121.46274900000013,36.144749999999988],[-121.46285000000013,36.144786000000003],[-121.46304900000013,36.144860000000001],[-121.46315000000011,36.14489600000001],[-121.46320000000013,36.144912999999995],[-121.46325200000014,36.144928999999998],[-121.46335700000012,36.144959999999998],[-121.46346300000013,36.144989000000002],[-121.46367500000012,36.145046000000001],[-121.46404800000013,36.145143999999988],[-121.46426100000014,36.145198999999998],[-121.46442100000013,36.145237999999999],[-121.46484700000013,36.145335000000003],[-121.46495200000011,36.145361000000001],[-121.46500500000012,36.145375000000001],[-121.46505400000011,36.145387999999997],[-121.46515100000013,36.145415999999997],[-121.46529600000012,36.145459999999993],[-121.46573100000015,36.145595999999998],[-121.46592300000013,36.14565799999999],[-121.46601800000013,36.145690999999999],[-121.46606500000014,36.145708000000006],[-121.46616100000014,36.145747],[-121.46620800000012,36.145766999999992],[-121.46630100000013,36.14580999999999],[-121.46639100000013,36.145854],[-121.46643400000012,36.145877000000006],[-121.46647600000014,36.145900999999995],[-121.46651600000011,36.145924999999998],[-121.46655300000013,36.145951000000004],[-121.46658700000015,36.145978999999997],[-121.46661300000012,36.146003999999998],[-121.46666000000013,36.146053999999999],[-121.46668500000013,36.14607800000001],[-121.46671200000013,36.146098999999992],[-121.46675100000013,36.14612000000001],[-121.46679500000012,36.146136000000006],[-121.46684200000013,36.146149999999999],[-121.46689200000013,36.146160999999992],[-121.46694400000013,36.146169999999991],[-121.46699700000013,36.146179000000004],[-121.46710500000013,36.146192999999997],[-121.46732700000011,36.146219000000002],[-121.46810700000012,36.146305999999996],[-121.46821800000014,36.146318999999998],[-121.46827300000011,36.146326000000002],[-121.46832700000013,36.146333999999996],[-121.46838000000014,36.146343999999999],[-121.46843100000014,36.146354000000002],[-121.46848100000012,36.146366999999998],[-121.46852700000012,36.146384000000005],[-121.46856900000012,36.146403999999997],[-121.46860600000011,36.146430999999993],[-121.46863800000014,36.146461000000002],[-121.46866700000012,36.14649399999999],[-121.46869400000013,36.146529000000008],[-121.46872000000013,36.146566000000007],[-121.46876800000011,36.14664299999999],[-121.46890800000014,36.146881],[-121.46895600000012,36.146958999999995],[-121.46898100000011,36.146997000000006],[-121.46900800000012,36.147035000000002],[-121.46903600000013,36.147071999999994],[-121.46906400000015,36.147107000000005],[-121.46909500000014,36.147141999999995],[-121.46915900000013,36.147208999999989],[-121.46922500000012,36.147275],[-121.46932600000014,36.14737199999999],[-121.46939600000013,36.147435000000002],[-121.46946700000014,36.147498000000006],[-121.46950300000012,36.147528999999992],[-121.46957800000014,36.147590000000001],[-121.46969300000013,36.147679000000011],[-121.47007700000013,36.147975999999993],[-121.47015400000012,36.148035],[-121.47023300000014,36.148093000000003],[-121.47031200000013,36.148147999999999],[-121.47039200000012,36.148200000000003],[-121.47047300000011,36.148250999999995],[-121.47055600000013,36.148300999999996],[-121.47063900000013,36.148349999999994],[-121.47068100000013,36.148374000000004],[-121.47072400000015,36.148397000000003],[-121.47076900000013,36.148419999999987],[-121.47086000000012,36.148464999999995],[-121.47113800000012,36.148594999999986],[-121.47122900000012,36.148641000000005],[-121.47127400000012,36.148663999999997],[-121.47135800000012,36.148710999999992],[-121.47152500000013,36.148808000000002],[-121.47156700000011,36.148832000000006],[-121.47161000000013,36.148854],[-121.47165300000012,36.148874999999997],[-121.47169700000015,36.148894999999996],[-121.47174200000015,36.148911999999996],[-121.47178800000012,36.148925999999996],[-121.47183500000013,36.148937999999994],[-121.47188400000012,36.148947999999997],[-121.47193300000013,36.148957000000003],[-121.47203200000013,36.148971999999993],[-121.47218300000013,36.148991000000009],[-121.47258700000013,36.149038999999995],[-121.47268800000015,36.149051999999998],[-121.47278900000013,36.149065999999998],[-121.47283900000014,36.149073000000008],[-121.47294300000013,36.149090999999999],[-121.47320300000013,36.149138000000008],[-121.47330700000012,36.149154000000003],[-121.47336000000013,36.149161000000007],[-121.47341200000014,36.149165999999994],[-121.47346400000013,36.14916800000001],[-121.47351700000014,36.149168999999993],[-121.47356900000011,36.149169000000001],[-121.47362200000012,36.149168000000003],[-121.47367400000013,36.149165000000011],[-121.47377900000014,36.149157999999993],[-121.47383100000013,36.149152999999998],[-121.47388200000013,36.149147000000006],[-121.47393300000013,36.149138999999998],[-121.47398400000013,36.149129000000009],[-121.47403300000015,36.149116000000006],[-121.47408200000014,36.149101999999992],[-121.47413000000012,36.149084999999999],[-121.47417800000014,36.149068],[-121.47422500000015,36.149048999999998],[-121.47431900000014,36.14900999999999],[-121.47441100000013,36.148969000000008],[-121.47445600000013,36.148947999999997],[-121.47461700000011,36.148868],[-121.47465600000011,36.148850000000003],[-121.47469500000011,36.148834999999998],[-121.47473600000012,36.148823],[-121.47478400000014,36.148813000000004],[-121.47483300000013,36.148808000000002],[-121.47488300000012,36.148806],[-121.47493400000012,36.148806],[-121.47498600000011,36.148808000000002],[-121.47503900000012,36.148811000000009],[-121.47509100000013,36.148816000000004],[-121.47514300000013,36.148820999999998],[-121.47519500000013,36.14882699999999],[-121.47524600000013,36.148834999999984],[-121.47529500000012,36.148844000000004],[-121.47534300000014,36.14885499999999],[-121.47538800000014,36.148869999999995],[-121.47543000000012,36.148888000000007],[-121.47546600000014,36.148909999999994],[-121.47549800000013,36.148936999999997],[-121.47552600000012,36.148966999999999],[-121.47554800000013,36.148999000000003],[-121.47556500000012,36.149031999999998],[-121.47557400000014,36.149066999999995],[-121.47557600000015,36.149106000000003],[-121.47557100000012,36.149146000000002],[-121.47556200000014,36.149186999999998],[-121.47555200000012,36.149226999999996],[-121.47552700000013,36.149309000000002],[-121.47539100000012,36.149726000000001],[-121.47536100000013,36.149808000000007],[-121.47534500000015,36.149847999999992],[-121.47532800000012,36.149887],[-121.47530800000013,36.149925000000003],[-121.47528600000011,36.149962000000002],[-121.47525900000014,36.149996999999992],[-121.47522800000014,36.150029000000004],[-121.47519200000012,36.150059000000006],[-121.47515400000013,36.150088000000004],[-121.47511400000015,36.150114999999992],[-121.47507200000013,36.150142000000002],[-121.47502900000013,36.150168000000001],[-121.47485600000014,36.150269000000002],[-121.47481500000013,36.150294000000002],[-121.47477500000012,36.150319000000003],[-121.47473900000014,36.150343999999997],[-121.47470700000011,36.150368999999984],[-121.47468100000013,36.150393000000001],[-121.47466400000012,36.150416999999997],[-121.47465800000012,36.150440999999994],[-121.47466400000012,36.150462999999995],[-121.47467900000012,36.150484999999996],[-121.47470000000014,36.150506999999983],[-121.47472900000012,36.15053300000001],[-121.47476100000013,36.150560999999996],[-121.47494300000012,36.150707999999995],[-121.47498000000013,36.150739000000002],[-121.47501600000011,36.150771000000006],[-121.47505000000012,36.150803999999994],[-121.47508300000013,36.150837000000003],[-121.47511400000015,36.150871000000002],[-121.47514200000013,36.150906999999997],[-121.47517000000013,36.150942999999984],[-121.47519600000011,36.150980000000004],[-121.47524500000013,36.151054000000002],[-121.47529200000014,36.151130000000009],[-121.47533500000013,36.151206999999992],[-121.47535500000014,36.151246],[-121.47537200000012,36.151283999999997],[-121.47538900000013,36.151322999999991],[-121.47540500000012,36.151362000000006],[-121.47543400000013,36.151441999999989],[-121.47546200000012,36.151521000000002],[-121.47548800000013,36.151600999999992],[-121.47551200000011,36.151680999999989],[-121.47553300000013,36.151762999999995],[-121.47556300000011,36.151886000000005],[-121.47559000000012,36.15200999999999],[-121.47560600000013,36.152091999999996],[-121.47562100000015,36.152175],[-121.47563200000013,36.152258000000003],[-121.47564500000013,36.152383999999991],[-121.47565400000015,36.152510000000007],[-121.47565900000011,36.152594000000008],[-121.47566000000015,36.152636000000001],[-121.47566000000015,36.152723000000002],[-121.47565500000012,36.152982000000002],[-121.47565600000013,36.153068999999988],[-121.47565900000011,36.153111999999993],[-121.47566300000013,36.153153999999986],[-121.47566800000013,36.153194999999997],[-121.47567500000012,36.153237000000004],[-121.47568200000012,36.153278],[-121.47569100000014,36.153317999999999],[-121.47570100000013,36.153357999999997],[-121.47571300000013,36.153396999999998],[-121.47572700000012,36.153435000000002],[-121.47574400000015,36.153471000000003],[-121.47576500000012,36.153504999999988],[-121.47579000000012,36.153534999999984],[-121.47582200000012,36.153560999999996],[-121.47585800000013,36.153584000000002],[-121.47589900000011,36.153605000000006],[-121.47594200000013,36.15362300000001],[-121.47598700000013,36.153639999999989],[-121.47603300000014,36.153655000000001],[-121.47608100000012,36.15366800000001],[-121.47612900000014,36.153679999999987],[-121.47617700000012,36.153689],[-121.47622600000011,36.153694999999992],[-121.47627500000013,36.153697000000001],[-121.47632400000015,36.153694999999992],[-121.47637300000011,36.153689000000007],[-121.47642200000013,36.153680000000001],[-121.47647100000015,36.153668000000003],[-121.47652000000014,36.153655000000001],[-121.47656800000011,36.153641000000007],[-121.47661600000013,36.153625000000005],[-121.47666400000011,36.153607999999998],[-121.47671000000012,36.153590000000001],[-121.47675600000012,36.153570000000009],[-121.47680000000013,36.153549000000005],[-121.47684300000013,36.153524000000004],[-121.47688400000013,36.153498000000006],[-121.47692500000014,36.153469999999992],[-121.47696500000013,36.153441000000008],[-121.47704300000011,36.153382000000001],[-121.47719800000014,36.153261000000008],[-121.47723800000011,36.15323200000001],[-121.47731500000012,36.153176000000002],[-121.47739200000012,36.153123999999998],[-121.47743100000012,36.153098999999997],[-121.47747000000012,36.153075999999999],[-121.47750900000013,36.153054999999995],[-121.47754700000011,36.153036999999983],[-121.47758500000015,36.153022999999997],[-121.47762300000012,36.153015000000003],[-121.47765900000013,36.153013000000001],[-121.47769500000012,36.153019999999998],[-121.47773000000014,36.153033999999998],[-121.47776300000014,36.15305399999999],[-121.47779700000012,36.153076999999989],[-121.47783000000013,36.153103999999999],[-121.47786200000012,36.153131999999999],[-121.47789400000015,36.153162999999992],[-121.47792500000011,36.153194000000006],[-121.47795500000014,36.153225999999997],[-121.47798500000012,36.153260000000003],[-121.47801300000013,36.153293999999995],[-121.47804100000015,36.153329999999997],[-121.47806800000012,36.153366999999989],[-121.47811800000011,36.153441999999984],[-121.47816600000013,36.153517999999998],[-121.47821200000013,36.15359500000001],[-121.47825400000015,36.153671999999986],[-121.47827300000012,36.153710999999994],[-121.47829100000014,36.153749999999995],[-121.47830700000013,36.15378900000001],[-121.47832300000013,36.153829000000009],[-121.47835200000013,36.153907999999994],[-121.47850300000013,36.154345999999997],[-121.47853200000013,36.154425000000003],[-121.47856200000011,36.154504000000003],[-121.47859300000013,36.154583000000009],[-121.47861000000013,36.154621999999996],[-121.47871700000015,36.154856999999986],[-121.47873300000013,36.154896000000008],[-121.47874900000012,36.154934999999988],[-121.47876200000015,36.154975],[-121.47877300000013,36.155014999999992],[-121.47878100000011,36.155056999999992],[-121.47878600000014,36.155099],[-121.47878900000012,36.155141999999998],[-121.47879000000013,36.15518500000001],[-121.47879000000013,36.155226999999996],[-121.47878800000012,36.155270000000002],[-121.47878500000013,36.155311999999995],[-121.47877900000013,36.155352999999998],[-121.47877000000013,36.155394000000001],[-121.47875800000013,36.155432999999995],[-121.47874100000014,36.155470999999999],[-121.47871800000011,36.155507],[-121.47869100000011,36.155539999999988],[-121.47865900000012,36.155571999999999],[-121.47862600000013,36.15560399999999],[-121.47859000000012,36.155633999999999],[-121.47855300000013,36.155664000000009],[-121.47851400000013,36.15569399999999],[-121.47847500000013,36.155721999999997],[-121.47843400000012,36.155749999999998],[-121.47839200000013,36.155775999999996],[-121.47834900000011,36.15580099999999],[-121.47830400000011,36.155825],[-121.47825900000011,36.155846000000004],[-121.47821200000013,36.155866999999994],[-121.47816400000015,36.155887],[-121.47806800000012,36.155923999999992],[-121.47797000000011,36.155959000000003],[-121.47792100000012,36.155975999999995],[-121.47787200000013,36.155990999999993],[-121.47782300000011,36.156005000000007],[-121.47768300000013,36.156039],[-121.47764300000011,36.156049999999993],[-121.47761000000011,36.156062000000006],[-121.47758600000012,36.156074999999994],[-121.47757400000013,36.156089999999999],[-121.47757800000012,36.15610800000001],[-121.47759400000012,36.156126999999991],[-121.47761900000013,36.156149000000006],[-121.47765100000012,36.156170999999993],[-121.47768700000015,36.156194999999997],[-121.47785000000012,36.15629400000001],[-121.47789000000013,36.156318999999989],[-121.47792700000012,36.15634399999999],[-121.47796100000014,36.156369000000005],[-121.47798800000014,36.156393000000001],[-121.47800800000013,36.156416999999998],[-121.47801600000012,36.156439999999996],[-121.47801200000012,36.156458999999991],[-121.47799900000012,36.156475999999991],[-121.47797600000014,36.156492],[-121.47794500000015,36.156505999999993],[-121.47790900000012,36.156518000000005],[-121.47786800000011,36.156527999999994],[-121.47782000000014,36.156537999999991],[-121.47777000000013,36.156545999999999],[-121.47766400000013,36.156561000000004],[-121.47755500000012,36.156573000000002],[-121.47717200000011,36.156613000000007],[-121.47706500000012,36.15662600000001],[-121.47701300000013,36.15663399999999],[-121.47696200000013,36.156642999999995],[-121.47691200000013,36.156652999999991],[-121.47686500000012,36.156666000000001],[-121.47682200000013,36.156682000000011],[-121.47678200000013,36.156703],[-121.47674700000015,36.156728999999999],[-121.47671600000012,36.156759999999998],[-121.47668900000011,36.156793999999991],[-121.47666400000011,36.15683099999999],[-121.47664100000013,36.156868999999993],[-121.47661900000011,36.156908999999999],[-121.47659800000014,36.156948999999997],[-121.47645600000013,36.157237999999985],[-121.47641300000012,36.157319000000001],[-121.47639000000012,36.157358000000002],[-121.47636600000013,36.157395999999991],[-121.47634000000014,36.157433000000005],[-121.47631100000012,36.157467999999994],[-121.47627800000012,36.157499000000008],[-121.47624100000012,36.157526999999995],[-121.47620100000015,36.157550999999991],[-121.47615800000013,36.15757399999999],[-121.47611300000013,36.157594999999993],[-121.47606600000015,36.157614000000002],[-121.47597100000013,36.157651999999992],[-121.47553000000013,36.157815000000006],[-121.47543300000014,36.157851999999991],[-121.47533400000012,36.157892999999994],[-121.47523600000012,36.157934999999995],[-121.47513900000011,36.157978],[-121.47504200000014,36.158020999999998],[-121.47499500000013,36.158043000000006],[-121.47494800000013,36.158065999999991],[-121.47490300000013,36.158089999999994],[-121.47485900000012,36.158114000000005],[-121.47481800000011,36.158140000000003],[-121.47478000000012,36.158168000000003],[-121.47474700000012,36.158199000000003],[-121.47472000000013,36.158231999999998],[-121.47469700000012,36.158268],[-121.47467700000013,36.15830600000001],[-121.47465900000013,36.158344999999997],[-121.47460800000013,36.158464000000002],[-121.47459000000013,36.158504000000001],[-121.47457000000013,36.158541999999997],[-121.47454700000011,36.158580000000001],[-121.47451900000013,36.158616000000009],[-121.47448900000015,36.158650999999985],[-121.47445600000013,36.158683999999994],[-121.47442200000013,36.158716999999996],[-121.47434900000012,36.158780999999991],[-121.47427500000013,36.158844000000002],[-121.47412300000015,36.158968999999985],[-121.47396900000012,36.159092999999999],[-121.47389000000011,36.159152999999996],[-121.47385000000013,36.159182999999992],[-121.47381000000013,36.159210999999992],[-121.47376800000013,36.159238000000009],[-121.47372400000012,36.159264],[-121.47367900000012,36.159289000000008],[-121.47363300000013,36.159312999999997],[-121.47353900000013,36.159359000000002],[-121.47339700000012,36.159425999999996],[-121.47301500000015,36.159602],[-121.47287100000013,36.159666999999999],[-121.47277500000013,36.159708000000002],[-121.47272600000012,36.159726999999997],[-121.47267700000013,36.159744000000003],[-121.47262700000013,36.159759999999991],[-121.47257600000013,36.159771999999997],[-121.47252700000011,36.159781000000009],[-121.47247700000013,36.159788000000006],[-121.47242700000012,36.159792000000003],[-121.47222200000013,36.159805999999996],[-121.47217100000013,36.15981],[-121.47211900000013,36.159816000000006],[-121.47206800000011,36.159824],[-121.47196500000014,36.159841],[-121.47186400000012,36.159861000000006],[-121.47181300000013,36.159872],[-121.47176300000012,36.159883999999998],[-121.47171300000014,36.159897000000001],[-121.47166400000015,36.159911000000008],[-121.47161600000013,36.159925999999999],[-121.47156900000012,36.159943999999996],[-121.47152500000013,36.159962999999998],[-121.47148200000014,36.159983999999994],[-121.47144000000011,36.160006999999986],[-121.47140000000014,36.160030999999982],[-121.47136000000013,36.160055999999997],[-121.47132300000011,36.160080999999998],[-121.47128700000013,36.160107999999994],[-121.47125400000013,36.160136000000001],[-121.47122400000013,36.160164999999999],[-121.47119900000014,36.160195000000009],[-121.47118000000013,36.160226999999999],[-121.47116700000011,36.160262000000003],[-121.47116200000013,36.160299000000002],[-121.47116000000014,36.160336999999984],[-121.47116300000012,36.160375999999992],[-121.47116800000013,36.160415999999991],[-121.47117500000014,36.160455999999989],[-121.47118400000012,36.160496000000002],[-121.47119500000012,36.160536999999998],[-121.47120700000013,36.160576999999996],[-121.47122200000013,36.160615999999997],[-121.47123900000011,36.160654999999998],[-121.47126000000011,36.160693999999992],[-121.47128300000014,36.160733000000008],[-121.47130900000013,36.160770999999997],[-121.47133600000012,36.160808000000003],[-121.47136400000012,36.160844999999995],[-121.47142300000013,36.160918000000002],[-121.47145300000012,36.160952999999985],[-121.47148500000011,36.160987999999996],[-121.47151800000012,36.161021999999996],[-121.47155300000013,36.161054],[-121.47158900000012,36.161082999999998],[-121.47162600000011,36.161111999999996],[-121.47166500000012,36.161138999999999],[-121.47170400000012,36.16116499999999],[-121.47178500000014,36.161215999999996],[-121.47186800000013,36.161265999999998],[-121.47191100000012,36.161288999999989],[-121.47195400000011,36.161313],[-121.47199700000013,36.161335000000001],[-121.47204200000013,36.161357000000002],[-121.47208800000014,36.161377000000002],[-121.47218200000013,36.161417],[-121.47251300000013,36.161550999999996],[-121.47260700000012,36.16158999999999],[-121.47265400000013,36.16161000000001],[-121.47270000000015,36.161631],[-121.47274500000015,36.161652000000004],[-121.47278900000013,36.161674000000005],[-121.47283200000012,36.161698000000001],[-121.47287400000015,36.161721],[-121.47295600000014,36.161770999999987],[-121.47299600000011,36.161795999999995],[-121.47303500000012,36.161822999999991],[-121.47307300000011,36.161850000000001],[-121.47311000000013,36.161878000000002],[-121.47314400000015,36.161906999999992],[-121.47317500000014,36.161937999999999],[-121.47320300000013,36.161971999999999],[-121.47322800000015,36.162007000000003],[-121.47325100000013,36.162043999999995],[-121.47327200000011,36.162082000000005],[-121.47331100000011,36.16215900000001],[-121.47336500000013,36.162277000000003],[-121.47339900000013,36.162357],[-121.47343200000013,36.162437000000004],[-121.47346200000013,36.162515999999989],[-121.47351900000012,36.162675],[-121.47354800000011,36.162753999999993],[-121.47358000000014,36.162832000000002],[-121.47359800000012,36.162871000000003],[-121.47361800000013,36.162910000000004],[-121.47366000000012,36.162985999999997],[-121.47375000000012,36.163137999999996],[-121.47379400000011,36.163213999999996],[-121.47381500000012,36.16325299999999],[-121.47383400000012,36.163291999999977],[-121.47385200000012,36.163330000000002],[-121.47388500000012,36.16340799999999],[-121.47394500000013,36.163565999999996],[-121.47397600000012,36.163644999999995],[-121.47399300000011,36.163684000000003],[-121.47401100000013,36.16372299999999],[-121.47403000000013,36.163761999999998],[-121.47405100000014,36.163800999999992],[-121.47409500000013,36.163877999999997],[-121.47414100000015,36.163955000000009],[-121.47423400000012,36.164103000000004],[-121.47427600000015,36.164172000000008],[-121.47429300000013,36.164200999999984],[-121.47430600000013,36.164230000000011],[-121.47431500000015,36.164256999999992],[-121.47431800000012,36.164284000000002],[-121.47431100000013,36.164311999999995],[-121.47429700000015,36.164340000000003],[-121.47427900000012,36.164366999999999],[-121.47423800000011,36.164422999999992],[-121.47421900000015,36.164452999999988],[-121.47420600000012,36.164484000000002],[-121.47419800000013,36.164520000000003],[-121.47419600000013,36.164556999999995],[-121.47420000000012,36.16459600000001],[-121.47420600000012,36.164635999999987],[-121.47421400000012,36.16467699999999],[-121.47424300000013,36.164802999999992],[-121.47425100000011,36.164845],[-121.47425700000011,36.164887999999991],[-121.47426000000013,36.164930999999996],[-121.47426300000011,36.164974000000001],[-121.47426300000011,36.165016999999999],[-121.47426300000011,36.16505999999999],[-121.47426100000013,36.165101999999997],[-121.47425700000011,36.165143999999998],[-121.47425000000014,36.165184999999994],[-121.47424100000013,36.165223999999995],[-121.47422600000012,36.165261999999991],[-121.47420600000012,36.16529700000001],[-121.47417900000013,36.165328000000009],[-121.47414700000014,36.165356999999986],[-121.47410900000011,36.165385000000001],[-121.47406900000013,36.165410000000001],[-121.47402600000012,36.165434999999995],[-121.47398200000012,36.165458000000001],[-121.47393600000012,36.165481],[-121.47389000000011,36.165502999999994],[-121.47384200000013,36.165523999999998],[-121.47379400000011,36.165543999999997],[-121.47374500000012,36.165562000000001],[-121.47369700000014,36.165578000000004],[-121.47364800000013,36.16559199999999],[-121.47359800000012,36.165604999999999],[-121.47354800000011,36.16561699999999],[-121.47349800000013,36.165627999999984],[-121.47344800000012,36.165638000000001],[-121.47339800000013,36.165645999999995],[-121.47334800000013,36.165654000000011],[-121.47329800000014,36.165657999999993],[-121.47324800000013,36.165660999999993],[-121.47319900000014,36.165659000000005],[-121.47314700000013,36.165652999999992],[-121.47309600000013,36.165641999999998],[-121.47304600000014,36.165627999999998],[-121.47299600000011,36.165612000000003],[-121.47294700000012,36.165593999999992],[-121.47290000000012,36.165573999999999],[-121.47285300000013,36.16555300000001],[-121.47280900000011,36.165531000000009],[-121.47276700000013,36.165506000000001],[-121.47272900000013,36.165480000000009],[-121.47269600000013,36.165449999999993],[-121.47267100000013,36.165421000000002],[-121.47265100000013,36.165390000000002],[-121.47263200000013,36.165357999999998],[-121.47260000000013,36.165297000000002],[-121.47258300000014,36.165270999999997],[-121.47256500000015,36.165248999999989],[-121.47254400000014,36.165233999999998],[-121.47251900000013,36.16522599999999],[-121.47249100000013,36.165224999999985],[-121.47246300000012,36.165230000000001],[-121.47242100000012,36.165238999999993],[-121.47239800000011,36.165241000000002],[-121.47236900000013,36.165239],[-121.47233700000012,36.165230999999999],[-121.47230200000011,36.165219999999991],[-121.47222800000013,36.165194],[-121.47218800000013,36.165180999999997],[-121.47214700000015,36.165168999999999],[-121.47210400000013,36.165160999999991],[-121.47205700000015,36.165158000000005],[-121.47200900000013,36.165157999999998],[-121.47196000000011,36.165161999999995],[-121.47191000000012,36.165168000000001],[-121.47186100000013,36.165176000000002],[-121.47181100000013,36.165185000000001],[-121.47176300000012,36.165197000000006],[-121.47171600000011,36.165210000000002],[-121.47167100000011,36.165224000000009],[-121.47162800000012,36.165241000000009],[-121.47159000000013,36.165261999999991],[-121.47155700000013,36.165285999999995],[-121.47153200000012,36.165314000000002],[-121.47151100000012,36.165344999999995],[-121.47149500000013,36.165379999999999],[-121.47148100000013,36.165415999999993],[-121.47147000000011,36.16545399999999],[-121.47146100000013,36.165492999999998],[-121.47145300000012,36.165531999999992],[-121.47144700000013,36.16557199999999],[-121.47144300000014,36.16561200000001],[-121.47144000000011,36.165652999999999],[-121.47144000000011,36.165693999999995],[-121.47144200000012,36.165734999999998],[-121.47144600000011,36.165776000000001],[-121.47145200000011,36.165818000000002],[-121.47146700000013,36.165899999999993],[-121.47149500000013,36.166022999999996],[-121.47151500000011,36.166105000000002],[-121.47153800000012,36.166186000000003],[-121.47156400000013,36.166266],[-121.47160500000011,36.16638600000001],[-121.47174200000015,36.166784000000007],[-121.47187800000012,36.16718199999999],[-121.47192200000015,36.167301000000009],[-121.47195300000014,36.16737899999999],[-121.47197100000014,36.167417],[-121.47199100000013,36.167455000000004],[-121.47201300000012,36.167493999999976],[-121.47203800000013,36.167532000000001],[-121.47206400000012,36.167569],[-121.47209000000012,36.167605999999999],[-121.47214700000015,36.167678999999993],[-121.47220600000013,36.167750999999988],[-121.47223700000015,36.167786000000007],[-121.47226900000011,36.167820999999996],[-121.47230200000011,36.167853999999998],[-121.47233800000011,36.167887000000007],[-121.47237600000014,36.167920000000002],[-121.47241400000013,36.167950999999995],[-121.47249200000013,36.168013000000002],[-121.47265000000012,36.168137000000002],[-121.47272800000013,36.168199999999999],[-121.47276500000012,36.168231999999989],[-121.47280200000014,36.168264999999998],[-121.47287200000014,36.168334000000009],[-121.47307800000013,36.168544000000004],[-121.47314800000014,36.168613000000001],[-121.47318300000015,36.168647],[-121.47328900000012,36.168745999999999],[-121.47339800000013,36.168843999999993],[-121.47350800000012,36.168939999999999],[-121.47358300000012,36.169003000000004],[-121.47362200000012,36.169033999999996],[-121.47366100000012,36.169064000000006],[-121.47369900000012,36.169091999999992],[-121.47377800000012,36.169144999999993],[-121.47385900000015,36.169194999999995],[-121.47390100000013,36.169219999999996],[-121.47394300000015,36.169242999999994],[-121.47398500000013,36.169266],[-121.47402800000013,36.169287000000004],[-121.47407200000015,36.169307000000003],[-121.47411800000012,36.169324999999994],[-121.47416300000012,36.169340000000005],[-121.47420900000013,36.169352999999994],[-121.47425500000013,36.169364999999992],[-121.47439500000013,36.169398999999999],[-121.47444000000013,36.169411999999987],[-121.47448500000013,36.169426000000001],[-121.47452700000011,36.169443000000008],[-121.47457100000014,36.169465000000002],[-121.47461300000012,36.169489999999996],[-121.47465300000013,36.169516999999992],[-121.47469200000013,36.169545999999997],[-121.47473000000012,36.169576000000006],[-121.47476800000013,36.169606999999999],[-121.47484200000011,36.169669999999996],[-121.47513900000011,36.169929000000003],[-121.47521400000014,36.169993000000005],[-121.47529200000014,36.170056000000002],[-121.47537000000011,36.170116999999991],[-121.47541100000012,36.170147],[-121.47553000000013,36.170229999999997],[-121.47556600000013,36.170256999999985],[-121.47560000000013,36.170283999999995],[-121.47562800000011,36.170312000000003],[-121.47564800000015,36.170338999999984],[-121.47565800000014,36.170368000000003],[-121.47565600000013,36.170395999999982],[-121.47564400000013,36.170425000000009],[-121.47562400000012,36.170453999999985],[-121.47559900000013,36.170482999999997],[-121.47556900000011,36.170512000000002],[-121.47553700000013,36.17054000000001],[-121.47550100000012,36.170566000000001],[-121.47546300000012,36.17058999999999],[-121.47542200000011,36.170610999999987],[-121.47537900000012,36.170628000000001],[-121.47533100000011,36.170641000000003],[-121.47528100000012,36.17064899999999],[-121.47522900000011,36.170654999999989],[-121.47517600000013,36.170657999999996],[-121.47512200000013,36.170659000000001],[-121.47495800000014,36.17066100000001],[-121.47490300000013,36.170662000000007],[-121.47484800000011,36.170664000000002],[-121.47479300000012,36.170666999999987],[-121.47474100000012,36.170672000000003],[-121.47468900000011,36.170679],[-121.47463700000014,36.170687000000001],[-121.47458600000012,36.170695999999992],[-121.47453500000012,36.17070600000001],[-121.47448600000013,36.17071700000001],[-121.47443700000011,36.170729000000001],[-121.47439100000014,36.170741999999997],[-121.47434700000011,36.170757000000016],[-121.47430600000013,36.170774000000002],[-121.47427000000015,36.170794000000008],[-121.47424000000012,36.170817999999997],[-121.47421800000011,36.170847999999992],[-121.47420100000012,36.170882000000006],[-121.47419000000014,36.170918999999991],[-121.47418300000012,36.170957999999992],[-121.47417800000014,36.170999000000002],[-121.47417600000013,36.171039999999991],[-121.47417500000012,36.171083000000003],[-121.47417600000013,36.171124999999996],[-121.47417800000014,36.171168000000002],[-121.47418200000013,36.171211],[-121.47418900000012,36.171253999999998],[-121.47419700000013,36.171294999999994],[-121.47420700000015,36.171336000000004],[-121.47421900000015,36.171375999999995],[-121.47425500000013,36.171496999999995],[-121.47426600000013,36.171537000000001],[-121.47427600000015,36.171576999999992],[-121.47428400000013,36.171616999999983],[-121.47428900000011,36.171655999999999],[-121.47429000000012,36.17169599999999],[-121.47428700000013,36.171738999999995],[-121.47427900000012,36.171781000000003],[-121.47426800000014,36.171823999999994],[-121.47425400000013,36.171866000000001],[-121.47423900000013,36.171908999999999],[-121.47420500000011,36.171993000000008],[-121.47416900000012,36.172077999999999],[-121.47413100000013,36.172162],[-121.47401800000014,36.172393],[-121.47398100000012,36.172469999999997],[-121.47394600000013,36.172548000000006],[-121.47393100000012,36.172587],[-121.47391600000014,36.172627999999996],[-121.47390300000013,36.172669000000006],[-121.47387800000011,36.172750999999991],[-121.47385700000011,36.172832999999997],[-121.47383900000011,36.172916000000001],[-121.47383200000014,36.172957000000011],[-121.47382700000011,36.172999000000004],[-121.47382400000014,36.17304],[-121.47382400000014,36.173081000000003],[-121.47382800000013,36.173120999999995],[-121.47383400000012,36.173161],[-121.47384300000013,36.173200999999999],[-121.47385400000013,36.17324099999999],[-121.47387800000011,36.173320999999994],[-121.47391900000012,36.173439999999992],[-121.47405900000012,36.173837999999996],[-121.47430900000015,36.17455300000001],[-121.47434800000015,36.174672999999999],[-121.47437000000014,36.174752999999995],[-121.47437900000014,36.174792999999994],[-121.47438700000012,36.174833],[-121.47439200000011,36.174875999999983],[-121.47439500000013,36.174917999999998],[-121.47439700000014,36.174960999999996],[-121.47439800000011,36.175046999999999],[-121.47439500000013,36.175305000000002],[-121.47439600000013,36.175392000000002],[-121.47440100000013,36.175650999999995],[-121.47440000000012,36.175737000000005],[-121.47439900000015,36.175780000000003],[-121.47439600000013,36.175823000000001],[-121.47439200000011,36.175865000000002],[-121.47438500000014,36.175907000000002],[-121.47437700000013,36.175948999999996],[-121.47435600000013,36.176032000000006],[-121.47433200000013,36.176114999999996],[-121.47430600000013,36.176197999999999],[-121.47427800000013,36.176280999999996],[-121.47426200000014,36.176322000000006],[-121.47424600000012,36.17636199999999],[-121.47421100000014,36.176440999999997],[-121.47417400000015,36.176518999999992],[-121.47413400000013,36.176596999999994],[-121.47411300000013,36.176636000000016],[-121.47409100000012,36.176672999999994],[-121.47406800000013,36.17671],[-121.47404400000013,36.176745999999994],[-121.47401600000013,36.176780999999998],[-121.47398700000012,36.176814],[-121.47395600000011,36.176844000000003],[-121.47392500000012,36.176870000000008],[-121.47389400000013,36.176890999999983],[-121.47386300000014,36.176904],[-121.47383200000014,36.176908000000005],[-121.47380200000012,36.176901000000001],[-121.47377300000011,36.176885000000006],[-121.47374400000012,36.176860999999995],[-121.47371600000011,36.176833000000002],[-121.47368800000012,36.17680099999999],[-121.47366000000012,36.176767000000005],[-121.47360400000012,36.176693999999998],[-121.47349500000013,36.176540999999993],[-121.47341400000013,36.176425999999992],[-121.47336300000015,36.176348000000004],[-121.47333700000014,36.176308999999996],[-121.47326400000013,36.176190000000005],[-121.47305100000013,36.175833999999995],[-121.47283600000011,36.175477999999991],[-121.47279000000015,36.175398999999992],[-121.47274700000013,36.175319000000002],[-121.47272700000015,36.175279000000003],[-121.47271000000013,36.175238999999991],[-121.47269500000012,36.175197999999995],[-121.47268500000013,36.175156999999992],[-121.47267900000013,36.175115000000005],[-121.47267800000013,36.175071999999993],[-121.47267900000013,36.175029000000002],[-121.47268300000013,36.174986000000004],[-121.47269400000015,36.174897999999992],[-121.47272900000013,36.174679999999995],[-121.47273400000012,36.174637999999995],[-121.47273800000013,36.174595999999994],[-121.47274000000012,36.174554999999998],[-121.47274000000012,36.174515999999997],[-121.47273400000012,36.174478999999998],[-121.47272300000013,36.174446000000003],[-121.47270400000014,36.174417000000005],[-121.47267500000012,36.174393000000002],[-121.47263700000012,36.17437300000001],[-121.47259400000013,36.174357000000001],[-121.47254600000012,36.174343999999991],[-121.47249600000012,36.174330999999995],[-121.47234100000013,36.174296999999996],[-121.47229100000013,36.17428499999999],[-121.47224400000012,36.174271000000005],[-121.47220100000013,36.174255000000009],[-121.47216300000012,36.174234999999996],[-121.47213400000011,36.174212000000004],[-121.47211500000012,36.174182000000002],[-121.47210400000013,36.174147999999988],[-121.47210000000014,36.174109999999999],[-121.47209900000013,36.174069999999993],[-121.47210200000015,36.174029000000004],[-121.47210600000014,36.173986000000006],[-121.47212900000012,36.173810000000003],[-121.47213300000014,36.173765999999993],[-121.47213500000012,36.173721999999991],[-121.47213300000014,36.17367800000001],[-121.47212800000011,36.173634999999997],[-121.47211700000013,36.173594999999992],[-121.47210300000012,36.173554999999993],[-121.47208600000013,36.173515000000002],[-121.47206600000013,36.173475999999987],[-121.47204500000012,36.173436999999993],[-121.47202200000014,36.173397999999992],[-121.47199900000011,36.173358999999998],[-121.47195000000012,36.173282999999991],[-121.47192400000013,36.173246000000006],[-121.47189700000013,36.173209000000007],[-121.47186900000014,36.173173999999996],[-121.47183900000012,36.173138999999999],[-121.47180800000012,36.173104999999993],[-121.47178000000012,36.173077999999997],[-121.47169300000013,36.173000000000002],[-121.47166600000013,36.172972999999992],[-121.47163800000011,36.172939999999983],[-121.47161200000011,36.172904999999993],[-121.47158900000012,36.172870000000003],[-121.47156700000011,36.172833000000004],[-121.47154600000013,36.172795999999998],[-121.47152700000014,36.172757999999995],[-121.47150900000011,36.172719000000001],[-121.47149200000013,36.172680999999997],[-121.47147600000011,36.172641999999996],[-121.47146100000013,36.172601999999998],[-121.47144900000013,36.172561999999999],[-121.47143900000015,36.172522000000001],[-121.47143100000011,36.172479999999986],[-121.47142400000013,36.172438999999997],[-121.47139300000013,36.172187999999998],[-121.47138600000011,36.172147000000002],[-121.47137800000013,36.172105000000002],[-121.47136900000012,36.172065000000011],[-121.47134700000011,36.171984000000002],[-121.47129700000013,36.171825000000005],[-121.47127300000012,36.171744999999994],[-121.47126200000012,36.171703999999998],[-121.47125300000012,36.171663999999993],[-121.47124400000014,36.17162299999999],[-121.47123700000013,36.171581000000003],[-121.47122600000014,36.171497999999993],[-121.47121700000012,36.171413999999992],[-121.47120700000013,36.17128799999999],[-121.47120300000013,36.171203999999996],[-121.47120200000012,36.171117999999993],[-121.47120500000014,36.170988999999992],[-121.47121000000013,36.170903000000003],[-121.47121400000015,36.170859999999998],[-121.47121900000013,36.170818000000004],[-121.47122700000011,36.170776000000004],[-121.47123600000013,36.17073400000001],[-121.47124800000013,36.17069399999999],[-121.47126300000014,36.170654999999996],[-121.47127900000012,36.170615999999988],[-121.47129600000011,36.170576999999994],[-121.47138800000015,36.170385000000017],[-121.47140500000013,36.170345999999995],[-121.47142000000012,36.170307999999991],[-121.47143300000015,36.170271999999997],[-121.47144300000014,36.170236000000003],[-121.47145000000013,36.170200000000008],[-121.47145200000011,36.170164000000007],[-121.47144800000012,36.170125000000006],[-121.47143900000015,36.170087000000002],[-121.47142300000013,36.170045999999999],[-121.47140400000013,36.170006000000001],[-121.47138200000012,36.169967],[-121.47135800000012,36.169927000000001],[-121.47130700000012,36.169849000000006],[-121.47103600000013,36.169457000000001],[-121.47084800000012,36.16918299999999],[-121.47063500000012,36.168869000000008],[-121.47029500000012,36.168361000000004],[-121.47024200000011,36.16828300000001],[-121.47018700000012,36.16820700000001],[-121.47015800000011,36.168169999999996],[-121.47012900000013,36.168132999999997],[-121.47008800000015,36.16808799999999],[-121.47006200000011,36.168062000000006],[-121.47003400000014,36.168036999999991],[-121.46994400000014,36.167956999999994],[-121.46987700000012,36.167895999999985],[-121.46981200000012,36.167833999999992],[-121.46974900000012,36.167770999999995],[-121.46971900000014,36.167738],[-121.46969100000013,36.167705999999995],[-121.46966400000012,36.167671999999989],[-121.46963900000013,36.167636999999999],[-121.46961700000014,36.167600000000007],[-121.46959700000011,36.167561999999982],[-121.46957900000011,36.167524],[-121.46956300000012,36.167483999999995],[-121.46953200000013,36.167405000000009],[-121.46949000000012,36.167283999999988],[-121.46935200000013,36.166882000000008],[-121.46921000000013,36.166480999999997],[-121.46918300000013,36.166400999999993],[-121.46917100000013,36.166361000000009],[-121.46916100000011,36.166321000000011],[-121.46915200000014,36.166280999999998],[-121.46914700000013,36.16624199999999],[-121.46914500000013,36.166202999999996],[-121.46914900000012,36.166167000000009],[-121.46915700000012,36.166131000000007],[-121.46917000000013,36.166097000000015],[-121.46918800000012,36.166065000000003],[-121.46921400000012,36.166032999999999],[-121.46924500000011,36.166001999999985],[-121.46928100000014,36.165973999999999],[-121.46931900000013,36.165945999999998],[-121.46935800000013,36.165917999999998],[-121.46952500000013,36.165811999999995],[-121.46956600000011,36.165783999999995],[-121.46960600000013,36.165756000000002],[-121.46964700000014,36.165725000000009],[-121.46968700000011,36.165693999999995],[-121.46972600000011,36.165661999999998],[-121.46976500000011,36.165629000000003],[-121.46984100000013,36.165562999999999],[-121.46995200000013,36.165461999999998],[-121.47002500000012,36.165394000000006],[-121.47009100000012,36.16532999999999],[-121.47015500000013,36.165264999999998],[-121.47021600000012,36.165199000000001],[-121.47024500000013,36.165164999999995],[-121.47027200000014,36.165130999999988],[-121.47029600000013,36.165097000000003],[-121.47031700000014,36.165061999999992],[-121.47033400000012,36.165025],[-121.47034500000012,36.164986999999996],[-121.47035100000012,36.164946999999991],[-121.47035400000013,36.164906999999999],[-121.47035500000013,36.164866000000004],[-121.47035300000012,36.164824000000003],[-121.47035000000011,36.164783],[-121.47034600000015,36.164740999999992],[-121.47033500000013,36.164656999999991],[-121.47032000000011,36.164574999999992],[-121.47029600000013,36.164462000000007],[-121.47029000000013,36.164427000000003],[-121.47028600000014,36.164393000000004],[-121.47028600000014,36.164359999999995],[-121.47029100000013,36.16433],[-121.47030300000013,36.16430299999999],[-121.47031600000012,36.164285000000014],[-121.47033400000012,36.164269000000004],[-121.47035400000013,36.164253999999985],[-121.47040300000015,36.164219999999993],[-121.47043300000013,36.164195999999997],[-121.47046100000011,36.164169999999999],[-121.47048800000012,36.16414000000001],[-121.47051300000012,36.164109999999994],[-121.47053500000013,36.164077000000006],[-121.47055500000013,36.164043999999997],[-121.47057000000011,36.164011000000002],[-121.47058000000013,36.16397700000001],[-121.47058400000012,36.163942000000006],[-121.47057900000013,36.163906999999995],[-121.47056600000012,36.163870999999993],[-121.47054900000013,36.163834999999992],[-121.47052700000012,36.16379899999999],[-121.47050300000014,36.163763999999993],[-121.47047600000012,36.163727999999999],[-121.47042000000013,36.163657000000008],[-121.47036000000013,36.163586000000009],[-121.47033000000013,36.163551999999996],[-121.47029800000013,36.163516999999999],[-121.47026600000014,36.16348399999999],[-121.47023400000013,36.163451000000002],[-121.47019900000012,36.163419999999981],[-121.47016300000014,36.163391000000004],[-121.47012400000013,36.163364999999992],[-121.47008000000011,36.163339999999991],[-121.47003200000013,36.163319000000001],[-121.46998300000014,36.163300999999997],[-121.46993200000014,36.163283999999997],[-121.46988000000013,36.163269000000007],[-121.46982800000013,36.163255000000007],[-121.46977500000013,36.163242999999994],[-121.46972200000012,36.163233000000005],[-121.46966800000014,36.163224000000007],[-121.46961500000013,36.163218999999991],[-121.46956200000012,36.163217999999993],[-121.46951100000013,36.163222000000012],[-121.46945900000013,36.163228999999994],[-121.46940800000013,36.163240000000002],[-121.46935700000013,36.163252000000007],[-121.46930600000013,36.163266],[-121.46920400000013,36.163295999999995],[-121.46910200000013,36.163327000000002],[-121.46884800000012,36.163408999999994],[-121.46869700000013,36.16345900000001],[-121.46859700000013,36.163492999999995],[-121.46854700000013,36.163511],[-121.46845000000013,36.163550000000001],[-121.46830500000011,36.163610999999996],[-121.46806500000014,36.16371500000001],[-121.46796800000013,36.163754999999995],[-121.46791900000012,36.163774999999994],[-121.46786900000012,36.163792999999991],[-121.46782200000011,36.163809000000001],[-121.46777400000013,36.163823999999998],[-121.46772600000011,36.163837999999998],[-121.46767800000013,36.163851000000001],[-121.46763000000011,36.163862999999999],[-121.46758100000012,36.163872000000005],[-121.46753400000011,36.163878000000004],[-121.46748600000011,36.163881999999994],[-121.46744000000012,36.163879999999999],[-121.46739000000011,36.163873000000009],[-121.46734100000012,36.16386],[-121.46729400000011,36.163842000000002],[-121.46724800000014,36.163821999999989],[-121.46720400000011,36.163798999999997],[-121.46716200000013,36.163773999999997],[-121.46712400000013,36.163746999999994],[-121.46709100000012,36.163716999999998],[-121.46706400000012,36.163684000000003],[-121.46704600000012,36.163648999999992],[-121.46703400000013,36.163610999999996],[-121.46702600000012,36.163570999999997],[-121.46702200000013,36.163529999999994],[-121.46702000000012,36.163488000000001],[-121.46701900000012,36.163445000000003],[-121.46702100000013,36.163358999999993],[-121.46702500000015,36.163229999999999],[-121.46702600000012,36.163142000000001],[-121.46702500000015,36.163099000000003],[-121.46702100000013,36.163056999999995],[-121.46701600000013,36.163015999999992],[-121.46700700000012,36.162976999999991],[-121.46698600000015,36.162913999999994],[-121.46690400000013,36.16267599999999],[-121.46680700000012,36.162391999999997],[-121.46677900000014,36.162312999999997],[-121.46676300000013,36.162273999999996],[-121.46674700000011,36.162234999999995],[-121.46673000000013,36.162196999999992],[-121.46671000000015,36.162160999999998],[-121.46668800000013,36.162125000000003],[-121.46666300000011,36.162092000000008],[-121.46663200000015,36.162059000000006],[-121.46659700000014,36.162027999999999],[-121.46656000000014,36.161999000000009],[-121.46652000000013,36.161970999999994],[-121.46647900000012,36.161943999999991],[-121.46643600000013,36.161918],[-121.46634900000012,36.161867000000008],[-121.46630500000012,36.161842999999983],[-121.46626000000012,36.161819999999999],[-121.46621400000012,36.16179799999999],[-121.46616700000014,36.161777000000008],[-121.46611600000014,36.161758000000006],[-121.46606500000014,36.161739999999995],[-121.46601300000013,36.161723999999992],[-121.46590800000013,36.161693],[-121.46574700000014,36.161649999999995],[-121.46564000000011,36.161622999999999],[-121.46553400000013,36.16159900000001],[-121.46543000000013,36.161576999999994],[-121.46532700000012,36.161557000000002],[-121.46527500000012,36.161548000000003],[-121.46522300000012,36.161540000000002],[-121.46517100000011,36.161534000000003],[-121.46511900000014,36.161529000000002],[-121.46506800000014,36.161527],[-121.46501700000015,36.16152799999999],[-121.46496700000013,36.161533999999996],[-121.46491700000013,36.161543999999992],[-121.46486700000014,36.161555999999997],[-121.46481800000012,36.16156999999999],[-121.46476900000013,36.161585000000002],[-121.46472100000011,36.161602000000016],[-121.46467300000013,36.161619999999992],[-121.46462600000012,36.161637999999996],[-121.46458100000012,36.161658000000003],[-121.46453700000013,36.161678999999999],[-121.46449600000012,36.161701999999998],[-121.46445800000012,36.161726999999992],[-121.46442500000015,36.161755999999997],[-121.46439800000014,36.161786999999997],[-121.46437600000013,36.161821000000003],[-121.46435700000013,36.161858000000002],[-121.46434100000015,36.161895999999999],[-121.46432600000013,36.161934999999986],[-121.46431200000013,36.161974999999998],[-121.46430000000014,36.162014999999997],[-121.46427600000011,36.162097000000003],[-121.46424300000014,36.162221000000002],[-121.46422300000013,36.162302999999994],[-121.46419500000012,36.162426000000004],[-121.46415400000012,36.162627000000001],[-121.46413500000011,36.162706999999997],[-121.46412400000013,36.162745999999999],[-121.46411100000012,36.162785],[-121.46409600000011,36.162822999999996],[-121.46407800000011,36.162860999999992],[-121.46405900000012,36.162897999999991],[-121.46403700000013,36.162933999999993],[-121.46401400000012,36.162969999999994],[-121.46399000000012,36.163006000000003],[-121.46393900000012,36.163076000000004],[-121.46391200000012,36.163110999999994],[-121.46388400000012,36.163145000000014],[-121.46385500000012,36.163177999999995],[-121.46382500000014,36.163210999999997],[-121.46379200000014,36.163244000000006],[-121.46375700000013,36.163274999999992],[-121.46372100000013,36.163306999999996],[-121.46353600000013,36.163460000000001],[-121.46346400000013,36.163522],[-121.46343000000013,36.163555000000002],[-121.46339600000012,36.163589000000009],[-121.46336300000011,36.163623999999999],[-121.46323600000012,36.163767000000007],[-121.46320400000012,36.163803000000001],[-121.46317100000012,36.163837999999991],[-121.46313700000015,36.163871],[-121.46310100000012,36.163902999999998],[-121.46306300000013,36.163932999999993],[-121.46302000000013,36.16396000000001],[-121.46297600000011,36.163983999999999],[-121.46292900000013,36.164006999999998],[-121.46288100000012,36.16402699999999],[-121.46283200000013,36.164046999999989],[-121.46278300000014,36.164063999999996],[-121.46273200000014,36.164079000000001],[-121.46268200000011,36.164090999999992],[-121.46263100000013,36.164100000000005],[-121.46257900000012,36.164104000000009],[-121.46253300000012,36.164103000000004],[-121.46248700000011,36.164096999999998],[-121.46244000000013,36.164088999999997],[-121.46239300000012,36.164078999999994],[-121.46234600000011,36.164068],[-121.46220300000013,36.164033000000003],[-121.46215500000012,36.164022000000003],[-121.46210100000015,36.164012000000007],[-121.46204600000013,36.164003000000001],[-121.46199100000014,36.163994999999993],[-121.46193600000012,36.163988000000003],[-121.46188100000013,36.16398199999999],[-121.46182600000012,36.163977000000003],[-121.46177100000013,36.163974000000003],[-121.46171600000012,36.163971999999994],[-121.46166200000013,36.163970999999997],[-121.46160900000012,36.163974000000003],[-121.46155600000012,36.163981000000007],[-121.46150700000013,36.163991000000003],[-121.46145800000012,36.164006000000008],[-121.46141000000013,36.164021999999996],[-121.46136200000012,36.164040999999997],[-121.46126800000013,36.164081000000003],[-121.46117500000011,36.164124999999999],[-121.46089200000011,36.164256999999999],[-121.46041100000012,36.164475000000003],[-121.46026700000014,36.164540999999993],[-121.46017300000013,36.16458699999999],[-121.46012600000014,36.164611000000001],[-121.46003400000011,36.164660000000005],[-121.45989700000013,36.164735999999998],[-121.45976200000013,36.164813999999993],[-121.45967300000014,36.164866000000004],[-121.45958500000015,36.164920999999985],[-121.45949900000014,36.164975999999989],[-121.45941400000012,36.165033000000001],[-121.45903400000013,36.165291000000011],[-121.45886900000013,36.16540599999999],[-121.45859100000013,36.165602],[-121.45847000000013,36.165683999999992],[-121.45842900000012,36.165711000000002],[-121.45834100000013,36.165764999999993],[-121.45802700000014,36.16594700000001],[-121.45793900000012,36.166000999999994],[-121.45789700000013,36.166029999999999],[-121.45785600000012,36.166058999999997],[-121.45777600000011,36.166118999999988],[-121.45769800000011,36.166182000000006],[-121.45746700000011,36.166371999999996],[-121.45739100000011,36.166433999999995],[-121.45720200000014,36.166584],[-121.45689800000012,36.166821999999996],[-121.45678300000013,36.166910999999999],[-121.45670500000013,36.166967999999997],[-121.45662500000014,36.167023999999998],[-121.45658400000013,36.167051000000001],[-121.45654100000014,36.167076999999999],[-121.45649800000012,36.167101999999986],[-121.45640800000012,36.167149999999999],[-121.45627200000011,36.167218999999996],[-121.45595000000012,36.167377999999999],[-121.45581300000013,36.167447000000003],[-121.45572200000014,36.167493999999991],[-121.45563300000013,36.167541999999997],[-121.45559000000011,36.167568000000003],[-121.45554800000014,36.167593999999994],[-121.45550700000013,36.167619999999999],[-121.45542600000013,36.167675000000003],[-121.45518600000013,36.16784100000001],[-121.45510500000013,36.167894999999994],[-121.45501700000011,36.167948999999993],[-121.45492700000011,36.168001999999987],[-121.45483700000013,36.168053999999998],[-121.45461000000013,36.16818099999999],[-121.45447200000012,36.168255000000009],[-121.45415000000013,36.168427000000001],[-121.45401300000015,36.168502999999994],[-121.45396800000012,36.168528999999992],[-121.45388700000012,36.168577999999989],[-121.45380700000011,36.168627999999991],[-121.45372800000014,36.168679999999995],[-121.45365100000011,36.168731999999999],[-121.45361300000013,36.168759999999999],[-121.45357600000013,36.168787000000002],[-121.45354100000013,36.168815999999993],[-121.45350400000011,36.168847],[-121.45346900000013,36.168879999999994],[-121.45340100000011,36.168947000000003],[-121.45333500000014,36.169015000000002],[-121.45317100000013,36.169186999999994],[-121.45298000000012,36.169385000000005],[-121.45291800000011,36.169451000000009],[-121.45288700000015,36.169485000000009],[-121.45285800000013,36.169518999999994],[-121.45283100000013,36.169553999999991],[-121.45280500000013,36.169588999999995],[-121.45278000000013,36.169628999999986],[-121.45275700000013,36.169668999999992],[-121.45273600000013,36.169710000000009],[-121.45271600000012,36.169751999999995],[-121.45269800000014,36.169793999999989],[-121.45268100000011,36.169836000000004],[-121.45266600000011,36.16987799999999],[-121.45265300000014,36.169919999999998],[-121.45264300000012,36.169961999999991],[-121.45263800000012,36.170003999999999],[-121.45263800000012,36.170045000000002],[-121.45264500000013,36.170083999999996],[-121.45265700000013,36.17012299999999],[-121.45267300000013,36.170161000000007],[-121.45269100000013,36.170198999999997],[-121.45271200000013,36.170236000000003],[-121.45273500000013,36.170273000000002],[-121.45276000000013,36.170310000000008],[-121.45278600000013,36.170346000000002],[-121.45281300000013,36.170380999999992],[-121.45284300000013,36.170415000000006],[-121.45287500000012,36.170447999999993],[-121.45290900000013,36.170478000000003],[-121.45294500000011,36.170505999999996],[-121.45298300000015,36.170534000000011],[-121.45306200000012,36.170588000000002],[-121.45322100000011,36.170693],[-121.45326000000011,36.170719999999996],[-121.45329800000015,36.170748000000003],[-121.45333500000014,36.170776999999994],[-121.45337000000015,36.170806000000006],[-121.45354200000014,36.170956000000004],[-121.45357600000013,36.170985000000002],[-121.45361200000013,36.171013999999992],[-121.45364800000013,36.171042],[-121.45368600000012,36.171067999999998],[-121.45372500000012,36.171092999999999],[-121.45376400000012,36.171117000000002],[-121.45388300000013,36.171184999999994],[-121.45392000000014,36.171208],[-121.45395500000012,36.171233000000008],[-121.45398600000014,36.171258999999992],[-121.45401300000015,36.171287999999997],[-121.45403400000012,36.171320999999999],[-121.45405000000011,36.171358000000005],[-121.45406200000011,36.171396000000001],[-121.45407100000011,36.171435999999993],[-121.45407800000012,36.171475999999984],[-121.45408300000011,36.171517999999999],[-121.45410600000012,36.171771999999997],[-121.45411200000012,36.171813],[-121.45411800000012,36.17185400000001],[-121.45412700000014,36.171893999999995],[-121.45413900000013,36.171933000000003],[-121.45415500000011,36.171968999999997],[-121.45417600000013,36.172004000000008],[-121.45420500000014,36.172035000000001],[-121.45423900000011,36.172065000000003],[-121.45427800000012,36.172091999999992],[-121.45431900000013,36.17211799999999],[-121.45436200000012,36.172142999999991],[-121.45449600000015,36.172216000000006],[-121.45453900000014,36.172241000000007],[-121.45458100000012,36.172266999999991],[-121.45462100000013,36.172293999999994],[-121.45465700000013,36.172322999999992],[-121.45468900000012,36.172354999999996],[-121.45471400000011,36.172389000000003],[-121.45473400000012,36.172426999999999],[-121.45475100000013,36.172465999999993],[-121.45476500000011,36.172505999999998],[-121.45477800000015,36.172548000000006],[-121.45478900000013,36.172589999999992],[-121.45480800000013,36.17267600000001],[-121.45482600000012,36.172761999999999],[-121.45483400000013,36.172804999999997],[-121.45484100000013,36.172847999999988],[-121.45484700000013,36.172891],[-121.45485000000012,36.172932000000003],[-121.45485200000013,36.172972999999992],[-121.45484900000011,36.173012],[-121.45484200000014,36.173049999999996],[-121.45482700000014,36.173085000000007],[-121.45480500000012,36.173116000000014],[-121.45477600000014,36.173144000000001],[-121.45474200000012,36.173171000000011],[-121.45470400000012,36.173197000000009],[-121.45466400000012,36.173220999999998],[-121.45462200000013,36.173245000000009],[-121.45453500000015,36.173290999999992],[-121.45422100000013,36.173450999999993],[-121.45408700000013,36.173521999999991],[-121.45390800000014,36.17362],[-121.45355200000013,36.173818999999995],[-121.45346200000013,36.173866999999994],[-121.45341700000013,36.173889999999993],[-121.45337100000012,36.173912000000001],[-121.45332400000012,36.173932999999991],[-121.45327700000013,36.173951000000002],[-121.45322800000012,36.173966000000007],[-121.45317800000012,36.173977999999998],[-121.45312600000013,36.173985999999992],[-121.45307300000015,36.173993000000003],[-121.45302000000011,36.173996999999986],[-121.45296700000013,36.174000999999997],[-121.45285900000013,36.174005999999999],[-121.45280600000012,36.174007000000003],[-121.45275300000013,36.17400700000001],[-121.45270200000013,36.174004999999994],[-121.45265200000013,36.174002999999992],[-121.45260500000012,36.173997999999997],[-121.45256100000013,36.173988999999992],[-121.45252100000012,36.173976999999994],[-121.45248800000012,36.173958999999996],[-121.45246200000011,36.173932999999998],[-121.45244200000013,36.173901000000001],[-121.45242700000013,36.173864000000009],[-121.45241500000013,36.173823999999996],[-121.45240400000012,36.173783],[-121.45238500000015,36.173697000000004],[-121.45237400000012,36.173653999999999],[-121.45236000000013,36.173612000000006],[-121.45234400000014,36.173572999999998],[-121.45232500000013,36.173535999999999],[-121.45230400000013,36.173501999999999],[-121.45228000000013,36.173470999999992],[-121.45225400000014,36.173445000000008],[-121.45222600000012,36.173424999999995],[-121.45219400000012,36.173413999999994],[-121.45216000000015,36.173411999999999],[-121.45212200000012,36.173417999999998],[-121.45208200000015,36.173430000000003],[-121.45204100000014,36.173445999999998],[-121.45199900000011,36.173465],[-121.45182700000012,36.173549999999999],[-121.45178400000013,36.173570000000005],[-121.45174200000012,36.173586],[-121.45170100000014,36.173599000000003],[-121.45166000000013,36.173606999999997],[-121.45162100000013,36.17360699999999],[-121.45158500000011,36.173598000000005],[-121.45155000000013,36.173583000000008],[-121.45151700000012,36.173561999999997],[-121.45148400000012,36.173538000000008],[-121.45145100000013,36.173510999999998],[-121.45135000000012,36.173421999999995],[-121.45131500000011,36.173392999999997],[-121.45127800000012,36.173363999999992],[-121.45124000000013,36.173335000000002],[-121.45120100000011,36.173307999999984],[-121.45116200000011,36.173281000000003],[-121.45112100000013,36.173254999999997],[-121.45108100000013,36.173231000000001],[-121.45103900000011,36.173208000000002],[-121.45099700000013,36.173187000000006],[-121.45095400000014,36.173169000000001],[-121.45091100000015,36.173155000000008],[-121.45086600000015,36.173146999999993],[-121.45082000000011,36.173144000000001],[-121.45077300000013,36.173146000000003],[-121.45072500000015,36.173152000000002],[-121.45067600000013,36.173161000000007],[-121.45062800000012,36.173172999999984],[-121.45057900000013,36.173186000000001],[-121.45053000000014,36.173200000000008],[-121.45048100000012,36.173215999999989],[-121.45043300000013,36.173231999999999],[-121.45038600000012,36.173249999999996],[-121.45034000000012,36.173270000000002],[-121.45029500000012,36.173291999999975],[-121.45025000000012,36.173316999999997],[-121.45020700000013,36.173345000000005],[-121.45016500000011,36.173374000000017],[-121.45012500000014,36.173403999999998],[-121.45008600000014,36.173435999999995],[-121.45004800000011,36.173466999999988],[-121.45001100000012,36.17349999999999],[-121.44997700000013,36.173532999999992],[-121.44994500000014,36.173566000000001],[-121.44991800000014,36.173600999999998],[-121.44989600000012,36.173635999999995],[-121.44988200000012,36.173671999999996],[-121.44987700000013,36.173707999999998],[-121.44987900000014,36.173744999999997],[-121.44988600000013,36.173783],[-121.44989700000012,36.173821000000004],[-121.44991100000013,36.173858999999993],[-121.44992800000013,36.173897999999994],[-121.44994600000011,36.173936999999995],[-121.44996600000012,36.173974999999999],[-121.44998700000012,36.174012000000005],[-121.45001100000012,36.174048999999989],[-121.45003600000011,36.174084999999998],[-121.45006500000014,36.174118],[-121.45009700000013,36.174150000000004],[-121.45013200000011,36.174179000000017],[-121.45016900000013,36.174207000000003],[-121.45020800000013,36.174233999999998],[-121.45024700000013,36.174260000000004],[-121.45028800000013,36.174286000000002],[-121.45033000000011,36.174309999999991],[-121.45037200000013,36.174332999999997],[-121.45041500000013,36.174355000000006],[-121.45046000000013,36.174375999999995],[-121.45050500000013,36.174393999999992],[-121.45055300000013,36.174410999999999],[-121.45060300000011,36.174424999999992],[-121.45065300000014,36.174438000000002],[-121.45075600000011,36.174461000000001],[-121.45106800000012,36.174523000000001],[-121.45122100000012,36.174556000000003],[-121.45132200000013,36.174579999999999],[-121.45142300000013,36.174604000000002],[-121.45152200000011,36.174630000000008],[-121.45157100000013,36.174643999999979],[-121.45161800000011,36.174659999999996],[-121.45166400000012,36.174675999999991],[-121.45170700000014,36.174695999999997],[-121.45174800000012,36.174718000000006],[-121.45178700000012,36.174743999999997],[-121.45182300000013,36.174773999999999],[-121.45185700000015,36.174805999999997],[-121.45188900000012,36.174840000000003],[-121.45192000000014,36.174875],[-121.45195000000012,36.17490999999999],[-121.45200900000013,36.17498299999999],[-121.45209600000013,36.175093999999994],[-121.45218100000012,36.175205999999996],[-121.45251400000012,36.175654000000002],[-121.45259900000012,36.175766000000003],[-121.45265700000013,36.175839000000003],[-121.45268700000011,36.175873999999993],[-121.45271800000013,36.175909000000004],[-121.45275000000011,36.175943000000004],[-121.45278500000012,36.175975999999999],[-121.45282200000011,36.176006000000001],[-121.45286100000011,36.176034999999992],[-121.45290100000013,36.176062000000002],[-121.45294200000014,36.176088999999997],[-121.45298400000011,36.176115999999993],[-121.45307000000012,36.176167],[-121.45333100000015,36.17631999999999],[-121.45341600000012,36.176372000000008],[-121.45345700000013,36.176397999999999],[-121.45349700000014,36.176425999999999],[-121.45353500000013,36.176453999999993],[-121.45357000000013,36.176484000000002],[-121.45360200000012,36.176515999999999],[-121.45363100000013,36.176552000000001],[-121.45365600000014,36.176589],[-121.45367800000011,36.176629000000005],[-121.45369900000013,36.176668999999997],[-121.45371800000012,36.176709999999986],[-121.45375400000013,36.176793000000004],[-121.45383900000012,36.177005000000001],[-121.45389200000012,36.177131000000003],[-121.45391100000012,36.177173000000003],[-121.45393100000013,36.177213999999999],[-121.45395200000013,36.177255000000002],[-121.45397500000011,36.177294000000003],[-121.45402300000013,36.177370999999994],[-121.45410200000013,36.177483999999993],[-121.45421000000013,36.177633999999991],[-121.45448500000013,36.178009000000003],[-121.45453700000013,36.178083999999998],[-121.45456100000013,36.178122000000009],[-121.45458300000013,36.178159000000001],[-121.45460300000013,36.178196],[-121.45461800000012,36.178232999999992],[-121.45462700000013,36.178270000000005],[-121.45462900000014,36.178305999999999],[-121.45462200000013,36.178340999999996],[-121.45460700000012,36.178375999999993],[-121.45458600000015,36.178410999999997],[-121.45456100000013,36.178445000000004],[-121.45453400000012,36.17848],[-121.45450400000013,36.178514],[-121.45447300000014,36.178547999999992],[-121.45440900000013,36.17861700000001],[-121.45421100000014,36.178822000000004],[-121.45411700000012,36.178922],[-121.45390000000013,36.179156999999989],[-121.45380800000012,36.179257999999997],[-121.45374600000014,36.179327999999998],[-121.45346000000015,36.179655999999994],[-121.45339700000012,36.179728999999995],[-121.45336700000013,36.179766000000001],[-121.45333800000012,36.179803],[-121.45331000000014,36.179839999999999],[-121.45328500000011,36.179878000000002],[-121.45326400000013,36.179914999999994],[-121.45324700000015,36.179953999999988],[-121.45323600000012,36.179992999999996],[-121.45323400000012,36.180029999999995],[-121.45323800000013,36.180069000000003],[-121.45324600000011,36.180106999999992],[-121.45325800000013,36.180146000000001],[-121.45327300000012,36.18018399999999],[-121.45329000000014,36.180222999999991],[-121.45330900000013,36.180260000000004],[-121.45333000000011,36.18029700000001],[-121.45335300000013,36.180332],[-121.45337800000013,36.180364999999995],[-121.45340700000011,36.180395000000004],[-121.45344000000011,36.180422000000007],[-121.45347800000015,36.18044299999999],[-121.45352100000014,36.180461000000008],[-121.45356700000013,36.180476000000006],[-121.45361600000012,36.180488000000004],[-121.45366500000011,36.180498999999998],[-121.45371600000014,36.180507999999996],[-121.45376800000011,36.180516000000004],[-121.45382000000012,36.180523000000001],[-121.45387200000012,36.180529],[-121.45392500000013,36.180532999999997],[-121.45397700000012,36.180534999999999],[-121.45403000000013,36.180533999999994],[-121.45408100000013,36.180531000000002],[-121.45413300000014,36.180525000000003],[-121.45418400000013,36.180516999999995],[-121.45423600000014,36.180507999999996],[-121.45428700000014,36.180497999999993],[-121.45438900000013,36.180477000000003],[-121.45459400000013,36.180431999999996],[-121.45469600000013,36.18041199999999],[-121.45474700000013,36.180402000000001],[-121.45485000000012,36.180385000000001],[-121.45495300000012,36.180369000000006],[-121.45505600000011,36.180354999999999],[-121.45515900000012,36.180343999999991],[-121.45521000000012,36.180338999999989],[-121.45526100000012,36.18033599999999],[-121.45531100000011,36.18033599999999],[-121.45536100000012,36.180336999999994],[-121.45541000000011,36.180339999999994],[-121.45545700000012,36.18034699999999],[-121.45550400000013,36.180356999999994],[-121.45554900000013,36.180370000000003],[-121.45559200000012,36.180386999999996],[-121.45563400000015,36.180406000000005],[-121.45567500000013,36.180427999999992],[-121.45571600000014,36.180450999999998],[-121.45575500000014,36.180475000000001],[-121.45579400000014,36.180501],[-121.45583100000013,36.180526999999998],[-121.45587000000013,36.180556999999993],[-121.45590700000012,36.180586999999996],[-121.45594400000012,36.180618000000003],[-121.45601500000012,36.180682000000012],[-121.45619100000013,36.180844],[-121.45632900000011,36.180974999999997],[-121.45639600000013,36.181041],[-121.45646000000012,36.181108999999992],[-121.45652200000013,36.181177999999996],[-121.45661100000011,36.181283000000001],[-121.45675800000014,36.181458999999997],[-121.45684300000013,36.181564999999999],[-121.45689800000012,36.181636999999995],[-121.45692300000012,36.181673000000004],[-121.45694600000014,36.18171000000001],[-121.45696400000013,36.181741000000002],[-121.45697900000015,36.181773000000014],[-121.45699100000014,36.181804999999997],[-121.45700200000013,36.181845999999993],[-121.45700900000013,36.181887000000003],[-121.45701300000012,36.181928999999997],[-121.45703500000013,36.18218199999999],[-121.45705600000011,36.182392999999998],[-121.45707600000011,36.182561999999983],[-121.45711200000014,36.182816000000003],[-121.45714400000013,36.183027999999993],[-121.45716700000013,36.183152000000007],[-121.45720100000013,36.183314999999993],[-121.45722000000012,36.183396999999999],[-121.45724000000013,36.183478000000001],[-121.45725100000013,36.183518999999997],[-121.45727400000014,36.183599000000001],[-121.45731400000011,36.183718000000006],[-121.45756100000013,36.18443400000001],[-121.45776500000012,36.185030999999995],[-121.45780900000011,36.185150000000007],[-121.45784100000014,36.185228000000009],[-121.45785800000013,36.185265999999999],[-121.45787800000014,36.185304999999993],[-121.45789900000011,36.185344000000008],[-121.45794300000014,36.185420000000008],[-121.45801300000014,36.185533],[-121.45806300000012,36.185606999999997],[-121.45811500000013,36.185679999999998],[-121.45814400000015,36.18571699999999],[-121.45817400000013,36.185755000000007],[-121.45823700000012,36.185827999999994],[-121.45833400000014,36.185935000000001],[-121.45840100000011,36.186005999999999],[-121.45843500000012,36.186040000000006],[-121.45847100000013,36.186073],[-121.45850800000014,36.186106000000002],[-121.45854200000011,36.186132999999998],[-121.45857600000012,36.186160000000008],[-121.45868200000014,36.18623800000001],[-121.45871700000012,36.186264999999999],[-121.45875000000012,36.186291999999995],[-121.45878700000014,36.186323999999999],[-121.45882200000013,36.186358000000006],[-121.45888900000014,36.18642599999999],[-121.45895400000013,36.186495999999998],[-121.45908200000011,36.186638000000009],[-121.45914700000014,36.186708000000003],[-121.45918100000011,36.186742999999993],[-121.45921500000013,36.186776999999992],[-121.45925100000012,36.186810999999999],[-121.45932700000014,36.186877000000003],[-121.45940400000013,36.186942000000009],[-121.45952100000011,36.187036999999997],[-121.45979800000015,36.187259999999995],[-121.45991500000012,36.187356000000008],[-121.45999000000013,36.187421999999998],[-121.46002600000013,36.187455],[-121.46006000000014,36.18748999999999],[-121.46009100000013,36.187525999999998],[-121.46011900000013,36.187562],[-121.46014400000014,36.187600000000018],[-121.46016800000012,36.18763899999999],[-121.46021200000013,36.187717000000006],[-121.46025400000013,36.187798000000001],[-121.46029500000013,36.187877999999998],[-121.46037500000013,36.188040999999998],[-121.46041200000013,36.188120999999995],[-121.46042900000015,36.188161999999991],[-121.46044500000013,36.18820199999999],[-121.46045800000013,36.188242000000002],[-121.46046700000012,36.188281000000003],[-121.46047300000012,36.188320000000004],[-121.46047200000011,36.188358999999991],[-121.46046500000013,36.188392999999998],[-121.46045300000014,36.188426999999997],[-121.46043800000012,36.18846099999999],[-121.46040600000013,36.188527999999998],[-121.46039200000013,36.188561999999997],[-121.46038200000011,36.188594999999992],[-121.46037600000011,36.188628999999999],[-121.46037700000012,36.188665000000007],[-121.46038400000015,36.188701000000002],[-121.46039400000014,36.188737000000003],[-121.46041600000012,36.188807999999995],[-121.46042400000013,36.188842000000008],[-121.46042800000012,36.188876],[-121.46042400000013,36.188909000000002],[-121.46041100000012,36.188939999999995],[-121.46039100000012,36.188969999999998],[-121.46036500000012,36.188999999999993],[-121.46033400000013,36.189031],[-121.46030000000015,36.189062],[-121.46026400000012,36.18909399999999],[-121.46011200000011,36.189219999999992],[-121.46003600000014,36.189285000000005],[-121.45999900000012,36.18931899999999],[-121.45996400000014,36.189352999999983],[-121.45993000000013,36.189388000000001],[-121.45989900000011,36.189424000000002],[-121.45987000000012,36.189460999999994],[-121.45984300000015,36.189498999999991],[-121.45981700000011,36.189536999999994],[-121.45979200000012,36.189576000000002],[-121.45976900000014,36.189616000000001],[-121.45974700000012,36.189655000000009],[-121.45972700000011,36.189694999999993],[-121.45971100000013,36.189734999999999],[-121.45969800000013,36.189776000000002],[-121.45969000000012,36.189816000000008],[-121.45968800000011,36.189855999999999],[-121.45969100000012,36.18989599999999],[-121.45969700000012,36.189935999999996],[-121.45970600000014,36.189976000000001],[-121.45971700000013,36.190016999999997],[-121.45974200000012,36.190097999999999],[-121.45977200000011,36.190177999999996],[-121.45978800000013,36.190217999999994],[-121.45980500000012,36.190258],[-121.45982300000014,36.190298000000006],[-121.45984300000015,36.190336999999992],[-121.45986600000013,36.190375999999993],[-121.45989100000013,36.190414000000004],[-121.45991800000013,36.190452000000001],[-121.45994500000013,36.19048999999999],[-121.45997400000013,36.190527000000003],[-121.46000300000014,36.190562999999997],[-121.46003400000011,36.190598000000001],[-121.46006600000014,36.190633000000005],[-121.46009900000014,36.190666],[-121.46013500000012,36.190696999999993],[-121.46017300000013,36.190726000000005],[-121.46021300000012,36.190749999999994],[-121.46025600000011,36.190770999999998],[-121.46030000000015,36.190790000000007],[-121.46034500000015,36.190807],[-121.46039100000012,36.190822999999995],[-121.46043700000013,36.190835999999997],[-121.46048200000013,36.190846999999998],[-121.46052700000013,36.190854999999999],[-121.46057000000015,36.190858999999996],[-121.46061000000012,36.190857999999999],[-121.46064700000012,36.190850999999995],[-121.46068300000013,36.190834000000002],[-121.46071500000014,36.190809999999999],[-121.46074400000015,36.190781000000001],[-121.46077200000012,36.190748000000006],[-121.46079900000014,36.190711999999984],[-121.46087700000014,36.190598000000001],[-121.46090400000014,36.190560000000005],[-121.46093300000013,36.190522000000001],[-121.46096300000015,36.190485999999993],[-121.46099500000011,36.190452000000001],[-121.46103000000012,36.190419000000006],[-121.46106600000012,36.190388000000006],[-121.46110300000011,36.190358000000003],[-121.46114100000014,36.190328000000001],[-121.46117900000013,36.190298999999996],[-121.46121900000014,36.190271000000003],[-121.46125900000011,36.190245000000004],[-121.46130000000012,36.190219999999982],[-121.46134200000014,36.190198000000017],[-121.46138500000013,36.190178000000003],[-121.46143000000014,36.190163000000005],[-121.46146000000013,36.190156000000002],[-121.46149200000012,36.190151],[-121.46154200000012,36.190147999999986],[-121.46159200000011,36.190150000000003],[-121.46164400000013,36.19015499999999],[-121.46169600000015,36.190162999999998],[-121.46174900000013,36.190171999999997],[-121.46180200000013,36.19018299999999],[-121.46190700000014,36.190204999999999],[-121.46233200000013,36.190300999999998],[-121.46275500000013,36.190393999999984],[-121.46286100000015,36.190417999999994],[-121.46296500000012,36.190443999999985],[-121.46301700000012,36.190456999999995],[-121.46306800000015,36.190472],[-121.46311800000011,36.190487999999995],[-121.46316800000014,36.190505999999992],[-121.46321600000012,36.190525999999998],[-121.46326400000014,36.190546000000012],[-121.46331200000012,36.190567000000001],[-121.46340600000013,36.190610999999997],[-121.46354700000013,36.190678999999996],[-121.46415600000012,36.190972999999985],[-121.46453100000014,36.191153999999983],[-121.46481000000014,36.19128400000001],[-121.46522800000011,36.191477999999996],[-121.46536700000013,36.191542999999996],[-121.46545700000013,36.191587999999996],[-121.46550000000015,36.191611999999985],[-121.46554200000013,36.191637],[-121.46558200000011,36.191663999999989],[-121.46562000000013,36.191692000000003],[-121.46565400000011,36.191722999999989],[-121.46568500000011,36.191755999999998],[-121.46571500000013,36.191791000000009],[-121.46577000000015,36.191861999999993],[-121.46585000000013,36.191970000000005],[-121.46587800000013,36.192005000000009],[-121.46590600000012,36.192038999999994],[-121.46593500000013,36.192070999999999],[-121.46596600000014,36.192101000000008],[-121.46602000000014,36.192148000000003],[-121.46604500000011,36.192171999999992],[-121.46607200000011,36.192202999999999],[-121.46609600000011,36.192236999999999],[-121.46611800000012,36.192274000000005],[-121.46613800000013,36.192311999999994],[-121.46615600000011,36.192349999999998],[-121.46619100000012,36.192430000000002],[-121.46624000000011,36.192552999999997],[-121.46638400000013,36.19292500000001],[-121.46641700000013,36.193006999999994],[-121.46645000000011,36.193088999999993],[-121.46648700000013,36.193169999999988],[-121.46650600000012,36.193210000000001],[-121.46652700000013,36.193249000000009],[-121.46655000000013,36.19328800000001],[-121.46657400000012,36.193325999999985],[-121.46660000000011,36.193363999999988],[-121.46665200000012,36.193438999999991],[-121.46673400000014,36.193550999999999],[-121.46701100000011,36.193921999999993],[-121.46711900000014,36.194071000000001],[-121.46717100000011,36.194147000000008],[-121.46719500000013,36.194184999999997],[-121.46733700000013,36.194411999999993],[-121.46738500000012,36.194488],[-121.46741100000011,36.194524999999999],[-121.46743800000013,36.194561],[-121.46746700000014,36.19459599999999],[-121.46749800000013,36.194629999999997],[-121.46753100000011,36.194662999999998],[-121.46756500000012,36.194695000000003],[-121.46760100000013,36.194726000000003],[-121.46763700000012,36.194755999999998],[-121.46767500000011,36.19478500000001],[-121.46771300000015,36.194813000000011],[-121.46775200000015,36.194839999999978],[-121.46779300000013,36.194863999999995],[-121.46783500000012,36.194886000000004],[-121.46787900000011,36.194902999999989],[-121.46792700000012,36.194915999999999],[-121.46797700000015,36.194926000000002],[-121.46802800000015,36.194932000000009],[-121.46808000000011,36.194937000000003],[-121.46813300000012,36.194940000000003],[-121.46818600000013,36.19494199999999],[-121.46840100000014,36.194947000000006],[-121.46849600000013,36.194950999999996],[-121.46853700000011,36.194954999999993],[-121.46858800000011,36.194962999999994],[-121.46863800000014,36.194972999999997],[-121.46868800000013,36.194986],[-121.46873800000013,36.194999999999993],[-121.46883700000014,36.195031],[-121.46893500000014,36.195064000000009],[-121.46927900000013,36.195185000000009],[-121.46937700000014,36.19521799999999],[-121.46947700000013,36.195248999999997],[-121.46952700000014,36.19526299999999],[-121.46957700000013,36.195276],[-121.46962800000013,36.195287],[-121.46967700000012,36.195295999999999],[-121.46972700000015,36.195304000000007],[-121.46987400000013,36.195324999999997],[-121.46992200000012,36.195332999999991],[-121.46996900000013,36.195343000000001],[-121.47001400000013,36.195354999999992],[-121.47005600000011,36.195371000000002],[-121.47009600000013,36.195390999999994],[-121.47013300000015,36.19541499999999],[-121.47016900000013,36.195442],[-121.47020300000011,36.195470999999998],[-121.47023600000011,36.195501000000007],[-121.47026800000015,36.19553299999999],[-121.47036600000013,36.195627999999999],[-121.47040000000013,36.195658999999992],[-121.47043400000011,36.195689999999992],[-121.47047100000013,36.195721000000006],[-121.47050900000013,36.195751000000008],[-121.47058700000014,36.19580999999998],[-121.47066600000011,36.195866999999986],[-121.47099000000013,36.196092],[-121.47111000000011,36.196176999999999],[-121.47118800000011,36.196234999999994],[-121.47126400000013,36.196296999999987],[-121.47133800000013,36.196359999999984],[-121.47144700000013,36.196455],[-121.47170200000011,36.196679999999994],[-121.47181000000013,36.196775999999993],[-121.47187900000013,36.196842000000004],[-121.47191300000013,36.196875000000006],[-121.47194400000014,36.196908999999991],[-121.47197400000012,36.196944000000002],[-121.47200100000012,36.196980000000011],[-121.47202400000015,36.197018],[-121.47204400000011,36.197057000000001],[-121.47206200000011,36.197095999999995],[-121.47207900000012,36.197136999999998],[-121.47210900000012,36.197219000000004],[-121.47213700000013,36.197302000000008],[-121.47217600000013,36.197427000000005],[-121.47221500000013,36.197553000000006],[-121.47223900000013,36.197637999999998],[-121.47226100000013,36.197723000000003],[-121.47227100000012,36.197766999999999],[-121.47231600000012,36.197986],[-121.47232600000011,36.198028000000001],[-121.47233800000011,36.198068999999997],[-121.47235200000014,36.198107000000007],[-121.47237000000014,36.198143000000002],[-121.47239100000014,36.198173999999995],[-121.47241900000013,36.198200000000007],[-121.47245300000013,36.198217000000014],[-121.47249300000014,36.198228999999991],[-121.47253600000013,36.19823499999999],[-121.47258200000013,36.198237999999996],[-121.47263000000012,36.198236999999999],[-121.47267900000013,36.198233000000002],[-121.47272700000015,36.198225000000008],[-121.47277300000012,36.198212999999988],[-121.47281900000013,36.198197999999998],[-121.47286400000013,36.198182000000003],[-121.47290900000013,36.198162999999987],[-121.47304300000012,36.198105999999996],[-121.47308900000013,36.198087999999998],[-121.47313700000011,36.198069999999994],[-121.47323600000013,36.198034999999983],[-121.47333500000013,36.19800399999999],[-121.47343500000012,36.197973999999988],[-121.47353600000011,36.197946999999992],[-121.47358600000014,36.197933999999997],[-121.47363700000012,36.197921999999998],[-121.47368800000012,36.197912000000009],[-121.47373900000012,36.197903000000004],[-121.47379100000013,36.19789699999999],[-121.47384200000013,36.197892999999993],[-121.47389400000013,36.197892000000003],[-121.47394700000011,36.19789200000001],[-121.47415400000011,36.19789699999999],[-121.47420500000011,36.197896],[-121.47425400000013,36.197893999999998],[-121.47430200000011,36.197890000000001],[-121.47434800000015,36.197881999999993],[-121.47439000000013,36.197868999999997],[-121.47443000000014,36.197850000000003],[-121.47446700000013,36.197825000000002],[-121.47450100000013,36.197797000000001],[-121.47453500000012,36.197766999999999],[-121.47456800000012,36.197733999999997],[-121.47460100000012,36.19769999999999],[-121.47470000000014,36.197595999999997],[-121.47476700000013,36.197527999999998],[-121.47480100000013,36.197496000000001],[-121.47483600000011,36.197467000000003],[-121.47487300000013,36.197440999999991],[-121.47491100000013,36.197420000000001],[-121.47495200000014,36.197405000000003],[-121.47499100000014,36.197397999999993],[-121.47503100000012,36.197395999999991],[-121.47507300000011,36.197398000000007],[-121.47511600000013,36.197403000000008],[-121.47516300000014,36.197412000000007],[-121.47521000000015,36.197421999999996],[-121.47535600000013,36.197455999999995],[-121.47540500000012,36.197467000000003],[-121.47545800000013,36.197476999999999],[-121.47556500000012,36.197494999999996],[-121.47578100000014,36.197525999999989],[-121.47583400000015,36.197535000000002],[-121.47588600000012,36.197545000000005],[-121.47593600000013,36.197555999999999],[-121.47603700000013,36.197578999999998],[-121.47608600000012,36.197591999999993],[-121.47613500000014,36.19760500000001],[-121.47618300000012,36.19761900000001],[-121.47622900000013,36.197634000000001],[-121.47627400000013,36.197650999999993],[-121.47631600000011,36.197668999999991],[-121.47635500000011,36.197690999999992],[-121.47639000000012,36.197714999999995],[-121.47641900000013,36.197743999999993],[-121.47644300000013,36.197775999999998],[-121.47646500000015,36.197811000000002],[-121.47648500000012,36.197847000000003],[-121.47654300000015,36.19795899999999],[-121.47656400000012,36.197994999999992],[-121.47658800000015,36.198031],[-121.47661700000013,36.19806599999999],[-121.47664900000014,36.198098999999999],[-121.47668300000011,36.198132000000001],[-121.47671900000013,36.198162999999987],[-121.47675700000012,36.198194000000001],[-121.47679600000014,36.198224000000003],[-121.47683600000013,36.198252999999994],[-121.47687600000015,36.198281999999985],[-121.47691700000013,36.198309000000002],[-121.47696000000015,36.198336000000012],[-121.47700300000014,36.198360999999998],[-121.47704800000014,36.198385000000002],[-121.47709100000013,36.198404999999994],[-121.47713500000012,36.198423999999996],[-121.47722300000011,36.19845999999999],[-121.47726400000012,36.198478000000001],[-121.47730300000012,36.198496999999996],[-121.47733900000014,36.19851700000001],[-121.47736900000012,36.198540000000001],[-121.47739300000012,36.198565999999985],[-121.47740800000012,36.198595000000005],[-121.47741500000014,36.198627999999999],[-121.47741800000011,36.198664000000008],[-121.47741700000014,36.198701],[-121.47741300000013,36.198740000000001],[-121.47739700000011,36.198859000000006],[-121.47739300000012,36.198899999999995],[-121.47739200000012,36.19894],[-121.47739400000013,36.198979999999999],[-121.47740000000013,36.199018000000009],[-121.47741000000013,36.199055000000008],[-121.47742300000014,36.199089999999998],[-121.47744000000013,36.199125000000002],[-121.47746100000013,36.199157],[-121.47748500000013,36.199187000000002],[-121.47751500000012,36.199213999999998],[-121.47755100000013,36.199237000000004],[-121.47759200000012,36.19925700000001],[-121.47763600000015,36.199274000000003],[-121.47768300000013,36.199289],[-121.47773100000013,36.199303999999991],[-121.47792300000013,36.199355000000004],[-121.47796700000013,36.199368],[-121.47800600000014,36.199382],[-121.47804000000011,36.199397999999995],[-121.47806500000013,36.199415000000009],[-121.47807900000011,36.199434000000004],[-121.47808000000015,36.199454999999986],[-121.47807100000013,36.199477999999992],[-121.47805300000013,36.199501999999995],[-121.47802900000015,36.199526000000006],[-121.47800000000014,36.199551000000007],[-121.47796700000013,36.199573999999998],[-121.47793100000011,36.199595000000002],[-121.47789100000013,36.199613999999997],[-121.47784600000013,36.199629999999999],[-121.47779800000015,36.199643000000002],[-121.47774800000013,36.199652999999998],[-121.47769700000013,36.199661999999989],[-121.47764600000014,36.199666999999991],[-121.47759400000012,36.199670999999995],[-121.47754200000013,36.199672999999997],[-121.47749100000013,36.199672],[-121.47744000000013,36.199666999999984],[-121.47739200000012,36.199658000000007],[-121.47734400000013,36.199647000000006],[-121.47729800000013,36.199632999999999],[-121.47725200000012,36.199616999999996],[-121.47720600000012,36.199598999999992],[-121.47716100000012,36.19957999999999],[-121.47711300000013,36.199558000000003],[-121.47701900000013,36.199511000000001],[-121.47687900000012,36.199439999999996],[-121.47683200000012,36.199415999999992],[-121.47678500000013,36.199395000000003],[-121.47673700000013,36.199373999999999],[-121.47668800000014,36.199355999999995],[-121.47663800000011,36.199340999999983],[-121.47658800000015,36.19933000000001],[-121.47653700000012,36.199322000000009],[-121.47648400000011,36.19931600000001],[-121.47643100000013,36.199311999999999],[-121.47637800000012,36.199309],[-121.47632400000015,36.199308000000009],[-121.47627100000011,36.199308000000009],[-121.47621700000013,36.199309000000007],[-121.47616400000013,36.199311999999999],[-121.47611200000011,36.199317000000001],[-121.47606000000012,36.199325000000009],[-121.47601000000013,36.199335000000005],[-121.47596100000014,36.199347999999993],[-121.47591200000012,36.199362999999984],[-121.47586300000013,36.199380000000005],[-121.47576700000013,36.199415000000002],[-121.47572000000012,36.199433999999997],[-121.47562500000014,36.19947299999999],[-121.47553100000015,36.199513000000003],[-121.47548400000014,36.199534000000007],[-121.47539100000012,36.199579],[-121.47534500000015,36.199601999999999],[-121.47530000000015,36.19962499999999],[-121.47525700000013,36.199649000000001],[-121.47521500000013,36.199674000000002],[-121.47517600000013,36.199700000000007],[-121.47514000000012,36.199726999999996],[-121.47510800000012,36.199756000000001],[-121.47508300000013,36.199787999999991],[-121.47506500000013,36.199823000000002],[-121.47505300000013,36.199860999999999],[-121.47504600000013,36.1999],[-121.47504100000013,36.199941000000003],[-121.47503900000012,36.199982999999996],[-121.47503600000015,36.200111],[-121.47503300000012,36.200153999999991],[-121.47502800000011,36.200196000000005],[-121.47502000000013,36.20023599999999],[-121.47500700000013,36.200276000000009],[-121.47498900000014,36.200310999999992],[-121.47496700000012,36.200343999999994],[-121.47494100000011,36.200375000000008],[-121.47491100000013,36.200403999999999],[-121.47487800000013,36.20042999999999],[-121.47484100000014,36.200452999999996],[-121.47480100000013,36.200473000000009],[-121.47475700000014,36.200488999999997],[-121.47471200000014,36.200502999999998],[-121.47466500000013,36.200514999999989],[-121.47461600000014,36.200526000000004],[-121.47456700000012,36.200535000000002],[-121.47451800000013,36.200543999999994],[-121.47446700000013,36.200551999999995],[-121.47441700000013,36.200558999999998],[-121.47436100000012,36.200564999999997],[-121.47424900000013,36.200575000000008],[-121.47413700000013,36.200584000000006],[-121.47335300000013,36.20064],[-121.47307400000012,36.200660999999997],[-121.47290600000012,36.200675999999994],[-121.47279800000013,36.20068899999999],[-121.47269300000013,36.200702999999997],[-121.47258800000013,36.200719999999997],[-121.47248400000012,36.200736999999997],[-121.47238200000012,36.20075700000001],[-121.47233100000014,36.200766999999992],[-121.47228300000012,36.20077899999999],[-121.47223500000014,36.200792000000007],[-121.47219100000011,36.200807999999995],[-121.47215000000013,36.200825999999992],[-121.47211300000011,36.200847999999993],[-121.47208200000014,36.200874999999996],[-121.47205500000014,36.200906000000003],[-121.47203200000013,36.200940000000003],[-121.47201100000011,36.200975999999983],[-121.47199300000013,36.201013999999994],[-121.47197500000013,36.201052999999995],[-121.47194300000012,36.201132000000001],[-121.47191300000013,36.201213000000003],[-121.47188600000013,36.201294999999995],[-121.47187400000013,36.201336000000005],[-121.47186400000012,36.201377999999998],[-121.47185600000013,36.201418999999994],[-121.47185000000015,36.201461999999992],[-121.47184600000013,36.20150499999999],[-121.47184400000015,36.201548000000003],[-121.47184200000014,36.201590999999993],[-121.47184000000013,36.201764000000004],[-121.47183900000012,36.201806999999995],[-121.47183600000014,36.201848999999989],[-121.47183200000015,36.20189100000001],[-121.47182500000011,36.201932000000006],[-121.47181500000013,36.201971999999998],[-121.47179900000015,36.202010000000001],[-121.47177900000011,36.202044999999991],[-121.47175500000012,36.202078999999991],[-121.47172700000013,36.202110999999995],[-121.47169600000011,36.202142000000002],[-121.47166300000013,36.202173000000009],[-121.47162800000012,36.202201999999993],[-121.47159200000014,36.202229999999993],[-121.47155400000011,36.202257000000003],[-121.47151500000011,36.202281999999997],[-121.47139600000013,36.202351999999991],[-121.47135900000013,36.202374999999996],[-121.47132400000012,36.202399000000007],[-121.47129200000012,36.202424999999991],[-121.47126500000014,36.202452999999998],[-121.47124300000013,36.202482999999994],[-121.47122500000013,36.202514999999998],[-121.47119400000011,36.202579000000007],[-121.47117600000011,36.202609000000002],[-121.47115500000011,36.202634999999987],[-121.47112900000013,36.202655999999998],[-121.47109900000012,36.20267299999999],[-121.47106600000012,36.202684999999995],[-121.47103200000011,36.202693000000004],[-121.47099900000013,36.202694999999999],[-121.47096400000012,36.202691000000009],[-121.47093300000013,36.202683999999998],[-121.47090500000012,36.202676999999994],[-121.47088300000013,36.20267299999999],[-121.47086700000013,36.202675999999997],[-121.47086000000012,36.202688999999999],[-121.47085900000013,36.202709999999996],[-121.47086300000012,36.202735999999994],[-121.47087000000013,36.202766999999994],[-121.47087900000011,36.202799999999996],[-121.47090900000013,36.202905999999999],[-121.47091700000014,36.202940000000012],[-121.47092300000014,36.202970999999998],[-121.47092500000012,36.202998999999984],[-121.47092200000013,36.203020000000002],[-121.47091100000014,36.203032999999984],[-121.47089200000015,36.203037000000002],[-121.47086500000013,36.203032],[-121.47083300000014,36.203020999999993],[-121.47079700000012,36.203004999999997],[-121.47075800000012,36.202985999999996],[-121.47071800000015,36.202964999999999],[-121.47067700000014,36.202941999999993],[-121.47063700000012,36.202916999999992],[-121.47059700000013,36.202892000000006],[-121.47056000000013,36.202865999999993],[-121.47052500000012,36.202839999999995],[-121.47049600000013,36.202812999999992],[-121.47047200000013,36.202786000000003],[-121.47045700000012,36.202757999999996],[-121.47045200000014,36.202730000000003],[-121.47045300000013,36.202703],[-121.47046000000014,36.202646999999999],[-121.47045900000013,36.202620000000003],[-121.47045100000012,36.202591000000005],[-121.47042800000011,36.202531999999991],[-121.47041700000013,36.202499000000003],[-121.47039200000012,36.202395000000003],[-121.47038200000013,36.202361000000003],[-121.47036900000013,36.202329999999996],[-121.47035200000015,36.202302999999993],[-121.47032900000013,36.202282000000004],[-121.47029600000013,36.202266000000009],[-121.47025600000012,36.20225700000001],[-121.47021000000012,36.202252999999999],[-121.47016100000013,36.202252000000001],[-121.47011000000013,36.202254000000003],[-121.47005700000012,36.202256999999996],[-121.47000300000013,36.20226199999999],[-121.46989300000014,36.202272999999991],[-121.46983900000012,36.202280000000009],[-121.46978500000014,36.202287999999996],[-121.46973400000012,36.202297999999999],[-121.46968500000013,36.202309],[-121.46964000000013,36.202322999999993],[-121.46960000000013,36.20234],[-121.46956700000013,36.202362999999998],[-121.46954400000013,36.202389999999994],[-121.46952700000014,36.202421999999999],[-121.46951600000013,36.202456999999988],[-121.46950800000015,36.202494000000002],[-121.46950200000015,36.202534],[-121.46949800000013,36.202573999999998],[-121.46949500000011,36.202615000000002],[-121.46948800000014,36.202783999999994],[-121.46948500000012,36.202826000000002],[-121.46948100000013,36.202869],[-121.46947600000011,36.202909999999996],[-121.46946800000013,36.202950999999999],[-121.46945700000015,36.202991999999995],[-121.46944300000014,36.203032],[-121.46942500000011,36.203071000000001],[-121.46940400000014,36.203108999999991],[-121.46938200000012,36.203147000000001],[-121.46935700000013,36.203184],[-121.46933100000012,36.203219999999995],[-121.46930300000012,36.203254999999999],[-121.46927300000013,36.203288000000001],[-121.46924100000012,36.203319999999991],[-121.46920600000011,36.20334900000001],[-121.46916900000012,36.203374000000004],[-121.46913100000013,36.203396999999995],[-121.46901400000012,36.203462000000002],[-121.46897800000013,36.20348400000001],[-121.46894700000014,36.203507999999985],[-121.46892200000013,36.203535000000002],[-121.46890300000011,36.203568000000004],[-121.46889100000011,36.203603999999999],[-121.46888500000011,36.203641999999995],[-121.46888200000014,36.203682000000001],[-121.46888200000014,36.203722999999997],[-121.46888300000013,36.203766000000009],[-121.46889000000014,36.203851999999991],[-121.46892100000011,36.20415899999999],[-121.46895100000013,36.20446900000001],[-121.46896200000015,36.204557000000001],[-121.46896800000015,36.204599999999992],[-121.46897600000013,36.204641999999993],[-121.46898700000011,36.204683999999993],[-121.46900000000012,36.204723000000001],[-121.46901800000013,36.20476],[-121.46904200000013,36.204794],[-121.46907200000012,36.204822999999998],[-121.46910700000014,36.204847999999991],[-121.46914700000013,36.20487],[-121.46918900000013,36.204889000000001],[-121.46923300000012,36.204904999999989],[-121.46927900000013,36.204917000000009],[-121.46932500000013,36.204925000000003],[-121.46937000000013,36.204926000000007],[-121.46941300000012,36.20492200000001],[-121.46945400000013,36.204912],[-121.46949400000014,36.204897000000003],[-121.46953100000013,36.204878999999998],[-121.46956400000013,36.204855999999999],[-121.46959300000012,36.204830000000001],[-121.46961700000014,36.204795999999995],[-121.46963600000011,36.20475900000001],[-121.46965100000013,36.204718999999997],[-121.46966300000011,36.204678000000001],[-121.46967200000013,36.204633999999999],[-121.46968000000014,36.204591000000001],[-121.46969400000013,36.204501000000008],[-121.46971800000013,36.204324999999997],[-121.46973200000011,36.204242999999998],[-121.46974100000013,36.204205999999999],[-121.46975100000013,36.204171999999993],[-121.46976400000014,36.204142999999995],[-121.46977900000012,36.204120999999994],[-121.46979900000012,36.204108999999988],[-121.46982300000013,36.204107],[-121.46984900000011,36.204112999999992],[-121.46987900000013,36.204124000000007],[-121.46994500000011,36.204152999999998],[-121.46998000000012,36.204166000000001],[-121.47001600000014,36.204176000000004],[-121.47005200000012,36.204180999999998],[-121.47009000000013,36.204179000000003],[-121.47012800000013,36.204169999999991],[-121.47016600000012,36.204156000000005],[-121.47020200000014,36.204137999999993],[-121.47023700000013,36.204116999999997],[-121.47026900000012,36.204091999999996],[-121.47029800000013,36.204064000000002],[-121.47032400000013,36.204031000000008],[-121.47034700000012,36.203995000000006],[-121.47036700000012,36.203958],[-121.47040300000015,36.203885999999997],[-121.47042100000014,36.203853999999993],[-121.47044000000014,36.203825000000002],[-121.47046200000013,36.203801999999996],[-121.47048800000012,36.20378800000001],[-121.47051700000013,36.203783999999999],[-121.47054900000013,36.20378800000001],[-121.47058400000012,36.203795999999997],[-121.47070800000013,36.203834999999998],[-121.47075500000014,36.203848000000008],[-121.47085400000012,36.203875999999994],[-121.47095500000013,36.203901999999999],[-121.47110900000014,36.203941],[-121.47136700000014,36.204003000000007],[-121.47156800000015,36.204051],[-121.47166800000014,36.204073000000001],[-121.47176800000013,36.204093999999998],[-121.47181800000011,36.204101999999999],[-121.47186800000013,36.204110000000007],[-121.47191800000013,36.204115000000002],[-121.47196800000012,36.204116999999997],[-121.47201600000014,36.204115999999999],[-121.47206300000015,36.204113000000007],[-121.47211000000013,36.204107],[-121.47215700000014,36.204098999999999],[-121.47220300000011,36.204089000000003],[-121.47224800000011,36.204076999999998],[-121.47229200000012,36.204062999999998],[-121.47233700000012,36.204044999999994],[-121.47238000000013,36.204025000000001],[-121.47254700000012,36.203941],[-121.47258800000013,36.203921999999991],[-121.47263000000012,36.203906000000003],[-121.47267300000014,36.203893000000001],[-121.47271600000013,36.203885],[-121.47276400000011,36.203882999999998],[-121.47281400000013,36.20388599999999],[-121.47286400000013,36.203892999999994],[-121.47291500000013,36.203902999999997],[-121.47307100000013,36.203938000000001],[-121.47312400000014,36.203948000000004],[-121.47317700000015,36.203955999999991],[-121.47322900000012,36.203961000000007],[-121.47328100000013,36.203962999999987],[-121.47333300000012,36.203963999999992],[-121.47338600000013,36.203963000000002],[-121.47343800000013,36.203960999999993],[-121.47354400000012,36.203955999999998],[-121.47407300000012,36.203922999999996],[-121.47417800000014,36.203915999999992],[-121.47428300000011,36.203906999999994],[-121.47433500000012,36.203901999999999],[-121.47438700000012,36.203895999999993],[-121.47443800000015,36.203887999999999],[-121.47453900000011,36.203869999999995],[-121.47463900000012,36.203850000000003],[-121.47474000000011,36.203828999999999],[-121.47519000000011,36.203730999999991],[-121.47533900000015,36.203696000000001],[-121.47543700000013,36.203671],[-121.47548600000015,36.203656999999993],[-121.47553600000013,36.203641999999995],[-121.47558400000013,36.203625999999993],[-121.47568100000012,36.203592000000008],[-121.47582500000013,36.203536999999997],[-121.47591900000012,36.203499000000008],[-121.47596600000013,36.203479000000002],[-121.47601200000014,36.203457999999998],[-121.47605700000014,36.203436000000004],[-121.47609900000012,36.203413999999995],[-121.47614100000014,36.203389999999992],[-121.47618200000012,36.203365999999995],[-121.47626300000013,36.203316999999984],[-121.47646300000014,36.203189999999999],[-121.47668000000013,36.203055999999989],[-121.47676700000011,36.203001000000015],[-121.47680900000013,36.202973],[-121.47685000000014,36.202944000000002],[-121.47689000000013,36.202913999999986],[-121.47692700000013,36.202882999999993],[-121.47696000000015,36.202850000000005],[-121.47698800000012,36.202814999999994],[-121.47701300000013,36.202778999999992],[-121.47703600000014,36.202740999999989],[-121.47705700000012,36.202703],[-121.47711800000013,36.202584999999985],[-121.47713900000011,36.202545999999998],[-121.47716100000012,36.202508000000002],[-121.47718400000011,36.202471000000003],[-121.47725700000012,36.202368999999997],[-121.47727900000012,36.202333999999993],[-121.47729600000012,36.202298999999989],[-121.47730900000012,36.202260000000003],[-121.47731700000013,36.202218999999999],[-121.47732100000015,36.202177999999989],[-121.47732400000012,36.202134999999998],[-121.47732600000013,36.202006999999995],[-121.47732900000013,36.201963999999997],[-121.47733400000011,36.201920999999999],[-121.47734200000012,36.201878999999991],[-121.47735500000013,36.201836999999998],[-121.47737200000014,36.201794999999997],[-121.47739200000012,36.201753999999994],[-121.47741300000013,36.201713999999996],[-121.47748000000014,36.201591000000001],[-121.47750000000013,36.201551000000002],[-121.47751900000014,36.201509999999992],[-121.47753500000013,36.201468999999989],[-121.47754700000011,36.201431000000014],[-121.47756600000012,36.201357999999999],[-121.47757600000013,36.201325999999995],[-121.47758800000013,36.201296999999997],[-121.47760300000014,36.201273000000008],[-121.47762400000015,36.201256999999998],[-121.47765200000013,36.201249999999995],[-121.47768600000013,36.201249999999995],[-121.47772300000013,36.20125500000001],[-121.47776500000015,36.201264999999992],[-121.47780800000014,36.201277000000005],[-121.47794700000013,36.201318999999984],[-121.47799600000015,36.201332999999991],[-121.47804500000014,36.201345000000011],[-121.47809100000013,36.201354999999992],[-121.47813700000013,36.201361999999989],[-121.47818400000013,36.201368000000009],[-121.47823100000012,36.201371999999999],[-121.47827800000013,36.201374000000001],[-121.47832400000014,36.201372999999997],[-121.47837600000011,36.201367999999995],[-121.47842800000012,36.201360999999999],[-121.47848000000012,36.201351000000003],[-121.47853200000013,36.20133899999999],[-121.47863500000012,36.201312999999999],[-121.47884100000012,36.201257999999996],[-121.47889300000013,36.201245],[-121.47894600000014,36.201233000000002],[-121.47899900000014,36.201221999999994],[-121.47905100000011,36.201211999999991],[-121.47910200000014,36.201205000000002],[-121.47915200000013,36.201200999999998],[-121.47919900000011,36.2012],[-121.47924400000011,36.201204000000004],[-121.47928400000015,36.201214999999998],[-121.47932000000013,36.201235000000004],[-121.47935000000012,36.201260999999995],[-121.47937800000014,36.201292000000009],[-121.47940300000013,36.201327000000006],[-121.47942500000015,36.201364999999996],[-121.47944600000012,36.201403999999989],[-121.47946500000012,36.201444000000009],[-121.47948100000013,36.201484999999998],[-121.47949500000014,36.201526000000001],[-121.47950600000013,36.201566],[-121.47951200000013,36.20160700000001],[-121.47951200000013,36.201647000000001],[-121.47950600000013,36.201681999999991],[-121.47949600000011,36.201716000000005],[-121.47947500000011,36.201784000000018],[-121.47946800000014,36.201817999999996],[-121.47946500000012,36.201853999999997],[-121.47946700000013,36.201889999999999],[-121.47947500000011,36.20192500000001],[-121.47948800000013,36.201957999999991],[-121.47950700000014,36.201990000000002],[-121.47953400000014,36.202020999999995],[-121.47956700000012,36.202049000000002],[-121.47960500000015,36.202075999999998],[-121.47964600000013,36.202101000000006],[-121.47968900000012,36.202126],[-121.47973300000011,36.202149000000013],[-121.47982500000012,36.202194999999996],[-121.48001100000015,36.202286999999991],[-121.48010300000013,36.202334],[-121.48014800000013,36.202358999999994],[-121.48019200000012,36.202384000000002],[-121.48023500000011,36.20241],[-121.48027800000013,36.202436999999996],[-121.48036000000012,36.202492000000007],[-121.48052300000013,36.202604999999991],[-121.48068400000014,36.202720999999983],[-121.48076300000011,36.202778999999992],[-121.48080200000011,36.202809000000009],[-121.48083900000013,36.202838999999983],[-121.48087600000012,36.202869999999997],[-121.48091000000011,36.202902999999992],[-121.48094200000014,36.202935999999987],[-121.48097100000012,36.202972999999993],[-121.48099700000013,36.203010999999989],[-121.48102200000012,36.203049999999998],[-121.48104400000013,36.203091000000001],[-121.48106400000013,36.203130999999999],[-121.48108300000014,36.203171999999995],[-121.48110000000013,36.203212999999991],[-121.48111400000013,36.203254000000008],[-121.48112500000012,36.203296000000002],[-121.48113100000012,36.203336999999998],[-121.48113100000012,36.203377000000003],[-121.48112400000012,36.20341599999999],[-121.48111200000012,36.203454000000008],[-121.48109500000012,36.203492999999995],[-121.48107500000013,36.203530999999991],[-121.48105300000014,36.203569000000009],[-121.48103000000013,36.203606000000001],[-121.48093200000012,36.203757999999993],[-121.48090900000014,36.203794999999992],[-121.48088700000012,36.203833000000003],[-121.48086700000012,36.203870999999999],[-121.48085100000013,36.203909000000003],[-121.48083800000013,36.203947999999997],[-121.48083100000012,36.203986],[-121.48083100000012,36.204022999999999],[-121.48083600000012,36.204059999999998],[-121.48084500000013,36.204097999999995],[-121.48085700000013,36.204134999999994],[-121.48087200000013,36.204172],[-121.48088900000013,36.204208999999999],[-121.48091000000011,36.204248],[-121.48093200000012,36.204285999999996],[-121.48095600000013,36.20432499999999],[-121.48100500000012,36.204400999999983],[-121.48141300000015,36.205009999999994],[-121.48149100000015,36.205123],[-121.48151700000012,36.205159999999992],[-121.48157200000013,36.20523399999999],[-121.48168400000012,36.205379000000001],[-121.48177000000013,36.205486000000001],[-121.48183000000013,36.205556000000001],[-121.48186100000014,36.205590000000001],[-121.48189300000013,36.205623000000003],[-121.48192700000014,36.205654999999993],[-121.48196400000013,36.20568500000001],[-121.48200400000013,36.20571300000001],[-121.48204700000012,36.205738999999994],[-121.48209100000012,36.20576299999999],[-121.48213800000013,36.205785999999989],[-121.48218500000014,36.205806000000003],[-121.48223300000012,36.20582499999999],[-121.48228200000011,36.205840999999992],[-121.48237900000012,36.205868999999993],[-121.48242600000013,36.20588399999999],[-121.48247100000013,36.20590099999999],[-121.48251100000013,36.205922999999999],[-121.48254700000012,36.205947999999992],[-121.48258200000014,36.205976],[-121.48261400000013,36.206006000000002],[-121.48264500000013,36.206037999999999],[-121.48267300000013,36.206071000000009],[-121.48269800000013,36.206105999999998],[-121.48272000000011,36.206142000000007],[-121.48273800000011,36.206180000000003],[-121.48275200000015,36.20621899999999],[-121.48276000000013,36.206259000000003],[-121.48276200000014,36.206301000000003],[-121.48275900000012,36.206342999999997],[-121.48275400000013,36.206386000000002],[-121.48274000000015,36.206472999999995],[-121.48273500000013,36.206516000000001],[-121.48273300000012,36.206559999999996],[-121.48273500000013,36.206603000000001],[-121.48274000000015,36.206645000000002],[-121.48274900000013,36.206685999999998],[-121.48276200000014,36.206722000000006],[-121.48278000000012,36.206757000000003],[-121.48280000000013,36.206789999999998],[-121.48282500000012,36.206819999999993],[-121.48285300000013,36.206847000000003],[-121.48288500000014,36.206871000000007],[-121.48292500000011,36.206890000000001],[-121.48296900000014,36.206903999999994],[-121.48301500000011,36.20691399999999],[-121.48306300000013,36.206918999999985],[-121.48311200000015,36.206918999999985],[-121.48316000000013,36.206913999999998],[-121.48320200000013,36.206903999999987],[-121.48324300000013,36.206890000000001],[-121.48328200000013,36.206871999999997],[-121.48332100000013,36.206852000000005],[-121.48335900000012,36.206830999999994],[-121.48339600000011,36.206808000000002],[-121.48343100000012,36.206784000000013],[-121.48349000000013,36.206743000000003],[-121.48352100000012,36.206722999999997],[-121.48356100000011,36.206702000000007],[-121.48360300000013,36.206682999999991],[-121.48364700000015,36.206665999999984],[-121.48378100000012,36.206615999999997],[-121.48382400000013,36.206598000000007],[-121.48386400000011,36.206577999999993],[-121.48390200000013,36.206555000000002],[-121.48393400000013,36.206529000000003],[-121.48396200000015,36.206499999999991],[-121.48398800000012,36.206468000000001],[-121.48401200000013,36.206434999999992],[-121.48403400000012,36.206400000000009],[-121.48405500000013,36.206364000000001],[-121.48407400000013,36.206327999999999],[-121.48409200000012,36.20629000000001],[-121.48410900000015,36.206248000000009],[-121.48412600000013,36.206206000000002],[-121.48415700000012,36.206120000000006],[-121.48420000000011,36.20599099999999],[-121.48423000000014,36.205907999999994],[-121.48424600000013,36.205868000000002],[-121.48426300000014,36.205830999999996],[-121.48428200000011,36.205796000000007],[-121.48430300000011,36.205765999999997],[-121.48432800000015,36.205741000000003],[-121.48435700000013,36.205723999999996],[-121.48439200000014,36.205718000000005],[-121.48443200000011,36.205719000000009],[-121.48447600000014,36.205726999999996],[-121.48452200000011,36.205738999999994],[-121.48456900000012,36.205754000000006],[-121.48461800000011,36.205770999999991],[-121.48466700000013,36.205789000000003],[-121.48486900000015,36.205866999999998],[-121.48496900000013,36.205907000000003],[-121.48506800000011,36.205947999999999],[-121.48516400000011,36.205990000000007],[-121.48521100000015,36.206012000000001],[-121.48525500000012,36.206035999999997],[-121.48529800000013,36.206062000000003],[-121.48533700000013,36.206090000000003],[-121.48537000000013,36.206120000000006],[-121.48540100000014,36.206151999999989],[-121.48542900000011,36.206185999999995],[-121.48545600000013,36.206220999999999],[-121.48553500000013,36.206328999999997],[-121.48556200000013,36.206363999999994],[-121.48559000000012,36.206397999999993],[-121.48562100000011,36.206430000000005],[-121.48565400000011,36.206460000000007],[-121.48569300000011,36.206488],[-121.48573500000013,36.206513999999991],[-121.48578000000013,36.206536999999997],[-121.48582600000013,36.206558999999991],[-121.48587400000012,36.206579999999995],[-121.48592200000013,36.20659899999999],[-121.48597200000013,36.206617000000001],[-121.48602200000012,36.206634999999991],[-121.48607200000012,36.206650000000003],[-121.48612400000015,36.206664000000004],[-121.48617600000011,36.206676000000002],[-121.48622800000012,36.206683999999996],[-121.48628100000013,36.206690000000009],[-121.48633400000013,36.206695000000011],[-121.48638800000015,36.206697999999996],[-121.48644100000013,36.206698999999993],[-121.48654900000012,36.206700999999995],[-121.48660300000013,36.206700000000005],[-121.48665700000011,36.206698000000003],[-121.48671100000013,36.206695000000011],[-121.48676400000012,36.206690999999992],[-121.48681500000012,36.206683999999996],[-121.48686600000012,36.206676999999999],[-121.48696700000015,36.206658999999995],[-121.48711800000012,36.206629],[-121.48721800000011,36.206609],[-121.48726900000011,36.206600999999999],[-121.48732000000011,36.206592999999998],[-121.48737200000012,36.206586000000009],[-121.48747600000011,36.206575999999998],[-121.48768700000011,36.206558000000008],[-121.48779200000013,36.206548999999995],[-121.48784400000012,36.206543000000003],[-121.48789600000012,36.206536],[-121.48794700000012,36.206527999999992],[-121.48799900000013,36.206518999999993],[-121.48820200000014,36.206479000000009],[-121.48830300000013,36.206460000000007],[-121.48835400000013,36.206452999999996],[-121.48840500000013,36.206447000000004],[-121.48845500000013,36.206443000000014],[-121.48850500000015,36.206443],[-121.48855500000013,36.206446],[-121.48860400000012,36.206453000000003],[-121.48865200000014,36.206462999999999],[-121.48870000000012,36.20647499999999],[-121.48874800000014,36.206487999999993],[-121.48879500000012,36.206502999999998],[-121.48884000000012,36.206519999999998],[-121.48888400000011,36.206538000000009],[-121.48892500000012,36.206558000000001],[-121.48896300000013,36.206581],[-121.48899700000013,36.206606999999998],[-121.48902600000011,36.206636999999994],[-121.48905100000015,36.206671],[-121.48907300000012,36.206705999999997],[-121.48909200000013,36.206743999999993],[-121.48910900000014,36.206782999999994],[-121.48912500000013,36.206823000000007],[-121.48915400000014,36.206904000000009],[-121.48918100000012,36.206986999999991],[-121.48919300000011,36.207028000000001],[-121.48920400000013,36.207069999999995],[-121.48921400000012,36.207111999999995],[-121.48922100000013,36.207153000000005],[-121.4892270000001,36.20719600000001],[-121.48923000000013,36.207239999999992],[-121.48923200000011,36.207283000000004],[-121.48923200000011,36.207326000000009],[-121.48923000000013,36.207367999999995],[-121.48922700000013,36.207411],[-121.48922300000014,36.207452000000018],[-121.48921500000013,36.207492000000002],[-121.48920500000014,36.20753100000001],[-121.48919000000012,36.207568000000002],[-121.48916900000009,36.207601999999994],[-121.48914000000013,36.207632000000004],[-121.48910600000012,36.207659999999997],[-121.48906700000012,36.207684999999991],[-121.48902500000014,36.207708999999987],[-121.48898000000014,36.207731999999993],[-121.48893400000013,36.207754000000001],[-121.48883900000011,36.207796999999992],[-121.48859600000011,36.207902999999995],[-121.48850100000013,36.207946999999997],[-121.48845400000012,36.207969999999996],[-121.48836300000013,36.208014999999996],[-121.48832000000013,36.208038000000002],[-121.48828000000012,36.208061999999998],[-121.48824500000013,36.208084999999983],[-121.48821500000011,36.208109999999991],[-121.48819300000012,36.208134999999999],[-121.48818200000011,36.208162000000002],[-121.48818400000012,36.208188999999997],[-121.48819600000012,36.208216999999991],[-121.48821600000012,36.20824600000001],[-121.48824100000014,36.208275999999984],[-121.48827000000013,36.208306000000007],[-121.48830300000013,36.208335999999996],[-121.48837200000013,36.208395999999993],[-121.48844600000011,36.208455999999998],[-121.48848500000011,36.208485000000003],[-121.48852300000014,36.208514000000001],[-121.48856300000011,36.20854099999999],[-121.48860300000013,36.208566999999995],[-121.48864500000013,36.208590999999998],[-121.48868900000014,36.208612000000002],[-121.48873500000013,36.208630000000007],[-121.48878400000012,36.208643999999993],[-121.48883300000011,36.208657000000002],[-121.48888400000011,36.208668000000003],[-121.48893500000011,36.208677999999999],[-121.48903900000015,36.208696000000003],[-121.48930100000011,36.208738999999994],[-121.48940500000013,36.208756999999999],[-121.48951000000012,36.208775999999993],[-121.48961400000013,36.208795999999992],[-121.48971700000013,36.208817000000003],[-121.48982000000012,36.208838999999998],[-121.48987100000012,36.208851999999993],[-121.48992100000012,36.20886500000001],[-121.49001800000012,36.208893000000003],[-121.4901150000001,36.208922999999999],[-121.49021200000013,36.208953999999991],[-121.49030900000012,36.208985999999996],[-121.4904040000001,36.20902000000001],[-121.49065600000013,36.209113000000002],[-121.49070600000012,36.209130000000002],[-121.49075500000011,36.209145999999997],[-121.49080400000013,36.209159],[-121.4908520000001,36.209167999999984],[-121.49090000000012,36.209173],[-121.49094600000012,36.209171999999988],[-121.49098900000011,36.20916299999999],[-121.49103000000012,36.209147000000002],[-121.49107000000011,36.209127000000009],[-121.49110900000011,36.209104000000004],[-121.49114700000011,36.209078000000005],[-121.49118300000012,36.209049999999998],[-121.49121700000011,36.20902000000001],[-121.4912490000001,36.208989000000017],[-121.49127600000013,36.208956999999998],[-121.4912990000001,36.208924000000003],[-121.49131500000011,36.208888999999999],[-121.49132300000009,36.208852999999998],[-121.49132400000012,36.208815000000001],[-121.49132000000013,36.208776999999984],[-121.4913130000001,36.208738000000004],[-121.49130300000012,36.208697999999991],[-121.4912920000001,36.208658000000014],[-121.49127900000015,36.208617999999994],[-121.49123700000011,36.208497000000001],[-121.49113600000011,36.208216000000007],[-121.49110800000012,36.208136000000003],[-121.49108100000009,36.208055999999999],[-121.49105700000011,36.207975999999995],[-121.49104500000011,36.207934999999992],[-121.49101400000013,36.207811999999983],[-121.49098600000011,36.207688999999995],[-121.49095900000013,36.207565000000002],[-121.4909440000001,36.207483000000003],[-121.49093000000012,36.207399000000002],[-121.49090700000009,36.207230000000003],[-121.49088100000013,36.207019000000003],[-121.49087100000011,36.206933999999997],[-121.4908420000001,36.206640999999998],[-121.4908310000001,36.206556999999997],[-121.4908240000001,36.206515999999993],[-121.49081500000011,36.206473999999993],[-121.49080600000011,36.206432999999997],[-121.49078300000009,36.206352000000003],[-121.49075600000013,36.206271000000001],[-121.49068700000009,36.206068999999999],[-121.49066000000013,36.205987999999991],[-121.49063700000011,36.205912000000005],[-121.49062700000013,36.205876000000011],[-121.49061900000012,36.205840000000002],[-121.49061200000013,36.205804000000001],[-121.49060800000011,36.205767999999992],[-121.4906060000001,36.205728000000008],[-121.49060800000008,36.205689],[-121.49061300000011,36.205650000000006],[-121.49061900000012,36.205610999999998],[-121.4906410000001,36.205494000000009],[-121.49064600000011,36.205454999999994],[-121.49064900000009,36.205416],[-121.49064800000009,36.205376999999991],[-121.49064300000009,36.205337],[-121.49063400000011,36.205297999999992],[-121.49062200000009,36.205258999999991],[-121.49060800000011,36.20521999999999],[-121.49059200000012,36.205181999999994],[-121.49057400000014,36.205143],[-121.49053600000013,36.205065999999995],[-121.4905160000001,36.205028999999996],[-121.49049400000013,36.204991],[-121.49047200000011,36.204954000000001],[-121.49044600000013,36.204915999999997],[-121.4903930000001,36.204841000000002],[-121.49019500000013,36.204583999999997],[-121.49016800000012,36.204545999999993],[-121.49011600000013,36.204473],[-121.49004300000011,36.204360999999992],[-121.48999600000013,36.204286000000003],[-121.48997400000012,36.204248],[-121.48993100000013,36.204170999999995],[-121.48991100000013,36.204132000000001],[-121.48989300000011,36.204093],[-121.48987600000012,36.204053999999999],[-121.4898450000001,36.203975000000007],[-121.48980200000011,36.203854999999997],[-121.48974800000009,36.203692999999994],[-121.48971100000013,36.20356799999999],[-121.48960300000013,36.203185999999995],[-121.48958100000013,36.203102999999992],[-121.48957100000014,36.20306200000001],[-121.48956200000012,36.203022999999995],[-121.48955600000012,36.202986000000003],[-121.48955300000014,36.202950999999999],[-121.48955300000014,36.202919000000001],[-121.48956000000011,36.202893000000003],[-121.48957600000013,36.20287299999999],[-121.48960100000012,36.202860999999992],[-121.48963600000013,36.202855999999997],[-121.48967600000012,36.202855],[-121.48972100000015,36.202857999999999],[-121.48987100000012,36.202871999999992],[-121.4899230000001,36.202874999999999],[-121.48997500000013,36.202876000000003],[-121.49002700000013,36.20287299999999],[-121.49007500000015,36.202865999999993],[-121.4901230000001,36.202854000000002],[-121.49016900000014,36.202838999999997],[-121.49021300000013,36.202821999999991],[-121.49025500000012,36.202801999999998],[-121.4902950000001,36.202781000000009],[-121.49033000000011,36.202757000000005],[-121.49036100000012,36.202730000000003],[-121.49038500000012,36.20270099999999],[-121.49040200000013,36.202666999999991],[-121.49041200000011,36.202629999999999],[-121.49041700000009,36.202591000000005],[-121.49041800000012,36.202550000000002],[-121.4904160000001,36.202508999999999],[-121.49041300000013,36.202466000000001],[-121.49040300000011,36.202380000000005],[-121.49039100000012,36.20229299999999],[-121.49037100000011,36.202161999999994],[-121.49034900000014,36.202030000000001],[-121.49033300000015,36.20194399999999],[-121.49031500000012,36.201858000000009],[-121.49030500000013,36.201816000000001],[-121.49029300000009,36.201774999999998],[-121.49027900000013,36.201734999999999],[-121.49026500000014,36.201701000000007],[-121.49023800000012,36.201639],[-121.49022700000013,36.201609999999995],[-121.49022100000013,36.201585000000009],[-121.49022000000014,36.201563],[-121.49022800000012,36.201544999999996],[-121.49024800000011,36.201532],[-121.49027900000013,36.201523000000002],[-121.49031700000013,36.201518000000007],[-121.49036000000012,36.201515000000001],[-121.49045500000011,36.201512000000001],[-121.49050500000014,36.201509000000001],[-121.4905550000001,36.201505000000004],[-121.49060400000012,36.201498000000001],[-121.49065000000013,36.201486000000003],[-121.49069300000012,36.201467999999991],[-121.49073300000012,36.20144599999999],[-121.49077100000012,36.201419999999999],[-121.49080600000011,36.201391999999991],[-121.49083900000008,36.201362000000003],[-121.49086900000013,36.201329999999992],[-121.49089500000012,36.201298000000001],[-121.49091700000008,36.201264000000002],[-121.49093300000013,36.201229999999995],[-121.49094000000011,36.201195000000006],[-121.49093900000013,36.20115899999999],[-121.49092900000011,36.201123000000003],[-121.4909140000001,36.201085999999997],[-121.49089600000013,36.201048],[-121.49083300000008,36.200934000000004],[-121.49081400000011,36.20089500000001],[-121.49079900000012,36.200854999999997],[-121.49078800000011,36.200814000000001],[-121.49078100000014,36.200770999999996],[-121.4907760000001,36.200729000000003],[-121.49077500000011,36.200685999999997],[-121.49077500000014,36.200643000000007],[-121.49077800000009,36.200599999999987],[-121.49078200000011,36.200556999999996],[-121.49078900000012,36.200513999999998],[-121.49079800000013,36.200471999999991],[-121.49081000000012,36.200429999999997],[-121.49086800000009,36.200268000000001],[-121.49088000000012,36.20022800000001],[-121.49088800000013,36.200186999999993],[-121.49089200000014,36.200146000000004],[-121.4908910000001,36.200104000000003],[-121.4908870000001,36.200063],[-121.49087900000012,36.20002199999999],[-121.49086700000012,36.199982999999996],[-121.49085100000011,36.199944999999992],[-121.49083200000011,36.199912000000005],[-121.49077100000009,36.199818999999991],[-121.49075400000012,36.199788999999996],[-121.49074400000013,36.199756999999998],[-121.4907400000001,36.199727000000003],[-121.49074200000011,36.199696000000003],[-121.49074800000012,36.199664999999996],[-121.4907590000001,36.19963400000001],[-121.4907730000001,36.199603000000003],[-121.4907910000001,36.199570000000001],[-121.4908310000001,36.199503999999997],[-121.49084900000013,36.199469999999998],[-121.49086200000009,36.199436000000006],[-121.49087100000014,36.199396999999998],[-121.49087400000012,36.199357999999989],[-121.49087400000012,36.199317999999991],[-121.49087000000013,36.199276999999995],[-121.49086400000013,36.199234999999994],[-121.4908570000001,36.199194000000006],[-121.49084900000013,36.199152999999995],[-121.49082200000009,36.199033999999997],[-121.49081600000009,36.19900299999999],[-121.49081200000013,36.198974],[-121.4908130000001,36.198945000000002],[-121.4908240000001,36.198912999999997],[-121.49084200000011,36.19888199999999],[-121.49086600000008,36.198853],[-121.49089600000011,36.19882599999999],[-121.49093000000013,36.198802000000001],[-121.49096800000011,36.198781999999987],[-121.49100500000013,36.198766999999989],[-121.49104500000011,36.198755999999996],[-121.49108700000012,36.198748000000002],[-121.49112900000011,36.198743999999991],[-121.4911730000001,36.198743],[-121.4912210000001,36.198748000000002],[-121.49127000000011,36.198755999999996],[-121.49131900000012,36.198768000000001],[-121.49136800000011,36.198781999999987],[-121.4914170000001,36.198797999999982],[-121.49146500000015,36.198814999999996],[-121.4915130000001,36.198833999999998],[-121.49160300000013,36.19887099999999],[-121.49169000000012,36.198911999999993],[-121.4917770000001,36.198952999999996],[-121.49181900000012,36.198975000000004],[-121.49186200000011,36.198996999999999],[-121.4920350000001,36.199091000000003],[-121.49207900000013,36.199114000000002],[-121.49212300000009,36.199134000000001],[-121.49216800000009,36.199152999999995],[-121.4922150000001,36.199169999999988],[-121.49226400000009,36.199182999999991],[-121.49231200000011,36.199192999999994],[-121.4923610000001,36.199198000000003],[-121.49241000000011,36.199197999999996],[-121.4924570000001,36.199190999999992],[-121.4925040000001,36.199179999999991],[-121.49255000000011,36.199165000000001],[-121.49259600000011,36.199147000000011],[-121.49264200000012,36.199126999999997],[-121.49268800000009,36.199106000000008],[-121.4927340000001,36.199083999999985],[-121.4928240000001,36.19903699999999],[-121.49298300000009,36.198950999999994],[-121.49302300000009,36.19892999999999],[-121.49306300000011,36.198911000000003],[-121.4931060000001,36.198891999999994],[-121.4931490000001,36.198874000000004],[-121.49319200000011,36.198856999999997],[-121.49327700000011,36.198827000000001],[-121.4933580000001,36.198802000000008],[-121.49340000000008,36.198791999999997],[-121.49344400000011,36.198785999999998],[-121.49348900000011,36.198783000000006],[-121.49358100000011,36.19878099999999],[-121.49362400000011,36.198777],[-121.49366400000011,36.198769999999982],[-121.49369800000009,36.198757000000008],[-121.49372400000009,36.198734999999999],[-121.4937450000001,36.198706999999999],[-121.4937590000001,36.198674999999987],[-121.49376900000009,36.198639000000007],[-121.49377500000008,36.198602000000008],[-121.49377500000008,36.198563999999998],[-121.49376900000009,36.198526000000001],[-121.49375600000012,36.19849],[-121.49373500000011,36.198458000000002],[-121.49370800000011,36.198427999999986],[-121.49367600000011,36.198399999999999],[-121.4936410000001,36.198374000000001],[-121.4936020000001,36.198349999999991],[-121.49356100000011,36.198327000000006],[-121.49351800000009,36.198306999999993],[-121.49347400000009,36.19828900000001],[-121.49342800000009,36.198274000000005],[-121.49338200000008,36.198262],[-121.49329100000011,36.198239999999991],[-121.49324900000009,36.198228999999991],[-121.4932110000001,36.198214999999998],[-121.4931780000001,36.198199999999993],[-121.49315300000009,36.198180000000001],[-121.4931390000001,36.198157999999999],[-121.49313000000008,36.198132999999999],[-121.49312600000009,36.198104999999991],[-121.49311700000011,36.198008000000002],[-121.4931120000001,36.197971999999993],[-121.49310500000011,36.197934999999994],[-121.4930950000001,36.197895000000003],[-121.49307300000009,36.197817999999998],[-121.4930650000001,36.197779999999995],[-121.49305700000011,36.197721999999985],[-121.4930500000001,36.197694999999996],[-121.49303900000011,36.197671000000007],[-121.49301700000009,36.197648000000001],[-121.49298800000011,36.197627999999995],[-121.4929530000001,36.197610999999988],[-121.49291300000009,36.197595],[-121.49287100000011,36.197581],[-121.49282600000011,36.19756799999999],[-121.4927790000001,36.197556999999989],[-121.49273000000011,36.197547999999991],[-121.49268100000012,36.197540999999994],[-121.4926320000001,36.197535999999992],[-121.49258200000011,36.197533999999997],[-121.49253300000009,36.197533999999997],[-121.49248300000009,36.197535000000002],[-121.4924340000001,36.197539000000006],[-121.49238500000008,36.197546000000003],[-121.49233700000011,36.197554999999994],[-121.49219200000012,36.197589000000008],[-121.49209600000012,36.197609999999997],[-121.49204900000008,36.197618999999996],[-121.49200300000012,36.197625999999993],[-121.49195900000011,36.197629999999997],[-121.4919170000001,36.197631000000001],[-121.4918790000001,36.19762699999999],[-121.49184400000014,36.197616999999994],[-121.49181400000009,36.197598000000013],[-121.4917890000001,36.197574000000003],[-121.4917670000001,36.197544000000001],[-121.49174700000012,36.197509999999994],[-121.49172900000012,36.19747499999999],[-121.4917130000001,36.197436999999994],[-121.4916980000001,36.197398999999997],[-121.49167000000011,36.197319999999991],[-121.49165800000009,36.197280999999997],[-121.4916480000001,36.19724200000001],[-121.49164000000012,36.197204999999997],[-121.4916350000001,36.197170000000007],[-121.49163400000012,36.197137000000005],[-121.49163900000012,36.197108000000007],[-121.49165200000009,36.19708399999999],[-121.49165500000011,36.197081000000004],[-121.4916650000001,36.197073000000003],[-121.49169500000011,36.197057000000001],[-121.49173400000008,36.197045999999993],[-121.49177900000008,36.19703899999999],[-121.4918280000001,36.197035],[-121.49188100000011,36.197032],[-121.4919350000001,36.197031000000003],[-121.4921030000001,36.197029000000001],[-121.49221800000009,36.197026000000001],[-121.49227500000012,36.197024000000006],[-121.4923320000001,36.197018999999997],[-121.49238500000008,36.197013000000005],[-121.4924390000001,36.197005999999995],[-121.49249200000011,36.196997000000003],[-121.49259700000012,36.196976999999997],[-121.4927010000001,36.196954000000005],[-121.49275100000011,36.196941000000002],[-121.4928000000001,36.196928000000007],[-121.49284700000011,36.196912999999995],[-121.4928910000001,36.196897],[-121.49293100000011,36.196879000000003],[-121.4929650000001,36.196857999999985],[-121.49299100000009,36.196833999999996],[-121.49300900000011,36.196808999999995],[-121.49301800000011,36.196781999999992],[-121.49301500000011,36.196756999999998],[-121.49300200000012,36.196734999999997],[-121.4929790000001,36.196714],[-121.49295000000008,36.196693999999987],[-121.4929150000001,36.196674999999999],[-121.49287700000011,36.196657000000009],[-121.49283500000011,36.196639999999995],[-121.49279200000009,36.196624000000007],[-121.49274700000009,36.196607999999998],[-121.49269400000009,36.19659200000001],[-121.49264100000011,36.196575999999993],[-121.49242400000009,36.196516999999993],[-121.49237000000011,36.196501999999995],[-121.4923170000001,36.196486000000007],[-121.4922650000001,36.196468999999993],[-121.4922150000001,36.196449999999999],[-121.49216700000009,36.196428999999995],[-121.49212300000009,36.196405999999996],[-121.49208100000011,36.196381000000009],[-121.4920400000001,36.196353999999992],[-121.4920010000001,36.196325999999992],[-121.4919620000001,36.19629599999999],[-121.49192500000011,36.196266000000001],[-121.49188900000011,36.196235999999992],[-121.4918540000001,36.196204000000016],[-121.4918210000001,36.196172000000004],[-121.49179000000011,36.196137999999991],[-121.49176200000009,36.196103000000001],[-121.4917380000001,36.196066999999992],[-121.49171700000009,36.196029999999993],[-121.49169800000013,36.195991000000006],[-121.4916810000001,36.195951999999998],[-121.49166400000014,36.195912999999997],[-121.49164900000011,36.195872999999999],[-121.4916200000001,36.195793000000002],[-121.49159400000012,36.195712999999998],[-121.49158200000009,36.195672999999992],[-121.49157200000013,36.195633000000001],[-121.49156500000011,36.195599000000001],[-121.49156000000011,36.195565000000002],[-121.4915570000001,36.195531000000003],[-121.49155900000011,36.195498000000001],[-121.49156500000011,36.195466000000003],[-121.49157900000013,36.195430000000002],[-121.49159900000011,36.195394],[-121.49162400000013,36.195359999999994],[-121.49165200000009,36.195325999999994],[-121.49168200000011,36.195293000000007],[-121.49171500000011,36.195258999999986],[-121.4917820000001,36.195194000000001],[-121.49198800000009,36.194996999999994],[-121.49205400000011,36.194932999999999],[-121.4921180000001,36.194868],[-121.49217900000009,36.194802000000003],[-121.4922080000001,36.194768000000018],[-121.49223600000013,36.194733999999997],[-121.49226200000008,36.194699],[-121.49228600000011,36.194662999999991],[-121.49230700000008,36.19462399999999],[-121.49232600000011,36.194583999999999],[-121.49234200000009,36.194542999999996],[-121.49235700000011,36.194500999999995],[-121.49237100000011,36.194458999999995],[-121.49241000000011,36.194330999999991],[-121.49248100000008,36.194075000000005],[-121.49250600000011,36.193992000000001],[-121.49253100000011,36.193908999999991],[-121.49254500000013,36.193868999999999],[-121.4925600000001,36.193829000000008],[-121.49257700000014,36.193788999999988],[-121.49259600000011,36.193751999999996],[-121.49261800000009,36.193716000000002],[-121.4926440000001,36.193681999999995],[-121.4926760000001,36.19365100000001],[-121.49271200000011,36.193621999999998],[-121.49275100000011,36.193594999999995],[-121.49279300000011,36.193569999999987],[-121.4928360000001,36.193545999999991],[-121.4928810000001,36.193522999999999],[-121.49292700000009,36.193502000000002],[-121.49297300000011,36.193480999999998],[-121.49302100000011,36.193461999999997],[-121.4930700000001,36.193444999999997],[-121.49311900000009,36.193430999999997],[-121.49316900000008,36.193419999999996],[-121.49322000000008,36.193411000000005],[-121.49327100000008,36.193404999999984],[-121.49332400000011,36.193398999999992],[-121.49342900000009,36.193391000000005],[-121.4934820000001,36.193387999999992],[-121.49358800000012,36.193384000000002],[-121.4936940000001,36.193381000000002],[-121.49374800000011,36.193379999999991],[-121.49385700000011,36.193379999999998],[-121.49396600000011,36.193381999999993],[-121.49412900000009,36.193383999999995],[-121.4942380000001,36.193387000000001],[-121.4943430000001,36.193392000000003],[-121.4943940000001,36.193395000000002],[-121.4944450000001,36.193398999999999],[-121.49449500000011,36.193403000000004],[-121.4945440000001,36.193409000000003],[-121.49459200000008,36.193415999999999],[-121.49463900000009,36.193424999999998],[-121.49468300000009,36.193436999999996],[-121.4947250000001,36.193452999999991],[-121.49475300000012,36.193465999999994],[-121.4947930000001,36.193489],[-121.49483400000011,36.193514999999998],[-121.49487300000011,36.193542999999991],[-121.49495200000008,36.193601999999998],[-121.4950310000001,36.193663999999998],[-121.49526600000011,36.193852999999997],[-121.4953460000001,36.193914000000007],[-121.49538700000011,36.193943999999995],[-121.49542800000012,36.193972000000002],[-121.49547100000011,36.193998999999991],[-121.4955140000001,36.194024000000006],[-121.4955600000001,36.194045000000003],[-121.49560700000011,36.194062000000002],[-121.4956550000001,36.194076999999993],[-121.4957040000001,36.194088999999998],[-121.4957550000001,36.194099000000001],[-121.4958060000001,36.194107000000002],[-121.49585800000011,36.194114999999996],[-121.49591000000008,36.19412100000001],[-121.49596200000011,36.194125],[-121.49601400000012,36.194127999999999],[-121.49606500000012,36.19412899999999],[-121.49611700000008,36.19412599999999],[-121.49617000000012,36.194118999999993],[-121.4962220000001,36.194108999999997],[-121.4962750000001,36.194096999999999],[-121.4963260000001,36.194082000000009],[-121.49637700000009,36.194066999999997],[-121.49642800000009,36.194050000000004],[-121.49647700000011,36.194032],[-121.4965250000001,36.194012000000001],[-121.4965710000001,36.193992000000001],[-121.49661500000011,36.193969000000003],[-121.4966560000001,36.193944999999999],[-121.4966920000001,36.193916999999992],[-121.49672000000011,36.19388799999998],[-121.49674400000011,36.193857999999992],[-121.49681000000011,36.193763999999994],[-121.49683300000009,36.19373499999999],[-121.49685800000009,36.193710000000003],[-121.49688800000011,36.193688999999999],[-121.49692700000011,36.193671000000002],[-121.4969710000001,36.193659999999994],[-121.49701900000009,36.193651999999993],[-121.49706900000008,36.193648000000003],[-121.49712100000012,36.193644999999989],[-121.49734000000009,36.193640000000002],[-121.49739600000011,36.193637999999993],[-121.4974510000001,36.193632999999998],[-121.49750300000009,36.193627000000006],[-121.49755400000009,36.193618999999998],[-121.4976060000001,36.193609999999993],[-121.4976570000001,36.193600000000011],[-121.49775900000009,36.193576999999998],[-121.49786100000011,36.193552999999987],[-121.4979620000001,36.193526999999996],[-121.4980630000001,36.193500999999998],[-121.49816300000012,36.193472],[-121.4982110000001,36.193457999999993],[-121.4984510000001,36.193381000000002],[-121.4985470000001,36.193350999999993],[-121.49859500000009,36.193336999999985],[-121.49864400000011,36.193323999999997],[-121.4986930000001,36.193313000000003],[-121.49874100000011,36.193302999999993],[-121.4987910000001,36.193294999999999],[-121.49884000000009,36.193289],[-121.4988890000001,36.193283999999984],[-121.4989370000001,36.193280999999992],[-121.4989850000001,36.193279999999994],[-121.49903200000011,36.193282000000004],[-121.49907700000011,36.193286999999998],[-121.49912100000012,36.193297000000001],[-121.49916100000011,36.193311000000008],[-121.49920000000009,36.193328000000001],[-121.49931100000009,36.193389000000003],[-121.49934700000011,36.193405999999996],[-121.49938400000011,36.193419999999996],[-121.49942200000011,36.193427999999997],[-121.49946200000008,36.193429999999999],[-121.49950300000012,36.193424999999998],[-121.49954500000011,36.193415999999999],[-121.49958700000009,36.193402999999996],[-121.49963100000009,36.193387999999992],[-121.4997180000001,36.193353999999992],[-121.4998530000001,36.19329900000001],[-121.49995300000012,36.193258999999998],[-121.50005400000011,36.193221999999992],[-121.5001560000001,36.193184999999993],[-121.50030700000012,36.193131999999991],[-121.50040700000011,36.193100999999999],[-121.50044800000012,36.193088999999993],[-121.5004900000001,36.193078999999997],[-121.50053000000011,36.193072999999998],[-121.50057100000009,36.193069999999999],[-121.5006190000001,36.193074000000003],[-121.50066700000012,36.193082999999994],[-121.5007140000001,36.193097000000002],[-121.50076200000008,36.193112999999997],[-121.5008100000001,36.193131999999984],[-121.50085800000011,36.193151999999998],[-121.5009530000001,36.193193999999998],[-121.50109700000012,36.193260000000009],[-121.50119300000011,36.19330200000001],[-121.5012420000001,36.193322000000009],[-121.50129100000009,36.193339999999992],[-121.50134100000011,36.193356999999999],[-121.50139200000011,36.193370000000002],[-121.50144300000011,36.193379999999991],[-121.50149500000011,36.193387000000008],[-121.50154800000011,36.193393],[-121.50160100000009,36.193395999999993],[-121.5016550000001,36.193398999999999],[-121.5017620000001,36.193400999999994],[-121.50187000000008,36.193401000000001],[-121.5019240000001,36.193398999999999],[-121.50197800000008,36.193395999999993],[-121.50203100000012,36.193390999999991],[-121.50213600000009,36.193379000000007],[-121.50224100000011,36.193363999999995],[-121.50234600000012,36.193346999999996],[-121.5025030000001,36.193322000000009],[-121.50266000000011,36.193294999999999],[-121.5028140000001,36.193267000000006],[-121.5029150000001,36.193245999999995],[-121.50306500000011,36.193214000000005],[-121.5031650000001,36.193192000000003],[-121.5032640000001,36.19316899999999],[-121.50336400000012,36.19314399999999],[-121.50346400000011,36.193117000000001],[-121.5035640000001,36.193088000000003],[-121.50366200000011,36.193058999999991],[-121.5037590000001,36.193027000000008],[-121.50380600000011,36.193009999999994],[-121.50385200000009,36.192990999999999],[-121.50389600000011,36.192971],[-121.5039380000001,36.192948999999999],[-121.50397700000011,36.192923],[-121.5040140000001,36.192895999999998],[-121.50404900000011,36.192866999999993],[-121.5041160000001,36.19280599999999],[-121.5042160000001,36.192712000000007],[-121.50425000000011,36.192681],[-121.5042850000001,36.192650999999991],[-121.50432200000012,36.192622999999998],[-121.5043620000001,36.192594999999997],[-121.50440400000008,36.192567999999994],[-121.5044470000001,36.192543000000001],[-121.5044910000001,36.192518],[-121.5045360000001,36.192495000000001],[-121.5045810000001,36.192472000000009],[-121.5046270000001,36.192450000000008],[-121.50467400000011,36.192429999999995],[-121.50472100000012,36.192411000000007],[-121.5047690000001,36.192393000000003],[-121.5048190000001,36.192378999999995],[-121.50486800000012,36.192368000000002],[-121.50491900000011,36.192359000000003],[-121.50497000000011,36.192352],[-121.50502200000011,36.192346999999998],[-121.50507400000009,36.192341999999996],[-121.5051790000001,36.192336000000012],[-121.5052850000001,36.192331000000003],[-121.50539000000012,36.192327999999996],[-121.50544500000011,36.192327999999989],[-121.50555300000009,36.192328999999994],[-121.5056620000001,36.192331000000003],[-121.50577000000008,36.192334000000002],[-121.50587800000011,36.192337999999992],[-121.50598600000011,36.192343000000001],[-121.50604200000009,36.192346999999998],[-121.5063200000001,36.192368999999999],[-121.50643100000011,36.192376000000003],[-121.50648600000009,36.192377999999998],[-121.50654100000011,36.192378999999995],[-121.5065960000001,36.192377],[-121.5066470000001,36.192373000000003],[-121.50669700000012,36.192367000000004],[-121.50674800000012,36.19235900000001],[-121.5067980000001,36.192349999999998],[-121.50689800000009,36.192329999999991],[-121.50699700000011,36.192306000000002],[-121.50704500000012,36.192292999999992],[-121.50709400000011,36.192278999999999],[-121.50714100000012,36.192263999999994],[-121.50719000000011,36.192245],[-121.50723800000009,36.192225999999984],[-121.5072850000001,36.192204999999994],[-121.50733100000011,36.192183],[-121.50742300000012,36.192137999999993],[-121.50746800000012,36.192113999999997],[-121.50751300000012,36.192090000000007],[-121.50755600000011,36.192064999999992],[-121.5075990000001,36.192039999999999],[-121.50764000000011,36.192011999999991],[-121.50768200000009,36.191982999999993],[-121.50772100000009,36.191952000000001],[-121.50779800000009,36.191887000000001],[-121.50798500000009,36.191721000000001],[-121.5080610000001,36.191655000000004],[-121.50813500000011,36.191593999999995],[-121.50832400000012,36.191442999999985],[-121.5083980000001,36.191381],[-121.50843400000009,36.191350000000007],[-121.5084690000001,36.191317999999995],[-121.50850400000012,36.19128400000001],[-121.50853700000012,36.191248999999999],[-121.50857000000012,36.191214000000002],[-121.50860100000008,36.191178000000001],[-121.50863100000011,36.191140999999995],[-121.50866000000012,36.191105],[-121.50868800000011,36.191068000000008],[-121.5087140000001,36.191029999999998],[-121.5087370000001,36.190992000000001],[-121.50875500000009,36.190953999999991],[-121.50876900000009,36.190913999999999],[-121.5087760000001,36.190876000000003],[-121.50877800000011,36.190835999999997],[-121.50877700000009,36.190796999999996],[-121.50877200000011,36.190756999999991],[-121.50876600000011,36.190716000000002],[-121.5087580000001,36.190675999999996],[-121.50874800000011,36.190634999999993],[-121.5087370000001,36.19059399999999],[-121.5087250000001,36.190553999999992],[-121.50871100000012,36.190514],[-121.5086950000001,36.190474000000002],[-121.50867600000011,36.190433999999996],[-121.5086560000001,36.190393999999991],[-121.50863400000009,36.190355000000004],[-121.5085450000001,36.190202000000006],[-121.50852500000012,36.190164000000003],[-121.50850700000009,36.190127999999994],[-121.50849200000012,36.190092999999997],[-121.5084810000001,36.190058999999998],[-121.50847700000011,36.190027000000008],[-121.50847800000011,36.190007000000001],[-121.50848500000009,36.18998899999999],[-121.50849900000009,36.189969999999995],[-121.50851900000012,36.189954999999998],[-121.50854400000009,36.189942000000002],[-121.50858100000011,36.189930000000004],[-121.5086220000001,36.189920000000001],[-121.50871100000012,36.189902999999994],[-121.50875700000009,36.189892],[-121.50879900000011,36.189878],[-121.50884000000012,36.189861999999998],[-121.5088800000001,36.189843000000003],[-121.50891900000011,36.189822999999997],[-121.50895700000009,36.189799999999991],[-121.50899400000011,36.189776000000002],[-121.50903200000012,36.189749999999989],[-121.50914300000009,36.189665999999995],[-121.5091850000001,36.189637000000005],[-121.50935800000011,36.189525999999994],[-121.50939700000011,36.189500999999993],[-121.50947100000012,36.189447000000001],[-121.50950700000011,36.189419999999991],[-121.50954300000009,36.189391999999991],[-121.50957700000011,36.189362999999993],[-121.50961000000011,36.189332999999998],[-121.50963900000012,36.18930499999999],[-121.5096660000001,36.18927699999999],[-121.50969300000011,36.189247999999999],[-121.5097440000001,36.189189000000006],[-121.50980500000009,36.189115999999999],[-121.50983500000011,36.189079000000007],[-121.5098630000001,36.189042000000001],[-121.5098900000001,36.189004000000004],[-121.50991400000009,36.188964999999996],[-121.5099350000001,36.188926000000002],[-121.50995100000011,36.188889000000003],[-121.50996400000011,36.188850999999993],[-121.5099750000001,36.188811999999999],[-121.5099830000001,36.188772999999991],[-121.50999100000011,36.188733999999997],[-121.50999600000011,36.188695999999993],[-121.51000500000012,36.188619000000003],[-121.51001200000009,36.188541999999998],[-121.51001800000009,36.188456000000002],[-121.51002200000011,36.188370999999997],[-121.51002100000011,36.188328999999996],[-121.5100190000001,36.188287000000003],[-121.5100130000001,36.188245000000016],[-121.51000400000009,36.18820800000001],[-121.50999300000009,36.18817],[-121.5099800000001,36.188133000000008],[-121.50996600000012,36.188096000000002],[-121.50990400000011,36.187947000000008],[-121.50988900000009,36.187908999999991],[-121.50987600000012,36.187872000000006],[-121.5098650000001,36.187834000000009],[-121.5098570000001,36.187795999999992],[-121.50985300000011,36.187761999999985],[-121.50985200000009,36.187728],[-121.5098540000001,36.187693999999993],[-121.50985900000011,36.187660999999991],[-121.50986700000011,36.187628999999987],[-121.5098910000001,36.187569000000003],[-121.50990100000008,36.187537999999996],[-121.50990700000011,36.187502000000009],[-121.50990900000009,36.187463000000001],[-121.5099080000001,36.187423999999986],[-121.50990400000011,36.187383999999994],[-121.50989700000009,36.187342999999998],[-121.5098900000001,36.187301000000005],[-121.5098720000001,36.187217999999994],[-121.5098510000001,36.187133000000003],[-121.5098280000001,36.187049000000002],[-121.5098150000001,36.187007000000001],[-121.5098000000001,36.186965999999991],[-121.50978400000011,36.186925000000002],[-121.50976600000008,36.18688499999999],[-121.5097440000001,36.186844999999998],[-121.50972000000012,36.186806000000004],[-121.50969400000011,36.186768000000001],[-121.5096660000001,36.186729999999997],[-121.50963600000011,36.18669400000001],[-121.50960600000012,36.186659000000006],[-121.50957300000012,36.186624999999999],[-121.5095390000001,36.186592000000005],[-121.50950200000008,36.186563000000007],[-121.5094610000001,36.186535999999997],[-121.50941800000008,36.186514000000003],[-121.50937200000011,36.186495000000001],[-121.50932300000009,36.186478999999999],[-121.50927300000009,36.186464000000008],[-121.5092210000001,36.186449999999994],[-121.50906600000009,36.18641199999999],[-121.5089660000001,36.186385999999999],[-121.50891900000011,36.186371999999984],[-121.5088750000001,36.186356000000011],[-121.5088370000001,36.186339000000004],[-121.50880600000011,36.186319999999995],[-121.5087850000001,36.186298000000008],[-121.5087760000001,36.186274999999988],[-121.5087760000001,36.186248999999997],[-121.50878300000009,36.18622400000001],[-121.5087970000001,36.18619799999999],[-121.50881700000011,36.186174000000008],[-121.50884400000011,36.186153999999995],[-121.5088820000001,36.186135999999998],[-121.5089260000001,36.186122000000005],[-121.50897400000009,36.186110999999997],[-121.50902600000012,36.186101999999998],[-121.50918900000009,36.186079999999997],[-121.50924300000011,36.186070999999991],[-121.50929700000012,36.186061000000002],[-121.5093490000001,36.186048],[-121.5094000000001,36.186031999999997],[-121.50944800000011,36.186011999999998],[-121.50949300000011,36.185989000000006],[-121.50953400000012,36.185963999999998],[-121.50957200000011,36.185936999999996],[-121.50960400000011,36.185906999999986],[-121.50962800000011,36.185875000000003],[-121.50964300000008,36.185842999999998],[-121.50965100000012,36.185808000000002],[-121.5096530000001,36.185772999999998],[-121.50965000000009,36.185738000000001],[-121.50964200000011,36.185704000000008],[-121.5096290000001,36.185669999999995],[-121.50961100000011,36.185639999999999],[-121.5095870000001,36.185612999999982],[-121.50955400000009,36.185589999999998],[-121.50951600000012,36.185569999999991],[-121.5094730000001,36.185553999999996],[-121.5094280000001,36.185538999999999],[-121.5092870000001,36.185499],[-121.50924300000011,36.185484000000002],[-121.50920100000009,36.185467999999993],[-121.5091640000001,36.185448999999998],[-121.5091340000001,36.185426],[-121.5091130000001,36.185400999999999],[-121.50909900000009,36.185372999999998],[-121.50909000000011,36.185341999999999],[-121.50908700000011,36.185311000000006],[-121.5090890000001,36.185278999999994],[-121.5090970000001,36.185248000000001],[-121.50911100000009,36.185217999999999],[-121.5091340000001,36.185186999999992],[-121.5091640000001,36.185157999999994],[-121.5092660000001,36.18507300000001],[-121.5092980000001,36.185041999999989],[-121.50932400000009,36.185012999999998],[-121.50934800000012,36.184981000000001],[-121.5093700000001,36.184947999999991],[-121.50939100000011,36.18491499999999],[-121.5094280000001,36.184846],[-121.5094790000001,36.184744999999999],[-121.50949800000009,36.184714],[-121.50951900000011,36.184683000000007],[-121.50954800000009,36.184650999999995],[-121.50957900000012,36.18462000000001],[-121.50964400000009,36.184559999999998],[-121.5096740000001,36.184530000000002],[-121.5096990000001,36.184497],[-121.50971500000009,36.184465999999993],[-121.50972700000008,36.184434000000003],[-121.50973500000012,36.184401000000001],[-121.50973900000011,36.184367000000002],[-121.50973900000011,36.184331999999991],[-121.50973500000012,36.184297000000001],[-121.5097250000001,36.184258999999997],[-121.50971200000011,36.184220999999994],[-121.50969500000009,36.184184000000002],[-121.50967500000012,36.184147000000003],[-121.5096530000001,36.184110999999994],[-121.50962800000011,36.184076000000005],[-121.50960000000012,36.184041999999984],[-121.5095690000001,36.184008999999996],[-121.50953500000008,36.183979000000001],[-121.5094970000001,36.18395000000001],[-121.50945800000009,36.183922000000003],[-121.50934100000012,36.183844000000001],[-121.50930600000011,36.18381999999999],[-121.5092750000001,36.183795999999994],[-121.50925100000012,36.183772999999988],[-121.50923400000009,36.183751000000001],[-121.5092300000001,36.183729],[-121.5092410000001,36.183708000000003],[-121.5092650000001,36.183689000000001],[-121.5092980000001,36.183670999999997],[-121.5093380000001,36.183653],[-121.50938400000011,36.183637999999995],[-121.50943200000012,36.183624000000002],[-121.50948300000012,36.183611999999982],[-121.50953500000008,36.183603000000005],[-121.50958500000011,36.183596999999999],[-121.5096340000001,36.183593999999985],[-121.50976000000009,36.183588],[-121.5097940000001,36.183583999999996],[-121.50982400000009,36.183577],[-121.50985000000009,36.183565999999992],[-121.50987000000012,36.183546999999997],[-121.5098840000001,36.183522999999994],[-121.50989200000011,36.183495000000001],[-121.50989500000009,36.183464000000008],[-121.5098930000001,36.183430999999999],[-121.50988600000011,36.183396999999992],[-121.50987500000009,36.183362999999993],[-121.50986200000011,36.18332800000001],[-121.50984700000011,36.183292999999999],[-121.50978000000012,36.183148000000017],[-121.50976500000012,36.183112999999992],[-121.50975400000009,36.183080000000004],[-121.50974700000012,36.183048999999997],[-121.50974700000012,36.183023000000006],[-121.5097550000001,36.183002999999999],[-121.5097640000001,36.182994000000008],[-121.50977700000011,36.182988000000002],[-121.50980700000009,36.182982999999993],[-121.5098450000001,36.18298399999999],[-121.50988700000011,36.182991000000001],[-121.50993300000012,36.183000999999997],[-121.5099810000001,36.183013999999993],[-121.5100250000001,36.183028],[-121.5101600000001,36.183072000000003],[-121.5102060000001,36.183085000000005],[-121.51025200000011,36.183098000000001],[-121.51029900000012,36.183107],[-121.51034800000011,36.183114000000003],[-121.51039600000011,36.183118999999991],[-121.51049300000008,36.183126000000001],[-121.51054000000009,36.183130999999996],[-121.5105870000001,36.183136999999995],[-121.5106310000001,36.183146999999998],[-121.51067800000011,36.183162000000003],[-121.51072300000011,36.18318099999999],[-121.51084700000008,36.183240000000005],[-121.5108840000001,36.183255000000003],[-121.5109190000001,36.183264000000008],[-121.51095000000009,36.183264000000008],[-121.51097600000008,36.183253000000001],[-121.5109990000001,36.183234000000006],[-121.5110190000001,36.183208999999998],[-121.5110370000001,36.183180000000014],[-121.51105300000012,36.183146999999998],[-121.51106600000008,36.183112000000001],[-121.51107700000011,36.183074999999988],[-121.51108500000009,36.183036999999999],[-121.5111000000001,36.182916999999996],[-121.51111000000012,36.182878000000002],[-121.51112300000011,36.182845999999991],[-121.51114100000011,36.182814],[-121.5111630000001,36.182784999999996],[-121.51118100000009,36.182761999999997],[-121.5112500000001,36.182686999999994],[-121.51129700000011,36.182632999999996],[-121.51131500000011,36.182609999999997],[-121.51133000000009,36.182586000000001],[-121.51134500000011,36.182555000000015],[-121.51135500000009,36.182521999999985],[-121.5113710000001,36.182454999999997],[-121.51138000000012,36.182422000000003],[-121.5113920000001,36.182390000000005],[-121.5114090000001,36.182360000000003],[-121.5114330000001,36.182332000000009],[-121.51146300000011,36.182306000000004],[-121.51149600000008,36.182282000000001],[-121.5115320000001,36.182259000000009],[-121.51164200000011,36.182192999999998],[-121.51167600000008,36.182170999999997],[-121.5117070000001,36.182148999999995],[-121.51175000000009,36.182113000000001],[-121.51177200000011,36.182098000000003],[-121.5117960000001,36.182087000000003],[-121.51182200000011,36.182079999999999],[-121.5118480000001,36.18207799999999],[-121.51187400000011,36.18208099999999],[-121.51190100000011,36.182090000000002],[-121.51192700000011,36.182105999999997],[-121.51195200000011,36.182127000000001],[-121.51197500000009,36.18215],[-121.5119960000001,36.18217700000001],[-121.51201400000009,36.182205000000003],[-121.51203100000009,36.182234000000001],[-121.5120780000001,36.182321999999992],[-121.5120910000001,36.182352000000002],[-121.5121000000001,36.182380999999999],[-121.51210400000009,36.182411000000002],[-121.51210100000011,36.18244399999999],[-121.5120910000001,36.182476999999999],[-121.51207600000009,36.182511000000005],[-121.51204400000012,36.182579999999987],[-121.51203000000011,36.182613999999994],[-121.51202000000009,36.182648999999998],[-121.51201700000011,36.182682],[-121.51202000000009,36.182715000000009],[-121.5120270000001,36.182745999999995],[-121.51203800000012,36.182775000000007],[-121.51205400000011,36.182800999999984],[-121.51207400000011,36.182822999999999],[-121.5121000000001,36.182838000000004],[-121.5121310000001,36.182845999999991],[-121.51216700000012,36.182848000000007],[-121.51220600000012,36.182844000000003],[-121.5122470000001,36.182836000000009],[-121.51229000000009,36.182825000000001],[-121.51233300000011,36.182811999999991],[-121.51237700000011,36.182794999999992],[-121.51241900000009,36.182776999999994],[-121.51246500000011,36.182753999999996],[-121.51259900000009,36.182678999999993],[-121.51264400000009,36.182656000000001],[-121.51269000000011,36.182637],[-121.5127370000001,36.182623000000007],[-121.51278600000009,36.182614999999998],[-121.51283700000009,36.182613000000003],[-121.5128890000001,36.182614999999984],[-121.5129400000001,36.182622000000002],[-121.5129910000001,36.182632999999996],[-121.5130370000001,36.182646000000005],[-121.5130820000001,36.182660999999996],[-121.5132120000001,36.182709000000003],[-121.5132550000001,36.18272300000001],[-121.5132960000001,36.182731999999994],[-121.51333700000011,36.182736999999989],[-121.5133720000001,36.182735999999998],[-121.51340500000011,36.182729999999999],[-121.51343500000009,36.182718999999992],[-121.5134620000001,36.182703000000004],[-121.51348800000009,36.182679],[-121.5135080000001,36.182651000000007],[-121.51352500000009,36.182617999999991],[-121.5135380000001,36.182583000000001],[-121.51354900000011,36.182546000000009],[-121.51355600000009,36.182506999999994],[-121.51356100000011,36.182468],[-121.51356300000012,36.182427999999994],[-121.51356100000011,36.182388000000003],[-121.5135540000001,36.182347000000007],[-121.51354500000009,36.182307000000002],[-121.5135080000001,36.182184999999997],[-121.51349700000011,36.182144000000001],[-121.51348800000009,36.182102999999998],[-121.51348300000011,36.182062999999999],[-121.5134810000001,36.182022000000003],[-121.5134820000001,36.181982999999995],[-121.51348500000012,36.181944000000016],[-121.5134900000001,36.18190700000001],[-121.51349800000008,36.181871999999991],[-121.5135080000001,36.181838999999989],[-121.5135210000001,36.181811000000003],[-121.51353100000009,36.18179700000001],[-121.51354300000008,36.181783999999993],[-121.5135650000001,36.181771999999995],[-121.5135910000001,36.181764000000001],[-121.51361300000011,36.181761999999999],[-121.5136360000001,36.181761999999999],[-121.5136680000001,36.181767999999991],[-121.5137000000001,36.181780000000003],[-121.5137330000001,36.181795999999991],[-121.51376500000011,36.181815],[-121.5137960000001,36.181837999999992],[-121.51382500000011,36.181863],[-121.5138560000001,36.181896999999999],[-121.5138860000001,36.181933000000001],[-121.5139710000001,36.182048000000002],[-121.51399900000011,36.182083999999996],[-121.5140280000001,36.182119000000007],[-121.51405900000009,36.182154000000004],[-121.51409100000009,36.182187999999996],[-121.5141230000001,36.182221000000006],[-121.5141570000001,36.182253000000003],[-121.51418800000009,36.182281000000003],[-121.51435300000011,36.182421000000005],[-121.51439000000011,36.182453000000002],[-121.51446200000011,36.182519999999997],[-121.51453300000011,36.182587000000005],[-121.51456700000008,36.182622000000002],[-121.51471900000011,36.182777000000002],[-121.5147810000001,36.182839000000008],[-121.5148410000001,36.182894999999995],[-121.5148990000001,36.182944999999989],[-121.51496500000012,36.182999999999986],[-121.51507700000009,36.183089000000002],[-121.51515200000011,36.183146000000001],[-121.51519000000012,36.183172999999989],[-121.51522700000011,36.183199000000009],[-121.5152640000001,36.183222000000001],[-121.51530100000009,36.183242],[-121.5153370000001,36.183258000000009],[-121.5153730000001,36.183267999999998],[-121.51540800000008,36.183270999999998],[-121.51544200000009,36.18326299999999],[-121.51547500000009,36.183248000000013],[-121.5155080000001,36.183227000000009],[-121.5155400000001,36.183202000000009],[-121.51557200000009,36.183174000000001],[-121.5156940000001,36.183056000000001],[-121.5157270000001,36.183026000000005],[-121.5157600000001,36.182997999999991],[-121.5157980000001,36.182968000000002],[-121.5158370000001,36.182939999999995],[-121.51587800000011,36.182912999999999],[-121.5159190000001,36.182887999999991],[-121.51596200000012,36.182864000000009],[-121.5160060000001,36.182841000000003],[-121.51605200000012,36.18282],[-121.5160990000001,36.182798999999996],[-121.5161470000001,36.182779999999994],[-121.51629100000009,36.182723000000003],[-121.5163390000001,36.182702999999997],[-121.5163850000001,36.182682999999997],[-121.51643100000011,36.182660999999996],[-121.5164750000001,36.182639000000009],[-121.51656300000009,36.18259299999999],[-121.51683200000009,36.182445999999992],[-121.51692200000009,36.182393999999995],[-121.51696600000008,36.182365999999995],[-121.51700700000012,36.182338000000001],[-121.51704300000011,36.182308999999997],[-121.51707700000009,36.182278999999994],[-121.51710700000011,36.182246999999997],[-121.5171320000001,36.182214000000002],[-121.5171510000001,36.182179999999995],[-121.51716600000012,36.182144999999991],[-121.51717600000011,36.182108999999997],[-121.5171830000001,36.182069000000006],[-121.51718500000011,36.182029],[-121.5171820000001,36.181987999999997],[-121.51717500000009,36.181946999999994],[-121.51716500000011,36.18191199999999],[-121.5171500000001,36.181876000000003],[-121.51713300000011,36.181842000000003],[-121.51711300000011,36.181807999999997],[-121.51708900000008,36.181773000000007],[-121.51706200000011,36.181738999999993],[-121.51703400000009,36.181705999999991],[-121.51700400000011,36.181673000000004],[-121.5169420000001,36.181609000000002],[-121.51687000000008,36.181541000000003],[-121.51683300000012,36.181508000000001],[-121.5167950000001,36.181474999999999],[-121.5167560000001,36.181442999999994],[-121.51671600000012,36.181412000000002],[-121.5166780000001,36.181384999999999],[-121.51663800000011,36.181357999999996],[-121.5165970000001,36.181332000000005],[-121.5165140000001,36.181282000000003],[-121.5164300000001,36.181232999999999],[-121.5163450000001,36.181184999999985],[-121.51625900000012,36.181137999999997],[-121.5161720000001,36.181092999999997],[-121.51608400000011,36.181050999999997],[-121.51599500000012,36.181008999999996],[-121.51545400000012,36.180758999999988],[-121.51531700000011,36.18069599999999],[-121.51522400000009,36.180655999999992],[-121.51517800000012,36.180637000000004],[-121.51513100000011,36.180619000000007],[-121.5150840000001,36.180602999999998],[-121.51503600000009,36.180588],[-121.51498400000011,36.18057499999999],[-121.51482900000011,36.180542000000003],[-121.51470200000009,36.180507999999996],[-121.51466000000011,36.180497999999986],[-121.51461800000008,36.180489999999985],[-121.5145770000001,36.180484],[-121.51453600000012,36.180479999999989],[-121.51449500000008,36.180479999999996],[-121.51444900000011,36.180482999999995],[-121.5144020000001,36.180489999999992],[-121.51435600000009,36.180499999999988],[-121.51421500000009,36.180531000000016],[-121.5141680000001,36.180540000000001],[-121.5141200000001,36.180546],[-121.51408000000009,36.180548999999999],[-121.5140390000001,36.180548999999999],[-121.5139980000001,36.180546999999997],[-121.5139580000001,36.180543000000007],[-121.51391200000009,36.180537000000001],[-121.51386700000009,36.180528000000002],[-121.5138230000001,36.180517000000002],[-121.51378000000011,36.180503999999999],[-121.51373800000009,36.180488000000004],[-121.51369800000012,36.180469999999993],[-121.51365900000012,36.18045],[-121.51362100000009,36.180427999999999],[-121.51358400000009,36.180404000000003],[-121.51355000000009,36.180377999999997],[-121.51345300000008,36.180297000000003],[-121.5134180000001,36.18027],[-121.51338100000011,36.180244000000002],[-121.51334300000011,36.180218999999987],[-121.51330300000011,36.180194999999998],[-121.5132620000001,36.180172999999996],[-121.5132200000001,36.180151000000009],[-121.5131810000001,36.180132000000008],[-121.5131420000001,36.18011400000001],[-121.51310100000009,36.180096000000006],[-121.51306100000009,36.180079999999997],[-121.51301100000009,36.180061999999992],[-121.5129610000001,36.180045999999997],[-121.5129100000001,36.180033000000002],[-121.51285900000011,36.180022999999991],[-121.51280900000012,36.180018000000004],[-121.51271200000008,36.180014],[-121.51266700000008,36.180013000000002],[-121.51262100000011,36.180012999999995],[-121.5125750000001,36.18001499999999],[-121.5125290000001,36.180019000000016],[-121.51248200000012,36.180024999999993],[-121.51243500000011,36.180033999999992],[-121.5123890000001,36.180043999999995],[-121.5123420000001,36.180055999999993],[-121.51229600000012,36.180069000000003],[-121.51225100000012,36.18008300000001],[-121.51220000000012,36.180100000000003],[-121.5121000000001,36.180135999999997],[-121.51200200000009,36.180174999999991],[-121.5119530000001,36.180195999999995],[-121.5119050000001,36.180216999999999],[-121.51185700000012,36.180239999999998],[-121.5117630000001,36.180287],[-121.51167100000012,36.18033599999999],[-121.51162500000008,36.180362000000002],[-121.51158000000008,36.180387000000003],[-121.51140800000009,36.180489999999992],[-121.5113640000001,36.180514000000002],[-121.5113200000001,36.180536999999994],[-121.5112750000001,36.180557999999998],[-121.51122700000012,36.180576000000002],[-121.5111780000001,36.18059199999999],[-121.51112900000011,36.18060599999999],[-121.5110810000001,36.180618000000003],[-121.51103500000012,36.180627000000008],[-121.51099000000012,36.180633999999998],[-121.5109470000001,36.180636],[-121.5109070000001,36.180632000000003],[-121.5108760000001,36.180623999999995],[-121.51084600000011,36.180612000000004],[-121.5107390000001,36.180567000000003],[-121.51057000000011,36.18049899999999],[-121.5104840000001,36.180461999999991],[-121.5104420000001,36.180441999999992],[-121.51040200000011,36.180420999999996],[-121.51036500000009,36.180397999999997],[-121.51033200000012,36.180371999999998],[-121.5103010000001,36.180339999999994],[-121.51027500000009,36.180306000000002],[-121.51025200000011,36.180268999999996],[-121.5102320000001,36.180229999999987],[-121.51021300000011,36.180191000000001],[-121.5101780000001,36.180109000000002],[-121.5099350000001,36.179485],[-121.5099050000001,36.179403000000001],[-121.5098930000001,36.179361999999983],[-121.50988200000012,36.179320999999995],[-121.50987400000011,36.179279999999999],[-121.50987000000012,36.179240000000007],[-121.5098720000001,36.179199999999994],[-121.50988000000011,36.17916000000001],[-121.50989400000012,36.179121000000002],[-121.50991200000011,36.179081999999994],[-121.50993300000012,36.179042999999993],[-121.5099560000001,36.179003999999992],[-121.5099810000001,36.178966000000003],[-121.5101360000001,36.178735000000003],[-121.5101820000001,36.178665000000002],[-121.5102200000001,36.178600000000003],[-121.51023700000009,36.178567000000001],[-121.51025200000011,36.178533999999985],[-121.51028800000009,36.178440999999999],[-121.5103290000001,36.178348000000007],[-121.5103410000001,36.178317],[-121.51035300000009,36.178275999999997],[-121.5103620000001,36.178234000000003],[-121.51036900000011,36.178191999999996],[-121.5103730000001,36.178148999999991],[-121.5103800000001,36.178062000000004],[-121.5103860000001,36.177931000000008],[-121.5103970000001,36.177578999999994],[-121.51040900000008,36.177270999999998],[-121.5104130000001,36.177139000000004],[-121.5104130000001,36.177051999999996],[-121.51041100000009,36.177008999999984],[-121.51040800000011,36.176966],[-121.51040300000008,36.176923000000002],[-121.5103950000001,36.176881000000009],[-121.5103890000001,36.176859],[-121.51037100000012,36.176797000000001],[-121.51035700000011,36.176756000000005],[-121.5103010000001,36.176592999999997],[-121.51011300000012,36.176063999999997],[-121.5100850000001,36.175984999999997],[-121.5100590000001,36.175905],[-121.51003600000011,36.175825000000003],[-121.51002700000011,36.175784999999998],[-121.5100190000001,36.175743999999995],[-121.5100130000001,36.175702000000001],[-121.51001000000009,36.175658999999996],[-121.5100080000001,36.175615999999998],[-121.5100070000001,36.175573],[-121.51000900000011,36.175488000000001],[-121.51001200000009,36.175445000000003],[-121.51001500000011,36.175402000000012],[-121.51002100000011,36.175359999999991],[-121.51002900000012,36.17531799999999],[-121.51003900000011,36.175277000000008],[-121.51005400000011,36.175235999999991],[-121.51007200000011,36.175194999999988],[-121.5100910000001,36.175154000000006],[-121.51011300000012,36.175113999999994],[-121.5101350000001,36.175075],[-121.51018300000011,36.174995999999993],[-121.51023500000008,36.174918999999996],[-121.5102620000001,36.174880999999992],[-121.5102900000001,36.174843000000003],[-121.51031900000008,36.174809000000003],[-121.51034800000011,36.174774999999997],[-121.51040900000008,36.174708000000003],[-121.5105650000001,36.174542999999993],[-121.5106260000001,36.174477000000003],[-121.5106890000001,36.174404999999993],[-121.5108450000001,36.174224000000002],[-121.51090900000011,36.174153000000004],[-121.51094200000011,36.174117999999993],[-121.51097600000008,36.174083999999993],[-121.5110100000001,36.174052000000003],[-121.51104600000009,36.174021000000003],[-121.51111900000009,36.173959999999994],[-121.5112680000001,36.173838999999994],[-121.51134200000011,36.173777000000001],[-121.51137800000011,36.173746000000001],[-121.51144500000008,36.173684000000016],[-121.5115110000001,36.173619999999993],[-121.51157500000009,36.173555],[-121.5119550000001,36.17316300000001],[-121.51202000000009,36.173099000000001],[-121.51208700000011,36.173036000000003],[-121.51215900000011,36.172972999999992],[-121.51223300000009,36.172911999999997],[-121.51230900000009,36.172853000000003],[-121.51234800000009,36.172824999999996],[-121.5123880000001,36.17279700000001],[-121.5124280000001,36.172770000000007],[-121.51247000000009,36.172744999999999],[-121.51251300000011,36.172720999999996],[-121.51255800000011,36.172699999999999],[-121.5126040000001,36.172682000000009],[-121.51265100000009,36.172663999999997],[-121.51269900000011,36.172647999999988],[-121.5127480000001,36.172632],[-121.51284700000008,36.172602999999995],[-121.5129460000001,36.172575999999999],[-121.5129970000001,36.172564000000001],[-121.51304700000011,36.172551999999996],[-121.51309800000011,36.172541000000002],[-121.51314900000011,36.17253199999999],[-121.51320000000011,36.172524000000003],[-121.51325100000011,36.172517999999997],[-121.51345500000009,36.172495999999995],[-121.51350600000012,36.172488999999999],[-121.51355500000011,36.172481000000012],[-121.5136040000001,36.172469999999997],[-121.5136550000001,36.172454999999999],[-121.51370400000012,36.172437999999993],[-121.51375300000011,36.172418000000008],[-121.51380100000009,36.172397999999994],[-121.51384900000011,36.172375999999986],[-121.51394400000009,36.172330999999993],[-121.5140390000001,36.172284999999995],[-121.5145100000001,36.172049999999999],[-121.51465000000012,36.171978000000003],[-121.51469600000009,36.171952999999995],[-121.51474100000009,36.171926999999997],[-121.51478300000011,36.171902000000003],[-121.51482500000009,36.171875999999997],[-121.51490700000009,36.171821999999992],[-121.51502900000011,36.17174],[-121.51523000000009,36.171599999999998],[-121.5153480000001,36.171514999999985],[-121.5153870000001,36.171486000000002],[-121.5154240000001,36.171456999999997],[-121.5154600000001,36.17142599999999],[-121.5154950000001,36.171393999999999],[-121.5155290000001,36.171360000000007],[-121.5155610000001,36.171324000000006],[-121.5155920000001,36.171287],[-121.5156510000001,36.171211],[-121.5157360000001,36.171096000000006],[-121.51584800000012,36.170940999999999],[-121.51590300000011,36.170863000000004],[-121.51595700000009,36.170784999999995],[-121.51598300000012,36.170744999999997],[-121.51600700000012,36.170704999999991],[-121.5160310000001,36.170665000000007],[-121.5160510000001,36.170627000000003],[-121.5160690000001,36.170588000000009],[-121.5160870000001,36.170549000000001],[-121.51610300000011,36.170508999999996],[-121.5161330000001,36.17043000000001],[-121.5161470000001,36.170389],[-121.5161600000001,36.170348999999995],[-121.5161710000001,36.170309000000003],[-121.51618000000011,36.170268],[-121.51618800000011,36.170226999999997],[-121.51619300000011,36.170186000000001],[-121.5161970000001,36.170144000000008],[-121.51620000000011,36.17010299999999],[-121.5162040000001,36.170019000000011],[-121.51620600000011,36.169893999999992],[-121.5162040000001,36.16981100000001],[-121.51620200000012,36.169769000000002],[-121.5161980000001,36.16972599999999],[-121.5161890000001,36.169639999999994],[-121.51617000000009,36.169509999999995],[-121.51612900000011,36.169251999999993],[-121.5160510000001,36.168770999999992],[-121.51603800000011,36.168683999999992],[-121.51603300000009,36.168641000000008],[-121.5160290000001,36.168599000000007],[-121.51602600000011,36.168559000000002],[-121.51602600000011,36.168520999999984],[-121.5160290000001,36.168486999999992],[-121.51603400000012,36.168461999999998],[-121.5160420000001,36.168440999999994],[-121.5160540000001,36.168426000000004],[-121.5160690000001,36.168416999999984],[-121.5160930000001,36.168416999999991],[-121.51612200000011,36.168426000000004],[-121.5161540000001,36.168441999999992],[-121.51618800000011,36.168462999999996],[-121.51622400000011,36.168487999999996],[-121.5162620000001,36.168515999999997],[-121.5163390000001,36.168576000000002],[-121.5164560000001,36.168669999999992],[-121.5167690000001,36.168925000000002],[-121.5168460000001,36.168986999999994],[-121.5168850000001,36.169015999999999],[-121.5169240000001,36.169043999999992],[-121.5169630000001,36.169069999999998],[-121.5170020000001,36.169093000000004],[-121.51704100000011,36.169111999999998],[-121.5170810000001,36.169125000000001],[-121.51712000000011,36.169129999999996],[-121.5171570000001,36.169125999999999],[-121.5171940000001,36.169116000000002],[-121.51723000000011,36.1691],[-121.5172670000001,36.169080999999991],[-121.5173030000001,36.169058999999997],[-121.51733900000011,36.169033999999989],[-121.51737300000012,36.169007999999998],[-121.51747400000011,36.168928999999999],[-121.51750800000012,36.168905000000009],[-121.5175430000001,36.168883999999991],[-121.5175850000001,36.168866999999999],[-121.51760800000011,36.168861000000014],[-121.5176330000001,36.168857000000003],[-121.51767600000009,36.168854000000003],[-121.5177200000001,36.168853999999996],[-121.51776600000009,36.168857000000017],[-121.51781200000009,36.168863000000009],[-121.5178590000001,36.168869999999998],[-121.51790700000009,36.168877999999999],[-121.51795100000008,36.168887000000005],[-121.51799500000011,36.168896999999994],[-121.5180390000001,36.168908000000002],[-121.51808200000009,36.168919000000002],[-121.5181230000001,36.168931999999991],[-121.51816400000008,36.168945999999998],[-121.51818800000011,36.168956000000009],[-121.51821100000009,36.168967999999992],[-121.51825100000011,36.168991999999989],[-121.5182880000001,36.16902000000001],[-121.51832300000011,36.169050000000006],[-121.51835500000011,36.169082999999993],[-121.51838600000011,36.169116999999993],[-121.51841600000009,36.169153000000016],[-121.5184440000001,36.169189999999993],[-121.5184960000001,36.169264999999996],[-121.51854500000009,36.169341000000003],[-121.5185920000001,36.169418999999998],[-121.51861400000011,36.169457999999992],[-121.5186360000001,36.169497999999997],[-121.51865500000009,36.169536999999991],[-121.51867300000012,36.169575999999999],[-121.51870400000011,36.169654999999992],[-121.5187600000001,36.169813000000005],[-121.5187900000001,36.16989199999999],[-121.5188050000001,36.169930999999998],[-121.5188220000001,36.169969999999999],[-121.5188400000001,36.170008000000003],[-121.51886300000011,36.170047999999994],[-121.51888600000009,36.170088],[-121.5189120000001,36.170127999999991],[-121.51896500000011,36.170205000000003],[-121.51902100000009,36.170281000000003],[-121.51905000000011,36.170318999999999],[-121.5190800000001,36.170354999999994],[-121.51911100000009,36.170391000000002],[-121.5191430000001,36.17042399999999],[-121.5191760000001,36.170456000000001],[-121.51921300000009,36.170484000000002],[-121.51925300000009,36.170508000000005],[-121.51929200000009,36.170523999999993],[-121.51933400000011,36.170537999999993],[-121.5193780000001,36.170549000000001],[-121.5194230000001,36.170558000000007],[-121.51956500000011,36.170582000000003],[-121.5196670000001,36.170602000000002],[-121.5197680000001,36.170622999999999],[-121.5199720000001,36.170668999999997],[-121.52007400000008,36.170690999999991],[-121.52012500000008,36.170699999999989],[-121.52017800000012,36.170708999999995],[-121.52023200000009,36.170717000000003],[-121.52033900000012,36.170731000000004],[-121.5204470000001,36.170741999999997],[-121.5205010000001,36.170746999999999],[-121.52060900000009,36.170754000000002],[-121.5206630000001,36.170757000000009],[-121.5207170000001,36.170757999999999],[-121.5207710000001,36.170757000000009],[-121.5209340000001,36.170749999999991],[-121.52098800000012,36.170748999999994],[-121.52104200000009,36.170748000000003],[-121.5210940000001,36.170749999999998],[-121.52114500000009,36.170751999999993],[-121.52129800000012,36.170761999999996],[-121.52134800000012,36.170763999999991],[-121.52139700000011,36.170764999999996],[-121.52144500000011,36.170763000000001],[-121.5214910000001,36.170757999999999],[-121.52153500000011,36.170749000000001],[-121.5215780000001,36.170735000000001],[-121.5216180000001,36.170715999999999],[-121.52165800000012,36.170695000000002],[-121.52173600000012,36.170650999999992],[-121.5217770000001,36.170630000000003],[-121.52182000000012,36.170612999999989],[-121.52186400000009,36.1706],[-121.5219110000001,36.170590000000004],[-121.52195900000011,36.170583000000001],[-121.5220080000001,36.170576999999994],[-121.5222090000001,36.170558999999997],[-121.5222590000001,36.170553000000005],[-121.52230800000009,36.170544999999997],[-121.5223560000001,36.170534000000004],[-121.52240500000012,36.170519999999996],[-121.5224520000001,36.170502000000006],[-121.52249900000011,36.170481999999986],[-121.52254500000008,36.170460999999996],[-121.52259000000008,36.170437999999997],[-121.52263500000008,36.170415000000006],[-121.52272500000008,36.170366000000008],[-121.5228570000001,36.170290999999992],[-121.52294500000012,36.170238999999995],[-121.5230310000001,36.170186999999991],[-121.52328800000009,36.170031000000009],[-121.5233740000001,36.169979999999995],[-121.52341700000009,36.169954999999995],[-121.5234610000001,36.169930999999991],[-121.5235060000001,36.169908],[-121.5235510000001,36.169886999999989],[-121.52359800000011,36.169867999999994],[-121.52364600000011,36.169851999999992],[-121.5236960000001,36.169837999999999],[-121.5237460000001,36.16982500000001],[-121.5237970000001,36.169814000000002],[-121.52390100000011,36.169792999999984],[-121.5242140000001,36.16973500000001],[-121.5243170000001,36.169713999999992],[-121.52436800000009,36.169701999999994],[-121.52441900000009,36.169688999999998],[-121.52452000000011,36.169660000000007],[-121.5246200000001,36.169628999999993],[-121.52476900000011,36.169580999999994],[-121.52506700000011,36.169482999999993],[-121.5252150000001,36.169435999999983],[-121.5252650000001,36.169421],[-121.52531500000009,36.169407000000007],[-121.52536500000009,36.169395000000002],[-121.52541600000012,36.169383999999994],[-121.52546700000011,36.169375000000002],[-121.5255180000001,36.169369000000003],[-121.52557000000012,36.169362999999997],[-121.52562200000008,36.169358999999993],[-121.5257270000001,36.169353000000001],[-121.52583300000011,36.16934899999999],[-121.52588500000012,36.169347999999999],[-121.5259380000001,36.169347999999992],[-121.5259920000001,36.169350000000009],[-121.5261010000001,36.169354000000006],[-121.52620900000009,36.169361000000009],[-121.5265890000001,36.169386999999986],[-121.52669700000008,36.169392000000002],[-121.52691800000009,36.169403000000003],[-121.52697200000011,36.169405999999988],[-121.5270270000001,36.169411000000004],[-121.52708100000011,36.169415999999998],[-121.52713400000012,36.169423999999999],[-121.52718600000009,36.169431999999993],[-121.5272380000001,36.169441999999997],[-121.52734200000009,36.169462999999993],[-121.5276010000001,36.169518999999994],[-121.52770500000011,36.169539],[-121.52775700000011,36.169548000000006],[-121.52780300000011,36.169555000000003],[-121.5278570000001,36.169560999999995],[-121.52790700000008,36.169563999999994],[-121.5279560000001,36.169565999999996],[-121.5280060000001,36.169565999999996],[-121.5282040000001,36.169564999999999],[-121.52836000000011,36.169564000000001],[-121.5284110000001,36.169561999999999],[-121.5284620000001,36.169555000000003],[-121.52850700000009,36.169542999999983],[-121.52855100000009,36.169528000000007],[-121.52859400000011,36.169508999999991],[-121.52863600000009,36.169488000000001],[-121.52867800000011,36.169466],[-121.52872000000011,36.169443000000001],[-121.52889100000012,36.16934599999999],[-121.5289800000001,36.169297999999991],[-121.52911700000008,36.169228000000004],[-121.52920900000009,36.169182999999997],[-121.5292560000001,36.169161000000003],[-121.5293510000001,36.169119000000002],[-121.52944600000009,36.169080000000001],[-121.5295430000001,36.169044000000007],[-121.52973800000011,36.168973000000001],[-121.5298330000001,36.168935999999995],[-121.52988000000011,36.168917000000008],[-121.52992600000012,36.168895999999997],[-121.52997000000011,36.168873999999995],[-121.5300120000001,36.168849000000002],[-121.53005000000012,36.168822999999996],[-121.53008700000008,36.168795000000003],[-121.53012100000009,36.168766000000005],[-121.53015500000009,36.168734999999991],[-121.53018800000011,36.168704000000005],[-121.5302200000001,36.168672000000001],[-121.53028400000009,36.168605999999997],[-121.53044100000008,36.168440999999994],[-121.53050400000011,36.16837499999999],[-121.53056900000011,36.168310999999996],[-121.53060200000012,36.168279999999996],[-121.5306370000001,36.168249999999993],[-121.53067200000011,36.168222000000007],[-121.5307100000001,36.168196999999992],[-121.53075000000011,36.168174999999998],[-121.5307930000001,36.168156000000003],[-121.5308390000001,36.168140999999999],[-121.53088700000012,36.168129000000008],[-121.53093600000011,36.168117999999993],[-121.5309850000001,36.168109999999999],[-121.5310360000001,36.168101999999983],[-121.5310870000001,36.168097000000003],[-121.5311380000001,36.168093000000006],[-121.5311890000001,36.168089999999999],[-121.5312400000001,36.168090999999997],[-121.53129000000011,36.168093999999996],[-121.53134300000012,36.168101999999983],[-121.53139400000012,36.168114000000003],[-121.53144600000012,36.168128000000003],[-121.5314960000001,36.168145000000017],[-121.53154500000009,36.168161999999995],[-121.53159400000008,36.168182000000002],[-121.5316400000001,36.168202000000001],[-121.5316850000001,36.168225],[-121.53172600000011,36.168248999999996],[-121.53176200000009,36.168275999999992],[-121.53179300000009,36.168306000000001],[-121.53181500000009,36.168337999999999],[-121.53183200000009,36.168373999999993],[-121.53184400000011,36.168410999999999],[-121.5318530000001,36.16845],[-121.5318590000001,36.168490999999996],[-121.53186300000011,36.168531999999999],[-121.5318650000001,36.168573000000002],[-121.53186400000008,36.168613999999998],[-121.5318620000001,36.168655999999991],[-121.53185700000012,36.168696999999995],[-121.5318480000001,36.168737999999998],[-121.5318350000001,36.168777999999996],[-121.53181900000008,36.168818999999999],[-121.53180000000012,36.168858],[-121.53176200000009,36.168936000000002],[-121.5317450000001,36.168973999999999],[-121.53172900000008,36.169012000000002],[-121.5317180000001,36.169048999999994],[-121.5317120000001,36.169086000000007],[-121.5317130000001,36.169120999999983],[-121.5317240000001,36.169153999999985],[-121.53174100000011,36.169186000000003],[-121.53176400000009,36.169217000000003],[-121.53179100000011,36.169247999999996],[-121.53182100000009,36.169277999999991],[-121.53185200000009,36.169308000000008],[-121.5318860000001,36.169338000000003],[-121.53195600000009,36.169398000000001],[-121.53210300000012,36.169520000000006],[-121.53217600000011,36.169581999999998],[-121.5322470000001,36.169644999999996],[-121.53228100000011,36.169677000000007],[-121.5323150000001,36.169708999999997],[-121.53234700000012,36.169742999999997],[-121.53237800000008,36.169778999999991],[-121.5324090000001,36.169815999999983],[-121.5324380000001,36.169854000000001],[-121.5324660000001,36.169893000000009],[-121.53252100000012,36.169970999999997],[-121.5326000000001,36.170088999999983],[-121.53275800000011,36.170327999999998],[-121.53281100000009,36.170406000000007],[-121.5328380000001,36.17044400000001],[-121.53286600000011,36.170481000000009],[-121.5328950000001,36.170515999999992],[-121.53292400000011,36.170548999999994],[-121.53295600000011,36.170577999999992],[-121.53299000000008,36.170602000000002],[-121.53302800000012,36.170619000000002],[-121.53306000000011,36.170625999999984],[-121.5330950000001,36.170628999999998],[-121.53313200000009,36.170628000000001],[-121.53317700000009,36.170623999999989],[-121.5332250000001,36.170616999999993],[-121.53327300000009,36.170608999999999],[-121.53332300000011,36.170599000000003],[-121.5334230000001,36.170577999999992],[-121.53352400000011,36.170555000000007],[-121.5336250000001,36.170529999999992],[-121.53372500000009,36.170504000000008],[-121.53377500000012,36.170490000000008],[-121.5338730000001,36.170461999999993],[-121.53397100000009,36.170431999999991],[-121.5340680000001,36.170400999999998],[-121.5341640000001,36.170368999999994],[-121.53421200000011,36.170352000000001],[-121.53425900000012,36.17033399999999],[-121.5343070000001,36.170314999999988],[-121.5344020000001,36.170273999999999],[-121.5345430000001,36.170208999999993],[-121.53468100000011,36.170140999999994],[-121.53477200000012,36.170095000000003],[-121.53481700000012,36.170070000000003],[-121.5348980000001,36.170021999999996],[-121.53497900000012,36.169972000000001],[-121.5351380000001,36.169870000000003],[-121.5352190000001,36.169820000000001],[-121.53530400000011,36.16977099999999],[-121.5353930000001,36.169721999999993],[-121.5354840000001,36.169676000000017],[-121.53553000000011,36.169654000000001],[-121.53557600000011,36.169632],[-121.53562300000009,36.169611000000003],[-121.5356700000001,36.169592000000002],[-121.53571800000012,36.16957399999999],[-121.53576700000011,36.169558000000002],[-121.53581800000011,36.169544999999999],[-121.5358690000001,36.169535000000003],[-121.5359210000001,36.169525999999991],[-121.5359730000001,36.169517999999989],[-121.53602600000011,36.169511000000007],[-121.53613200000009,36.169498000000004],[-121.53640000000011,36.169468999999999],[-121.5365060000001,36.169457000000001],[-121.53661300000012,36.169443000000008],[-121.5366660000001,36.169435000000007],[-121.53677300000011,36.169418000000015],[-121.5369330000001,36.169391000000005],[-121.5374650000001,36.16929600000001],[-121.53762500000009,36.169265999999993],[-121.53773100000011,36.169243999999992],[-121.5377830000001,36.169232999999991],[-121.53788300000009,36.16920799999999],[-121.53813000000011,36.169142000000001],[-121.53822900000009,36.169118000000005],[-121.5382780000001,36.169107999999994],[-121.5383260000001,36.169098999999996],[-121.53842300000009,36.169083999999998],[-121.53846800000009,36.169075999999997],[-121.53850800000011,36.169063999999992],[-121.53854400000012,36.169046999999992],[-121.5385720000001,36.169024],[-121.53859500000011,36.168993999999991],[-121.53861300000011,36.168960999999996],[-121.53862800000012,36.168924000000004],[-121.53864000000011,36.168885999999993],[-121.53864900000009,36.168845999999995],[-121.5386560000001,36.168805000000006],[-121.53866100000009,36.168762999999991],[-121.5386620000001,36.168722000000002],[-121.53866000000009,36.168679999999995],[-121.53865300000008,36.168639999999989],[-121.5386410000001,36.168599999999998],[-121.5386240000001,36.168560999999997],[-121.53858800000012,36.168486000000001],[-121.53857100000009,36.16845],[-121.53855800000009,36.168415000000003],[-121.5385510000001,36.168380999999997],[-121.53855300000011,36.168349000000006],[-121.5385660000001,36.168319000000004],[-121.53858800000012,36.168292000000008],[-121.5386170000001,36.168265000000005],[-121.5386510000001,36.16823999999999],[-121.53868800000009,36.168216000000008],[-121.5387290000001,36.168191999999991],[-121.5387710000001,36.168168999999999],[-121.5388150000001,36.168147000000005],[-121.5388600000001,36.168125999999994],[-121.53890700000009,36.168105999999995],[-121.53895500000012,36.168087999999997],[-121.53900400000011,36.168070999999991],[-121.53910400000009,36.168039999999991],[-121.53930400000009,36.167980000000007],[-121.5393530000001,36.167963999999991],[-121.5394010000001,36.167947999999988],[-121.53944800000011,36.167931000000003],[-121.5394940000001,36.167912000000008],[-121.5395370000001,36.167891000000004],[-121.5395760000001,36.167866000000004],[-121.53961300000009,36.167837999999989],[-121.53964600000009,36.167807000000003],[-121.5396770000001,36.167772999999997],[-121.53970600000011,36.167737999999993],[-121.53973300000011,36.167701000000008],[-121.53975900000012,36.167664000000002],[-121.53978500000008,36.167626000000006],[-121.53980800000011,36.167588000000002],[-121.53983100000012,36.167548999999994],[-121.5398520000001,36.16751],[-121.53987000000009,36.167470999999999],[-121.5398850000001,36.167431000000008],[-121.5398960000001,36.167392],[-121.53990100000011,36.167352000000001],[-121.5398990000001,36.167313000000007],[-121.53989200000011,36.167273999999999],[-121.53988000000011,36.167234999999991],[-121.5398670000001,36.167197000000002],[-121.5398510000001,36.167158000000001],[-121.53980300000011,36.167045999999999],[-121.53979000000011,36.167011000000002],[-121.53978000000009,36.166978],[-121.53977500000009,36.166947999999998],[-121.5397770000001,36.166922],[-121.53978700000009,36.166901000000003],[-121.5398090000001,36.166887000000003],[-121.53984100000011,36.166877999999997],[-121.53988000000011,36.166873999999993],[-121.53992500000011,36.166872999999995],[-121.53997200000012,36.166873000000002],[-121.5400230000001,36.166876000000002],[-121.54007500000012,36.166879000000002],[-121.5401820000001,36.166888],[-121.5405660000001,36.166921999999992],[-121.5407290000001,36.166936999999997],[-121.5408370000001,36.166949000000002],[-121.5408900000001,36.166955999999992],[-121.54094300000011,36.166963999999993],[-121.54099600000012,36.166974000000003],[-121.54104800000009,36.166986000000001],[-121.54109900000012,36.166999000000004],[-121.5411490000001,36.167013999999988],[-121.5412500000001,36.167045000000002],[-121.54134900000008,36.167078000000004],[-121.54179200000011,36.167228999999999],[-121.5419380000001,36.167279999999998],[-121.5420350000001,36.167315000000009],[-121.54208200000008,36.167332999999999],[-121.54212900000009,36.167351999999994],[-121.5421750000001,36.167371000000003],[-121.54221900000009,36.16739299999999],[-121.54226200000008,36.167415999999996],[-121.5423040000001,36.167442999999999],[-121.5423440000001,36.167471999999997],[-121.5423830000001,36.167502000000006],[-121.5424210000001,36.167534000000003],[-121.5424580000001,36.167566000000001],[-121.5425300000001,36.167632000000005],[-121.5426020000001,36.167699999999996],[-121.5426720000001,36.167768000000002],[-121.54274100000009,36.167837000000006],[-121.54277500000011,36.167871999999996],[-121.54280800000011,36.167906999999992],[-121.54284000000011,36.167943000000008],[-121.54286800000008,36.167975999999996],[-121.54297600000011,36.168110999999996],[-121.5430040000001,36.168143999999998],[-121.54303400000011,36.168175999999995],[-121.5430650000001,36.168205999999991],[-121.5431020000001,36.168236999999991],[-121.54314000000009,36.168264999999998],[-121.54318000000011,36.168292000000001],[-121.54322200000009,36.168317999999992],[-121.5432650000001,36.168342999999986],[-121.5433080000001,36.168366999999996],[-121.54335300000007,36.168390000000002],[-121.5433980000001,36.168411999999996],[-121.54344100000009,36.168429999999994],[-121.54348400000008,36.168447999999991],[-121.54352800000008,36.168462999999996],[-121.54357300000008,36.16847700000001],[-121.54361800000011,36.168488999999994],[-121.54366400000011,36.168497999999992],[-121.5437130000001,36.168503999999992],[-121.54376300000007,36.168506999999998],[-121.54381300000011,36.16850800000001],[-121.54386300000007,36.168506000000008],[-121.54391200000012,36.168503999999999],[-121.54396000000011,36.168499999999995],[-121.54400800000009,36.168495],[-121.54405600000008,36.168488999999994],[-121.54410400000012,36.168481999999997],[-121.54415100000007,36.168473999999996],[-121.54419800000008,36.168464999999998],[-121.54433500000012,36.168433999999998],[-121.54438000000009,36.168424999999992],[-121.54442500000012,36.168419],[-121.54446900000008,36.168416000000001],[-121.54451800000007,36.168419000000014],[-121.54456800000007,36.168427000000001],[-121.54461700000009,36.168438999999985],[-121.54466600000008,36.168452999999992],[-121.5447150000001,36.168467999999997],[-121.54476300000007,36.168485999999994],[-121.54481200000009,36.168503999999992],[-121.54490900000009,36.168542000000002],[-121.54500500000012,36.168583000000005],[-121.5450520000001,36.168604999999985],[-121.5450970000001,36.168626999999994],[-121.54514000000009,36.16865099999999],[-121.54518100000007,36.168675999999998],[-121.54521900000007,36.168705000000003],[-121.54525100000006,36.168734999999991],[-121.54528000000009,36.168767999999986],[-121.54530700000007,36.168803000000004],[-121.54533200000009,36.168838999999991],[-121.54535600000008,36.16887599999999],[-121.54549300000006,36.169104000000004],[-121.54551600000008,36.169142000000008],[-121.5455420000001,36.169179000000007],[-121.54556800000007,36.169215000000001],[-121.54559700000007,36.169250999999996],[-121.54562800000006,36.169286],[-121.54569300000009,36.16935500000001],[-121.54579400000009,36.16945599999999],[-121.54593200000006,36.169589999999999],[-121.54600200000009,36.169656000000003],[-121.54607400000006,36.169720000000005],[-121.54611100000007,36.169750000000008],[-121.54614800000009,36.169778999999991],[-121.54618700000009,36.169806000000001],[-121.54622800000007,36.169829000000007],[-121.54627200000009,36.169848000000002],[-121.54632000000008,36.169863000000007],[-121.54637100000008,36.169872999999995],[-121.54642400000007,36.169878999999995],[-121.54647800000006,36.169883000000006],[-121.54653300000008,36.169884999999994],[-121.54658800000007,36.169884999999994],[-121.54664300000007,36.169883999999996],[-121.54669700000007,36.169882000000008],[-121.54674900000009,36.16987799999999],[-121.54680000000009,36.169871000000001],[-121.54684700000007,36.169862000000002],[-121.54689000000009,36.169848000000002],[-121.54692700000008,36.169828999999993],[-121.54695600000007,36.169802000000004],[-121.54698000000009,36.169769999999986],[-121.54699800000009,36.169733999999991],[-121.54701300000009,36.16969499999999],[-121.54702600000007,36.169652999999997],[-121.54703800000009,36.169610999999996],[-121.54705800000009,36.169522999999998],[-121.54710300000009,36.169297],[-121.54712200000009,36.169207],[-121.54713300000009,36.169162999999998],[-121.54714400000007,36.169117999999997],[-121.54715800000008,36.169074000000002],[-121.54717300000009,36.169031000000004],[-121.54719100000008,36.168990000000001],[-121.54721300000007,36.168949999999995],[-121.54723700000007,36.168915999999996],[-121.54726400000007,36.168883000000001],[-121.54729400000005,36.168852000000001],[-121.54732400000007,36.168822999999996],[-121.54735500000007,36.168795999999993],[-121.54738500000009,36.168771],[-121.54741200000007,36.168751],[-121.54743700000009,36.168734999999991],[-121.54746200000007,36.168725000000002],[-121.54748600000008,36.168722000000002],[-121.54751400000009,36.168729999999996],[-121.54754000000007,36.168747999999994],[-121.54756600000009,36.168773999999992],[-121.54759100000007,36.168803999999994],[-121.54761600000009,36.168838999999991],[-121.54764100000008,36.168875999999997],[-121.54766500000008,36.168914000000001],[-121.54771400000007,36.168993999999998],[-121.54788200000007,36.169280999999991],[-121.54793100000008,36.169362],[-121.54795600000008,36.169400999999993],[-121.54798300000009,36.169438999999983],[-121.54801100000007,36.169477000000001],[-121.54804000000009,36.169512000000012],[-121.54807300000009,36.169544999999999],[-121.54810900000007,36.169574999999995],[-121.54814900000008,36.169600999999993],[-121.54819300000007,36.169623000000001],[-121.54824000000008,36.169643000000001],[-121.54828800000007,36.16966200000001],[-121.54833800000009,36.169678999999995],[-121.54844100000007,36.169711999999997],[-121.54859700000007,36.169758999999999],[-121.54875500000009,36.169803999999999],[-121.54885900000006,36.169831999999992],[-121.54891200000007,36.169844000000005],[-121.54896400000007,36.169854000000001],[-121.54901500000007,36.169861999999995],[-121.54906600000007,36.169865999999999],[-121.54911700000007,36.169864999999994],[-121.54916600000008,36.169858999999995],[-121.54921400000009,36.16984699999999],[-121.54926200000008,36.169831999999992],[-121.54930900000006,36.169814000000002],[-121.54935600000007,36.169793999999996],[-121.54940300000008,36.169771999999995],[-121.54944800000007,36.169750000000008],[-121.54949300000007,36.16972599999999],[-121.54953600000007,36.169701999999994],[-121.54957800000008,36.169676000000003],[-121.54961700000008,36.169649],[-121.54965200000007,36.169619000000004],[-121.54968300000009,36.169587999999997],[-121.54970400000008,36.169559000000014],[-121.54972200000009,36.169528999999997],[-121.54973700000008,36.169496999999993],[-121.54975300000007,36.169457000000001],[-121.54976700000009,36.169415000000001],[-121.54980800000007,36.16928999999999],[-121.54982300000009,36.169251000000003],[-121.54984100000007,36.169213000000006],[-121.54986300000009,36.169176999999998],[-121.54988900000006,36.169145999999998],[-121.54991400000009,36.169123999999989],[-121.54995100000008,36.169097999999998],[-121.54999100000009,36.169073999999995],[-121.55003500000008,36.169049999999991],[-121.55008000000008,36.169026999999993],[-121.55012600000009,36.169004000000001],[-121.55036700000007,36.168890999999995],[-121.55046300000006,36.168843999999986],[-121.55051100000009,36.168819999999997],[-121.55055500000007,36.168795999999993],[-121.55059800000006,36.168770999999992],[-121.55064100000008,36.168745999999992],[-121.55068300000008,36.168719999999993],[-121.55072300000008,36.168693000000005],[-121.55076200000008,36.168664999999997],[-121.55079900000007,36.168635999999999],[-121.55083300000008,36.168606000000004],[-121.55086300000008,36.168574],[-121.55088800000007,36.16854],[-121.55090800000008,36.16850500000001],[-121.55092500000009,36.168469000000002],[-121.55093800000009,36.168432000000003],[-121.55094800000008,36.16839499999999],[-121.55095500000009,36.168357],[-121.55095600000008,36.168318999999997],[-121.55095200000007,36.168281999999998],[-121.55094100000008,36.168244999999999],[-121.55092400000007,36.168207999999993],[-121.55090300000008,36.168171000000008],[-121.55087900000007,36.168134999999999],[-121.55085400000009,36.168098999999991],[-121.55074300000008,36.167953999999995],[-121.55071700000008,36.167918],[-121.55069300000007,36.167881999999999],[-121.55067100000008,36.167847000000002],[-121.55065200000008,36.167811999999991],[-121.55063600000007,36.167776999999994],[-121.55062500000007,36.167742000000004],[-121.55062000000008,36.167708999999995],[-121.55062300000007,36.167676999999998],[-121.55063700000007,36.167645999999998],[-121.55066000000006,36.167616000000002],[-121.55069000000007,36.167588000000002],[-121.55072400000009,36.167560999999999],[-121.55076300000009,36.167536999999989],[-121.55080300000009,36.16751399999999],[-121.55084600000008,36.167495000000002],[-121.55089100000005,36.167479],[-121.55093700000009,36.167467000000002],[-121.55097700000009,36.167462999999991],[-121.55101700000007,36.167462999999998],[-121.55105700000007,36.167466999999995],[-121.55110400000007,36.167476999999991],[-121.55115100000009,36.167492000000003],[-121.55119800000007,36.167510999999998],[-121.55124300000007,36.167531999999994],[-121.55128900000008,36.167553999999996],[-121.55133400000008,36.167579000000003],[-121.55137900000008,36.167603999999997],[-121.55146700000007,36.167655000000003],[-121.55155400000008,36.167708999999995],[-121.55159500000009,36.16773700000001],[-121.55163600000007,36.167765000000003],[-121.55167600000009,36.167794999999998],[-121.55171300000008,36.167824999999993],[-121.55182000000009,36.167913999999996],[-121.55185500000007,36.167940000000002],[-121.55189100000007,36.167963],[-121.55192800000009,36.16798099999999],[-121.55196700000009,36.167991999999991],[-121.55200800000007,36.167994],[-121.55205100000009,36.167989999999996],[-121.55209600000009,36.16798],[-121.55214200000009,36.167966999999997],[-121.55228500000007,36.167921],[-121.55233400000009,36.167906999999992],[-121.55238400000009,36.167895999999992],[-121.55243600000009,36.167887999999991],[-121.55248800000007,36.16788300000001],[-121.55254100000009,36.167880000000011],[-121.55259400000007,36.167877999999988],[-121.55264800000009,36.167878000000002],[-121.55275600000007,36.167880000000004],[-121.55291800000008,36.167885000000005],[-121.55351600000009,36.167910999999982],[-121.55368200000008,36.167915999999998],[-121.55384900000007,36.167917000000003],[-121.55395800000007,36.167915000000001],[-121.55401200000009,36.167912999999992],[-121.55406500000007,36.167907999999997],[-121.55411600000006,36.167900999999993],[-121.55416400000007,36.167891000000004],[-121.55421000000008,36.167875999999993],[-121.55424900000008,36.167856],[-121.55428500000006,36.167830999999993],[-121.55431900000008,36.167803999999997],[-121.55435200000008,36.167772999999997],[-121.55438300000007,36.167741999999997],[-121.55441300000007,36.16770799999999],[-121.55444300000008,36.167673999999991],[-121.55450000000008,36.16760399999999],[-121.55455300000008,36.167532999999992],[-121.55457900000009,36.167496000000007],[-121.55460200000007,36.167457999999996],[-121.55462500000009,36.167419000000002],[-121.55464600000008,36.167377999999992],[-121.55468500000008,36.167296000000007],[-121.55473800000007,36.167169999999999],[-121.55487500000005,36.166835999999996],[-121.55491000000006,36.166754000000005],[-121.55492900000007,36.166713999999992],[-121.55494800000007,36.166673999999993],[-121.55496900000007,36.166634999999992],[-121.55499200000007,36.166596999999996],[-121.55501700000009,36.166559999999997],[-121.55504600000008,36.16652599999999],[-121.55508000000007,36.166494],[-121.55511700000008,36.166464999999988],[-121.55515700000008,36.166435999999997],[-121.55519900000007,36.166408999999994],[-121.55528600000008,36.166356999999991],[-121.55537600000008,36.166306999999996],[-121.55546700000006,36.166257000000002],[-121.55565000000007,36.166157000000005],[-121.55574100000007,36.166108999999999],[-121.55583400000009,36.166061999999989],[-121.55588100000007,36.16604000000001],[-121.55592800000008,36.166018999999999],[-121.55597600000009,36.16599999999999],[-121.55602600000009,36.165984000000009],[-121.55607700000007,36.165971000000006],[-121.55612900000008,36.16596100000001],[-121.55618200000009,36.165953000000002],[-121.55623500000007,36.16594700000001],[-121.55628900000008,36.165940999999989],[-121.55639700000008,36.165931999999991],[-121.55677800000008,36.165905000000002],[-121.55688400000007,36.165895999999989],[-121.55693600000006,36.165889],[-121.55698600000007,36.165881999999996],[-121.55703400000007,36.165872999999991],[-121.55707900000007,36.165860000000002],[-121.55711900000007,36.16584499999999],[-121.55715300000008,36.165823999999994],[-121.55717700000008,36.165801000000009],[-121.55719700000009,36.165774999999989],[-121.55721300000009,36.165744999999994],[-121.55722700000007,36.165713999999994],[-121.55724000000008,36.165677000000002],[-121.55727500000009,36.165564000000003],[-121.55728700000007,36.16552699999999],[-121.55730200000009,36.165492],[-121.55731900000008,36.165458999999991],[-121.55734000000007,36.165429000000003],[-121.55736600000009,36.165404000000002],[-121.55740100000007,36.165384000000003],[-121.55744000000007,36.165368999999998],[-121.55748400000007,36.165356999999993],[-121.55753200000008,36.165347999999994],[-121.55758100000007,36.165340999999991],[-121.55763200000007,36.165336000000003],[-121.55768400000007,36.165331000000002],[-121.55784000000008,36.165317000000002],[-121.55789200000008,36.165311000000003],[-121.55794200000007,36.165304999999989],[-121.55799000000009,36.165295999999991],[-121.55803500000009,36.16528499999999],[-121.55807700000007,36.16527],[-121.55811400000007,36.165250999999998],[-121.55814400000008,36.165225999999997],[-121.55817000000009,36.165196000000002],[-121.55819100000006,36.165162000000002],[-121.55821000000009,36.165126000000001],[-121.55822700000009,36.165086999999993],[-121.55824300000008,36.165048000000006],[-121.55825700000007,36.165007000000003],[-121.55831200000009,36.164841999999993],[-121.55834100000007,36.164760000000001],[-121.55835700000009,36.16472000000001],[-121.55837400000007,36.164680999999987],[-121.55839400000008,36.164642999999998],[-121.55841600000007,36.164606999999982],[-121.55844300000007,36.16457299999999],[-121.55847500000007,36.164541999999997],[-121.55851100000007,36.164512999999992],[-121.55855000000007,36.164485999999989],[-121.55859200000008,36.164460000000005],[-121.55863500000007,36.164434999999997],[-121.55867900000007,36.164410999999994],[-121.55876900000007,36.164363000000009],[-121.55904400000009,36.164224000000004],[-121.55918100000007,36.164154000000003],[-121.55927100000007,36.164105000000006],[-121.55931500000008,36.164079999999991],[-121.55935800000007,36.164054],[-121.55942900000008,36.164009],[-121.55946800000008,36.163981999999983],[-121.55954700000007,36.163927999999999],[-121.55962400000008,36.163871999999998],[-121.55970000000008,36.163814999999992],[-121.55981300000009,36.163728999999996],[-121.55993000000008,36.163634000000002],[-121.56000700000007,36.163569999999993],[-121.56008300000009,36.163503999999996],[-121.56015700000007,36.163437999999999],[-121.56019200000007,36.163403000000017],[-121.56022600000007,36.163367999999998],[-121.56025900000007,36.163331999999997],[-121.56029000000007,36.163294999999991],[-121.56032100000007,36.163257000000002],[-121.56049800000008,36.163029999999999],[-121.56058300000007,36.162925999999999],[-121.56060800000009,36.162893999999994],[-121.56062900000009,36.162862999999994],[-121.56064400000007,36.162834999999994],[-121.56065200000008,36.16281],[-121.56064800000009,36.162788999999997],[-121.56063100000007,36.16277199999999],[-121.56060500000007,36.162759999999992],[-121.56057200000006,36.162749000000012],[-121.56053400000008,36.162739999999999],[-121.56045200000007,36.162721999999995],[-121.56041100000007,36.162711999999992],[-121.56037300000007,36.162700000000001],[-121.56034000000007,36.162683999999992],[-121.56031400000009,36.162665000000004],[-121.56029500000007,36.162637999999994],[-121.56028400000007,36.162606000000004],[-121.56027900000008,36.162569999999995],[-121.56027800000008,36.162532000000006],[-121.56027900000008,36.162491999999993],[-121.56028800000006,36.162365000000001],[-121.56029000000007,36.162322000000003],[-121.56028900000007,36.162279000000012],[-121.56028400000007,36.162237999999988],[-121.56027700000007,36.162197999999997],[-121.56026900000009,36.162158000000005],[-121.56025800000008,36.162117000000002],[-121.56023300000008,36.162036999999991],[-121.56020400000008,36.161958000000006],[-121.56018800000008,36.161918999999997],[-121.56017100000008,36.161879999999996],[-121.56015200000009,36.161842000000007],[-121.56013000000007,36.161801999999994],[-121.56010700000009,36.161762999999993],[-121.56008300000009,36.161723999999985],[-121.55992900000007,36.16149399999999],[-121.55990500000007,36.161456000000001],[-121.55988300000007,36.161418000000005],[-121.55986200000008,36.16137899999999],[-121.55984500000007,36.161340999999986],[-121.55983200000007,36.161301999999992],[-121.55982500000009,36.161267999999993],[-121.55982300000008,36.161233999999993],[-121.55982700000007,36.161195999999997],[-121.55983500000008,36.161157999999993],[-121.55984800000007,36.161120999999994],[-121.55986300000009,36.161082999999998],[-121.55988000000008,36.161044999999994],[-121.55995400000009,36.160891999999997],[-121.55997200000009,36.160852999999996],[-121.55998900000007,36.160812999999997],[-121.56001900000007,36.160733000000008],[-121.56004600000007,36.160651999999999],[-121.56005800000007,36.160611999999986],[-121.56006900000007,36.160570999999997],[-121.56007800000008,36.160530000000001],[-121.56008500000007,36.160488999999998],[-121.56009000000007,36.160447999999995],[-121.56009200000008,36.160404999999997],[-121.56009100000007,36.160361999999992],[-121.56008900000009,36.160318999999994],[-121.56008500000007,36.160275999999996],[-121.56007400000009,36.160190000000007],[-121.56005600000009,36.160060000000009],[-121.56000200000008,36.159715000000006],[-121.55997600000008,36.159542000000002],[-121.55995900000009,36.159411999999996],[-121.55995000000007,36.159325000000003],[-121.55994400000007,36.159238000000009],[-121.55994200000009,36.159193999999992],[-121.55994100000007,36.159106000000001],[-121.55994100000007,36.158973000000003],[-121.55994600000008,36.158707999999997],[-121.55994500000008,36.158620999999997],[-121.55994300000008,36.158577999999999],[-121.55994000000007,36.158535999999998],[-121.55993500000007,36.158495999999992],[-121.55992600000009,36.158459000000001],[-121.55991500000009,36.158428999999998],[-121.55989900000007,36.158402000000009],[-121.55987800000007,36.158380000000008],[-121.55984600000008,36.158360999999992],[-121.55980900000007,36.158346999999999],[-121.55976600000007,36.158336999999996],[-121.55972000000008,36.158329000000002],[-121.55967200000008,36.158324],[-121.55962100000008,36.158320000000003],[-121.55957000000008,36.158315999999992],[-121.55935800000007,36.158305000000006],[-121.55930400000007,36.158300999999994],[-121.55919300000006,36.158291999999996],[-121.55902600000009,36.158273999999999],[-121.55880400000008,36.158247000000003],[-121.55863900000008,36.158223999999983],[-121.55858500000008,36.158215999999996],[-121.55853100000009,36.158205999999993],[-121.55847800000008,36.158194999999999],[-121.55842500000007,36.158181999999996],[-121.55837500000008,36.158166999999999],[-121.55832900000007,36.158149999999999],[-121.55828400000007,36.158129999999993],[-121.55824100000007,36.158108000000006],[-121.55819900000007,36.15808599999999],[-121.55815700000007,36.158060999999989],[-121.55811700000008,36.158036000000003],[-121.55807800000008,36.158009999999997],[-121.55804100000009,36.157983000000002],[-121.55800600000008,36.157953999999997],[-121.55797400000007,36.157924000000001],[-121.55794700000007,36.157891999999997],[-121.55792400000009,36.157857999999997],[-121.55790500000008,36.157820999999998],[-121.55789000000007,36.157783000000002],[-121.55787700000008,36.157744000000001],[-121.55786600000008,36.157704000000003],[-121.55785800000007,36.15766399999999],[-121.55785100000007,36.157623999999998],[-121.55784600000008,36.157584],[-121.55784500000007,36.157542999999997],[-121.55784600000008,36.157504000000003],[-121.55785200000008,36.157463999999997],[-121.55786300000007,36.157426000000001],[-121.55787900000009,36.157389000000002],[-121.55789800000008,36.157352000000003],[-121.55791900000008,36.157316000000002],[-121.55794200000007,36.15728],[-121.55796600000006,36.157243999999992],[-121.55799100000006,36.157209000000002],[-121.55801800000008,36.157173999999998],[-121.55804600000008,36.157138999999994],[-121.55807500000007,36.157105000000001],[-121.55810500000008,36.157071999999999],[-121.55813900000007,36.157039000000005],[-121.55817400000008,36.157006999999993],[-121.55821000000009,36.156976000000007],[-121.55824700000007,36.156945],[-121.55832400000008,36.156884999999981],[-121.55836300000009,36.156855999999998],[-121.55840300000007,36.15682799999999],[-121.55844300000007,36.156800999999994],[-121.55848500000009,36.156775000000003],[-121.55852800000008,36.156751],[-121.55857200000007,36.156729999999996],[-121.55861800000008,36.156711000000008],[-121.55866400000008,36.156692999999997],[-121.55871200000007,36.156677000000002],[-121.55875900000008,36.156661],[-121.55880800000007,36.156647],[-121.55885600000008,36.15663399999999],[-121.55890500000007,36.156621999999999],[-121.55895400000009,36.156611999999996],[-121.55900400000007,36.156604000000002],[-121.55905300000009,36.156599999999997],[-121.55910400000009,36.156599999999997],[-121.55915600000007,36.156601999999999],[-121.55920800000007,36.156608000000006],[-121.55925900000007,36.156615000000009],[-121.55931100000006,36.156623000000003],[-121.55941500000007,36.156642000000005],[-121.55951800000007,36.156664000000006],[-121.55956900000007,36.15667599999999],[-121.55967300000007,36.156701999999996],[-121.55972600000008,36.156715999999996],[-121.55983000000009,36.156745999999991],[-121.56003800000009,36.15681],[-121.56019300000007,36.156857999999993],[-121.56029600000006,36.156891999999999],[-121.56034700000006,36.156909999999989],[-121.56044800000006,36.156946999999995],[-121.56070000000007,36.15704199999999],[-121.56075100000007,36.157060000000008],[-121.56080200000007,36.157077000000008],[-121.56085300000007,36.157091999999999],[-121.56090500000009,36.157104999999994],[-121.56095500000008,36.157114],[-121.56100400000007,36.157120999999982],[-121.56105400000007,36.157124999999994],[-121.56110200000008,36.157125999999991],[-121.56114800000007,36.157122999999999],[-121.56119200000008,36.157115999999995],[-121.56123200000008,36.157103000000006],[-121.56123600000006,36.15710099999999],[-121.56127300000007,36.157079999999993],[-121.56130600000007,36.157051999999993],[-121.56133500000008,36.157019999999996],[-121.56136100000008,36.156984999999999],[-121.56138400000007,36.156946999999995],[-121.56140500000008,36.156908000000001],[-121.56142300000008,36.156867999999996],[-121.56143600000007,36.156826000000002],[-121.56144500000008,36.156783999999995],[-121.56145000000008,36.156742000000001],[-121.56145300000007,36.156699000000003],[-121.56145400000007,36.156655999999998],[-121.56145400000007,36.156611999999996],[-121.56145100000008,36.156524999999995],[-121.56144400000008,36.156394999999996],[-121.56143800000008,36.156308000000003],[-121.56143000000007,36.156220000000005],[-121.56141500000007,36.156086000000002],[-121.56139300000008,36.155906999999999],[-121.56138200000007,36.155818000000004],[-121.56136900000007,36.155729999999998],[-121.56136100000008,36.155687],[-121.56135200000007,36.155643999999995],[-121.56134000000007,36.155602999999999],[-121.56132600000007,36.155563999999998],[-121.56130700000007,36.155526000000002],[-121.56128300000007,36.155492000000002],[-121.56125300000006,36.155464000000009],[-121.56121800000008,36.155438999999994],[-121.56117900000008,36.155414999999991],[-121.56113700000009,36.155394000000001],[-121.56109300000007,36.155372999999997],[-121.56104800000007,36.155353000000005],[-121.56086100000009,36.155276999999991],[-121.56076900000005,36.155237000000007],[-121.56072500000009,36.155215999999996],[-121.56068200000007,36.155194000000002],[-121.56064200000009,36.155168999999994],[-121.56060400000007,36.155143000000002],[-121.56056900000009,36.155112000000003],[-121.56053700000008,36.155079000000001],[-121.56050800000007,36.155044000000004],[-121.56048000000008,36.155006999999998],[-121.56045400000006,36.154969000000001],[-121.56042800000009,36.154930999999991],[-121.56030400000007,36.154736999999997],[-121.56025200000008,36.154660999999997],[-121.56022500000007,36.154623999999984],[-121.56019600000008,36.154588999999994],[-121.56016400000009,36.154555000000002],[-121.56013000000007,36.15452299999999],[-121.56009200000008,36.154493999999985],[-121.56005100000007,36.154468000000001],[-121.56000800000008,36.154443000000001],[-121.55996400000008,36.154418999999997],[-121.55991800000008,36.154395999999998],[-121.55978000000009,36.15432899999999],[-121.55973500000009,36.154307000000003],[-121.55969100000007,36.154283],[-121.55964900000008,36.154259000000003],[-121.55960900000008,36.154232999999998],[-121.55957300000009,36.154206000000002],[-121.55954300000008,36.154175000000009],[-121.55951800000007,36.154140999999996],[-121.55949900000007,36.154102999999999],[-121.55948400000007,36.154063999999984],[-121.55947100000009,36.154023000000002],[-121.55946000000007,36.153980999999995],[-121.55944300000009,36.153894999999999],[-121.55942800000007,36.153807999999991],[-121.55935000000007,36.153325000000017],[-121.55933000000007,36.153193000000009],[-121.55932000000008,36.153106000000001],[-121.55931500000008,36.153061999999984],[-121.55931300000007,36.153020000000005],[-121.55930500000007,36.152851999999996],[-121.55930200000009,36.152811],[-121.55929800000007,36.152768999999992],[-121.55929300000007,36.15272800000001],[-121.55928500000007,36.152687],[-121.55927400000007,36.152647000000002],[-121.55926100000008,36.152606999999996],[-121.55920200000007,36.152450000000002],[-121.55919000000007,36.152411999999991],[-121.55918100000007,36.152373000000004],[-121.55917700000008,36.152335000000001],[-121.55917800000007,36.152297999999995],[-121.55918300000008,36.15226899999999],[-121.55919300000006,36.152240999999989],[-121.55920500000008,36.152213000000003],[-121.55922300000007,36.15217599999999],[-121.55924300000008,36.152139000000005],[-121.55928700000007,36.152064000000003],[-121.55940400000009,36.151876000000001],[-121.55945000000008,36.151800999999999],[-121.55949400000009,36.151724000000002],[-121.55953500000007,36.151645000000002],[-121.55957400000007,36.151565999999995],[-121.55962800000007,36.151445000000002],[-121.55966200000009,36.151364999999984],[-121.55967800000006,36.151323999999995],[-121.55969200000007,36.151283999999997],[-121.55970400000007,36.151243000000008],[-121.55971400000008,36.151201],[-121.55972200000006,36.151159],[-121.55972700000005,36.151117000000006],[-121.55973000000007,36.151073999999987],[-121.55973200000008,36.151030999999996],[-121.55973400000009,36.150943999999996],[-121.55973600000007,36.150770000000009],[-121.55973900000008,36.150682999999994],[-121.55974300000007,36.150639999999981],[-121.55975200000009,36.150554000000007],[-121.55976300000007,36.150469000000008],[-121.55977600000007,36.150383999999995],[-121.55979200000009,36.150303000000001],[-121.55980100000008,36.150263999999993],[-121.55981100000007,36.150227000000001],[-121.55982300000008,36.150193999999992],[-121.55983800000007,36.150164999999994],[-121.55985600000007,36.15014200000001],[-121.55988000000008,36.150128000000002],[-121.55991100000007,36.150123000000001],[-121.55994600000008,36.150128000000002],[-121.55998500000007,36.150139000000003],[-121.56002700000008,36.150153999999993],[-121.56007000000007,36.150171999999998],[-121.56011500000007,36.150193000000002],[-121.56030100000007,36.15028199999999],[-121.56034900000007,36.150303999999991],[-121.56039600000008,36.150323999999991],[-121.56044400000007,36.150342999999992],[-121.56049200000008,36.150357999999997],[-121.56054100000007,36.150370000000009],[-121.56059000000009,36.150376000000001],[-121.56064100000009,36.150375999999994],[-121.56069200000009,36.150371],[-121.56074300000009,36.150362000000001],[-121.56079400000009,36.150351000000001],[-121.56094500000009,36.150314999999999],[-121.56099300000008,36.150306],[-121.56103900000008,36.150299999999994],[-121.56108200000007,36.150299999999994],[-121.56112000000007,36.150306999999998],[-121.56115300000008,36.150322999999986],[-121.56118100000009,36.150346999999982],[-121.56120700000008,36.150374999999997],[-121.56123000000008,36.150407999999999],[-121.56125100000008,36.150441999999998],[-121.56127100000008,36.150478999999983],[-121.56129000000008,36.150516000000003],[-121.56132700000008,36.150594000000005],[-121.56137900000007,36.150713999999994],[-121.56141100000008,36.150793999999998],[-121.56142500000009,36.150835000000008],[-121.56143900000006,36.150876000000004],[-121.56145100000008,36.150915999999995],[-121.56150400000008,36.151119999999992],[-121.56151500000009,36.151158999999993],[-121.56152900000006,36.151198000000001],[-121.56154400000007,36.151235],[-121.56156300000009,36.151270999999987],[-121.56158700000009,36.15130400000001],[-121.56161700000008,36.151336999999984],[-121.56165200000007,36.151367],[-121.56169100000007,36.15139400000001],[-121.56173200000008,36.151420999999992],[-121.56177500000007,36.15144699999999],[-121.56182000000007,36.151471000000001],[-121.56186500000007,36.151494999999997],[-121.56195800000008,36.151541999999985],[-121.56200600000007,36.151564],[-121.56205400000007,36.151584999999997],[-121.56210100000008,36.151603999999992],[-121.56214800000006,36.151622000000003],[-121.56224300000008,36.151657000000014],[-121.56243500000008,36.15172299999999],[-121.56258000000007,36.151769999999985],[-121.56267700000006,36.151800000000001],[-121.56272600000008,36.151814000000009],[-121.56277700000008,36.151826999999997],[-121.56282800000008,36.151839000000002],[-121.56293100000008,36.151860999999997],[-121.56303500000008,36.151879999999991],[-121.56308700000007,36.151890000000002],[-121.56313900000009,36.151897999999996],[-121.56319100000009,36.151904999999992],[-121.56324300000007,36.151910999999998],[-121.56329600000008,36.151916],[-121.56334800000008,36.151917999999995],[-121.56340000000007,36.151918999999999],[-121.56345300000005,36.151918999999999],[-121.56355800000007,36.151914999999995],[-121.56366300000008,36.151910000000001],[-121.56382100000009,36.151901000000002],[-121.56403300000007,36.151887000000002],[-121.56419200000008,36.151876000000009],[-121.56429800000006,36.151867000000003],[-121.56440300000007,36.151856000000002],[-121.56445500000008,36.151848999999977],[-121.56450700000008,36.151841000000012],[-121.56455800000008,36.151831000000001],[-121.56460800000008,36.151819999999994],[-121.56465800000007,36.151806999999991],[-121.56470700000008,36.151793999999995],[-121.56480500000009,36.151766000000009],[-121.56485400000008,36.15175],[-121.56490200000009,36.151733999999998],[-121.56494800000007,36.151716999999998],[-121.56499400000007,36.151699000000001],[-121.56503800000007,36.151678000000004],[-121.56508000000008,36.151655999999996],[-121.56511900000008,36.151630999999988],[-121.56515500000008,36.151603000000001],[-121.56519000000009,36.151573999999989],[-121.56522400000007,36.151544000000001],[-121.56528900000009,36.151480999999997],[-121.56532100000007,36.151448000000002],[-121.56538300000008,36.151381999999984],[-121.56544400000007,36.151314999999997],[-121.56547500000009,36.151278999999988],[-121.56562900000009,36.151095999999995],[-121.56569100000009,36.151023999999992],[-121.56572300000008,36.15098900000001],[-121.56575600000008,36.150953999999999],[-121.56579000000009,36.150918999999995],[-121.56582400000008,36.150886999999997],[-121.56586000000009,36.150855999999997],[-121.56589600000008,36.15082499999999],[-121.56597000000006,36.150764000000002],[-121.56608400000007,36.150674999999993],[-121.56631500000007,36.150497000000001],[-121.56642800000007,36.150408000000006],[-121.56650100000007,36.150346000000006],[-121.56653500000009,36.150314000000002],[-121.56656800000009,36.15028199999999],[-121.56659800000008,36.150247999999998],[-121.56662500000009,36.150213999999998],[-121.56665000000008,36.150177999999983],[-121.56667300000007,36.150141999999995],[-121.56669400000007,36.150105000000011],[-121.56673400000008,36.150029000000004],[-121.56677200000009,36.149951999999999],[-121.56680700000007,36.149873999999997],[-121.56682300000007,36.14983500000001],[-121.56685400000008,36.149750999999995],[-121.56686900000008,36.149707999999997],[-121.56689500000009,36.149623000000005],[-121.56692000000008,36.149538000000007],[-121.56693000000007,36.149495999999999],[-121.56693900000008,36.149453999999984],[-121.56694700000008,36.149411999999991],[-121.56695100000007,36.149369999999998],[-121.56695100000007,36.149329000000002],[-121.56694600000009,36.149289000000003],[-121.56693400000009,36.149250000000002],[-121.56691700000009,36.149212000000006],[-121.56689600000009,36.149174000000009],[-121.56687200000009,36.149137000000003],[-121.56684600000007,36.149100000000004],[-121.56681900000007,36.149062999999991],[-121.56676200000007,36.148989999999998],[-121.56655200000007,36.148732999999993],[-121.56649300000007,36.148659000000002],[-121.56643600000007,36.148583999999992],[-121.56640900000006,36.148547000000001],[-121.56638400000007,36.148508999999997],[-121.56636200000008,36.148471000000001],[-121.56634200000008,36.148431000000009],[-121.56632600000007,36.148392000000001],[-121.56631300000006,36.148353999999991],[-121.56630500000007,36.14831800000001],[-121.56630300000008,36.148283999999997],[-121.56630800000008,36.148254999999999],[-121.56632200000008,36.148229999999998],[-121.56634000000008,36.148215999999991],[-121.56636400000006,36.148204999999997],[-121.56639100000007,36.148195999999984],[-121.56643200000008,36.148187],[-121.56647600000008,36.148178000000009],[-121.56652300000009,36.148169999999986],[-121.56672500000008,36.148142],[-121.56682900000007,36.148125],[-121.56688000000007,36.148116000000002],[-121.56693100000007,36.148104999999994],[-121.56698100000007,36.148091000000001],[-121.56703100000009,36.148075999999996],[-121.56708000000008,36.148060000000008],[-121.56712800000007,36.148043000000001],[-121.56717600000007,36.14802499999999],[-121.56722200000007,36.148005999999995],[-121.56726800000008,36.147985999999996],[-121.56731100000007,36.147963999999995],[-121.56735300000008,36.147940999999989],[-121.56739200000007,36.147915999999995],[-121.56742800000008,36.147888999999992],[-121.56745900000007,36.14785899999999],[-121.56748600000007,36.147826000000002],[-121.56751000000007,36.147791999999995],[-121.56753300000008,36.147756000000001],[-121.56755400000007,36.147718999999995],[-121.56757500000008,36.147682000000003],[-121.56763200000007,36.147567000000002],[-121.56783700000007,36.147141999999988],[-121.56800600000007,36.146793999999993],[-121.56806500000008,36.146678000000001],[-121.56808500000008,36.146639],[-121.56813000000008,36.146557000000001],[-121.56817700000009,36.146476],[-121.56820100000009,36.146435999999994],[-121.56822600000008,36.146397],[-121.56825200000007,36.146357999999999],[-121.56827900000009,36.146319999999996],[-121.56830800000007,36.146284999999992],[-121.56833800000007,36.146250999999999],[-121.56837100000007,36.146222000000009],[-121.56840300000009,36.146200999999991],[-121.56843600000009,36.146183000000001],[-121.56847100000007,36.146169999999991],[-121.56850700000007,36.146163000000001],[-121.56854200000008,36.146160999999999],[-121.56858000000008,36.14616800000001],[-121.56861800000007,36.146181999999996],[-121.56865500000009,36.146200999999991],[-121.56869200000007,36.146223999999997],[-121.56872700000008,36.146250999999999],[-121.56876100000008,36.146279],[-121.56879400000008,36.14631],[-121.56882400000008,36.14634199999999],[-121.56885100000008,36.146377000000001],[-121.56887400000006,36.146413000000003],[-121.56889500000008,36.146450000000002],[-121.56891300000007,36.146488999999995],[-121.56893000000007,36.146527999999996],[-121.56894500000007,36.146568000000002],[-121.56897400000008,36.146647999999999],[-121.56906800000007,36.146931000000002],[-121.56911000000007,36.14705099999999],[-121.56912500000007,36.147089999999999],[-121.56914100000009,36.147129000000007],[-121.56915900000007,36.147167999999986],[-121.56917800000008,36.147205],[-121.56920100000009,36.147241999999991],[-121.56922700000007,36.14727700000001],[-121.56925600000008,36.147311999999999],[-121.56928700000007,36.147344999999994],[-121.56931900000008,36.147378000000003],[-121.56935300000008,36.147409999999994],[-121.56938800000009,36.147441999999998],[-121.56942400000008,36.147472999999984],[-121.56946100000008,36.147502000000003],[-121.56949800000007,36.147531000000001],[-121.56953700000007,36.147557999999989],[-121.56957800000008,36.147582],[-121.56962100000007,36.147604000000001],[-121.56966600000007,36.147621999999998],[-121.56971400000009,36.147636999999996],[-121.56976300000008,36.147649999999999],[-121.56981300000007,36.147660999999999],[-121.56986400000007,36.147671000000003],[-121.56991500000007,36.147680000000001],[-121.57001900000007,36.147695999999996],[-121.57007200000007,36.147702999999993],[-121.57012400000008,36.147708000000002],[-121.57017700000009,36.147712999999996],[-121.57023000000007,36.147716000000003],[-121.57028300000007,36.147717999999998],[-121.57033500000007,36.147717999999998],[-121.57044100000009,36.14771600000001],[-121.57049400000007,36.147712999999996],[-121.57060000000007,36.147706999999997],[-121.57070500000009,36.147699000000003],[-121.57075800000007,36.147692999999997],[-121.57081000000007,36.147686999999998],[-121.57086100000006,36.147679000000004],[-121.57096200000008,36.147660999999992],[-121.57106200000007,36.147640000000003],[-121.57111200000007,36.147629000000002],[-121.57116100000007,36.147615999999999],[-121.57120900000007,36.147602999999997],[-121.57125600000008,36.147586999999994],[-121.57130100000008,36.147569999999988],[-121.57134400000007,36.147550999999993],[-121.57138900000007,36.147525999999999],[-121.57143000000008,36.147499000000003],[-121.57147100000009,36.147468999999994],[-121.57150900000008,36.147438000000001],[-121.57154700000008,36.147404999999999],[-121.57158300000008,36.147371999999997],[-121.57161900000008,36.147337999999998],[-121.57165300000007,36.147303000000008],[-121.57168600000007,36.147266999999992],[-121.57171600000007,36.147230999999998],[-121.57174400000007,36.147193000000001],[-121.57176700000007,36.147155000000005],[-121.57178800000007,36.147115999999997],[-121.57180700000009,36.147076000000006],[-121.57182500000009,36.147036000000007],[-121.57185800000009,36.146953000000011],[-121.57188900000008,36.146870999999997],[-121.57204000000007,36.146455999999993],[-121.57207000000007,36.146372000000007],[-121.57209700000007,36.146289000000003],[-121.57211000000007,36.146246999999995],[-121.57212100000008,36.146205000000002],[-121.57213000000007,36.146162999999987],[-121.57213700000007,36.146121000000008],[-121.57214100000009,36.146077000000005],[-121.57214200000007,36.146034000000007],[-121.57214200000007,36.145989999999991],[-121.57214000000009,36.145946999999985],[-121.57213300000008,36.145858999999994],[-121.57210700000007,36.145595999999991],[-121.57210200000009,36.145515999999994],[-121.57210200000009,36.145479000000002],[-121.57210400000007,36.145446],[-121.57210900000007,36.145422000000003],[-121.57211800000007,36.145403999999985],[-121.57213100000007,36.145391999999994],[-121.57215500000007,36.145387000000007],[-121.57218500000009,36.145390999999996],[-121.57222100000007,36.145401999999997],[-121.57226000000007,36.145417000000002],[-121.57230200000006,36.145434999999999],[-121.57234600000008,36.145456000000003],[-121.57239000000008,36.145478999999995],[-121.57243500000008,36.145502999999991],[-121.57248000000008,36.145529000000003],[-121.57252500000008,36.145556999999997],[-121.57257000000008,36.145585000000004],[-121.57265800000008,36.14564399999999],[-121.57270000000008,36.145674000000007],[-121.57274200000008,36.145704000000002],[-121.57278100000008,36.145735000000002],[-121.57281800000007,36.145766999999999],[-121.57285100000007,36.145798999999997],[-121.57288000000008,36.145833000000003],[-121.57290200000007,36.14586899999999],[-121.57291500000007,36.145905000000006],[-121.57292200000008,36.14594300000001],[-121.57292500000008,36.145981999999989],[-121.57292500000008,36.146021999999995],[-121.57292200000008,36.146063000000005],[-121.57291200000009,36.146146000000002],[-121.57286800000008,36.146439999999977],[-121.57285600000009,36.146528999999994],[-121.57283600000007,36.146706000000009],[-121.57282600000008,36.146793999999993],[-121.57281200000007,36.146881999999998],[-121.57280300000006,36.146925000000003],[-121.57279200000009,36.146968000000001],[-121.57277900000007,36.147007999999992],[-121.57276500000009,36.147046999999993],[-121.57274900000007,36.147086000000002],[-121.57271300000006,36.147162999999999],[-121.57267400000008,36.147238999999999],[-121.57265300000007,36.147275999999991],[-121.57263100000007,36.14731299999999],[-121.57260700000008,36.147348999999998],[-121.57258200000008,36.14738400000001],[-121.57255100000008,36.147421000000001],[-121.57251900000009,36.147456999999989],[-121.57245000000009,36.147526999999997],[-121.57234400000007,36.147629999999992],[-121.57230900000009,36.147663999999999],[-121.57227600000009,36.147699999999993],[-121.57224300000009,36.147736000000002],[-121.57221400000007,36.147771999999989],[-121.57218700000007,36.147810000000007],[-121.57216200000009,36.147849000000001],[-121.57213900000008,36.147888999999992],[-121.57209700000007,36.147970000000001],[-121.57197600000008,36.148216000000005],[-121.57193400000008,36.14829799999999],[-121.57189100000006,36.148377999999994],[-121.57179900000008,36.148538000000009],[-121.57175500000007,36.148617000000002],[-121.57173400000008,36.148657],[-121.57171600000007,36.14869800000001],[-121.57170000000008,36.148738000000002],[-121.57168800000008,36.148779999999988],[-121.57168000000007,36.148820000000008],[-121.57167600000008,36.148860999999989],[-121.57167400000007,36.148902000000007],[-121.57167500000007,36.148943000000003],[-121.57167800000009,36.149025999999992],[-121.57168900000008,36.149193999999994],[-121.57169200000007,36.149278999999986],[-121.57169300000007,36.14936500000001],[-121.57169200000007,36.149623999999996],[-121.57169400000008,36.149709999999999],[-121.57170100000008,36.149839999999998],[-121.57171900000007,36.150100000000002],[-121.57172200000007,36.150186000000005],[-121.57172100000008,36.150229000000003],[-121.57171800000008,36.150270999999996],[-121.57171200000008,36.150312000000007],[-121.57170100000008,36.150351999999998],[-121.57168500000009,36.150391999999982],[-121.57166500000007,36.150431000000005],[-121.57164100000007,36.150468999999994],[-121.57161500000007,36.150505999999993],[-121.57158700000006,36.150542999999999],[-121.57155700000007,36.150579999999998],[-121.57152600000008,36.150615000000002],[-121.57149400000007,36.150649999999999],[-121.57146000000007,36.150683999999998],[-121.57142500000008,36.150716999999993],[-121.57138700000009,36.150748],[-121.57134800000009,36.150775999999993],[-121.57130800000007,36.150801999999992],[-121.57126500000008,36.150826999999985],[-121.57117800000007,36.150874999999999],[-121.57108900000007,36.150920999999997],[-121.57086300000007,36.151034999999993],[-121.57077500000008,36.151082000000002],[-121.57073200000009,36.151105999999992],[-121.57069000000007,36.151131999999997],[-121.57065000000007,36.151158999999986],[-121.57061200000007,36.151187],[-121.57057900000007,36.151217000000003],[-121.57054700000008,36.151247999999995],[-121.57051800000008,36.15128099999999],[-121.57049100000008,36.15131499999999],[-121.57046500000007,36.151348999999996],[-121.57044000000008,36.151384000000007],[-121.57041800000007,36.151419999999995],[-121.57039700000009,36.15145600000001],[-121.57038000000007,36.151492000000005],[-121.57036600000009,36.151528999999996],[-121.57035700000009,36.151565999999995],[-121.57035400000007,36.151604999999996],[-121.57035600000007,36.15164399999999],[-121.57036200000007,36.151682999999991],[-121.57037100000007,36.151721999999992],[-121.57038200000008,36.151761999999998],[-121.57039500000008,36.151800999999999],[-121.57040900000008,36.15184],[-121.57042500000007,36.151878999999987],[-121.57044300000007,36.151918000000002],[-121.57046200000009,36.151955000000008],[-121.57048400000008,36.151991999999993],[-121.57051000000007,36.152031000000001],[-121.57054000000007,36.152068999999997],[-121.57057100000009,36.152105000000006],[-121.57060300000009,36.152141999999991],[-121.57063600000006,36.152176999999995],[-121.57070600000009,36.152248],[-121.57077800000009,36.152315999999985],[-121.57081500000007,36.152349999999991],[-121.57085400000007,36.152382000000003],[-121.57089400000007,36.152413999999993],[-121.57093500000008,36.152445],[-121.57105900000009,36.152535000000007],[-121.57109900000009,36.152565000000003],[-121.57113800000009,36.152594999999998],[-121.57117400000008,36.152625999999991],[-121.57120600000007,36.152657999999995],[-121.57123300000008,36.152690999999997],[-121.57125200000009,36.152726000000001],[-121.57126200000008,36.152762000000003],[-121.57126500000008,36.152799000000009],[-121.57126300000007,36.152836999999991],[-121.57125700000007,36.152876999999989],[-121.57124800000007,36.152916999999995],[-121.57123700000008,36.152957000000001],[-121.57122300000007,36.152996999999999],[-121.57120900000007,36.153038000000002],[-121.57119200000008,36.153077999999987],[-121.57117300000007,36.153116999999995],[-121.57115200000007,36.153156000000003],[-121.57112800000007,36.153196000000001],[-121.57110100000007,36.153233999999998],[-121.57107300000007,36.153272000000008],[-121.57098700000007,36.153385],[-121.57095900000007,36.153422000000006],[-121.57093400000008,36.153460000000003],[-121.57091100000008,36.153498000000006],[-121.57089300000007,36.153537],[-121.57088100000007,36.153576000000008],[-121.57087600000007,36.153613999999997],[-121.57087600000007,36.153651999999994],[-121.57088100000007,36.153691000000002],[-121.57088900000008,36.153730000000003],[-121.57090000000007,36.153769000000004],[-121.57091200000009,36.153807999999984],[-121.57092700000007,36.153845999999994],[-121.57094400000007,36.153883999999998],[-121.57096400000009,36.153920999999997],[-121.57098700000007,36.153956000000008],[-121.57101300000008,36.153989000000003],[-121.57104700000006,36.154021],[-121.57108400000008,36.154051000000003],[-121.57112500000007,36.154079000000003],[-121.57116700000007,36.154105000000008],[-121.57121200000007,36.154130000000002],[-121.57125700000007,36.154153999999991],[-121.57130400000008,36.154176999999997],[-121.57135100000009,36.154197000000003],[-121.57139900000008,36.154215000000001],[-121.57144800000007,36.154231000000003],[-121.57149800000009,36.154241000000006],[-121.57154700000008,36.154246999999991],[-121.57159600000007,36.154249],[-121.57164700000007,36.154247999999995],[-121.57169700000009,36.15424500000001],[-121.57174800000008,36.154240000000016],[-121.57179900000008,36.154232999999991],[-121.57185000000008,36.154226000000001],[-121.57190100000008,36.154216999999996],[-121.57195100000007,36.154207],[-121.57200000000009,36.154194999999994],[-121.57204900000008,36.154181999999999],[-121.57209800000007,36.154164999999999],[-121.57214700000009,36.154145999999997],[-121.57219400000007,36.154126000000005],[-121.57224100000008,36.154105000000001],[-121.57228700000007,36.154082000000017],[-121.57237900000008,36.154035999999998],[-121.57246800000009,36.153987000000001],[-121.57251100000008,36.153961000000002],[-121.57255300000008,36.153934999999997],[-121.57259500000008,36.153905999999999],[-121.57263600000009,36.153876000000004],[-121.57271400000009,36.153813999999997],[-121.57283000000007,36.153717999999984],[-121.57298100000007,36.153587999999999],[-121.57323100000008,36.153366000000005],[-121.57330300000008,36.153304999999989],[-121.57334000000007,36.153274999999994],[-121.57337700000006,36.153247000000007],[-121.57341500000007,36.153220999999988],[-121.57345400000007,36.153197999999996],[-121.57349400000007,36.15317799999999],[-121.57353700000009,36.153163000000006],[-121.57358100000008,36.153154000000001],[-121.57362600000008,36.153148999999992],[-121.57367400000007,36.153147999999995],[-121.57372200000007,36.153148999999999],[-121.57386900000007,36.153155999999996],[-121.57391900000007,36.153157999999998],[-121.57396800000006,36.153159000000009],[-121.57401600000007,36.153157],[-121.57406400000008,36.153152000000006],[-121.57411300000007,36.153141999999995],[-121.57416200000009,36.153128000000002],[-121.57420900000007,36.153110999999988],[-121.57425600000008,36.153091999999994],[-121.57430200000009,36.153072000000002],[-121.57434800000009,36.153050000000007],[-121.57439300000009,36.153026999999994],[-121.57443700000009,36.153002999999998],[-121.57448000000008,36.15297799999999],[-121.57452200000009,36.152951999999999],[-121.57456200000007,36.152923000000001],[-121.57460000000009,36.152892999999992],[-121.57463600000008,36.152861999999985],[-121.57467100000007,36.152828999999997],[-121.57470500000008,36.152795000000005],[-121.57487000000009,36.152624000000003],[-121.57490400000007,36.152590999999994],[-121.57493900000009,36.152558000000006],[-121.57497500000007,36.152526000000002],[-121.57501000000008,36.152497000000004],[-121.57504700000008,36.152467999999999],[-121.57512200000006,36.152413999999993],[-121.57520000000007,36.152361999999997],[-121.57524000000008,36.152337000000003],[-121.57528100000009,36.152312999999999],[-121.57532200000007,36.152290000000001],[-121.57536500000009,36.15226899999999],[-121.57540800000008,36.152248999999998],[-121.57545400000006,36.152230999999993],[-121.57550100000009,36.152216000000003],[-121.57554900000008,36.152202000000003],[-121.57559800000007,36.152189],[-121.57564700000009,36.152177000000002],[-121.57569700000008,36.152165999999994],[-121.57574700000008,36.152155999999998],[-121.57579700000007,36.152146999999999],[-121.57584700000008,36.152138999999991],[-121.57589800000008,36.152132000000002],[-121.57594900000008,36.15212799999999],[-121.57600400000007,36.152126000000003],[-121.57605900000009,36.152126999999986],[-121.57611400000008,36.152128999999995],[-121.57617000000009,36.152132000000002],[-121.57622500000008,36.15213700000001],[-121.57628000000007,36.152141999999991],[-121.57633500000009,36.152148999999987],[-121.57638900000009,36.152156000000005],[-121.57644300000007,36.152166000000001],[-121.57649600000008,36.152176999999995],[-121.57654800000009,36.152190999999995],[-121.57659700000008,36.152207999999995],[-121.57664600000007,36.152226999999996],[-121.57669400000007,36.152247999999993],[-121.57683500000007,36.152315000000009],[-121.57688200000008,36.152337000000003],[-121.57692900000009,36.152356999999995],[-121.57697700000007,36.152375999999997],[-121.57702500000009,36.152391999999999],[-121.57707500000008,36.152403],[-121.57712300000007,36.152410000000003],[-121.57717200000008,36.152411999999998],[-121.57722200000008,36.152410999999994],[-121.57727200000006,36.152407999999994],[-121.57732200000007,36.152403999999997],[-121.57737200000008,36.152397000000008],[-121.57742200000008,36.152388999999999],[-121.57747100000007,36.152378999999989],[-121.57751900000008,36.15236800000001],[-121.57756600000009,36.152354000000003],[-121.57761100000009,36.15233700000001],[-121.57765500000006,36.152315000000002],[-121.57769700000007,36.152290000000008],[-121.57773800000008,36.152262999999998],[-121.57777700000008,36.152234],[-121.57781600000008,36.15220399999999],[-121.57785400000009,36.152172999999998],[-121.57792900000007,36.152109999999993],[-121.57803900000008,36.152014000000008],[-121.57811000000008,36.15194799999999],[-121.57814400000008,36.151913999999991],[-121.57817600000008,36.151880000000006],[-121.57820700000008,36.151845000000002],[-121.57823300000008,36.15180999999999],[-121.57825900000007,36.151774000000003],[-121.57828200000007,36.151737000000004],[-121.57832700000007,36.151662000000016],[-121.57834800000008,36.151623999999991],[-121.57838900000009,36.151547999999991],[-121.57842700000008,36.151470999999994],[-121.57846200000007,36.151392999999999],[-121.57847800000008,36.151353999999998],[-121.57849200000008,36.151314000000006],[-121.57850400000008,36.151270999999987],[-121.57851400000007,36.151227999999996],[-121.57852300000008,36.151183999999986],[-121.57856000000008,36.150964000000009],[-121.57856800000008,36.150919999999999],[-121.57857800000006,36.150876000000004],[-121.57858900000006,36.150832999999992],[-121.57860200000009,36.150792999999993],[-121.57861700000007,36.150753999999992],[-121.57863300000008,36.150714999999984],[-121.57865000000007,36.150675999999997],[-121.57866800000006,36.150637999999994],[-121.57868800000007,36.150599999999997],[-121.57870800000008,36.150562999999991],[-121.57873000000006,36.150525999999999],[-121.57875400000007,36.150491000000002],[-121.57878000000008,36.150458],[-121.57881000000008,36.150426000000003],[-121.57884500000009,36.150396000000008],[-121.57888300000008,36.150367999999993],[-121.57892400000009,36.150342000000002],[-121.57896700000008,36.150317000000001],[-121.57901100000008,36.150292999999991],[-121.57905600000008,36.150270999999989],[-121.57910300000009,36.150248999999988],[-121.57915000000007,36.150227999999998],[-121.57919700000008,36.150208999999997],[-121.57924600000007,36.150191],[-121.57929500000007,36.150174999999983],[-121.57934400000008,36.150162999999999],[-121.57939400000006,36.150151999999991],[-121.57944400000008,36.150142000000002],[-121.57959600000008,36.150114999999992],[-121.57964600000007,36.150106000000001],[-121.57969500000009,36.150095999999998],[-121.57974300000006,36.150084],[-121.57979000000007,36.150069999999992],[-121.57983500000007,36.150053999999997],[-121.57987800000006,36.150032999999993],[-121.57991800000008,36.150008999999997],[-121.57995700000008,36.149982999999992],[-121.57999600000008,36.149954999999999],[-121.58003300000007,36.149926000000008],[-121.58010500000007,36.149864999999991],[-121.58021100000009,36.149771000000001],[-121.58028000000009,36.149705999999995],[-121.58031400000009,36.14967399999999],[-121.58034700000009,36.149639999999998],[-121.58038000000008,36.149604999999987],[-121.58041200000007,36.149570000000004],[-121.58047500000009,36.149496999999997],[-121.58056700000007,36.149388000000002],[-121.58065700000007,36.149276999999991],[-121.58074300000008,36.149165999999994],[-121.58082400000009,36.149055000000004],[-121.58087500000009,36.148980000000002],[-121.58089900000009,36.148941999999998],[-121.58092100000007,36.148903999999987],[-121.58094000000007,36.148865999999984],[-121.58095700000008,36.14882699999999],[-121.58096800000008,36.148787999999996],[-121.58097400000008,36.148747999999991],[-121.58097600000009,36.148709000000004],[-121.58097400000008,36.148668000000008],[-121.58096900000008,36.148628000000002],[-121.58096300000008,36.148586999999999],[-121.58095400000008,36.148546000000017],[-121.58094500000007,36.148505],[-121.58093400000007,36.148464999999995],[-121.58092200000007,36.148425000000017],[-121.58090800000006,36.148385000000005],[-121.58089200000009,36.148346000000004],[-121.58087300000008,36.148308],[-121.58084900000007,36.148268999999999],[-121.58082100000009,36.148231000000003],[-121.58079200000007,36.14819399999999],[-121.58076100000008,36.148156999999991],[-121.58072800000008,36.148121000000003],[-121.58069400000007,36.148086000000006],[-121.58066000000008,36.148051999999993],[-121.58062400000007,36.148018],[-121.58058700000008,36.147984999999991],[-121.58054900000008,36.147952999999994],[-121.58050800000007,36.147924000000003],[-121.58046700000008,36.147897],[-121.58042400000006,36.147872],[-121.58038000000008,36.147849000000001],[-121.58033500000008,36.147826000000002],[-121.58028900000006,36.147804000000008],[-121.58019600000009,36.147762],[-121.58010100000008,36.14772099999999],[-121.58005300000008,36.147700999999998],[-121.57995700000008,36.147663000000001],[-121.57986200000008,36.147630000000007],[-121.57957200000008,36.147536000000002],[-121.57947600000008,36.147503999999998],[-121.57942900000008,36.147486999999991],[-121.57933600000007,36.147450999999997],[-121.57924400000009,36.147412000000003],[-121.57915300000008,36.14737199999999],[-121.57906400000009,36.147328999999999],[-121.57902100000007,36.147306999999998],[-121.57897800000008,36.147283999999985],[-121.57893800000006,36.147258999999998],[-121.57889700000008,36.147230999999998],[-121.57885800000008,36.147202],[-121.57882300000007,36.147171999999983],[-121.57879100000007,36.147140999999991],[-121.57876300000007,36.147109999999998],[-121.57874200000008,36.147078999999991],[-121.57872800000008,36.147048999999996],[-121.57872600000007,36.147019999999991],[-121.57873500000008,36.146993000000002],[-121.57875500000009,36.146966999999997],[-121.57878100000008,36.14694200000001],[-121.57881200000008,36.146917000000009],[-121.57884800000006,36.146893000000006],[-121.57888500000008,36.146868000000005],[-121.57904800000007,36.146769999999989],[-121.57909000000006,36.146742999999994],[-121.57917300000008,36.146689000000002],[-121.57925500000007,36.146632999999994],[-121.57929500000007,36.146604999999994],[-121.57937400000009,36.146546999999991],[-121.57941200000009,36.146517999999993],[-121.57944800000007,36.146487],[-121.57948300000005,36.146455999999993],[-121.57951600000007,36.146424000000003],[-121.57954700000009,36.146388999999992],[-121.57957600000007,36.146351999999993],[-121.57960400000007,36.14631399999999],[-121.57963000000008,36.146276],[-121.57968100000008,36.146198999999996],[-121.57980400000008,36.146002999999993],[-121.57985300000007,36.14593099999999],[-121.57997600000007,36.145750999999983],[-121.58002300000008,36.145678999999994],[-121.58006900000007,36.145606000000001],[-121.58011300000008,36.145525999999997],[-121.58015400000006,36.145445000000009],[-121.58023300000008,36.145280999999997],[-121.58037000000009,36.144993999999997],[-121.58042500000008,36.144869999999997],[-121.58044200000009,36.144828999999994],[-121.58045800000008,36.144787999999984],[-121.58047200000007,36.144745999999991],[-121.58048200000009,36.144704999999995],[-121.58048900000007,36.144663000000001],[-121.58049100000008,36.144621999999998],[-121.58049000000007,36.144579999999991],[-121.58048500000008,36.144539000000002],[-121.58047900000008,36.144496999999994],[-121.58046200000007,36.14441399999999],[-121.58044200000009,36.144331000000001],[-121.58043100000006,36.144289999999991],[-121.58040600000007,36.144207999999992],[-121.58039200000009,36.144166999999996],[-121.58037600000009,36.144127999999995],[-121.58035700000008,36.144089999999998],[-121.58033500000008,36.144053000000007],[-121.58030900000007,36.144016999999998],[-121.58027900000008,36.143984000000003],[-121.58024700000009,36.143951000000008],[-121.58021300000007,36.143919000000004],[-121.58017700000008,36.143887999999983],[-121.58014100000007,36.143856999999997],[-121.58006700000008,36.143796000000002],[-121.57999000000008,36.143736999999994],[-121.57995100000008,36.143706999999992],[-121.57991000000007,36.143676999999997],[-121.57982600000007,36.143616999999992],[-121.57974100000006,36.143558999999996],[-121.57969800000006,36.143530999999996],[-121.57965500000007,36.143502999999995],[-121.57961100000009,36.143476000000007],[-121.57956600000009,36.143450000000001],[-121.57952000000007,36.143425999999998],[-121.57947200000007,36.14340399999999],[-121.57942400000007,36.143386],[-121.57937300000009,36.143368999999993],[-121.57932200000009,36.143354000000009],[-121.57921700000007,36.143327999999997],[-121.57900500000008,36.143278000000002],[-121.57889900000009,36.143251999999997],[-121.57884700000007,36.143236999999992],[-121.57879600000007,36.143222000000002],[-121.57874500000007,36.143204999999995],[-121.57864400000008,36.143169999999998],[-121.57854500000009,36.143132000000001],[-121.57849600000007,36.143112000000002],[-121.57844800000007,36.143092000000003],[-121.57840000000007,36.143070999999992],[-121.57835300000009,36.143047999999986],[-121.57830800000009,36.14302399999999],[-121.57826600000008,36.142998999999996],[-121.57822600000007,36.142972],[-121.57818600000007,36.142944000000007],[-121.57814700000007,36.142914999999988],[-121.57807100000008,36.142856000000009],[-121.57796000000006,36.14276499999999],[-121.57788700000009,36.142702],[-121.57785300000008,36.14267199999999],[-121.57778700000007,36.142609999999998],[-121.57772200000007,36.142546999999993],[-121.57769100000007,36.142515000000003],[-121.57763000000008,36.142451000000001],[-121.57760200000008,36.142417999999992],[-121.57757500000007,36.142384000000007],[-121.57755100000008,36.142349000000003],[-121.57752900000007,36.14231199999999],[-121.57750900000009,36.142273999999993],[-121.57749100000007,36.142235999999997],[-121.57745900000008,36.14215699999999],[-121.57743100000009,36.142078000000005],[-121.57739100000008,36.141956999999998],[-121.57736700000007,36.141875999999996],[-121.57734700000009,36.141795000000002],[-121.57731900000007,36.141672000000007],[-121.57729400000008,36.141549000000005],[-121.57728000000007,36.141466999999992],[-121.57727400000007,36.14142600000001],[-121.57726300000009,36.141342000000009],[-121.57723700000008,36.141091000000003],[-121.57722800000008,36.141006999999995],[-121.57722200000008,36.140964999999994],[-121.57720900000008,36.140883000000002],[-121.57718500000009,36.140759999999993],[-121.57716600000009,36.140678999999984],[-121.57714400000008,36.140598000000004],[-121.57713100000008,36.140557999999999],[-121.57711700000007,36.140518],[-121.57710000000007,36.140478999999999],[-121.57708100000008,36.140439000000001],[-121.57706100000007,36.140400000000014],[-121.57704000000007,36.140360999999992],[-121.57699500000007,36.140283999999994],[-121.57694900000007,36.140208000000001],[-121.57692500000007,36.140169999999998],[-121.57687400000007,36.140093999999998],[-121.57684700000007,36.140057999999996],[-121.57681800000009,36.140019999999993],[-121.57678700000007,36.13998200000001],[-121.57675400000007,36.139946000000009],[-121.57672200000009,36.13991],[-121.57668800000008,36.139875000000004],[-121.57665300000006,36.139841000000004],[-121.57661800000008,36.139809000000007],[-121.57658200000009,36.13977899999999],[-121.57654400000007,36.139751999999994],[-121.57650400000009,36.139730000000007],[-121.57646100000007,36.139713999999991],[-121.57641800000007,36.139705999999997],[-121.57637300000007,36.139703999999995],[-121.57632600000007,36.139705999999997],[-121.57627800000009,36.139710999999998],[-121.57622900000007,36.139718999999999],[-121.57618000000008,36.139728000000005],[-121.57613100000009,36.139738999999999],[-121.57608200000007,36.139750999999997],[-121.57603400000009,36.13976499999999],[-121.57598700000008,36.139780999999999],[-121.57594100000007,36.139799000000004],[-121.57589800000008,36.139820000000007],[-121.57585800000008,36.139843999999997],[-121.57582100000009,36.139870999999999],[-121.57578500000007,36.139898999999986],[-121.57575000000008,36.139929999999985],[-121.57571700000008,36.139960999999992],[-121.57568500000008,36.13999299999999],[-121.57565300000009,36.140025999999985],[-121.57562300000006,36.140059000000001],[-121.57559400000008,36.140093999999998],[-121.57556500000007,36.14012799999999],[-121.57553900000009,36.140163999999984],[-121.57551500000007,36.140200000000007],[-121.57549200000008,36.140236999999999],[-121.57547100000008,36.14027500000001],[-121.57545000000009,36.140312999999992],[-121.57541200000007,36.140389999999996],[-121.57537800000009,36.140467000000001],[-121.57536300000008,36.140505999999995],[-121.57534900000007,36.140545999999993],[-121.57533800000009,36.140585999999992],[-121.57532900000007,36.140627999999992],[-121.57532300000007,36.140669999999993],[-121.57531900000006,36.140712999999991],[-121.57531400000009,36.140799000000001],[-121.57531200000008,36.14088499999999],[-121.57531400000009,36.140971999999991],[-121.57531700000007,36.141014999999989],[-121.57532100000009,36.141058000000008],[-121.57532600000009,36.141099999999994],[-121.57533300000009,36.141140999999998],[-121.57536100000007,36.141307000000005],[-121.57536700000007,36.141349000000005],[-121.57537100000009,36.141390000000001],[-121.57537300000007,36.141430999999997],[-121.57537200000009,36.141470999999996],[-121.57536600000009,36.141510999999994],[-121.57535500000007,36.141548999999998],[-121.57534000000007,36.141587000000008],[-121.57532200000007,36.141622999999996],[-121.57530100000007,36.14165899999999],[-121.57527900000008,36.141692999999997],[-121.57525500000008,36.141725000000001],[-121.57523100000007,36.141753999999992],[-121.57520500000007,36.14177999999999],[-121.57518000000007,36.141801000000001],[-121.57515300000009,36.141815999999984],[-121.57512700000007,36.141821999999991],[-121.57509800000007,36.141815999999984],[-121.57506900000008,36.141801000000008],[-121.57504000000007,36.141778999999993],[-121.57501100000009,36.141751999999997],[-121.57498200000008,36.14172099999999],[-121.57495400000009,36.141687999999995],[-121.57492600000008,36.141652000000001],[-121.57489800000008,36.141615999999992],[-121.57487200000007,36.141577999999996],[-121.57484700000008,36.141539000000002],[-121.57482400000009,36.141500000000001],[-121.57480400000009,36.141461],[-121.57478600000009,36.141422000000006],[-121.57476900000007,36.141382],[-121.57475300000009,36.141342000000002],[-121.57472500000007,36.141261999999998],[-121.57470000000008,36.141180999999996],[-121.57468900000009,36.141139999999993],[-121.57467900000007,36.141099999999994],[-121.57467100000007,36.141058999999984],[-121.57466600000006,36.141015000000003],[-121.57466200000007,36.140970999999993],[-121.57465900000007,36.140926999999998],[-121.57465800000007,36.140883000000002],[-121.57465700000009,36.140795000000004],[-121.57465800000007,36.140706999999999],[-121.57466000000008,36.140619000000001],[-121.57466500000007,36.140531000000003],[-121.57466800000007,36.140486999999993],[-121.57467300000008,36.140442999999998],[-121.57467900000007,36.140399999999993],[-121.57468800000008,36.140357999999999],[-121.57469800000007,36.140315999999999],[-121.57472200000007,36.140234000000014],[-121.57476200000009,36.14011],[-121.57484700000008,36.139862999999991],[-121.57488700000007,36.139739999999996],[-121.57491200000008,36.139657],[-121.57492300000007,36.139614999999999],[-121.57493300000009,36.139573999999989],[-121.57494100000007,36.139532000000003],[-121.57494800000009,36.139488999999998],[-121.57495200000008,36.139446999999997],[-121.57495600000007,36.139403999999992],[-121.57496700000007,36.13923299999999],[-121.57497200000009,36.139190000000006],[-121.57497700000008,36.139147999999999],[-121.57498500000008,36.139105999999998],[-121.57499500000007,36.139065000000002],[-121.57500900000008,36.13902499999999],[-121.57502600000007,36.138986000000003],[-121.57504500000007,36.138946999999995],[-121.57506500000007,36.138908000000001],[-121.57508700000008,36.138869999999997],[-121.57510900000007,36.138832000000001],[-121.57515600000008,36.138756999999998],[-121.57520500000007,36.13868200000001],[-121.57523000000009,36.13864499999999],[-121.57525600000007,36.138609000000002],[-121.57528300000007,36.138574000000006],[-121.57531200000008,36.138540999999989],[-121.57534300000007,36.138509000000006],[-121.57537700000009,36.13847899999999],[-121.57541500000008,36.138451999999994],[-121.57545600000009,36.13842799999999],[-121.57549800000008,36.138405000000006],[-121.57554200000007,36.138384000000002],[-121.57563400000008,36.138344000000004],[-121.57586800000007,36.138245999999995],[-121.57601100000007,36.138184000000003],[-121.57615200000006,36.138119000000003],[-121.57624500000009,36.138075000000001],[-121.57633700000007,36.138030000000008],[-121.57642800000009,36.137983000000006],[-121.57652000000007,36.137932999999983],[-121.57665600000007,36.137853999999997],[-121.57683500000007,36.137746999999997],[-121.57696400000007,36.137667],[-121.57704300000007,36.137616000000001],[-121.57712000000008,36.137563999999998],[-121.57715700000007,36.137537000000002],[-121.57719300000007,36.137509999999999],[-121.57722700000006,36.137481999999991],[-121.57725800000007,36.137452999999994],[-121.57728500000007,36.137422000000008],[-121.57730800000009,36.137390000000011],[-121.57732600000008,36.137352999999983],[-121.57733900000008,36.137315000000001],[-121.57734800000007,36.137275000000002],[-121.57735500000007,36.13723499999999],[-121.57736900000008,36.137115000000009],[-121.57737500000007,36.137076999999984],[-121.57738200000007,36.137040999999996],[-121.57739300000007,36.137008999999992],[-121.57740700000006,36.136980000000001],[-121.57741400000008,36.136969999999998],[-121.57743200000007,36.136952000000001],[-121.57747500000008,36.136919000000006],[-121.57750400000008,36.136893999999991],[-121.57753400000009,36.136865999999984],[-121.57756300000008,36.136834999999998],[-121.57759200000007,36.136801999999996],[-121.57762100000008,36.136767999999989],[-121.57765000000009,36.136732999999992],[-121.57767700000007,36.136695999999993],[-121.57770400000007,36.136659000000002],[-121.57772800000006,36.136619999999994],[-121.57775000000008,36.136581],[-121.57776800000008,36.136543000000003],[-121.57778400000007,36.136503999999995],[-121.57779800000009,36.136465000000001],[-121.57781000000008,36.13642500000001],[-121.57782000000007,36.13638499999999],[-121.57782900000007,36.136344999999999],[-121.57783600000009,36.136305],[-121.57784000000008,36.136264999999995],[-121.57784200000009,36.136225000000003],[-121.57783900000007,36.136186000000002],[-121.57783000000009,36.136144000000016],[-121.57781600000008,36.136103999999996],[-121.57779700000009,36.136064000000005],[-121.57777400000008,36.136026999999999],[-121.57774700000006,36.135992000000009],[-121.57771600000007,36.135961999999992],[-121.57768200000007,36.135935000000003],[-121.57764500000008,36.13591199999999],[-121.57760500000009,36.135891999999991],[-121.57756300000008,36.135874999999992],[-121.57751500000009,36.135862999999993],[-121.57746500000007,36.135856000000004],[-121.57741400000008,36.135851000000009],[-121.57736100000007,36.135848999999993],[-121.57730800000009,36.135848999999993],[-121.57725500000008,36.135849999999998],[-121.57720200000007,36.135852000000007],[-121.57711100000007,36.135858000000006],[-121.57705800000006,36.135860000000001],[-121.57700600000007,36.135859000000004],[-121.57695400000009,36.135854000000002],[-121.57690300000009,36.135845000000003],[-121.57685100000009,36.135834000000003],[-121.57680000000009,36.135822000000012],[-121.57674900000009,36.135807999999997],[-121.57659600000007,36.135762999999997],[-121.57649500000008,36.135735000000004],[-121.57639500000009,36.13571000000001],[-121.57620900000009,36.135667999999995],[-121.57616700000008,36.135657000000002],[-121.57612600000007,36.135643999999992],[-121.57608100000007,36.135623000000002],[-121.57603800000008,36.135598999999999],[-121.57599700000007,36.135572000000003],[-121.57595800000007,36.135542999999991],[-121.57592200000008,36.135511999999984],[-121.57588800000009,36.135477999999985],[-121.57585800000008,36.135444],[-121.57583300000007,36.135407000000001],[-121.57581500000009,36.135371999999997],[-121.57580000000007,36.135334999999998],[-121.57579000000007,36.135298000000006],[-121.57578100000008,36.135259999999995],[-121.57577600000009,36.135221999999999],[-121.57577300000007,36.135182999999991],[-121.57577400000008,36.135145000000001],[-121.57577800000007,36.135106999999998],[-121.57578700000008,36.135069999999999],[-121.57580000000007,36.135037999999994],[-121.57581600000009,36.135006000000004],[-121.57583500000007,36.134974000000007],[-121.57585600000007,36.134943],[-121.57587900000009,36.134911999999993],[-121.57599200000007,36.134766999999997],[-121.57601700000006,36.134732999999997],[-121.57604300000007,36.134696000000005],[-121.57606700000007,36.134659000000006],[-121.57609100000008,36.134621999999993],[-121.57613600000008,36.134546],[-121.57617600000009,36.13447399999999],[-121.57619500000008,36.134437999999989],[-121.57621200000008,36.134401999999994],[-121.57622700000009,36.134366],[-121.57623800000007,36.134329999999991],[-121.57624400000007,36.134302999999996],[-121.57624700000007,36.134275000000002],[-121.57624700000007,36.134247999999992],[-121.57624300000008,36.13421799999999],[-121.57623500000007,36.134188999999999],[-121.57622300000007,36.134159999999994],[-121.57620500000007,36.134125999999995],[-121.57618300000007,36.134093],[-121.57616000000007,36.13406100000001],[-121.57608300000008,36.13396199999999],[-121.57605600000007,36.133924999999998],[-121.57603100000007,36.133887000000001],[-121.57600800000009,36.133846999999996],[-121.57598900000009,36.13380699999999],[-121.57597300000008,36.133765999999994],[-121.57594600000007,36.133681999999993],[-121.57590800000007,36.133558999999998],[-121.57588700000007,36.133485000000007],[-121.57587900000009,36.133451999999991],[-121.57587300000009,36.133420999999998],[-121.57587000000008,36.133392000000001],[-121.57587100000008,36.133366999999986],[-121.57587700000008,36.13334600000001],[-121.57588900000007,36.133330999999991],[-121.57591000000008,36.133318999999993],[-121.57593800000006,36.133314000000006],[-121.57597200000006,36.133312999999994],[-121.57601100000007,36.133314999999996],[-121.57605200000008,36.133320999999988],[-121.57610100000007,36.133330000000001],[-121.57615100000007,36.133341999999985],[-121.57620300000009,36.133355000000002],[-121.57625600000007,36.133369000000009],[-121.57630800000008,36.133383999999992],[-121.57641400000009,36.133416000000004],[-121.57651700000007,36.133450000000003],[-121.57656800000007,36.133468000000001],[-121.57661700000007,36.133488],[-121.57666300000008,36.133508999999989],[-121.57670700000007,36.133532000000002],[-121.57674700000008,36.133558000000001],[-121.57678100000007,36.13358800000001],[-121.57681100000008,36.133620000000001],[-121.57683800000007,36.13365499999999],[-121.57686300000009,36.133690999999992],[-121.57688700000007,36.133728999999995],[-121.57691000000007,36.133766999999999],[-121.57701900000009,36.133963000000008],[-121.57706500000009,36.134039999999999],[-121.57708900000009,36.134078000000002],[-121.57711500000009,36.134115999999999],[-121.57714300000009,36.134151999999993],[-121.57717100000008,36.134187000000004],[-121.57720100000007,36.134220999999997],[-121.57723200000007,36.134255000000003],[-121.57729500000009,36.134323000000002],[-121.57736000000008,36.134390000000003],[-121.57742500000009,36.134456],[-121.57752600000008,36.134554000000001],[-121.57759600000009,36.134618000000003],[-121.57763200000007,36.134649999999993],[-121.57770500000008,36.134711000000003],[-121.57778000000008,36.134770999999994],[-121.57781900000008,36.134799999999998],[-121.57785800000008,36.134828999999996],[-121.57789700000008,36.134855999999999],[-121.57793900000009,36.134881999999998],[-121.57798100000008,36.134906000000001],[-121.57802400000007,36.134926999999998],[-121.57806900000007,36.134946999999997],[-121.57811500000007,36.134964000000004],[-121.57816200000008,36.134981000000003],[-121.57821000000007,36.134995999999994],[-121.57825800000008,36.135010999999999],[-121.57830600000007,36.135025000000006],[-121.57835500000007,36.135037999999994],[-121.57840500000007,36.135049000000009],[-121.57845400000006,36.135060000000003],[-121.57850400000008,36.135068000000004],[-121.57855900000007,36.135074999999993],[-121.57861300000008,36.135080000000002],[-121.57877700000007,36.135092],[-121.57883000000007,36.135096999999995],[-121.57888200000008,36.135103999999998],[-121.57893300000008,36.135113999999994],[-121.57898000000009,36.135127999999987],[-121.57901900000009,36.135144000000004],[-121.57905400000007,36.13516400000001],[-121.57909300000007,36.135189999999994],[-121.57913000000009,36.13521999999999],[-121.57916500000007,36.135251999999994],[-121.57919800000008,36.135286000000001],[-121.57923100000008,36.135320999999998],[-121.57929500000007,36.135391999999996],[-121.57942000000007,36.135538999999994],[-121.57951100000007,36.135648999999987],[-121.57953900000008,36.135686999999997],[-121.57956700000007,36.135724000000003],[-121.57959300000009,36.135761999999993],[-121.57961600000007,36.135800999999994],[-121.57963600000008,36.135840999999999],[-121.57965100000007,36.135882000000002],[-121.57966300000008,36.135924000000003],[-121.57967300000007,36.135966000000003],[-121.57970700000008,36.136139],[-121.57972700000008,36.136219999999987],[-121.57973800000008,36.136261000000012],[-121.57976300000007,36.136341999999985],[-121.57980200000007,36.136461999999995],[-121.57991100000007,36.136783000000001],[-121.57994000000006,36.136862000000001],[-121.57996900000008,36.136940999999993],[-121.58000100000007,36.137019000000009],[-121.58001800000007,36.137058000000003],[-121.58003800000007,36.137096999999997],[-121.58008000000008,36.137174000000009],[-121.58010300000007,36.137211999999998],[-121.58015000000007,36.137286999999993],[-121.58020000000008,36.137360999999999],[-121.58022600000007,36.137397],[-121.58025400000008,36.137431999999997],[-121.58028300000007,36.137466999999994],[-121.58031500000007,36.13750000000001],[-121.58034800000007,36.137533000000005],[-121.58038300000008,36.137565000000002],[-121.58045500000009,36.137626999999995],[-121.58053000000008,36.137687],[-121.58056900000008,36.137715999999998],[-121.58060800000008,36.137743999999998],[-121.58064800000007,36.137771999999998],[-121.58069000000008,36.137797999999997],[-121.58073100000009,36.137822],[-121.58077300000008,36.137845000000006],[-121.58081600000007,36.137866999999993],[-121.58085900000007,36.137888000000004],[-121.58094800000008,36.137929],[-121.58103700000007,36.137968999999998],[-121.58112800000008,36.138006999999995],[-121.58117400000008,36.138024999999992],[-121.58127200000008,36.138060999999986],[-121.58142200000007,36.138112000000007],[-121.58157200000008,36.138160999999982],[-121.58167300000007,36.138191999999989],[-121.58177400000007,36.138222999999996],[-121.58182600000009,36.138236999999997],[-121.58193000000007,36.138264999999997],[-121.58203500000008,36.138292],[-121.58245400000008,36.138396999999998],[-121.58266400000007,36.138449000000001],[-121.58282200000005,36.138485000000003],[-121.58292600000009,36.13850699999999],[-121.58303000000006,36.138525000000001],[-121.58339400000008,36.138584999999999],[-121.58355000000009,36.138612999999999],[-121.58370700000008,36.138643999999992],[-121.58407400000007,36.138717999999997],[-121.58417900000008,36.138736999999999],[-121.58423100000009,36.13874599999999],[-121.58428400000007,36.138754000000006],[-121.58433700000009,36.138759999999991],[-121.58439000000007,36.138764999999992],[-121.58444200000008,36.138766999999994],[-121.58449400000008,36.138767000000001],[-121.58454700000009,36.13876599999999],[-121.58460000000007,36.138763999999995],[-121.58481100000009,36.138752999999994],[-121.58491700000008,36.138749000000004],[-121.58496900000007,36.138747000000002],[-121.58502200000008,36.138747000000002],[-121.58507800000007,36.138748],[-121.58518900000007,36.138753999999999],[-121.58546600000008,36.138773],[-121.58552100000007,36.13877500000001],[-121.58557700000009,36.138776999999997],[-121.58563200000007,36.13877699999999],[-121.58568300000007,36.138775000000003],[-121.58573500000007,36.138770999999991],[-121.58578600000007,36.138767000000001],[-121.58588900000007,36.138754999999996],[-121.58604300000007,36.138734000000007],[-121.58614500000007,36.138717999999997],[-121.58619500000009,36.138709999999996],[-121.58629900000007,36.13868999999999],[-121.58640300000008,36.13866800000001],[-121.58833400000007,36.138242999999989],[-121.58868600000007,36.138165999999991],[-121.58929900000007,36.138033999999983],[-121.58940100000007,36.138010000000008],[-121.58945100000008,36.137996999999999],[-121.58950100000008,36.137984000000003],[-121.58954900000009,36.137968999999998],[-121.58959700000008,36.137951999999977],[-121.58964200000008,36.137932999999983],[-121.58968600000007,36.137910999999995],[-121.58972800000006,36.137886999999999],[-121.58976900000008,36.137861000000001],[-121.58980900000007,36.137833999999998],[-121.58984800000007,36.137805],[-121.58996400000008,36.137717999999985],[-121.59023000000009,36.137509000000001],[-121.59034100000007,36.13741799999999],[-121.59037800000009,36.137386999999997],[-121.59041300000007,36.137354999999999],[-121.59044700000008,36.137322999999995],[-121.59047900000007,36.13729],[-121.59050900000007,36.137253999999992],[-121.59053800000008,36.137217999999997],[-121.59056500000007,36.137180000000001],[-121.59059100000009,36.137142000000004],[-121.59064200000009,36.137065],[-121.59071500000007,36.13694799999999],[-121.59078600000007,36.136830000000003],[-121.59083200000008,36.136750999999997],[-121.59085200000008,36.136713],[-121.59089200000008,36.136637],[-121.59098900000006,36.136445999999999],[-121.59104900000007,36.136332000000003],[-121.59111500000007,36.136217000000002],[-121.59127600000008,36.135952000000017],[-121.59134200000008,36.135837000000002],[-121.59140200000009,36.135722000000001],[-121.59144000000009,36.13564499999999],[-121.59147700000008,36.135566999999995],[-121.59153100000009,36.135449000000001],[-121.59161800000008,36.135247000000007],[-121.59163600000008,36.135206999999987],[-121.59165400000009,36.135169000000005],[-121.59167400000007,36.135133000000003],[-121.59169500000007,36.135100000000001],[-121.59171800000007,36.135071000000003],[-121.59174500000007,36.135046999999993],[-121.59177500000007,36.135030999999998],[-121.59181200000009,36.135023999999987],[-121.59185300000007,36.135023999999994],[-121.59189800000007,36.135030999999998],[-121.59194500000008,36.135041000000008],[-121.59199300000009,36.135054999999994],[-121.59204300000007,36.135069999999992],[-121.59214500000007,36.135103999999998],[-121.59245400000007,36.135211000000005],[-121.59255400000009,36.135246000000002],[-121.59260300000008,36.135263999999999],[-121.59264900000007,36.135281999999997],[-121.59269200000007,36.135300999999991],[-121.59273100000007,36.135319999999993],[-121.59276400000009,36.135340999999997],[-121.59278900000008,36.135362000000001],[-121.59280400000009,36.135385999999997],[-121.59280700000008,36.135409999999993],[-121.59280000000007,36.135434999999987],[-121.59276600000007,36.135511999999991],[-121.59276100000007,36.13553499999999],[-121.59276500000009,36.135554999999982],[-121.59278100000007,36.135572000000003],[-121.59280900000009,36.135584999999999],[-121.59284500000007,36.135595000000002],[-121.59288700000009,36.135603000000003],[-121.59293300000009,36.135609000000002],[-121.59298200000008,36.135612000000002],[-121.59303200000008,36.135612999999985],[-121.59308300000006,36.135612999999992],[-121.59318800000008,36.135609000000002],[-121.59329500000007,36.135601999999999],[-121.59345600000007,36.135590000000015],[-121.59382900000007,36.135562],[-121.59398800000007,36.135548999999983],[-121.59409400000007,36.135539000000001],[-121.59414700000008,36.135533000000009],[-121.59419900000007,36.135526999999996],[-121.59425100000009,36.13552],[-121.59435300000008,36.135502000000002],[-121.59455300000008,36.135463000000001],[-121.59460300000008,36.135454000000003],[-121.59465400000008,36.135446000000002],[-121.59470400000006,36.135439999999996],[-121.59475400000007,36.135434999999994],[-121.59480400000008,36.135432999999999],[-121.59485700000009,36.135434999999987],[-121.59491100000007,36.135438999999998],[-121.59496400000008,36.135446999999992],[-121.59501700000008,36.135455000000007],[-121.59507100000008,36.135466000000008],[-121.59512400000007,36.135476999999995],[-121.59517700000008,36.135489],[-121.59522900000009,36.135501999999995],[-121.59528100000009,36.135516000000003],[-121.59533200000008,36.135531999999991],[-121.59538200000007,36.13554899999999],[-121.59543000000006,36.135569000000004],[-121.59547800000007,36.135590999999998],[-121.59552300000007,36.135615999999999],[-121.59556700000007,36.135642999999995],[-121.59561100000009,36.135670999999995],[-121.59565400000008,36.135699999999993],[-121.59582200000008,36.135815000000001],[-121.59586400000008,36.135843000000008],[-121.59590500000009,36.135868999999978],[-121.59593900000007,36.135888999999992],[-121.59597300000007,36.135906999999989],[-121.59600900000007,36.135921999999994],[-121.59604500000007,36.135933000000001],[-121.59609000000007,36.135940000000005],[-121.59613600000009,36.13594100000001],[-121.59618400000006,36.135938999999993],[-121.59623300000008,36.135932999999994],[-121.59638100000005,36.135911999999998],[-121.59643000000007,36.135906000000006],[-121.59647700000008,36.13590099999999],[-121.59652400000009,36.135898999999995],[-121.59656800000009,36.135901999999994],[-121.59661000000007,36.135909999999996],[-121.59664800000007,36.135925999999998],[-121.59668400000005,36.135947000000002],[-121.59671800000007,36.135973000000007],[-121.59675000000007,36.136000999999993],[-121.59681600000008,36.136060999999991],[-121.59684900000008,36.136091],[-121.59688000000007,36.136116999999992],[-121.59691300000007,36.13613999999999],[-121.59695000000009,36.136163999999994],[-121.59699000000008,36.13618499999999],[-121.59703100000009,36.136204999999997],[-121.59720500000009,36.136284000000003],[-121.59729900000008,36.136328999999989],[-121.59743900000007,36.136400000000002],[-121.59757600000007,36.136473000000009],[-121.59766700000007,36.13652299999999],[-121.59770900000007,36.136547],[-121.59800100000008,36.13671999999999],[-121.59808500000008,36.136769000000001],[-121.59817200000009,36.136818000000005],[-121.59831000000008,36.136892000000003],[-121.59840000000008,36.136940999999986],[-121.59844400000007,36.136966999999999],[-121.59848600000007,36.136992999999983],[-121.59852600000009,36.137020999999997],[-121.59856300000008,36.137050000000009],[-121.59859700000007,36.137081999999999],[-121.59862300000007,36.137113999999997],[-121.59864600000009,36.137149000000001],[-121.59866600000007,36.137185000000002],[-121.59868300000008,36.137222999999985],[-121.59869900000007,36.137260999999995],[-121.59871400000007,36.137300000000003],[-121.59872600000007,36.13733899999999],[-121.59873800000007,36.13737900000001],[-121.59874700000007,36.137419000000001],[-121.59875400000007,36.137459],[-121.59875900000007,36.137499999999996],[-121.59876000000007,36.137539999999994],[-121.59875800000006,36.137580000000007],[-121.59875500000008,36.137619999999998],[-121.59874300000008,36.137700000000002],[-121.59873600000009,36.137740000000001],[-121.59872100000007,36.137821000000002],[-121.59870300000009,36.137900999999992],[-121.59869300000007,36.137940999999998],[-121.59867000000007,36.138024000000001],[-121.59862100000007,36.138190000000002],[-121.59845500000006,36.138726000000005],[-121.59841500000009,36.138849999999991],[-121.59831500000007,36.139148999999996],[-121.59828800000007,36.139235000000006],[-121.59827600000007,36.139278999999988],[-121.59826500000008,36.139322000000007],[-121.59825600000009,36.139366000000017],[-121.59824800000008,36.139410999999996],[-121.59824300000007,36.139454999999998],[-121.59823400000008,36.139544999999991],[-121.59822400000007,36.139678000000011],[-121.59821900000007,36.139719999999983],[-121.59821400000008,36.139762000000005],[-121.59820700000007,36.139800999999999],[-121.59819800000007,36.139837],[-121.59818500000007,36.139868000000007],[-121.59816700000007,36.139893000000008],[-121.59815000000008,36.139905000000006],[-121.59813100000008,36.139912000000002],[-121.59810200000007,36.139913],[-121.59806900000007,36.139905000000006],[-121.59803300000007,36.139890999999992],[-121.59799600000008,36.13987199999999],[-121.59795700000008,36.139850999999993],[-121.59779300000007,36.139751000000004],[-121.59775100000007,36.139727000000008],[-121.59770700000009,36.13970299999999],[-121.59766300000007,36.139680999999989],[-121.59761700000008,36.139661999999994],[-121.59757000000008,36.139646000000006],[-121.59752300000007,36.139632999999996],[-121.59747400000008,36.139622000000003],[-121.59742400000009,36.139612],[-121.59737400000009,36.139603999999991],[-121.59732400000007,36.139596999999995],[-121.59727300000007,36.13959100000001],[-121.59722200000007,36.139584999999997],[-121.59717100000007,36.139580999999986],[-121.59711900000008,36.139578999999998],[-121.59706800000008,36.139577999999993],[-121.59701600000008,36.139579000000005],[-121.59696400000007,36.139581999999997],[-121.59691200000007,36.139586000000001],[-121.59686100000008,36.139591999999993],[-121.59681000000008,36.13959899999999],[-121.59676000000007,36.139606999999991],[-121.59671200000007,36.13961599999999],[-121.59666600000007,36.139627999999995],[-121.59662200000007,36.139641999999988],[-121.59658200000007,36.139659000000002],[-121.59654600000007,36.139679999999991],[-121.59651700000009,36.139707999999992],[-121.59649200000007,36.139738999999999],[-121.59647100000008,36.139774000000003],[-121.59645400000007,36.139811000000002],[-121.59643900000009,36.13985000000001],[-121.59642500000008,36.139889999999994],[-121.59641400000007,36.13993],[-121.59640500000008,36.139971000000003],[-121.59639800000008,36.140013000000003],[-121.59639400000009,36.14005499999999],[-121.59639300000008,36.140096],[-121.59639700000007,36.140137000000003],[-121.59640300000007,36.140176999999994],[-121.59641300000008,36.140217],[-121.59642400000007,36.140257999999996],[-121.59643700000008,36.140297999999994],[-121.59646700000009,36.140376999999994],[-121.59650000000008,36.140456],[-121.59651800000009,36.14049399999999],[-121.59653700000007,36.140532],[-121.59659500000006,36.140633999999999],[-121.59661300000009,36.140666999999993],[-121.59662800000007,36.140700000000002],[-121.59664000000006,36.140732],[-121.59664700000009,36.140764000000004],[-121.59664900000007,36.140791000000007],[-121.59664700000009,36.140818999999993],[-121.59664200000007,36.14088799999999],[-121.59663400000007,36.140959000000009],[-121.59662800000007,36.140994000000006],[-121.59662000000009,36.141027000000001],[-121.59660800000009,36.141058000000001],[-121.59659300000008,36.141085999999994],[-121.59657100000007,36.141110000000005],[-121.59654400000007,36.141128000000002],[-121.59651100000009,36.141142999999992],[-121.59644000000009,36.141169999999995],[-121.59640500000008,36.141185000000007],[-121.59637300000007,36.141201999999993],[-121.59634500000007,36.141221999999999],[-121.59632300000008,36.141248000000004],[-121.59630700000007,36.141277999999993],[-121.59629500000007,36.141311000000009],[-121.59628700000006,36.141345999999999],[-121.59628000000006,36.14138299999999],[-121.59627500000008,36.141424999999991],[-121.59626200000007,36.141553999999992],[-121.59625700000008,36.141589999999994],[-121.59624900000007,36.141624999999998],[-121.59623900000008,36.14165899999999],[-121.59622600000009,36.141691999999992],[-121.59620800000009,36.141722000000009],[-121.59618300000007,36.141750999999992],[-121.59615400000007,36.141777000000005],[-121.59612200000008,36.141801000000001],[-121.59608700000007,36.141823000000009],[-121.59601400000008,36.141864999999996],[-121.59597800000007,36.141888000000009],[-121.59594400000009,36.141911999999991],[-121.59591100000009,36.141938999999986],[-121.59588500000008,36.141964999999999],[-121.59581000000007,36.142044999999989],[-121.59578100000007,36.142074999999998],[-121.59575000000008,36.142105000000008],[-121.59571700000008,36.142132999999994],[-121.59568200000007,36.142157999999995],[-121.59565000000009,36.142176999999997],[-121.59561700000009,36.142194000000003],[-121.59557700000009,36.142208999999994],[-121.59553300000009,36.142220999999999],[-121.59548700000009,36.142229000000007],[-121.59544000000008,36.142233999999995],[-121.59538900000008,36.142237000000002],[-121.59533800000008,36.142238999999982],[-121.59518200000008,36.142241999999996],[-121.59513100000008,36.142243999999998],[-121.59508000000008,36.14224699999999],[-121.59503000000007,36.142251000000002],[-121.59498100000008,36.142259000000003],[-121.59493300000008,36.142268999999999],[-121.59488700000009,36.142285000000008],[-121.59484200000009,36.142304000000003],[-121.59479900000007,36.142325999999997],[-121.59475600000007,36.142349999999993],[-121.59471500000006,36.142375999999999],[-121.59463200000009,36.142430000000004],[-121.59455000000007,36.142485000000001],[-121.59442800000006,36.142570999999997],[-121.59434800000008,36.142627999999995],[-121.59430900000008,36.142657000000007],[-121.59427100000009,36.142685999999998],[-121.59423500000007,36.142715999999993],[-121.59420100000007,36.142746999999993],[-121.59417000000009,36.142777999999993],[-121.59414400000007,36.142810999999995],[-121.59412400000006,36.142845000000008],[-121.59411100000007,36.142883000000005],[-121.59410500000007,36.142923000000003],[-121.59410400000009,36.142964999999997],[-121.59410700000008,36.143006999999997],[-121.59411200000007,36.143050000000009],[-121.59411800000007,36.143093999999984],[-121.59412600000007,36.143137000000003],[-121.59413600000009,36.143179999999987],[-121.59414600000008,36.143222999999999],[-121.59415800000008,36.143265],[-121.59417100000007,36.143304999999991],[-121.59418700000009,36.143343999999999],[-121.59420600000009,36.143379000000003],[-121.59422900000007,36.143409999999996],[-121.59425900000006,36.143436000000001],[-121.59429500000007,36.143454000000006],[-121.59433800000006,36.143467000000001],[-121.59438500000007,36.143476000000007],[-121.59443500000008,36.143481999999992],[-121.59448700000007,36.143485999999996],[-121.59454000000008,36.143487999999991],[-121.59481400000007,36.14349399999999],[-121.59486700000008,36.143495999999999],[-121.59491700000007,36.143499999999996],[-121.59496500000009,36.143506000000002],[-121.59500900000008,36.143515000000001],[-121.59504700000008,36.143528000000003],[-121.59507700000009,36.143546000000001],[-121.59509800000008,36.143571999999985],[-121.59511200000007,36.143604000000003],[-121.59511900000008,36.143638999999993],[-121.59512200000009,36.143678000000001],[-121.59512300000007,36.143718999999997],[-121.59512100000009,36.143760999999998],[-121.59511800000007,36.143804999999993],[-121.59510900000006,36.143893000000006],[-121.59506500000008,36.144295000000007],[-121.59501700000008,36.144742000000001],[-121.59500300000008,36.144875999999989],[-121.59499700000008,36.144964000000009],[-121.59499500000007,36.145007],[-121.59499500000007,36.145049],[-121.59499800000009,36.145090000000003],[-121.59500400000009,36.145128999999997],[-121.59501500000007,36.145164999999999],[-121.59503300000007,36.145195999999991],[-121.59505100000007,36.145215999999991],[-121.59507400000008,36.14523299999999],[-121.59510000000009,36.145246000000007],[-121.59513900000009,36.145257999999984],[-121.59518100000007,36.14526399999999],[-121.59522500000007,36.14526699999999],[-121.59534700000009,36.145269999999989],[-121.59537300000007,36.145271999999999],[-121.59539300000007,36.145277],[-121.59540600000007,36.145285000000008],[-121.59541000000009,36.145297999999997],[-121.59540600000007,36.145316000000008],[-121.59539400000007,36.145342000000014],[-121.59537500000008,36.145370999999997],[-121.59535200000009,36.145402999999995],[-121.59527200000008,36.145508],[-121.59524600000007,36.145544999999991],[-121.59522200000008,36.14558199999999],[-121.59520100000007,36.145620000000001],[-121.59518500000009,36.145657999999997],[-121.59517600000008,36.145696999999991],[-121.59517700000008,36.145733999999997],[-121.59518400000009,36.145771000000018],[-121.59519600000007,36.145809],[-121.59521200000009,36.145846999999996],[-121.59523200000007,36.145884000000002],[-121.59525400000008,36.145919999999997],[-121.59527800000008,36.145955000000008],[-121.59530500000008,36.145989],[-121.59533400000007,36.146021000000005],[-121.59536700000007,36.146050000000002],[-121.59540300000009,36.146074000000006],[-121.59544200000009,36.146092999999993],[-121.59548500000008,36.146109000000003],[-121.59553000000008,36.146121000000001],[-121.59557800000009,36.146130999999997],[-121.59562600000008,36.14614000000001],[-121.59567500000007,36.146146000000002],[-121.59572500000009,36.146152000000001],[-121.59577600000009,36.146155999999998],[-121.59582600000007,36.146158999999997],[-121.59587700000007,36.146158999999997],[-121.59592700000007,36.146158],[-121.59597800000007,36.146153999999996],[-121.59602900000006,36.14614799999999],[-121.59608000000009,36.14614000000001],[-121.59618100000009,36.146121000000001],[-121.59633200000006,36.146087999999999],[-121.59648100000007,36.146051999999997],[-121.59668600000009,36.14599900000001],[-121.59689000000009,36.145942999999995],[-121.59704300000008,36.145900999999995],[-121.59714400000007,36.145871000000014],[-121.59719400000007,36.145855999999995],[-121.59724300000008,36.145839999999993],[-121.59729200000007,36.145821999999995],[-121.59733900000008,36.145803000000001],[-121.59738700000007,36.145781000000007],[-121.59743400000008,36.145757999999994],[-121.59747900000008,36.145732999999993],[-121.59752400000008,36.145707999999999],[-121.59756800000007,36.145680999999996],[-121.59761200000007,36.145654000000007],[-121.59765400000008,36.145626999999998],[-121.59769500000009,36.145598000000007],[-121.59773500000007,36.145568999999995],[-121.59777200000009,36.145538000000002],[-121.59780700000007,36.145507000000002],[-121.59783300000008,36.145479999999992],[-121.59788200000007,36.145425999999993],[-121.59791600000007,36.145394000000003],[-121.59795100000008,36.14536300000001],[-121.59798800000007,36.145332000000003],[-121.59802600000008,36.145301000000003],[-121.59810500000007,36.145241999999996],[-121.59822600000008,36.145153999999998],[-121.59847300000008,36.144978000000002],[-121.59859700000007,36.144891000000001],[-121.59868000000009,36.144833999999996],[-121.59876600000007,36.144777999999995],[-121.59880900000009,36.144752000000004],[-121.59885400000009,36.144728000000001],[-121.59890000000007,36.144706000000006],[-121.59894800000008,36.144685999999986],[-121.59899800000008,36.144668999999993],[-121.59904900000008,36.144655000000007],[-121.59910000000008,36.14464199999999],[-121.59915200000007,36.144632000000001],[-121.59920300000007,36.144624000000007],[-121.59925400000007,36.144619999999996],[-121.59930400000009,36.14462000000001],[-121.59935300000008,36.144624999999998],[-121.59939700000008,36.144636000000006],[-121.59944100000007,36.144652000000001],[-121.59948300000008,36.144672],[-121.59952500000007,36.144692999999982],[-121.59964800000007,36.144762],[-121.59968900000008,36.144781999999999],[-121.59972900000007,36.144799999999982],[-121.59977000000008,36.144813000000006],[-121.59981000000008,36.144820000000003],[-121.59984900000008,36.144819000000012],[-121.59988600000007,36.14481],[-121.59992100000007,36.144795999999985],[-121.59995300000008,36.144776],[-121.59998300000008,36.144751999999997],[-121.60001300000006,36.144722999999992],[-121.60004100000008,36.144691999999999],[-121.60006800000008,36.144659000000004],[-121.60009500000007,36.144624999999998],[-121.60017500000008,36.144519999999986],[-121.60023000000007,36.144450999999989],[-121.60025900000008,36.144416999999997],[-121.60029000000007,36.144384999999993],[-121.60032300000007,36.144353999999993],[-121.60035800000009,36.14432399999999],[-121.60039500000008,36.144295999999997],[-121.60043200000007,36.144268000000004],[-121.60047000000007,36.144241000000001],[-121.60054900000007,36.144187999999993],[-121.60062900000008,36.144136999999994],[-121.60067100000008,36.144112999999997],[-121.60071300000008,36.144089999999998],[-121.60075800000008,36.144067],[-121.60080400000007,36.144045999999996],[-121.60085000000007,36.144024999999999],[-121.60089700000007,36.144005],[-121.60094400000008,36.143985999999998],[-121.60099100000006,36.143968999999998],[-121.60103900000009,36.143953000000003],[-121.60108600000007,36.143939000000003],[-121.60113400000007,36.143928000000002],[-121.60118100000008,36.143920999999999],[-121.60122800000009,36.143917999999992],[-121.60127400000009,36.143922000000003],[-121.60131900000009,36.143931000000002],[-121.60136400000009,36.143943000000007],[-121.60140800000009,36.143958999999995],[-121.60145200000008,36.143975999999995],[-121.60149400000007,36.143996000000001],[-121.60153500000008,36.144016999999998],[-121.60157400000008,36.14403999999999],[-121.60161000000008,36.144064999999991],[-121.60164200000007,36.144092000000008],[-121.60167000000008,36.144121999999996],[-121.60169200000007,36.144156000000009],[-121.60170800000007,36.144191999999997],[-121.60172100000008,36.144230999999998],[-121.60173200000007,36.144271000000003],[-121.60176400000007,36.144430999999997],[-121.60177300000008,36.144468000000003],[-121.60178500000008,36.144502999999986],[-121.60179900000009,36.144535000000005],[-121.60181800000008,36.144562000000001],[-121.60183500000007,36.144578000000003],[-121.60186300000008,36.144594000000005],[-121.60189700000006,36.144604999999999],[-121.60193400000009,36.144611999999995],[-121.60201000000008,36.144625000000005],[-121.60204500000009,36.144632999999999],[-121.60207600000008,36.144644000000007],[-121.60209900000007,36.144658999999997],[-121.60211500000008,36.144682000000003],[-121.60212200000007,36.144709999999996],[-121.60212300000009,36.144742999999991],[-121.60212000000008,36.144778999999993],[-121.60211300000007,36.144816999999996],[-121.60210400000007,36.144857000000009],[-121.60208200000008,36.144938999999994],[-121.60205800000008,36.145023000000002],[-121.60191300000008,36.145493000000002],[-121.60187500000008,36.145621000000006],[-121.60185300000009,36.145705],[-121.60184400000009,36.145747],[-121.60183700000007,36.145789000000001],[-121.60183400000007,36.145829999999982],[-121.60183500000007,36.145871],[-121.60184200000008,36.145910000000001],[-121.60185600000008,36.145946000000002],[-121.60187500000008,36.145980999999992],[-121.60189800000009,36.146013999999994],[-121.60192400000007,36.146046999999996],[-121.60195300000008,36.146079999999998],[-121.60198400000007,36.146111000000005],[-121.60201600000008,36.14614000000001],[-121.60205000000008,36.14616800000001],[-121.60208500000007,36.146194000000001],[-121.60212100000008,36.146217],[-121.60215900000009,36.146236000000002],[-121.60219900000008,36.14624899999999],[-121.60224600000006,36.146254999999982],[-121.60229400000009,36.146256000000001],[-121.60234400000007,36.146250999999999],[-121.60239500000007,36.146244000000003],[-121.60244800000008,36.146234],[-121.60250000000008,36.146222000000002],[-121.60255300000009,36.146208000000001],[-121.60260500000007,36.146192999999997],[-121.60265700000006,36.146175999999997],[-121.60270800000009,36.146158],[-121.60275900000009,36.146137999999993],[-121.60280800000008,36.146115999999992],[-121.60285700000007,36.146093],[-121.60290400000008,36.146067999999993],[-121.60303900000008,36.145995999999982],[-121.60308100000009,36.145974999999993],[-121.60312000000009,36.145957000000003],[-121.60315600000008,36.145943999999993],[-121.60318800000007,36.145937999999994],[-121.60321400000008,36.145940999999993],[-121.60323200000008,36.145955999999991],[-121.60324400000007,36.145980000000002],[-121.60325100000007,36.146010999999994],[-121.60325500000009,36.146045999999991],[-121.60325700000007,36.146084999999985],[-121.60325700000007,36.146127],[-121.60325500000009,36.146214000000001],[-121.60324900000009,36.146348999999994],[-121.60324600000008,36.146439000000001],[-121.60324600000008,36.146484000000015],[-121.60324700000008,36.146528000000004],[-121.60324900000009,36.146571000000002],[-121.60325500000009,36.146611999999998],[-121.60326400000007,36.146652000000003],[-121.60327600000006,36.146687],[-121.60329400000009,36.146718999999997],[-121.60332100000007,36.146748999999993],[-121.60335400000007,36.146776999999993],[-121.60339100000007,36.146803000000006],[-121.60343100000007,36.146828000000006],[-121.60347400000009,36.146851000000005],[-121.60360500000007,36.146922999999994],[-121.60364800000009,36.146947999999995],[-121.60368900000007,36.146974999999998],[-121.60372900000009,36.147005],[-121.60376800000009,36.147037000000005],[-121.60380500000008,36.147070000000006],[-121.60384100000009,36.147103999999999],[-121.60401500000009,36.147278000000007],[-121.60405000000007,36.147311999999999],[-121.60408600000007,36.147344999999994],[-121.60412100000008,36.147373999999999],[-121.60415800000007,36.147402],[-121.60419600000007,36.147426000000003],[-121.60423600000007,36.147447],[-121.60427800000006,36.147461999999997],[-121.60430600000007,36.147468999999994],[-121.60435200000008,36.147475999999997],[-121.60440100000007,36.147480000000002],[-121.60445000000009,36.147480000000002],[-121.60450100000008,36.147477999999985],[-121.60455200000008,36.147475000000007],[-121.60460400000008,36.147469999999998],[-121.60465600000008,36.147463999999999],[-121.60470700000008,36.147455999999998],[-121.60475800000007,36.147447],[-121.60480900000007,36.147434999999994],[-121.60485800000006,36.147421999999985],[-121.60490700000008,36.147405999999997],[-121.60495600000007,36.147389000000004],[-121.60509900000008,36.147336000000003],[-121.60514600000009,36.147317999999991],[-121.60519400000007,36.147302000000003],[-121.60524100000008,36.147288000000003],[-121.60528800000009,36.147275999999998],[-121.60533600000008,36.147267000000006],[-121.60538300000007,36.147262999999988],[-121.60543100000007,36.14726499999999],[-121.60547800000008,36.147271000000003],[-121.60552600000008,36.14728199999999],[-121.60557300000009,36.147293999999988],[-121.60562100000008,36.147308999999993],[-121.60566900000009,36.147324999999988],[-121.60571600000007,36.147340999999997],[-121.60581100000007,36.147376999999999],[-121.60590600000009,36.147415000000002],[-121.60600200000009,36.147455000000001],[-121.60609900000009,36.147498999999996],[-121.60629200000007,36.147587000000001],[-121.60638800000005,36.147630999999997],[-121.60648200000007,36.147675999999997],[-121.60652800000008,36.1477],[-121.60657300000008,36.147724000000004],[-121.60661600000007,36.14774899999999],[-121.60665600000007,36.14777500000001],[-121.60669200000007,36.147803000000003],[-121.60672400000007,36.147834000000003],[-121.60674900000006,36.147868999999986],[-121.60677000000007,36.147906999999996],[-121.60678700000008,36.147947000000002],[-121.60680100000009,36.147987999999998],[-121.60681300000009,36.14803100000001],[-121.60682400000007,36.148073999999994],[-121.60684300000008,36.148161000000009],[-121.60691600000008,36.148513999999999],[-121.60698100000009,36.148822000000003],[-121.60700700000007,36.148954000000003],[-121.60702200000007,36.149041999999994],[-121.60702800000007,36.149085999999997],[-121.60703300000006,36.14913],[-121.60703600000008,36.149172999999998],[-121.60703700000008,36.149258999999994],[-121.60703500000007,36.149518],[-121.60703500000007,36.149560999999999],[-121.60703700000008,36.149603999999982],[-121.60704100000007,36.149647000000002],[-121.60704700000007,36.149689999999993],[-121.60705500000007,36.149732],[-121.60706500000009,36.149773999999994],[-121.60707700000009,36.149815999999994],[-121.60712700000008,36.149982999999999],[-121.60713800000008,36.150023999999995],[-121.60714600000009,36.150064999999991],[-121.60715100000007,36.150105000000003],[-121.60715200000008,36.15014399999999],[-121.60714700000008,36.150182999999998],[-121.60713500000008,36.150219],[-121.60711700000007,36.150252999999992],[-121.60709500000009,36.150288000000003],[-121.60707000000006,36.150320999999991],[-121.60704200000008,36.150355000000005],[-121.60701300000007,36.150387999999992],[-121.60695200000008,36.150454000000003],[-121.60682500000009,36.150584999999992],[-121.60676100000008,36.150650999999996],[-121.60669600000008,36.150714999999991],[-121.60662900000007,36.150776999999998],[-121.60659400000009,36.150807],[-121.60655800000009,36.150834999999994],[-121.60652100000007,36.150860999999992],[-121.60648100000007,36.150883999999998],[-121.60643900000008,36.15090399999999],[-121.60639400000008,36.150920999999997],[-121.60634700000007,36.150936999999992],[-121.60629900000009,36.150949999999995],[-121.60625100000007,36.150962999999997],[-121.60620100000008,36.150974999999995],[-121.60610100000007,36.150996999999997],[-121.60568200000007,36.151083],[-121.60557700000008,36.151107000000003],[-121.60552600000008,36.151119999999992],[-121.60547800000008,36.151133999999999],[-121.60543100000007,36.151149000000004],[-121.60538800000008,36.151167000000001],[-121.60535100000008,36.151187999999991],[-121.60532000000009,36.151212999999991],[-121.60529800000008,36.151242000000003],[-121.60528300000007,36.151274000000001],[-121.60527200000007,36.151309000000005],[-121.60526400000009,36.15134599999999],[-121.60525900000007,36.151384999999998],[-121.60525500000008,36.151425000000003],[-121.60525000000007,36.151506000000005],[-121.60524300000009,36.151679000000001],[-121.60524300000009,36.151722999999997],[-121.60524400000007,36.15176499999999],[-121.60524800000007,36.151805999999986],[-121.60525500000008,36.151845000000002],[-121.60526700000008,36.151881999999993],[-121.60528700000009,36.151914999999995],[-121.60531500000009,36.151942999999996],[-121.60535000000007,36.151968000000011],[-121.60539000000009,36.151991000000002],[-121.60543300000008,36.152010999999995],[-121.60548000000009,36.152028999999999],[-121.60552800000009,36.152045999999991],[-121.60557800000007,36.152059999999999],[-121.60562900000006,36.152073000000001],[-121.60568000000008,36.152083000000005],[-121.60573300000007,36.152089999999994],[-121.60578300000009,36.152091999999996],[-121.60583400000009,36.152091999999996],[-121.60588600000008,36.152088999999997],[-121.60593700000008,36.152085],[-121.60604000000006,36.152073000000001],[-121.60609200000009,36.152066000000005],[-121.60619500000008,36.152050000000003],[-121.60629800000007,36.152032000000005],[-121.60640000000008,36.152011999999992],[-121.60650200000008,36.151988999999993],[-121.60675700000007,36.151931999999995],[-121.60686000000007,36.151910999999998],[-121.60691100000007,36.151901000000002],[-121.60696300000006,36.151890999999999],[-121.60706600000007,36.151875000000011],[-121.60711700000007,36.151867000000003],[-121.60716700000009,36.151860999999997],[-121.60721700000008,36.151855999999995],[-121.60726600000007,36.151853000000003],[-121.60731200000008,36.151853000000003],[-121.60735600000007,36.151854999999998],[-121.60739700000008,36.151862000000001],[-121.60743300000007,36.151875000000004],[-121.60746300000007,36.151895000000003],[-121.60748900000009,36.151920999999994],[-121.60751000000009,36.151952000000001],[-121.60752900000007,36.151984999999989],[-121.60754600000008,36.152020999999984],[-121.60756000000009,36.152059000000001],[-121.60757200000009,36.152098000000002],[-121.60758200000008,36.152137000000003],[-121.60759000000007,36.152177000000002],[-121.60759400000006,36.152217],[-121.60759400000006,36.152256999999999],[-121.60758900000008,36.15229699999999],[-121.60757900000009,36.152335999999998],[-121.60756600000009,36.152375999999997],[-121.60755100000007,36.152414999999991],[-121.60753400000009,36.152452999999994],[-121.60751400000005,36.152490999999998],[-121.60749300000008,36.152526999999999],[-121.60747000000009,36.152563000000001],[-121.60744500000007,36.15259600000001],[-121.60741700000008,36.152628],[-121.60738500000005,36.152656],[-121.60734700000009,36.152680999999994],[-121.60730600000008,36.152702999999988],[-121.60726200000008,36.15272199999999],[-121.60721600000008,36.152740000000001],[-121.60716800000009,36.152756000000004],[-121.60712000000008,36.152771999999985],[-121.60692300000007,36.152832999999994],[-121.60682500000009,36.152865999999996],[-121.60677700000006,36.152883999999993],[-121.60672800000007,36.152903999999992],[-121.60668000000007,36.152924999999996],[-121.60658600000008,36.152971000000001],[-121.60649300000007,36.153018000000003],[-121.60616800000008,36.153185999999991],[-121.60603000000008,36.153258999999998],[-121.60594200000007,36.153308000000003],[-121.60590100000007,36.153333000000011],[-121.60586200000007,36.153358000000004],[-121.60582800000009,36.153384000000003],[-121.60580000000007,36.153411000000006],[-121.60577900000007,36.153438999999992],[-121.60577100000009,36.153460000000003],[-121.60577000000008,36.153486000000001],[-121.60577600000008,36.153514000000001],[-121.60578800000008,36.153542000000002],[-121.60580200000008,36.153570999999992],[-121.60587900000009,36.153711999999999],[-121.60593900000009,36.153827],[-121.60597800000006,36.153905999999999],[-121.60601500000008,36.153984999999984],[-121.60605000000007,36.154063999999991],[-121.60606600000008,36.154102999999992],[-121.60609600000008,36.154183000000003],[-121.60615500000009,36.154341000000002],[-121.60618600000008,36.154420000000002],[-121.60620200000007,36.154458999999996],[-121.60622000000008,36.15449799999999],[-121.60623900000009,36.154537000000005],[-121.60626000000009,36.154576000000013],[-121.60630300000008,36.154653000000017],[-121.60634800000008,36.154728999999996],[-121.60664800000009,36.155223999999997],[-121.60676200000009,36.155414999999998],[-121.60683100000008,36.155536000000005],[-121.60689800000007,36.155656999999991],[-121.60723400000008,36.156264],[-121.60728000000007,36.156345000000002],[-121.60732700000008,36.156424999999999],[-121.60735200000008,36.156463999999993],[-121.60737800000008,36.156503000000008],[-121.60740500000009,36.15654099999999],[-121.60743400000007,36.156578000000003],[-121.60746500000006,36.15661399999999],[-121.60749600000007,36.156649999999999],[-121.60752900000007,36.15668500000001],[-121.60759600000007,36.15675499999999],[-121.60780000000007,36.156962000000007],[-121.60786700000008,36.157031999999994],[-121.60793300000009,36.157102000000002],[-121.60796400000008,36.157137999999996],[-121.60799400000008,36.157173999999991],[-121.60802300000009,36.157211999999994],[-121.60804700000008,36.157247999999989],[-121.60807000000007,36.157285000000002],[-121.60809200000008,36.157321999999994],[-121.60811200000008,36.157359999999997],[-121.60815100000008,36.157436999999994],[-121.60818600000007,36.157513999999999],[-121.60820200000008,36.157552999999993],[-121.60821700000007,36.157592999999999],[-121.60822900000007,36.157632999999997],[-121.60824000000008,36.157674],[-121.60824900000009,36.157715000000003],[-121.60825600000007,36.157757000000004],[-121.60826200000007,36.15779899999999],[-121.60826700000008,36.157840999999998],[-121.60827600000007,36.157925000000006],[-121.60828000000006,36.158009],[-121.60828100000009,36.158051000000007],[-121.60828000000006,36.158093000000008],[-121.60827700000007,36.158135000000016],[-121.60827100000007,36.158176999999995],[-121.60826400000008,36.158219000000003],[-121.60824000000008,36.158344000000007],[-121.60823400000008,36.158385000000003],[-121.60823100000007,36.158425999999999],[-121.60823100000007,36.158466999999995],[-121.60823600000009,36.158506000000003],[-121.60824500000007,36.158544999999997],[-121.60825700000007,36.158583999999998],[-121.60827100000007,36.158621999999987],[-121.60828700000009,36.158659999999998],[-121.60830500000009,36.158697999999994],[-121.60832400000008,36.158734999999993],[-121.60834500000009,36.158771999999999],[-121.60836700000007,36.158806999999996],[-121.60839200000007,36.158841999999993],[-121.60841900000007,36.158875000000002],[-121.60845100000007,36.158909000000001],[-121.60848700000007,36.158940000000008],[-121.60852400000009,36.158970999999994],[-121.60856300000009,36.159000000000006],[-121.60860300000009,36.159028999999997],[-121.60868600000009,36.159084999999997],[-121.60876700000007,36.15913599999999],[-121.60893100000007,36.159238000000002],[-121.60901300000009,36.159289000000008],[-121.60909200000009,36.159342000000002],[-121.60913100000009,36.159368999999991],[-121.60916900000007,36.15939800000001],[-121.60920700000008,36.159427999999991],[-121.60928100000007,36.159488000000003],[-121.60938800000007,36.159581999999993],[-121.60949300000007,36.159676999999995],[-121.60956000000009,36.159742000000016],[-121.60962800000007,36.159812000000009],[-121.60969400000008,36.159883999999998],[-121.60985600000005,36.160063000000001],[-121.60992200000007,36.160133999999992],[-121.60998700000009,36.160201999999991],[-121.61017600000005,36.160393999999989],[-121.61023700000007,36.160459000000003],[-121.61026600000008,36.160492000000005],[-121.61029400000008,36.160525999999997],[-121.61032100000004,36.160561999999999],[-121.61037300000007,36.160634999999992],[-121.61044800000008,36.160745000000006],[-121.61047300000008,36.160781],[-121.61049900000008,36.160817000000002],[-121.61052600000006,36.160851000000001],[-121.61055500000008,36.160882999999991],[-121.61058700000007,36.160912999999994],[-121.61061200000007,36.160932999999993],[-121.61065000000009,36.160956999999989],[-121.61069300000008,36.160978000000014],[-121.61073700000009,36.160995999999997],[-121.61078400000007,36.161012999999997],[-121.61083300000008,36.161027999999995],[-121.61088200000007,36.161042000000009],[-121.61098300000009,36.161070000000002],[-121.61108400000008,36.161096000000001],[-121.61123800000007,36.161132999999992],[-121.61134100000008,36.161156000000005],[-121.61139200000008,36.161166999999999],[-121.61144400000008,36.161177000000002],[-121.61149600000007,36.161185000000003],[-121.61154800000008,36.161192000000007],[-121.61160000000008,36.161195999999997],[-121.61165300000009,36.161197999999992],[-121.61170600000007,36.161198999999996],[-121.61175900000008,36.161198999999989],[-121.61186500000004,36.16119599999999],[-121.61202500000009,36.161189999999991],[-121.61218400000007,36.161183000000001],[-121.61229100000007,36.161177000000009],[-121.61239700000007,36.161169999999998],[-121.61252500000005,36.161158999999998],[-121.61263300000007,36.161147999999997],[-121.61279600000006,36.16113],[-121.61312300000007,36.161091999999989],[-121.61323100000004,36.161081000000003],[-121.61328500000005,36.161076000000008],[-121.61333800000006,36.161071999999997],[-121.61339000000004,36.161068999999991],[-121.61344100000004,36.161068999999991],[-121.61349100000008,36.161071],[-121.61353800000006,36.161078000000003],[-121.61358200000004,36.16108899999999],[-121.61361900000007,36.161106999999994],[-121.61365400000004,36.161129000000003],[-121.61368700000007,36.16115400000001],[-121.61371800000006,36.161183000000001],[-121.61374800000006,36.161212999999996],[-121.61377800000004,36.161245999999991],[-121.61380800000006,36.161279999999998],[-121.61386600000009,36.161349999999999],[-121.61395200000004,36.16145800000001],[-121.61400700000009,36.161529999999999],[-121.61406000000007,36.161603000000007],[-121.61408500000006,36.161639999999998],[-121.61410800000004,36.161676999999997],[-121.61412800000005,36.161715000000001],[-121.61414600000005,36.16175599999999],[-121.61416200000004,36.161795999999995],[-121.61417600000007,36.161837999999996],[-121.61420000000008,36.161921999999997],[-121.61423000000005,36.162050000000001],[-121.61429700000004,36.162348999999999],[-121.61431800000004,36.162433],[-121.61433000000004,36.162474000000003],[-121.61434400000005,36.162513999999987],[-121.61435900000008,36.162551999999998],[-121.61437700000005,36.162587000000002],[-121.61440000000006,36.162618999999999],[-121.61442700000006,36.162647],[-121.61443600000005,36.162653000000006],[-121.61447000000005,36.162672000000008],[-121.61451000000004,36.162685999999987],[-121.61455600000004,36.162697999999992],[-121.61460600000004,36.162706999999997],[-121.61465800000006,36.162713000000004],[-121.61471200000005,36.162719000000003],[-121.61476700000006,36.162723],[-121.61493300000005,36.162734999999991],[-121.61498800000004,36.162739999999992],[-121.61504300000006,36.162746000000006],[-121.61509800000005,36.162752999999995],[-121.61515200000005,36.162761999999994],[-121.61520400000006,36.162773999999992],[-121.61525600000006,36.162787999999999],[-121.61530700000006,36.162803999999987],[-121.61535800000006,36.162821000000001],[-121.61540800000004,36.162838999999998],[-121.61550700000004,36.162877000000009],[-121.61555500000004,36.162897000000001],[-121.61560400000006,36.162917],[-121.61565100000004,36.162939000000001],[-121.61569700000005,36.162961999999993],[-121.61574300000005,36.162987999999991],[-121.61578800000005,36.163013999999997],[-121.61583200000005,36.163041999999997],[-121.61591800000006,36.163097999999991],[-121.61608900000004,36.163213999999996],[-121.61617500000006,36.163271000000002],[-121.61625600000005,36.163323000000005],[-121.61645900000006,36.163451000000002],[-121.61653900000005,36.163504000000003],[-121.61657800000005,36.163530000000002],[-121.61661600000005,36.163558000000009],[-121.61665500000005,36.163587],[-121.61672900000006,36.163646999999997],[-121.61683700000005,36.163739999999997],[-121.61690800000005,36.163801999999983],[-121.61697800000005,36.163865999999999],[-121.61704600000006,36.163931000000005],[-121.61711400000006,36.164000999999999],[-121.61718100000006,36.164071999999997],[-121.61724500000004,36.164144000000007],[-121.61730800000005,36.164217000000001],[-121.61733800000005,36.164253999999978],[-121.61736600000006,36.164290999999999],[-121.61739400000006,36.164328999999995],[-121.61741800000006,36.164367999999996],[-121.61743900000006,36.164404999999988],[-121.61745800000004,36.164443000000006],[-121.61747500000006,36.164482],[-121.61750600000005,36.164560000000002],[-121.61753400000006,36.164638999999994],[-121.61756200000006,36.164719000000005],[-121.61773800000006,36.165237000000005],[-121.61779300000006,36.165396000000001],[-121.61783600000005,36.165514000000002],[-121.61786900000006,36.165591999999997],[-121.61788600000006,36.165630000000014],[-121.61790600000006,36.165667999999989],[-121.61792900000005,36.165707000000005],[-121.61795400000004,36.165743999999997],[-121.61797900000006,36.165782000000007],[-121.61803400000005,36.165855999999991],[-121.61814500000006,36.166003999999987],[-121.61819900000005,36.166077999999999],[-121.61822400000004,36.166116000000009],[-121.61829600000004,36.166229000000016],[-121.61841200000005,36.166418999999998],[-121.61845800000005,36.166494000000007],[-121.61850500000006,36.166561999999999],[-121.61852800000004,36.166592999999985],[-121.61855300000005,36.166623000000001],[-121.61858100000005,36.166651000000002],[-121.61861600000006,36.166679999999999],[-121.61865500000006,36.166706999999988],[-121.61869600000006,36.166732999999994],[-121.61873900000006,36.16675699999999],[-121.61887100000006,36.166829999999997],[-121.61896000000004,36.166882999999991],[-121.61900400000005,36.166911000000013],[-121.61909100000005,36.166966999999993],[-121.61921800000005,36.167053999999993],[-121.61930100000005,36.167113999999998],[-121.61934200000006,36.167144999999991],[-121.61937900000005,36.167175],[-121.61941600000004,36.167205000000003],[-121.61948900000006,36.167266999999995],[-121.61959600000004,36.167359999999995],[-121.61970100000005,36.167456000000001],[-121.61976900000005,36.16752000000001],[-121.61980200000005,36.167552999999998],[-121.61986700000006,36.167619999999992],[-121.61993100000005,36.167687000000008],[-121.62002600000004,36.167788999999999],[-121.62011900000006,36.167891000000004],[-121.62021000000006,36.167994],[-121.62026900000004,36.168065000000006],[-121.62032600000006,36.168137999999978],[-121.62046600000005,36.168322999999994],[-121.62052400000005,36.168394999999997],[-121.62055400000004,36.168431000000005],[-121.62058500000006,36.168466000000009],[-121.62061700000004,36.168499999999987],[-121.62068400000005,36.168564999999994],[-121.62075300000004,36.168629000000003],[-121.62086000000004,36.168723],[-121.62093300000004,36.168782999999991],[-121.62097100000004,36.168813],[-121.62100900000006,36.168842000000005],[-121.62104800000006,36.168869000000008],[-121.62112700000004,36.168922000000002],[-121.62120800000005,36.168973999999999],[-121.62145200000006,36.16912700000001],[-121.62153800000004,36.169184000000001],[-121.62162400000005,36.169241000000014],[-121.62175100000005,36.169328999999998],[-121.62183400000006,36.16938900000001],[-121.62187400000005,36.169419000000005],[-121.62191400000005,36.169451000000002],[-121.62194900000006,36.16948],[-121.62201700000006,36.169539999999998],[-121.62208300000006,36.169601999999998],[-121.62217900000006,36.169696999999992],[-121.62224100000005,36.169761000000008],[-121.62227100000004,36.169793999999996],[-121.62233400000005,36.169866000000006],[-121.62239500000004,36.169939999999997],[-121.62254400000005,36.170126000000003],[-121.62260500000004,36.170198999999997],[-121.62263700000005,36.170234999999998],[-121.62266900000006,36.170271000000007],[-121.62270200000006,36.170305999999997],[-121.62273600000005,36.170337999999994],[-121.62277100000006,36.170371000000003],[-121.62284200000006,36.170433000000003],[-121.62291600000005,36.170493999999998],[-121.62299200000004,36.17055400000001],[-121.62306900000006,36.170613000000003],[-121.62310800000006,36.17064100000001],[-121.62314700000005,36.170667999999999],[-121.62322700000006,36.170721],[-121.62334900000005,36.170797],[-121.62343300000005,36.170845999999997],[-121.62351800000006,36.170892000000009],[-121.62356100000005,36.170914000000003],[-121.62360800000006,36.170936000000005],[-121.62365600000004,36.170957999999992],[-121.62375400000005,36.17099799999999],[-121.62390200000004,36.171055999999986],[-121.62430000000005,36.171207000000017],[-121.62444900000006,36.171264000000001],[-121.62454700000005,36.171303999999999],[-121.62459600000004,36.171323999999998],[-121.62464400000006,36.171345000000002],[-121.62469100000004,36.171366999999996],[-121.62478500000006,36.171412999999994],[-121.62487800000004,36.171460000000003],[-121.62501500000005,36.171533000000004],[-121.62510600000006,36.171582999999998],[-121.62515100000006,36.171607999999999],[-121.62523400000005,36.171656999999996],[-121.62548300000005,36.171804999999999],[-121.62556700000005,36.171853000000006],[-121.62561000000004,36.17187599999999],[-121.62569700000005,36.171919999999993],[-121.62587200000006,36.172002999999997],[-121.62595900000004,36.172046000000009],[-121.62600200000006,36.172067999999996],[-121.62604400000005,36.172090999999988],[-121.62608500000006,36.172115000000005],[-121.62612600000004,36.172141000000011],[-121.62616600000004,36.17216899999999],[-121.62620500000004,36.172196999999997],[-121.62628200000005,36.172255000000007],[-121.62643400000006,36.172375000000002],[-121.62651100000004,36.172434000000003],[-121.62659300000006,36.172493999999993],[-121.62667600000005,36.172553000000008],[-121.62684500000006,36.172671000000008],[-121.62722700000006,36.172933999999998],[-121.62735400000004,36.173020999999991],[-121.62744100000005,36.173077999999997],[-121.62752100000006,36.173128999999996],[-121.62764400000006,36.17320500000001],[-121.62776900000004,36.173279000000008],[-121.62785300000004,36.173327],[-121.62789600000006,36.173349999999985],[-121.62798300000006,36.173392999999997],[-121.62820200000006,36.173498000000009],[-121.62824400000004,36.173520000000011],[-121.62828600000006,36.173543000000002],[-121.62832700000004,36.173566000000001],[-121.62836600000004,36.173591999999999],[-121.62840600000004,36.17362099999999],[-121.62844400000004,36.173653000000002],[-121.62848100000004,36.173684999999999],[-121.62851600000005,36.173719000000006],[-121.62855100000006,36.173752999999991],[-121.62861900000004,36.173823000000006],[-121.62868600000006,36.173895000000002],[-121.62875000000005,36.173966999999998],[-121.62881000000004,36.174039000000008],[-121.62886900000005,36.174110999999996],[-121.62898300000006,36.174258000000002],[-121.62903800000005,36.174331999999993],[-121.62909400000005,36.174412000000004],[-121.62914300000006,36.174484999999997],[-121.62926300000005,36.174669000000002],[-121.62933700000006,36.174778000000003],[-121.62939200000005,36.174852000000001],[-121.62953200000004,36.175035999999992],[-121.62958600000006,36.175110000000004],[-121.62961300000006,36.175148],[-121.62963700000006,36.175185999999989],[-121.62966000000004,36.17522300000001],[-121.62968200000006,36.175259999999994],[-121.62972200000006,36.175335999999994],[-121.62976100000006,36.175412999999999],[-121.62993100000004,36.175760999999994],[-121.62998600000006,36.175876999999993],[-121.63002200000005,36.175955000000002],[-121.63005600000005,36.176032999999983],[-121.63007200000004,36.176071999999991],[-121.63010200000004,36.17615099999999],[-121.63014300000005,36.176271],[-121.63017000000005,36.17635099999999],[-121.63019400000005,36.176431000000001],[-121.63020500000006,36.176470999999999],[-121.63022600000005,36.176552999999998],[-121.63027300000005,36.17675599999999],[-121.63029500000006,36.176836000000002],[-121.63030800000006,36.176875000000003],[-121.63032200000006,36.176912999999999],[-121.63033700000005,36.176944999999996],[-121.63035500000005,36.176975999999996],[-121.63037500000004,36.177004999999987],[-121.63039700000006,36.177032999999994],[-121.63042100000006,36.17705999999999],[-121.63051700000005,36.177166999999997],[-121.63054200000005,36.177191999999998],[-121.63057000000005,36.177214999999997],[-121.63060300000004,36.177236000000008],[-121.63064000000006,36.177255000000002],[-121.63067900000006,36.177272000000002],[-121.63080300000006,36.177321000000006],[-121.63084300000004,36.177339000000003],[-121.63088600000006,36.177360999999998],[-121.63092800000004,36.177385000000008],[-121.63096800000005,36.177410999999985],[-121.63100800000005,36.177438000000002],[-121.63104700000005,36.177465999999988],[-121.63108600000005,36.177495],[-121.63116200000006,36.17755300000001],[-121.63127300000004,36.177643000000003],[-121.63144800000006,36.177790000000002],[-121.63148100000005,36.177815999999993],[-121.63151700000006,36.177838999999999],[-121.63155400000005,36.177854999999994],[-121.63159700000004,36.177864999999997],[-121.63164300000005,36.177867999999997],[-121.63169100000006,36.177865999999995],[-121.63174000000005,36.177861999999998],[-121.63179200000005,36.177854999999994],[-121.63184400000006,36.177845999999988],[-121.63189600000005,36.177835999999999],[-121.63221600000004,36.177768999999991],[-121.63227000000006,36.177758999999988],[-121.63232200000006,36.177749000000006],[-121.63237500000004,36.177742000000002],[-121.63242600000004,36.177736000000003],[-121.63247700000004,36.177733000000003],[-121.63252600000006,36.177734000000001],[-121.63257400000006,36.177741000000012],[-121.63261800000004,36.177753999999993],[-121.63266100000006,36.17777199999999],[-121.63270300000006,36.177795000000003],[-121.63274400000005,36.17781999999999],[-121.63278300000005,36.177847],[-121.63286200000006,36.177905000000003],[-121.63297800000004,36.177996999999991],[-121.63309200000005,36.178090999999995],[-121.63316700000004,36.17815499999999],[-121.63320300000004,36.178186999999994],[-121.63323800000005,36.17822000000001],[-121.63326400000004,36.178246999999999],[-121.63329000000004,36.178274999999999],[-121.63331400000004,36.178303000000007],[-121.63333500000005,36.178331000000007],[-121.63336000000004,36.178368999999996],[-121.63338100000006,36.17840799999999],[-121.63342100000006,36.178485000000002],[-121.63344100000006,36.178521000000003],[-121.63346400000005,36.178555000000003],[-121.63349000000005,36.178584999999998],[-121.63352100000004,36.178609999999985],[-121.63355800000004,36.178627999999996],[-121.63360200000005,36.178640999999999],[-121.63364900000006,36.178651000000002],[-121.63369800000005,36.178656999999994],[-121.63380100000006,36.178668000000009],[-121.63416900000006,36.178699000000002],[-121.63438000000005,36.178719999999991],[-121.63448500000004,36.178731999999997],[-121.63453800000005,36.178739000000014],[-121.63469500000005,36.178761000000002],[-121.63490400000006,36.178792999999985],[-121.63500700000004,36.178810999999996],[-121.63505900000004,36.178820999999999],[-121.63511000000004,36.178830999999995],[-121.63521800000004,36.178854999999992],[-121.63537900000006,36.178894999999983],[-121.63548500000005,36.178922999999998],[-121.63559100000006,36.178952000000002],[-121.63569600000004,36.178983999999993],[-121.63574700000004,36.179000000000009],[-121.63585000000006,36.179034999999999],[-121.63600300000006,36.179088999999991],[-121.63620600000004,36.179161999999998],[-121.63635800000004,36.179218999999996],[-121.63645800000005,36.179257999999997],[-121.63650800000005,36.179277999999982],[-121.63659900000005,36.179316999999998],[-121.63668900000005,36.179357000000003],[-121.63677800000005,36.179398999999989],[-121.63686400000006,36.17944],[-121.63702000000006,36.179517000000004],[-121.63705200000004,36.179532000000002],[-121.63708300000006,36.179543999999993],[-121.63711300000004,36.179552000000001],[-121.63714200000004,36.179553999999996],[-121.63717500000004,36.179546999999992],[-121.63720600000006,36.179532999999992],[-121.63723700000006,36.179514000000005],[-121.63732900000004,36.179448999999991],[-121.63735900000006,36.179431000000008],[-121.63738900000004,36.179417999999998],[-121.63742000000006,36.179412999999997],[-121.63745300000005,36.179417999999998],[-121.63748600000005,36.179433000000003],[-121.63751900000005,36.179454],[-121.63755300000005,36.179480000000005],[-121.63758600000006,36.179509000000003],[-121.63762000000004,36.179541],[-121.63772200000004,36.179640999999997],[-121.63775600000005,36.179673999999999],[-121.63779200000006,36.179705999999996],[-121.63782800000006,36.179736000000005],[-121.63786600000005,36.179763000000001],[-121.63790600000006,36.179786],[-121.63794800000004,36.179803],[-121.63798800000005,36.179811999999984],[-121.63803000000006,36.179815999999995],[-121.63807400000006,36.179818000000004],[-121.63811900000006,36.179818000000004],[-121.63822300000004,36.179815999999995],[-121.63849300000005,36.179806999999997],[-121.63860200000006,36.179805000000002],[-121.63865600000004,36.179805000000002],[-121.63871000000006,36.179805999999992],[-121.63876400000004,36.179807999999994],[-121.63881800000004,36.179811999999991],[-121.63887300000006,36.179817999999997],[-121.63892700000005,36.179825999999991],[-121.63898100000006,36.179835000000004],[-121.63903500000006,36.179845],[-121.63914200000006,36.179867000000009],[-121.63924800000004,36.179891000000005],[-121.63930100000005,36.179904000000008],[-121.63935400000005,36.179918000000001],[-121.63940600000005,36.179932999999998],[-121.63945700000005,36.179949000000001],[-121.63950800000005,36.179966],[-121.63955800000005,36.179985000000016],[-121.63960700000004,36.180004999999994],[-121.63965600000006,36.180025999999998],[-121.63975400000005,36.180069000000003],[-121.63985100000004,36.180112999999999],[-121.63994600000005,36.180157999999999],[-121.63999300000006,36.180181999999995],[-121.64003900000004,36.180205999999998],[-121.64008300000006,36.180230999999985],[-121.64012600000005,36.180256999999997],[-121.64016600000004,36.180284999999998],[-121.64020200000004,36.180313999999996],[-121.64023400000005,36.180346999999998],[-121.64026200000006,36.180380000000007],[-121.64031300000005,36.180445999999989],[-121.64033700000005,36.180475000000001],[-121.64036100000004,36.180499999999988],[-121.64038700000005,36.180518999999997],[-121.64041400000005,36.180527999999995],[-121.64044300000006,36.180526999999998],[-121.64047300000006,36.180516000000004],[-121.64050500000005,36.180501],[-121.64060500000004,36.180441999999992],[-121.64063900000005,36.180424999999993],[-121.64067300000005,36.180413999999999],[-121.64070500000005,36.180410000000002],[-121.64073800000006,36.180416999999991],[-121.64076900000005,36.180432999999994],[-121.64080000000004,36.180455000000002],[-121.64083100000006,36.180480999999993],[-121.64086100000006,36.180511000000003],[-121.64089200000005,36.180543000000007],[-121.64092200000005,36.180576999999992],[-121.64101400000006,36.180683999999992],[-121.64107700000005,36.180755000000012],[-121.64110900000004,36.180790000000002],[-121.64117600000006,36.180857000000003],[-121.64124600000005,36.18092399999999],[-121.64131400000005,36.180984999999993],[-121.64134800000005,36.181012999999993],[-121.64138300000006,36.181038999999998],[-121.64140600000005,36.181055000000001],[-121.64144900000004,36.181083000000001],[-121.64149400000004,36.181107999999995],[-121.64154100000005,36.181131999999998],[-121.64158800000006,36.181152000000004],[-121.64163600000005,36.181169999999995],[-121.64168600000006,36.18118299999999],[-121.64172900000005,36.181190000000008],[-121.64177300000006,36.181193999999998],[-121.64181600000005,36.181193999999984],[-121.64185900000004,36.181190000000008],[-121.64190000000005,36.181182999999997],[-121.64194000000005,36.181170999999999],[-121.64198200000004,36.181151999999997],[-121.64202200000004,36.181127999999994],[-121.64205900000006,36.181100999999998],[-121.64209600000005,36.181071999999993],[-121.64220600000006,36.180978000000003],[-121.64224400000006,36.180946999999996],[-121.64228400000006,36.180917000000001],[-121.64232500000004,36.180886999999991],[-121.64236800000006,36.180857999999994],[-121.64254000000005,36.180743999999997],[-121.64262600000006,36.180686999999999],[-121.64266700000005,36.180657000000004],[-121.64270600000005,36.180625999999997],[-121.64274300000005,36.180594999999997],[-121.64277900000006,36.180562999999992],[-121.64284700000005,36.180496000000005],[-121.64291300000004,36.180427999999999],[-121.64307700000005,36.180256999999997],[-121.64311100000005,36.180222999999998],[-121.64318000000004,36.180155000000006],[-121.64332100000004,36.180022000000001],[-121.64350100000004,36.179856999999998],[-121.64361100000006,36.179759999999995],[-121.64364800000006,36.179728000000004],[-121.64372200000005,36.179666999999995],[-121.64387300000006,36.179546999999999],[-121.64421800000005,36.179279999999991],[-121.64429400000004,36.179220000000001],[-121.64433100000004,36.179189999999984],[-121.64436600000005,36.179158999999999],[-121.64440100000006,36.179127000000001],[-121.64443400000006,36.179093999999999],[-121.64446500000004,36.179061000000004],[-121.64449200000004,36.179026],[-121.64451600000005,36.178990999999996],[-121.64453900000005,36.178953999999997],[-121.64456000000006,36.178916999999991],[-121.64458000000006,36.178880000000007],[-121.64459800000006,36.178842000000003],[-121.64461600000004,36.178802999999995],[-121.64463100000006,36.178765000000006],[-121.64464600000004,36.178725999999997],[-121.64465700000005,36.178685999999999],[-121.64466600000004,36.178646999999991],[-121.64467100000006,36.178605999999995],[-121.64467300000004,36.178563999999994],[-121.64467300000004,36.178522999999991],[-121.64467100000006,36.178481000000005],[-121.64466400000006,36.178396999999997],[-121.64463100000006,36.178102000000003],[-121.64461800000005,36.177976000000001],[-121.64456900000006,36.177472000000009],[-121.64453500000006,36.177135999999997],[-121.64452800000005,36.177051999999989],[-121.64452200000005,36.176967999999995],[-121.64452100000005,36.176926999999992],[-121.64452200000005,36.176886000000003],[-121.64452400000006,36.176845000000007],[-121.64453000000006,36.176805000000002],[-121.64454000000005,36.176766000000001],[-121.64455600000004,36.176726000000009],[-121.64457600000004,36.176687999999992],[-121.64460000000004,36.176650000000002],[-121.64462600000006,36.176612000000013],[-121.64465400000005,36.176575000000007],[-121.64468200000006,36.176538000000001],[-121.64471200000004,36.176501000000002],[-121.64477400000006,36.176428000000001],[-121.64483700000005,36.176355999999991],[-121.64493000000004,36.176256000000002],[-121.64505800000006,36.176124000000009],[-121.64512300000004,36.176058999999995],[-121.64515600000004,36.176027000000005],[-121.64519000000006,36.175995999999998],[-121.64522600000004,36.175963999999993],[-121.64530000000005,36.175902000000001],[-121.64533800000005,36.175871999999998],[-121.64537600000006,36.175843000000008],[-121.64541400000005,36.175814999999993],[-121.64545300000005,36.175788999999995],[-121.64549300000006,36.175764999999991],[-121.64553400000004,36.175744000000002],[-121.64557600000005,36.175727000000009],[-121.64561900000004,36.175716999999992],[-121.64566600000005,36.175713000000002],[-121.64571500000004,36.175715000000004],[-121.64576500000004,36.175721999999993],[-121.64581500000006,36.175732000000004],[-121.64586700000005,36.175745000000006],[-121.64591800000005,36.175758999999999],[-121.64596900000005,36.175775000000002],[-121.64602100000006,36.175790999999997],[-121.64607100000005,36.175809000000001],[-121.64612100000005,36.175826999999984],[-121.64617000000005,36.175846],[-121.64621600000004,36.175865999999999],[-121.64626000000005,36.175886999999996],[-121.64630000000004,36.175909000000004],[-121.64633600000005,36.175932999999993],[-121.64636900000006,36.175955999999999],[-121.64639900000005,36.175975999999999],[-121.64642800000006,36.175991000000003],[-121.64645600000004,36.175996000000005],[-121.64648300000005,36.175991000000003],[-121.64650900000005,36.175976999999996],[-121.64653700000004,36.175957999999994],[-121.64659600000006,36.175913999999999],[-121.64662800000006,36.17589199999999],[-121.64666300000005,36.175873999999993],[-121.64669800000006,36.175862000000002],[-121.64673500000005,36.175854000000001],[-121.64677300000005,36.175848000000002],[-121.64681100000006,36.175845999999993],[-121.64684400000006,36.17584699999999],[-121.64687600000005,36.175850999999994],[-121.64690400000006,36.175858999999996],[-121.64691600000006,36.175864999999995],[-121.64693200000005,36.175874],[-121.64694600000004,36.175885000000008],[-121.64696500000005,36.175904000000003],[-121.64697700000006,36.175921000000002],[-121.64698800000004,36.17593999999999],[-121.64700200000004,36.175972999999999],[-121.64701500000004,36.176008999999993],[-121.64702700000004,36.176046999999997],[-121.64703700000005,36.176087000000003],[-121.64709600000006,36.176334000000004],[-121.64711800000006,36.176416999999994],[-121.64712900000006,36.176458000000004],[-121.64715500000004,36.176539999999996],[-121.64718300000004,36.17662099999999],[-121.64729800000006,36.176946999999998],[-121.64731200000004,36.176989000000006],[-121.64732400000004,36.177031999999983],[-121.64733500000006,36.177073],[-121.64734200000004,36.177114000000003],[-121.64734600000006,36.177153999999994],[-121.64734400000005,36.17719300000001],[-121.64733500000006,36.177230000000002],[-121.64731600000006,36.177263999999994],[-121.64729000000005,36.177297000000003],[-121.64725800000004,36.17732800000001],[-121.64722200000004,36.177359000000003],[-121.64718300000004,36.177387999999993],[-121.64714200000006,36.177418000000003],[-121.64697400000006,36.17753299999999],[-121.64693300000005,36.177562999999992],[-121.64689300000006,36.17759199999999],[-121.64685500000004,36.177623000000004],[-121.64682000000006,36.177655000000001],[-121.64679000000004,36.177688000000003],[-121.64676500000004,36.177723],[-121.64674700000005,36.177759999999985],[-121.64673500000005,36.177798999999993],[-121.64672500000006,36.177839999999989],[-121.64670300000006,36.177965000000007],[-121.64669300000004,36.178004000000001],[-121.64666200000005,36.178122000000002],[-121.64665300000006,36.178165],[-121.64664600000006,36.178207999999998],[-121.64664000000006,36.178251000000003],[-121.64663500000006,36.178294999999984],[-121.64663200000005,36.178338000000004],[-121.64662900000005,36.17837999999999],[-121.64662900000005,36.178421],[-121.64662900000005,36.178461000000006],[-121.64663200000005,36.17850099999999],[-121.64663800000005,36.178540999999996],[-121.64665500000004,36.178620000000009],[-121.64666300000005,36.178657999999984],[-121.64666500000006,36.178695000000005],[-121.64666400000006,36.178708],[-121.64665600000005,36.178742999999997],[-121.64664100000006,36.17877699999999],[-121.64662000000006,36.178812000000001],[-121.64659600000006,36.178846],[-121.64656800000006,36.178879999999992],[-121.64653900000005,36.178914000000006],[-121.64644800000006,36.179017999999999],[-121.64641900000005,36.179053000000003],[-121.64639100000004,36.179088999999991],[-121.64636600000004,36.179125999999989],[-121.64634400000006,36.179163000000003],[-121.64633000000006,36.179190999999996],[-121.64631900000006,36.179220000000001],[-121.64631000000006,36.179248999999984],[-121.64629900000006,36.179288],[-121.64629100000006,36.179327999999991],[-121.64628500000006,36.179367999999997],[-121.64628100000004,36.179408000000002],[-121.64627900000006,36.179446999999996],[-121.64628000000006,36.179486999999995],[-121.64628500000006,36.17952600000001],[-121.64629400000004,36.179563999999999],[-121.64631000000006,36.179603],[-121.64633000000006,36.179641999999994],[-121.64635500000006,36.179679999999991],[-121.64638100000005,36.179716999999997],[-121.64641000000005,36.17975400000001],[-121.64647100000005,36.179827000000003],[-121.64653600000005,36.179898999999992],[-121.64660300000004,36.179969],[-121.64663700000006,36.180002999999992],[-121.64670700000005,36.180069000000003],[-121.64677800000004,36.180133999999995],[-121.64692300000006,36.180263000000004],[-121.64710400000004,36.180424000000002],[-121.64735700000004,36.180644999999984],[-121.64742500000006,36.180705999999994],[-121.64745200000004,36.180731000000002],[-121.64747700000004,36.180755999999995],[-121.64749800000004,36.180781000000003],[-121.64751500000006,36.180806999999994],[-121.64752600000006,36.180833],[-121.64753000000005,36.180861999999998],[-121.64752900000006,36.180891999999986],[-121.64752400000005,36.180923999999997],[-121.64751000000004,36.180996],[-121.64749500000006,36.181079999999994],[-121.64748200000005,36.181167000000002],[-121.64747200000004,36.181254999999993],[-121.64746800000005,36.18129900000001],[-121.64746500000004,36.181342999999998],[-121.64746400000006,36.181387000000008],[-121.64746500000004,36.181429999999992],[-121.64746800000005,36.181473999999994],[-121.64747400000005,36.18151499999999],[-121.64748300000004,36.181556],[-121.64749300000005,36.181596000000006],[-121.64750400000004,36.18163599999999],[-121.64752900000006,36.181716999999992],[-121.64759500000005,36.181917999999996],[-121.64761900000006,36.181998999999998],[-121.64764000000005,36.182079999999992],[-121.64765900000005,36.182161999999991],[-121.64767700000006,36.18224399999999],[-121.64769400000006,36.182325999999996],[-121.64770900000006,36.182408000000002],[-121.64771500000006,36.182450000000017],[-121.64772500000005,36.182532999999992],[-121.64773300000006,36.182617000000008],[-121.64773800000005,36.18269999999999],[-121.64773900000006,36.182741999999998],[-121.64773800000005,36.182783000000008],[-121.64773500000004,36.182825000000008],[-121.64772900000004,36.182865],[-121.64772000000006,36.182905000000005],[-121.64770800000004,36.182944000000006],[-121.64769300000005,36.182982999999993],[-121.64766100000006,36.183061000000016],[-121.64762500000006,36.183137999999985],[-121.64754900000004,36.183291000000004],[-121.64747100000004,36.183444999999999],[-121.64741200000006,36.183558999999995],[-121.64737000000005,36.183633999999998],[-121.64734700000005,36.183670999999997],[-121.64732400000004,36.183708000000003],[-121.64729700000004,36.183745999999985],[-121.64724100000005,36.183820999999995],[-121.64712400000006,36.183970000000002],[-121.64709600000006,36.184007999999999],[-121.64706900000006,36.184045999999995],[-121.64704500000006,36.184083999999991],[-121.64702300000005,36.184124000000004],[-121.64700600000006,36.18416100000001],[-121.64699200000005,36.18419999999999],[-121.64698000000006,36.184238999999998],[-121.64697000000004,36.184277999999992],[-121.64696100000006,36.18431799999999],[-121.64695300000005,36.184357999999996],[-121.64694700000005,36.184398000000002],[-121.64694200000005,36.184437999999993],[-121.64693900000005,36.184477999999999],[-121.64693900000005,36.18451799999999],[-121.64694300000004,36.184556999999998],[-121.64695000000006,36.184596999999997],[-121.64696100000006,36.184636999999995],[-121.64697500000004,36.184675999999996],[-121.64699100000004,36.18471499999999],[-121.64700800000004,36.184753999999998],[-121.64702700000004,36.184790999999983],[-121.64704800000004,36.18482800000001],[-121.64707100000005,36.184863999999997],[-121.64709600000006,36.184898000000004],[-121.64712300000004,36.184930000000001],[-121.64715500000004,36.184958999999992],[-121.64719300000006,36.184985999999995],[-121.64723400000004,36.185008999999994],[-121.64727900000004,36.18502999999999],[-121.64732500000005,36.18504999999999],[-121.64737400000006,36.185067999999994],[-121.64742300000005,36.185084999999994],[-121.64747300000005,36.185101000000003],[-121.64752300000006,36.185116000000001],[-121.64757400000006,36.185130000000001],[-121.64762600000005,36.185142999999997],[-121.64767800000004,36.185153999999997],[-121.64773000000004,36.185163000000003],[-121.64778200000005,36.185169999999992],[-121.64783500000006,36.185175000000001],[-121.64788800000004,36.185178999999998],[-121.64804800000006,36.185186999999999],[-121.64810000000006,36.185189999999999],[-121.64815300000004,36.185194000000003],[-121.64820400000006,36.185199000000004],[-121.64825500000006,36.185206999999998],[-121.64830500000005,36.185216999999994],[-121.64835400000004,36.185231999999999],[-121.64840300000006,36.185249999999996],[-121.64845100000005,36.185270000000003],[-121.64849700000005,36.18529199999999],[-121.64854400000006,36.185313999999998],[-121.64873000000006,36.185409],[-121.64877700000004,36.185431999999999],[-121.64882400000005,36.185454000000014],[-121.64887100000006,36.185473999999999],[-121.64896600000004,36.185511000000005],[-121.64906200000004,36.185546000000002],[-121.64915900000004,36.185580999999999],[-121.64940300000006,36.18566400000001],[-121.64950000000005,36.185698000000002],[-121.64959400000004,36.185733999999989],[-121.64964000000006,36.185754000000003],[-121.64968400000004,36.185775],[-121.64972700000006,36.185796999999994],[-121.64976600000006,36.185822000000002],[-121.64980400000005,36.185851000000021],[-121.64983800000006,36.18588299999999],[-121.64987000000006,36.185915999999992],[-121.64990100000006,36.185951000000003],[-121.64993100000005,36.18598699999999],[-121.64998900000005,36.186061000000009],[-121.65029600000004,36.186473999999997],[-121.65055000000005,36.186812000000003],[-121.65060500000004,36.186886999999999],[-121.65065700000004,36.186960999999982],[-121.65068200000006,36.186998000000003],[-121.65070400000005,36.187035000000002],[-121.65072500000005,36.187072000000001],[-121.65074100000004,36.187107999999995],[-121.65075300000004,36.187142999999999],[-121.65075800000005,36.187162999999991],[-121.65076800000004,36.187229999999992],[-121.65077400000004,36.187253000000005],[-121.65078400000006,36.187276999999995],[-121.65080800000005,36.18732700000001],[-121.65082100000005,36.18736100000001],[-121.65083100000004,36.187397999999995],[-121.65084000000006,36.187437000000003],[-121.65084700000006,36.187477999999992],[-121.65085900000005,36.187561000000002],[-121.65087400000006,36.187689999999996],[-121.65092000000004,36.18817],[-121.65093400000006,36.188299999999984],[-121.65094600000006,36.188385999999994],[-121.65095400000004,36.188428999999992],[-121.65096400000006,36.188472000000004],[-121.65097600000006,36.188514000000005],[-121.65098900000005,36.188549999999992],[-121.65100500000004,36.188586000000001],[-121.65102200000005,36.188622000000002],[-121.65104000000005,36.188657999999997],[-121.65106100000006,36.188698000000009],[-121.65110600000006,36.188776999999995],[-121.65115300000004,36.188853999999992],[-121.65117800000004,36.18889200000001],[-121.65120400000006,36.188929999999992],[-121.65123100000005,36.188965999999994],[-121.65126000000004,36.18900099999999],[-121.65129100000006,36.189032999999995],[-121.65132600000004,36.189062999999983],[-121.65136500000004,36.18908900000001],[-121.65140600000005,36.189112000000002],[-121.65145100000005,36.189132999999991],[-121.65149700000005,36.189152],[-121.65154400000006,36.189169999999997],[-121.65159200000005,36.189188000000001],[-121.65174000000005,36.189237999999996],[-121.65193900000004,36.189301999999998],[-121.65208900000006,36.189347999999995],[-121.65219000000005,36.189376999999993],[-121.65229100000006,36.189403000000006],[-121.65244400000006,36.189437999999996],[-121.65264900000005,36.189483000000003],[-121.65306000000005,36.189571999999991],[-121.65321800000004,36.189607000000002],[-121.65332400000005,36.189631999999989],[-121.65337700000006,36.18964600000001],[-121.65342900000006,36.189659999999996],[-121.65348000000006,36.189676000000006],[-121.65352800000005,36.189692999999998],[-121.65357500000005,36.189710999999996],[-121.65362100000006,36.189729999999997],[-121.65366700000006,36.189749999999989],[-121.65373900000006,36.189785000000001],[-121.65380900000004,36.189820999999995],[-121.65396700000005,36.189909999999998],[-121.65412100000005,36.189993000000008],[-121.65416300000004,36.190014999999988],[-121.65421400000004,36.190038999999999],[-121.65425800000006,36.190058000000001],[-121.65433300000005,36.190089],[-121.65440900000004,36.190116999999987],[-121.65445600000005,36.190133000000003],[-121.65450400000006,36.190148000000001],[-121.65460000000006,36.190176000000008],[-121.65469200000004,36.190199999999997],[-121.65473600000006,36.19021],[-121.65478100000006,36.190219999999989],[-121.65482800000005,36.190228999999995],[-121.65487600000006,36.190238000000008],[-121.65515000000005,36.190277999999992],[-121.65519700000006,36.190285999999993],[-121.65524400000004,36.190295999999996],[-121.65529500000004,36.190308000000002],[-121.65534500000005,36.190322999999992],[-121.65539500000004,36.19033799999999],[-121.65544500000004,36.190354999999997],[-121.65554300000005,36.190389999999987],[-121.65562000000004,36.190420000000003],[-121.65578800000004,36.19048999999999],[-121.65590900000005,36.190541999999994],[-121.65594700000004,36.190560000000005],[-121.65598300000006,36.190579999999997],[-121.65601900000004,36.190603000000003],[-121.65603800000005,36.190618000000001],[-121.65606900000004,36.190646999999991],[-121.65609700000005,36.190678999999996],[-121.65612500000006,36.190713000000009],[-121.65622900000004,36.190852999999997],[-121.65625600000004,36.190887000000004],[-121.65628500000005,36.190919000000001],[-121.65631700000006,36.190947999999999],[-121.65635200000004,36.190973999999983],[-121.65639200000005,36.190995999999998],[-121.65643500000006,36.191015000000007],[-121.65648100000004,36.191029999999991],[-121.65653000000006,36.191043999999991],[-121.65657900000005,36.191056000000003],[-121.65663000000005,36.19106699999999],[-121.65668100000005,36.191077],[-121.65673300000005,36.191087000000003],[-121.65683800000005,36.191103999999996],[-121.65694100000006,36.191119],[-121.65714300000006,36.191144999999992],[-121.65719300000006,36.191153000000007],[-121.65724200000005,36.191161000000001],[-121.65729000000006,36.19117],[-121.65733700000004,36.191181],[-121.65738200000004,36.191194999999993],[-121.65742500000006,36.191211999999993],[-121.65746500000006,36.191232000000007],[-121.65750300000006,36.191256000000003],[-121.65753900000006,36.191282000000001],[-121.65757400000004,36.191309999999994],[-121.65760800000004,36.191340000000004],[-121.65764100000005,36.191369999999985],[-121.65770600000005,36.191431999999999],[-121.65790000000005,36.191625000000002],[-121.65796600000006,36.191687999999999],[-121.65799900000006,36.191718999999992],[-121.65803400000006,36.191749000000009],[-121.65806900000004,36.191776999999995],[-121.65810600000006,36.191804000000005],[-121.65814400000005,36.191828999999991],[-121.65818500000006,36.191850000000002],[-121.65822800000005,36.191866999999995],[-121.65827300000005,36.191880999999995],[-121.65832000000006,36.191893],[-121.65836800000005,36.191902000000006],[-121.65841600000006,36.191909000000003],[-121.65846300000004,36.19191399999999],[-121.65851000000005,36.191916999999997],[-121.65855500000005,36.191917000000004],[-121.65859800000004,36.191913],[-121.65863700000004,36.191905000000006],[-121.65867200000005,36.191891999999996],[-121.65870200000005,36.191870000000002],[-121.65872700000004,36.191841999999987],[-121.65874700000005,36.19180999999999],[-121.65876500000006,36.191775],[-121.65878100000005,36.191737000000003],[-121.65879400000006,36.191697999999995],[-121.65880600000006,36.191656999999992],[-121.65881600000006,36.19161600000001],[-121.65882400000004,36.191574000000003],[-121.65883000000004,36.191531999999988],[-121.65883300000006,36.191489999999995],[-121.65883200000005,36.191447999999994],[-121.65882900000004,36.191406999999991],[-121.65882400000004,36.191364999999998],[-121.65881000000006,36.191282000000008],[-121.65876800000005,36.191073000000003],[-121.65876000000004,36.191031000000017],[-121.65874600000004,36.190944999999992],[-121.65873300000004,36.190859000000003],[-121.65872200000005,36.190773],[-121.65871300000006,36.190688000000002],[-121.65871000000006,36.190646999999998],[-121.65870800000005,36.190605999999995],[-121.65870800000005,36.190567999999992],[-121.65871100000005,36.190533000000009],[-121.65871600000006,36.190502000000002],[-121.65872500000006,36.19047599999999],[-121.65873700000006,36.19045599999999],[-121.65875300000005,36.190446000000009],[-121.65877400000005,36.190448000000011],[-121.65880000000006,36.190457999999992],[-121.65882700000006,36.190476999999987],[-121.65885500000006,36.1905],[-121.65888100000004,36.190525999999998],[-121.65890700000004,36.19055500000001],[-121.65895600000006,36.190614999999994],[-121.65900200000006,36.190674999999999],[-121.65902500000006,36.190702999999992],[-121.65904400000005,36.190725000000008],[-121.65906300000005,36.190744999999993],[-121.65908200000004,36.19076299999999],[-121.65910600000004,36.190782999999996],[-121.65912900000005,36.190798000000008],[-121.65915300000005,36.190806000000009],[-121.65916400000006,36.190806999999992],[-121.65918800000006,36.190802999999995],[-121.65921300000005,36.19079399999999],[-121.65926300000005,36.190770999999998],[-121.65928300000006,36.190764000000001],[-121.65930400000006,36.190760999999995],[-121.65933300000005,36.190763999999994],[-121.65936400000004,36.190773999999998],[-121.65939700000004,36.190789000000002],[-121.65943100000005,36.190807999999997],[-121.65954100000006,36.190874999999998],[-121.65958000000006,36.19089799999999],[-121.65962100000004,36.19092000000002],[-121.65966500000006,36.190940999999995],[-121.65970900000006,36.190961000000001],[-121.65975500000006,36.190979000000006],[-121.65980200000004,36.190997000000003],[-121.65994400000005,36.191049],[-121.66003700000006,36.191085000000001],[-121.66008300000006,36.191104000000003],[-121.66012800000006,36.191125],[-121.66017400000004,36.19115],[-121.66022000000004,36.191175999999999],[-121.66026400000004,36.191203000000002],[-121.66039600000005,36.191284999999993],[-121.66044000000005,36.191309999999994],[-121.66048400000004,36.191333999999991],[-121.66052800000004,36.191355000000001],[-121.66057400000004,36.191371000000004],[-121.66062100000005,36.191381],[-121.66066700000006,36.191383000000002],[-121.66071500000004,36.191378999999984],[-121.66076300000006,36.191372000000008],[-121.66081200000006,36.191361000000001],[-121.66086100000005,36.191347999999998],[-121.66091100000006,36.191333],[-121.66096000000005,36.191316999999998],[-121.66100900000006,36.191299999999998],[-121.66105700000004,36.191282000000001],[-121.66110400000005,36.191262999999992],[-121.66114800000005,36.191244000000005],[-121.66119000000006,36.191222999999994],[-121.66122700000005,36.191199999999995],[-121.66125800000005,36.191175000000001],[-121.66128100000006,36.191146999999994],[-121.66129300000006,36.191116999999998],[-121.66129800000006,36.191082999999992],[-121.66129700000005,36.191047000000005],[-121.66129100000005,36.191009999999999],[-121.66128200000004,36.190972000000002],[-121.66127000000004,36.190933000000001],[-121.66125700000005,36.190893999999993],[-121.66124100000006,36.190854999999999],[-121.66122400000005,36.190815999999991],[-121.66120500000004,36.190778000000002],[-121.66118300000004,36.190741000000003],[-121.66115900000004,36.190705000000001],[-121.66113000000006,36.190669999999997],[-121.66109800000005,36.190636000000005],[-121.66106500000005,36.190603999999993],[-121.66103000000004,36.190571999999996],[-121.66088600000006,36.190446000000001],[-121.66085100000005,36.190412999999999],[-121.66081800000006,36.190381000000002],[-121.66078700000004,36.190346999999996],[-121.66075800000006,36.190311000000001],[-121.66073100000006,36.190274999999993],[-121.66070600000006,36.19023700000001],[-121.66065900000005,36.190161000000003],[-121.66061400000005,36.190083000000008],[-121.66055100000005,36.189965000000001],[-121.66051000000004,36.189884999999997],[-121.66047100000004,36.189805],[-121.66045300000005,36.189764999999994],[-121.66042000000004,36.189686000000002],[-121.66037400000006,36.189568000000008],[-121.66035700000005,36.189529999999991],[-121.66034000000006,36.189491999999994],[-121.66032100000004,36.189454999999995],[-121.66029900000005,36.189419000000001],[-121.66027500000006,36.189385000000001],[-121.66024700000006,36.189352999999997],[-121.66021400000004,36.189324999999982],[-121.66017800000006,36.189298999999991],[-121.66013900000006,36.18927399999999],[-121.66009800000005,36.189250999999999],[-121.65997300000004,36.189186999999983],[-121.65993300000005,36.189165999999993],[-121.65989600000006,36.189144999999996],[-121.65986300000006,36.189124],[-121.65983700000005,36.189101999999998],[-121.65982500000005,36.18909],[-121.65981700000005,36.189078000000009],[-121.65981000000005,36.189051999999997],[-121.65981500000005,36.189025999999998],[-121.65982300000005,36.189011999999998],[-121.65983400000005,36.188999000000003],[-121.65986100000005,36.188979000000018],[-121.65989600000006,36.188960999999999],[-121.65993600000006,36.188945000000004],[-121.65998000000006,36.188930999999997],[-121.66002700000004,36.188918000000008],[-121.66012700000006,36.188892999999993],[-121.66022800000005,36.188870999999999],[-121.66078800000005,36.188752999999998],[-121.66093800000006,36.188719999999996],[-121.66103800000005,36.188696999999998],[-121.66113700000005,36.188671999999997],[-121.66118500000005,36.188657999999997],[-121.66123300000005,36.188642999999992],[-121.66128200000004,36.188625000000002],[-121.66133100000006,36.188606],[-121.66137800000004,36.188586999999991],[-121.66142600000005,36.188566000000002],[-121.66151900000004,36.188523000000004],[-121.66156500000004,36.188499999999998],[-121.66161000000004,36.188476999999992],[-121.66165500000004,36.18845300000001],[-121.66169900000004,36.188428000000002],[-121.66174100000005,36.188402999999994],[-121.66178200000006,36.188375000000008],[-121.66181800000005,36.188347],[-121.66185400000006,36.18831800000001],[-121.66192100000005,36.188255999999996],[-121.66202100000004,36.188161999999991],[-121.66205400000004,36.188130999999998],[-121.66208900000005,36.188100999999996],[-121.66212500000005,36.188071999999998],[-121.66216200000004,36.188046],[-121.66220300000005,36.188020000000002],[-121.66224600000004,36.187997000000003],[-121.66229000000006,36.187974999999987],[-121.66233500000006,36.187953999999991],[-121.66238100000004,36.187933999999991],[-121.66247400000005,36.187896000000002],[-121.66257000000004,36.187861000000005],[-121.66261800000004,36.187843999999998],[-121.66266700000006,36.187829000000001],[-121.66271600000006,36.187815000000001],[-121.66281500000005,36.18779],[-121.66306400000006,36.187731999999997],[-121.66316300000005,36.187706999999996],[-121.66321200000004,36.187692999999996],[-121.66326100000006,36.187677999999991],[-121.66331000000005,36.187660999999991],[-121.66335800000006,36.187643999999999],[-121.66345300000005,36.187607999999997],[-121.66349900000006,36.187588000000005],[-121.66354500000006,36.187567999999992],[-121.66359000000006,36.187547000000009],[-121.66363300000005,36.187525000000001],[-121.66367400000006,36.187501000000005],[-121.66371300000006,36.187473999999995],[-121.66374700000004,36.187446000000001],[-121.66377800000004,36.187416000000006],[-121.66380800000006,36.18738299999999],[-121.66383500000006,36.187350000000009],[-121.66386200000004,36.18731600000001],[-121.66388700000006,36.187280999999999],[-121.66391100000006,36.18724499999999],[-121.66393300000004,36.18720900000001],[-121.66395400000005,36.187173000000001],[-121.66397300000004,36.187134999999998],[-121.66399000000004,36.187096999999994],[-121.66400400000006,36.187054999999994],[-121.66401600000006,36.187012000000003],[-121.66402600000005,36.186968999999998],[-121.66403400000006,36.186925000000002],[-121.66406500000005,36.186748999999999],[-121.66407400000004,36.186706000000001],[-121.66408500000006,36.186662999999989],[-121.66409800000005,36.186619999999991],[-121.66411400000004,36.186578999999995],[-121.66413300000006,36.186537999999992],[-121.66415300000004,36.186497000000003],[-121.66417400000006,36.186457000000004],[-121.66419600000006,36.186417000000006],[-121.66424300000004,36.186336999999988],[-121.66431500000006,36.186218999999987],[-121.66434100000005,36.186179999999993],[-121.66438900000004,36.186107],[-121.66446500000006,36.185999999999993],[-121.66451700000006,36.185929000000002],[-121.66454400000006,36.18589399999999],[-121.66457300000006,36.185859999999991],[-121.66460300000004,36.185827000000003],[-121.66463400000006,36.185794999999999],[-121.66467000000006,36.185762000000004],[-121.66470900000006,36.185729999999985],[-121.66474900000006,36.185699999999997],[-121.66479000000005,36.185670999999999],[-121.66483200000006,36.185642999999992],[-121.66487500000005,36.185617000000001],[-121.66491900000005,36.185592],[-121.66496300000004,36.185569000000001],[-121.66500900000005,36.185550000000006],[-121.66505500000005,36.185536000000006],[-121.66510300000006,36.185526000000003],[-121.66515100000005,36.185523000000003],[-121.66519700000005,36.185525000000005],[-121.66524200000005,36.185533],[-121.66528400000004,36.185549000000002],[-121.66532400000004,36.185572000000001],[-121.66536100000006,36.185598999999996],[-121.66539200000004,36.185626000000006],[-121.66542200000005,36.185655999999994],[-121.66545100000006,36.185685999999997],[-121.66553700000004,36.185783000000001],[-121.66556800000005,36.185816999999986],[-121.66563300000004,36.185881999999992],[-121.66566600000004,36.185912999999999],[-121.66569800000005,36.185941999999997],[-121.66573200000006,36.185970000000005],[-121.66576600000006,36.185994999999998],[-121.66580200000006,36.186017999999997],[-121.66584000000005,36.186036999999992],[-121.66588600000006,36.186051999999997],[-121.66593300000004,36.186061999999993],[-121.66598100000004,36.186064999999992],[-121.66601800000004,36.18606299999999],[-121.66605500000006,36.186058000000003],[-121.66609100000005,36.186050000000009],[-121.66612600000006,36.186040000000006],[-121.66615900000004,36.186028999999998],[-121.66619100000004,36.186015000000005],[-121.66621900000005,36.185999000000002],[-121.66624400000005,36.185980999999998],[-121.66626500000005,36.185960000000009],[-121.66628400000005,36.185937000000003],[-121.66630400000005,36.185907],[-121.66631900000006,36.185875999999993],[-121.66633000000006,36.185842999999998],[-121.66633500000005,36.185814999999991],[-121.66633800000004,36.185786999999998],[-121.66633800000004,36.185757999999993],[-121.66633600000006,36.185726999999993],[-121.66633300000004,36.185696000000007],[-121.66631300000006,36.185535999999999],[-121.66630900000006,36.185499],[-121.66630600000006,36.185462000000001],[-121.66630500000004,36.185426],[-121.66630800000004,36.185392],[-121.66631600000005,36.185355999999999],[-121.66633200000004,36.185322999999997],[-121.66635400000006,36.185295000000011],[-121.66638200000006,36.185271999999998],[-121.66641600000004,36.185254],[-121.66644000000005,36.185244999999995],[-121.66646600000006,36.185237999999984],[-121.66650200000005,36.185230999999995],[-121.66654000000004,36.185226],[-121.66665600000005,36.18521599999999],[-121.66669100000006,36.185211999999993],[-121.66672600000004,36.185206999999998],[-121.66676100000005,36.185199999999995],[-121.66679400000005,36.185190999999989],[-121.66682700000005,36.185179999999995],[-121.66686200000005,36.185166000000002],[-121.66689500000005,36.18514900000001],[-121.66693600000006,36.185123999999995],[-121.66697400000005,36.18509499999999],[-121.66700200000004,36.185068999999991],[-121.66702900000004,36.185042999999993],[-121.66710000000005,36.184966000000003],[-121.66712400000004,36.184941999999999],[-121.66715600000006,36.184912999999995],[-121.66719100000005,36.184885000000001],[-121.66722200000005,36.184861999999995],[-121.66725500000005,36.184840999999992],[-121.66728800000006,36.184818999999997],[-121.66735300000005,36.184780000000003],[-121.66739600000005,36.184755000000003],[-121.66744000000004,36.184730999999999],[-121.66748600000004,36.184709999999995],[-121.66753000000004,36.184690999999994],[-121.66757600000004,36.184674000000001],[-121.66776100000004,36.184611999999987],[-121.66780600000004,36.184595999999985],[-121.66785000000006,36.184578000000009],[-121.66789200000005,36.18455800000001],[-121.66793100000005,36.184534999999997],[-121.66800800000004,36.184488000000002],[-121.66804700000004,36.184464999999996],[-121.66808800000005,36.184443000000002],[-121.66812500000006,36.184424999999997],[-121.66816300000005,36.184408999999995],[-121.66819500000005,36.184397000000011],[-121.66827700000005,36.184370000000001],[-121.66832700000006,36.184354999999989],[-121.66836100000005,36.184345999999991],[-121.66840300000005,36.184335000000004],[-121.66848800000004,36.184316000000003],[-121.66860600000005,36.184291999999992],[-121.66869700000005,36.184274000000002],[-121.66875100000006,36.184265000000003],[-121.66880500000005,36.184257000000009],[-121.66885400000004,36.184250999999996],[-121.66900100000005,36.184237000000003],[-121.66905100000005,36.184229999999999],[-121.66910100000004,36.184222999999989],[-121.66915100000004,36.184213000000007],[-121.66918600000005,36.184204000000008],[-121.66922100000004,36.184193],[-121.66925500000006,36.184180999999995],[-121.66929700000006,36.184164999999993],[-121.66942500000006,36.18410999999999],[-121.66947100000006,36.184092],[-121.66951000000006,36.184079999999987],[-121.66954900000006,36.184069000000001],[-121.66959400000006,36.184058999999998],[-121.66963900000006,36.184050999999997],[-121.66968500000006,36.184044],[-121.66980200000005,36.184026999999993],[-121.66983700000006,36.184021000000001],[-121.66987500000005,36.184012999999993],[-121.66991200000004,36.184001000000002],[-121.66995000000004,36.183986000000004],[-121.66998600000004,36.183968999999998],[-121.67002100000005,36.183948999999991],[-121.67006400000004,36.183925000000002],[-121.67010600000005,36.18389899999999],[-121.67016100000004,36.183862999999995],[-121.67019100000006,36.183841000000001],[-121.67022100000004,36.183818000000009],[-121.67024800000006,36.183792999999994],[-121.67027400000005,36.183767000000003],[-121.67029000000004,36.183749999999996],[-121.67035900000006,36.183670999999997],[-121.67038700000006,36.183641000000001],[-121.67041400000005,36.183614999999996],[-121.67044300000006,36.183591999999997],[-121.67047400000006,36.183570999999986],[-121.67050900000004,36.183553000000003],[-121.67054600000006,36.183537999999999],[-121.67058900000005,36.183524999999996],[-121.67072400000005,36.183494000000003],[-121.67076900000005,36.183481999999998],[-121.67081400000005,36.183467999999998],[-121.67084700000005,36.18345699999999],[-121.67095000000005,36.183416999999999],[-121.67110900000004,36.183358000000005],[-121.67119300000005,36.183323000000001],[-121.67123400000006,36.18330499999999],[-121.67127300000006,36.183285999999995],[-121.67131100000006,36.183267000000008],[-121.67134600000004,36.183245000000007],[-121.67137900000004,36.183219999999992],[-121.67140900000004,36.183191999999998],[-121.67143600000004,36.183161999999996],[-121.67146400000006,36.183126999999999],[-121.67149000000005,36.183090000000007],[-121.67151400000004,36.183052000000004],[-121.67153800000004,36.18301300000001],[-121.67164700000004,36.18282],[-121.67169300000006,36.182745000000004],[-121.67171800000004,36.182707999999991],[-121.67174400000006,36.182670999999999],[-121.67177100000006,36.182634999999991],[-121.67180000000006,36.182600000000008],[-121.67183100000005,36.182565999999994],[-121.67186300000004,36.182532999999992],[-121.67189500000005,36.182504999999999],[-121.67192900000006,36.182477999999996],[-121.67196500000004,36.182451999999991],[-121.67200100000004,36.182426000000007],[-121.67203900000005,36.182402000000003],[-121.67207700000006,36.182377999999993],[-121.67211700000006,36.182355000000001],[-121.67215700000004,36.182333],[-121.67219800000005,36.182310999999999],[-121.67228300000004,36.182270000000003],[-121.67232600000006,36.182251000000001],[-121.67241900000006,36.182211999999993],[-121.67251300000005,36.182174999999987],[-121.67293600000006,36.182020000000001],[-121.67302700000005,36.181984],[-121.67307200000005,36.181964999999998],[-121.67316000000004,36.181926000000004],[-121.67342100000005,36.181803999999993],[-121.67351800000006,36.18175999999999],[-121.67366500000006,36.181696000000002],[-121.67405800000006,36.181528],[-121.67415500000006,36.18148399999999],[-121.67420300000006,36.181462000000003],[-121.67425000000004,36.181437999999986],[-121.67429600000006,36.181413999999982],[-121.67434000000004,36.181387999999998],[-121.67437900000004,36.181364000000002],[-121.67441600000005,36.18133799999999],[-121.67448900000005,36.181284000000005],[-121.67455900000004,36.181227999999997],[-121.67469500000006,36.181115999999996],[-121.67472800000006,36.181089999999983],[-121.67476200000006,36.181064000000006],[-121.67479600000004,36.181041],[-121.67483200000004,36.181019000000006],[-121.67486500000004,36.181000999999988],[-121.67489900000004,36.180984999999993],[-121.67498900000004,36.180944999999994],[-121.67512800000006,36.180887000000006],[-121.67527000000004,36.180831999999995],[-121.67536600000005,36.180796999999984],[-121.67541500000004,36.180779999999999],[-121.67546400000006,36.180764000000003],[-121.67556400000005,36.180732999999996],[-121.67576600000004,36.180674999999994],[-121.67596800000005,36.180619999999998],[-121.67607000000004,36.180594999999997],[-121.67612100000004,36.180582999999992],[-121.67617300000005,36.180571999999998],[-121.67622500000004,36.180562999999999],[-121.67627600000004,36.180555000000005],[-121.67632800000004,36.180549000000006],[-121.67643300000006,36.180539999999993],[-121.67674800000006,36.180516999999995],[-121.67685200000005,36.180506999999999],[-121.67695500000006,36.180494999999986],[-121.67710900000006,36.180474999999994],[-121.67726300000005,36.18045399999999],[-121.67736500000005,36.180438000000002],[-121.67752500000005,36.18041199999999],[-121.67773800000005,36.180374],[-121.67826900000006,36.180278000000001],[-121.67842800000005,36.180247999999999],[-121.67858400000006,36.180217999999989],[-121.67873500000005,36.180185999999999],[-121.67924300000004,36.180076],[-121.67971700000004,36.179974999999992],[-121.67982100000006,36.179950999999996],[-121.67987100000006,36.179938],[-121.67992100000005,36.179924000000007],[-121.67996800000006,36.179908999999995],[-121.68001300000006,36.179891000000005],[-121.68005400000004,36.179870999999999],[-121.68009000000006,36.179845999999998],[-121.68012000000006,36.179817],[-121.68014400000004,36.179783000000008],[-121.68016500000006,36.179745999999994],[-121.68018300000004,36.179706999999993],[-121.68019900000006,36.179667000000002],[-121.68021300000004,36.179624999999994],[-121.68022600000006,36.179582999999994],[-121.68023800000006,36.179539999999996],[-121.68024800000005,36.179496999999991],[-121.68025700000005,36.179453999999993],[-121.68026300000005,36.179410999999995],[-121.68026600000005,36.179367999999997],[-121.68026500000006,36.179325000000006],[-121.68025900000006,36.179284999999993],[-121.68024900000006,36.179244999999995],[-121.68023600000005,36.179205000000003],[-121.68022000000006,36.179166000000002],[-121.68020300000005,36.179127999999999],[-121.68018400000005,36.179090000000016],[-121.68016300000005,36.179053999999994],[-121.68013900000005,36.179020000000008],[-121.68011300000005,36.178986999999992],[-121.68008400000004,36.178958999999999],[-121.68005100000006,36.178933999999991],[-121.68001000000005,36.178913000000009],[-121.67996400000004,36.178897999999982],[-121.67991400000005,36.178886000000013],[-121.67986300000005,36.178876000000002],[-121.67981000000005,36.178868999999992],[-121.67975500000006,36.17886399999999],[-121.67970100000005,36.178860999999998],[-121.67964600000006,36.178859000000003],[-121.67959200000006,36.178859000000003],[-121.67953800000004,36.178863],[-121.67948500000006,36.178870000000011],[-121.67943500000004,36.178880999999997],[-121.67938500000005,36.178895999999995],[-121.67933700000006,36.178912999999994],[-121.67928900000005,36.178933000000001],[-121.67924200000004,36.178952999999993],[-121.67919400000005,36.178973999999997],[-121.67910100000005,36.179017999999992],[-121.67900800000005,36.179063999999983],[-121.67868600000006,36.179225999999993],[-121.67859300000005,36.179271],[-121.67850000000006,36.179313999999998],[-121.67845200000005,36.179333999999997],[-121.67840400000006,36.179352000000002],[-121.67835700000005,36.179367999999997],[-121.67830900000004,36.179382999999994],[-121.67826000000005,36.179395999999997],[-121.67821100000006,36.179408000000002],[-121.67811100000004,36.179431000000001],[-121.67801100000005,36.179451999999991],[-121.67796100000004,36.179461000000003],[-121.67791000000004,36.179468000000007],[-121.67786000000005,36.179474999999989],[-121.67780600000006,36.179479999999998],[-121.67775200000005,36.179484000000002],[-121.67769800000006,36.179485999999997],[-121.67764400000006,36.179487999999999],[-121.67753600000006,36.179488999999997],[-121.67742700000004,36.179489000000004],[-121.67737300000006,36.179487999999992],[-121.67731900000004,36.179485999999983],[-121.67726500000006,36.179482999999991],[-121.67721100000006,36.179479000000001],[-121.67715900000005,36.179474000000006],[-121.67710600000004,36.179466999999995],[-121.67705400000004,36.179459000000001],[-121.67694900000004,36.17944],[-121.67689800000004,36.179430000000004],[-121.67684700000004,36.179418999999996],[-121.67679600000004,36.179406999999991],[-121.67674600000005,36.17939299999999],[-121.67669700000006,36.179378],[-121.67665000000005,36.179361],[-121.67660200000006,36.179338999999999],[-121.67655600000006,36.17931500000001],[-121.67651100000006,36.179290000000002],[-121.67646700000006,36.179262999999999],[-121.67642400000004,36.179233999999987],[-121.67638300000006,36.179204999999996],[-121.67634200000005,36.179175000000001],[-121.67630300000005,36.179144999999998],[-121.67626600000006,36.179113000000001],[-121.67623100000004,36.179078999999994],[-121.67620100000005,36.179043999999998],[-121.67617600000005,36.179009000000008],[-121.67615500000005,36.178973000000006],[-121.67613600000006,36.178936],[-121.67611900000006,36.17889799999999],[-121.67610300000005,36.178859000000003],[-121.67607300000006,36.17878000000001],[-121.67604600000006,36.178699999999999],[-121.67593800000006,36.178381000000002],[-121.67585600000004,36.178142000000008],[-121.67570400000005,36.177705000000003],[-121.67550900000006,36.177147999999995],[-121.67545500000006,36.176988999999999],[-121.67543000000006,36.176909000000002],[-121.67540700000006,36.176828999999991],[-121.67538600000006,36.176746999999999],[-121.67536700000004,36.176665999999997],[-121.67534100000006,36.176543000000009],[-121.67532500000004,36.176461000000003],[-121.67531800000005,36.17642],[-121.67530600000005,36.176335999999992],[-121.67529700000004,36.176252999999996],[-121.67529400000005,36.176211000000009],[-121.67529000000006,36.176127000000001],[-121.67528900000006,36.176085999999991],[-121.67529100000004,36.176045000000009],[-121.67529500000006,36.176003999999999],[-121.67530300000004,36.175963999999993],[-121.67531600000004,36.17592299999999],[-121.67533200000005,36.175881999999987],[-121.67535000000005,36.175841999999996],[-121.67537100000006,36.175802000000004],[-121.67541600000006,36.175722],[-121.67550800000004,36.17556299999999],[-121.67553000000005,36.175521999999987],[-121.67555100000006,36.175480999999998],[-121.67559100000005,36.175396999999997],[-121.67562800000005,36.175313000000003],[-121.67564500000005,36.17526999999999],[-121.67566200000006,36.175227999999997],[-121.67567800000005,36.175184999999999],[-121.67569200000005,36.175141999999994],[-121.67570400000005,36.175098999999989],[-121.67571300000006,36.175055],[-121.67571800000005,36.17501399999999],[-121.67572000000006,36.174971999999997],[-121.67572100000004,36.174931000000001],[-121.67571900000006,36.174888999999993],[-121.67571700000005,36.174847],[-121.67571200000005,36.174805999999997],[-121.67570700000006,36.174763999999996],[-121.67569900000005,36.174722999999993],[-121.67569000000005,36.174682999999995],[-121.67567700000004,36.174643999999986],[-121.67566100000006,36.174605999999997],[-121.67564000000004,36.17457000000001],[-121.67561600000006,36.174536000000003],[-121.67558900000004,36.174503000000001],[-121.67556100000004,36.174470000000007],[-121.67553000000005,36.174439],[-121.67549800000005,36.174408],[-121.67546500000005,36.174378000000004],[-121.67543000000006,36.174348999999992],[-121.67539400000004,36.174321999999989],[-121.67535600000005,36.174295999999991],[-121.67531700000006,36.174272999999992],[-121.67527000000004,36.174251000000005],[-121.67522100000005,36.174230999999992],[-121.67517000000005,36.174213999999999],[-121.67511900000005,36.174197999999997],[-121.67506600000004,36.174182999999992],[-121.67490700000005,36.174139000000004],[-121.67480100000006,36.174107999999997],[-121.67474900000006,36.17409099999999],[-121.67470200000005,36.174075000000002],[-121.67465500000004,36.174057000000005],[-121.67460900000005,36.174039000000008],[-121.67452000000004,36.173999999999999],[-121.67447600000006,36.17398],[-121.67443300000004,36.173957999999992],[-121.67439200000005,36.173936000000005],[-121.67435300000005,36.173912000000001],[-121.67431600000006,36.173887000000001],[-121.67428200000005,36.173858999999993],[-121.67425200000005,36.173828000000007],[-121.67422500000005,36.173794999999998],[-121.67420100000005,36.173760000000001],[-121.67417900000005,36.173723999999993],[-121.67415800000006,36.173685999999996],[-121.67413800000004,36.17364899999999],[-121.67411900000006,36.173609999999996],[-121.67408300000005,36.173532999999992],[-121.67405000000005,36.173453999999985],[-121.67403400000006,36.173414000000001],[-121.67400500000005,36.173335000000002],[-121.67390700000004,36.173055999999995],[-121.67387600000005,36.172975999999991],[-121.67384300000006,36.172893999999985],[-121.67377500000005,36.172732999999994],[-121.67372100000004,36.172612000000001],[-121.67368200000004,36.172533999999999],[-121.67366100000004,36.172496000000002],[-121.67363800000004,36.172457999999985],[-121.67361300000005,36.172423000000009],[-121.67358400000006,36.172388000000005],[-121.67355300000004,36.17235800000001],[-121.67351900000006,36.172328000000007],[-121.67348300000005,36.172299999999986],[-121.67344500000004,36.172272999999997],[-121.67328900000004,36.172167000000002],[-121.67325100000004,36.172139999999999],[-121.67321300000005,36.172111999999991],[-121.67317800000004,36.172082999999994],[-121.67314200000004,36.172051000000003],[-121.67310900000004,36.172018000000001],[-121.67307700000006,36.171984000000002],[-121.67304600000004,36.171948999999984],[-121.67298700000006,36.171876999999995],[-121.67293100000005,36.171803999999995],[-121.67290400000005,36.171767000000003],[-121.67287800000004,36.171729000000006],[-121.67285400000004,36.171691000000003],[-121.67283200000004,36.171653000000006],[-121.67281000000006,36.171614999999996],[-121.67277100000005,36.171538000000005],[-121.67269400000005,36.171382000000008],[-121.67265500000005,36.171304999999997],[-121.67261400000004,36.171228000000006],[-121.67259100000005,36.171188999999984],[-121.67254100000004,36.171112999999991],[-121.67246300000005,36.170999000000002],[-121.67240900000004,36.170924999999997],[-121.67238100000006,36.170887999999998],[-121.67235200000005,36.170850999999999],[-121.67232300000006,36.170816000000002],[-121.67229200000004,36.170780999999991],[-121.67225900000004,36.170746999999999],[-121.67222500000005,36.170715000000015],[-121.67218900000005,36.170684999999999],[-121.67211400000005,36.170625999999999],[-121.67195800000005,36.170510999999983],[-121.67188200000005,36.170453000000009],[-121.67184600000006,36.170423],[-121.67181000000005,36.17039299999999],[-121.67177700000006,36.170360999999993],[-121.67174700000005,36.170327999999991],[-121.67172000000005,36.170292999999994],[-121.67169600000005,36.170254999999997],[-121.67167400000004,36.170217000000001],[-121.67165300000006,36.170177999999993],[-121.67163400000004,36.170138000000001],[-121.67159700000006,36.170057999999997],[-121.67154500000004,36.169934999999995],[-121.67149400000004,36.169812999999991],[-121.67146200000006,36.169730000000001],[-121.67143300000005,36.169647999999995],[-121.67142000000005,36.169605999999995],[-121.67141000000004,36.169564999999992],[-121.67140200000006,36.169521999999994],[-121.67139600000006,36.169479999999993],[-121.67139200000004,36.169437000000002],[-121.67138600000004,36.169350999999999],[-121.67137500000005,36.169091999999992],[-121.67137000000004,36.169006000000003],[-121.67136000000005,36.168880000000001],[-121.67133400000004,36.168626999999994],[-121.67132700000006,36.168542999999993],[-121.67132500000004,36.168500000000002],[-121.67132300000006,36.168414000000006],[-121.67132300000006,36.168327999999995],[-121.67132500000004,36.168241999999992],[-121.67133000000005,36.168112999999998],[-121.67133800000006,36.167983],[-121.67136600000005,36.167673999999998],[-121.67137200000006,36.167585999999993],[-121.67137400000006,36.16754199999999],[-121.67137400000006,36.167498000000002],[-121.67137400000006,36.167455999999994],[-121.67136900000006,36.167372],[-121.67136100000005,36.167286999999995],[-121.67134700000004,36.167160999999993],[-121.67133500000006,36.167076999999999],[-121.67132200000005,36.166992999999991],[-121.67129900000006,36.166869999999996],[-121.67125700000004,36.166665999999999],[-121.67124100000004,36.166584000000007],[-121.67122600000005,36.166500999999997],[-121.67120700000005,36.166374999999995],[-121.67119000000004,36.166247999999989],[-121.67116900000005,36.166079000000003],[-121.67115500000006,36.165953000000009],[-121.67113400000004,36.165742999999999],[-121.67112400000005,36.165659000000005],[-121.67111800000005,36.165618000000009],[-121.67111200000004,36.165576000000009],[-121.67110400000006,36.165534999999998],[-121.67109400000004,36.165493999999995],[-121.67108400000005,36.16545399999999],[-121.67106000000005,36.165374],[-121.67100700000005,36.165213999999999],[-121.67092500000005,36.164974999999998],[-121.67088200000006,36.164856000000007],[-121.67085000000004,36.164777000000001],[-121.67083300000004,36.164738999999997],[-121.67081400000005,36.164701000000001],[-121.67079300000005,36.164664000000009],[-121.67076700000004,36.164625000000001],[-121.67073900000005,36.16458699999999],[-121.67070800000006,36.164550999999996],[-121.67067600000004,36.164514999999994],[-121.67064300000006,36.164479999999998],[-121.67060900000006,36.164447000000003],[-121.67057300000006,36.164414999999991],[-121.67053700000005,36.164383999999984],[-121.67049800000005,36.164357000000003],[-121.67045800000004,36.164333000000006],[-121.67041400000005,36.16431399999999],[-121.67037100000006,36.164301999999992],[-121.67032600000006,36.164293999999991],[-121.67028000000005,36.164288999999989],[-121.67018700000004,36.164281000000003],[-121.67014100000006,36.164275999999987],[-121.67009800000004,36.164268999999997],[-121.67005800000004,36.164259000000001],[-121.67002200000005,36.164244999999994],[-121.66999100000005,36.164223999999997],[-121.66996400000005,36.164197999999992],[-121.66994000000005,36.164168999999987],[-121.66991800000004,36.16413699999999],[-121.66987200000004,36.164070000000002],[-121.66984700000005,36.164034999999998],[-121.66979200000006,36.163964999999997],[-121.66973300000005,36.163894999999997],[-121.66967200000006,36.163825999999993],[-121.66957800000004,36.163724000000009],[-121.66951400000005,36.163657000000001],[-121.66948100000005,36.163623999999999],[-121.66944600000004,36.163591999999994],[-121.66941100000005,36.163561000000001],[-121.66937300000005,36.163529000000004],[-121.66933300000005,36.16349799999999],[-121.66925100000006,36.163436999999995],[-121.66904100000006,36.163290000000003],[-121.66895800000006,36.163229999999999],[-121.66884300000004,36.163141000000003],[-121.66873000000005,36.163051000000003],[-121.66861900000005,36.162959000000001],[-121.66854700000005,36.162896000000003],[-121.66848000000006,36.162835000000001],[-121.66834900000005,36.162710000000004],[-121.66828200000006,36.162649000000009],[-121.66821300000005,36.16258899999999],[-121.66817800000005,36.162559999999992],[-121.66814000000004,36.162531000000001],[-121.66810200000006,36.162503999999984],[-121.66806200000006,36.162476999999996],[-121.66798200000005,36.162425000000006],[-121.66789900000005,36.162374999999997],[-121.66785700000004,36.162351999999998],[-121.66781400000005,36.162329],[-121.66777000000005,36.162308000000003],[-121.66772400000005,36.162289000000001],[-121.66767600000006,36.162272000000002],[-121.66762700000004,36.162257000000004],[-121.66757700000005,36.162243999999994],[-121.66752600000005,36.162231999999989],[-121.66747600000004,36.162221999999993],[-121.66742500000004,36.162213000000001],[-121.66737400000004,36.162205999999991],[-121.66732300000004,36.162199999999984],[-121.66727300000004,36.162198000000011],[-121.66722500000006,36.162199000000001],[-121.66717700000005,36.162204999999993],[-121.66713300000005,36.162216000000001],[-121.66709100000006,36.162230999999984],[-121.66704900000005,36.16225],[-121.66700800000004,36.162270999999997],[-121.66696800000005,36.162295000000007],[-121.66692800000006,36.162319000000004],[-121.66685000000005,36.16237000000001],[-121.66677300000005,36.162423999999994],[-121.66673500000006,36.162452000000002],[-121.66665700000006,36.162511000000002],[-121.66654200000005,36.162600000000005],[-121.66646400000005,36.162657999999993],[-121.66642400000005,36.162685999999987],[-121.66638400000004,36.162712000000006],[-121.66634200000006,36.162736999999993],[-121.66629800000005,36.162758999999994],[-121.66625400000004,36.162777999999996],[-121.66620700000006,36.162793999999998],[-121.66616000000005,36.16280900000001],[-121.66611100000006,36.162823000000003],[-121.66606200000004,36.162835999999992],[-121.66596200000005,36.162859999999995],[-121.66581100000006,36.16289299999999],[-121.66541000000005,36.162980000000005],[-121.66520800000005,36.163021999999991],[-121.66510600000005,36.163041000000007],[-121.66495000000005,36.163067000000012],[-121.66479300000006,36.163090999999994],[-121.66463500000005,36.163113999999993],[-121.66452800000006,36.163126000000005],[-121.66447500000005,36.163131],[-121.66442300000004,36.163134999999997],[-121.66437100000005,36.163136999999999],[-121.66431900000006,36.163139000000001],[-121.66426900000005,36.163138999999994],[-121.66421900000006,36.163138999999994],[-121.66417200000005,36.163137999999996],[-121.66412800000005,36.163134999999997],[-121.66408700000004,36.163130000000002],[-121.66405200000005,36.163124000000003],[-121.66402500000005,36.163114],[-121.66400800000004,36.1631],[-121.66400300000004,36.163088000000002],[-121.66400400000006,36.163067999999996],[-121.66401100000004,36.163046000000001],[-121.66402300000004,36.163022999999995],[-121.66403800000005,36.162998999999992],[-121.66405900000005,36.162970000000001],[-121.66410300000005,36.162917],[-121.66411700000006,36.162897999999991],[-121.66412700000005,36.162880999999992],[-121.66413100000004,36.162863000000002],[-121.66412600000004,36.162842000000012],[-121.66411400000004,36.162821000000001],[-121.66409500000005,36.162800000000004],[-121.66407300000006,36.162778999999993],[-121.66404700000004,36.162757999999997],[-121.66399300000005,36.162717999999984],[-121.66396800000005,36.162697999999985],[-121.66394700000005,36.162675999999998],[-121.66393300000004,36.162654000000011],[-121.66392700000004,36.162627999999998],[-121.66393000000005,36.162600999999995],[-121.66394200000005,36.162574999999997],[-121.66396200000005,36.162550000000003],[-121.66399100000004,36.16252699999999],[-121.66402600000005,36.162506999999991],[-121.66406700000006,36.162489999999998],[-121.66411100000006,36.16247400000001],[-121.66415800000004,36.162460000000003],[-121.66420700000006,36.162447999999998],[-121.66425700000005,36.162437000000004],[-121.66430900000006,36.162427999999991],[-121.66436100000006,36.162419000000007],[-121.66441400000004,36.16241200000001],[-121.66446700000004,36.162405],[-121.66456800000006,36.162394999999982],[-121.66476200000004,36.162382000000001],[-121.66485600000006,36.162374000000007],[-121.66494800000004,36.162363999999997],[-121.66499200000005,36.162357999999998],[-121.66503300000004,36.162350000000004],[-121.66507900000005,36.162339000000003],[-121.66511900000005,36.162325000000003],[-121.66515200000005,36.162306000000001],[-121.66517600000005,36.162282999999995],[-121.66519400000004,36.162255999999992],[-121.66522300000005,36.162185999999991],[-121.66524000000004,36.162155999999996],[-121.66526300000004,36.162126999999991],[-121.66529100000004,36.162099999999995],[-121.66532300000004,36.162076000000006],[-121.66535300000004,36.162057999999995],[-121.66538500000006,36.162042999999997],[-121.66545200000004,36.162013000000016],[-121.66549200000004,36.161991999999991],[-121.66552900000006,36.161968999999999],[-121.66556000000004,36.161941999999989],[-121.66558200000004,36.161915000000008],[-121.66560000000004,36.161886000000003],[-121.66561600000006,36.161854000000005],[-121.66565900000005,36.161754999999992],[-121.66567700000004,36.161718999999984],[-121.66569700000005,36.161685000000006],[-121.66572100000006,36.161648999999997],[-121.66574800000005,36.161614999999991],[-121.66577800000006,36.161583999999998],[-121.66581300000004,36.161557000000002],[-121.66585000000006,36.16153700000001],[-121.66589100000004,36.161520000000003],[-121.66593400000004,36.161504999999998],[-121.66598100000004,36.161492000000017],[-121.66602800000005,36.161478999999986],[-121.66622300000006,36.161430999999993],[-121.66627100000005,36.161418000000005],[-121.66631800000006,36.16140399999999],[-121.66636300000006,36.161388000000002],[-121.66640600000005,36.161369999999998],[-121.66644600000005,36.161348999999994],[-121.66648300000006,36.161322999999996],[-121.66651700000006,36.161292999999993],[-121.66654900000006,36.16126100000001],[-121.66657900000004,36.161226999999997],[-121.66660800000004,36.161191999999993],[-121.66663500000004,36.161156000000005],[-121.66677200000005,36.160972000000001],[-121.66680100000006,36.160935999999992],[-121.66682900000006,36.160901000000003],[-121.66688900000005,36.160834000000001],[-121.66695100000004,36.160767999999997],[-121.66698300000004,36.160735999999993],[-121.66701600000005,36.160705000000007],[-121.66705000000005,36.160674],[-121.66708500000006,36.160645000000002],[-121.66712100000005,36.160617999999992],[-121.66716000000005,36.160592999999992],[-121.66720200000005,36.16057],[-121.66724500000004,36.160550000000008],[-121.66729100000006,36.160532000000003],[-121.66733700000005,36.160514000000006],[-121.66738400000006,36.16049799999999],[-121.66762500000006,36.160419999999995],[-121.66772200000004,36.160387000000007],[-121.66777000000005,36.16036900000001],[-121.66786500000006,36.160333000000001],[-121.66796000000004,36.160294999999991],[-121.66800600000006,36.160274999999999],[-121.66805200000005,36.160254999999985],[-121.66809700000005,36.160234000000003],[-121.66814100000006,36.16021099999999],[-121.66818300000006,36.160187000000001],[-121.66822600000005,36.160159000000007],[-121.66826600000005,36.160128999999998],[-121.66830600000006,36.160097999999998],[-121.66834400000006,36.160066],[-121.66838200000005,36.160032999999991],[-121.66845600000006,36.15996599999999],[-121.66852800000004,36.159897000000001],[-121.66856300000005,36.159861000000006],[-121.66859600000004,36.159824999999991],[-121.66862500000005,36.159792000000003],[-121.66865300000005,36.159756999999992],[-121.66870600000006,36.159687000000005],[-121.66873100000004,36.159652000000001],[-121.66875500000005,36.159616000000007],[-121.66877700000006,36.159579999999998],[-121.66879700000004,36.159543999999997],[-121.66881500000004,36.159506999999998],[-121.66882900000006,36.159469999999999],[-121.66883800000005,36.159432999999993],[-121.66884100000006,36.159393999999992],[-121.66883900000005,36.159356000000002],[-121.66883300000005,36.15931599999999],[-121.66882400000004,36.15927700000001],[-121.66881300000006,36.159238000000002],[-121.66880000000005,36.159198000000004],[-121.66878500000004,36.159159000000002],[-121.66876900000005,36.159120999999992],[-121.66875100000006,36.159082999999995],[-121.66873000000005,36.159045999999996],[-121.66870600000006,36.159010000000009],[-121.66867800000006,36.158974999999991],[-121.66864700000005,36.158941999999996],[-121.66861400000005,36.158909000000001],[-121.66857900000004,36.158876999999983],[-121.66854300000006,36.158845999999997],[-121.66850500000005,36.158815999999995],[-121.66846700000006,36.158786999999997],[-121.66842800000006,36.158757999999999],[-121.66838800000005,36.158729999999998],[-121.66834600000006,36.158704],[-121.66830300000005,36.15867999999999],[-121.66826000000005,36.158659],[-121.66821500000005,36.158639999999998],[-121.66816900000005,36.158622000000001],[-121.66812200000004,36.158605000000016],[-121.66807400000006,36.158589000000006],[-121.66797700000005,36.158560000000001],[-121.66792900000004,36.158546999999999],[-121.66787900000004,36.158534999999993],[-121.66783000000005,36.158524],[-121.66778000000004,36.158516000000006],[-121.66772700000006,36.158509000000009],[-121.66767400000005,36.158504000000008],[-121.66762000000004,36.158499999999989],[-121.66756600000005,36.158498000000002],[-121.66745800000004,36.15849399999999],[-121.66691700000005,36.158486000000003],[-121.66680800000006,36.158484000000001],[-121.66670000000006,36.15847999999999],[-121.66659200000005,36.158473999999998],[-121.66654200000005,36.158470000000001],[-121.66644000000005,36.158460000000005],[-121.66623800000005,36.158438999999994],[-121.66613700000005,36.158431000000007],[-121.66608600000006,36.158428999999998],[-121.66603500000004,36.158427999999994],[-121.66598400000004,36.158428999999991],[-121.66593200000005,36.158431999999991],[-121.66588100000006,36.158436000000009],[-121.66582900000006,36.158442000000001],[-121.66577800000006,36.158448000000007],[-121.66572700000006,36.158454999999996],[-121.66567700000004,36.15846299999999],[-121.66562700000004,36.158472999999994],[-121.66557800000005,36.158482999999983],[-121.66553000000005,36.158496],[-121.66548300000004,36.15851099999999],[-121.66543900000006,36.158529000000001],[-121.66539600000006,36.158549000000001],[-121.66535400000004,36.158570999999995],[-121.66531400000005,36.158594999999984],[-121.66527400000005,36.158619999999992],[-121.66523400000004,36.158645],[-121.66519600000005,36.158670999999998],[-121.66515900000006,36.158697999999994],[-121.66512200000004,36.158726000000001],[-121.66508700000006,36.158754999999999],[-121.66505400000005,36.158785000000002],[-121.66502200000005,36.158819000000001],[-121.66499100000006,36.158853999999991],[-121.66496200000006,36.158888999999995],[-121.66493400000006,36.158926000000008],[-121.66487900000004,36.159000000000013],[-121.66479800000005,36.159111999999993],[-121.66474300000006,36.159185999999984],[-121.66471400000005,36.15922299999999],[-121.66465400000004,36.159295999999991],[-121.66462200000005,36.159331999999999],[-121.66455800000004,36.159403999999995],[-121.66449200000004,36.159472999999991],[-121.66445700000006,36.159506999999998],[-121.66442200000004,36.15954],[-121.66438500000005,36.159571],[-121.66434800000006,36.159600999999995],[-121.66430800000005,36.159627],[-121.66426500000006,36.159649000000002],[-121.66422100000004,36.159666999999999],[-121.66417700000004,36.159681999999989],[-121.66413500000006,36.159692],[-121.66409500000005,36.159696999999994],[-121.66406000000006,36.15969599999999],[-121.66403100000005,36.159687000000005],[-121.66401000000006,36.159667999999996],[-121.66399600000004,36.159641999999998],[-121.66398600000005,36.159610000000001],[-121.66398000000005,36.159573999999999],[-121.66397700000006,36.159534999999998],[-121.66397600000006,36.159494000000002],[-121.66397500000005,36.159452000000002],[-121.66397600000006,36.159364999999994],[-121.66398100000005,36.159188999999998],[-121.66398100000005,36.159101999999997],[-121.66398100000005,36.159057999999995],[-121.66397900000004,36.159014999999997],[-121.66397600000006,36.158973000000003],[-121.66397100000006,36.158930999999995],[-121.66396500000006,36.15889],[-121.66394800000005,36.15881000000001],[-121.66394100000005,36.158771999999992],[-121.66394000000004,36.158735999999998],[-121.66394600000004,36.158701999999991],[-121.66395800000004,36.158676000000007],[-121.66397500000005,36.158651999999996],[-121.66399700000004,36.158628999999998],[-121.66402700000006,36.1586],[-121.66406100000006,36.158571000000002],[-121.66409700000006,36.158541999999997],[-121.66417200000005,36.158484000000009],[-121.66461000000005,36.15816199999999],[-121.66472800000005,36.158073000000002],[-121.66480600000006,36.158014000000001],[-121.66488100000005,36.157953999999989],[-121.66491800000004,36.157923999999994],[-121.66495300000005,36.157892999999994],[-121.66498600000006,36.157861999999987],[-121.66501600000005,36.157830000000004],[-121.66504200000006,36.157795999999998],[-121.66506400000006,36.157761000000001],[-121.66507900000005,36.15772299999999],[-121.66508900000004,36.15768400000001],[-121.66509500000005,36.157643000000007],[-121.66509800000004,36.157601],[-121.66509900000005,36.157558999999992],[-121.66509700000006,36.157473000000003],[-121.66509200000004,36.157387],[-121.66508300000004,36.157299999999985],[-121.66507700000004,36.157257000000001],[-121.66506900000006,36.157215000000001],[-121.66505900000004,36.157171999999996],[-121.66504700000004,36.157132000000004],[-121.66503300000004,36.157093000000003],[-121.66501800000006,36.157052999999998],[-121.66500100000006,36.157013999999997],[-121.66496400000005,36.156936999999999],[-121.66494400000005,36.156897999999991],[-121.66492200000006,36.156860999999999],[-121.66490000000005,36.156823999999993],[-121.66487600000006,36.156787999999999],[-121.66484900000005,36.156753000000002],[-121.66481900000004,36.156717999999991],[-121.66478700000006,36.156684999999996],[-121.66475300000005,36.156653000000006],[-121.66471700000004,36.156622000000006],[-121.66468100000004,36.156590999999999],[-121.66464300000005,36.156561999999987],[-121.66460500000005,36.156532999999996],[-121.66456600000005,36.156503999999998],[-121.66452500000004,36.156477000000002],[-121.66448400000006,36.156452000000002],[-121.66444100000004,36.156427999999991],[-121.66439700000005,36.156407000000009],[-121.66435100000004,36.156388000000007],[-121.66430500000004,36.156371],[-121.66421000000004,36.156337999999991],[-121.66401900000005,36.156277000000003],[-121.66397200000004,36.156261000000015],[-121.66392600000006,36.156244000000001],[-121.66387900000004,36.156224999999992],[-121.66383500000006,36.156202999999998],[-121.66379500000004,36.156176999999985],[-121.66375700000006,36.156146999999997],[-121.66372200000005,36.156115],[-121.66368900000005,36.156080999999993],[-121.66365700000004,36.156045999999996],[-121.66359600000006,36.155974000000008],[-121.66356800000005,36.155937999999992],[-121.66354100000005,36.15590199999999],[-121.66351600000004,36.155866000000003],[-121.66349600000005,36.155830999999992],[-121.66348100000006,36.155794999999991],[-121.66347400000004,36.15575900000001],[-121.66347800000005,36.15572199999999],[-121.66348900000004,36.155684999999991],[-121.66350600000005,36.155647000000002],[-121.66356800000005,36.155532000000001],[-121.66358800000005,36.155491999999988],[-121.66360300000004,36.155450999999992],[-121.66361300000005,36.155411999999991],[-121.66361800000004,36.155370999999995],[-121.66362100000005,36.155329999999992],[-121.66362100000005,36.155288999999989],[-121.66362000000005,36.155247000000003],[-121.66361700000006,36.155205000000002],[-121.66360900000004,36.155120999999994],[-121.66358300000006,36.154925999999996],[-121.66358100000005,36.154891999999982],[-121.66358200000005,36.15486099999999],[-121.66358800000005,36.154832000000006],[-121.66360200000005,36.154805999999994],[-121.66362700000005,36.154783000000002],[-121.66366000000004,36.154763999999993],[-121.66369900000004,36.154747],[-121.66374200000006,36.154733],[-121.66378900000004,36.154721000000009],[-121.66383900000005,36.154709999999987],[-121.66388900000004,36.154699000000001],[-121.66414500000006,36.154650999999994],[-121.66423400000004,36.154632999999997],[-121.66427200000005,36.154623000000001],[-121.66430700000005,36.154611999999993],[-121.66433700000006,36.154598],[-121.66436100000006,36.154580999999986],[-121.66438000000005,36.154558999999999],[-121.66439300000006,36.154532000000003],[-121.66441500000006,36.154473000000003],[-121.66442900000004,36.154442000000003],[-121.66445000000004,36.154409999999991],[-121.66447500000005,36.154378999999999],[-121.66450500000006,36.154349000000003],[-121.66453700000004,36.154318999999994],[-121.66457200000005,36.154289999999996],[-121.66460900000004,36.154262000000003],[-121.66464700000004,36.154235],[-121.66468600000005,36.154209999999999],[-121.66472700000006,36.154186999999993],[-121.66476800000004,36.154165999999996],[-121.66481200000005,36.15414899999999],[-121.66485700000005,36.154138000000003],[-121.66490400000006,36.15413199999999],[-121.66495300000005,36.154131],[-121.66500300000006,36.154133999999999],[-121.66505300000004,36.154138999999994],[-121.66510500000004,36.154145999999997],[-121.66526000000005,36.154170000000001],[-121.66531200000006,36.154176],[-121.66536300000004,36.154180999999994],[-121.66541400000004,36.154183000000003],[-121.66545700000006,36.154182000000006],[-121.66549900000005,36.154176999999997],[-121.66554300000004,36.154167000000015],[-121.66558600000006,36.154152000000003],[-121.66562700000004,36.154133000000002],[-121.66566700000006,36.154110999999993],[-121.66570600000006,36.154084999999995],[-121.66574400000006,36.154057000000002],[-121.66578100000005,36.154026999999999],[-121.66581700000006,36.153996999999997],[-121.66585000000006,36.153966000000004],[-121.66588200000004,36.153933999999992],[-121.66591100000005,36.153901999999995],[-121.66593600000004,36.153869999999991],[-121.66595600000005,36.153838000000007],[-121.66596900000005,36.153806999999993],[-121.66597200000004,36.15377500000001],[-121.66596600000004,36.153746999999996],[-121.66595100000006,36.153718999999995],[-121.66593000000005,36.153690999999995],[-121.66590500000005,36.153663000000009],[-121.66587600000004,36.153635999999992],[-121.66581300000004,36.15358100000001],[-121.66566300000004,36.153458000000001],[-121.66558800000004,36.153395000000003],[-121.66555200000006,36.153362999999992],[-121.66547900000005,36.153297000000002],[-121.66540900000005,36.153227999999991],[-121.66534100000004,36.153159000000002],[-121.66527500000005,36.153088000000004],[-121.66521100000006,36.153016000000001],[-121.66515000000004,36.152945999999993],[-121.66506200000005,36.152840999999988],[-121.66497600000004,36.152735],[-121.66491900000005,36.152662000000007],[-121.66459000000005,36.152234],[-121.66431900000006,36.151873000000009],[-121.66423700000004,36.15176499999999],[-121.66409900000004,36.15158799999999],[-121.66382500000005,36.151240999999992],[-121.66369300000004,36.151070999999995],[-121.66364000000006,36.151004000000007],[-121.66361100000005,36.150970000000001],[-121.66355300000004,36.150903],[-121.66346300000004,36.150803000000003],[-121.66321300000004,36.150529000000006],[-121.66296700000004,36.150258000000001],[-121.66286900000006,36.150151999999999],[-121.66280000000006,36.150081999999998],[-121.66276500000005,36.150047999999984],[-121.66273000000004,36.150013999999992],[-121.66269400000006,36.149982000000008],[-121.66265700000004,36.149950000000004],[-121.66262000000006,36.149920999999999],[-121.66258600000006,36.149896999999996],[-121.66255100000005,36.149875999999999],[-121.66251500000006,36.149858000000002],[-121.66247700000004,36.149844000000002],[-121.66243900000006,36.149836000000001],[-121.66239600000004,36.149834999999996],[-121.66235100000004,36.149839],[-121.66230500000005,36.14984900000001],[-121.66225800000004,36.149861999999992],[-121.66221100000006,36.149878000000008],[-121.66216300000006,36.149895000000001],[-121.66197200000005,36.149968000000001],[-121.66192500000004,36.149983999999996],[-121.66187800000006,36.149999000000008],[-121.66183200000006,36.150011999999997],[-121.66178800000006,36.150021000000002],[-121.66174400000004,36.150024000000002],[-121.66170300000006,36.15002100000001],[-121.66166300000005,36.150008999999997],[-121.66162500000006,36.149988999999998],[-121.66159000000006,36.149963],[-121.66155500000005,36.149933999999995],[-121.66152200000005,36.149900999999993],[-121.66149000000006,36.149866999999993],[-121.66146000000006,36.149829999999994],[-121.66143100000005,36.149792999999995],[-121.66140400000005,36.149754000000001],[-121.66138100000005,36.149715999999998],[-121.66135900000005,36.149676999999997],[-121.66129700000005,36.149559999999987],[-121.66127600000004,36.149521999999997],[-121.66125400000006,36.149484999999999],[-121.66122900000006,36.14944899999999],[-121.66120200000006,36.149414999999991],[-121.66117200000004,36.149385000000002],[-121.66113600000006,36.149357999999992],[-121.66109600000004,36.149333000000006],[-121.66105400000004,36.149310999999997],[-121.66100900000006,36.149291000000005],[-121.66096300000005,36.149270999999999],[-121.66086700000005,36.14923499999999],[-121.66077000000006,36.1492],[-121.66042600000004,36.149079999999998],[-121.66022900000006,36.149012000000013],[-121.66002600000006,36.148944999999983],[-121.65967100000006,36.148828999999992],[-121.65952000000004,36.148779000000005],[-121.65942100000004,36.148744000000001],[-121.65937200000005,36.148724999999999],[-121.65932400000004,36.148705999999983],[-121.65927700000006,36.148685999999998],[-121.65925100000005,36.148673000000002],[-121.65922500000005,36.148659000000002],[-121.65918400000004,36.148633999999994],[-121.65914600000005,36.148606999999991],[-121.65910800000005,36.148578999999991],[-121.65899700000004,36.148491000000007],[-121.65895900000004,36.148463999999997],[-121.65892000000004,36.148437999999999],[-121.65887800000006,36.148415000000014],[-121.65883400000006,36.148395999999991],[-121.65878700000005,36.14838000000001],[-121.65873900000004,36.148367000000007],[-121.65868900000005,36.148355000000002],[-121.65863900000005,36.148344999999992],[-121.65858800000005,36.148336],[-121.65853700000005,36.14832899999999],[-121.65848600000005,36.148322999999991],[-121.65843400000006,36.148318000000003],[-121.65838300000006,36.148316000000001],[-121.65833300000006,36.148316999999999],[-121.65828300000004,36.14832100000001],[-121.65823300000005,36.148329999999994],[-121.65818400000006,36.148342999999997],[-121.65813500000004,36.148358999999999],[-121.65808700000005,36.148376999999989],[-121.65803900000004,36.148397000000003],[-121.65799200000004,36.148418000000007],[-121.65794500000005,36.148439999999994],[-121.65785200000006,36.148485000000001],[-121.65780600000004,36.148508999999983],[-121.65776200000005,36.148532999999993],[-121.65771800000005,36.148558999999992],[-121.65767600000004,36.148584999999997],[-121.65763400000004,36.148612999999997],[-121.65755500000006,36.148668999999998],[-121.65751600000006,36.148693999999999],[-121.65747600000006,36.148716999999998],[-121.65743500000005,36.148735000000002],[-121.65739300000006,36.148746999999993],[-121.65734800000006,36.14875],[-121.65730200000006,36.148746999999993],[-121.65725400000005,36.148739000000006],[-121.65720500000006,36.148727000000001],[-121.65715600000004,36.148712000000003],[-121.65710600000004,36.148695999999994],[-121.65705600000005,36.148677999999997],[-121.65695600000004,36.148640000000007],[-121.65690700000005,36.148619999999994],[-121.65685900000004,36.148598],[-121.65681100000005,36.148575999999991],[-121.65676600000005,36.148551999999995],[-121.65672200000006,36.148524999999999],[-121.65668200000005,36.148496999999999],[-121.65664400000006,36.148466999999989],[-121.65660800000006,36.148435000000006],[-121.65657300000005,36.148401999999997],[-121.65653800000004,36.148368999999988],[-121.65647100000005,36.148299999999999],[-121.65617500000005,36.147986999999993],[-121.65587500000004,36.14767599999999],[-121.65577700000006,36.147571999999982],[-121.65571500000004,36.147502000000003],[-121.65568500000005,36.147465999999994],[-121.65565800000005,36.147429999999993],[-121.65563300000005,36.147392999999994],[-121.65561200000006,36.147354999999997],[-121.65559600000006,36.147314999999992],[-121.65558300000005,36.147274000000003],[-121.65557300000006,36.14723200000001],[-121.65556600000004,36.147188999999997],[-121.65555400000004,36.147103000000001],[-121.65554400000005,36.147016000000001],[-121.65550500000005,36.146578000000005],[-121.65544700000005,36.145966999999992],[-121.65541300000004,36.145572999999992],[-121.65540400000006,36.145484999999994],[-121.65539300000006,36.145398999999991],[-121.65538600000004,36.145356],[-121.65537800000006,36.145313999999992],[-121.65536600000006,36.145272999999989],[-121.65535200000005,36.145234000000002],[-121.65533200000006,36.145195999999999],[-121.65530700000005,36.14515999999999],[-121.65527700000004,36.145125999999991],[-121.65524400000004,36.145092999999996],[-121.65520800000004,36.145060999999998],[-121.65517000000006,36.145030000000006],[-121.65509200000005,36.144968999999996],[-121.65501100000006,36.144908999999998],[-121.65476500000005,36.144730000000003],[-121.65468400000006,36.144669999999998],[-121.65464500000006,36.144638999999998],[-121.65460600000006,36.144607999999998],[-121.65457000000006,36.144577000000012],[-121.65453500000005,36.144545000000001],[-121.65450400000006,36.144512999999996],[-121.65447800000005,36.144478999999983],[-121.65445700000005,36.144443000000003],[-121.65444400000005,36.144405999999989],[-121.65443700000006,36.144367999999993],[-121.65443400000004,36.144328000000002],[-121.65443400000004,36.144286999999998],[-121.65443600000005,36.14424600000001],[-121.65444000000004,36.144204000000002],[-121.65445300000006,36.144078000000007],[-121.65445600000005,36.144035999999993],[-121.65445800000006,36.143994000000006],[-121.65445900000006,36.143952999999996],[-121.65445700000005,36.143910999999996],[-121.65445100000005,36.14387099999999],[-121.65444000000004,36.14382899999999],[-121.65442600000006,36.143788000000001],[-121.65440900000004,36.143748000000009],[-121.65438900000004,36.14370799999999],[-121.65434700000006,36.143628],[-121.65430200000006,36.143548999999993],[-121.65413900000004,36.143270999999991],[-121.65401100000004,36.143042000000001],[-121.65399000000004,36.143008000000009],[-121.65396700000005,36.142975],[-121.65393900000004,36.142938000000008],[-121.65390900000006,36.142903000000004],[-121.65387700000005,36.142868999999997],[-121.65384300000004,36.142834999999998],[-121.65377400000006,36.14276799999999],[-121.65366700000006,36.142670000000003],[-121.65327000000006,36.142310999999999],[-121.65283800000006,36.141917999999997],[-121.65273100000005,36.141820000000003],[-121.65262600000004,36.141719000000002],[-121.65254200000004,36.141632999999999],[-121.65244900000005,36.141534999999998],[-121.65190000000004,36.140940999999998],[-121.65170600000006,36.140732],[-121.65147800000005,36.140489000000009],[-121.65138900000004,36.140391999999999],[-121.65136500000004,36.140363000000001],[-121.65134300000005,36.140334000000003],[-121.65131900000006,36.140295999999992],[-121.65129700000006,36.140256999999991],[-121.65127800000005,36.140217000000007],[-121.65126100000006,36.14017599999999],[-121.65124400000005,36.140134999999987],[-121.65116700000004,36.139925999999996],[-121.65113400000004,36.139844999999994],[-121.65111700000006,36.139806],[-121.65108200000005,36.139727999999998],[-121.65104400000004,36.139651000000008],[-121.65100300000006,36.139576000000005],[-121.65098100000004,36.139537999999995],[-121.65095800000006,36.139501999999993],[-121.65093200000005,36.139466999999996],[-121.65090300000004,36.139431999999999],[-121.65087300000006,36.139398000000007],[-121.65084000000006,36.139364999999991],[-121.65080700000004,36.139332999999993],[-121.65073800000006,36.139270000000003],[-121.65063100000006,36.139175999999999],[-121.65047400000006,36.139043999999998],[-121.65041400000004,36.13899099999999],[-121.65035500000005,36.138935999999994],[-121.65025200000004,36.13883400000001],[-121.64994700000005,36.138523999999997],[-121.64981200000005,36.138389999999994],[-121.64964300000005,36.138224000000001],[-121.64942000000006,36.138009000000004],[-121.64922500000006,36.137816000000008],[-121.64912300000006,36.137717999999992],[-121.64905100000006,36.137652000000003],[-121.64894200000005,36.137553000000011],[-121.64863500000006,36.137283999999994],[-121.64830700000006,36.136990000000004],[-121.64812700000006,36.136825999999992],[-121.64798800000004,36.136693999999991],[-121.64788600000006,36.136594000000002],[-121.64781900000004,36.136526999999994],[-121.64778600000004,36.136492999999994],[-121.64772300000004,36.136423000000001],[-121.64766100000006,36.136353],[-121.64760000000004,36.136282000000001],[-121.64754200000004,36.136210999999996],[-121.64745700000006,36.136106000000005],[-121.64731700000004,36.135930000000002],[-121.64726300000005,36.13585999999998],[-121.64721000000004,36.135787999999984],[-121.64715800000005,36.135712999999996],[-121.64713200000004,36.135674000000002],[-121.64708200000005,36.13559399999999],[-121.64698500000006,36.135433999999989],[-121.64672100000006,36.134991999999997],[-121.64662600000005,36.134831999999989],[-121.64657900000005,36.134751000000009],[-121.64646600000006,36.134548000000002],[-121.64601900000005,36.133734999999994],[-121.64592700000004,36.133573999999996],[-121.64585700000006,36.133456000000002],[-121.64534800000004,36.132632999999991],[-121.64520200000005,36.132398999999999],[-121.64515200000005,36.132322000000002],[-121.64507700000006,36.132207999999999],[-121.64472200000006,36.131678999999991],[-121.64464700000006,36.131565000000002],[-121.64459700000005,36.131485999999995],[-121.64444900000005,36.131246999999995],[-121.64371500000004,36.130047000000005],[-121.64364000000006,36.129928000000007],[-121.64356300000006,36.129811000000004],[-121.64348400000004,36.129696999999993],[-121.64340300000006,36.129583999999994],[-121.64331900000006,36.129470999999995],[-121.64326200000004,36.129398000000002],[-121.64320000000005,36.129322999999999],[-121.64310500000005,36.129212999999993],[-121.64291300000004,36.128996000000001],[-121.64278700000004,36.128856000000006],[-121.64269100000004,36.12875300000001],[-121.64261400000005,36.128672999999985],[-121.64251300000005,36.128576999999993],[-121.64230800000006,36.128385000000002],[-121.64224000000004,36.128321],[-121.64217100000005,36.128253999999984],[-121.64199600000006,36.128081000000002],[-121.64192400000006,36.128014],[-121.64188700000004,36.127980999999991],[-121.64184900000005,36.127948999999994],[-121.64181100000005,36.127918000000001],[-121.64177200000005,36.127887999999999],[-121.64169200000006,36.127828000000001],[-121.64153100000006,36.12771],[-121.64132900000006,36.127567999999989],[-121.64112800000005,36.127428000000002],[-121.64096700000005,36.127316999999991],[-121.64072500000006,36.127153999999997],[-121.64064400000004,36.127101000000017],[-121.64056100000005,36.127049],[-121.64047900000006,36.126997999999993],[-121.64035400000006,36.126924999999993],[-121.64018600000006,36.126829999999998],[-121.64001600000005,36.126736000000001],[-121.63984400000005,36.126643000000001],[-121.63962800000004,36.126528999999991],[-121.63913900000004,36.126272999999998],[-121.63900000000005,36.126198000000002],[-121.63891200000006,36.126147999999993],[-121.63887000000005,36.126122000000002],[-121.63883000000004,36.126096000000004],[-121.63879100000004,36.126069000000008],[-121.63875300000005,36.126041000000001],[-121.63871800000005,36.126011999999996],[-121.63868500000005,36.125981000000003],[-121.63865500000004,36.125946999999996],[-121.63862800000005,36.125911000000009],[-121.63860300000006,36.125874000000003],[-121.63850700000006,36.125721999999996],[-121.63848200000004,36.125685000000004],[-121.63845400000005,36.125648999999996],[-121.63842400000004,36.125616000000001],[-121.63838900000006,36.125584000000003],[-121.63835000000006,36.125554000000001],[-121.63831000000005,36.125525000000003],[-121.63826700000006,36.125498],[-121.63822400000004,36.125470999999997],[-121.63817900000004,36.125444999999999],[-121.63808900000004,36.125394],[-121.63735600000004,36.124991999999999],[-121.63717200000005,36.124891999999996],[-121.63707800000006,36.124844999999993],[-121.63703100000005,36.124822000000002],[-121.63698300000004,36.1248],[-121.63693600000006,36.124779999999987],[-121.63688900000005,36.124760999999999],[-121.63669800000004,36.124687000000002],[-121.63665200000005,36.124667000000002],[-121.63660600000006,36.124646999999996],[-121.63655900000005,36.124622999999993],[-121.63651600000006,36.124600999999991],[-121.63643200000006,36.12455400000001],[-121.63630600000006,36.124480999999996],[-121.63614100000005,36.124381000000007],[-121.63601800000006,36.124304000000009],[-121.63589100000006,36.124220000000008],[-121.63572500000005,36.124105999999998],[-121.63556000000004,36.123989999999992],[-121.63547900000005,36.123931000000006],[-121.63540100000004,36.123873000000003],[-121.63528700000006,36.123783999999993],[-121.63494500000004,36.123515000000005],[-121.63486900000005,36.12345599999999],[-121.63476400000005,36.123378000000002],[-121.63458900000006,36.123252000000001],[-121.63443900000006,36.123147000000003],[-121.63435800000005,36.12309299999999],[-121.63431500000006,36.12306499999999],[-121.63422800000004,36.123011000000005],[-121.63418400000005,36.122983999999995],[-121.63414000000004,36.122959000000002],[-121.63409400000005,36.122934999999991],[-121.63404800000006,36.122911999999985],[-121.63400000000006,36.122892],[-121.63395400000005,36.122875000000008],[-121.63390700000005,36.122860999999993],[-121.63385900000006,36.122848000000005],[-121.63381000000004,36.122836],[-121.63371000000005,36.122813000000001],[-121.63351200000005,36.122773000000002],[-121.63341500000006,36.122752000000006],[-121.63336700000005,36.12274],[-121.63332100000004,36.122725999999993],[-121.63327500000004,36.122709999999991],[-121.63323200000005,36.122691999999994],[-121.63318900000006,36.122672000000009],[-121.63314800000005,36.12265],[-121.63310700000004,36.122625999999997],[-121.63306800000004,36.122602000000008],[-121.63302900000004,36.122577],[-121.63299100000006,36.122550999999994],[-121.63295400000004,36.122524000000006],[-121.63291800000005,36.122495999999998],[-121.63287900000005,36.122461000000001],[-121.63284700000006,36.122430000000001],[-121.63281700000006,36.12239799999999],[-121.63278700000004,36.122366],[-121.63273100000005,36.122298999999998],[-121.63256000000005,36.122083000000003],[-121.63249900000005,36.122008000000001],[-121.63246800000006,36.121970999999995],[-121.63243500000004,36.121935999999991],[-121.63240100000004,36.121901000000001],[-121.63236500000005,36.121868000000006],[-121.63232700000006,36.121836000000009],[-121.63228700000005,36.121806000000007],[-121.63224600000004,36.121777999999999],[-121.63216000000006,36.121721999999991],[-121.63185200000004,36.121532999999999],[-121.63146400000005,36.121289000000004],[-121.63129700000006,36.121186000000002],[-121.63121900000004,36.12113699999999],[-121.63118100000005,36.121111000000006],[-121.63114300000005,36.12108400000001],[-121.63107000000005,36.121029],[-121.63099500000006,36.120970000000007],[-121.63095700000005,36.120937999999995],[-121.63092000000006,36.120905000000008],[-121.63088900000004,36.120876000000003],[-121.63085900000006,36.120845999999993],[-121.63083100000004,36.120816000000005],[-121.63080300000006,36.120784999999991],[-121.63077800000006,36.120754999999996],[-121.63073100000005,36.120693999999993],[-121.63068700000004,36.120632000000001],[-121.63066400000004,36.120598999999999],[-121.63062100000005,36.12053199999999],[-121.63060100000006,36.120499000000002],[-121.63056200000005,36.120432999999998],[-121.63050700000004,36.120331],[-121.63047100000004,36.120259999999995],[-121.63045500000005,36.120222999999996],[-121.63043900000005,36.120184999999992],[-121.63042600000004,36.120146999999996],[-121.63041300000005,36.120107999999995],[-121.63040100000005,36.120069000000001],[-121.63039100000006,36.120030000000007],[-121.63038200000005,36.119987999999992],[-121.63037300000006,36.119945000000001],[-121.63035900000006,36.119859999999996],[-121.63026300000006,36.119210000000002],[-121.63019200000004,36.118741],[-121.63015800000005,36.118529000000009],[-121.63012800000004,36.118361],[-121.63004200000006,36.117898999999994],[-121.62997800000005,36.11752700000001],[-121.62996100000004,36.117444000000006],[-121.62995200000006,36.117402999999996],[-121.62994200000004,36.117362999999983],[-121.62993000000004,36.117321999999994],[-121.62991700000006,36.117282000000003],[-121.62988500000004,36.117201000000009],[-121.62985100000006,36.117120999999997],[-121.62976000000006,36.116913999999987],[-121.62970500000004,36.116787999999993],[-121.62967000000006,36.116703999999999],[-121.62963700000006,36.116619999999998],[-121.62961000000006,36.116541000000005],[-121.62958500000005,36.116460999999994],[-121.62954900000004,36.11634200000001],[-121.62951500000005,36.11622100000001],[-121.62948300000005,36.116099000000006],[-121.62942200000005,36.115850999999992],[-121.62933300000005,36.115484000000009],[-121.62929600000005,36.115320999999994],[-121.62927900000004,36.115237999999991],[-121.62925700000005,36.115108999999997],[-121.62919400000006,36.114724000000002],[-121.62916500000004,36.114552999999994],[-121.62914200000006,36.114424999999997],[-121.62912400000006,36.114339999999991],[-121.62911400000004,36.114297000000001],[-121.62909200000006,36.114210999999983],[-121.62904400000005,36.114041],[-121.62900500000005,36.113914999999999],[-121.62895100000004,36.113748000000001],[-121.62888200000005,36.11354],[-121.62883900000006,36.113416000000001],[-121.62877500000006,36.113244999999999],[-121.62870900000004,36.113074999999988],[-121.62865800000006,36.112949],[-121.62858800000005,36.112786],[-121.62853300000006,36.112665],[-121.62849500000004,36.112585000000003],[-121.62847400000004,36.112545000000004],[-121.62845300000005,36.112504999999999],[-121.62840700000005,36.112425000000002],[-121.62835900000006,36.112345999999995],[-121.62831000000006,36.112267999999986],[-121.62823600000006,36.112153999999997],[-121.62801600000006,36.11181899999999],[-121.62796800000005,36.111744000000002],[-121.62792200000004,36.111668999999992],[-121.62783600000006,36.111519000000001],[-121.62759800000006,36.111096000000003],[-121.62755200000005,36.111015999999999],[-121.62750600000005,36.110936000000002],[-121.62748100000006,36.110897000000008],[-121.62743000000006,36.11081699999999],[-121.62737700000005,36.110739000000002],[-121.62734900000004,36.110700000000001],[-121.62732100000005,36.110662000000005],[-121.62729200000004,36.110624000000001],[-121.62726400000004,36.110590000000002],[-121.62720600000006,36.110523000000008],[-121.62717500000004,36.110490000000006],[-121.62711400000005,36.110427999999999],[-121.62708300000006,36.110397999999996],[-121.62701900000006,36.110340000000001],[-121.62695400000005,36.110283000000003],[-121.62692000000006,36.110255000000002],[-121.62688200000005,36.110225000000007],[-121.62680500000005,36.110166],[-121.62672600000005,36.110108999999994],[-121.62668500000004,36.110080999999994],[-121.62660300000005,36.110025999999991],[-121.62651900000004,36.109976000000003],[-121.62647600000005,36.109951999999993],[-121.62638800000006,36.109905000000005],[-121.62629900000006,36.109860000000005],[-121.62620500000004,36.109817],[-121.62610800000004,36.109776000000004],[-121.62586700000006,36.109674999999996],[-121.62577700000006,36.109636999999999],[-121.62569500000004,36.109599000000003],[-121.62565600000006,36.109578999999997],[-121.62561400000006,36.109555999999998],[-121.62557200000006,36.10953099999999],[-121.62553300000006,36.109506000000003],[-121.62549400000006,36.109478999999993],[-121.62545700000004,36.109451999999997],[-121.62542200000006,36.109421999999995],[-121.62538900000006,36.109391000000002],[-121.62535700000005,36.109359999999995],[-121.62532600000006,36.109327],[-121.62526700000005,36.109260999999989],[-121.62523800000004,36.109227000000004],[-121.62521100000004,36.109191999999993],[-121.62518500000006,36.109157000000003],[-121.62516200000005,36.109124000000008],[-121.62514100000004,36.109088999999997],[-121.62512000000005,36.109054999999984],[-121.62510100000006,36.109020000000001],[-121.62508300000006,36.10898499999999],[-121.62506600000005,36.10894900000001],[-121.62505100000004,36.108913000000001],[-121.62503700000006,36.108873999999993],[-121.62502400000005,36.108833999999995],[-121.62500200000005,36.108753999999998],[-121.62496200000004,36.108592999999992],[-121.62494000000005,36.108513000000002],[-121.62492700000006,36.108472999999989],[-121.62491300000005,36.108432999999984],[-121.62488100000006,36.108353000000001],[-121.62484600000006,36.108274000000002],[-121.62482700000004,36.108233999999996],[-121.62480700000006,36.108196],[-121.62478600000006,36.108156999999999],[-121.62476300000004,36.108119000000009],[-121.62473900000005,36.108081999999996],[-121.62471300000006,36.108045999999995],[-121.62465900000004,36.107973000000001],[-121.62463100000005,36.10793799999999],[-121.62457300000005,36.107866999999992],[-121.62451300000005,36.107797999999995],[-121.62448200000006,36.107763999999996],[-121.62445000000005,36.107731000000001],[-121.62441500000004,36.107696999999995],[-121.62438000000006,36.107663000000002],[-121.62430700000004,36.107597999999996],[-121.62423200000006,36.107535000000006],[-121.62419400000006,36.107503999999999],[-121.62411800000004,36.107444999999998],[-121.62404400000005,36.107391000000007],[-121.62381700000005,36.107227999999992],[-121.62374100000005,36.107171999999991],[-121.62366700000004,36.107115999999998],[-121.62359400000005,36.107058999999992],[-121.62355800000006,36.107029999999995],[-121.62352400000006,36.107000000000006],[-121.62349000000005,36.106967999999995],[-121.62345600000006,36.106935999999997],[-121.62339200000004,36.106870999999998],[-121.62333100000005,36.10680399999999],[-121.62330100000004,36.106769999999997],[-121.62324500000005,36.106701999999999],[-121.62319100000006,36.106631999999998],[-121.62314000000006,36.106561999999997],[-121.62311500000004,36.106527],[-121.62309200000006,36.106492000000003],[-121.62304800000005,36.106422000000002],[-121.62300600000005,36.106349999999992],[-121.62296500000004,36.106275000000004],[-121.62292900000004,36.106204999999996],[-121.62289900000005,36.106139000000006],[-121.62288500000005,36.10610599999999],[-121.62287000000006,36.106068],[-121.62285600000006,36.106029999999997],[-121.62283200000005,36.105951999999995],[-121.62282200000006,36.105912999999987],[-121.62280100000005,36.105826000000008],[-121.62277600000004,36.105694000000007],[-121.62273000000005,36.105430000000005],[-121.62271400000006,36.105342],[-121.62269500000004,36.105255],[-121.62268500000005,36.105210999999997],[-121.62267300000005,36.105167999999992],[-121.62266100000005,36.105130999999993],[-121.62264800000005,36.105094999999999],[-121.62262000000004,36.105024],[-121.62260400000005,36.104987999999985],[-121.62258700000004,36.104953000000009],[-121.62256500000005,36.104911999999999],[-121.62254200000004,36.104872000000007],[-121.62251800000004,36.104832000000002],[-121.62246800000005,36.104753000000002],[-121.62241500000005,36.104677000000002],[-121.62238700000006,36.104638999999992],[-121.62236000000006,36.104604999999999],[-121.62233100000005,36.104573000000009],[-121.62230200000006,36.104540999999998],[-121.62227100000004,36.104510999999995],[-121.62224000000006,36.104481999999997],[-121.62220700000006,36.104455999999999],[-121.62218100000004,36.104438999999992],[-121.62210800000005,36.104398000000003],[-121.62207300000004,36.104376999999999],[-121.62203800000006,36.104354000000001],[-121.62200300000005,36.10432999999999],[-121.62196900000006,36.104304999999997],[-121.62193300000006,36.104275999999999],[-121.62190000000005,36.104244000000001],[-121.62186700000004,36.104211999999997],[-121.62180500000005,36.104144000000005],[-121.62177400000006,36.104109000000001],[-121.62171500000005,36.104039],[-121.62165600000004,36.103967000000004],[-121.62159900000005,36.103895000000009],[-121.62154500000004,36.103821000000003],[-121.62151900000006,36.103783000000007],[-121.62146900000005,36.10370600000001],[-121.62142100000005,36.103627999999993],[-121.62088000000006,36.102724999999992],[-121.62081200000004,36.102605999999994],[-121.62077100000006,36.10252599999999],[-121.62075200000004,36.102486000000006],[-121.62073400000004,36.102443999999998],[-121.62071800000005,36.102401000000008],[-121.62070300000005,36.102359],[-121.62067400000004,36.102273000000004],[-121.62063400000005,36.102143000000005],[-121.62027000000006,36.100931000000003],[-121.62023200000004,36.100800000000007],[-121.62020900000006,36.100712999999999],[-121.62018800000004,36.100627000000003],[-121.62017900000004,36.100583],[-121.62017200000005,36.100540000000009],[-121.62016700000004,36.100497000000004],[-121.62016200000005,36.100416000000003],[-121.62015900000006,36.100377000000002],[-121.62015200000006,36.100338999999991],[-121.62014100000006,36.100301999999999],[-121.62012100000004,36.100265999999998],[-121.62009600000006,36.100231000000015],[-121.62006500000004,36.100197999999992],[-121.62003200000004,36.10016499999999],[-121.61999600000006,36.100133],[-121.61995900000005,36.100102],[-121.61992000000005,36.100070000000009],[-121.61984100000005,36.100008000000003],[-121.61972000000006,36.099916],[-121.61963800000004,36.099855999999996],[-121.61959700000006,36.099826],[-121.61955400000004,36.099798],[-121.61951100000005,36.099770999999997],[-121.61946700000004,36.099745999999996],[-121.61942100000005,36.09972299999999],[-121.61937700000004,36.099703999999996],[-121.61933100000005,36.099688],[-121.61928400000004,36.099673000000003],[-121.61923600000004,36.099658999999996],[-121.61898200000006,36.099587],[-121.61877200000006,36.099525000000007],[-121.61808500000005,36.099320000000006],[-121.61798000000005,36.09928699999999],[-121.61792800000006,36.09926999999999],[-121.61787700000005,36.099252999999997],[-121.61782900000006,36.099235],[-121.61778200000005,36.099215000000001],[-121.61774000000005,36.099193999999997],[-121.61770300000006,36.099170000000001],[-121.61767400000005,36.099144000000003],[-121.61765600000005,36.099116000000002],[-121.61764500000004,36.099086],[-121.61764100000005,36.099054000000002],[-121.61764400000004,36.099022999999988],[-121.61765400000006,36.098993],[-121.61767400000005,36.098961999999993],[-121.61769900000006,36.098938000000004],[-121.61773100000005,36.098914999999991],[-121.61776700000004,36.098894000000001],[-121.61787900000004,36.098834999999994],[-121.61791300000006,36.098813999999997],[-121.61794300000005,36.098791000000006],[-121.61796700000004,36.098764999999993],[-121.61798300000005,36.098731999999998],[-121.61799200000004,36.098695999999997],[-121.61799500000005,36.098658],[-121.61799400000005,36.098618000000009],[-121.61799000000006,36.098575999999994],[-121.61798400000006,36.098534000000001],[-121.61796400000006,36.098405],[-121.61795900000006,36.098363000000006],[-121.61795600000005,36.098320999999999],[-121.61795600000005,36.098279999999995],[-121.61796200000005,36.098241000000009],[-121.61797500000004,36.098204000000003],[-121.61799600000006,36.098169999999996],[-121.61802400000006,36.098137999999985],[-121.61805700000004,36.098108000000003],[-121.61809300000006,36.098079000000013],[-121.61813300000006,36.098051000000005],[-121.61817400000005,36.098022999999991],[-121.61821600000006,36.097996000000002],[-121.61830300000005,36.097942000000003],[-121.61852300000005,36.097809000000005],[-121.61861000000006,36.097753999999995],[-121.61865200000005,36.097725999999994],[-121.61869300000004,36.097697999999987],[-121.61873400000005,36.097667999999999],[-121.61877300000005,36.097637000000006],[-121.61881000000004,36.097605000000001],[-121.61884500000005,36.097571000000002],[-121.61888000000006,36.097535999999998],[-121.61894600000005,36.097465],[-121.61901100000004,36.097391999999992],[-121.61933600000006,36.09702399999999],[-121.61940000000006,36.096949999999978],[-121.61943000000005,36.096913999999998],[-121.61945800000004,36.096877999999997],[-121.61948400000006,36.096843],[-121.61950500000005,36.096808999999993],[-121.61952100000005,36.096776999999989],[-121.61952900000006,36.096746000000003],[-121.61952500000004,36.096719000000007],[-121.61950800000005,36.096694000000006],[-121.61948000000005,36.096673000000003],[-121.61944400000006,36.096653999999994],[-121.61940300000005,36.096635999999997],[-121.61935800000005,36.096618999999997],[-121.61931000000006,36.096602999999988],[-121.61920900000004,36.096572000000009],[-121.61910500000006,36.096542999999997],[-121.61863300000006,36.096409999999999],[-121.61853000000005,36.096380000000003],[-121.61847900000005,36.096364000000008],[-121.61842900000006,36.096347999999985],[-121.61838000000004,36.096331000000006],[-121.61833300000006,36.09631199999999],[-121.61828800000006,36.096291999999991],[-121.61824600000006,36.09626999999999],[-121.61820900000004,36.096243000000001],[-121.61817700000006,36.096214000000003],[-121.61815000000006,36.096180000000004],[-121.61812600000006,36.096145000000007],[-121.61810400000005,36.096107000000011],[-121.61808400000005,36.096069],[-121.61806500000004,36.096029000000009],[-121.61803000000006,36.09594899999999],[-121.61799700000006,36.095866999999998],[-121.61798100000004,36.09582600000001],[-121.61796700000004,36.095783999999995],[-121.61795300000004,36.095742999999992],[-121.61794100000004,36.095700999999991],[-121.61793200000005,36.095658999999998],[-121.61792400000004,36.095615000000002],[-121.61791900000006,36.095571000000007],[-121.61791300000006,36.095481999999997],[-121.61790800000004,36.095348999999999],[-121.61790400000005,36.095260000000003],[-121.61789700000004,36.09517499999999],[-121.61788400000005,36.095048000000006],[-121.61787700000005,36.094962999999993],[-121.61787500000005,36.094920999999992],[-121.61787500000005,36.094880000000003],[-121.61787700000005,36.094838000000003],[-121.61788300000006,36.094797],[-121.61789400000006,36.094754999999985],[-121.61790800000004,36.094712999999992],[-121.61792500000006,36.094672000000003],[-121.61794400000005,36.094630000000002],[-121.61796400000006,36.094588999999992],[-121.61803000000006,36.094465999999997],[-121.61823400000006,36.094098999999993],[-121.61830100000006,36.093975999999998],[-121.61834300000005,36.093893999999992],[-121.61836300000006,36.093851999999984],[-121.61838200000005,36.093811000000002],[-121.61839900000004,36.093768000000004],[-121.61841300000005,36.093727000000001],[-121.61842600000006,36.093685999999998],[-121.61844800000006,36.09360199999999],[-121.61846800000004,36.093518000000003],[-121.61851700000005,36.093307000000003],[-121.61855500000006,36.093147999999999],[-121.61857300000004,36.093068000000002],[-121.61858800000006,36.092988999999996],[-121.61859300000005,36.092948999999997],[-121.61859600000004,36.092908999999999],[-121.61859700000004,36.092865000000003],[-121.61859600000004,36.092821000000001],[-121.61859300000005,36.092776999999998],[-121.61858900000006,36.09273300000001],[-121.61857800000004,36.092644999999997],[-121.61856600000004,36.092556999999999],[-121.61852000000006,36.092248999999995],[-121.61849900000006,36.092122000000003],[-121.61848400000005,36.092039999999997],[-121.61845900000006,36.091918000000007],[-121.61843900000005,36.091836999999998],[-121.61842900000006,36.091797],[-121.61840500000004,36.091716999999996],[-121.61839100000006,36.091678000000002],[-121.61837500000006,36.091639000000001],[-121.61836000000004,36.091605000000001],[-121.61834300000005,36.091571999999999],[-121.61832500000006,36.091538999999997],[-121.61830300000005,36.091502999999996],[-121.61825800000005,36.091431999999998],[-121.61821100000004,36.091361999999997],[-121.61808900000004,36.091186999999991],[-121.61796000000004,36.091006000000007],[-121.61788100000005,36.090899999999998],[-121.61777700000006,36.09076300000001],[-121.61772500000005,36.090694999999997],[-121.61767400000005,36.090621999999996],[-121.61764800000006,36.090584],[-121.61762300000005,36.090544999999992],[-121.61760000000004,36.090505],[-121.61757900000006,36.090465000000002],[-121.61756000000004,36.090425000000003],[-121.61754500000005,36.090385999999995],[-121.61753200000005,36.090347000000001],[-121.61752100000004,36.090308],[-121.61751200000005,36.090268000000002],[-121.61750400000004,36.090228000000003],[-121.61749700000004,36.090187999999998],[-121.61749200000004,36.090149999999987],[-121.61748900000006,36.090113000000002],[-121.61748700000005,36.090074999999992],[-121.61748600000004,36.090038],[-121.61748600000004,36.090000000000011],[-121.61748800000005,36.089961999999993],[-121.61749100000004,36.089922999999999],[-121.61749600000006,36.089884999999995],[-121.61750200000006,36.089846000000009],[-121.61750900000004,36.089807999999984],[-121.61751900000006,36.08976599999999],[-121.61754200000004,36.089683000000001],[-121.61760500000004,36.089475000000007],[-121.61764600000005,36.089323999999991],[-121.61765600000005,36.089289000000001],[-121.61766800000005,36.089256000000006],[-121.61768100000006,36.089224000000002],[-121.61769200000005,36.089204000000009],[-121.61771100000004,36.089176000000002],[-121.61772200000004,36.08916099999999],[-121.61774100000004,36.089141000000005],[-121.61776700000004,36.089120000000001],[-121.61782300000006,36.089084999999997],[-121.61784900000006,36.089066000000003],[-121.61786000000005,36.08905399999999],[-121.61786800000006,36.089042999999997],[-121.61787000000004,36.089024999999999],[-121.61786700000006,36.089015999999994],[-121.61785700000004,36.088997000000006],[-121.61784000000004,36.088978000000004],[-121.61779700000005,36.088934999999999],[-121.61778000000004,36.088917000000002],[-121.61776600000006,36.088899999999995],[-121.61775300000004,36.088881000000008],[-121.61773500000004,36.088849000000003],[-121.61772200000004,36.088813999999992],[-121.61771200000005,36.088777],[-121.61770300000006,36.088739000000004],[-121.61769700000006,36.088700000000003],[-121.61769100000005,36.088659999999997],[-121.61767300000005,36.088491999999995],[-121.61765900000005,36.088388999999999],[-121.61763400000005,36.088233999999993],[-121.61758900000005,36.087968000000004],[-121.61757700000005,36.087879000000001],[-121.61757200000005,36.087834999999991],[-121.61756500000006,36.087755000000008],[-121.61756000000004,36.08767499999999],[-121.61755300000006,36.08745900000001],[-121.61754900000004,36.087373999999997],[-121.61754200000004,36.087291],[-121.61753100000004,36.087207999999997],[-121.61752400000005,36.087167000000001],[-121.61751400000006,36.087122999999984],[-121.61750300000004,36.087079999999993],[-121.61749100000004,36.087035999999998],[-121.61747600000004,36.086993000000007],[-121.61746200000006,36.086954999999996],[-121.61744600000004,36.086916999999993],[-121.61742900000006,36.086879000000003],[-121.61741000000005,36.086841999999997],[-121.61739300000006,36.08681],[-121.61737400000004,36.086779999999997],[-121.61734900000006,36.086741999999994],[-121.61732600000005,36.086711000000001],[-121.61730200000004,36.086679999999994],[-121.61727600000006,36.086649000000001],[-121.61724900000006,36.086618000000001],[-121.61722100000004,36.086587999999999],[-121.61719200000006,36.086557999999997],[-121.61714300000004,36.086511999999992],[-121.61710800000006,36.086481000000006],[-121.61707300000005,36.086452000000016],[-121.61703500000004,36.086423999999994],[-121.61699400000006,36.086396000000001],[-121.61695200000005,36.086367999999993],[-121.61690800000005,36.086341999999995],[-121.61686400000006,36.086317000000001],[-121.61682300000005,36.086295999999997],[-121.61678100000006,36.086275000000001],[-121.61673900000005,36.086255999999992],[-121.61669600000006,36.086236999999997],[-121.61665300000004,36.086218999999993],[-121.61660900000004,36.086201999999993],[-121.61656400000004,36.086187000000002],[-121.61651300000004,36.086171999999998],[-121.61646100000004,36.086157999999998],[-121.61640900000006,36.086144999999995],[-121.61609100000005,36.086075999999991],[-121.61598700000005,36.086052000000002],[-121.61593600000005,36.086038999999992],[-121.61588500000005,36.086024999999992],[-121.61579200000004,36.085999000000008],[-121.61570700000006,36.085971999999991],[-121.61566500000005,36.085957999999998],[-121.61558600000004,36.085928999999993],[-121.61555000000006,36.085913999999988],[-121.61551300000006,36.085898999999991],[-121.61546700000008,36.085877000000004],[-121.61542100000005,36.085853],[-121.61537700000005,36.08582899999999],[-121.61533200000005,36.085803000000006],[-121.61528900000006,36.085775000000005],[-121.61523700000004,36.08573899999999],[-121.61520000000004,36.085709999999999],[-121.61516300000005,36.085680999999994],[-121.61512800000004,36.085650999999999],[-121.61509400000006,36.085622000000008],[-121.61506600000004,36.085594999999991],[-121.61503100000009,36.085560999999998],[-121.61496600000005,36.085490999999998],[-121.61490300000004,36.085420000000006],[-121.61484700000004,36.085352],[-121.61479600000007,36.085287999999991],[-121.61465100000004,36.085100999999995],[-121.61457100000005,36.084998999999996],[-121.61448800000005,36.084895999999993],[-121.61442900000007,36.084826999999983],[-121.61438800000006,36.084780999999992],[-121.61434300000006,36.084732999999993],[-121.61418700000006,36.08457700000001],[-121.61412100000008,36.084506999999995],[-121.61399200000005,36.084367],[-121.61390000000004,36.084263],[-121.61384000000005,36.084192999999999],[-121.61378600000005,36.084124000000003],[-121.61373700000006,36.084057999999999],[-121.61369100000009,36.08399],[-121.61364300000004,36.083917],[-121.61360300000004,36.083850999999996],[-121.61357100000004,36.083793999999997],[-121.61355600000009,36.083765999999997],[-121.61353700000004,36.083725000000008],[-121.61351900000004,36.083683999999991],[-121.61350300000005,36.08364199999999],[-121.61348700000009,36.083600000000011],[-121.61346700000006,36.083539000000002],[-121.61344600000008,36.083468000000011],[-121.61342900000007,36.083400999999995],[-121.61338500000004,36.083199000000008],[-121.61335900000005,36.083089999999999],[-121.61333800000006,36.083011999999997],[-121.61331600000007,36.082943],[-121.61329300000006,36.082881],[-121.61327900000008,36.082848999999989],[-121.61326500000007,36.082816999999999],[-121.61323400000008,36.082753999999994],[-121.61319400000008,36.082675999999992],[-121.61317400000007,36.082636999999998],[-121.61313500000007,36.082568000000009],[-121.61310400000008,36.082516999999996],[-121.61302800000006,36.082397999999998],[-121.61274100000004,36.081963999999992],[-121.61230400000004,36.081290000000003],[-121.61222600000009,36.081170999999991],[-121.61214500000007,36.081054999999985],[-121.61203300000007,36.080902000000002],[-121.61172500000009,36.080482000000003],[-121.61163000000008,36.080354999999997],[-121.61157200000008,36.080278999999997],[-121.61152500000007,36.08021999999999],[-121.61147200000009,36.08015799999999],[-121.61131900000007,36.079989999999995],[-121.61128800000007,36.079954999999998],[-121.61125900000009,36.079920999999999],[-121.61123500000006,36.079889999999992],[-121.61121200000008,36.079859999999989],[-121.61119000000006,36.079828999999997],[-121.61116900000009,36.079797999999997],[-121.61114900000008,36.079764999999995],[-121.61113000000009,36.079731999999993],[-121.61109600000007,36.079664999999984],[-121.61106400000007,36.079596000000002],[-121.61099100000007,36.079427000000003],[-121.61096200000009,36.079362999999994],[-121.61094100000007,36.079323999999986],[-121.61091800000008,36.079284999999992],[-121.61089300000009,36.079245999999998],[-121.61086700000008,36.079208000000001],[-121.61084000000005,36.079169999999998],[-121.61081200000007,36.079133000000013],[-121.61078300000008,36.079095999999993],[-121.61075300000007,36.079059999999998],[-121.61069100000007,36.07898800000001],[-121.61059600000009,36.078881999999993],[-121.61049900000008,36.078775999999991],[-121.61043300000007,36.078706999999994],[-121.61039900000007,36.078673000000002],[-121.61036500000009,36.078639000000003],[-121.61032900000006,36.078606999999998],[-121.61029200000007,36.078575999999998],[-121.61025400000008,36.078544999999991],[-121.61017500000007,36.078485999999998],[-121.61005500000007,36.078400000000002],[-121.60993100000007,36.078315000000003],[-121.60984800000007,36.078260000000007],[-121.60976200000006,36.078206999999992],[-121.60967300000007,36.078155999999993],[-121.60958200000007,36.078106000000005],[-121.60944600000009,36.078031999999993],[-121.60808900000009,36.077297000000002],[-121.60786400000009,36.077176999999999],[-121.60777300000007,36.07712999999999],[-121.60765400000008,36.077072000000001],[-121.60751800000007,36.077008000000006],[-121.60724400000007,36.076883000000009],[-121.60712300000009,36.076824999999999],[-121.60704400000009,36.076784999999994],[-121.60700600000008,36.076763999999997],[-121.60696100000008,36.076737999999999],[-121.60687300000006,36.076682999999996],[-121.60678700000008,36.076625999999997],[-121.60670200000008,36.07656699999999],[-121.60662000000009,36.076506999999992],[-121.60657900000008,36.076477000000004],[-121.60654000000008,36.076444999999993],[-121.60650300000007,36.076413000000009],[-121.60646800000009,36.076379000000003],[-121.60643600000007,36.076345000000003],[-121.60640700000009,36.076309999999999],[-121.60638000000007,36.076272999999993],[-121.60635300000007,36.076236000000002],[-121.60632800000008,36.076197999999998],[-121.60627900000009,36.076121999999991],[-121.60623300000009,36.076044000000003],[-121.60621200000007,36.076004999999988],[-121.60619100000007,36.075964999999989],[-121.60617300000007,36.075925000000005],[-121.60615700000007,36.075884999999992],[-121.60614500000007,36.075843999999996],[-121.60613500000008,36.075803000000001],[-121.60612700000007,36.075761999999997],[-121.60611400000008,36.075677999999989],[-121.60610900000007,36.07563600000001],[-121.60610100000007,36.075550999999997],[-121.60609600000008,36.07546700000001],[-121.60609500000007,36.075424999999996],[-121.60609600000008,36.075383000000002],[-121.60609800000009,36.075341999999992],[-121.60610400000009,36.075300000000006],[-121.60611300000006,36.07525900000001],[-121.60612500000009,36.075218],[-121.60614000000007,36.075178000000001],[-121.60617300000007,36.075096999999985],[-121.60630000000009,36.074814999999994],[-121.60633400000007,36.074734000000007],[-121.60634900000008,36.074693000000003],[-121.60637000000007,36.074630999999989],[-121.60639500000009,36.074546999999995],[-121.60641700000008,36.074462999999987],[-121.60643800000008,36.074379],[-121.60645600000008,36.074293999999995],[-121.60646400000007,36.074252000000008],[-121.60647000000007,36.074210000000008],[-121.60647400000009,36.074168],[-121.60647500000007,36.07412699999999],[-121.60647200000007,36.074084999999997],[-121.60646300000008,36.074044000000008],[-121.60645100000008,36.074002999999998],[-121.60643600000007,36.073962000000002],[-121.60641900000007,36.073920999999991],[-121.60640000000008,36.073881],[-121.60635900000007,36.073799999999999],[-121.60612300000008,36.073352],[-121.60608000000009,36.073271999999996],[-121.60605800000008,36.073233000000009],[-121.60603500000009,36.073196000000003],[-121.60601200000008,36.073160999999999],[-121.60598800000008,36.07312899999998],[-121.60596200000008,36.073100999999994],[-121.60593400000008,36.073078999999986],[-121.60590400000008,36.073066000000011],[-121.60589400000009,36.073063999999995],[-121.60586200000007,36.073063999999995],[-121.60582700000008,36.073072000000003],[-121.60579100000007,36.073084999999992],[-121.60575300000009,36.073103000000003],[-121.60560100000008,36.073183999999998],[-121.60556400000009,36.07320099999999],[-121.60552800000009,36.073214999999998],[-121.60549300000008,36.073222999999999],[-121.60546100000008,36.073222999999999],[-121.60543000000007,36.073212000000005],[-121.60540100000007,36.073191999999999],[-121.60537400000007,36.073165000000003],[-121.60534800000009,36.073134000000003],[-121.60532400000008,36.073099000000006],[-121.60530000000008,36.073062],[-121.60525400000007,36.072983000000001],[-121.60518600000009,36.072859999999999],[-121.60491700000007,36.072362999999989],[-121.60487200000007,36.072280999999997],[-121.60482300000008,36.072200000000002],[-121.60479800000009,36.072161999999999],[-121.60477000000007,36.072125],[-121.60474000000008,36.072089999999996],[-121.60470700000008,36.072057999999991],[-121.60467300000008,36.07203299999999],[-121.60463700000008,36.072010999999996],[-121.60459900000006,36.071991999999995],[-121.60455800000007,36.07197699999999],[-121.60451700000007,36.07196600000001],[-121.60447400000007,36.071961000000009],[-121.60443600000008,36.071960999999995],[-121.60439800000007,36.071964000000008],[-121.60435900000007,36.07197],[-121.60431900000007,36.071978999999999],[-121.60427000000008,36.07199],[-121.60422100000007,36.072003000000009],[-121.60412100000008,36.072031999999993],[-121.60386800000006,36.072105999999998],[-121.60376700000008,36.072133999999998],[-121.60371600000008,36.072147000000001],[-121.60366500000008,36.072157999999995],[-121.60361400000006,36.072167999999998],[-121.60356200000008,36.072175999999999],[-121.60351000000009,36.072180999999993],[-121.60345800000007,36.072184],[-121.60340600000008,36.072186000000002],[-121.60330000000009,36.072186000000002],[-121.60319400000007,36.072183000000003],[-121.60308900000007,36.072179000000006],[-121.60298300000008,36.072172999999992],[-121.60293100000008,36.072169000000002],[-121.60287900000007,36.072164999999998],[-121.60282800000007,36.072158999999999],[-121.60277800000009,36.072150999999998],[-121.60272900000007,36.072141000000002],[-121.60268100000009,36.072127000000009],[-121.60263300000007,36.072108999999998],[-121.60258700000007,36.072086999999996],[-121.60254200000007,36.072062000000003],[-121.60249800000007,36.072035999999997],[-121.60245400000008,36.07200799999999],[-121.60232200000009,36.071925],[-121.60227700000009,36.071897999999997],[-121.60223100000009,36.071871999999999],[-121.60218300000007,36.071849000000007],[-121.60213400000008,36.071828000000004],[-121.60208300000006,36.071809999999992],[-121.60203100000008,36.071793999999997],[-121.60197900000009,36.071779000000006],[-121.60192600000008,36.071765000000013],[-121.60187400000007,36.071751999999996],[-121.60182300000008,36.071741999999993],[-121.60177300000008,36.071732999999995],[-121.60172500000007,36.071727999999993],[-121.60168100000007,36.071725999999991],[-121.60164100000007,36.071730000000009],[-121.60160800000007,36.071741999999993],[-121.60158300000009,36.071762],[-121.60156500000008,36.07179],[-121.60155200000007,36.071823000000009],[-121.60154200000008,36.071859999999994],[-121.60153400000007,36.071899999999985],[-121.60152800000007,36.071942],[-121.60152400000007,36.071984999999998],[-121.60151600000009,36.072073000000003],[-121.60147300000007,36.072697000000005],[-121.60146600000009,36.072785999999994],[-121.60145800000008,36.072872999999994],[-121.60145200000008,36.072914999999988],[-121.60144500000008,36.072956999999995],[-121.60143500000007,36.072997000000001],[-121.60142200000007,36.073034999999997],[-121.60140500000007,36.073070000000001],[-121.60138100000009,36.073100999999994],[-121.60137700000007,36.073104000000001],[-121.60134600000008,36.073127999999997],[-121.60130900000007,36.07314800000001],[-121.60126700000009,36.073165000000003],[-121.60122200000009,36.073180000000001],[-121.60117500000008,36.073192999999996],[-121.60112600000006,36.073204999999994],[-121.60107600000008,36.073217000000007],[-121.60097400000008,36.073238000000003],[-121.60076900000008,36.073277999999995],[-121.60069000000007,36.073294999999995],[-121.60063900000007,36.073307],[-121.60058900000008,36.073320000000002],[-121.60054300000007,36.073335],[-121.60050200000009,36.073354000000009],[-121.60046600000008,36.073376999999994],[-121.60044000000008,36.073402999999999],[-121.60041900000007,36.073431999999983],[-121.60040100000008,36.073464000000001],[-121.60038500000009,36.073498000000008],[-121.60033900000009,36.073605999999998],[-121.60032100000006,36.073641000000002],[-121.60029900000008,36.073677000000004],[-121.60027500000007,36.073712999999998],[-121.60024800000008,36.07374699999999],[-121.60022000000008,36.07378099999999],[-121.60019100000007,36.073815000000003],[-121.60016000000009,36.073846999999994],[-121.60012900000007,36.073880000000003],[-121.60009600000006,36.073911999999993],[-121.60006200000007,36.073943],[-121.60002800000008,36.073973000000002],[-121.59999100000009,36.074002000000007],[-121.59995000000008,36.074030999999991],[-121.59990800000008,36.074058999999998],[-121.59986400000007,36.074087000000006],[-121.59982000000007,36.074113000000004],[-121.59959600000008,36.074241000000008],[-121.59955200000007,36.074265999999994],[-121.59951000000007,36.074292],[-121.59947000000008,36.074317999999998],[-121.59944600000007,36.074336000000002],[-121.59942300000007,36.074354000000007],[-121.59939400000009,36.07438299999999],[-121.59936800000006,36.074414999999995],[-121.59934600000008,36.074448999999994],[-121.59932500000006,36.074483999999998],[-121.59930600000007,36.074520999999997],[-121.59927100000009,36.074595999999993],[-121.59925400000007,36.074634999999994],[-121.59922300000008,36.074711999999991],[-121.59919500000007,36.07479],[-121.59915500000008,36.074908000000001],[-121.59898800000009,36.07541299999999],[-121.59895900000008,36.07549800000001],[-121.59892600000008,36.075582999999995],[-121.59890900000008,36.075625000000002],[-121.59888900000007,36.075665999999998],[-121.59887200000009,36.075696000000008],[-121.59885100000008,36.07573],[-121.59882800000007,36.07576199999999],[-121.59880300000009,36.075794000000002],[-121.59877700000007,36.075823999999997],[-121.59875300000007,36.07584700000001],[-121.59871800000009,36.075878000000003],[-121.59868100000007,36.075905000000006],[-121.59864200000007,36.075929000000002],[-121.59860100000009,36.075947999999997],[-121.59855900000007,36.075961],[-121.59853700000006,36.075964999999982],[-121.59849800000008,36.075966000000001],[-121.59846000000009,36.075961],[-121.59842100000009,36.075952000000008],[-121.59838300000008,36.075939999999996],[-121.59833900000007,36.075921000000001],[-121.59831100000008,36.075905000000013],[-121.59828500000008,36.075887999999992],[-121.59826100000006,36.075868999999983],[-121.59823000000007,36.075837000000007],[-121.59820400000007,36.075800999999998],[-121.59818000000007,36.075763000000002],[-121.59815900000007,36.075723000000004],[-121.59814000000007,36.075682000000008],[-121.59810400000008,36.075597999999999],[-121.59800400000009,36.075341999999992],[-121.59796900000008,36.075257000000008],[-121.59793200000009,36.075173999999983],[-121.59791100000008,36.075132999999994],[-121.59788900000007,36.075092999999995],[-121.59786600000008,36.075054999999999],[-121.59784100000007,36.075017000000003],[-121.59778800000008,36.074941999999993],[-121.59773200000008,36.074868999999993],[-121.59756200000007,36.074650000000013],[-121.59750700000006,36.074576999999991],[-121.59748100000009,36.074539000000009],[-121.59745700000009,36.074502000000003],[-121.59743500000008,36.074463999999999],[-121.59741500000007,36.074425000000005],[-121.59739800000008,36.07438299999999],[-121.59738500000009,36.074341000000004],[-121.59737300000009,36.074297999999992],[-121.59736300000007,36.07425400000001],[-121.59734600000009,36.074166999999996],[-121.59731600000009,36.073990000000002],[-121.59723700000008,36.073501999999998],[-121.59721600000007,36.073368999999992],[-121.59719900000009,36.073235999999994],[-121.59719100000008,36.073148000000003],[-121.59718900000007,36.073104000000001],[-121.59718900000007,36.073061000000003],[-121.59719600000007,36.072944],[-121.59719700000008,36.072907000000001],[-121.59719500000007,36.072870999999999],[-121.59718800000007,36.072837999999997],[-121.59717400000007,36.072806],[-121.59715100000007,36.072777999999992],[-121.59712200000008,36.072751999999994],[-121.59708800000008,36.072727999999998],[-121.59697400000009,36.072656999999992],[-121.59693700000007,36.072630999999994],[-121.59690400000007,36.072601999999996],[-121.59687600000008,36.072572000000001],[-121.59685200000007,36.072538999999999],[-121.59683100000008,36.072504000000002],[-121.59681300000005,36.072466999999996],[-121.59679800000008,36.072429999999997],[-121.59678500000008,36.072392999999991],[-121.59677600000009,36.072355999999992],[-121.59677000000009,36.072319999999998],[-121.59676800000005,36.072285000000001],[-121.59677300000008,36.072251999999992],[-121.59678600000008,36.072221999999996],[-121.59680800000007,36.072194000000003],[-121.59683800000009,36.072169000000002],[-121.59687300000007,36.072144999999999],[-121.59691300000007,36.072124000000009],[-121.59695500000007,36.072102999999991],[-121.59708600000008,36.072041999999996],[-121.59712700000009,36.07202199999999],[-121.59716500000007,36.071999999999996],[-121.59719900000009,36.071976999999997],[-121.59721800000008,36.07195999999999],[-121.59723400000007,36.071941000000002],[-121.59725000000009,36.071908999999991],[-121.59725700000008,36.071872999999997],[-121.59725800000007,36.071835000000007],[-121.59725400000008,36.071794999999987],[-121.59724800000008,36.071753999999999],[-121.59723900000007,36.071711999999998],[-121.59722800000007,36.071669],[-121.59720500000009,36.071582000000006],[-121.59709100000009,36.071187999999999],[-121.59706500000007,36.071100999999992],[-121.59705100000006,36.071058000000001],[-121.59703500000008,36.07101500000001],[-121.59700200000007,36.070929999999997],[-121.59696600000008,36.070844999999991],[-121.59692900000009,36.07076099999999],[-121.59662700000007,36.07009],[-121.59643900000009,36.069670000000009],[-121.59619700000007,36.069119000000001],[-121.59615800000006,36.069036999999994],[-121.59613800000007,36.06899700000001],[-121.59611600000008,36.068958999999985],[-121.59609300000007,36.068924000000003],[-121.59606700000009,36.06889300000001],[-121.59603700000007,36.068866999999997],[-121.59600300000007,36.068847000000005],[-121.59596700000007,36.068836999999995],[-121.59592600000009,36.068833000000005],[-121.59588200000007,36.068832999999998],[-121.59583600000009,36.068837000000002],[-121.59578900000008,36.068841999999989],[-121.59569300000008,36.068853999999995],[-121.59564600000007,36.068860000000001],[-121.59559900000009,36.068862999999993],[-121.59555400000009,36.068864000000005],[-121.59551100000007,36.068860999999998],[-121.59547100000007,36.068851999999993],[-121.59543200000007,36.068834000000003],[-121.59539700000009,36.068809999999992],[-121.59536500000009,36.068781000000008],[-121.59533500000009,36.068747999999999],[-121.59530600000008,36.068713000000002],[-121.59527800000008,36.068675999999989],[-121.59525100000009,36.068638],[-121.59519700000008,36.068559999999998],[-121.59496000000009,36.068202999999997],[-121.59459000000008,36.067650999999984],[-121.59430100000007,36.067214999999997],[-121.59424600000007,36.06713700000001],[-121.59421800000008,36.067099999999996],[-121.59418800000009,36.067063999999995],[-121.59415700000007,36.067030000000003],[-121.59412300000007,36.067000000000007],[-121.59408600000009,36.06697299999999],[-121.59406000000007,36.066957999999993],[-121.59403200000008,36.066946000000009],[-121.59400900000007,36.066938999999998],[-121.59396300000009,36.06692799999999],[-121.59391500000008,36.066921999999998],[-121.59386600000009,36.066917999999994],[-121.59381500000009,36.066916999999989],[-121.59376300000007,36.066918000000001],[-121.59355400000007,36.066922999999996],[-121.59350200000007,36.066922999999989],[-121.59345200000008,36.066921999999991],[-121.59340300000007,36.066916999999989],[-121.59335600000009,36.06691],[-121.59331200000008,36.066896999999997],[-121.59327000000008,36.066879],[-121.59323100000007,36.066854999999997],[-121.59319400000008,36.066828000000001],[-121.59315900000007,36.066797999999999],[-121.59312500000009,36.066766000000001],[-121.59309100000007,36.066732999999992],[-121.59302600000008,36.066665],[-121.59267100000007,36.066278000000004],[-121.59221900000009,36.06579],[-121.59209200000006,36.065649999999991],[-121.59203100000008,36.06557999999999],[-121.59200100000007,36.065544000000003],[-121.59186800000008,36.065372999999994],[-121.59175500000009,36.065225999999988],[-121.59167300000007,36.065113999999994],[-121.59152200000008,36.064892999999991],[-121.59149600000008,36.064857000000003],[-121.59146900000007,36.064821999999992],[-121.59144000000009,36.064788000000007],[-121.59141000000007,36.06475600000001],[-121.59137700000007,36.064725000000003],[-121.59134400000009,36.064698],[-121.59130800000007,36.064672000000002],[-121.59123600000007,36.064622000000007],[-121.59120200000007,36.064597000000006],[-121.59117000000009,36.064569999999996],[-121.59114200000008,36.064540999999991],[-121.59112000000007,36.064512000000008],[-121.59110200000008,36.064480999999994],[-121.59108700000007,36.06444900000001],[-121.59107200000008,36.064407999999993],[-121.59105900000009,36.064366999999997],[-121.59104800000006,36.064323999999999],[-121.59103800000008,36.064280999999994],[-121.59102000000009,36.064194000000001],[-121.59097900000008,36.06397299999999],[-121.59095300000007,36.063840999999989],[-121.59093400000008,36.063752999999991],[-121.59090600000009,36.063636000000002],[-121.59089000000007,36.063563000000009],[-121.59088400000007,36.063526000000003],[-121.59085800000008,36.063336],[-121.59084800000007,36.06325799999999],[-121.59084500000007,36.063218999999997],[-121.59084200000007,36.063179000000005],[-121.59084100000008,36.063138999999993],[-121.59084100000008,36.063057999999991],[-121.59084300000009,36.063017999999992],[-121.59084500000007,36.062979000000013],[-121.59084900000009,36.062939000000014],[-121.59085400000006,36.062899000000002],[-121.59086100000009,36.062859999999993],[-121.59087000000007,36.062821],[-121.59087700000008,36.062801],[-121.59089000000007,36.062761999999992],[-121.59090600000009,36.062722999999991],[-121.59094000000007,36.062646000000001],[-121.59107000000007,36.062376000000008],[-121.59110800000008,36.062292999999997],[-121.59114400000009,36.062207999999998],[-121.59117900000007,36.062123000000007],[-121.59121200000007,36.062038000000001],[-121.59122700000009,36.061995999999994],[-121.59124000000008,36.061953000000003],[-121.59125100000009,36.061909000000007],[-121.59125900000006,36.061865999999995],[-121.59126500000008,36.06182299999999],[-121.59127400000007,36.061735000000006],[-121.59128100000007,36.061602999999998],[-121.59128300000008,36.061515],[-121.59128500000008,36.061427000000002],[-121.59128500000008,36.061338999999997],[-121.59128100000007,36.061251000000006],[-121.59127400000007,36.061162999999993],[-121.59126000000009,36.061031],[-121.59121100000007,36.060591999999993],[-121.59118900000009,36.060415999999996],[-121.59117000000009,36.060284999999993],[-121.59115500000009,36.060199000000004],[-121.59113700000009,36.060112999999994],[-121.59110000000007,36.059941999999999],[-121.59101500000008,36.059556000000001],[-121.59097500000009,36.059384999999999],[-121.59093300000009,36.059215999999999],[-121.59085600000007,36.05892200000001],[-121.59082100000008,36.058796000000001],[-121.59079700000007,36.058712999999997],[-121.59077100000009,36.058629999999994],[-121.59075700000008,36.058588],[-121.59074100000007,36.058548000000009],[-121.59072500000009,36.058508000000003],[-121.59069100000008,36.05842899999999],[-121.59060300000009,36.058230999999985],[-121.59055200000009,36.058110999999997],[-121.59052000000007,36.058031999999997],[-121.59046100000009,36.057873999999991],[-121.59043000000007,36.057796000000003],[-121.59041300000007,36.057758000000007],[-121.59039400000007,36.057720000000003],[-121.59037300000007,36.057683000000004],[-121.59035000000007,36.057647999999993],[-121.59032200000007,36.057613000000011],[-121.59029100000008,36.057579999999994],[-121.59025900000007,36.05754799999999],[-121.59022400000009,36.05751699999999],[-121.59015300000009,36.057455999999995],[-121.58997700000008,36.057310999999999],[-121.58994700000007,36.057283999999996],[-121.58991800000007,36.057253000000003],[-121.58989300000007,36.057220000000001],[-121.58987000000009,36.057184000000014],[-121.58984800000007,36.057146999999993],[-121.58982800000007,36.057107999999992],[-121.58976800000009,36.056991999999994],[-121.58974700000009,36.056952999999993],[-121.58972500000007,36.056916000000001],[-121.58970200000009,36.05688099999999],[-121.58967700000007,36.056848999999993],[-121.58964900000008,36.056820000000009],[-121.58961700000008,36.056798000000008],[-121.58958200000006,36.05678300000001],[-121.58954400000007,36.056773],[-121.58950400000009,36.056769000000003],[-121.58946300000008,36.056769000000003],[-121.58942300000008,36.056775000000002],[-121.58938400000008,36.056786000000002],[-121.58934400000007,36.056806000000002],[-121.58930600000008,36.056831000000003],[-121.58926900000007,36.056859999999993],[-121.58923500000007,36.056892999999995],[-121.58920000000009,36.056927000000002],[-121.58910000000007,36.057031000000002],[-121.58906600000009,36.057063999999997],[-121.58903200000009,36.057093999999999],[-121.58899600000007,36.057121000000002],[-121.58895800000008,36.057142999999996],[-121.58891800000009,36.057157999999987],[-121.58887600000007,36.057164],[-121.58883200000008,36.057164000000007],[-121.58878500000007,36.057158999999999],[-121.58873800000009,36.05715],[-121.58868900000007,36.057138000000002],[-121.58864000000008,36.057124999999992],[-121.58854000000007,36.05709499999999],[-121.58844000000008,36.057062000000002],[-121.58803700000007,36.056929999999994],[-121.58793600000007,36.05689799999999],[-121.58783500000008,36.056867999999994],[-121.58778500000007,36.056852999999997],[-121.58773400000007,36.056839999999994],[-121.58768200000009,36.056827999999996],[-121.58763100000009,36.056817999999993],[-121.58757700000008,36.056809999999992],[-121.58752400000007,36.056802999999988],[-121.58747000000007,36.056798000000001],[-121.58741600000008,36.056793999999996],[-121.58730700000008,36.056786999999993],[-121.58719700000007,36.056782000000005],[-121.58703300000009,36.056775999999992],[-121.58686900000008,36.056769999999993],[-121.58675900000007,36.056767000000008],[-121.58670500000007,36.056767000000001],[-121.58659600000007,36.056767999999998],[-121.58654200000007,36.056769000000003],[-121.58643400000007,36.056773999999997],[-121.58621800000007,36.056785999999995],[-121.58573200000006,36.056815999999998],[-121.58562500000008,36.056820999999999],[-121.58557400000008,36.056822000000004],[-121.58552300000008,36.056820999999992],[-121.58547400000009,36.056818999999997],[-121.58542800000008,36.056812999999998],[-121.58538600000007,36.056802999999988],[-121.58535500000008,36.056791000000004],[-121.58534000000009,36.056782999999996],[-121.58531000000008,36.056759999999997],[-121.58528300000006,36.056731999999997],[-121.58525900000008,36.056699999999992],[-121.58523700000009,36.056665999999993],[-121.58521700000009,36.056629999999984],[-121.58519700000006,36.056592000000002],[-121.58516000000009,36.056514999999997],[-121.58497800000008,36.056118999999995],[-121.58492300000007,36.056000999999995],[-121.58486700000007,36.055883999999992],[-121.58480900000008,36.055766999999996],[-121.58475000000007,36.055651999999995],[-121.58471000000007,36.055574999999997],[-121.58463100000009,36.055427000000009],[-121.58461300000009,36.055390999999993],[-121.58459900000008,36.055355000000013],[-121.58459000000008,36.055318],[-121.58458800000007,36.055278999999992],[-121.58459200000009,36.055239000000007],[-121.58460000000007,36.055198999999995],[-121.58461200000009,36.055157999999992],[-121.58462600000007,36.05511700000001],[-121.58464200000007,36.055075999999993],[-121.58466000000007,36.055035000000004],[-121.58469600000006,36.054952999999998],[-121.58473500000007,36.054872000000003],[-121.58475600000007,36.054834],[-121.58477800000009,36.054797000000001],[-121.58480200000007,36.05476199999999],[-121.58482800000007,36.054732000000001],[-121.58485700000008,36.054705999999996],[-121.58489100000007,36.054686000000011],[-121.58493100000007,36.054674999999996],[-121.58497500000007,36.054670999999999],[-121.58502200000008,36.054671000000006],[-121.58507200000007,36.054675999999994],[-121.58512400000008,36.054682],[-121.58517700000009,36.054690999999998],[-121.58528500000007,36.054710999999998],[-121.58550300000007,36.054756999999995],[-121.58561200000007,36.054778999999996],[-121.58566500000008,36.054788000000009],[-121.58571800000009,36.054796999999986],[-121.58576900000008,36.054803999999997],[-121.58581900000007,36.054808000000008],[-121.58586700000006,36.054808000000008],[-121.58591100000008,36.05480399999999],[-121.58595000000008,36.054792999999989],[-121.58598400000007,36.054773000000004],[-121.58601300000008,36.054746000000002],[-121.58603900000008,36.054714999999987],[-121.58606300000007,36.054679999999998],[-121.58608500000008,36.054642000000001],[-121.58610500000009,36.054602999999993],[-121.58612500000007,36.054561999999997],[-121.58622200000009,36.054353999999989],[-121.58624200000007,36.054312000000003],[-121.58626300000007,36.05427199999999],[-121.58628500000009,36.054232999999996],[-121.58630900000009,36.054195],[-121.58633500000008,36.054159999999996],[-121.58636500000007,36.054127999999999],[-121.58639900000009,36.054101000000003],[-121.58643800000009,36.054079000000002],[-121.58648000000007,36.054061000000004],[-121.58652600000008,36.05404699999999],[-121.58657400000008,36.054034000000001],[-121.58662300000007,36.054023000000001],[-121.58677200000008,36.053991000000003],[-121.58682100000007,36.053978999999984],[-121.58686800000008,36.053967000000007],[-121.58691200000007,36.053951999999988],[-121.58695200000008,36.053933999999998],[-121.58698700000006,36.053910999999992],[-121.58701700000007,36.053883999999982],[-121.58704100000007,36.053851999999992],[-121.58706100000008,36.053815999999998],[-121.58707800000009,36.053779000000006],[-121.58709300000008,36.053739999999998],[-121.58710600000008,36.053699000000002],[-121.58711900000007,36.053657999999999],[-121.58715300000009,36.05353199999999],[-121.58726400000009,36.053108999999992],[-121.58729400000009,36.052982000000007],[-121.58731200000008,36.052897000000002],[-121.58732500000008,36.052813000000008],[-121.58733900000009,36.052688000000011],[-121.58735900000008,36.052476999999989],[-121.58737100000008,36.052309000000001],[-121.58737400000007,36.052223999999995],[-121.58737500000007,36.05218],[-121.58737500000007,36.052092999999999],[-121.58737100000008,36.051874000000005],[-121.58737200000009,36.051786999999997],[-121.58737400000007,36.05174499999999],[-121.58737800000009,36.051701999999999],[-121.58738500000008,36.051660999999996],[-121.58739600000008,36.05162099999999],[-121.58741100000009,36.051581999999996],[-121.58743200000009,36.051546999999999],[-121.58745800000007,36.051513999999997],[-121.58748800000006,36.051481999999993],[-121.58752000000008,36.051449999999988],[-121.58755300000009,36.051418999999996],[-121.58758900000008,36.051389],[-121.58766100000008,36.051327999999991],[-121.58773600000008,36.051268999999991],[-121.58781200000007,36.051210999999995],[-121.58785100000007,36.051182999999995],[-121.58789000000007,36.051155000000001],[-121.58793000000007,36.051128999999989],[-121.58796500000007,36.051106999999995],[-121.58800100000008,36.051086999999995],[-121.58803800000007,36.051067999999994],[-121.58808500000008,36.051048999999999],[-121.58813300000007,36.05103299999999],[-121.58818300000009,36.051017999999992],[-121.58823300000007,36.051003999999992],[-121.58828400000007,36.050990999999996],[-121.58854400000008,36.050932999999986],[-121.58864800000009,36.050909000000004],[-121.58869900000009,36.050894999999997],[-121.58875000000009,36.050880999999997],[-121.58879900000008,36.050864000000004],[-121.58884900000007,36.050846],[-121.58889800000009,36.050825000000003],[-121.58894600000008,36.050803000000009],[-121.58899400000008,36.050781000000001],[-121.58908700000008,36.050732999999987],[-121.58913200000008,36.050708999999998],[-121.58917700000008,36.050682999999999],[-121.58921900000009,36.050657000000001],[-121.58925900000007,36.050629999999998],[-121.58929600000009,36.050601999999998],[-121.58932800000008,36.050571000000005],[-121.58935400000009,36.050537999999996],[-121.58937300000008,36.050502000000009],[-121.58938500000008,36.050463000000001],[-121.58939200000007,36.050423000000002],[-121.58939600000006,36.050381000000002],[-121.58939800000007,36.050338000000011],[-121.58939800000007,36.050251000000003],[-121.58939200000007,36.050117999999998],[-121.58938600000009,36.050029999999992],[-121.58938100000009,36.049985999999997],[-121.58937600000007,36.049942999999992],[-121.58936900000009,36.049899999999994],[-121.58935900000007,36.049857999999993],[-121.58934600000008,36.049816999999997],[-121.58932900000009,36.049778000000003],[-121.58930600000008,36.049742999999985],[-121.58927900000009,36.049708999999993],[-121.58924800000007,36.049675999999991],[-121.58921500000007,36.049644000000001],[-121.58918000000008,36.049613000000008],[-121.58914400000009,36.049582999999991],[-121.58910700000007,36.049552999999996],[-121.58906900000008,36.049523000000008],[-121.58903000000008,36.049494000000003],[-121.58899000000007,36.049466000000002],[-121.58894900000008,36.049438999999992],[-121.58890500000007,36.04941199999999],[-121.58881600000007,36.049360999999983],[-121.58858900000008,36.049236999999998],[-121.58854400000008,36.049211],[-121.58850100000006,36.049185000000001],[-121.58845800000007,36.049156999999994],[-121.58841900000007,36.049129999999991],[-121.58838100000008,36.049100999999993],[-121.58834300000008,36.049070999999998],[-121.58830700000007,36.049040999999988],[-121.58823500000008,36.048979000000003],[-121.58816400000009,36.048915999999998],[-121.58809300000009,36.048853000000001],[-121.58799000000009,36.048755999999997],[-121.58778600000007,36.048561000000014],[-121.58771700000007,36.048496999999998],[-121.58764600000008,36.048434],[-121.58760900000009,36.048403999999991],[-121.58757100000008,36.048375],[-121.58753000000007,36.048346000000002],[-121.58748700000008,36.048318999999999],[-121.58744300000006,36.048292999999994],[-121.58739800000006,36.048268],[-121.58735300000006,36.048243000000006],[-121.58730700000008,36.048219999999993],[-121.58726100000008,36.048197999999999],[-121.58721400000007,36.048177999999993],[-121.58716600000008,36.048160999999993],[-121.58711800000007,36.048147],[-121.58706900000008,36.048138000000002],[-121.58702200000008,36.04813399999999],[-121.58697300000009,36.048134999999988],[-121.58692400000007,36.048139000000006],[-121.58687500000008,36.048145999999996],[-121.58682600000009,36.048153999999997],[-121.58677600000007,36.048164],[-121.58672600000007,36.048175000000001],[-121.58667700000005,36.048186999999992],[-121.58662700000006,36.048199999999994],[-121.58657800000007,36.048213999999994],[-121.58653000000007,36.048228999999999],[-121.58648100000008,36.048246999999996],[-121.58643200000009,36.048266000000005],[-121.58638400000007,36.048286999999995],[-121.58633700000009,36.048308000000006],[-121.58629000000008,36.04833],[-121.58624400000008,36.048351999999987],[-121.58620000000008,36.04837599999999],[-121.58615700000009,36.048399999999994],[-121.58611600000008,36.048425000000002],[-121.58607900000008,36.048451999999997],[-121.58604600000008,36.048481000000002],[-121.58601900000008,36.048513],[-121.58599900000007,36.048549000000001],[-121.58598500000006,36.048588000000002],[-121.58597500000008,36.048628999999998],[-121.58596800000008,36.048671000000006],[-121.58596400000009,36.048715000000001],[-121.58596100000008,36.048758999999997],[-121.58595400000007,36.048888999999996],[-121.58595000000008,36.048931000000003],[-121.58594500000007,36.04896999999999],[-121.58593800000008,36.049006000000006],[-121.58592600000007,36.049036999999991],[-121.58591000000008,36.049061999999992],[-121.58589900000008,36.04907200000001],[-121.58588500000008,36.049078999999999],[-121.58585600000009,36.049084000000008],[-121.58582100000008,36.049078999999999],[-121.58578300000009,36.049067999999991],[-121.58574200000008,36.049052999999994],[-121.58569900000009,36.049034999999996],[-121.58551800000008,36.048949999999991],[-121.58547100000007,36.048929000000008],[-121.58542400000009,36.048910999999997],[-121.58537600000008,36.048895000000002],[-121.58532800000009,36.048883000000004],[-121.58527900000007,36.048876],[-121.58523000000007,36.048875000000002],[-121.58517900000007,36.048879000000007],[-121.58512900000007,36.048886000000003],[-121.58507800000007,36.048895999999999],[-121.58497800000008,36.048916000000006],[-121.58492900000007,36.04892499999999],[-121.58488200000006,36.048929999999991],[-121.58483600000008,36.048931000000003],[-121.58479200000006,36.048925999999994],[-121.58475300000008,36.048912999999992],[-121.58471700000007,36.048893],[-121.58468200000009,36.048868999999996],[-121.58464800000007,36.048842],[-121.58461600000008,36.048811000000001],[-121.58458400000008,36.048780000000008],[-121.58455400000008,36.048746999999999],[-121.58452400000007,36.048712999999999],[-121.58449500000008,36.04867800000001],[-121.58446800000007,36.048642999999991],[-121.58444200000008,36.048607999999994],[-121.58442000000007,36.048572],[-121.58440100000007,36.048536999999996],[-121.58438700000009,36.048500999999995],[-121.58438100000006,36.048464000000003],[-121.58438100000006,36.048442999999992],[-121.58438300000007,36.048421999999995],[-121.58439300000009,36.048384999999989],[-121.58440700000007,36.048347],[-121.58442400000008,36.048309999999994],[-121.58444400000009,36.04827199999999],[-121.58446500000007,36.048234000000001],[-121.58455500000007,36.048082999999991],[-121.58457600000007,36.04804399999999],[-121.58459700000007,36.048005000000003],[-121.58461500000007,36.04796600000001],[-121.58463100000009,36.047926999999994],[-121.58464500000007,36.047885000000001],[-121.58465600000008,36.047842000000003],[-121.58466400000009,36.047798],[-121.58467200000007,36.047755000000002],[-121.58468400000007,36.047666999999983],[-121.58469300000007,36.047578999999999],[-121.58470500000007,36.047446000000001],[-121.58471100000007,36.047359000000007],[-121.58471500000009,36.047272],[-121.58471800000007,36.047142999999991],[-121.58471900000008,36.047056999999995],[-121.58471800000007,36.04701399999999],[-121.58471700000007,36.046970999999999],[-121.58471300000008,36.046928000000001],[-121.58470900000009,36.046885999999994],[-121.58469600000006,36.046802999999997],[-121.58468000000008,36.046720000000001],[-121.58466100000008,36.046638000000009],[-121.58463900000007,36.046556000000017],[-121.58462600000007,36.046515999999997],[-121.58461100000008,36.046475999999991],[-121.58459400000007,36.046437000000005],[-121.58457400000009,36.046398000000003],[-121.58455100000008,36.046358999999995],[-121.58452600000008,36.046320999999999],[-121.58449900000008,36.046283999999993],[-121.58447100000006,36.046248000000006],[-121.58444200000008,36.046212999999987],[-121.58441200000009,36.046177999999991],[-121.58438000000005,36.046146],[-121.58434600000008,36.046116000000005],[-121.58431000000009,36.046089000000002],[-121.58427000000009,36.046066999999994],[-121.58422600000009,36.046048999999996],[-121.58417700000007,36.046034999999989],[-121.58412700000008,36.046025],[-121.58407400000007,36.046017999999989],[-121.58402100000009,36.04601199999999],[-121.58396600000007,36.046008],[-121.58391100000009,36.046004000000011],[-121.58380000000008,36.046000000000006],[-121.58374500000006,36.045998999999995],[-121.58368900000008,36.045998999999995],[-121.58363400000009,36.046000999999997],[-121.58358200000008,36.046004000000003],[-121.58347800000008,36.046014],[-121.58322000000008,36.046044999999992],[-121.58311700000007,36.046056],[-121.58306500000008,36.046060000000004],[-121.58301100000007,36.04606299999999],[-121.58295700000008,36.046064999999992],[-121.58284800000008,36.046066999999994],[-121.58274000000009,36.046065999999996],[-121.58263100000009,36.046064000000008],[-121.58257600000007,36.046061999999999],[-121.58252200000007,36.046059],[-121.58246700000008,36.046054999999996],[-121.58241300000007,36.046048999999996],[-121.58235900000008,36.046042],[-121.58230500000008,36.046033999999999],[-121.58225200000007,36.046023999999989],[-121.58220000000007,36.046012999999995],[-121.58214900000007,36.045999999999999],[-121.58210100000008,36.045983999999983],[-121.58205500000008,36.045963999999991],[-121.58201400000007,36.045940999999999],[-121.58197600000007,36.045914000000003],[-121.58194200000007,36.04588600000001],[-121.58191000000006,36.04585500000001],[-121.58188200000008,36.045822999999999],[-121.58185700000008,36.045790999999994],[-121.58183800000009,36.045757999999999],[-121.58182600000009,36.04572499999999],[-121.58182400000008,36.045692999999993],[-121.58182800000007,36.045672000000003],[-121.58183700000008,36.04565199999999],[-121.58185700000008,36.04562099999999],[-121.58188400000009,36.045591999999992],[-121.58191600000009,36.045562999999994],[-121.58195100000007,36.045534999999994],[-121.58198900000006,36.045507000000001],[-121.58206900000008,36.04545199999999],[-121.58215200000008,36.045399000000003],[-121.58223800000009,36.045346999999992],[-121.58228100000008,36.045322999999996],[-121.58232600000008,36.045299],[-121.58237300000009,36.045275999999994],[-121.58242100000007,36.04525499999999],[-121.58246900000009,36.045234000000001],[-121.58256700000007,36.045193999999995],[-121.58271400000007,36.045135999999999],[-121.58286200000009,36.045079999999999],[-121.58296100000007,36.045043],[-121.58306100000009,36.04500800000001],[-121.58311100000007,36.044990999999996],[-121.58316200000007,36.044976000000005],[-121.58321200000007,36.044962000000005],[-121.58331100000008,36.04493699999999],[-121.58351100000009,36.044889999999995],[-121.58361000000006,36.04486399999999],[-121.58365900000008,36.044850000000004],[-121.58370600000009,36.044834000000002],[-121.58375200000008,36.044816000000004],[-121.58379700000008,36.044795999999991],[-121.58384100000009,36.044772999999992],[-121.58388300000009,36.044747999999998],[-121.58392400000007,36.044722],[-121.58396500000008,36.044695000000004],[-121.58400400000008,36.044667000000004],[-121.58404200000007,36.044638999999997],[-121.58407900000009,36.044608999999994],[-121.58411300000007,36.044578999999992],[-121.58414500000008,36.044547999999999],[-121.58417400000009,36.044514999999997],[-121.58419700000007,36.044480999999998],[-121.58421500000007,36.044443999999991],[-121.58422700000007,36.044404],[-121.58423600000008,36.044364000000002],[-121.58424200000007,36.044322999999999],[-121.58424600000006,36.044281000000005],[-121.58424700000009,36.044238],[-121.58424700000009,36.044195999999999],[-121.58424600000006,36.044153000000001],[-121.58424200000007,36.044110999999987],[-121.58423600000008,36.044069],[-121.58422600000009,36.044027000000007],[-121.58421300000009,36.043987000000001],[-121.58419700000007,36.043947000000003],[-121.58417900000008,36.043906999999997],[-121.58413800000007,36.043829000000002],[-121.58400600000009,36.043596000000001],[-121.58396400000007,36.043517999999992],[-121.58392400000007,36.043439999999997],[-121.58381100000007,36.043205],[-121.58377100000007,36.043126999999998],[-121.58374900000008,36.043089000000002],[-121.58372700000007,36.043052000000003],[-121.58370200000007,36.043014999999997],[-121.58367600000007,36.04298099999999],[-121.58364800000007,36.042948000000003],[-121.58361900000008,36.042914999999994],[-121.58355800000007,36.042849999999994],[-121.58340000000008,36.042690999999998],[-121.58333700000009,36.042625999999991],[-121.58324300000007,36.042523999999993],[-121.58302900000007,36.042282999999991],[-121.58293700000007,36.042180000000009],[-121.58287400000009,36.042111999999989],[-121.58278000000007,36.04201599999999],[-121.58271600000008,36.041952999999985],[-121.58261900000007,36.041858999999995],[-121.58255300000009,36.041797000000003],[-121.58248500000008,36.041733999999998],[-121.58234200000007,36.041606000000002],[-121.58202000000007,36.041321000000003],[-121.58191400000008,36.041225000000004],[-121.58184500000009,36.041158999999986],[-121.58181200000008,36.041127000000003],[-121.58174700000008,36.041060000000002],[-121.58165100000005,36.040959000000001],[-121.58152600000007,36.040824000000001],[-121.58143200000008,36.040722000000002],[-121.58133900000007,36.04061699999999],[-121.58121300000008,36.040470999999989],[-121.58112200000008,36.040360999999997],[-121.58106200000007,36.040286999999999],[-121.58103400000009,36.040249000000003],[-121.58100600000007,36.040210999999999],[-121.58098000000008,36.040172999999996],[-121.58095700000008,36.040135000000014],[-121.58093600000008,36.040096999999996],[-121.58089600000008,36.040019000000001],[-121.58085900000007,36.039940000000001],[-121.58080500000007,36.039819999999985],[-121.58077100000007,36.039740000000002],[-121.58074000000009,36.039659999999998],[-121.58072600000007,36.039619000000002],[-121.58070200000007,36.039537999999993],[-121.58068100000007,36.039457000000006],[-121.58063200000008,36.039251999999991],[-121.58061100000009,36.039169999999991],[-121.58058900000009,36.039088999999997],[-121.58056400000007,36.039009],[-121.58051000000007,36.038849000000006],[-121.58046700000008,36.038731000000006],[-121.58045100000007,36.038691],[-121.58041800000007,36.038610999999989],[-121.58036600000007,36.038492000000005],[-121.58029400000007,36.038333000000009],[-121.58023800000007,36.038214000000004],[-121.58019900000006,36.038135999999994],[-121.58015700000009,36.038057999999992],[-121.58006900000007,36.037903],[-121.57980100000007,36.037440999999994],[-121.57971000000009,36.037286999999999],[-121.57966400000007,36.037210999999999],[-121.57961500000008,36.037134999999992],[-121.57958900000007,36.037097000000003],[-121.57950600000008,36.036981999999995],[-121.57942100000007,36.036868999999996],[-121.57933400000009,36.036755999999997],[-121.57927500000008,36.036681999999999],[-121.57921500000008,36.036608000000001],[-121.57915300000008,36.036535000000008],[-121.57908800000007,36.036463000000005],[-121.57885300000007,36.036214999999991],[-121.57872700000007,36.036076999999992],[-121.57854400000006,36.035869999999996],[-121.57848400000007,36.035800999999992],[-121.57842600000008,36.035730000000008],[-121.57839900000008,36.03569499999999],[-121.57837200000007,36.035658999999988],[-121.57834700000008,36.035621999999996],[-121.57832400000008,36.035584],[-121.57830300000008,36.035545999999997],[-121.57826300000006,36.035468000000002],[-121.57817000000009,36.035271000000009],[-121.57813100000008,36.035192999999992],[-121.57811000000008,36.035153999999991],[-121.57808700000007,36.035117000000007],[-121.57806300000007,36.035079999999994],[-121.57803500000009,36.035043999999992],[-121.57800400000009,36.035009000000002],[-121.57797300000007,36.034973999999998],[-121.57794000000007,36.034939999999992],[-121.57787200000007,36.034873000000012],[-121.57766300000009,36.034674000000003],[-121.57759500000007,36.034605999999982],[-121.57756300000008,36.034571],[-121.57753100000008,36.034536999999993],[-121.57750000000009,36.034500999999992],[-121.57744100000008,36.034429999999993],[-121.57738300000008,36.034357000000014],[-121.57732500000007,36.034284],[-121.57726900000009,36.034210999999999],[-121.57721400000007,36.034135999999997],[-121.57713300000007,36.034024000000009],[-121.57691900000007,36.033723999999999],[-121.57670000000007,36.033426000000006],[-121.57662000000009,36.033313999999997],[-121.57656800000007,36.033238999999995],[-121.57652000000007,36.033163000000009],[-121.57645100000008,36.033047999999994],[-121.57626900000007,36.032740999999994],[-121.57603600000007,36.032364000000001],[-121.57599000000009,36.032286999999997],[-121.57594400000009,36.032206999999993],[-121.57583200000008,36.032007999999983],[-121.57565500000007,36.031688000000003],[-121.57561100000007,36.031607999999991],[-121.57556800000008,36.031527999999987],[-121.57552900000007,36.031448000000005],[-121.57549100000007,36.031368999999991],[-121.57536500000009,36.031090999999996],[-121.57532800000007,36.031011000000007],[-121.57528900000007,36.030932999999983],[-121.57526800000007,36.030894000000004],[-121.57522500000007,36.030816999999999],[-121.57515700000008,36.030701999999991],[-121.57510900000007,36.030628],[-121.57508300000009,36.030590999999994],[-121.57505600000009,36.030554999999993],[-121.57502800000007,36.030521000000007],[-121.57499700000008,36.030488000000005],[-121.57496400000008,36.03045800000001],[-121.57492800000007,36.030428999999998],[-121.57489100000006,36.030400999999998],[-121.57485200000009,36.030375000000006],[-121.57477300000006,36.030323000000003],[-121.57465100000009,36.03024700000001],[-121.57448100000008,36.030144999999997],[-121.57409000000008,36.029913999999998],[-121.57360500000007,36.029629],[-121.57347200000008,36.02955200000001],[-121.57338300000009,36.029502999999991],[-121.57333800000009,36.029478999999995],[-121.57329300000009,36.029457000000008],[-121.57324600000008,36.029437000000001],[-121.57319900000007,36.02941899999999],[-121.57315000000008,36.02940499999999],[-121.57310000000007,36.029395999999991],[-121.57304700000009,36.029389999999992],[-121.57299400000008,36.029387],[-121.57294000000009,36.029384999999991],[-121.57288600000008,36.029384999999991],[-121.57283100000006,36.029386000000002],[-121.57266600000008,36.029392000000001],[-121.57244500000007,36.029402000000005],[-121.57233500000007,36.029408999999994],[-121.57228000000008,36.029414000000003],[-121.57222600000007,36.029419999999995],[-121.57217300000009,36.029428000000003],[-121.57212000000008,36.029437000000009],[-121.57207100000007,36.029449],[-121.57202200000008,36.02946399999999],[-121.57197400000007,36.029479000000002],[-121.57187800000007,36.029513000000001],[-121.57168700000007,36.029584000000007],[-121.57163900000009,36.029599999999995],[-121.57159000000007,36.029615999999997],[-121.57154200000006,36.029629999999997],[-121.57144400000008,36.029657000000007],[-121.57119800000007,36.029717999999995],[-121.57114900000008,36.029730999999998],[-121.57110100000007,36.029745000000005],[-121.57105300000009,36.029761000000001],[-121.57100400000007,36.029778999999991],[-121.57095400000007,36.029797999999992],[-121.57085700000007,36.029840000000007],[-121.57076200000007,36.029882999999984],[-121.57052300000008,36.029994000000002],[-121.57042600000007,36.030036000000003],[-121.57037700000006,36.030055999999995],[-121.57032700000009,36.030073000000002],[-121.57027600000009,36.03008899999999],[-121.57022600000008,36.030101999999992],[-121.57017500000008,36.030113],[-121.57012300000007,36.030121999999999],[-121.57007000000007,36.030129999999993],[-121.56996400000008,36.030144],[-121.56985800000007,36.030155000000001],[-121.56980500000009,36.030158999999998],[-121.56975300000009,36.030163000000002],[-121.56970100000008,36.03016499999999],[-121.56965000000005,36.030165999999994],[-121.56959900000007,36.030164000000006],[-121.56955100000008,36.030158999999998],[-121.56950400000007,36.030149000000009],[-121.56946000000008,36.030132999999999],[-121.56941800000008,36.030112999999986],[-121.56937800000007,36.030089999999994],[-121.56933900000007,36.03006400000001],[-121.56930000000007,36.030037],[-121.56926200000008,36.030008000000009],[-121.56918700000008,36.029947999999997],[-121.56900100000009,36.029795999999997],[-121.56888900000008,36.029705999999997],[-121.56877600000007,36.029617000000002],[-121.56870000000009,36.029559000000006],[-121.56862200000009,36.029502999999991],[-121.56858300000009,36.029476000000003],[-121.56854200000008,36.029451000000009],[-121.56849900000009,36.029426999999991],[-121.56845400000009,36.02940499999999],[-121.56840700000008,36.029384000000007],[-121.56836000000007,36.029364999999991],[-121.56826200000009,36.029329000000004],[-121.56811400000007,36.029277999999991],[-121.56801500000009,36.029243000000008],[-121.56796700000007,36.029224000000006],[-121.56791900000009,36.029204999999997],[-121.56787100000007,36.029184000000008],[-121.56777600000008,36.029139000000001],[-121.56768300000007,36.029092000000006],[-121.56749900000008,36.028995999999999],[-121.56740600000009,36.028949000000004],[-121.56731400000008,36.02890399999999],[-121.56717500000009,36.028839999999995],[-121.56708100000007,36.028798999999992],[-121.56703400000008,36.028779],[-121.56698700000007,36.028760999999996],[-121.56693900000008,36.028744999999994],[-121.56689000000009,36.028731000000001],[-121.56684000000007,36.02872],[-121.56679000000007,36.028714000000001],[-121.56674000000008,36.028709999999997],[-121.56668800000008,36.028708999999992],[-121.56663600000007,36.028709000000006],[-121.56658400000008,36.028711000000001],[-121.56647900000007,36.028716999999993],[-121.56637300000008,36.028726000000006],[-121.56626800000006,36.028737999999997],[-121.56621600000007,36.028744999999994],[-121.56616400000007,36.028753000000002],[-121.56611200000009,36.028762999999998],[-121.56600800000007,36.028782999999997],[-121.56590400000009,36.028804999999991],[-121.56580100000008,36.028827999999997],[-121.56564700000008,36.028863999999992],[-121.56554600000007,36.028891000000002],[-121.56549600000007,36.028905000000002],[-121.56544800000009,36.028922000000009],[-121.56540000000007,36.028939999999992],[-121.56535100000008,36.028960999999995],[-121.56530400000007,36.028984000000008],[-121.56525800000007,36.029009000000002],[-121.56521300000007,36.029033999999989],[-121.56503700000009,36.029136999999992],[-121.56499400000007,36.029161000000009],[-121.56495300000009,36.029181999999999],[-121.56491300000008,36.029199999999989],[-121.56488400000009,36.029210999999989],[-121.56485700000009,36.029218999999998],[-121.56483100000007,36.029223000000002],[-121.56480700000007,36.029223000000002],[-121.56479700000008,36.029219999999995],[-121.56477300000009,36.029209000000002],[-121.56472500000008,36.029177999999995],[-121.56469500000009,36.029161999999992],[-121.56465700000007,36.029147999999985],[-121.56461300000007,36.02913800000001],[-121.56457300000007,36.029132999999995],[-121.56453000000006,36.029131],[-121.56448100000007,36.029130000000009],[-121.56433000000007,36.029131999999997],[-121.56427800000009,36.029131],[-121.56422700000007,36.029128999999983],[-121.56417700000007,36.029124999999986],[-121.56412700000008,36.029119999999992],[-121.56397800000008,36.029103999999997],[-121.56389000000009,36.029097000000007],[-121.56376700000008,36.029088999999999],[-121.56373100000009,36.029085000000002],[-121.56369900000007,36.029080999999991],[-121.56367200000008,36.029075999999996],[-121.56365200000009,36.029069999999997],[-121.56364200000007,36.029062000000003],[-121.56364300000007,36.02905299999999],[-121.56365000000008,36.029045000000004],[-121.56366300000008,36.029037000000002],[-121.56367700000008,36.029029999999999],[-121.56375400000007,36.028998999999985],[-121.56377900000008,36.028987000000008],[-121.56380300000006,36.028973000000008],[-121.56382400000008,36.028956999999991],[-121.56384400000007,36.028936999999999],[-121.56386000000009,36.028919999999999],[-121.56387800000009,36.028897999999991],[-121.56389400000008,36.028875999999997],[-121.56393400000007,36.028807],[-121.56396900000007,36.028751000000007],[-121.56398500000007,36.028720000000014],[-121.56399300000008,36.028691999999992],[-121.56399600000007,36.028673999999995],[-121.56399900000008,36.028629000000002],[-121.56399900000008,36.028600999999988],[-121.56399600000007,36.028573000000002],[-121.56398800000007,36.028539000000002],[-121.56397300000008,36.028506],[-121.56395200000007,36.028474999999993],[-121.56393300000008,36.028455000000001],[-121.56386800000007,36.028398000000003],[-121.56384300000008,36.028373999999999],[-121.56382300000007,36.028351000000001],[-121.56380300000006,36.028323999999998],[-121.56378600000008,36.028299999999987],[-121.56376600000007,36.028267999999997],[-121.56373700000009,36.028213999999984],[-121.56372400000006,36.028188999999998],[-121.56370900000007,36.028154999999998],[-121.56369800000009,36.028126999999998],[-121.56367800000008,36.028069999999992],[-121.56366900000008,36.028039],[-121.56366100000007,36.028009999999995],[-121.56365400000007,36.027979999999992],[-121.56365100000008,36.027954999999999],[-121.56365100000008,36.027915999999998],[-121.56365700000008,36.027877999999994],[-121.56366500000009,36.027851999999996],[-121.56368200000007,36.027813999999999],[-121.56369700000008,36.027787000000004],[-121.56371400000008,36.027760999999984],[-121.56375700000007,36.027701],[-121.56381900000008,36.027621999999994],[-121.56388900000007,36.027534999999986],[-121.56390700000007,36.02751099999999],[-121.56392100000008,36.027491000000005],[-121.56393300000008,36.027470999999991],[-121.56394400000009,36.027450000000002],[-121.56395300000008,36.027429999999995],[-121.56396500000007,36.02739900000001],[-121.56397200000008,36.027373000000011],[-121.56398100000008,36.027333999999989],[-121.56398600000009,36.027306000000003],[-121.56399000000008,36.027274999999996],[-121.56399100000007,36.027238999999994],[-121.56398800000007,36.027206999999997],[-121.56397900000007,36.027173000000005],[-121.56396900000007,36.027150999999996],[-121.56395200000007,36.02712300000001],[-121.56393400000007,36.027101999999999],[-121.56391100000009,36.02708100000001],[-121.56388300000008,36.027061999999994],[-121.56385300000007,36.027044000000004],[-121.56382100000009,36.027029000000006],[-121.56377500000009,36.027009],[-121.56366400000007,36.026964],[-121.56362200000007,36.026946999999993],[-121.56358200000005,36.026927999999998],[-121.56348600000007,36.026882000000001],[-121.56345700000007,36.026868999999998],[-121.56341500000009,36.026853000000003],[-121.56337700000009,36.026842000000002],[-121.56334500000007,36.026834999999991],[-121.56331400000008,36.026832000000006],[-121.56327200000008,36.026830999999994],[-121.56324000000008,36.026833000000003],[-121.56319900000007,36.026838000000005],[-121.56312800000008,36.026848999999999],[-121.56308200000007,36.026853999999993],[-121.56304600000009,36.026856000000002],[-121.56301600000009,36.026856000000002],[-121.56297300000007,36.026853000000003],[-121.56292900000007,36.026842999999992],[-121.56289700000008,36.026832000000006],[-121.56287200000008,36.026819000000017],[-121.56284100000008,36.02679599999999],[-121.56281700000007,36.026770999999989],[-121.56280000000007,36.026749999999993],[-121.56277600000008,36.02671800000001],[-121.56273600000007,36.026658999999995],[-121.56269800000008,36.026598000000007],[-121.56262900000009,36.026484000000004],[-121.56258900000007,36.026420999999992],[-121.56246400000009,36.026243999999991],[-121.56244500000007,36.026218000000007],[-121.56242200000008,36.026188999999995],[-121.56239900000007,36.026161999999999],[-121.56237300000006,36.026134000000006],[-121.56234400000008,36.026107000000003],[-121.56231500000007,36.026080999999984],[-121.56225400000008,36.026030999999989],[-121.56213500000007,36.025937000000006],[-121.56210900000009,36.025914999999998],[-121.56208500000007,36.025892000000006],[-121.56205600000008,36.025862999999994],[-121.56203200000009,36.025835999999991],[-121.56197000000007,36.025763999999995],[-121.56194900000007,36.025740999999989],[-121.56192500000007,36.025719000000002],[-121.56190000000008,36.025700000000001],[-121.56187400000007,36.025686],[-121.56185100000009,36.025677999999992],[-121.56182000000007,36.025674000000002],[-121.56179300000007,36.025674999999985],[-121.56177100000008,36.025678999999997],[-121.56174800000007,36.025686999999991],[-121.56172000000008,36.025700000000001],[-121.56169500000009,36.025718000000005],[-121.56167200000007,36.025736000000009],[-121.56164700000006,36.025758999999994],[-121.56148000000007,36.025914000000007],[-121.56142400000007,36.02596299999999],[-121.56140100000009,36.025981999999992],[-121.56137200000008,36.026004999999998],[-121.56134000000007,36.026026000000002],[-121.56131100000009,36.02604199999999],[-121.56128100000006,36.026053999999995],[-121.56125100000008,36.026062999999994],[-121.56122200000007,36.026068999999985],[-121.56118900000007,36.026069999999997],[-121.56116300000006,36.02606999999999],[-121.56112600000007,36.026066000000007],[-121.56105900000009,36.026057999999999],[-121.56102800000006,36.026055000000007],[-121.56100200000009,36.026053999999995],[-121.56097400000007,36.02605599999999],[-121.56094600000007,36.026059999999994],[-121.56091700000009,36.026068999999985],[-121.56089500000007,36.026080999999991],[-121.56087600000008,36.026098999999995],[-121.56086100000009,36.026121999999994],[-121.56085000000007,36.026147999999992],[-121.56084300000008,36.026170999999998],[-121.56083100000008,36.026218],[-121.56082400000007,36.026240999999999],[-121.56081100000007,36.026271999999999],[-121.56079900000007,36.026288999999998],[-121.56077700000009,36.026310999999986],[-121.56075500000007,36.026327999999999],[-121.56072600000009,36.026347000000001],[-121.56068700000009,36.026366999999993],[-121.56059700000009,36.026412000000001],[-121.56056700000008,36.026429],[-121.56053100000008,36.02644999999999],[-121.56049700000007,36.026474999999998],[-121.56048200000006,36.026488000000001],[-121.56047200000008,36.026496999999999],[-121.56045400000006,36.026516999999998],[-121.56044100000008,36.026531999999996],[-121.56038100000008,36.026609999999998],[-121.56036500000009,36.026628000000009],[-121.56034000000007,36.026649999999997],[-121.56028300000007,36.026694999999989],[-121.56025800000008,36.026716],[-121.56023300000008,36.026740000000004],[-121.56019400000007,36.026781999999997],[-121.56014900000008,36.026833000000003],[-121.56013000000007,36.02685799999999],[-121.56009700000007,36.026901999999993],[-121.56007600000007,36.026929000000003],[-121.56005700000007,36.026950000000006],[-121.56003700000007,36.026967999999997],[-121.56001800000007,36.026980000000002],[-121.55998900000007,36.026991000000002],[-121.55996400000008,36.026994999999999],[-121.55994100000007,36.026994999999999],[-121.55991100000007,36.026989999999998],[-121.55988600000008,36.026981999999997],[-121.55982700000007,36.026955999999991],[-121.55980200000008,36.026947999999997],[-121.55977800000008,36.026944999999991],[-121.55974700000009,36.026950000000006],[-121.55972300000009,36.026958],[-121.55970000000008,36.026967999999997],[-121.55967400000007,36.026980999999999],[-121.55964600000007,36.026996000000004],[-121.55961400000007,36.027014000000008],[-121.55955300000007,36.027051999999998],[-121.55949600000007,36.027088999999989],[-121.55946600000007,36.027111000000005],[-121.55944700000008,36.027127999999983],[-121.55942900000008,36.027144],[-121.55941000000009,36.027164000000006],[-121.55940100000007,36.027177999999992],[-121.55939500000007,36.027191000000009],[-121.55939300000009,36.027205000000002],[-121.55939600000008,36.027219000000009],[-121.55940400000009,36.027236000000002],[-121.55941600000007,36.027250999999993],[-121.55943600000008,36.027268000000007],[-121.55946200000008,36.02728299999999],[-121.55948600000008,36.027293999999991],[-121.55952300000007,36.027307999999998],[-121.55956000000009,36.027320000000003],[-121.55958500000008,36.027326000000002],[-121.55973000000007,36.027354000000003],[-121.55983300000007,36.027369999999998],[-121.55986800000008,36.027375999999997],[-121.55990700000008,36.027383999999998],[-121.55995400000009,36.027394000000001],[-121.55999500000007,36.027404999999995],[-121.56003400000007,36.027417999999997],[-121.56007400000009,36.027431],[-121.56010900000007,36.027444999999993],[-121.56014500000008,36.027461000000002],[-121.56017400000007,36.027475999999986],[-121.56020000000007,36.027490999999991],[-121.56023100000007,36.027512000000002],[-121.56025400000009,36.027530000000006],[-121.56027700000007,36.027549999999991],[-121.56030400000007,36.027578000000005],[-121.56032000000009,36.027598999999995],[-121.56033400000007,36.027621000000011],[-121.56034300000007,36.027642],[-121.56034800000008,36.027661000000009],[-121.56034900000007,36.027678999999999],[-121.56034300000007,36.027700000000003],[-121.56033000000008,36.027716999999988],[-121.56030600000008,36.027738999999997],[-121.56027800000008,36.027755999999997],[-121.56025500000008,36.027766999999997],[-121.56022900000008,36.027777],[-121.56019800000007,36.027785999999992],[-121.56016100000006,36.027794],[-121.56012500000008,36.027797999999997],[-121.56009300000008,36.02780099999999],[-121.56004700000008,36.027802999999992],[-121.55991700000007,36.027804000000003],[-121.55978200000007,36.027807999999986],[-121.55975400000007,36.027810000000002],[-121.55972100000007,36.02781499999999],[-121.55966000000008,36.027828999999997],[-121.55963600000008,36.027832999999987],[-121.55961100000009,36.027835000000003],[-121.55957500000007,36.027833999999999],[-121.55955500000009,36.027829999999994],[-121.55953500000007,36.027824999999993],[-121.55951600000009,36.027818000000003],[-121.55949800000008,36.027809999999995],[-121.55947800000007,36.027796999999985],[-121.55945800000009,36.027779999999993],[-121.55941600000007,36.027734000000009],[-121.55939800000009,36.027715999999998],[-121.55937600000007,36.027698999999991],[-121.55935500000007,36.027687999999991],[-121.55932600000007,36.027677999999995],[-121.55930200000009,36.027675000000009],[-121.55927500000008,36.027674000000005],[-121.55924900000008,36.027675999999992],[-121.55922100000006,36.027679000000006],[-121.55918700000007,36.027684999999991],[-121.55916200000006,36.027691999999995],[-121.55913800000008,36.027701999999998],[-121.55911900000007,36.027712999999991],[-121.55910200000008,36.027725999999994],[-121.55906400000008,36.027755999999997],[-121.55904400000009,36.027768000000002],[-121.55900600000008,36.027790000000003],[-121.55898300000007,36.027807999999986],[-121.55896100000008,36.02782899999999],[-121.55894800000009,36.027845999999982],[-121.55892000000007,36.027883000000003],[-121.55890700000008,36.027900000000002],[-121.55887600000008,36.02793599999999],[-121.55885700000007,36.027952999999997],[-121.55883200000008,36.027970999999994],[-121.55880800000007,36.027981999999994],[-121.55877800000007,36.027990000000003],[-121.55874300000009,36.027992999999988],[-121.55873000000005,36.027991999999983],[-121.55870100000007,36.02798700000001],[-121.55867200000009,36.027976999999993],[-121.55864200000009,36.027963999999997],[-121.55861300000008,36.027949000000007],[-121.55858500000008,36.027931000000002],[-121.55856000000007,36.027909999999991],[-121.55854700000008,36.027894999999994],[-121.55853000000009,36.027872000000002],[-121.55849100000009,36.027813000000002],[-121.55846200000008,36.027763999999991],[-121.55845100000008,36.027743999999998],[-121.55844100000009,36.027722999999995],[-121.55842700000007,36.02768600000001],[-121.55842100000007,36.027656],[-121.55841700000008,36.027629000000005],[-121.55841100000008,36.027568999999993],[-121.55839800000007,36.02747999999999],[-121.55839500000009,36.027447000000002],[-121.55839400000008,36.027418000000004],[-121.55839500000009,36.027388000000009],[-121.55839900000008,36.027333999999996],[-121.55840300000007,36.027301999999999],[-121.55841000000007,36.027268999999997],[-121.55841900000007,36.027239999999992],[-121.55843100000007,36.027208999999985],[-121.55844400000008,36.027176999999995],[-121.55849500000008,36.027061000000003],[-121.55850600000007,36.027031000000001],[-121.55851600000008,36.027001999999996],[-121.55853000000009,36.02695099999999],[-121.55853500000008,36.026927999999998],[-121.55853800000007,36.026902],[-121.55853800000007,36.026878999999994],[-121.55853300000007,36.026851999999998],[-121.55852500000009,36.026831000000001],[-121.55851500000007,36.026810999999995],[-121.55850100000008,36.026788999999994],[-121.55845700000008,36.026725999999982],[-121.55844100000009,36.026705999999997],[-121.55842400000007,36.026687000000003],[-121.55840400000007,36.026668000000008],[-121.55837800000006,36.026649999999989],[-121.55835900000007,36.026638999999996],[-121.55834000000007,36.026628999999986],[-121.55831500000008,36.026617999999992],[-121.55829100000008,36.026609999999991],[-121.55826400000008,36.02660199999999],[-121.55819300000007,36.026583999999986],[-121.55817600000009,36.026577999999994],[-121.55816200000008,36.026569999999985],[-121.55815200000009,36.026561000000001],[-121.55814900000009,36.026549000000003],[-121.55815200000009,36.02653699999999],[-121.55816400000009,36.026522999999997],[-121.55818200000009,36.026511000000006],[-121.55820500000007,36.026501000000003],[-121.55823900000009,36.026493000000009],[-121.55829800000006,36.026479999999999],[-121.55832900000007,36.026471999999991],[-121.55836800000009,36.026457000000001],[-121.55839600000009,36.026443999999991],[-121.55842000000008,36.02642800000001],[-121.55844000000009,36.026411999999993],[-121.55845800000007,36.026391999999994],[-121.55847200000005,36.026371999999995],[-121.55848400000008,36.026349000000003],[-121.55849500000008,36.026324000000002],[-121.55850300000007,36.026298000000004],[-121.55850800000007,36.026271000000001],[-121.55851000000008,36.026246000000008],[-121.55851000000008,36.02617],[-121.55851500000007,36.026061999999996],[-121.55851300000009,36.026038999999997],[-121.55850900000007,36.026017999999993],[-121.55850100000008,36.025998999999999],[-121.55849000000008,36.025983999999994],[-121.55847300000009,36.025970000000001],[-121.55845300000009,36.025959],[-121.55843000000007,36.025950999999999],[-121.55840500000008,36.025941999999993],[-121.55835100000009,36.025925000000001],[-121.55831900000007,36.025917],[-121.55822800000008,36.025893999999987],[-121.55819300000007,36.025883999999998],[-121.55815700000007,36.025872999999997],[-121.55806500000008,36.025840999999993],[-121.55803200000007,36.025830999999997],[-121.55800200000009,36.02582300000001],[-121.55797000000008,36.025816999999996],[-121.55790100000007,36.025805000000005],[-121.55784200000006,36.025792999999993],[-121.55781400000008,36.025787000000008],[-121.55778400000008,36.025778999999993],[-121.55773600000008,36.025765],[-121.55771000000007,36.025755000000004],[-121.55769000000006,36.025745000000008],[-121.55767100000007,36.025732000000005],[-121.55765300000007,36.025718000000005],[-121.55759900000007,36.025672999999991],[-121.55757800000009,36.025658000000007],[-121.55755900000005,36.025645000000004],[-121.55753900000009,36.025633999999989],[-121.55751900000008,36.025624999999998],[-121.55750000000009,36.025618999999992],[-121.55748000000008,36.025616999999997],[-121.55745900000008,36.025618000000001],[-121.55743600000008,36.025622000000006],[-121.55738700000009,36.025633999999997],[-121.55736300000008,36.025636999999989],[-121.55733600000008,36.025637999999994],[-121.55731100000007,36.025636999999989],[-121.55728900000007,36.025632999999992],[-121.55726600000007,36.025626000000003],[-121.55724400000007,36.025615999999999],[-121.55722500000009,36.025604999999992],[-121.55720700000006,36.025593000000001],[-121.55718800000007,36.02557800000001],[-121.55717200000005,36.025563999999996],[-121.55716000000007,36.025546999999989],[-121.55715100000008,36.025530999999994],[-121.55714600000009,36.025514000000001],[-121.55714300000007,36.025494999999992],[-121.55714400000008,36.025475],[-121.55714800000007,36.025457000000003],[-121.55715500000007,36.025438999999984],[-121.55716600000007,36.025418000000002],[-121.55719600000008,36.025369000000005],[-121.55722200000008,36.025324999999995],[-121.55724000000008,36.025289999999998],[-121.55726700000008,36.025229999999986],[-121.55727800000007,36.025202999999991],[-121.55728600000008,36.025175999999995],[-121.55729200000007,36.025136000000003],[-121.55729300000007,36.025095],[-121.55728900000007,36.025054999999995],[-121.55727900000008,36.025016000000001],[-121.55726500000007,36.024980000000006],[-121.55724400000007,36.024948000000002],[-121.55722600000007,36.024928000000003],[-121.55720500000007,36.024909999999991],[-121.55717800000008,36.02489099999999],[-121.55715000000008,36.024873999999997],[-121.55712200000009,36.024862000000006],[-121.55709500000009,36.024854000000012],[-121.55706800000009,36.024853],[-121.55704600000007,36.024858999999992],[-121.55702700000008,36.024868000000005],[-121.55693000000007,36.024929],[-121.55690700000008,36.02494200000001],[-121.55687900000007,36.024954999999999],[-121.55684700000008,36.024964999999995],[-121.55682000000006,36.024971000000001],[-121.55678600000009,36.024974999999998],[-121.55675000000006,36.024974999999998],[-121.55671200000008,36.024971000000001],[-121.55667700000006,36.024964999999987],[-121.55663700000008,36.024954000000001],[-121.55655600000007,36.024926999999998],[-121.55652500000006,36.024917999999985],[-121.55649700000006,36.024910999999989],[-121.55646600000007,36.02490499999999],[-121.55643300000006,36.024902000000004],[-121.55640200000009,36.024900999999993],[-121.55636800000009,36.024903999999999],[-121.55634100000007,36.024908000000003],[-121.55631800000009,36.024915],[-121.55629500000008,36.024924000000006],[-121.55628000000007,36.024934000000002],[-121.55626700000009,36.024949000000007],[-121.55626000000007,36.024960999999998],[-121.55625500000006,36.024974999999998],[-121.55625100000007,36.024991],[-121.55624800000007,36.025010999999992],[-121.55624900000008,36.025027000000016],[-121.55625200000009,36.025042999999997],[-121.55626100000009,36.025076000000006],[-121.55626400000008,36.025092000000001],[-121.55626200000007,36.025103999999999],[-121.55625600000008,36.025113999999995],[-121.55624600000009,36.025118999999989],[-121.55622700000009,36.025118999999997],[-121.55621000000006,36.025115999999997],[-121.55616500000008,36.025105000000003],[-121.55613300000007,36.025098999999997],[-121.55610800000008,36.025097000000002],[-121.55607800000008,36.025094999999993],[-121.55605100000008,36.025097000000002],[-121.55602500000008,36.025100000000002],[-121.55599900000007,36.025106000000001],[-121.55597400000008,36.02511599999999],[-121.55595200000006,36.025127999999995],[-121.55593100000009,36.025145000000002],[-121.55591100000007,36.025167999999994],[-121.55589700000009,36.025191],[-121.55588400000008,36.025219],[-121.55587600000007,36.025247],[-121.55587200000006,36.025274000000003],[-121.55587000000007,36.025300000000001],[-121.55587000000007,36.025326000000007],[-121.55587400000009,36.025443999999993],[-121.55587300000009,36.025475000000014],[-121.55587100000008,36.025500999999991],[-121.55586300000007,36.025576000000001],[-121.55586300000007,36.025600999999995],[-121.55586500000008,36.025625999999995],[-121.55586900000007,36.025649000000001],[-121.55587600000007,36.025671999999993],[-121.55588500000009,36.025691000000016],[-121.55589600000008,36.025708000000002],[-121.55590900000007,36.025721999999995],[-121.55592400000009,36.025734999999997],[-121.55594200000009,36.025745000000001],[-121.55596900000009,36.025750999999993],[-121.55602000000009,36.025754999999997],[-121.55604100000006,36.025756999999992],[-121.55606600000009,36.025764000000002],[-121.55609000000008,36.025773999999991],[-121.55610700000007,36.025785999999989],[-121.55612200000007,36.025801000000001],[-121.55613800000009,36.025824999999998],[-121.55615100000007,36.025852000000008],[-121.55616200000009,36.025883],[-121.55617700000009,36.025934999999997],[-121.55619400000009,36.026015999999998],[-121.55620900000007,36.026100999999997],[-121.55621400000007,36.026143999999995],[-121.55621600000009,36.026176],[-121.55621700000007,36.026207999999997],[-121.55621500000007,36.02623899999999],[-121.55621200000007,36.026271999999999],[-121.55620500000008,36.026303999999996],[-121.55619600000007,36.026335000000003],[-121.55618400000007,36.026363000000003],[-121.55617000000007,36.026390999999983],[-121.55615300000008,36.026416999999995],[-121.55612500000007,36.026451000000009],[-121.55609400000007,36.026482999999999],[-121.55607000000008,36.026505],[-121.55601300000008,36.026553],[-121.55598400000007,36.02658000000001],[-121.55596200000008,36.026603000000009],[-121.55594300000008,36.026628000000002],[-121.55592700000007,36.026653000000003],[-121.55591100000007,36.026687000000003],[-121.55590000000007,36.026721999999999],[-121.55589200000009,36.026758000000001],[-121.55588600000009,36.026795999999997],[-121.55588300000008,36.026831999999999],[-121.55587500000007,36.026941999999998],[-121.55587100000008,36.026978999999983],[-121.55586400000007,36.027016000000003],[-121.55585500000007,36.027053000000002],[-121.55584200000007,36.027088999999989],[-121.55582600000008,36.027124999999998],[-121.55581000000006,36.027155999999998],[-121.55579100000007,36.027186],[-121.55577000000007,36.027214999999998],[-121.55574800000008,36.027242999999999],[-121.55572500000007,36.027267999999999],[-121.55565700000007,36.027338999999991],[-121.55563700000008,36.027360999999999],[-121.55562300000007,36.027379000000003],[-121.55560800000008,36.027402999999993],[-121.55559800000007,36.027427999999993],[-121.55559400000008,36.027448],[-121.55559100000009,36.027488999999996],[-121.55558700000007,36.027512000000002],[-121.55558100000007,36.027534999999993],[-121.55557100000009,36.027556000000011],[-121.55555700000006,36.027578000000005],[-121.55554500000007,36.027594999999998],[-121.55553100000009,36.027609000000005],[-121.55551400000007,36.02762400000001],[-121.55548200000007,36.027650000000001],[-121.55545200000007,36.027676],[-121.55543900000008,36.027685999999996],[-121.55542600000008,36.027692999999992],[-121.55540800000009,36.027695999999999],[-121.55539100000006,36.027694999999994],[-121.55537000000008,36.027688999999995],[-121.55534800000007,36.027680999999994],[-121.55532700000009,36.027670000000001],[-121.55528000000008,36.027644000000002],[-121.55525800000007,36.027633999999999],[-121.55523600000006,36.027626000000005],[-121.55521200000007,36.027618999999994],[-121.55516000000007,36.027608000000001],[-121.55513300000005,36.02760099999999],[-121.55507600000007,36.027584999999988],[-121.55504200000009,36.027575999999996],[-121.55501300000007,36.027569999999997],[-121.55498300000008,36.027565999999993],[-121.55495000000008,36.027563999999998],[-121.55491300000008,36.027565000000003],[-121.55488500000007,36.027567999999995],[-121.55485200000007,36.027575999999989],[-121.55482600000006,36.027584999999995],[-121.55479600000008,36.027598999999988],[-121.55477200000009,36.027614],[-121.55474800000009,36.027629999999995],[-121.55466600000007,36.027689999999993],[-121.55464100000007,36.027708000000004],[-121.55461500000007,36.027723999999985],[-121.55458800000007,36.027738999999997],[-121.55452800000009,36.02776999999999],[-121.55450000000008,36.027783999999997],[-121.55447000000007,36.027795999999995],[-121.55444200000008,36.027805999999991],[-121.55441400000007,36.027813999999999],[-121.55438400000008,36.02782100000001],[-121.55435300000008,36.027827000000002],[-121.55432700000009,36.027830000000002],[-121.55429900000007,36.02782899999999],[-121.55427100000009,36.027822999999991],[-121.55424700000007,36.02781499999999],[-121.55422400000008,36.027802999999999],[-121.55419800000008,36.027787000000004],[-121.55415900000008,36.027758999999996],[-121.55411900000007,36.027725999999994],[-121.55410100000007,36.027709999999992],[-121.55408100000008,36.027690999999997],[-121.55406200000007,36.027670000000008],[-121.55402800000007,36.027628999999997],[-121.55400100000007,36.027590999999994],[-121.55399000000007,36.027572999999997],[-121.55398100000006,36.027551000000003],[-121.55397500000007,36.027531000000003],[-121.55396900000007,36.027505999999995],[-121.55396600000007,36.027484999999999],[-121.55396000000007,36.027426000000006],[-121.55395600000007,36.02741000000001],[-121.55394900000009,36.027396000000003],[-121.55393900000007,36.027383],[-121.55392300000008,36.027372],[-121.55388300000008,36.027357000000002],[-121.55386200000008,36.027346999999992],[-121.55382300000008,36.027327999999997],[-121.55380100000009,36.027317999999994],[-121.55377800000008,36.027312000000002],[-121.55375800000007,36.027310999999997],[-121.55373900000008,36.027315000000002],[-121.55372300000009,36.027324],[-121.55371200000009,36.027333999999996],[-121.55369500000008,36.027354000000003],[-121.55368600000007,36.027360999999999],[-121.55367600000008,36.027364999999996],[-121.55366600000009,36.027364999999996],[-121.55365300000007,36.027361999999989],[-121.55362400000007,36.027351999999986],[-121.55360500000008,36.027347000000006],[-121.55358400000007,36.027346000000001],[-121.55356200000008,36.027351999999993],[-121.55354200000008,36.027362999999994],[-121.55352500000006,36.027376999999994],[-121.55351200000007,36.027394999999991],[-121.55350200000008,36.027413999999986],[-121.55349400000007,36.027439000000001],[-121.55348400000008,36.027484000000001],[-121.55347700000007,36.027507999999997],[-121.55346700000007,36.02753100000001],[-121.55345600000007,36.027551000000003],[-121.55343400000007,36.027579999999993],[-121.55341100000007,36.027604999999994],[-121.55336800000008,36.027645],[-121.55334900000008,36.027665999999996],[-121.55333000000009,36.027687999999991],[-121.55331300000009,36.027712000000008],[-121.55329600000007,36.02773899999999],[-121.55328500000009,36.027760999999998],[-121.55327400000009,36.027785999999992],[-121.55326600000006,36.027810000000002],[-121.55326100000009,36.027830000000002],[-121.55325900000008,36.027850000000001],[-121.55326100000009,36.027877999999994],[-121.55327100000008,36.027929999999998],[-121.55327400000009,36.027952000000006],[-121.55327500000007,36.027976999999993],[-121.55327300000009,36.027995999999995],[-121.55326800000006,36.028016999999998],[-121.55326000000007,36.028034000000012],[-121.55324600000009,36.028047999999998],[-121.55323000000007,36.028055999999999],[-121.55320400000006,36.028061000000001],[-121.55317300000007,36.028058999999985],[-121.55314000000007,36.028053000000007],[-121.55310300000008,36.028042999999982],[-121.55298500000009,36.028005999999998],[-121.55294600000009,36.027994999999983],[-121.55290600000006,36.027985000000001],[-121.55282800000008,36.027966999999997],[-121.55271900000008,36.027943999999991],[-121.55267000000009,36.027932000000007],[-121.55264600000008,36.027926000000001],[-121.55259000000008,36.02790499999999],[-121.55255900000009,36.027893999999996],[-121.55248700000008,36.027863000000004],[-121.55245900000007,36.027853999999991],[-121.55243700000007,36.027850999999991],[-121.55241700000009,36.027853000000007],[-121.55239500000008,36.027860999999994],[-121.55237300000009,36.027873999999997],[-121.55231700000007,36.027913000000005],[-121.55227000000006,36.027946999999983],[-121.55225200000007,36.027959000000003],[-121.55223100000009,36.027968999999992],[-121.55222000000008,36.027971999999998],[-121.55220900000008,36.027974999999998],[-121.55218900000007,36.02797799999999],[-121.55216100000007,36.027979999999992],[-121.55212700000008,36.027980999999997],[-121.55210600000008,36.027979999999992],[-121.55208500000008,36.02797799999999],[-121.55206100000008,36.027974000000007],[-121.55204000000008,36.02796699999999],[-121.55202300000008,36.027957000000008],[-121.55199900000007,36.027939000000003],[-121.55195900000008,36.027900000000002],[-121.55193700000007,36.027881999999991],[-121.55191100000008,36.027865999999996],[-121.55189000000009,36.02785699999999],[-121.55187600000006,36.027852000000003],[-121.55186300000008,36.027848999999996],[-121.55185000000009,36.027847000000001],[-121.55182800000007,36.027844999999992],[-121.55180100000007,36.027844999999999],[-121.55178700000009,36.02784599999999],[-121.55177100000007,36.027848000000013],[-121.55174100000008,36.027851999999996],[-121.55169800000007,36.027860999999994],[-121.55167500000007,36.027866999999993],[-121.55155700000007,36.02790000000001],[-121.55150500000009,36.027912999999998],[-121.55147500000008,36.02791899999999],[-121.55144400000007,36.027924999999989],[-121.55135500000009,36.027937000000009],[-121.55132700000007,36.027941999999996],[-121.55129900000007,36.027949000000007],[-121.55127400000009,36.027959000000003],[-121.55125300000009,36.027974000000007],[-121.55123600000007,36.027990000000003],[-121.55122200000007,36.028008],[-121.55120700000009,36.028032000000003],[-121.55119300000008,36.028057999999987],[-121.55116700000008,36.028113999999988],[-121.55115400000008,36.028138999999996],[-121.55113800000007,36.028162999999999],[-121.55112100000008,36.028185999999991],[-121.55109900000006,36.028207999999985],[-121.55107400000007,36.028229000000003],[-121.55102400000007,36.028266000000009],[-121.55100400000008,36.028283000000002],[-121.55098000000008,36.028305000000003],[-121.55096200000008,36.028327000000004],[-121.55094900000009,36.028346999999997],[-121.55094000000007,36.028368],[-121.55093300000007,36.028388999999997],[-121.55093000000006,36.028409000000003],[-121.55093200000009,36.028429999999993],[-121.55093900000007,36.028447999999997],[-121.55095300000008,36.028465999999995],[-121.55096700000007,36.028475999999998],[-121.55098700000008,36.028485999999994],[-121.55100600000007,36.028494000000016],[-121.55105500000006,36.028511999999992],[-121.55106900000007,36.028519999999993],[-121.55108000000007,36.028530000000011],[-121.55108800000008,36.028540999999997],[-121.55111100000009,36.028578999999986],[-121.55111900000007,36.028592999999994],[-121.55112500000007,36.028610999999991],[-121.55112800000008,36.028632999999999],[-121.55112700000008,36.028657999999993],[-121.55112300000009,36.028677999999999],[-121.55111600000008,36.028700000000008],[-121.55110800000007,36.02872099999999],[-121.55109800000007,36.028742999999999],[-121.55108700000007,36.028764999999993],[-121.55105600000007,36.028818999999991],[-121.55105000000007,36.028831999999994],[-121.55103300000009,36.028875000000006],[-121.55102200000009,36.028897999999998],[-121.55101000000008,36.028919000000002],[-121.55099400000009,36.028944000000003],[-121.55097700000009,36.028967999999999],[-121.55096000000007,36.028989000000017],[-121.55094300000009,36.029006999999993],[-121.55090400000009,36.029049000000008],[-121.55088600000009,36.029069],[-121.55087300000007,36.029088000000002],[-121.55086100000007,36.029108000000008],[-121.55084000000006,36.029147999999992],[-121.55083000000008,36.029168999999996],[-121.55082300000007,36.029187],[-121.55081900000008,36.029206999999992],[-121.55082100000008,36.029226000000001],[-121.55082700000008,36.029243000000008],[-121.55083800000007,36.029260000000001],[-121.55085300000009,36.029277999999998],[-121.55087000000007,36.029291999999984],[-121.55088600000009,36.029302999999992],[-121.55093100000009,36.02932899999999],[-121.55094700000008,36.029340000000005],[-121.55095900000008,36.029354000000012],[-121.55096700000007,36.029367999999991],[-121.55097200000007,36.029389000000002],[-121.55097300000007,36.029411999999994],[-121.55096700000007,36.029434999999999],[-121.55095700000007,36.029456000000003],[-121.55094000000007,36.029473999999993],[-121.55091700000008,36.029488999999998],[-121.55089100000005,36.029497999999997],[-121.55086400000008,36.029502000000008],[-121.55083700000007,36.029504000000003],[-121.55080800000009,36.029502000000008],[-121.55077900000008,36.029496999999999],[-121.55075300000007,36.029490000000003],[-121.55072500000009,36.029478999999995],[-121.55069400000006,36.029465999999999],[-121.55066900000007,36.029454000000001],[-121.55063400000009,36.029435999999997],[-121.55060700000008,36.029419000000004],[-121.55058500000007,36.029403000000002],[-121.55056800000008,36.029387],[-121.55055400000008,36.029367000000001],[-121.55052400000008,36.029308999999991],[-121.55048300000007,36.029243999999991],[-121.55043500000006,36.029152000000003],[-121.55039900000007,36.02908699999999],[-121.55039000000006,36.029066999999991],[-121.55038400000007,36.029046999999998],[-121.55038100000007,36.029024],[-121.55038300000008,36.029002999999996],[-121.55039000000006,36.028979],[-121.55039900000007,36.028959999999998],[-121.55040900000009,36.028939999999992],[-121.55043700000007,36.02889399999998],[-121.55045200000008,36.028872],[-121.55049300000009,36.028816999999997],[-121.55050500000009,36.028798000000002],[-121.55051500000008,36.028775000000003],[-121.55052000000009,36.028753000000009],[-121.55052200000007,36.028728000000008],[-121.55052100000007,36.028704999999995],[-121.55051800000008,36.028683999999998],[-121.55051100000009,36.028663999999985],[-121.55050000000008,36.028641999999998],[-121.55048200000007,36.028621000000008],[-121.55046400000008,36.028605000000006],[-121.55044600000008,36.028592000000003],[-121.55042300000007,36.028580999999996],[-121.55038500000009,36.028562999999998],[-121.55036700000007,36.028552999999995],[-121.55035000000008,36.028542000000002],[-121.55033400000009,36.028528999999999],[-121.55032300000008,36.02851600000001],[-121.55031600000007,36.028503999999998],[-121.55031100000008,36.02849100000001],[-121.55030700000009,36.02847400000001],[-121.55030200000007,36.028430999999998],[-121.55029700000007,36.028413999999998],[-121.55029100000007,36.028403000000004],[-121.55028000000009,36.028393999999992],[-121.55026300000007,36.028388],[-121.55024500000007,36.028385999999998],[-121.55022700000008,36.028388000000007],[-121.55020700000007,36.028393000000015],[-121.55018600000007,36.028400999999995],[-121.55016000000009,36.02841200000001],[-121.55013200000009,36.028426999999994],[-121.55010900000009,36.02844000000001],[-121.54999500000008,36.028514999999999],[-121.54990300000007,36.02857199999999],[-121.54977300000009,36.028657999999986],[-121.54974600000008,36.028675999999997],[-121.54972000000006,36.028689999999997],[-121.54969000000007,36.028704999999995],[-121.54963100000009,36.028732999999988],[-121.54959500000007,36.028754000000006],[-121.54956500000009,36.028776000000008],[-121.54954000000006,36.028802000000006],[-121.54952300000006,36.028832000000001],[-121.54951500000008,36.02886199999999],[-121.54951400000009,36.028895000000006],[-121.54951700000007,36.028928999999998],[-121.54952400000008,36.028964999999992],[-121.54953400000007,36.029001000000001],[-121.54954500000008,36.029038],[-121.54957000000007,36.029116000000009],[-121.54958200000007,36.029157000000005],[-121.54958800000007,36.02919099999999],[-121.54959100000008,36.029223999999999],[-121.54959100000008,36.029256999999994],[-121.54958600000009,36.029288999999991],[-121.54957700000007,36.029321000000003],[-121.54955900000009,36.02935500000001],[-121.54953500000009,36.029387],[-121.54950600000008,36.029417999999993],[-121.54947300000008,36.029446999999998],[-121.54943800000007,36.029474999999998],[-121.54938800000006,36.029508000000007],[-121.54926500000009,36.029580999999993],[-121.54922900000008,36.029603999999992],[-121.54919500000007,36.029629000000007],[-121.54916100000008,36.029654000000015],[-121.54912800000008,36.029680999999997],[-121.54909600000008,36.029707999999999],[-121.54906100000007,36.029738999999999],[-121.54902600000005,36.029772000000001],[-121.54899300000008,36.029805000000003],[-121.54896600000008,36.029833999999987],[-121.54894100000008,36.029864000000003],[-121.54891800000007,36.029895000000003],[-121.54889800000007,36.029927000000001],[-121.54888300000007,36.029958999999998],[-121.54887000000008,36.029991999999993],[-121.54886100000007,36.030025999999999],[-121.54885500000007,36.030061000000003],[-121.54885100000008,36.03010299999999],[-121.54885000000007,36.030144999999997],[-121.54885200000005,36.030272000000004],[-121.54885000000007,36.03031399999999],[-121.54884700000007,36.030350999999996],[-121.54884000000007,36.030386],[-121.54883000000008,36.030420999999997],[-121.54881500000009,36.030454999999996],[-121.54879700000008,36.030487999999998],[-121.54877600000009,36.030519000000012],[-121.54875300000008,36.030547999999996],[-121.54872900000008,36.030574999999992],[-121.54870200000008,36.030602000000002],[-121.54867300000006,36.030628],[-121.54864300000007,36.030653000000008],[-121.54851300000007,36.030748999999993],[-121.54845000000007,36.030799000000009],[-121.54841100000007,36.030830999999992],[-121.54837400000008,36.030864000000001],[-121.54830500000008,36.030928999999993],[-121.54827300000007,36.030961000000005],[-121.54824400000007,36.030994000000007],[-121.54821800000008,36.031026999999995],[-121.54814400000006,36.03112800000001],[-121.54811800000009,36.03116099999999],[-121.54809100000008,36.031192000000011],[-121.54799700000007,36.031291999999993],[-121.54797100000009,36.031321999999996],[-121.54792200000007,36.031382999999998],[-121.54784100000008,36.03148800000001],[-121.54781400000007,36.031521999999995],[-121.54778600000007,36.031555000000004],[-121.54775800000009,36.031583999999995],[-121.54772900000007,36.031610000000001],[-121.54769800000008,36.03163399999999],[-121.54766500000008,36.031652999999991],[-121.54762400000007,36.03166800000001],[-121.54758100000008,36.031677000000002],[-121.54754300000008,36.031680999999999],[-121.5475050000001,36.031680999999999],[-121.54746600000007,36.031677000000002],[-121.54742500000009,36.031667000000006],[-121.54738400000008,36.031654000000003],[-121.54734500000008,36.031635999999999],[-121.54730900000007,36.031615000000009],[-121.54727700000007,36.031592999999994],[-121.54724800000008,36.03156899999999],[-121.54722100000008,36.03154399999999],[-121.54719100000008,36.031510000000004],[-121.54714100000007,36.031450000000007],[-121.54711800000007,36.031424999999999],[-121.54709300000007,36.031401999999993],[-121.54706000000007,36.031379999999984],[-121.54702400000006,36.031364000000011],[-121.54699500000007,36.031357],[-121.54696500000009,36.031353000000003],[-121.54693100000007,36.031352000000005],[-121.54689600000009,36.031353000000003],[-121.5468170000001,36.031358999999995],[-121.54677500000007,36.031360999999997],[-121.54673700000006,36.031359000000002],[-121.54670500000007,36.031350000000003],[-121.54668300000009,36.031334999999999],[-121.54667300000007,36.031317999999992],[-121.54666700000007,36.031298999999997],[-121.54666700000007,36.031276999999996],[-121.54667200000007,36.031249999999993],[-121.54668300000009,36.03121999999999],[-121.54669800000009,36.031189000000005],[-121.54674600000008,36.031096999999995],[-121.54677400000008,36.031040999999995],[-121.54679000000007,36.03100100000001],[-121.54680100000007,36.030962000000002],[-121.54680500000008,36.030934000000002],[-121.54680400000008,36.030906999999999],[-121.54679900000006,36.030879999999996],[-121.54678400000007,36.030847000000001],[-121.54676100000012,36.030816000000002],[-121.54673300000007,36.030788000000001],[-121.54669900000007,36.030762999999993],[-121.54666600000007,36.030742999999987],[-121.54663000000008,36.030726999999999],[-121.54659200000008,36.030713000000006],[-121.5465530000001,36.030701000000001],[-121.54651200000009,36.030690999999997],[-121.54647000000008,36.030683000000003],[-121.54642600000005,36.030676],[-121.54629600000011,36.030659999999997],[-121.54625200000007,36.030653999999998],[-121.54620900000012,36.030645999999997],[-121.54616800000005,36.030635999999994],[-121.54613000000009,36.030622999999999],[-121.54609600000008,36.030606000000006],[-121.54606800000008,36.030586],[-121.54604400000011,36.030563000000001],[-121.54602200000006,36.030537000000002],[-121.54600100000009,36.030510000000007],[-121.54593000000008,36.030402000000002],[-121.54590400000006,36.030368999999993],[-121.54587600000008,36.030339999999995],[-121.54584400000007,36.030316999999997],[-121.54580900000012,36.03029999999999],[-121.54577600000012,36.030293],[-121.54574100000011,36.030291000000005],[-121.5457040000001,36.030293999999998],[-121.54565900000009,36.030302999999996],[-121.5456130000001,36.030316000000006],[-121.54556700000008,36.030332999999992],[-121.5455300000001,36.030347999999996],[-121.54549200000008,36.030363000000001],[-121.54545500000009,36.030379999999994],[-121.54541900000009,36.030397999999998],[-121.54538300000011,36.030418999999995],[-121.54535000000008,36.030441000000003],[-121.54531900000011,36.030464999999985],[-121.54528800000008,36.030495999999999],[-121.54526100000011,36.030529999999999],[-121.5452380000001,36.030565999999993],[-121.5452190000001,36.030604999999994],[-121.5452020000001,36.030644000000002],[-121.5451870000001,36.030684999999991],[-121.5451740000001,36.030726000000008],[-121.5451630000001,36.030766999999997],[-121.54515300000007,36.030808000000015],[-121.54514400000011,36.030849999999994],[-121.54511600000009,36.031010999999999],[-121.54510800000008,36.031050999999977],[-121.54509800000008,36.031089999999999],[-121.5450850000001,36.031128000000002],[-121.54507000000009,36.031165999999999],[-121.5450530000001,36.031202999999991],[-121.54503200000009,36.031238999999999],[-121.5450100000001,36.031272999999999],[-121.54498600000009,36.031305000000003],[-121.54496300000008,36.031332000000006],[-121.54493900000008,36.031355999999995],[-121.54491200000011,36.031374999999983],[-121.54488300000007,36.031389999999988],[-121.54485800000009,36.031396999999984],[-121.54483000000009,36.031399999999991],[-121.5448030000001,36.031399999999998],[-121.54476400000009,36.031392000000004],[-121.54472700000008,36.031375999999995],[-121.54469400000011,36.031355000000005],[-121.5446740000001,36.031336000000003],[-121.54465700000011,36.031315000000006],[-121.54464300000006,36.031292000000001],[-121.54462900000009,36.03126300000001],[-121.54461800000011,36.031233999999984],[-121.54459200000008,36.031151000000001],[-121.54458500000011,36.031129],[-121.5445780000001,36.031113000000005],[-121.54457100000008,36.031104999999997],[-121.54457000000011,36.031104999999997],[-121.5445620000001,36.031112],[-121.54455400000012,36.031130999999988],[-121.54454700000008,36.031158000000005],[-121.5445390000001,36.031191999999997],[-121.54450300000012,36.031356999999993],[-121.5444920000001,36.03140100000001],[-121.54448000000011,36.031444],[-121.5444670000001,36.031483999999992],[-121.54445300000009,36.031520999999991],[-121.5444390000001,36.031556000000002],[-121.54442300000011,36.031587000000002],[-121.54440700000009,36.031611999999996],[-121.54439000000011,36.031628999999995],[-121.54437400000012,36.031635999999992],[-121.5443570000001,36.031630999999997],[-121.54434100000012,36.031616999999997],[-121.54432400000009,36.031594999999996],[-121.54430800000011,36.031567999999986],[-121.5442930000001,36.031537999999991],[-121.54427600000008,36.031500999999999],[-121.54426100000008,36.031462999999995],[-121.54424600000007,36.031422999999997],[-121.54421600000011,36.03134],[-121.54410200000011,36.031002000000001],[-121.54405900000012,36.030875999999992],[-121.54402700000009,36.030793000000003],[-121.54401100000011,36.030752999999997],[-121.5439770000001,36.030673000000007],[-121.5439410000001,36.030595000000005],[-121.54392300000011,36.030555999999983],[-121.54388300000011,36.030479],[-121.5438620000001,36.030440999999996],[-121.5438390000001,36.030403999999997],[-121.54381400000008,36.030368999999993],[-121.54378600000011,36.030335000000001],[-121.5437550000001,36.030304000000001],[-121.54372000000009,36.030274999999996],[-121.54368400000011,36.030247000000003],[-121.54364600000008,36.030219999999993],[-121.54360700000008,36.030193999999995],[-121.54356700000011,36.030168000000003],[-121.5435260000001,36.030143999999993],[-121.54348400000011,36.030119999999997],[-121.54344100000012,36.03009800000001],[-121.5433970000001,36.030076999999999],[-121.5433520000001,36.030058000000004],[-121.54330400000008,36.030042000000002],[-121.54325400000012,36.03002699999999],[-121.54320400000009,36.030013999999994],[-121.54315300000009,36.030002000000003],[-121.5431020000001,36.02999100000001],[-121.5430510000001,36.029980999999992],[-121.54299900000009,36.029973000000005],[-121.5429470000001,36.029964999999997],[-121.54289500000009,36.029957999999993],[-121.54284300000012,36.029953999999982],[-121.54279000000011,36.029951000000004],[-121.54273900000008,36.029952000000002],[-121.54268700000011,36.029953999999989],[-121.5426350000001,36.029958999999998],[-121.54253100000011,36.029970999999996],[-121.5424270000001,36.029985999999994],[-121.54232400000011,36.030001999999996],[-121.5422210000001,36.030019999999993],[-121.5421190000001,36.030040999999983],[-121.5420680000001,36.030051999999984],[-121.54196700000011,36.030078000000003],[-121.5418660000001,36.030104999999992],[-121.54176700000009,36.03013399999999],[-121.54161800000011,36.030177999999992],[-121.54152000000011,36.030209999999997],[-121.54147100000012,36.030226999999996],[-121.54142400000011,36.030245000000001],[-121.5413760000001,36.030264000000003],[-121.5413290000001,36.030284999999992],[-121.54128200000011,36.03030600000001],[-121.5411900000001,36.030351000000003],[-121.5409150000001,36.030487999999998],[-121.54073000000011,36.030577999999991],[-121.54059000000009,36.030642999999998],[-121.5404960000001,36.030684999999991],[-121.54044900000009,36.030706000000009],[-121.5404010000001,36.03072499999999],[-121.54035200000008,36.030741999999996],[-121.54030400000011,36.030757999999999],[-121.54025600000008,36.030771999999999],[-121.54020700000009,36.030783999999997],[-121.5401090000001,36.030808],[-121.54000900000011,36.030829000000004],[-121.53990800000008,36.030846999999994],[-121.53985800000009,36.030853999999998],[-121.5398070000001,36.030859999999997],[-121.53975400000012,36.030864999999999],[-121.53970000000011,36.030867999999991],[-121.53964600000009,36.03087],[-121.5393760000001,36.03087399999999],[-121.53932200000011,36.030875999999999],[-121.5392690000001,36.030878999999999],[-121.5392160000001,36.030882999999996],[-121.5391630000001,36.030889000000002],[-121.5391130000001,36.030896999999996],[-121.53906300000011,36.030907999999997],[-121.53901400000009,36.03091899999999],[-121.5389650000001,36.030931999999993],[-121.53891600000011,36.030945999999993],[-121.53886800000009,36.030961000000005],[-121.5388210000001,36.030977000000007],[-121.5387740000001,36.030993000000002],[-121.53872700000011,36.031010999999999],[-121.53868200000011,36.031030000000001],[-121.5386390000001,36.031050999999984],[-121.53859500000011,36.031075999999999],[-121.5385540000001,36.031102000000004],[-121.53851300000009,36.03112999999999],[-121.5384730000001,36.031157999999998],[-121.53839500000008,36.031216999999998],[-121.5382810000001,36.031308999999993],[-121.5381680000001,36.03140100000001],[-121.5380950000001,36.031464000000007],[-121.5380590000001,36.031497000000002],[-121.5380250000001,36.031530000000004],[-121.5379930000001,36.031562999999991],[-121.5379610000001,36.031599999999997],[-121.53793200000008,36.031636999999996],[-121.5379030000001,36.031675],[-121.5378760000001,36.031714000000001],[-121.53782300000012,36.031791999999989],[-121.53774500000011,36.031911000000001],[-121.53766900000009,36.032029999999992],[-121.5376200000001,36.032109999999996],[-121.53759600000011,36.032150999999999],[-121.53757400000009,36.032190999999997],[-121.5375540000001,36.032232],[-121.53753500000009,36.032273999999987],[-121.53752000000011,36.032314999999983],[-121.53750700000012,36.032358000000002],[-121.53749600000009,36.032399999999996],[-121.5374860000001,36.032443999999998],[-121.53746000000011,36.032574000000004],[-121.53740600000009,36.032879000000001],[-121.5373920000001,36.032966000000009],[-121.53737800000012,36.033053999999993],[-121.53736700000009,36.033141999999998],[-121.5373570000001,36.033230000000003],[-121.53734300000009,36.033361999999997],[-121.5373350000001,36.033450999999999],[-121.5373290000001,36.03353899999999],[-121.53732700000012,36.033583000000007],[-121.53732500000011,36.033669000000003],[-121.53732500000011,36.03375599999999],[-121.53732800000012,36.03388600000001],[-121.53733200000011,36.033971999999999],[-121.5373380000001,36.034058000000009],[-121.53734300000009,36.034101],[-121.5373500000001,36.034143999999984],[-121.53735800000011,36.034185000000001],[-121.5373680000001,36.034225000000006],[-121.53737900000012,36.034266000000002],[-121.53739100000011,36.034306000000001],[-121.5374190000001,36.034385999999998],[-121.5374340000001,36.034424999999999],[-121.53745000000012,36.034464],[-121.5374680000001,36.034502000000003],[-121.53748800000008,36.034538999999995],[-121.5375100000001,36.034573999999992],[-121.5375360000001,36.034608000000006],[-121.53756600000008,36.034639000000006],[-121.5376000000001,36.034669000000001],[-121.53763600000012,36.034697000000008],[-121.53767400000008,36.03472399999999],[-121.53775300000009,36.034775999999994],[-121.5378730000001,36.034852999999991],[-121.53791200000011,36.034878999999989],[-121.53795000000011,36.034904999999995],[-121.53798200000011,36.034928999999998],[-121.53801200000009,36.034953000000009],[-121.5380390000001,36.034978000000002],[-121.53806300000009,36.035004000000001],[-121.5380840000001,36.035031999999994],[-121.53810000000009,36.035063999999998],[-121.53811200000011,36.035096999999993],[-121.5381210000001,36.035131],[-121.5381280000001,36.035166999999994],[-121.53814500000009,36.035269999999997],[-121.5381580000001,36.035324000000003],[-121.5381660000001,36.035350000000001],[-121.53817500000011,36.035374000000004],[-121.5381860000001,36.035397999999994],[-121.5382110000001,36.035443000000001],[-121.53823800000011,36.035488000000001],[-121.53826100000012,36.035530999999992],[-121.53828300000011,36.035575999999985],[-121.5382930000001,36.035598999999991],[-121.53830000000012,36.035621000000006],[-121.53830500000009,36.035646],[-121.53830700000009,36.035668999999992],[-121.53830600000012,36.03569499999999],[-121.5383030000001,36.035717999999996],[-121.53829900000009,36.035742999999997],[-121.53829400000009,36.035768999999995],[-121.53828000000009,36.035820999999999],[-121.53824900000009,36.035910999999984],[-121.5382420000001,36.035937999999994],[-121.53823500000009,36.035963999999993],[-121.53822100000008,36.036044999999987],[-121.53821400000011,36.036075999999994],[-121.53819900000011,36.036135000000002],[-121.53818300000012,36.036208999999992],[-121.53817500000011,36.036234999999998],[-121.5381660000001,36.036260999999996],[-121.53815100000011,36.036288999999996],[-121.53813800000012,36.03631],[-121.5381230000001,36.036330999999997],[-121.53810600000008,36.036349999999999],[-121.5380890000001,36.036366999999998],[-121.5380700000001,36.036382999999994],[-121.53804800000012,36.036397000000008],[-121.53802400000009,36.036408999999999],[-121.53799800000009,36.036419000000002],[-121.5379740000001,36.036427000000003],[-121.53791400000009,36.03644400000001],[-121.53788600000011,36.036453000000002],[-121.53786200000012,36.036464000000002],[-121.53781000000009,36.036490999999991],[-121.53775900000009,36.036517999999994],[-121.53773300000012,36.036534000000003],[-121.5377110000001,36.036548999999994],[-121.53768600000011,36.036566999999998],[-121.5376420000001,36.036602999999999],[-121.5375880000001,36.036648999999997],[-121.5375600000001,36.036670000000001],[-121.53753300000008,36.036687999999984],[-121.53750500000011,36.036705999999988],[-121.5373810000001,36.036780999999991],[-121.53735400000009,36.03680099999999],[-121.53732000000008,36.036829000000004],[-121.53728800000012,36.036861000000002],[-121.53725800000009,36.036895000000001],[-121.53723000000008,36.036929999999998],[-121.5371760000001,36.037002999999984],[-121.53704500000012,36.037191999999997],[-121.53701800000012,36.037230000000001],[-121.5369900000001,36.037266999999993],[-121.53696100000012,36.037303000000009],[-121.53693200000011,36.037335999999996],[-121.53690100000011,36.037366999999996],[-121.53687000000009,36.037397000000006],[-121.53683700000011,36.037424999999999],[-121.5368040000001,36.037450999999997],[-121.53676900000012,36.037474000000003],[-121.5367330000001,36.037492999999998],[-121.5367110000001,36.037500999999999],[-121.53668800000011,36.037507999999988],[-121.53665000000011,36.037513000000004],[-121.5366180000001,36.037512],[-121.5365840000001,36.037506],[-121.5365570000001,36.037498999999997],[-121.5365220000001,36.037486999999999],[-121.53641900000008,36.037445999999989],[-121.5363710000001,36.037430999999998],[-121.53633600000012,36.037421999999999],[-121.53629100000012,36.037413999999991],[-121.5362630000001,36.037410999999999],[-121.53623500000009,36.03740899999999],[-121.53620200000012,36.037407000000009],[-121.5361260000001,36.037405],[-121.5360050000001,36.037405999999997],[-121.53593800000009,36.037405],[-121.53590500000011,36.037405999999997],[-121.53587400000012,36.037410999999999],[-121.53584800000009,36.037418000000002],[-121.53582100000011,36.037428999999989],[-121.5357990000001,36.037439999999989],[-121.53577800000009,36.037452000000009],[-121.53575500000011,36.037466999999992],[-121.53572700000009,36.037486999999999],[-121.53570600000012,36.037505000000003],[-121.5356890000001,36.037521999999996],[-121.53565900000011,36.037557999999997],[-121.53564600000011,36.03757499999999],[-121.5356330000001,36.037596000000001],[-121.5356250000001,36.037612000000003],[-121.53560100000011,36.037672999999991],[-121.53559200000009,36.037694999999999],[-121.5355800000001,36.03771600000001],[-121.5355660000001,36.037737999999997],[-121.53554800000011,36.037761000000003],[-121.53553100000011,36.037779999999991],[-121.53550700000009,36.037800999999995],[-121.53548100000012,36.037818000000001],[-121.53545400000012,36.037830999999997],[-121.53542900000009,36.037838999999984],[-121.5353930000001,36.037845999999995],[-121.5353550000001,36.03784799999999],[-121.53531600000009,36.037844999999997],[-121.53528000000011,36.037837000000003],[-121.5352460000001,36.037823000000003],[-121.5352240000001,36.03780900000001],[-121.53520400000009,36.037793000000001],[-121.53517800000012,36.037765999999991],[-121.5351620000001,36.037744000000004],[-121.53514000000008,36.037710999999994],[-121.53510000000011,36.03764799999999],[-121.53506700000011,36.037598999999993],[-121.5350090000001,36.037522000000003],[-121.5349600000001,36.037461999999991],[-121.5349130000001,36.037407999999999],[-121.53488900000012,36.037384000000003],[-121.5348580000001,36.037354999999998],[-121.5348280000001,36.037329],[-121.5348010000001,36.037308000000003],[-121.5347740000001,36.037289000000008],[-121.53474300000011,36.037269000000009],[-121.53471500000012,36.037252999999993],[-121.5346730000001,36.037230999999998],[-121.53463100000012,36.037211000000006],[-121.53458700000009,36.037191999999997],[-121.5344980000001,36.037155999999996],[-121.53436200000009,36.037103999999992],[-121.53428300000012,36.037072999999992],[-121.53413500000011,36.037013000000002],[-121.5340530000001,36.036977999999998],[-121.53402000000008,36.036961999999995],[-121.53398100000008,36.036940000000001],[-121.5339570000001,36.036924999999997],[-121.5339340000001,36.036909000000001],[-121.53391100000012,36.03689099999999],[-121.5338890000001,36.036872000000002],[-121.5338680000001,36.036851999999996],[-121.53384800000009,36.036832000000004],[-121.53381300000008,36.036793000000003],[-121.53376200000008,36.036729000000001],[-121.53367200000008,36.036611999999998],[-121.53364100000009,36.036574000000009],[-121.5335970000001,36.036524999999997],[-121.5335470000001,36.036474000000005],[-121.53343400000011,36.036365000000004],[-121.5333030000001,36.036234999999998],[-121.53326500000011,36.036200000000001],[-121.5332440000001,36.036183000000008],[-121.5332010000001,36.036149000000009],[-121.53315700000012,36.036119000000006],[-121.5331340000001,36.036105000000006],[-121.5330890000001,36.036079999999991],[-121.53306200000009,36.036068000000007],[-121.5330070000001,36.036045000000001],[-121.53297800000009,36.036034999999991],[-121.53291300000009,36.036014000000002],[-121.5328380000001,36.035992],[-121.53266600000011,36.035944999999991],[-121.53259300000009,36.03592299999999],[-121.53255800000008,36.035911999999989],[-121.53252700000012,36.03590100000001],[-121.53249700000009,36.035888],[-121.53246900000012,36.035873000000002],[-121.53244300000011,36.035857],[-121.53242400000012,36.035843],[-121.53240700000009,36.035828000000002],[-121.53238400000008,36.03580199999999],[-121.5323660000001,36.035774000000004],[-121.53235300000011,36.035737999999988],[-121.5323490000001,36.035716000000008],[-121.53234700000012,36.035693000000009],[-121.53234700000012,36.035666999999997],[-121.53235100000011,36.035641999999996],[-121.5323570000001,36.035615999999997],[-121.53236500000011,36.035590999999989],[-121.5323760000001,36.035563000000003],[-121.53239000000011,36.035536000000008],[-121.53240600000009,36.035509000000005],[-121.53242400000012,36.035483999999997],[-121.5324420000001,36.035460999999998],[-121.5324590000001,36.035440999999992],[-121.5324770000001,36.035421999999997],[-121.53249700000009,36.035403000000009],[-121.5325170000001,36.035383999999986],[-121.5325370000001,36.035367999999991],[-121.53255800000008,36.035353999999998],[-121.5325820000001,36.035339000000008],[-121.53260800000011,36.035327000000002],[-121.53265300000011,36.03531000000001],[-121.5326960000001,36.035301000000004],[-121.5327360000001,36.035296000000002],[-121.5327810000001,36.035295999999995],[-121.5328130000001,36.035299000000002],[-121.53284800000012,36.035303999999982],[-121.53288000000011,36.03531199999999],[-121.53290600000008,36.035319999999984],[-121.53293200000012,36.035328999999997],[-121.53297800000009,36.035348999999989],[-121.5330240000001,36.035373],[-121.5330500000001,36.035387000000007],[-121.53312700000009,36.035432999999998],[-121.5331740000001,36.03545900000001],[-121.5332180000001,36.035480999999997],[-121.53325600000009,36.035496999999999],[-121.5333000000001,36.035510000000002],[-121.53332600000009,36.035514999999982],[-121.53335200000009,36.035516999999992],[-121.53338300000009,36.035514999999982],[-121.53341000000009,36.035506999999996],[-121.5334290000001,36.03549799999999],[-121.5334450000001,36.035484999999994],[-121.53345900000008,36.035466999999997],[-121.53346600000012,36.035447000000005],[-121.5334680000001,36.035427000000006],[-121.53346500000011,36.035411000000018],[-121.53346000000012,36.035395000000001],[-121.53345200000011,36.035378999999999],[-121.5334410000001,36.035363999999994],[-121.5334170000001,36.035336999999991],[-121.53338900000011,36.035310999999993],[-121.5333220000001,36.035255000000014],[-121.5332910000001,36.035226999999999],[-121.53327200000011,36.035208000000004],[-121.53325400000008,36.035188000000005],[-121.53323400000009,36.035161999999993],[-121.53321500000011,36.035134999999997],[-121.53320000000011,36.035108000000001],[-121.53318900000009,36.035082999999993],[-121.5331800000001,36.035060000000009],[-121.5331730000001,36.035037000000003],[-121.53316400000008,36.035003999999994],[-121.53315700000012,36.034973000000008],[-121.53315100000012,36.034936999999999],[-121.53313200000009,36.034807000000001],[-121.53312500000008,36.034767999999993],[-121.53311500000009,36.034734000000007],[-121.53310400000011,36.034703999999991],[-121.53309200000011,36.034678],[-121.53307900000011,36.034652000000001],[-121.53306100000012,36.034621000000001],[-121.5330440000001,36.034594999999996],[-121.53302000000011,36.034560999999989],[-121.53295800000009,36.034475],[-121.5329430000001,36.034451999999995],[-121.5329280000001,36.03442299999999],[-121.53292000000012,36.034394999999996],[-121.53291700000011,36.034375999999995],[-121.53291900000011,36.034341000000005],[-121.5329270000001,36.034305999999994],[-121.53296300000011,36.034196000000001],[-121.5329730000001,36.034156000000003],[-121.53298000000009,36.034115],[-121.53298600000009,36.034072999999999],[-121.53298900000011,36.034031000000006],[-121.53299200000009,36.033987999999994],[-121.5329930000001,36.033944999999996],[-121.5329930000001,36.033902999999995],[-121.53299200000009,36.033859999999997],[-121.53298900000011,36.033818000000004],[-121.5329850000001,36.033774999999999],[-121.53297700000012,36.033734000000003],[-121.5329670000001,36.033692999999992],[-121.53295200000009,36.033651999999996],[-121.5329340000001,36.033612000000005],[-121.53291300000009,36.033573000000004],[-121.53289000000009,36.033533999999996],[-121.53286600000011,36.033496],[-121.5328410000001,36.033458000000003],[-121.53278900000011,36.033382000000003],[-121.5327360000001,36.033305999999996],[-121.5327080000001,36.033268999999997],[-121.53265000000012,36.033194999999999],[-121.53262000000009,36.033158999999991],[-121.53259000000011,36.033126000000003],[-121.5325280000001,36.033060999999996],[-121.53240100000011,36.032935000000002],[-121.53237100000011,36.032902999999997],[-121.5323430000001,36.032871],[-121.53231600000009,36.032839000000003],[-121.53229300000011,36.032806000000001],[-121.53227700000009,36.032778999999991],[-121.5322640000001,36.032751999999995],[-121.53225600000012,36.032724000000002],[-121.5322520000001,36.032685999999998],[-121.53225600000012,36.03264699999999],[-121.53226500000009,36.032607000000006],[-121.53227700000009,36.032567],[-121.5322920000001,36.032527000000009],[-121.5323090000001,36.032486000000006],[-121.5323810000001,36.032320999999996],[-121.53239800000011,36.032280000000007],[-121.5324140000001,36.032238],[-121.53242800000011,36.032195999999999],[-121.5324390000001,36.032153999999998],[-121.5324470000001,36.032111],[-121.5324530000001,36.032066999999998],[-121.53245600000008,36.032023999999986],[-121.53245800000009,36.031979999999997],[-121.5324600000001,36.031892000000006],[-121.5324590000001,36.031672],[-121.53246200000008,36.031584999999993],[-121.5324660000001,36.031541000000004],[-121.5324720000001,36.031497999999985],[-121.53248100000012,36.031456000000006],[-121.5324930000001,36.031416],[-121.53250700000008,36.031376999999992],[-121.5325230000001,36.031337999999998],[-121.53254100000009,36.031300000000002],[-121.5325790000001,36.031222999999997],[-121.53270100000012,36.030993000000002],[-121.53273900000012,36.030915999999991],[-121.53275800000011,36.030875999999992],[-121.5327930000001,36.030796000000009],[-121.53284300000008,36.030675999999985],[-121.53287400000011,36.030594999999998],[-121.53290200000009,36.030512999999999],[-121.5329150000001,36.030473000000001],[-121.53292600000012,36.030431999999998],[-121.53293500000009,36.030390999999995],[-121.5329400000001,36.030349999999991],[-121.53294200000011,36.03030900000001],[-121.53294100000009,36.030268],[-121.5329370000001,36.030226999999989],[-121.5329310000001,36.030186999999991],[-121.53292400000011,36.030145999999995],[-121.5329150000001,36.030104999999999],[-121.53290500000011,36.030065],[-121.5328920000001,36.030025000000002],[-121.5328780000001,36.029986000000001],[-121.53286200000009,36.02994799999999],[-121.53284200000012,36.029911000000006],[-121.53281700000009,36.029875000000004],[-121.53278900000011,36.029840000000007],[-121.53275800000011,36.029806000000008],[-121.53272500000011,36.02977400000001],[-121.5326910000001,36.029741999999999],[-121.5326550000001,36.029712000000004],[-121.5326190000001,36.029682999999999],[-121.53258100000009,36.029654999999998],[-121.53254200000009,36.02962999999999],[-121.53250200000009,36.029607999999996],[-121.53246100000011,36.029589999999992],[-121.53241800000012,36.029576999999996],[-121.53237300000012,36.029570000000007],[-121.53232700000008,36.029568000000012],[-121.53228100000011,36.029568999999995],[-121.53214700000009,36.029577999999994],[-121.53210700000011,36.029576999999989],[-121.5320720000001,36.029572999999999],[-121.53204400000011,36.029563999999993],[-121.5320390000001,36.029559999999989],[-121.53202500000012,36.029547000000015],[-121.5320140000001,36.029530000000001],[-121.53200700000009,36.029513000000001],[-121.53200100000009,36.029491999999991],[-121.5320000000001,36.029471999999998],[-121.53200100000009,36.029451999999999],[-121.53200700000009,36.029430999999995],[-121.5320150000001,36.029408999999994],[-121.53203800000009,36.029373],[-121.53206400000012,36.029340999999988],[-121.53209500000011,36.029309999999995],[-121.5321290000001,36.029279000000002],[-121.53216400000011,36.02924800000001],[-121.5322010000001,36.029218],[-121.53227800000009,36.029156999999984],[-121.53255200000008,36.028948000000007],[-121.5326280000001,36.02888699999999],[-121.5326640000001,36.028856999999988],[-121.53269800000011,36.028824999999998],[-121.53273100000011,36.028792999999993],[-121.5327600000001,36.028759999999991],[-121.5327860000001,36.028725000000001],[-121.53280600000009,36.028690000000005],[-121.53282200000008,36.028652999999991],[-121.53283600000012,36.028614999999995],[-121.5328470000001,36.028576999999991],[-121.53285700000009,36.028537999999998],[-121.53286600000011,36.028497999999999],[-121.53288100000012,36.028417999999995],[-121.5328920000001,36.028337000000001],[-121.53290000000008,36.02825399999999],[-121.53290500000011,36.028168000000001],[-121.53291100000011,36.027994999999997],[-121.5329150000001,36.027908999999994],[-121.5329220000001,36.027822999999984],[-121.53292600000012,36.027781999999988],[-121.53293200000012,36.027742000000003],[-121.53294400000011,36.027661999999992],[-121.53295900000012,36.027580999999998],[-121.5329680000001,36.027540999999992],[-121.53298700000011,36.027462000000007],[-121.53299800000012,36.027422000000008],[-121.53301000000012,36.027383],[-121.53302600000011,36.027341999999997],[-121.53304300000012,36.027299999999997],[-121.53306100000012,36.027258999999994],[-121.53310000000012,36.027177999999992],[-121.53316100000011,36.027055999999995],[-121.53324500000011,36.026893999999992],[-121.5333090000001,36.026772999999999],[-121.5333530000001,36.026693000000002],[-121.53342100000012,36.026572999999999],[-121.53351600000011,36.026413999999995],[-121.53389900000009,36.025778999999993],[-121.5339450000001,36.02569900000001],[-121.53396600000011,36.02565899999999],[-121.53398600000011,36.025618999999999],[-121.53400400000011,36.025579],[-121.53401900000011,36.025537999999997],[-121.53403100000011,36.02549599999999],[-121.53403700000011,36.025455999999998],[-121.53403900000012,36.025413999999991],[-121.53403900000012,36.025372999999995],[-121.53403700000011,36.025331000000001],[-121.53403300000009,36.025289000000001],[-121.53402800000009,36.025247],[-121.53401600000009,36.025162000000009],[-121.5340020000001,36.025077999999993],[-121.53399400000012,36.025036],[-121.5339850000001,36.024994000000007],[-121.53397500000008,36.024951999999999],[-121.5339640000001,36.024909999999998],[-121.5339510000001,36.024869999999993],[-121.53393600000008,36.024829000000004],[-121.53390400000012,36.024748999999993],[-121.53386900000011,36.02466900000001],[-121.53383300000012,36.024588999999999],[-121.53379700000009,36.024509999999992],[-121.5337590000001,36.024431000000014],[-121.53371800000009,36.024352],[-121.5336970000001,36.024313999999997],[-121.53367400000009,36.024276],[-121.53362800000009,36.024200000000008],[-121.5335790000001,36.024125999999995],[-121.5335530000001,36.024088999999989],[-121.53352700000011,36.024052999999995],[-121.53349900000012,36.024017999999998],[-121.5334690000001,36.023983000000001],[-121.5334380000001,36.02395099999999],[-121.53340400000009,36.02391999999999],[-121.53336900000008,36.023890000000002],[-121.5332240000001,36.023778999999983],[-121.53319100000009,36.02375099999999],[-121.53316100000011,36.023724000000009],[-121.5331350000001,36.023694999999989],[-121.5331140000001,36.023665999999999],[-121.5331020000001,36.023636000000003],[-121.53310000000012,36.02360199999999],[-121.53310500000011,36.023567],[-121.5331170000001,36.023530999999991],[-121.53314500000012,36.023456999999993],[-121.53315800000009,36.023420000000009],[-121.53316700000011,36.023383000000003],[-121.53317000000011,36.023344999999999],[-121.5331650000001,36.023311999999997],[-121.5331540000001,36.023278999999995],[-121.53313800000009,36.023245999999993],[-121.53311900000008,36.023212999999991],[-121.53309800000011,36.023180000000011],[-121.5330750000001,36.023147000000009],[-121.53294400000011,36.022965000000006],[-121.5328070000001,36.022773000000001],[-121.53243000000012,36.022230999999998],[-121.5323240000001,36.022076999999996],[-121.53227200000011,36.021999000000008],[-121.5322470000001,36.02196],[-121.53222400000011,36.021920000000001],[-121.5322020000001,36.021880000000003],[-121.53218200000011,36.021839000000014],[-121.53216400000011,36.021797999999997],[-121.53214900000009,36.021755999999996],[-121.5321350000001,36.021713000000005],[-121.53211000000009,36.021627000000002],[-121.53207700000009,36.021495999999992],[-121.5319190000001,36.020851],[-121.5318870000001,36.020727999999998],[-121.53186400000008,36.020645999999992],[-121.53185100000012,36.020605999999994],[-121.5318230000001,36.020521000000002],[-121.53177600000009,36.020395999999991],[-121.5315640000001,36.019852999999998],[-121.5314960000001,36.01968699999999],[-121.5314600000001,36.019604999999999],[-121.5314410000001,36.019564000000003],[-121.53142000000008,36.01952399999999],[-121.53139800000011,36.019483999999999],[-121.53137400000011,36.019444],[-121.53134800000008,36.019404999999992],[-121.53129600000011,36.019326],[-121.53116100000011,36.019132999999989],[-121.5309130000001,36.018784999999994],[-121.53083300000011,36.018668999999996],[-121.53080700000011,36.018629999999995],[-121.5307840000001,36.018591000000001],[-121.53076200000011,36.018552000000007],[-121.53074300000011,36.018511999999994],[-121.53072900000011,36.018473],[-121.5307210000001,36.018431999999997],[-121.53071900000012,36.018393999999986],[-121.53072300000011,36.018354000000002],[-121.53073100000012,36.018315000000001],[-121.5307420000001,36.018274999999996],[-121.5307550000001,36.01823499999999],[-121.53076900000011,36.018194999999992],[-121.53080100000011,36.018114999999995],[-121.5308510000001,36.017994999999992],[-121.53090300000011,36.017873999999999],[-121.5309580000001,36.017755000000001],[-121.53097800000009,36.017715000000003],[-121.53102200000009,36.017632999999996],[-121.53106800000009,36.017552000000016],[-121.53116200000008,36.017390999999996],[-121.53120700000008,36.017310999999985],[-121.5312280000001,36.017270999999994],[-121.53124700000009,36.01723100000001],[-121.53126300000011,36.017190999999997],[-121.53127500000011,36.01715200000001],[-121.5312820000001,36.017113000000002],[-121.53128100000009,36.017074999999998],[-121.5312710000001,36.017037999999992],[-121.53125400000009,36.017001999999991],[-121.5312310000001,36.016965999999996],[-121.5312050000001,36.016929999999995],[-121.53117500000012,36.016894999999984],[-121.5311440000001,36.016858999999997],[-121.5311110000001,36.016823999999993],[-121.53104400000011,36.016753999999985],[-121.53063400000011,36.016335000000012],[-121.53053000000011,36.016230999999983],[-121.5304580000001,36.016162999999999],[-121.5302760000001,36.015993000000002],[-121.52895600000009,36.014780000000002],[-121.52880900000009,36.014645000000002],[-121.52869800000012,36.014544000000001],[-121.52851100000009,36.014378999999991],[-121.52741900000009,36.013426999999993],[-121.52685500000011,36.012933999999994],[-121.52674100000011,36.012835999999993],[-121.52666400000008,36.012771999999991],[-121.52662400000011,36.012740999999998],[-121.5265840000001,36.012709999999991],[-121.52654200000012,36.012681000000008],[-121.5265000000001,36.012653000000007],[-121.52641400000012,36.012596999999992],[-121.52628300000011,36.012516000000005],[-121.52588600000009,36.012274999999988],[-121.52562100000011,36.012113999999983],[-121.52513500000009,36.011811999999992],[-121.5250470000001,36.011759999999995],[-121.52500400000008,36.011735999999999],[-121.52496100000009,36.011713999999998],[-121.52491900000011,36.01169500000001],[-121.5248780000001,36.011679999999998],[-121.52483800000009,36.01167199999999],[-121.5248010000001,36.011672999999995],[-121.52476600000011,36.011683999999995],[-121.52473300000011,36.011704000000002],[-121.52470100000009,36.01173],[-121.5246710000001,36.011760000000002],[-121.52464200000011,36.011794000000002],[-121.52461300000009,36.011830000000003],[-121.5245560000001,36.011906000000003],[-121.52405200000008,36.012613999999992],[-121.5239960000001,36.01269099999999],[-121.52396700000011,36.012729],[-121.5239380000001,36.012765999999985],[-121.52390800000011,36.012800999999996],[-121.5238760000001,36.012833999999991],[-121.5238430000001,36.012864],[-121.52380700000012,36.012889000000001],[-121.52376700000011,36.012908999999993],[-121.52372300000012,36.012920999999999],[-121.52367600000011,36.012926999999991],[-121.52362500000011,36.012929],[-121.5235730000001,36.012926999999998],[-121.5235200000001,36.012924000000005],[-121.52346600000011,36.012919000000004],[-121.5234110000001,36.012912000000007],[-121.52330000000012,36.012898],[-121.52285500000012,36.012839],[-121.52252300000011,36.012795999999994],[-121.52087800000011,36.012591000000008],[-121.52000700000011,36.012484000000008],[-121.51989900000011,36.01247],[-121.51979100000011,36.012454000000005],[-121.51973700000011,36.012445000000007],[-121.5196840000001,36.012433999999992],[-121.51963200000009,36.012422000000008],[-121.5195810000001,36.012408000000001],[-121.5195300000001,36.012391999999991],[-121.5194800000001,36.012374999999992],[-121.51943100000008,36.012356999999994],[-121.51933200000011,36.012318999999998],[-121.5191860000001,36.012257999999989],[-121.51908900000008,36.012216000000002],[-121.5190420000001,36.012193000000003],[-121.5189970000001,36.012169999999983],[-121.51895300000011,36.012145999999987],[-121.51890900000008,36.012121999999998],[-121.51886600000009,36.01209699999999],[-121.51882500000011,36.012071999999996],[-121.51878600000011,36.012045999999998],[-121.51874800000012,36.012019000000002],[-121.5187150000001,36.011991999999999],[-121.51868500000012,36.011963999999999],[-121.5186630000001,36.011934999999994],[-121.5186480000001,36.011904000000001],[-121.51864500000011,36.011870999999999],[-121.5186490000001,36.011836999999993],[-121.51866100000009,36.011800999999991],[-121.5186760000001,36.011763999999999],[-121.51869600000011,36.011727000000008],[-121.51871700000009,36.011690000000002],[-121.51874000000011,36.011651999999991],[-121.5187890000001,36.011575000000001],[-121.51891600000012,36.011383999999993],[-121.51896500000011,36.011307000000002],[-121.51898800000009,36.011268999999999],[-121.5190090000001,36.011230000000005],[-121.51902800000009,36.011192000000001],[-121.51904400000008,36.011153000000014],[-121.51905600000011,36.01111499999999],[-121.5190620000001,36.011075999999996],[-121.5190620000001,36.01103599999999],[-121.51905600000011,36.010995999999999],[-121.51904600000012,36.010955000000003],[-121.51903300000009,36.01091499999999],[-121.5190170000001,36.010874000000001],[-121.51900000000012,36.010833999999996],[-121.51898300000009,36.010793],[-121.5189450000001,36.010712000000005],[-121.5189060000001,36.010630999999989],[-121.51886500000012,36.010549999999995],[-121.5188440000001,36.010510999999994],[-121.5188220000001,36.010472],[-121.5187990000001,36.010432999999999],[-121.51877300000011,36.010396000000007],[-121.5187450000001,36.010359999999999],[-121.5187140000001,36.010324999999995],[-121.51868000000009,36.010292],[-121.51864400000011,36.010258999999991],[-121.5186060000001,36.010228000000012],[-121.51856800000012,36.010196999999991],[-121.5184490000001,36.010104999999989],[-121.5181280000001,36.009864000000007],[-121.51792900000011,36.009712999999991],[-121.5175310000001,36.009408999999991],[-121.51745100000009,36.009348999999993],[-121.5173700000001,36.009290999999997],[-121.5173290000001,36.009261999999985],[-121.51728700000011,36.00923499999999],[-121.51724300000009,36.009210000000003],[-121.51719800000009,36.009186999999997],[-121.5171510000001,36.009165999999993],[-121.51710200000009,36.009146999999999],[-121.51705200000012,36.009129999999999],[-121.51700100000009,36.009115000000001],[-121.51695000000009,36.009099999999997],[-121.5168460000001,36.009070999999999],[-121.5162680000001,36.008921000000008],[-121.51579600000009,36.008796000000004],[-121.51563900000011,36.008755999999998],[-121.51553300000012,36.00873099999999],[-121.51548000000008,36.008721000000001],[-121.5154270000001,36.008711999999996],[-121.51537400000011,36.008704999999999],[-121.51531900000012,36.008701000000002],[-121.5152640000001,36.008699000000007],[-121.51520900000011,36.008698000000003],[-121.51509800000011,36.008701000000002],[-121.51498600000009,36.008705999999997],[-121.51370200000011,36.008774000000003],[-121.5131990000001,36.008802000000003],[-121.51303200000011,36.00880999999999],[-121.51292100000009,36.008813000000004],[-121.5128660000001,36.008813000000011],[-121.5128110000001,36.008811999999999],[-121.51275700000008,36.008807999999988],[-121.5127030000001,36.008802000000003],[-121.5126520000001,36.008792],[-121.51260000000011,36.00877899999999],[-121.5125500000001,36.008763999999992],[-121.51250000000012,36.008747999999997],[-121.51245000000009,36.008730000000007],[-121.5124000000001,36.008711999999996],[-121.51230100000009,36.008673999999992],[-121.51185500000011,36.008496999999991],[-121.51175600000009,36.008459999999992],[-121.5117060000001,36.008441999999995],[-121.5116560000001,36.008425999999993],[-121.5116070000001,36.008411000000009],[-121.5115570000001,36.00839899999999],[-121.51150700000011,36.00839100000001],[-121.51145700000008,36.008387999999997],[-121.5114090000001,36.008389999999999],[-121.51136000000011,36.008396999999995],[-121.51131100000012,36.008407999999996],[-121.5112610000001,36.008420999999991],[-121.51121200000011,36.00843600000001],[-121.51111400000011,36.008470000000003],[-121.51091700000011,36.008541999999991],[-121.5107210000001,36.008616000000004],[-121.51062400000009,36.008653999999993],[-121.51057700000008,36.008673000000009],[-121.5105300000001,36.008694000000006],[-121.5104850000001,36.008716],[-121.5104420000001,36.008738999999991],[-121.5104010000001,36.00876499999999],[-121.5103620000001,36.008794999999992],[-121.51032600000012,36.008827000000004],[-121.51029200000011,36.008860999999996],[-121.5102590000001,36.00889699999999],[-121.51019600000008,36.008970000000005],[-121.5100130000001,36.009194000000001],[-121.5099500000001,36.009269000000003],[-121.5099170000001,36.009305000000005],[-121.50988300000009,36.009341000000006],[-121.50984900000012,36.009374999999991],[-121.50981300000009,36.009408999999998],[-121.5097760000001,36.009441999999993],[-121.50970000000011,36.009507999999997],[-121.50954600000011,36.009637999999995],[-121.50943100000012,36.009733000000004],[-121.50939300000012,36.009762999999992],[-121.5093550000001,36.009791],[-121.5093170000001,36.009816999999991],[-121.5092810000001,36.009840000000004],[-121.50924500000012,36.009857999999994],[-121.50921200000012,36.00986799999999],[-121.50918000000011,36.009869999999992],[-121.5091510000001,36.009860000000003],[-121.50912300000012,36.009840000000004],[-121.50909800000009,36.009813999999999],[-121.5090730000001,36.009781999999994],[-121.5090500000001,36.00974699999999],[-121.50902700000009,36.009709999999998],[-121.50898100000012,36.009630999999992],[-121.50884700000009,36.009385000000002],[-121.50877800000011,36.00926299999999],[-121.50873000000009,36.009183],[-121.50870400000009,36.009143999999999],[-121.50865100000011,36.009068999999997],[-121.50859500000008,36.008994999999999],[-121.5085090000001,36.008885999999997],[-121.50833300000009,36.008668],[-121.50821500000012,36.008524000000001],[-121.5081540000001,36.00845300000001],[-121.50812300000011,36.008418000000006],[-121.50809100000011,36.008383000000002],[-121.5080250000001,36.008316999999998],[-121.50795700000012,36.008251999999999],[-121.50788600000011,36.008188999999994],[-121.50781400000011,36.008127000000002],[-121.50777800000009,36.008096000000002],[-121.5077400000001,36.00806699999999],[-121.5077010000001,36.008037999999992],[-121.50766100000011,36.008009999999992],[-121.50761800000009,36.007982999999996],[-121.5075720000001,36.007958000000009],[-121.50752600000011,36.007933000000001],[-121.5074790000001,36.007908999999998],[-121.5073830000001,36.007863999999991],[-121.5073350000001,36.007843000000001],[-121.50728600000011,36.00782199999999],[-121.50723700000012,36.007802999999996],[-121.5071880000001,36.007784999999991],[-121.50713800000011,36.007770000000001],[-121.50708800000008,36.007759],[-121.50703800000009,36.007752000000004],[-121.5069900000001,36.007752000000004],[-121.50694100000008,36.007755999999993],[-121.50689200000009,36.007762999999997],[-121.50684200000011,36.007773],[-121.50679300000012,36.007784000000015],[-121.5067440000001,36.007796999999989],[-121.50669400000011,36.00781099999999],[-121.50664500000012,36.007826000000001],[-121.5065960000001,36.007841999999997],[-121.50654800000008,36.007859000000003],[-121.5065010000001,36.007876999999993],[-121.5064550000001,36.007895999999995],[-121.5064100000001,36.007917999999997],[-121.5063660000001,36.00794299999999],[-121.50632300000009,36.007970999999991],[-121.5062820000001,36.00800000000001],[-121.5062420000001,36.008029999999998],[-121.5062030000001,36.008060999999998],[-121.5061650000001,36.008092999999988],[-121.50612900000012,36.008125000000007],[-121.50609300000012,36.008158000000002],[-121.50606000000012,36.008192000000008],[-121.5060290000001,36.008225999999993],[-121.50600200000009,36.008262000000009],[-121.50598000000011,36.008298999999987],[-121.50596400000012,36.008337999999995],[-121.5059530000001,36.008378],[-121.5059450000001,36.008419000000011],[-121.5059390000001,36.008460999999997],[-121.50593500000011,36.008502999999997],[-121.50592400000009,36.008630999999994],[-121.5059200000001,36.008674000000006],[-121.5059140000001,36.00871699999999],[-121.50590500000008,36.008758999999991],[-121.5058940000001,36.00879900000001],[-121.5058810000001,36.008839000000009],[-121.50586700000009,36.008879],[-121.50583300000008,36.008958],[-121.50581500000008,36.008997000000001],[-121.50577700000009,36.009074999999996],[-121.50573700000008,36.009153000000005],[-121.50571500000009,36.009190999999994],[-121.50569100000011,36.009230000000002],[-121.5056660000001,36.00926900000001],[-121.50564100000008,36.009305999999995],[-121.50561500000012,36.009343000000008],[-121.5055880000001,36.009376999999994],[-121.5055610000001,36.009408999999998],[-121.5055340000001,36.009436999999991],[-121.50550700000009,36.009459999999997],[-121.50547900000008,36.00947699999999],[-121.5054500000001,36.009483000000003],[-121.50542200000008,36.009477999999994],[-121.5053930000001,36.009464999999999],[-121.50536400000011,36.009444000000002],[-121.5053350000001,36.009417999999989],[-121.50530500000011,36.009390000000003],[-121.5052750000001,36.009357999999999],[-121.5051540000001,36.009221999999994],[-121.5050900000001,36.009153000000005],[-121.50505700000009,36.009120000000003],[-121.50502300000009,36.009088000000006],[-121.50498600000009,36.009057999999996],[-121.50494600000012,36.009028999999998],[-121.5049040000001,36.009002000000002],[-121.5048610000001,36.008975999999997],[-121.50481700000012,36.008951000000003],[-121.5047260000001,36.008902999999997],[-121.50454100000012,36.008811000000001],[-121.50445000000012,36.008763999999985],[-121.50440600000012,36.008740999999993],[-121.5043630000001,36.008716999999997],[-121.5043230000001,36.008692000000003],[-121.50428600000011,36.008665999999998],[-121.5042540000001,36.008637999999998],[-121.5042280000001,36.008609],[-121.5042160000001,36.008589999999984],[-121.50420700000009,36.008569999999999],[-121.5042000000001,36.008537000000004],[-121.50419900000011,36.008502],[-121.5042030000001,36.008466000000013],[-121.5042150000001,36.008387999999989],[-121.50425300000009,36.008175999999999],[-121.50427500000011,36.008046999999998],[-121.5042940000001,36.007916999999999],[-121.50430300000009,36.007830999999996],[-121.5043050000001,36.007789000000002],[-121.5043050000001,36.007745999999997],[-121.50430300000009,36.007703999999997],[-121.50429800000009,36.007663000000001],[-121.5042900000001,36.007622999999988],[-121.50428100000011,36.007582999999997],[-121.50427000000012,36.007541999999994],[-121.5042450000001,36.00746199999999],[-121.50421800000008,36.00738299999999],[-121.5041880000001,36.007302999999993],[-121.50417200000011,36.007263999999999],[-121.5041380000001,36.007184999999993],[-121.50410100000011,36.007108000000002],[-121.50406100000011,36.007031999999995],[-121.5040410000001,36.006994999999996],[-121.50401900000011,36.006959000000009],[-121.5039960000001,36.006925000000003],[-121.5039720000001,36.006892000000008],[-121.5039450000001,36.006861999999998],[-121.50391500000011,36.006832999999993],[-121.5038550000001,36.006780999999989],[-121.5038310000001,36.006752999999989],[-121.50381400000012,36.006728000000003],[-121.50378800000009,36.006674999999994],[-121.50377400000011,36.006649999999993],[-121.50375500000011,36.006627999999999],[-121.5037270000001,36.006608],[-121.5036930000001,36.006591999999998],[-121.5036540000001,36.006578999999995],[-121.50361100000011,36.006567999999994],[-121.50356600000011,36.006557999999984],[-121.50351800000008,36.006549999999997],[-121.5034670000001,36.006542999999994],[-121.50341400000011,36.006536999999994],[-121.50330500000008,36.00652800000001],[-121.50303100000009,36.00650799999999],[-121.50292400000008,36.006498999999998],[-121.50287200000011,36.006492999999999],[-121.50282200000009,36.006484999999991],[-121.5027740000001,36.006475999999999],[-121.5027290000001,36.006463999999994],[-121.50268900000009,36.006448999999996],[-121.50265400000011,36.006428],[-121.50262900000011,36.006404000000003],[-121.50260900000011,36.006376000000003],[-121.50259100000009,36.006344999999996],[-121.5025430000001,36.006242999999991],[-121.50252400000011,36.006208999999991],[-121.50250000000011,36.00617299999999],[-121.5024720000001,36.006137999999993],[-121.5024410000001,36.006102999999996],[-121.50240900000011,36.006068999999989],[-121.5023750000001,36.006036000000002],[-121.50230500000011,36.005969999999991],[-121.5021950000001,36.005873000000001],[-121.5021200000001,36.005809000000006],[-121.50204300000011,36.005747],[-121.50200400000011,36.00571699999999],[-121.50196500000011,36.005688999999997],[-121.5019240000001,36.005662000000015],[-121.50188300000012,36.005634999999998],[-121.5018400000001,36.00560999999999],[-121.50179700000011,36.005586999999998],[-121.5017510000001,36.005565000000004],[-121.5017050000001,36.005544999999998],[-121.50165700000008,36.005525999999989],[-121.50146600000009,36.005451999999998],[-121.50141900000011,36.005432999999996],[-121.50137300000011,36.005412999999997],[-121.50132900000011,36.005392000000001],[-121.5012870000001,36.005367999999997],[-121.5012490000001,36.005341999999992],[-121.50121500000009,36.005312999999994],[-121.5011830000001,36.005280999999997],[-121.50115500000011,36.00524699999999],[-121.50112800000011,36.005212999999991],[-121.5010510000001,36.00511199999999],[-121.50102700000009,36.00508099999999],[-121.50100200000008,36.00505299999999],[-121.50097600000009,36.005030999999995],[-121.50095000000012,36.005014999999993],[-121.5009280000001,36.005007999999989],[-121.50089700000011,36.005009999999992],[-121.50086400000011,36.005020999999992],[-121.50083000000009,36.005037999999992],[-121.50079400000011,36.005059999999986],[-121.50068900000011,36.005131999999996],[-121.50065600000009,36.005153999999997],[-121.50062600000011,36.00517],[-121.50060000000011,36.005179999999996],[-121.5005790000001,36.005181000000007],[-121.50056600000009,36.005169000000002],[-121.5005580000001,36.005147999999991],[-121.50055400000011,36.005119000000008],[-121.5005530000001,36.005083999999997],[-121.50055500000011,36.005046000000007],[-121.5005580000001,36.00500499999999],[-121.50056300000011,36.004962999999996],[-121.5005740000001,36.004874999999998],[-121.5006010000001,36.004695999999996],[-121.5006310000001,36.004516999999993],[-121.50066100000009,36.004353999999992],[-121.5007330000001,36.003990999999992],[-121.50074900000011,36.003909999999991],[-121.50076200000008,36.003830000000001],[-121.50076700000011,36.003790000000009],[-121.5007710000001,36.003750000000011],[-121.5007720000001,36.003711000000003],[-121.5007710000001,36.003671000000004],[-121.50076700000011,36.003632000000003],[-121.50075700000009,36.003592999999995],[-121.50074300000011,36.003552999999997],[-121.5007270000001,36.003514000000003],[-121.5007080000001,36.003475999999992],[-121.5006870000001,36.003436999999998],[-121.50066500000011,36.003399000000009],[-121.5006420000001,36.003360999999998],[-121.5006180000001,36.003323999999999],[-121.50059300000011,36.003288000000005],[-121.50056600000009,36.003252000000003],[-121.50053700000008,36.003216999999992],[-121.50050500000012,36.003184000000005],[-121.5004720000001,36.003154000000009],[-121.50043600000009,36.003124999999997],[-121.50039800000009,36.003098000000001],[-121.50035900000009,36.003070999999998],[-121.50031800000008,36.003045],[-121.5002770000001,36.003020000000006],[-121.50023500000012,36.002996000000003],[-121.5001920000001,36.002972],[-121.50014900000011,36.002949999999991],[-121.50010400000011,36.002929000000009],[-121.50005900000011,36.002909000000002],[-121.50000800000011,36.002889999999994],[-121.4999560000001,36.002873000000001],[-121.4999030000001,36.002857000000006],[-121.49969500000012,36.002796999999994],[-121.49964700000011,36.002780999999999],[-121.49960200000011,36.002764999999989],[-121.4995620000001,36.002746999999999],[-121.49953000000009,36.002727999999991],[-121.49950900000012,36.002709000000003],[-121.4994980000001,36.002687999999999],[-121.49949700000009,36.002661000000003],[-121.49950700000008,36.002631999999991],[-121.49952500000011,36.002599999999994],[-121.49954800000012,36.002566999999999],[-121.4996010000001,36.002496999999998],[-121.4996270000001,36.00246099999999],[-121.4996520000001,36.002423],[-121.49967600000009,36.002385000000004],[-121.49969900000011,36.002346000000003],[-121.49972000000008,36.002307000000002],[-121.4997370000001,36.002267999999994],[-121.4997510000001,36.002227999999995],[-121.49976000000009,36.002186999999992],[-121.4997620000001,36.002144999999999],[-121.49976000000009,36.002101999999994],[-121.49975300000008,36.002059000000003],[-121.49974300000009,36.00201599999999],[-121.49973100000011,36.001973000000007],[-121.4997180000001,36.001930000000002],[-121.4997030000001,36.001886999999996],[-121.49968700000011,36.001844999999996],[-121.49966900000008,36.001803000000002],[-121.49965000000012,36.001762999999997],[-121.4996280000001,36.001724000000003],[-121.49960300000011,36.001685999999992],[-121.49957300000008,36.001652],[-121.49954000000008,36.001621],[-121.49950100000008,36.001593000000007],[-121.4994600000001,36.001567000000009],[-121.49941700000008,36.001541999999993],[-121.49937200000008,36.001519000000002],[-121.49932600000011,36.001496000000003],[-121.49923200000012,36.001450999999996],[-121.49903700000011,36.001361000000003],[-121.4988410000001,36.001272],[-121.49874200000009,36.00122799999999],[-121.4986420000001,36.001185],[-121.49854400000009,36.001145999999999],[-121.49844700000008,36.001110999999995],[-121.49820700000008,36.001027999999991],[-121.49816300000012,36.001010999999998],[-121.4981210000001,36.000993999999992],[-121.49808300000011,36.000976999999999],[-121.49805000000009,36.000958999999995],[-121.4980250000001,36.000940999999997],[-121.4980130000001,36.00092699999999],[-121.4980070000001,36.000912],[-121.49801100000009,36.000892000000007],[-121.49802700000008,36.000869999999992],[-121.49805000000009,36.000847999999998],[-121.49808000000012,36.000824999999992],[-121.4981150000001,36.000801999999993],[-121.4981530000001,36.000779000000001],[-121.4981930000001,36.000755999999996],[-121.49827800000011,36.000709999999998],[-121.4983660000001,36.000666000000002],[-121.4984110000001,36.000644999999992],[-121.49845800000011,36.000625999999997],[-121.49850600000012,36.000607000000009],[-121.49855500000011,36.000589999999995],[-121.49860500000011,36.000573000000003],[-121.49870500000009,36.000543],[-121.49880600000012,36.000512999999998],[-121.49915800000011,36.000413999999992],[-121.4993060000001,36.000371999999992],[-121.4994530000001,36.000327999999996],[-121.49955100000011,36.000296999999996],[-121.49959900000012,36.000280999999994],[-121.49964700000011,36.000264000000001],[-121.49969300000011,36.000245999999997],[-121.4997390000001,36.000226999999995],[-121.4997820000001,36.000205999999991],[-121.49982400000012,36.00018399999999],[-121.4998660000001,36.000160000000008],[-121.49990600000011,36.000135999999998],[-121.49994700000012,36.000111000000004],[-121.50002500000009,36.000059999999998],[-121.5000630000001,36.000033000000002],[-121.50010100000009,36.000005999999992],[-121.50013800000011,35.999978000000006],[-121.5001730000001,35.999949000000008],[-121.50020900000011,35.999915999999999],[-121.5002430000001,35.999881000000002],[-121.5002760000001,35.999845999999998],[-121.50030700000012,35.999810999999994],[-121.50033800000011,35.999774000000002],[-121.5003670000001,35.999737999999994],[-121.5003940000001,35.999701000000002],[-121.5004200000001,35.999662999999998],[-121.50044200000012,35.999624999999995],[-121.50046100000012,35.999586999999991],[-121.50047500000009,35.999547],[-121.50048200000009,35.999509000000003],[-121.5004840000001,35.999470000000009],[-121.5004830000001,35.999429999999982],[-121.50047900000011,35.999389999999998],[-121.50047300000011,35.999348999999995],[-121.50046600000012,35.99930899999999],[-121.50045800000011,35.999268000000001],[-121.5004390000001,35.999186000000002],[-121.5004170000001,35.999105],[-121.5004050000001,35.999065000000002],[-121.50037900000009,35.998984999999998],[-121.50035200000012,35.998905000000001],[-121.50022800000011,35.998545999999997],[-121.50020000000011,35.998466000000001],[-121.50017100000009,35.998386999999994],[-121.50013900000012,35.998308999999992],[-121.50012100000009,35.998271000000003],[-121.5001020000001,35.998232999999999],[-121.50008000000011,35.998193999999991],[-121.5000570000001,35.99815499999999],[-121.5000320000001,35.998117000000001],[-121.49998000000009,35.998041999999991],[-121.4998970000001,35.997931000000001],[-121.4998410000001,35.997858000000008],[-121.49981100000009,35.997821000000002],[-121.49975000000011,35.997748999999999],[-121.4996850000001,35.997677000000003],[-121.49958400000011,35.997570000000003],[-121.4994810000001,35.99746600000001],[-121.49941000000011,35.99739799999999],[-121.49933900000011,35.997334999999993],[-121.49926600000009,35.997273000000007],[-121.4990820000001,35.997119999999995],[-121.4990100000001,35.997057000000005],[-121.49894200000008,35.996995999999996],[-121.4988440000001,35.996903000000003],[-121.4986820000001,35.996746999999992],[-121.4984410000001,35.996510000000008],[-121.4982680000001,35.996337999999994],[-121.4981660000001,35.996232999999997],[-121.49809900000008,35.996163000000003],[-121.49803400000012,35.996091000000014],[-121.4980030000001,35.996054999999998],[-121.4978840000001,35.995911000000007],[-121.49785400000012,35.995877000000007],[-121.4978230000001,35.995843000000008],[-121.49779100000012,35.995810999999989],[-121.49775800000012,35.995781999999991],[-121.4977220000001,35.99575699999999],[-121.4976820000001,35.995736999999998],[-121.4976400000001,35.995722999999991],[-121.4975950000001,35.995714999999997],[-121.4975470000001,35.995709999999995],[-121.49749800000011,35.995708],[-121.49744700000011,35.995707999999993],[-121.49739600000011,35.995710000000003],[-121.49734500000011,35.995714],[-121.49729400000008,35.995719000000001],[-121.49724300000008,35.995725999999998],[-121.49719200000008,35.995735000000003],[-121.49714300000009,35.995747000000001],[-121.49709300000011,35.995762000000006],[-121.4970450000001,35.995779000000006],[-121.49699700000008,35.995798999999991],[-121.4969500000001,35.995819999999995],[-121.49685800000009,35.995865000000002],[-121.49676700000012,35.995912999999994],[-121.49667800000009,35.995961999999992],[-121.4966340000001,35.99598799999999],[-121.49659300000012,35.996012],[-121.49643200000011,35.996113000000008],[-121.49639200000011,35.996137000000004],[-121.4963520000001,35.996160000000003],[-121.49631100000012,35.99618199999999],[-121.4962690000001,35.996200999999992],[-121.49622700000012,35.996217999999992],[-121.49618200000012,35.996232000000006],[-121.4961330000001,35.996240999999998],[-121.4960820000001,35.996245999999999],[-121.4960310000001,35.996248000000008],[-121.49597800000009,35.996248000000001],[-121.49592400000012,35.996245999999999],[-121.49587100000011,35.996243],[-121.49570800000009,35.996231000000002],[-121.4952170000001,35.996186999999992],[-121.49499900000012,35.996170000000006],[-121.4948910000001,35.996161999999991],[-121.49483600000011,35.996160000000003],[-121.4947820000001,35.996158000000001],[-121.49472800000009,35.996158000000001],[-121.49467500000011,35.996158999999999],[-121.49462200000011,35.99616300000001],[-121.49457100000011,35.996169999999999],[-121.49452100000012,35.996178999999998],[-121.49447100000009,35.996190000000006],[-121.4944220000001,35.996201999999997],[-121.49422500000011,35.996252999999996],[-121.49417700000011,35.996265000000008],[-121.49412800000012,35.996275000000004],[-121.49408100000011,35.996284000000003],[-121.49403300000009,35.996290000000002],[-121.49398700000012,35.996291999999997],[-121.49394100000011,35.99628899999999],[-121.49389600000011,35.996279999999999],[-121.49385200000012,35.996265000000001],[-121.49380800000009,35.996245999999999],[-121.4937650000001,35.996224999999995],[-121.4937220000001,35.996202000000004],[-121.4936800000001,35.996177000000003],[-121.49355200000012,35.996101000000003],[-121.49350900000013,35.996075999999995],[-121.49346500000011,35.996051000000008],[-121.49342000000011,35.996028000000003],[-121.4933740000001,35.996006999999985],[-121.49332400000014,35.995987],[-121.49327300000014,35.995968999999995],[-121.49322200000012,35.995951999999996],[-121.49311600000013,35.995922],[-121.49295800000009,35.99587799999999],[-121.49290600000012,35.995863],[-121.49285500000012,35.995848000000002],[-121.4928060000001,35.995830999999995],[-121.49276400000011,35.995815000000007],[-121.49272500000009,35.995795999999999],[-121.49268900000013,35.995774999999995],[-121.49266000000011,35.995749999999994],[-121.49263700000012,35.995719999999992],[-121.49262000000013,35.995686999999997],[-121.49260700000013,35.995651000000002],[-121.49259700000015,35.995612999999992],[-121.49258900000014,35.995572999999993],[-121.49258300000011,35.995532999999995],[-121.49256000000013,35.995365999999997],[-121.49255300000009,35.995323999999997],[-121.49254400000014,35.995283999999991],[-121.49252300000011,35.995202000000006],[-121.4925120000001,35.995162000000001],[-121.49248600000013,35.995081999999996],[-121.49245700000012,35.995001999999992],[-121.49244100000011,35.994962999999998],[-121.49242400000009,35.99492399999999],[-121.49240500000015,35.994885999999994],[-121.49238400000014,35.994847],[-121.49236000000015,35.994807999999999],[-121.49233500000012,35.994770000000003],[-121.49230900000012,35.994732000000006],[-121.49225400000013,35.994658000000008],[-121.49222500000015,35.994622000000007],[-121.49219600000013,35.994587000000003],[-121.49216500000014,35.994552999999996],[-121.49213200000013,35.994519999999994],[-121.49209700000011,35.994489999999992],[-121.49205800000011,35.994461999999999],[-121.4920190000001,35.994439000000007],[-121.49197600000012,35.994418000000003],[-121.49193200000013,35.994397999999997],[-121.49188600000011,35.994379999999992],[-121.49174700000013,35.994329],[-121.49170200000012,35.99431100000001],[-121.49165900000013,35.994292999999992],[-121.49161900000011,35.994272000000002],[-121.49158200000012,35.994249000000003],[-121.49155300000014,35.994224999999993],[-121.49152700000013,35.994192999999996],[-121.49150800000014,35.994157000000001],[-121.49149300000012,35.994117999999986],[-121.49148300000013,35.994077999999995],[-121.49147800000009,35.994036000000001],[-121.49147600000013,35.993994999999998],[-121.49148000000012,35.993952999999998],[-121.49148900000012,35.993913000000006],[-121.49150400000015,35.993878000000002],[-121.49152400000013,35.99384400000001],[-121.49154700000014,35.993810999999994],[-121.49157400000009,35.993780999999998],[-121.49160400000014,35.993751000000003],[-121.49163700000011,35.993724],[-121.49167300000012,35.99369999999999],[-121.49171500000011,35.993676999999998],[-121.49176100000011,35.993658000000003],[-121.4918090000001,35.993641000000004],[-121.49185800000012,35.993626999999996],[-121.49190800000008,35.993614999999998],[-121.49195900000011,35.993606000000007],[-121.49201100000013,35.99359900000001],[-121.49206300000014,35.993594999999992],[-121.49211500000011,35.993595999999997],[-121.49216800000012,35.993600000000001],[-121.49222000000013,35.993606],[-121.49227300000013,35.993613000000003],[-121.4924310000001,35.993638000000004],[-121.49248400000012,35.993644999999994],[-121.49253700000011,35.993651000000007],[-121.49259000000013,35.993656000000001],[-121.4926440000001,35.993657000000006],[-121.49269800000013,35.993656999999992],[-121.49285900000011,35.993651999999997],[-121.49291200000012,35.993651999999997],[-121.49296300000012,35.993651999999997],[-121.49301200000011,35.993656000000001],[-121.4930590000001,35.993662999999998],[-121.49310300000013,35.993675999999994],[-121.49314300000013,35.993693999999998],[-121.49317900000013,35.993717999999994],[-121.49321300000011,35.993745000000004],[-121.49324600000011,35.993774999999999],[-121.49334100000013,35.993867999999992],[-121.49337400000013,35.993898000000016],[-121.49340800000012,35.993923999999993],[-121.49344400000011,35.993948000000003],[-121.49348300000013,35.993965000000003],[-121.49352200000011,35.993976000000004],[-121.4935650000001,35.993983000000007],[-121.49360900000012,35.993986000000007],[-121.49365400000012,35.99398699999999],[-121.49374700000011,35.99398699999999],[-121.49379300000011,35.993988999999992],[-121.49383800000011,35.993993000000003],[-121.49388300000011,35.994],[-121.49392700000011,35.994011999999998],[-121.4939700000001,35.994027000000003],[-121.49401300000009,35.994045],[-121.49409900000011,35.994082999999996],[-121.4941460000001,35.994102999999988],[-121.4942420000001,35.994139999999994],[-121.49434000000008,35.994175999999996],[-121.4944390000001,35.994208999999998],[-121.4944900000001,35.994223999999996],[-121.49454000000011,35.994239],[-121.49459100000011,35.994252000000003],[-121.49464200000011,35.994262999999989],[-121.49469400000008,35.994270999999991],[-121.49474500000011,35.994275999999985],[-121.4947970000001,35.994278000000008],[-121.49484900000012,35.994278999999992],[-121.49490100000008,35.994278000000008],[-121.4950070000001,35.994273],[-121.49511200000011,35.994264999999999],[-121.49516500000009,35.994259999999997],[-121.4952170000001,35.994253999999991],[-121.4952700000001,35.994247000000009],[-121.49532100000009,35.994237999999996],[-121.49537200000009,35.994227999999993],[-121.49542100000008,35.994215999999994],[-121.49547100000011,35.994203999999989],[-121.4955200000001,35.994190000000003],[-121.4956170000001,35.994159999999987],[-121.4956640000001,35.994143999999999],[-121.49571100000011,35.994126999999999],[-121.49575600000011,35.99410799999999],[-121.4958000000001,35.994087999999991],[-121.4958420000001,35.994064999999992],[-121.4958810000001,35.994040000000005],[-121.49591800000012,35.994013000000002],[-121.4959530000001,35.993983],[-121.49598700000011,35.993952999999998],[-121.4960190000001,35.993922000000005],[-121.49605100000011,35.993889000000003],[-121.4960810000001,35.993856000000001],[-121.49611000000012,35.993822999999999],[-121.49613700000012,35.993787999999995],[-121.49616200000008,35.993752999999998],[-121.4961830000001,35.993716999999997],[-121.49620100000008,35.993680000000005],[-121.4962160000001,35.993641000000004],[-121.4962280000001,35.993602999999993],[-121.4962380000001,35.993563000000002],[-121.4962470000001,35.993523999999994],[-121.4962550000001,35.993484000000009],[-121.4962610000001,35.99344399999999],[-121.49626600000012,35.993404000000005],[-121.4962690000001,35.993363999999993],[-121.49627000000011,35.993323999999994],[-121.4962690000001,35.993283999999996],[-121.49626400000011,35.993242999999993],[-121.4962560000001,35.993201999999989],[-121.49624600000008,35.993161999999991],[-121.4962350000001,35.993121000000009],[-121.4962230000001,35.993081000000004],[-121.4961960000001,35.993001],[-121.4961660000001,35.992920999999996],[-121.4961510000001,35.992880999999997],[-121.49611700000008,35.99280199999999],[-121.4960990000001,35.992761999999999],[-121.49607900000009,35.992722000000001],[-121.49603900000008,35.992641999999996],[-121.4959130000001,35.992403999999993],[-121.49587200000012,35.992325000000008],[-121.4958330000001,35.992244999999997],[-121.4957960000001,35.99216400000001],[-121.4957790000001,35.992124000000004],[-121.49574800000011,35.992041999999998],[-121.49567800000011,35.991835000000009],[-121.49564800000012,35.991754000000007],[-121.49563300000011,35.991713999999988],[-121.4956160000001,35.991674000000003],[-121.49559700000009,35.991635999999993],[-121.49557600000011,35.991599999999998],[-121.49555200000009,35.991566000000006],[-121.49552300000011,35.991534999999999],[-121.49548900000011,35.991508999999994],[-121.4954510000001,35.991486999999999],[-121.49541000000012,35.991465999999988],[-121.4953670000001,35.991448000000005],[-121.49532100000009,35.991431000000006],[-121.49527500000012,35.991416000000001],[-121.4952270000001,35.991402000000001],[-121.49517900000009,35.991389000000005],[-121.4951300000001,35.991377999999997],[-121.49508100000008,35.991370000000003],[-121.4950310000001,35.991364000000004],[-121.4949810000001,35.991362000000017],[-121.4949300000001,35.991362999999986],[-121.49487900000011,35.991365999999992],[-121.4948270000001,35.991370000000003],[-121.4947760000001,35.99137600000001],[-121.4947250000001,35.991384000000004],[-121.49467500000011,35.991392000000005],[-121.4946250000001,35.991402000000001],[-121.49457600000011,35.991413000000001],[-121.49452700000012,35.991425999999997],[-121.49448100000008,35.991441000000002],[-121.49443600000008,35.991458999999992],[-121.49439200000012,35.991478000000008],[-121.49422500000011,35.991562000000009],[-121.49418300000011,35.991580999999989],[-121.49414100000011,35.991596999999992],[-121.49409900000011,35.991610000000001],[-121.49406500000015,35.991617000000005],[-121.49399500000013,35.991630000000001],[-121.49396000000011,35.991637999999988],[-121.49391500000013,35.991652000000002],[-121.4938720000001,35.991669999999992],[-121.4938290000001,35.991691000000003],[-121.49378600000013,35.991714999999999],[-121.49374400000012,35.991740999999998],[-121.49370400000012,35.991768999999998],[-121.49366500000009,35.991798000000003],[-121.4936280000001,35.991827999999991],[-121.4935930000001,35.991861],[-121.49356200000008,35.991894999999992],[-121.49353500000014,35.991929999999996],[-121.49351200000009,35.991967000000002],[-121.49349100000011,35.992004000000001],[-121.49343300000008,35.992111999999992],[-121.49341400000012,35.992143000000006],[-121.49339400000008,35.992170000000002],[-121.4933710000001,35.992190000000001],[-121.49334600000013,35.992201000000009],[-121.49331600000011,35.992201000000009],[-121.49328300000013,35.992190999999998],[-121.49324700000008,35.992175000000003],[-121.49321000000012,35.992152999999995],[-121.4931720000001,35.992128000000001],[-121.49313300000013,35.992099999999986],[-121.49309300000012,35.992070000000005],[-121.49297200000009,35.991977000000006],[-121.4928510000001,35.991880999999992],[-121.4927740000001,35.991816],[-121.49273600000014,35.991783000000005],[-121.4927010000001,35.991748999999999],[-121.49266700000011,35.991713999999988],[-121.49263800000013,35.991678],[-121.4926140000001,35.991641999999999],[-121.49259300000013,35.991605999999997],[-121.49257400000012,35.991568000000001],[-121.49255700000013,35.991529000000007],[-121.49254100000012,35.991489999999999],[-121.49252700000009,35.991451000000005],[-121.49250000000013,35.991371000000001],[-121.49247700000012,35.991289999999992],[-121.49246800000012,35.991249999999994],[-121.49246000000014,35.991207999999993],[-121.49245300000013,35.991165999999993],[-121.49244200000011,35.991081999999999],[-121.49243400000013,35.990996999999993],[-121.49243100000012,35.990955],[-121.49242900000014,35.990912999999992],[-121.49242900000014,35.990869999999994],[-121.49242900000014,35.990828],[-121.49243200000012,35.990786],[-121.49243800000012,35.990743999999999],[-121.49244500000012,35.990701999999999],[-121.49245500000013,35.990660999999989],[-121.49246600000014,35.990619999999993],[-121.49247800000013,35.990578999999997],[-121.49249200000013,35.990538999999998],[-121.49250800000011,35.990500999999995],[-121.49252600000008,35.990463999999996],[-121.49254600000012,35.990429999999996],[-121.49257100000011,35.990398999999996],[-121.49260100000014,35.990372000000008],[-121.49263600000012,35.99035099999999],[-121.4926760000001,35.990335000000002],[-121.49272000000012,35.990321000000009],[-121.49276600000009,35.990309999999994],[-121.49281500000009,35.990299999999991],[-121.4928640000001,35.990290999999992],[-121.49301700000012,35.99026700000001],[-121.49306800000009,35.990258000000004],[-121.49311900000012,35.990248999999999],[-121.49317000000012,35.990237999999998],[-121.49322000000008,35.990226],[-121.49327000000011,35.990212999999997],[-121.4933190000001,35.990200000000002],[-121.49336700000011,35.990184999999997],[-121.49341500000011,35.990170000000006],[-121.4934610000001,35.990152999999999],[-121.49350500000008,35.990135000000002],[-121.4935480000001,35.990116],[-121.4935870000001,35.990093999999999],[-121.4936230000001,35.990069000000005],[-121.4936550000001,35.990037999999991],[-121.4936830000001,35.990003999999992],[-121.4937070000001,35.989967],[-121.49373000000008,35.989928999999997],[-121.4937510000001,35.989888999999991],[-121.49377000000013,35.989847999999995],[-121.49380800000009,35.989765999999996],[-121.49389700000012,35.989556],[-121.4939320000001,35.989472000000006],[-121.49396600000011,35.989388000000005],[-121.4939960000001,35.989302999999992],[-121.4940100000001,35.989260999999992],[-121.4940210000001,35.989216999999982],[-121.49403100000011,35.989173999999991],[-121.4940400000001,35.989129999999996],[-121.49405400000011,35.989041999999998],[-121.49406500000015,35.988953999999993],[-121.49406900000014,35.988909999999997],[-121.49407100000015,35.988866000000002],[-121.49407100000012,35.988821999999992],[-121.4940680000001,35.988778000000011],[-121.49406300000014,35.988737999999991],[-121.4940550000001,35.988697999999992],[-121.49404500000011,35.988656999999996],[-121.4940340000001,35.988617000000005],[-121.4940220000001,35.98857799999999],[-121.4939950000001,35.988497999999993],[-121.49396700000011,35.988419],[-121.49395200000011,35.988379000000009],[-121.49393600000012,35.988339999999994],[-121.49390200000011,35.988261000000008],[-121.49384600000012,35.988145000000003],[-121.49380700000012,35.988067999999991],[-121.49378700000008,35.988030000000009],[-121.4937650000001,35.987993000000003],[-121.49374300000009,35.98795599999999],[-121.4937190000001,35.98792000000001],[-121.49369100000008,35.987881999999992],[-121.4936610000001,35.987844999999993],[-121.4936290000001,35.987808000000001],[-121.49359700000012,35.987771999999993],[-121.49353100000012,35.987700999999994],[-121.49346200000009,35.987630999999993],[-121.49342700000008,35.987595999999989],[-121.49335500000011,35.987529000000002],[-121.4933200000001,35.987496999999998],[-121.49324700000008,35.987434999999998],[-121.49313800000014,35.987342999999989],[-121.49306600000011,35.987279999999998],[-121.49303200000013,35.987247999999987],[-121.49299800000013,35.987216000000011],[-121.49296700000012,35.98718199999999],[-121.49293800000011,35.987147999999983],[-121.49291100000013,35.987112000000003],[-121.49288500000011,35.98707499999999],[-121.49286000000011,35.987037999999991],[-121.4928120000001,35.986962999999996],[-121.49276600000009,35.986887000000003],[-121.4926980000001,35.986772999999985],[-121.49252000000011,35.986463999999991],[-121.49245200000013,35.986348999999997],[-121.49240500000015,35.986272999999997],[-121.49238100000012,35.986235000000001],[-121.4923550000001,35.986197000000004],[-121.49230300000012,35.986121999999995],[-121.49224900000014,35.986046999999992],[-121.49216600000011,35.985936000000002],[-121.49211000000012,35.985862000000004],[-121.49205100000012,35.985789999999994],[-121.49198800000012,35.985716999999987],[-121.49188900000014,35.985610000000001],[-121.49178700000009,35.985503999999999],[-121.49171700000012,35.98543500000001],[-121.49164600000009,35.985368999999999],[-121.49157400000011,35.985307000000006],[-121.49146300000014,35.985214999999997],[-121.49135000000012,35.985126000000001],[-121.49127200000012,35.985067999999998],[-121.49119300000014,35.98501499999999],[-121.49111300000013,35.984962999999993],[-121.49099100000012,35.984885999999996],[-121.49090800000013,35.984836999999992],[-121.49082300000012,35.984789999999997],[-121.49072900000013,35.984741],[-121.49068200000012,35.984717999999994],[-121.49058600000012,35.984673000000008],[-121.49048900000012,35.984629000000005],[-121.49039100000012,35.984588000000002],[-121.49034200000013,35.984569],[-121.49029200000014,35.984552000000001],[-121.49024200000011,35.984536999999996],[-121.49019000000011,35.984525000000005],[-121.49014000000012,35.984518000000001],[-121.49009000000012,35.984514000000011],[-121.49003800000013,35.984512000000002],[-121.48998700000013,35.984512000000009],[-121.48993400000015,35.984512999999993],[-121.48988200000012,35.984515000000002],[-121.48977700000013,35.984521999999984],[-121.48972500000013,35.984527],[-121.48967300000012,35.984531999999994],[-121.48962100000013,35.984538999999991],[-121.48957000000013,35.984545999999995],[-121.48952000000014,35.984555],[-121.48946900000014,35.984565000000003],[-121.48936900000012,35.984586000000007],[-121.48927000000013,35.984608999999992],[-121.48922100000013,35.98462099999999],[-121.48917200000014,35.984634],[-121.48912400000012,35.984647999999993],[-121.48907600000014,35.984664000000016],[-121.48902700000012,35.984681000000009],[-121.48897900000013,35.984699999999982],[-121.48893100000012,35.984720000000003],[-121.48883700000013,35.984762999999994],[-121.48869800000011,35.984828999999991],[-121.48860700000014,35.984875000000002],[-121.48856200000014,35.984898000000015],[-121.48851700000014,35.984921999999997],[-121.48843100000013,35.984971000000016],[-121.48834700000013,35.985022000000008],[-121.48813800000015,35.985151000000002],[-121.48805400000015,35.985201999999994],[-121.48796800000014,35.985249999999994],[-121.48792400000013,35.985272000000009],[-121.48787700000013,35.985294999999986],[-121.48783000000012,35.985315999999997],[-121.48778200000014,35.985335999999997],[-121.48768400000013,35.985374999999998],[-121.48714300000013,35.985581999999987],[-121.48676100000012,35.985733000000003],[-121.48666500000012,35.985768],[-121.48661700000014,35.985784000000002],[-121.48656800000015,35.985797999999996],[-121.48651800000012,35.985810999999998],[-121.48646700000012,35.985821000000008],[-121.48641600000013,35.985829000000003],[-121.48636400000012,35.985835000000002],[-121.48631200000013,35.98584000000001],[-121.48626000000012,35.985843000000003],[-121.48620800000015,35.985844999999998],[-121.48615500000011,35.985847],[-121.48610300000014,35.985846000000002],[-121.48605200000014,35.985843000000003],[-121.48600100000014,35.985837999999994],[-121.48595100000011,35.985828999999995],[-121.48590200000012,35.985816],[-121.48585300000013,35.985799],[-121.48580600000014,35.985780000000005],[-121.48575900000013,35.985759000000002],[-121.48571200000015,35.985735999999996],[-121.48566600000011,35.985713000000004],[-121.48557800000012,35.985664],[-121.48553600000014,35.985640000000004],[-121.48549600000013,35.985616999999998],[-121.48545900000013,35.985593000000001],[-121.48542800000014,35.985570999999993],[-121.48540300000015,35.985550000000003],[-121.48538700000013,35.985530999999995],[-121.48538400000012,35.985514000000002],[-121.48539600000011,35.985502000000004],[-121.48542000000013,35.985493000000005],[-121.48545200000014,35.985486999999992],[-121.48549200000011,35.985483000000009],[-121.48553600000014,35.985480000000003],[-121.48568200000012,35.985475999999998],[-121.48573100000014,35.985474000000004],[-121.48577900000012,35.985469999999999],[-121.48582500000013,35.985464999999991],[-121.48586600000014,35.985456999999997],[-121.48590300000011,35.985444999999999],[-121.48593200000012,35.985429000000003],[-121.48595200000013,35.985405000000007],[-121.48596400000012,35.985376000000002],[-121.48597000000012,35.985343999999991],[-121.48597000000012,35.985309000000001],[-121.48596600000013,35.985272999999992],[-121.48595700000011,35.98523800000001],[-121.48594400000015,35.98520400000001],[-121.48592500000012,35.985171999999999],[-121.48589900000015,35.985145000000003],[-121.48586800000012,35.985123000000002],[-121.48583100000013,35.985104999999983],[-121.48579100000012,35.98509],[-121.48574700000013,35.985075999999992],[-121.48561100000012,35.98503800000001],[-121.48556700000013,35.985024000000003],[-121.48552400000014,35.985007000000003],[-121.48548400000013,35.984986999999997],[-121.48544600000014,35.984961999999996],[-121.48541200000012,35.984932999999998],[-121.48537900000012,35.984901999999991],[-121.48534900000013,35.984867999999999],[-121.48532000000012,35.984832999999995],[-121.48529300000011,35.984797],[-121.48526600000014,35.984761000000006],[-121.48521400000013,35.984686000000011],[-121.48519000000015,35.984649000000005],[-121.48516700000012,35.984611000000001],[-121.48514500000014,35.984573999999995],[-121.48512600000012,35.984537000000003],[-121.48510900000012,35.98449999999999],[-121.48509800000014,35.984463999999996],[-121.48509100000012,35.984428000000001],[-121.48509300000013,35.984394000000002],[-121.48510300000012,35.984363000000002],[-121.48512000000012,35.984332999999992],[-121.48514100000013,35.984302999999997],[-121.48518800000014,35.984242999999999],[-121.48521100000015,35.984212999999997],[-121.48523100000013,35.984180999999992],[-121.48524700000013,35.984149000000009],[-121.48525800000013,35.984111999999996],[-121.48526300000012,35.984074000000007],[-121.48526400000013,35.984034999999992],[-121.48526100000011,35.983995999999998],[-121.48525700000012,35.983955000000002],[-121.48525000000012,35.983914999999989],[-121.48524200000011,35.983873999999993],[-121.48523200000012,35.983832999999997],[-121.48522200000011,35.983792000000001],[-121.48520900000011,35.983752000000003],[-121.48519600000014,35.983712000000004],[-121.48518000000013,35.983672000000006],[-121.48516100000013,35.98363299999999],[-121.48514000000011,35.983594999999994],[-121.48511500000012,35.983559],[-121.48508900000012,35.983522000000008],[-121.48503200000013,35.983451000000002],[-121.48500300000013,35.983415999999998],[-121.48494300000013,35.98334599999999],[-121.48488000000013,35.983277999999999],[-121.48484800000014,35.983243999999999],[-121.48481600000011,35.983212000000002],[-121.48478200000012,35.983179999999983],[-121.48474700000011,35.983149999999995],[-121.48471000000012,35.983120999999997],[-121.48467000000012,35.983095000000006],[-121.48462700000013,35.983072],[-121.48458200000013,35.983052000000001],[-121.48453400000011,35.983034000000004],[-121.48448500000012,35.98301699999999],[-121.48438400000013,35.982985999999997],[-121.48418000000011,35.982927999999994],[-121.48413100000012,35.982912999999996],[-121.48408400000012,35.982897999999999],[-121.48404000000012,35.982881999999996],[-121.48399900000014,35.982866000000001],[-121.48396500000013,35.982847999999997],[-121.48393900000013,35.98282900000001],[-121.48392600000012,35.982808999999996],[-121.48392900000015,35.982787000000002],[-121.48394400000012,35.982762999999998],[-121.48397000000013,35.98274],[-121.48400200000012,35.982715999999996],[-121.48404000000012,35.982694999999993],[-121.48408200000013,35.982675999999991],[-121.48412800000014,35.982661999999998],[-121.48417600000012,35.982652999999992],[-121.48422700000012,35.982647999999998],[-121.48427900000013,35.982647],[-121.48433200000014,35.982646999999993],[-121.48438600000014,35.982649000000002],[-121.48454900000013,35.982657999999994],[-121.48460300000013,35.982661],[-121.48465600000014,35.982663000000002],[-121.48470900000012,35.982663000000002],[-121.48476000000012,35.98266000000001],[-121.48481000000011,35.982654999999994],[-121.48485900000013,35.982644999999998],[-121.48490300000013,35.982631000000012],[-121.48494600000012,35.982611999999996],[-121.48498800000013,35.982590999999999],[-121.48503000000012,35.982567999999993],[-121.48511200000013,35.982520000000001],[-121.48515300000012,35.982496999999995],[-121.48519600000014,35.982476000000005],[-121.48524100000013,35.982457999999994],[-121.48528900000012,35.982443000000011],[-121.48533800000011,35.982430999999998],[-121.48538900000014,35.982421999999993],[-121.48544100000011,35.982414999999989],[-121.48549400000012,35.982408],[-121.48554700000012,35.982402999999998],[-121.48581600000011,35.982379999999999],[-121.48586900000012,35.982375000000005],[-121.48592200000013,35.982368999999991],[-121.48597400000014,35.98236099999999],[-121.48602600000011,35.982351999999999],[-121.48607600000012,35.982340000000008],[-121.48612500000011,35.982325000000003],[-121.48617300000014,35.982306999999999],[-121.48621900000013,35.982287999999983],[-121.48626600000011,35.982267],[-121.48631100000011,35.982244999999999],[-121.48640200000013,35.982200000000006],[-121.48653700000013,35.982130000000005],[-121.48667200000013,35.982059],[-121.48676100000012,35.982010999999993],[-121.48684900000013,35.981962999999993],[-121.48693500000012,35.981911999999994],[-121.48697700000014,35.981885999999996],[-121.48701800000013,35.981858999999993],[-121.48705600000011,35.981831999999997],[-121.48713000000012,35.981777000000001],[-121.48716800000012,35.981750000000012],[-121.48720600000011,35.981724999999997],[-121.48724700000012,35.981701999999999],[-121.48729000000012,35.981681000000002],[-121.48733500000012,35.981662999999998],[-121.48738200000012,35.981647000000009],[-121.48757000000013,35.981588000000002],[-121.48761500000013,35.981572999999997],[-121.48765700000013,35.981557000000002],[-121.48769500000012,35.981538],[-121.48772900000013,35.981516999999997],[-121.48775600000013,35.981491999999989],[-121.48777600000014,35.98146100000001],[-121.48779000000015,35.981426999999996],[-121.48779800000013,35.981389999999998],[-121.48781600000011,35.981274000000006],[-121.48782500000013,35.981237999999991],[-121.48783900000014,35.981205000000003],[-121.48785900000013,35.981176999999995],[-121.48788800000013,35.981154999999994],[-121.48792300000014,35.981136999999997],[-121.48796400000015,35.981123000000004],[-121.48800900000015,35.981111999999996],[-121.48805600000013,35.981102],[-121.48810600000012,35.981092999999987],[-121.48815700000014,35.981085],[-121.48836600000013,35.981054999999998],[-121.48847200000014,35.98104],[-121.48857600000012,35.981020999999998],[-121.48872500000012,35.980992000000001],[-121.48877300000014,35.980983000000009],[-121.48882200000013,35.980977000000003],[-121.48886900000014,35.980974000000003],[-121.48891600000015,35.980974999999994],[-121.48896500000014,35.980982000000012],[-121.48901300000011,35.980995],[-121.48906000000012,35.981011000000002],[-121.48910600000012,35.98102999999999],[-121.48915200000013,35.981052000000012],[-121.48919600000012,35.981076000000002],[-121.48924000000012,35.981100999999988],[-121.48928100000013,35.98112900000001],[-121.48932100000013,35.981158999999998],[-121.48935900000011,35.981189999999991],[-121.48939600000013,35.981222999999993],[-121.48943100000011,35.981256000000002],[-121.48946600000012,35.981291000000006],[-121.48949900000012,35.981325999999996],[-121.48953100000013,35.981362000000004],[-121.48956100000012,35.981397999999999],[-121.48958900000012,35.981436000000002],[-121.48961400000013,35.981475000000003],[-121.48963400000012,35.981513000000007],[-121.48965200000012,35.981552000000001],[-121.48966800000011,35.981591999999992],[-121.48972500000013,35.98175100000001],[-121.48974100000012,35.981788999999992],[-121.48975900000013,35.981824000000003],[-121.48977900000011,35.981856999999991],[-121.48980300000011,35.981886000000003],[-121.48983200000012,35.981908999999995],[-121.48986700000013,35.981924999999997],[-121.48990600000013,35.981936000000005],[-121.48994900000012,35.981943000000001],[-121.48999300000013,35.981946000000001],[-121.49003900000012,35.981946999999998],[-121.49008500000014,35.98194500000001],[-121.49013100000013,35.981940999999999],[-121.49017400000012,35.98193400000001],[-121.49021400000014,35.981923999999992],[-121.49025000000012,35.981909999999999],[-121.49027900000013,35.981890999999997],[-121.49030200000013,35.981863999999995],[-121.49031800000013,35.981830999999993],[-121.49032800000012,35.981794000000001],[-121.49033500000013,35.981754000000009],[-121.49033900000015,35.981712999999992],[-121.49034100000013,35.981670000000001],[-121.49034200000013,35.981447000000003],[-121.49034500000015,35.981355999999991],[-121.49035200000012,35.981220000000008],[-121.49037000000014,35.98095099999999],[-121.49037500000013,35.980861000000004],[-121.49037600000014,35.980772000000009],[-121.49037200000012,35.980686999999996],[-121.49036600000012,35.980602999999988],[-121.49035600000013,35.980517999999996],[-121.49034400000011,35.980434999999993],[-121.49033600000013,35.98039399999999],[-121.49032700000012,35.980352999999994],[-121.49031500000012,35.980313000000002],[-121.49030100000012,35.980273999999994],[-121.49028300000012,35.980236999999995],[-121.49025900000014,35.980200000000004],[-121.49023200000012,35.980164000000002],[-121.49020100000013,35.980128999999998],[-121.49010500000013,35.980025999999995],[-121.49007300000014,35.979991000000005],[-121.49004400000013,35.979955999999994],[-121.49001700000012,35.97991900000001],[-121.48999500000014,35.979881000000006],[-121.48997500000013,35.979841],[-121.48995800000014,35.979801000000009],[-121.48994300000012,35.979759999999999],[-121.48992800000015,35.979718999999996],[-121.48986000000014,35.979509999999998],[-121.48984500000012,35.979468999999987],[-121.48982900000014,35.979427999999999],[-121.48981000000013,35.979388],[-121.48978900000013,35.979348000000002],[-121.48976600000015,35.979309999999998],[-121.48974200000012,35.97927099999999],[-121.48969000000012,35.979195999999995],[-121.48958400000011,35.979046000000004],[-121.48953100000013,35.978970000000004],[-121.48950600000013,35.978931999999993],[-121.48948300000013,35.978892999999999],[-121.48946000000012,35.978853999999998],[-121.48944000000013,35.978812999999995],[-121.48942100000012,35.978771999999992],[-121.48940300000014,35.978729999999999],[-121.48937000000012,35.978645],[-121.48930700000014,35.978473000000008],[-121.48927400000014,35.978388000000002],[-121.48925600000014,35.978346000000002],[-121.48923700000013,35.978304999999999],[-121.48921600000013,35.978265],[-121.48919200000013,35.978225000000002],[-121.48916500000013,35.978188000000003],[-121.48913600000012,35.978152999999992],[-121.48910400000013,35.978118000000002],[-121.48907100000011,35.978084999999986],[-121.48903700000014,35.978053000000003],[-121.48900200000013,35.978022000000003],[-121.48896700000013,35.977993999999995],[-121.48893100000012,35.977967000000007],[-121.48889500000013,35.977944000000008],[-121.48885900000015,35.977924999999992],[-121.48878900000012,35.977896999999992],[-121.48875900000013,35.977879999999999],[-121.48873500000013,35.977857],[-121.48871500000013,35.977828000000002],[-121.48869900000012,35.977794999999993],[-121.48868500000015,35.977760000000004],[-121.48867200000012,35.977721999999993],[-121.48866000000012,35.977681999999994],[-121.48861300000014,35.977520000000005],[-121.48858800000012,35.977440000000009],[-121.48856100000013,35.97735999999999],[-121.48853300000013,35.977279999999993],[-121.48851700000014,35.977240999999992],[-121.48850100000013,35.977202000000005],[-121.48848300000013,35.97716299999999],[-121.48846300000012,35.977124000000003],[-121.48844200000012,35.977084999999995],[-121.48842000000013,35.977047000000013],[-121.48837300000012,35.976973000000001],[-121.48834800000013,35.976936000000002],[-121.48832200000012,35.976900999999991],[-121.48829500000012,35.976866000000001],[-121.48826800000012,35.976831999999995],[-121.48823800000012,35.97679999999999],[-121.48820800000014,35.976771000000006],[-121.48817800000012,35.976744999999994],[-121.48811900000011,35.976697000000001],[-121.48809300000015,35.976672999999998],[-121.48807200000013,35.976645999999995],[-121.48805800000014,35.976616999999997],[-121.48804800000015,35.976585999999998],[-121.48804300000012,35.976553000000003],[-121.48804000000014,35.976518000000006],[-121.48803600000012,35.976408999999997],[-121.48803200000013,35.976368999999991],[-121.48802700000013,35.976328000000002],[-121.48802200000011,35.976286999999992],[-121.48800800000011,35.976205],[-121.48796900000013,35.975997999999997],[-121.48795500000013,35.975914999999993],[-121.48794400000014,35.975830999999999],[-121.48791500000013,35.975580000000001],[-121.48790300000013,35.975496999999997],[-121.48789500000012,35.975455000000004],[-121.48788500000013,35.975415000000005],[-121.48787500000012,35.975375],[-121.48785000000012,35.975294999999996],[-121.48781100000012,35.975174999999993],[-121.48772800000012,35.974936999999997],[-121.48768700000011,35.974817000000002],[-121.48766200000011,35.974738000000002],[-121.48764000000013,35.974656999999993],[-121.48763100000012,35.974617000000002],[-121.48762400000012,35.974576999999989],[-121.48761900000012,35.974534000000006],[-121.48761600000014,35.974491999999998],[-121.48761400000014,35.974406000000002],[-121.48761300000012,35.974233999999996],[-121.48761200000013,35.974190999999998],[-121.48760900000013,35.974148000000007],[-121.48760400000015,35.974104999999994],[-121.48759800000015,35.974064999999996],[-121.48758900000013,35.974024],[-121.48757800000011,35.973984000000009],[-121.48756600000011,35.973945000000001],[-121.48755300000015,35.973905000000002],[-121.48753900000011,35.973865999999994],[-121.48752400000014,35.973827000000014],[-121.48750600000011,35.973790000000008],[-121.48748700000014,35.973753000000002],[-121.48746500000013,35.973717999999998],[-121.48744000000013,35.973683999999999],[-121.48741000000011,35.973652999999999],[-121.48737700000011,35.973623000000003],[-121.48734200000013,35.973594999999996],[-121.48730400000012,35.973568],[-121.48722600000012,35.973514999999992],[-121.48710600000014,35.97343699999999],[-121.48702700000013,35.973384000000003],[-121.48698700000011,35.973356000000003],[-121.48690900000011,35.973298],[-121.48687100000012,35.973269000000002],[-121.48679600000013,35.973208],[-121.48672200000011,35.973147000000004],[-121.48668700000013,35.973115],[-121.48665300000012,35.97308300000001],[-121.48661900000015,35.973050000000001],[-121.48658800000013,35.973016000000001],[-121.48655700000012,35.972980999999997],[-121.48649900000012,35.97290799999999],[-121.48647100000011,35.972872000000002],[-121.48641600000013,35.97279799999999],[-121.48636300000013,35.972723000000002],[-121.48633700000015,35.972684999999991],[-121.48631200000013,35.972646000000005],[-121.48628800000013,35.972608000000001],[-121.48626700000013,35.972569999999997],[-121.48622600000014,35.972494000000005],[-121.48614700000013,35.972340999999993],[-121.48610500000012,35.972265999999991],[-121.48608200000012,35.972228999999999],[-121.48605800000014,35.97219299999999],[-121.48603200000011,35.972158999999998],[-121.48600400000012,35.972125999999996],[-121.48597400000014,35.972093000000001],[-121.48594400000015,35.972059999999999],[-121.48588100000012,35.971996999999995],[-121.48581700000013,35.97193399999999],[-121.48575000000011,35.971873000000009],[-121.48571700000011,35.971842000000002],[-121.48564400000012,35.971780000000003],[-121.48546000000013,35.971626999999991],[-121.48538700000013,35.971564999999998],[-121.48531600000013,35.971502000000001],[-121.48528000000015,35.971467999999994],[-121.48524500000013,35.971432999999998],[-121.48517600000014,35.971363000000004],[-121.48497400000012,35.971150000000002],[-121.48490900000012,35.971081999999996],[-121.48484500000012,35.971017999999994],[-121.48478000000011,35.970956000000001],[-121.48474700000011,35.970925999999999],[-121.48471300000014,35.970896999999994],[-121.48467800000013,35.970869999999998],[-121.48464200000011,35.970845000000004],[-121.48460400000013,35.970822999999996],[-121.48456400000013,35.970805999999996],[-121.48451800000012,35.970791999999996],[-121.48447000000012,35.97078299999999],[-121.48441900000012,35.970776999999998],[-121.48436700000015,35.970773000000001],[-121.48431500000011,35.970770999999992],[-121.48426100000013,35.970770000000002],[-121.48420700000013,35.970770999999999],[-121.48409900000013,35.970773999999999],[-121.48404500000011,35.970776999999998],[-121.48399100000013,35.970780999999995],[-121.48393700000013,35.970785999999997],[-121.48388400000015,35.970793999999998],[-121.48383400000012,35.970803000000004],[-121.48378400000013,35.970813999999983],[-121.48373400000013,35.970826000000002],[-121.48368500000012,35.970839999999995],[-121.48363700000013,35.970854000000003],[-121.48358900000012,35.970870000000005],[-121.48354300000011,35.970885999999993],[-121.48349700000014,35.970903999999997],[-121.48345400000012,35.970923999999989],[-121.48341200000013,35.970944999999993],[-121.48337400000014,35.970970000000008],[-121.48333800000012,35.970998999999999],[-121.48330600000011,35.971032000000001],[-121.48327600000013,35.971066],[-121.48324800000012,35.971102999999992],[-121.48322100000014,35.971139999999998],[-121.48317100000013,35.971217000000003],[-121.48312200000014,35.971294999999998],[-121.48307700000014,35.971374999999995],[-121.48305700000013,35.971414999999993],[-121.48303800000012,35.971456000000003],[-121.48302100000011,35.971496999999992],[-121.48300700000013,35.971538999999993],[-121.48299600000011,35.971583000000003],[-121.48298600000012,35.971626000000008],[-121.48297800000012,35.971669999999996],[-121.48297100000015,35.971713999999999],[-121.48296000000012,35.971802000000004],[-121.48295700000014,35.971845999999999],[-121.48295500000013,35.971890000000009],[-121.48295600000013,35.97193399999999],[-121.48295900000012,35.971978],[-121.48296500000012,35.972017999999998],[-121.48297300000013,35.972057999999997],[-121.48298300000015,35.972097999999995],[-121.48299400000013,35.972138000000001],[-121.48303100000012,35.972257999999997],[-121.48305300000014,35.972338000000008],[-121.48306300000013,35.972378999999997],[-121.48307100000014,35.972418999999995],[-121.48307700000014,35.97246100000001],[-121.48308000000011,35.972504000000001],[-121.48308200000012,35.972546999999992],[-121.48308400000013,35.972633000000002],[-121.48308100000013,35.972718],[-121.48307900000013,35.972760999999998],[-121.48307600000012,35.972803999999996],[-121.48307100000014,35.972847000000002],[-121.48306500000014,35.972889999999992],[-121.48305700000013,35.972931000000003],[-121.48304800000011,35.97297300000001],[-121.48302600000014,35.973056],[-121.48298900000013,35.973179999999999],[-121.48296100000013,35.973261999999998],[-121.48294700000012,35.97330199999999],[-121.48291500000012,35.973382000000001],[-121.48289800000013,35.973421000000002],[-121.48286200000013,35.973497999999999],[-121.48280500000013,35.973612999999986],[-121.48274600000015,35.973727999999994],[-121.48272500000014,35.973765999999991],[-121.48268000000014,35.973846000000002],[-121.48260900000011,35.973963999999995],[-121.48253500000013,35.974081999999996],[-121.48248400000013,35.974158999999993],[-121.48245700000012,35.97419699999999],[-121.48240100000012,35.97427299999999],[-121.48228300000012,35.974421],[-121.48222600000013,35.97449499999999],[-121.48219800000011,35.974532999999994],[-121.48217200000013,35.974570999999997],[-121.48214700000011,35.974610000000006],[-121.48212400000013,35.97464999999999],[-121.48210300000012,35.974692000000005],[-121.48208300000012,35.974733000000001],[-121.48197000000013,35.974987999999996],[-121.48195000000013,35.975030000000004],[-121.48192900000012,35.97507199999999],[-121.48190700000013,35.975110000000008],[-121.48188500000012,35.975147],[-121.48186100000014,35.975183000000001],[-121.48183700000014,35.97521900000001],[-121.48181100000011,35.975252999999995],[-121.48178500000013,35.975287000000002],[-121.48175800000013,35.975318000000001],[-121.48172900000012,35.975346999999999],[-121.48169800000012,35.975372999999998],[-121.48166600000012,35.975392999999997],[-121.48163000000014,35.975408000000002],[-121.48159100000014,35.975414000000001],[-121.48154900000011,35.975415000000005],[-121.48150500000013,35.975409999999997],[-121.48146000000013,35.975400999999991],[-121.48141500000013,35.975390000000004],[-121.48137000000013,35.975376000000004],[-121.48132500000013,35.975360000000002],[-121.48128200000014,35.975342000000005],[-121.48124200000012,35.975321000000008],[-121.48120500000013,35.975298000000009],[-121.48117300000013,35.975271999999983],[-121.48114600000012,35.975240999999997],[-121.48112500000012,35.975207000000005],[-121.48110800000013,35.975169999999999],[-121.48109400000013,35.975132000000002],[-121.48108300000014,35.975092999999994],[-121.48107300000012,35.975053000000003],[-121.48106600000011,35.97501299999999],[-121.48106100000012,35.974972999999999],[-121.48105900000014,35.97493200000001],[-121.48106000000011,35.974891999999997],[-121.48106500000014,35.974851999999998],[-121.48107500000013,35.974809999999998],[-121.48109000000011,35.974769000000009],[-121.48110900000013,35.974729000000004],[-121.48112900000011,35.974687999999993],[-121.48117400000011,35.974608000000003],[-121.48126800000013,35.974447999999995],[-121.48131300000013,35.974370999999998],[-121.48137300000013,35.97425599999999],[-121.48141100000014,35.974178999999999],[-121.48142900000013,35.974141000000003],[-121.48146300000013,35.974063000000001],[-121.48147800000012,35.974024],[-121.48149200000012,35.973984000000002],[-121.48150400000011,35.973941000000018],[-121.48151400000013,35.973897999999998],[-121.48152300000012,35.97385400000001],[-121.48153900000013,35.973767000000002],[-121.48156700000011,35.973591000000006],[-121.48158200000012,35.973503000000001],[-121.48160900000012,35.97337799999999],[-121.48165700000014,35.97317000000001],[-121.48167400000013,35.973087],[-121.48168200000013,35.973044999999992],[-121.48168800000013,35.973002999999991],[-121.48169300000013,35.97296],[-121.48169700000012,35.972918],[-121.48170300000011,35.972831999999997],[-121.48171200000013,35.972659999999991],[-121.48171900000013,35.972574000000002],[-121.48172400000013,35.972532000000001],[-121.48173100000012,35.972490000000001],[-121.48174700000014,35.972407000000004],[-121.48180300000013,35.97215700000001],[-121.48181900000012,35.972073999999999],[-121.48182600000013,35.972031999999999],[-121.48183100000014,35.971988999999994],[-121.48183500000013,35.971947],[-121.48183800000011,35.971904000000002],[-121.48184300000014,35.971817999999992],[-121.48185000000011,35.971646000000007],[-121.48185800000012,35.971343999999995],[-121.48185900000013,35.971215000000001],[-121.48185700000015,35.971129000000005],[-121.48185400000013,35.97108699999999],[-121.48185000000011,35.971044999999997],[-121.48184400000011,35.971003999999994],[-121.48183000000013,35.970922000000002],[-121.48181400000013,35.970841000000007],[-121.48179600000013,35.970758999999994],[-121.48177600000012,35.970677999999992],[-121.48176500000014,35.970637000000004],[-121.48175300000014,35.970596999999991],[-121.48172800000015,35.970517000000001],[-121.48168700000014,35.970396999999984],[-121.48165700000014,35.970317999999992],[-121.48162400000014,35.970239999999997],[-121.48160600000011,35.970201000000003],[-121.48158600000011,35.970163000000007],[-121.48156500000013,35.970123999999998],[-121.48154200000015,35.970086000000002],[-121.48149500000014,35.970011],[-121.48144500000011,35.969937000000002],[-121.48142000000011,35.969900999999993],[-121.48136800000015,35.969830999999999],[-121.48129000000014,35.969735],[-121.48126800000013,35.969704999999998],[-121.48125200000011,35.969675000000002],[-121.48124400000013,35.969645],[-121.48124600000011,35.969616000000002],[-121.48125500000013,35.96958699999999],[-121.48128200000014,35.969525999999995],[-121.48129500000013,35.969493999999983],[-121.48130600000013,35.969455999999994],[-121.48131400000013,35.969417000000007],[-121.48132000000012,35.969377000000001],[-121.48132300000015,35.969335000000001],[-121.48132500000013,35.969293],[-121.48132500000013,35.969250999999986],[-121.48132400000011,35.969208000000009],[-121.48132200000013,35.969164999999997],[-121.48131800000012,35.969122000000006],[-121.48131300000013,35.969079999999998],[-121.48130600000013,35.969039000000002],[-121.48129700000011,35.968997999999999],[-121.48128500000011,35.968958999999998],[-121.48126900000013,35.968922000000006],[-121.48123700000014,35.968855000000005],[-121.48122600000013,35.968825000000002],[-121.48122100000015,35.968799000000011],[-121.48122500000011,35.968777000000003],[-121.48123000000012,35.968770999999997],[-121.48125200000011,35.968757000000004],[-121.48128300000013,35.968748000000005],[-121.48132100000014,35.968741999999999],[-121.48136500000012,35.968738999999999],[-121.48141200000013,35.96873699999999],[-121.48146200000014,35.968736999999997],[-121.48172700000013,35.968741000000001],[-121.48178000000011,35.968741999999999],[-121.48183200000011,35.968741000000001],[-121.48188100000013,35.968738000000002],[-121.48192800000011,35.968733999999998],[-121.48197100000013,35.968725999999997],[-121.48200900000013,35.968714000000013],[-121.48203900000013,35.968696999999992],[-121.48206100000013,35.96867300000001],[-121.48207600000013,35.968642000000003],[-121.48208600000012,35.96860800000001],[-121.48209100000012,35.96857],[-121.48209400000013,35.968530000000001],[-121.48209500000014,35.968487999999986],[-121.48209400000013,35.968445999999993],[-121.48209100000012,35.968358999999992],[-121.48208500000013,35.968271000000009],[-121.48207600000013,35.968184000000008],[-121.48206400000012,35.968098999999995],[-121.48205600000014,35.96805899999999],[-121.48204600000012,35.968018999999991],[-121.48203400000013,35.967981999999999],[-121.48201900000012,35.967947000000002],[-121.48199900000012,35.967916999999993],[-121.48197300000011,35.967891000000002],[-121.48194000000011,35.967872],[-121.48190100000011,35.967858],[-121.48185800000012,35.967847999999989],[-121.48181100000011,35.96784000000001],[-121.48176200000012,35.967835000000001],[-121.48171200000013,35.967830000000006],[-121.48150400000011,35.967815999999999],[-121.48145100000013,35.967812000000002],[-121.48140000000012,35.967806000000003],[-121.48135000000015,35.967798000000009],[-121.48130000000013,35.967788000000006],[-121.48125300000012,35.967775000000003],[-121.48120600000014,35.967756000000001],[-121.48116200000011,35.967733999999993],[-121.48111800000012,35.967709000000006],[-121.48107600000013,35.967681999999996],[-121.48103500000012,35.967652999999999],[-121.48099400000011,35.967624000000008],[-121.48091400000013,35.967562999999991],[-121.48083700000012,35.967501000000006],[-121.48080100000014,35.967469000000001],[-121.48076700000013,35.967438000000001],[-121.48073700000013,35.967405999999997],[-121.48071200000011,35.967374],[-121.48069300000012,35.967342000000009],[-121.48068500000011,35.967310999999995],[-121.48068600000015,35.967287000000006],[-121.48069300000012,35.967264000000007],[-121.48070700000012,35.967243000000003],[-121.48071100000014,35.96723699999999],[-121.48073800000012,35.967211999999989],[-121.48077100000012,35.967188000000007],[-121.48080800000011,35.967165999999992],[-121.48084900000012,35.967145000000009],[-121.48089300000012,35.967125999999993],[-121.48093800000012,35.967106999999999],[-121.48098400000012,35.967089000000001],[-121.48103200000014,35.967071999999995],[-121.48108000000012,35.967056000000007],[-121.48112900000011,35.967041999999999],[-121.48117800000013,35.967028999999997],[-121.48122900000013,35.967019999999998],[-121.48128000000013,35.967011999999997],[-121.48133100000013,35.967005999999998],[-121.48138300000012,35.967001000000003],[-121.48143500000013,35.966998000000004],[-121.48148600000012,35.966996000000009],[-121.48153700000012,35.96699499999999],[-121.48158800000012,35.96699499999999],[-121.48163900000011,35.966996999999999],[-121.48168800000013,35.967001999999994],[-121.48173700000012,35.967010000000009],[-121.48178800000012,35.967023000000005],[-121.48183700000014,35.967039999999997],[-121.48188600000013,35.967060000000004],[-121.48193400000011,35.967081],[-121.48198200000013,35.967103999999992],[-121.48202900000014,35.967127999999995],[-121.48212100000013,35.967177999999997],[-121.48216700000012,35.967203999999995],[-121.48221100000013,35.967229999999994],[-121.48225500000011,35.967257999999994],[-121.48229800000013,35.967286999999999],[-121.48234000000012,35.967318000000013],[-121.48237800000011,35.967348000000001],[-121.48248900000011,35.967440000000003],[-121.48252700000015,35.967469000000015],[-121.48256700000012,35.967495999999997],[-121.48260800000013,35.967522000000002],[-121.48265400000011,35.967545000000001],[-121.48270200000012,35.967564999999986],[-121.48275200000015,35.967584000000002],[-121.48280300000015,35.967600000000004],[-121.48285500000011,35.967616000000007],[-121.48290700000013,35.967629999999986],[-121.48296000000012,35.967641999999991],[-121.48301300000013,35.967652000000001],[-121.48306600000011,35.967660000000009],[-121.48311900000012,35.96766499999999],[-121.48317200000012,35.96766499999999],[-121.48322100000014,35.967659000000005],[-121.48326900000012,35.967649999999999],[-121.48331700000014,35.967637000000003],[-121.48336500000012,35.967621999999992],[-121.48341200000013,35.967604999999992],[-121.48345900000011,35.967587000000009],[-121.48350400000011,35.967567000000003],[-121.48354800000014,35.967545000000001],[-121.48359000000012,35.967522000000002],[-121.48362900000012,35.967497000000002],[-121.48366500000014,35.967469000000001],[-121.48369600000014,35.967438000000001],[-121.48372300000011,35.967405999999997],[-121.48374700000014,35.967371],[-121.48376900000012,35.967334999999984],[-121.48378800000015,35.967298],[-121.48380500000013,35.967260999999993],[-121.48382000000012,35.967223000000004],[-121.48383200000013,35.967185999999998],[-121.48384000000011,35.967148000000002],[-121.48384400000013,35.967110999999996],[-121.48384100000013,35.967075000000001],[-121.48383100000014,35.967038000000002],[-121.48381500000012,35.967002000000001],[-121.48379500000011,35.96696699999999],[-121.48375300000014,35.966896000000006],[-121.48373400000013,35.966861000000002],[-121.48371800000012,35.966825999999998],[-121.48370900000013,35.966789999999996],[-121.48370700000012,35.966754999999999],[-121.48371000000014,35.966718999999991],[-121.48377100000013,35.966344999999997],[-121.48378700000013,35.96625800000001],[-121.48379600000013,35.966214999999991],[-121.48381600000013,35.966132999999999],[-121.48384900000013,35.966010999999995],[-121.48388500000011,35.965890000000009],[-121.48391100000015,35.965811000000002],[-121.48392500000013,35.965772000000001],[-121.48393700000013,35.965741999999992],[-121.48395100000012,35.965711999999996],[-121.48396800000015,35.965682000000001],[-121.48398800000012,35.965653999999986],[-121.48401000000013,35.965626],[-121.48404000000012,35.96559400000001],[-121.48407200000013,35.965562999999996],[-121.48410600000012,35.965531999999996],[-121.48428300000015,35.965381999999998],[-121.48431700000012,35.965351000000005],[-121.48435000000012,35.965319000000001],[-121.48438000000012,35.965285999999999],[-121.48440800000013,35.965250999999988],[-121.48443400000012,35.965215000000001],[-121.48445900000013,35.965177999999995],[-121.48448200000014,35.965141000000003],[-121.48450400000013,35.965102999999992],[-121.48452500000013,35.965064000000005],[-121.48456500000013,35.964986000000003],[-121.48460300000013,35.964906999999997],[-121.48462100000013,35.964866999999998],[-121.48463700000013,35.964827],[-121.48465100000011,35.964788000000006],[-121.48466400000012,35.964747999999986],[-121.48468700000011,35.964666999999999],[-121.48470800000011,35.964586000000004],[-121.48472500000013,35.964504999999996],[-121.48473300000013,35.964464],[-121.48473900000013,35.964422999999996],[-121.48474300000012,35.964381999999993],[-121.48474400000013,35.964342000000002],[-121.48474300000012,35.964298000000014],[-121.48473900000013,35.964253999999997],[-121.48473300000013,35.964210000000001],[-121.48471700000013,35.964121999999996],[-121.48467200000013,35.96390199999999],[-121.48465800000012,35.963816999999999],[-121.48464700000012,35.963734999999993],[-121.48463800000012,35.963651999999996],[-121.48458600000012,35.963157999999993],[-121.48458000000012,35.963076000000001],[-121.48457800000014,35.963035000000005],[-121.48457600000013,35.962993999999995],[-121.48457700000013,35.962952999999992],[-121.48458000000012,35.962911999999989],[-121.48458500000011,35.962870999999993],[-121.48459300000012,35.962829999999997],[-121.48460200000012,35.962789000000001],[-121.48461200000011,35.962749000000002],[-121.48462300000014,35.962707999999992],[-121.48464700000012,35.962626999999998],[-121.48472500000013,35.962383999999993],[-121.48475000000013,35.962304000000003],[-121.48477200000013,35.962222999999994],[-121.48478200000012,35.962183000000003],[-121.48479000000013,35.962142999999998],[-121.48479500000013,35.962102999999992],[-121.48479800000011,35.962063000000001],[-121.48479500000013,35.962024],[-121.48478800000012,35.961984999999991],[-121.48477600000012,35.961947000000002],[-121.48476000000012,35.961908999999991],[-121.48474200000013,35.961872000000014],[-121.48472300000013,35.961834000000003],[-121.48468000000014,35.961759999999998],[-121.48463300000013,35.961686],[-121.48460800000012,35.961649999999992],[-121.48458200000013,35.961613999999997],[-121.48455600000013,35.96157800000001],[-121.48452600000013,35.961541999999994],[-121.48446300000013,35.961469999999998],[-121.48430200000014,35.961295],[-121.48424000000013,35.961222999999997],[-121.48421100000013,35.961187000000002],[-121.48418400000013,35.961151000000001],[-121.48415900000013,35.961114999999999],[-121.48411200000012,35.961041000000002],[-121.48404500000011,35.960927999999988],[-121.48400300000013,35.960851999999996],[-121.48398200000013,35.960813999999992],[-121.48396300000012,35.960775999999996],[-121.48394500000013,35.960737000000002],[-121.48392900000015,35.960698000000001],[-121.48391400000013,35.960654999999981],[-121.48390000000013,35.96061199999999],[-121.48387600000014,35.960524999999997],[-121.48382400000013,35.960306000000003],[-121.48380100000011,35.960219000000002],[-121.48378900000012,35.960174999999992],[-121.48376200000011,35.960089000000004],[-121.48371900000012,35.959960000000009],[-121.48367300000012,35.959831999999992],[-121.48364000000012,35.959746999999986],[-121.48360700000013,35.959670000000003],[-121.48355400000013,35.959555999999992],[-121.48351800000015,35.959480000000006],[-121.48348000000011,35.959404999999997],[-121.48344000000014,35.959329999999994],[-121.48342000000011,35.959291999999998],[-121.48337600000013,35.959216999999995],[-121.48333200000012,35.959141999999993],[-121.48328700000012,35.959067999999988],[-121.48324000000011,35.958993000000007],[-121.48319200000013,35.958919999999999],[-121.48314200000013,35.958846999999999],[-121.48308800000012,35.958773999999998],[-121.48297900000013,35.958629999999999],[-121.48292500000011,35.958556999999999],[-121.48290000000011,35.958521000000005],[-121.48287600000012,35.958482999999987],[-121.48285400000015,35.958446999999992],[-121.48283300000013,35.958409999999986],[-121.48279300000013,35.958336000000003],[-121.48269700000013,35.958148000000008],[-121.48265800000013,35.958072999999999],[-121.48263700000012,35.958035000000002],[-121.48257200000015,35.957921999999996],[-121.48243900000013,35.957696999999996],[-121.48239700000013,35.957621000000017],[-121.48235700000014,35.957546999999998],[-121.48230100000013,35.957432999999995],[-121.48226700000011,35.957357000000002],[-121.48223500000013,35.95727999999999],[-121.48222200000011,35.95724100000001],[-121.48221000000011,35.957202000000009],[-121.48220000000012,35.95716199999999],[-121.48219300000012,35.957121999999991],[-121.48218700000012,35.957081000000009],[-121.48218200000012,35.957041000000004],[-121.48217800000013,35.957000000000001],[-121.48217100000011,35.956918999999999],[-121.48216700000012,35.956840000000007],[-121.48216200000013,35.956727999999991],[-121.48215800000014,35.956693000000001],[-121.48214800000012,35.956657999999997],[-121.48213400000014,35.95662200000001],[-121.48211600000012,35.956586999999992],[-121.48209500000014,35.956551999999995],[-121.48207300000013,35.956516999999998],[-121.48200300000013,35.956411000000003],[-121.48198000000012,35.956375000000001],[-121.48195800000013,35.956339],[-121.48191600000013,35.956265000000002],[-121.48187700000011,35.956189999999999],[-121.48182100000012,35.956077000000001],[-121.48164600000013,35.955711999999991],[-121.48158500000014,35.955587000000008],[-121.48154100000013,35.955504999999995],[-121.48152000000013,35.955466999999999],[-121.48141200000013,35.955279999999995],[-121.48139200000013,35.955241999999991],[-121.48137300000013,35.955204999999999],[-121.48135600000015,35.955167000000003],[-121.48134100000014,35.955128999999992],[-121.48132900000014,35.95509100000001],[-121.48132000000012,35.95505],[-121.48131400000013,35.955008999999997],[-121.48130600000013,35.95492999999999],[-121.48130000000013,35.954892000000008],[-121.48129200000012,35.954855999999985],[-121.48128000000013,35.954822999999998],[-121.48126100000013,35.954793999999993],[-121.48123800000013,35.95477300000001],[-121.48121100000013,35.954754000000008],[-121.48115000000011,35.954718999999997],[-121.48112000000013,35.954701],[-121.48109200000015,35.95468000000001],[-121.48106500000014,35.954652000000003],[-121.48104200000013,35.954621000000003],[-121.48102200000012,35.954586999999997],[-121.48100400000013,35.954551000000002],[-121.48098800000011,35.954512999999992],[-121.48097400000013,35.954475000000002],[-121.48094700000013,35.954394999999991],[-121.48092400000014,35.954314000000004],[-121.48091400000013,35.954273999999991],[-121.48090600000012,35.954233000000009],[-121.48089900000012,35.954191999999992],[-121.48089500000013,35.954151000000003],[-121.48089400000012,35.954109999999993],[-121.48089800000011,35.954067999999999],[-121.48090500000013,35.954025999999985],[-121.48091400000013,35.953983999999998],[-121.48093700000011,35.953901000000002],[-121.48098900000012,35.953732999999993],[-121.48101000000013,35.953651999999991],[-121.48103000000013,35.953569999999999],[-121.48104700000015,35.953488999999998],[-121.48106400000013,35.953407000000006],[-121.48107800000011,35.953326000000004],[-121.48108300000014,35.953284999999987],[-121.48108800000013,35.953243999999991],[-121.48109100000013,35.953203000000002],[-121.48109200000015,35.953162000000006],[-121.48109100000013,35.953120000000006],[-121.48108600000012,35.953037999999999],[-121.48107500000013,35.952914000000007],[-121.48106500000014,35.952832000000008],[-121.48105300000014,35.952748999999997],[-121.48104000000012,35.952668000000003],[-121.48102500000013,35.952587999999999],[-121.48100000000011,35.952466999999992],[-121.48098200000011,35.952387000000009],[-121.48096200000013,35.952307999999995],[-121.48093900000012,35.952224999999984],[-121.48091300000013,35.952137999999991],[-121.48086900000013,35.952010000000001],[-121.48083800000013,35.951923999999998],[-121.48080400000012,35.95183999999999],[-121.48078500000013,35.951797999999989],[-121.48076600000013,35.951760000000007],[-121.48074500000013,35.951722000000004],[-121.48072400000011,35.951684999999998],[-121.48067900000011,35.951610999999993],[-121.48063200000013,35.951537999999999],[-121.48060800000013,35.951502000000005],[-121.48058200000014,35.951466000000003],[-121.48055600000013,35.951430999999999],[-121.48052900000013,35.951396000000003],[-121.48049800000014,35.951358999999997],[-121.48046500000014,35.951323999999993],[-121.48043200000014,35.951289000000003],[-121.48036300000014,35.951218999999995],[-121.48025700000012,35.951117000000011],[-121.47966100000011,35.950542999999996],[-121.47956100000012,35.950448000000002],[-121.47949400000013,35.95038499999999],[-121.47942400000011,35.950324000000002],[-121.47938900000013,35.950294],[-121.47935200000013,35.950265000000002],[-121.47931500000011,35.950237000000001],[-121.47927400000013,35.950209999999998],[-121.47923200000012,35.950183000000003],[-121.47918900000012,35.950158000000002],[-121.47906000000012,35.95008399999999],[-121.47901800000014,35.950060000000001],[-121.47897800000013,35.950034999999986],[-121.47894100000013,35.950010000000006],[-121.47890600000012,35.949984000000001],[-121.47887600000013,35.949957999999995],[-121.47886000000013,35.949941000000003],[-121.47884700000012,35.949922999999991],[-121.47883300000012,35.949894999999998],[-121.47882400000013,35.949866000000007],[-121.47880700000015,35.949804999999998],[-121.47879400000012,35.949775999999993],[-121.47877300000013,35.949745],[-121.47874600000013,35.949716000000002],[-121.47871400000012,35.949686999999997],[-121.47867900000011,35.949658999999997],[-121.47864100000012,35.949631999999994],[-121.47856000000013,35.949578000000002],[-121.47847500000013,35.949525000000001],[-121.47834600000013,35.949446999999992],[-121.47821500000015,35.949370000000002],[-121.47812600000012,35.949322000000009],[-121.47808200000013,35.949298999999996],[-121.47803700000013,35.949278999999983],[-121.47799100000012,35.949261],[-121.47794500000015,35.949245999999995],[-121.47789700000013,35.949236999999997],[-121.47785000000012,35.949232999999992],[-121.47780200000014,35.949233],[-121.47775400000012,35.949236999999989],[-121.47770500000013,35.949242000000005],[-121.47755700000013,35.949259999999995],[-121.47750800000011,35.949263999999999],[-121.47746000000014,35.949265000000004],[-121.47741400000012,35.949261999999983],[-121.47736900000012,35.949254999999994],[-121.47732700000014,35.94924300000001],[-121.47728800000014,35.949227],[-121.47725200000012,35.949207000000001],[-121.47722200000014,35.949183999999988],[-121.47719800000014,35.949157999999997],[-121.47718100000013,35.949124999999995],[-121.47717100000014,35.949088000000003],[-121.47716600000011,35.949049000000002],[-121.47716600000011,35.949008999999997],[-121.47716800000012,35.948967000000003],[-121.47717300000012,35.948923999999998],[-121.47718100000013,35.948880999999993],[-121.47719000000011,35.948838000000002],[-121.47720100000012,35.948794999999997],[-121.47721500000013,35.948752000000006],[-121.47723100000012,35.948709000000001],[-121.47724800000013,35.948666999999993],[-121.47728400000013,35.948581999999995],[-121.47734200000012,35.948456],[-121.47742100000013,35.948287999999991],[-121.47759900000013,35.947915000000002],[-121.47761700000012,35.947873999999999],[-121.47763400000014,35.947834],[-121.47764800000014,35.947793000000004],[-121.47765900000013,35.947752999999999],[-121.47766600000013,35.947713],[-121.47766600000013,35.947674000000006],[-121.47766000000013,35.947636999999993],[-121.47764700000013,35.947602000000003],[-121.47763000000015,35.947568999999994],[-121.47760900000014,35.947537000000004],[-121.47758500000015,35.947508999999997],[-121.47755800000014,35.947483999999996],[-121.47752800000012,35.947463999999989],[-121.47749400000012,35.947451000000001],[-121.47745300000012,35.947445999999992],[-121.47740900000011,35.947448999999992],[-121.47736300000012,35.947457],[-121.47731500000012,35.947468999999998],[-121.47726500000013,35.947483999999996],[-121.47721500000013,35.947501000000003],[-121.47716400000013,35.947519000000007],[-121.47695900000011,35.947592999999998],[-121.47685700000011,35.947628000000009],[-121.47675500000013,35.947659999999999],[-121.47670500000012,35.94767499999999],[-121.47665500000014,35.947687999999992],[-121.47660700000012,35.947699000000007],[-121.47655900000014,35.947707999999999],[-121.47651400000014,35.947713],[-121.47647200000011,35.947711999999996],[-121.47643300000011,35.947704999999999],[-121.47641100000013,35.947695000000003],[-121.47638000000013,35.947675999999994],[-121.47635100000012,35.947651],[-121.47632400000015,35.947621999999996],[-121.47629900000013,35.947589999999998],[-121.47627400000013,35.947557000000003],[-121.47625000000014,35.947521999999999],[-121.47615300000012,35.947375999999991],[-121.47610200000014,35.947302000000001],[-121.47604800000012,35.947227999999996],[-121.47596700000014,35.947117999999996],[-121.47591400000013,35.947045000000003],[-121.47588800000013,35.947007999999997],[-121.47586400000013,35.946970999999991],[-121.47584200000013,35.946933000000001],[-121.47582100000011,35.946891999999998],[-121.47580100000013,35.946849999999991],[-121.47578400000012,35.946808000000004],[-121.47576700000013,35.946765999999997],[-121.47573700000011,35.946680999999991],[-121.47572400000014,35.946637999999993],[-121.47571200000012,35.946595000000002],[-121.47570200000013,35.946551999999997],[-121.47569400000012,35.946508000000001],[-121.47569000000013,35.946465000000003],[-121.47568900000013,35.946424999999998],[-121.47569100000014,35.946384000000002],[-121.47569500000013,35.946342999999999],[-121.47570700000013,35.946261999999997],[-121.47572100000012,35.946179999999998],[-121.47575300000013,35.946016999999998],[-121.47576700000013,35.945934999999992],[-121.47578000000013,35.945847999999998],[-121.47579100000013,35.945762000000002],[-121.47581000000012,35.945588999999991],[-121.47582000000014,35.945459],[-121.47582400000013,35.945373000000004],[-121.47582500000013,35.945245999999983],[-121.47582200000012,35.945118999999998],[-121.47581700000012,35.945034999999997],[-121.47581300000013,35.94499299999999],[-121.47580700000013,35.944952000000001],[-121.47579900000014,35.944911000000005],[-121.47578900000015,35.944869999999995],[-121.47577500000014,35.944831000000001],[-121.47575800000013,35.944792999999997],[-121.47574000000013,35.944755000000001],[-121.47571900000013,35.944717999999995],[-121.47569700000014,35.94468100000001],[-121.47567400000013,35.944645000000001],[-121.47565000000013,35.944609000000007],[-121.47562500000014,35.944573000000005],[-121.47559800000012,35.944537999999994],[-121.47557000000015,35.944504999999999],[-121.47554000000012,35.944472000000005],[-121.47550500000014,35.944438999999996],[-121.47546800000015,35.94440800000001],[-121.47543000000012,35.944377000000003],[-121.47535000000013,35.944317999999988],[-121.47522800000014,35.944229999999997],[-121.47514900000013,35.94417],[-121.47511100000013,35.944138999999993],[-121.47507400000013,35.944106999999995],[-121.47500400000011,35.944040999999984],[-121.47490200000011,35.943939],[-121.47477000000013,35.943799999999996],[-121.47464200000013,35.94365899999999],[-121.47454800000013,35.943552999999994],[-121.47448600000013,35.943482000000003],[-121.47442500000011,35.94341],[-121.47439600000013,35.943373999999991],[-121.47436700000011,35.943337],[-121.47434100000011,35.943301000000005],[-121.47431600000012,35.943266000000001],[-121.47426800000014,35.943193000000008],[-121.47422200000013,35.943119000000003],[-121.47417800000014,35.943044999999991],[-121.47413700000013,35.942968999999991],[-121.47411800000012,35.942931000000002],[-121.47409900000012,35.942888999999994],[-121.47406600000012,35.942805],[-121.47401700000013,35.942678000000001],[-121.47400100000011,35.942636],[-121.47398300000013,35.942594],[-121.47396300000013,35.942552999999997],[-121.47394200000012,35.942514000000003],[-121.47391700000011,35.942475000000002],[-121.47389000000011,35.942441000000002],[-121.47386000000012,35.942408999999998],[-121.47382700000011,35.942377000000015],[-121.47379400000011,35.942345999999993],[-121.47375900000013,35.942315999999991],[-121.47368600000011,35.942256000000008],[-121.47350200000014,35.942109999999992],[-121.47346700000013,35.942081000000002],[-121.47343300000014,35.942051999999997],[-121.47340200000012,35.942020999999997],[-121.47337400000013,35.941990000000004],[-121.47335100000012,35.94195599999999],[-121.47333200000013,35.941918999999999],[-121.47332000000013,35.941879999999998],[-121.47331100000011,35.941838999999995],[-121.47330400000014,35.941797999999991],[-121.47330000000012,35.941754999999993],[-121.47329700000013,35.941713],[-121.47328800000012,35.941538999999999],[-121.47328500000013,35.941495999999994],[-121.47328100000013,35.941453000000003],[-121.47327500000013,35.941409999999991],[-121.47326600000011,35.941368000000004],[-121.47325500000012,35.941327000000008],[-121.47323900000013,35.941286000000005],[-121.47322000000014,35.941245000000002],[-121.47319800000012,35.941206000000001],[-121.47317400000013,35.941166000000003],[-121.47312400000014,35.941088000000008],[-121.47307100000013,35.941011000000003],[-121.47277200000015,35.940586000000003],[-121.47244700000013,35.940119999999993],[-121.47157900000013,35.938873000000001],[-121.47120100000012,35.938326999999994],[-121.47114600000013,35.938249000000006],[-121.47109000000013,35.938172000000009],[-121.47103200000011,35.938097000000006],[-121.47100100000014,35.93806],[-121.47096900000011,35.938023999999992],[-121.47093600000011,35.937991000000004],[-121.47090200000014,35.937958999999985],[-121.47086700000013,35.937928000000007],[-121.47083000000012,35.937897000000007],[-121.47075600000011,35.937835999999983],[-121.47053000000014,35.937655999999997],[-121.47041800000012,35.937564999999999],[-121.47034600000015,35.937503],[-121.47031100000014,35.937471000000002],[-121.47027700000012,35.937438],[-121.47024300000012,35.937403000000003],[-121.47021100000012,35.937367000000002],[-121.47018000000013,35.937330000000003],[-121.47011800000014,35.937255999999991],[-121.46999700000013,35.937106999999997],[-121.46993400000012,35.937034000000004],[-121.46990100000012,35.936998999999993],[-121.46986700000011,35.936964999999994],[-121.46983000000014,35.936933000000003],[-121.46979000000013,35.936902999999994],[-121.46974800000012,35.936874000000017],[-121.46970500000013,35.936846999999993],[-121.46966000000013,35.936821000000002],[-121.46956900000012,35.936770999999993],[-121.46942900000013,35.936697000000002],[-121.46928800000013,35.936624999999999],[-121.46919300000015,35.936579000000002],[-121.46914600000014,35.936557000000001],[-121.46909800000012,35.93653599999999],[-121.46905100000012,35.936517000000002],[-121.46900300000013,35.936500999999993],[-121.46895500000012,35.936489000000002],[-121.46890600000013,35.936480999999986],[-121.46885700000014,35.936478999999999],[-121.46880800000012,35.936480999999993],[-121.46871000000014,35.936490999999997],[-121.46866200000012,35.936493999999989],[-121.46861600000013,35.936493000000006],[-121.46857300000013,35.936487],[-121.46853300000012,35.936475000000016],[-121.46849500000013,35.936456000000007],[-121.46845900000011,35.936435000000003],[-121.46838800000013,35.936388999999991],[-121.46835200000012,35.936368000000002],[-121.46831500000013,35.936351000000002],[-121.46827600000013,35.93633899999999],[-121.46823400000011,35.93633599999999],[-121.46819000000015,35.936339000000004],[-121.46814500000015,35.936347999999988],[-121.46809800000014,35.936358999999996],[-121.46805100000013,35.936374000000001],[-121.46800400000012,35.936389999999996],[-121.46790700000012,35.936425],[-121.46776100000012,35.936482000000005],[-121.46756600000012,35.936559999999993],[-121.46746900000012,35.936599999999999],[-121.46737300000012,35.936640999999995],[-121.46732600000014,35.936661999999991],[-121.46728000000013,35.936684],[-121.46723500000013,35.936707999999996],[-121.46719100000014,35.93673299999999],[-121.46714900000012,35.936759000000009],[-121.46706800000014,35.936813999999998],[-121.46698700000012,35.936870999999989],[-121.46690800000015,35.936928999999992],[-121.46678900000013,35.937016999999997],[-121.46671200000013,35.937075999999998],[-121.46663800000015,35.937136000000002],[-121.46660300000013,35.937165999999991],[-121.46657100000013,35.937196999999991],[-121.46654200000015,35.937228999999995],[-121.46651900000013,35.93726199999999],[-121.46650200000013,35.937297000000001],[-121.46649300000013,35.937331999999991],[-121.46649000000012,35.937370000000001],[-121.46649300000013,35.937407999999998],[-121.46649800000012,35.937446999999985],[-121.46650600000012,35.937486999999997],[-121.46651600000011,35.937526999999996],[-121.46655800000013,35.937690000000011],[-121.46656700000011,35.937730999999992],[-121.46657500000015,35.937772000000002],[-121.46658000000012,35.937812999999991],[-121.46658200000012,35.937852999999997],[-121.46658000000012,35.937896000000009],[-121.46657400000012,35.937938999999993],[-121.46656600000014,35.937982000000005],[-121.46655500000011,35.938025000000003],[-121.46654300000012,35.938068000000001],[-121.46653100000013,35.938110999999992],[-121.46650300000015,35.938195999999998],[-121.46646000000013,35.938323999999994],[-121.46643000000013,35.938409999999998],[-121.46639900000011,35.938493999999999],[-121.46638300000012,35.938535000000002],[-121.46631500000011,35.938696999999991],[-121.46615800000012,35.939059],[-121.46608900000014,35.939220999999996],[-121.46565700000014,35.940258999999998],[-121.46562300000012,35.940341999999994],[-121.46559000000015,35.940426000000009],[-121.46556000000012,35.940508999999992],[-121.46554700000013,35.940550999999999],[-121.46553500000013,35.94059399999999],[-121.46552600000012,35.940636999999995],[-121.46551800000015,35.940679999999993],[-121.46551200000015,35.940724000000003],[-121.46550200000013,35.940810999999997],[-121.46548900000013,35.940943000000004],[-121.46543500000011,35.941603000000001],[-121.46538700000013,35.942210000000003],[-121.46537400000012,35.942338999999997],[-121.46536300000011,35.942425000000007],[-121.46535500000013,35.942468000000005],[-121.46534600000012,35.942509999999992],[-121.46533500000012,35.942553999999994],[-121.46532200000013,35.942596000000009],[-121.46529100000014,35.942682000000005],[-121.46524100000013,35.942808999999997],[-121.46515500000012,35.943021000000002],[-121.46512200000012,35.943105999999993],[-121.46510700000015,35.943147999999994],[-121.46509200000014,35.943190999999992],[-121.46507900000013,35.943234000000004],[-121.46506800000014,35.943277000000002],[-121.46506000000011,35.943319999999993],[-121.46505600000012,35.943362],[-121.46505400000011,35.943404999999991],[-121.46505500000013,35.943447999999997],[-121.46505700000013,35.943491999999999],[-121.46506300000011,35.943577999999995],[-121.46507200000013,35.943664999999996],[-121.46511900000014,35.944101000000003],[-121.46516900000013,35.944579000000012],[-121.46518500000012,35.944708999999996],[-121.46519900000013,35.94479599999999],[-121.46520700000013,35.944838999999995],[-121.46521800000012,35.944882],[-121.46522900000012,35.944924],[-121.46524200000015,35.944966999999998],[-121.46526800000012,35.945051999999997],[-121.46534000000013,35.945263999999987],[-121.46548700000012,35.945687999999997],[-121.46552900000013,35.945815000000003],[-121.46555400000013,35.945900000000002],[-121.46556400000011,35.945942000000002],[-121.46557100000012,35.945984000000003],[-121.46557600000011,35.946025999999996],[-121.46557600000011,35.94606799999999],[-121.46557000000011,35.946108999999993],[-121.46556000000012,35.946149999999996],[-121.46554700000013,35.946190999999999],[-121.46553200000012,35.946230999999997],[-121.46551500000012,35.946272000000008],[-121.46547800000013,35.946352999999995],[-121.46543800000013,35.946433999999996],[-121.46515400000013,35.947001],[-121.46511600000012,35.947081999999995],[-121.46509900000011,35.947122],[-121.46508300000012,35.947161999999999],[-121.46506900000011,35.947201999999997],[-121.46505800000013,35.947241999999996],[-121.46505200000013,35.947281999999987],[-121.46505200000013,35.947320999999995],[-121.46505900000012,35.947360999999994],[-121.46507300000013,35.947400999999999],[-121.46509100000013,35.94744],[-121.46511300000014,35.947479000000008],[-121.46513700000014,35.947518000000002],[-121.46516200000013,35.947557000000003],[-121.46521600000011,35.947634999999991],[-121.46546600000013,35.947982999999994],[-121.46563100000013,35.948215999999995],[-121.46740600000012,35.950735000000002],[-121.46762600000012,35.951044999999993],[-121.46784800000015,35.951354999999992],[-121.46792900000013,35.951471000000005],[-121.46795500000013,35.951509999999992],[-121.46797900000013,35.951549000000007],[-121.46800200000011,35.951588000000001],[-121.46802200000015,35.951627999999999],[-121.46803900000013,35.951667999999998],[-121.46805100000013,35.951709000000001],[-121.46805700000013,35.951750999999994],[-121.46805800000013,35.951792999999995],[-121.46805500000015,35.951836],[-121.46805000000012,35.951880000000003],[-121.46804300000012,35.951923000000001],[-121.46802500000013,35.952010000000016],[-121.46790400000013,35.952536999999992],[-121.46777700000011,35.953106999999996],[-121.46694900000013,35.956834999999998],[-121.46686300000015,35.957229999999996],[-121.46677700000014,35.957625000000007],[-121.46674700000011,35.95775600000001],[-121.46673500000011,35.957799999999999],[-121.46672300000012,35.957842999999997],[-121.46670900000012,35.95788499999999],[-121.46669300000013,35.957926999999991],[-121.46667400000013,35.957967999999994],[-121.46665200000012,35.958007000000016],[-121.46662700000012,35.958045999999996],[-121.46659900000014,35.958083999999999],[-121.46657000000013,35.958122000000003],[-121.46654000000014,35.958159000000009],[-121.46647800000012,35.958233],[-121.46612900000011,35.958635000000008],[-121.46587600000014,35.958928],[-121.46319900000013,35.962034000000003],[-121.46282200000014,35.962473999999993],[-121.46247800000013,35.962879999999991],[-121.46241400000012,35.962951999999994],[-121.46238200000013,35.962987000000005],[-121.46234900000013,35.963022000000002],[-121.46231500000012,35.963053999999993],[-121.46228000000013,35.963085],[-121.46224300000011,35.963112999999986],[-121.46221400000013,35.96313],[-121.46218400000011,35.96314499999999],[-121.46215100000013,35.963157999999993],[-121.46211500000013,35.96316800000001],[-121.46206600000014,35.963180000000001],[-121.46201400000012,35.96318999999999],[-121.46196100000012,35.963200000000001],[-121.46190700000014,35.963208000000002],[-121.46163300000012,35.963248999999983],[-121.46152400000013,35.963267999999992],[-121.46147000000013,35.963279],[-121.46142100000013,35.963290000000008],[-121.46137200000014,35.96330300000001],[-121.46132400000012,35.963314999999994],[-121.46122800000012,35.963342999999995],[-121.46113400000013,35.963373000000004],[-121.46108700000012,35.963388999999999],[-121.46104100000012,35.963405000000002],[-121.46099600000012,35.963422999999992],[-121.46095100000012,35.963442000000008],[-121.46090500000012,35.963464000000009],[-121.46085900000011,35.963487000000008],[-121.46081400000011,35.963511000000004],[-121.46072600000012,35.963562000000003],[-121.46055000000011,35.963664000000009],[-121.46046000000011,35.96371400000001],[-121.46041600000012,35.963737000000002],[-121.46032600000012,35.963782000000002],[-121.46010100000012,35.963893000000006],[-121.46001200000012,35.963937999999999],[-121.45996900000013,35.963962000000002],[-121.45992700000012,35.96398700000001],[-121.45988600000014,35.964013000000001],[-121.45984600000013,35.964039],[-121.45976900000014,35.964095],[-121.45969400000014,35.964151999999999],[-121.45958300000014,35.964239999999997],[-121.45951100000013,35.964300000000001],[-121.45947600000012,35.964331000000008],[-121.45940700000013,35.964393999999992],[-121.45930600000013,35.964490000000005],[-121.45920800000013,35.964587000000002],[-121.45914600000013,35.964653999999996],[-121.45911600000012,35.964687999999995],[-121.45908800000014,35.964722999999992],[-121.45906200000013,35.964759000000008],[-121.45903800000013,35.964796000000007],[-121.45901500000012,35.964833999999996],[-121.45897200000013,35.964910999999994],[-121.45895200000012,35.964950000000009],[-121.45891200000013,35.965028000000004],[-121.45887400000012,35.96510700000001],[-121.45885700000011,35.965147000000002],[-121.45884000000012,35.965187],[-121.45881100000014,35.965265999999993],[-121.45874400000012,35.965466999999997],[-121.45871700000012,35.965547000000001],[-121.45870100000013,35.965586999999999],[-121.45868500000012,35.965626],[-121.45866600000012,35.965665999999992],[-121.45864600000012,35.965705999999997],[-121.45860300000012,35.965784999999997],[-121.45858000000014,35.965823],[-121.45853300000013,35.965901000000002],[-121.45848400000014,35.965977000000002],[-121.45845800000011,35.966014000000008],[-121.45843000000012,35.966051],[-121.45840200000015,35.966085999999997],[-121.45834300000011,35.966155999999998],[-121.45828100000013,35.966224999999994],[-121.45818600000013,35.966326000000002],[-121.45808900000013,35.966425999999998],[-121.45805600000013,35.966459],[-121.45798600000013,35.966526000000002],[-121.45777200000012,35.966725999999994],[-121.45766700000014,35.966825999999998],[-121.45756900000013,35.966926000000001],[-121.45737700000011,35.967127999999995],[-121.45728000000014,35.967227999999992],[-121.45721000000013,35.96729599999999],[-121.45714000000011,35.967362000000001],[-121.45699600000013,35.967494000000002],[-121.45688600000013,35.96759200000001],[-121.45681300000012,35.967650999999996],[-121.45674000000011,35.967710000000004],[-121.45666500000011,35.967768000000007],[-121.45658900000012,35.967825000000005],[-121.45651100000012,35.967879000000003],[-121.45647000000011,35.967904999999995],[-121.45642800000013,35.967931000000007],[-121.45634200000013,35.967978999999985],[-121.45616600000014,35.968071999999999],[-121.45607900000012,35.968118999999987],[-121.45603600000013,35.968142999999998],[-121.45599400000015,35.968169000000003],[-121.45595400000013,35.968195000000001],[-121.45587600000013,35.968248999999986],[-121.45568600000011,35.968390999999997],[-121.45560800000011,35.968446],[-121.45556900000011,35.968473000000003],[-121.45552700000013,35.968500999999996],[-121.45544100000012,35.968553999999997],[-121.45535400000013,35.968604999999997],[-121.45508900000013,35.968757000000018],[-121.45500100000014,35.968808000000003],[-121.45456400000013,35.969068000000014],[-121.45443200000012,35.969144999999997],[-121.45407800000012,35.969345999999994],[-121.45394600000013,35.969422999999999],[-121.45381500000012,35.969500999999987],[-121.45372900000011,35.969554000000009],[-121.45364400000014,35.969608999999991],[-121.45360300000013,35.969636999999992],[-121.45356300000012,35.969665999999997],[-121.45352500000013,35.969695999999992],[-121.45345100000013,35.969756999999994],[-121.45337900000013,35.969819999999999],[-121.45327300000012,35.969916999999995],[-121.45316800000013,35.970013999999992],[-121.45306500000011,35.970111999999993],[-121.45299800000012,35.97017799999999],[-121.45293300000012,35.970244999999998],[-121.45283800000013,35.97034699999999],[-121.45277500000013,35.970415000000003],[-121.45271400000013,35.970483999999999],[-121.45265500000012,35.970554000000007],[-121.45259700000011,35.970629000000002],[-121.45248500000014,35.970780999999995],[-121.45242800000014,35.970856000000005],[-121.45239900000013,35.970892999999997],[-121.45236800000012,35.970929999999989],[-121.45233600000013,35.970965],[-121.45229900000014,35.971003000000003],[-121.45226500000012,35.971036999999995],[-121.45219300000012,35.97110099999999],[-121.45208100000013,35.971195999999992],[-121.45200500000011,35.971257999999999],[-121.45196600000011,35.971287999999994],[-121.45192700000011,35.971316999999999],[-121.45188700000013,35.971345000000007],[-121.45184600000013,35.971371999999995],[-121.45180300000013,35.971395999999999],[-121.45175900000011,35.971416999999988],[-121.45171200000013,35.971434000000002],[-121.45166300000011,35.971447999999995],[-121.45161300000012,35.97146],[-121.45156100000011,35.971470999999994],[-121.45150900000014,35.97148],[-121.45140400000014,35.971496000000002],[-121.45129700000011,35.971511],[-121.45113700000012,35.971532000000003],[-121.45103000000013,35.971544999999999],[-121.45092300000015,35.971556999999997],[-121.45086900000013,35.971561999999999],[-121.45081600000012,35.971565999999989],[-121.45076200000011,35.971567999999998],[-121.45070800000013,35.971567999999998],[-121.45065400000011,35.971567000000007],[-121.45054600000013,35.971561999999999],[-121.45043700000012,35.971554999999995],[-121.45032900000012,35.971546999999994],[-121.45005800000015,35.971523999999995],[-121.44995100000014,35.971513000000009],[-121.44989700000012,35.971506999999995],[-121.44984400000013,35.971499999999992],[-121.44979100000015,35.971491000000007],[-121.44973800000017,35.971481000000004],[-121.44968800000011,35.971468999999992],[-121.44963800000012,35.971456000000003],[-121.44958900000013,35.971441999999996],[-121.44953900000014,35.971426000000001],[-121.44944100000014,35.971394000000004],[-121.44919700000014,35.971309999999995],[-121.44910000000013,35.971278000000005],[-121.44905100000011,35.971262999999993],[-121.44900200000015,35.971249999999998],[-121.44895200000013,35.971238],[-121.44890300000017,35.971229000000001],[-121.44885300000014,35.971222999999995],[-121.44880200000014,35.971221999999997],[-121.44875000000015,35.971224000000007],[-121.44869800000012,35.971227999999996],[-121.44864600000014,35.971234999999993],[-121.44854200000016,35.971251000000002],[-121.44838500000016,35.971280000000007],[-121.44791300000014,35.971370999999998],[-121.44764700000016,35.971420000000002],[-121.44689000000015,35.971555000000002],[-121.44672700000014,35.971582000000005],[-121.44661800000017,35.971598000000007],[-121.44656300000015,35.971603999999999],[-121.44645600000015,35.971614000000002],[-121.44634900000014,35.971622000000004],[-121.44618700000014,35.971631000000002],[-121.44543000000014,35.971668000000001],[-121.44443600000014,35.971709999999987],[-121.44427100000014,35.971718999999993],[-121.44421600000015,35.971723000000004],[-121.44416200000015,35.971727999999999],[-121.44410800000016,35.971733999999998],[-121.44405400000015,35.971741999999985],[-121.44400200000015,35.971752000000009],[-121.44395100000015,35.97176300000001],[-121.44385000000015,35.971787999999997],[-121.44375000000015,35.971816999999994],[-121.44354900000016,35.971874999999997],[-121.44344900000016,35.971901999999993],[-121.44339900000016,35.971915000000003],[-121.44334900000014,35.971924999999985],[-121.44329900000014,35.97193399999999],[-121.44324900000015,35.971940000000004],[-121.44319900000016,35.971941999999991],[-121.44314800000016,35.971939999999996],[-121.44309600000015,35.971932999999993],[-121.44304500000015,35.971922999999997],[-121.44299400000016,35.971911999999996],[-121.44294300000016,35.971898000000003],[-121.44284000000016,35.971868999999998],[-121.44253200000014,35.971775000000001],[-121.44242900000016,35.971743999999994],[-121.44232500000017,35.97171500000001],[-121.44227300000016,35.971702000000001],[-121.44222100000016,35.971688999999991],[-121.44216800000015,35.971677999999997],[-121.44211500000014,35.971668999999999],[-121.44206200000016,35.971660999999997],[-121.44200900000016,35.971656000000003],[-121.44179700000014,35.971639000000003],[-121.44174700000016,35.971634000000002],[-121.44169900000016,35.971626000000015],[-121.44165300000014,35.971617000000009],[-121.44161200000016,35.971603000000002],[-121.44157700000015,35.971583999999993],[-121.44154700000017,35.971558000000002],[-121.44152400000014,35.971525999999997],[-121.44150400000015,35.971491],[-121.44148800000016,35.971451999999999],[-121.44147400000016,35.971412000000001],[-121.44146200000016,35.971370000000007],[-121.44144000000014,35.971284000000011],[-121.44132900000014,35.970798000000002],[-121.44130800000016,35.970709999999997],[-121.44128600000015,35.970623000000003],[-121.44126100000015,35.970536000000017],[-121.44124700000015,35.970494000000002],[-121.44123000000016,35.970452000000002],[-121.44121100000015,35.970411000000006],[-121.44118800000014,35.970371000000007],[-121.44116300000015,35.970331999999992],[-121.44113600000014,35.970294000000003],[-121.44107700000016,35.970219],[-121.44098500000015,35.97010800000001],[-121.44089000000014,35.96999799999999],[-121.44082600000016,35.969928000000003],[-121.44079200000016,35.969895000000015],[-121.44075700000018,35.969862999999997],[-121.44072100000015,35.969833999999992],[-121.44068300000016,35.969808999999991],[-121.44064100000014,35.969788999999999],[-121.44059600000014,35.969776000000003],[-121.44054800000016,35.969767999999995],[-121.44049700000014,35.969763999999998],[-121.44044500000015,35.969762000000003],[-121.44039200000014,35.969762000000003],[-121.44033800000014,35.969763],[-121.44028400000016,35.969766],[-121.44006400000015,35.969777999999998],[-121.43995300000014,35.969782999999993],[-121.43989800000016,35.969785000000009],[-121.43978600000015,35.96978699999999],[-121.43956300000016,35.969785999999992],[-121.43900600000016,35.969780999999998],[-121.43889500000016,35.96977900000001],[-121.43884100000015,35.969776000000003],[-121.43878700000016,35.969773000000004],[-121.43873400000017,35.969766999999983],[-121.43868300000017,35.969760000000001],[-121.43863500000015,35.969748999999986],[-121.43858900000015,35.969732999999998],[-121.43854700000016,35.969711999999994],[-121.43850900000017,35.969687],[-121.43847300000014,35.969657999999988],[-121.43843800000016,35.969627000000003],[-121.43840500000016,35.969594999999984],[-121.43837200000016,35.969560999999999],[-121.43834000000015,35.969526000000009],[-121.43827600000016,35.969455999999994],[-121.43799400000016,35.969134000000004],[-121.43786800000015,35.968991000000003],[-121.43777200000015,35.968885999999998],[-121.43770500000014,35.968817999999999],[-121.43767000000015,35.968786000000009],[-121.43763400000016,35.96875399999999],[-121.43759600000017,35.968724999999985],[-121.43755500000016,35.968696999999999],[-121.43751300000014,35.968672000000005],[-121.43746900000015,35.968646999999997],[-121.43737800000014,35.968601000000007],[-121.43723800000015,35.968535000000003],[-121.43639200000017,35.968145],[-121.43629700000014,35.968101999999995],[-121.43620200000015,35.968060999999992],[-121.43610700000015,35.968021],[-121.43601000000015,35.967983999999994],[-121.43586500000016,35.967928999999998],[-121.43542600000016,35.967769000000011],[-121.43528100000015,35.967714999999998],[-121.43513600000016,35.967658999999998],[-121.43503800000015,35.967618999999992],[-121.43484400000015,35.967536999999993],[-121.43402100000016,35.967182999999991],[-121.43387600000017,35.967120000000001],[-121.43378100000014,35.967075999999999],[-121.43373500000014,35.96705399999999],[-121.43368900000016,35.967030000000001],[-121.43364400000016,35.967005999999998],[-121.43360000000014,35.966979999999992],[-121.43355800000015,35.966951999999992],[-121.43351700000014,35.966923999999992],[-121.43347600000016,35.966895000000001],[-121.43339500000017,35.966835999999994],[-121.43327600000016,35.966746000000008],[-121.43319700000015,35.966684999999998],[-121.43312000000014,35.966623000000006],[-121.43308200000016,35.966591999999999],[-121.43304500000016,35.966560000000008],[-121.43300900000014,35.966526999999985],[-121.43297500000016,35.966495000000002],[-121.43294300000014,35.966460999999995],[-121.43288000000014,35.966394000000001],[-121.43275600000017,35.966256999999999],[-121.43269200000016,35.966189999999997],[-121.43265900000016,35.966156999999995],[-121.43262400000015,35.966126000000003],[-121.43258900000014,35.966096999999998],[-121.43255300000014,35.966068999999997],[-121.43251500000015,35.966042000000009],[-121.43243800000015,35.965989999999998],[-121.43235900000018,35.965938999999999],[-121.43227900000016,35.965890000000002],[-121.43219300000015,35.965840000000007],[-121.43210200000014,35.96579100000001],[-121.43191800000015,35.965694000000006],[-121.43136400000016,35.96540499999999],[-121.43076200000016,35.965094000000001],[-121.43062500000016,35.965020000000003],[-121.43058000000016,35.964994999999995],[-121.43053600000016,35.964969000000004],[-121.43049400000015,35.964943000000005],[-121.43045300000017,35.964914999999991],[-121.43041400000017,35.964884999999995],[-121.43037800000015,35.964852000000015],[-121.43034400000016,35.964817999999994],[-121.43031200000014,35.964782999999997],[-121.43028100000015,35.964746000000005],[-121.43025100000015,35.964708999999999],[-121.43016400000016,35.964595000000003],[-121.42990700000014,35.964250000000007],[-121.42979100000014,35.964097999999993],[-121.42973200000016,35.964022],[-121.42970100000014,35.963985000000008],[-121.42967000000014,35.963948000000009],[-121.42960700000015,35.963875000000002],[-121.42947700000015,35.963731000000003],[-121.42852700000016,35.962688000000007],[-121.42833100000014,35.962471999999998],[-121.42810400000016,35.962217000000003],[-121.42803800000016,35.962145],[-121.42797100000014,35.962074999999999],[-121.42793700000017,35.962041999999997],[-121.42790100000015,35.962009999999999],[-121.42786400000016,35.961979999999997],[-121.42782500000015,35.961953999999999],[-121.42778200000014,35.961932000000004],[-121.42773600000015,35.961916000000009],[-121.42768700000016,35.961904000000004],[-121.42763600000018,35.961894999999998],[-121.42758300000014,35.961888999999999],[-121.42752900000015,35.961884000000005],[-121.42741900000016,35.961877999999992],[-121.42730700000014,35.961874000000002],[-121.42702700000015,35.961864999999996],[-121.42691600000015,35.961860000000009],[-121.42686100000016,35.961857000000009],[-121.42680600000014,35.961852999999998],[-121.42675300000016,35.961846999999985],[-121.42670000000015,35.961838999999998],[-121.42664900000015,35.961829000000009],[-121.42660000000015,35.961813999999997],[-121.42655400000014,35.961796000000007],[-121.42651000000015,35.961773000000001],[-121.42646800000016,35.961748],[-121.42642700000015,35.961721000000011],[-121.42638700000016,35.961692999999997],[-121.42630800000016,35.961633999999997],[-121.42611100000018,35.961481000000006],[-121.42603200000016,35.961421000000001],[-121.42599100000015,35.961391999999989],[-121.42595000000014,35.961362999999999],[-121.42590700000015,35.961336000000003],[-121.42586500000017,35.961312],[-121.42582200000015,35.96128800000001],[-121.42577800000015,35.961265000000004],[-121.42568900000016,35.961221999999992],[-121.42559800000015,35.961179999999992],[-121.42555200000015,35.961160999999997],[-121.42550500000014,35.961140999999991],[-121.42545800000016,35.961123000000001],[-121.42541100000015,35.961106000000001],[-121.42536300000016,35.96109100000001],[-121.42531200000016,35.961076999999996],[-121.42526000000014,35.961065000000005],[-121.42520800000017,35.961053999999997],[-121.42515500000016,35.961044000000001],[-121.42504800000016,35.961025999999997],[-121.42472800000014,35.960974999999998],[-121.42456700000015,35.960948000000002],[-121.42446300000015,35.960929999999991],[-121.42415900000016,35.960873999999997],[-121.42405700000016,35.960856999999997],[-121.42400600000016,35.960849000000003],[-121.42395400000014,35.960843000000004],[-121.42390100000016,35.96083800000001],[-121.42384700000015,35.960833999999991],[-121.42374000000017,35.960828000000014],[-121.42363200000014,35.960824000000002],[-121.42346900000015,35.960819999999991],[-121.42336100000016,35.960819999999998],[-121.42325400000014,35.960822],[-121.42320000000014,35.960824000000009],[-121.42314400000015,35.960828000000006],[-121.42308900000016,35.960833999999991],[-121.42303400000014,35.96083999999999],[-121.42292400000014,35.960854000000012],[-121.42275800000014,35.960877000000004],[-121.42226300000014,35.960948999999992],[-121.42215300000015,35.960965000000009],[-121.42204200000016,35.960977999999997],[-121.42193600000014,35.960988999999998],[-121.42183300000015,35.960996999999999],[-121.42167900000015,35.96100599999999],[-121.42157600000016,35.961010000000002],[-121.42147300000015,35.961011999999997],[-121.42142100000015,35.961012000000004],[-121.42136700000016,35.961010000000009],[-121.42131300000015,35.961007000000009],[-121.42120400000016,35.960999999999999],[-121.42098800000014,35.960982000000001],[-121.42087900000014,35.960974],[-121.42077200000016,35.960968000000001],[-121.42061300000016,35.960963],[-121.42045500000015,35.960960999999998],[-121.42029600000015,35.960960999999998],[-121.42019100000014,35.960963],[-121.41998600000015,35.960971999999998],[-121.41988400000015,35.960974],[-121.41983400000014,35.960974000000007],[-121.41978400000016,35.960972000000005],[-121.41973500000014,35.960968000000015],[-121.41968700000014,35.960960999999998],[-121.41966900000014,35.960957000000001],[-121.41962300000017,35.960943999999991],[-121.41957700000016,35.960927000000005],[-121.41953300000017,35.960908000000003],[-121.41948900000014,35.960887999999997],[-121.41935700000016,35.960822999999991],[-121.41931200000016,35.960802000000001],[-121.41926600000015,35.960782000000009],[-121.41917200000016,35.960744000000012],[-121.41907600000016,35.960709000000016],[-121.41888100000016,35.960642],[-121.41853900000015,35.960526999999999],[-121.41834300000015,35.960462999999997],[-121.41824500000016,35.960433000000002],[-121.41814500000015,35.960404000000004],[-121.41804600000016,35.960380000000001],[-121.41794500000015,35.960357999999999],[-121.41784400000016,35.960337999999993],[-121.41774200000016,35.960321],[-121.41769200000016,35.960312999999992],[-121.41764000000016,35.960306000000003],[-121.41758900000016,35.960299999999989],[-121.41753600000015,35.960296],[-121.41748200000015,35.960293],[-121.41742800000016,35.960291999999995],[-121.41732000000017,35.960290000000001],[-121.41721200000015,35.960290000000001],[-121.41705000000015,35.960290999999998],[-121.41688800000017,35.960293999999998],[-121.41678000000014,35.960298999999999],[-121.41672700000014,35.960302000000006],[-121.41662100000015,35.960310999999997],[-121.41646300000014,35.960329999999992],[-121.41588500000015,35.960408999999991],[-121.41578000000015,35.960422999999999],[-121.41567400000015,35.960436000000009],[-121.41557000000014,35.960447000000002],[-121.41541500000014,35.960460000000005],[-121.41526000000016,35.960470999999998],[-121.41515700000014,35.960476999999997],[-121.41505300000016,35.960480999999994],[-121.41500200000016,35.960481999999999],[-121.41494800000015,35.960481999999992],[-121.41483900000016,35.960479999999997],[-121.41473100000016,35.960476],[-121.41456900000016,35.960468999999996],[-121.41397100000016,35.960439000000008],[-121.41386300000016,35.960436000000009],[-121.41380900000016,35.960434999999997],[-121.41375500000014,35.960435999999994],[-121.41370200000016,35.960438000000003],[-121.41365000000016,35.960442999999984],[-121.41359900000016,35.960451000000006],[-121.41355000000014,35.960462999999997],[-121.41350200000014,35.960478000000002],[-121.41345600000015,35.960495000000009],[-121.41341000000016,35.960514000000003],[-121.41336500000016,35.960535],[-121.41332000000016,35.960557000000001],[-121.41327700000014,35.960580999999998],[-121.41323600000015,35.960605000000001],[-121.41319700000015,35.960631999999997],[-121.41316000000016,35.960660000000004],[-121.41312800000016,35.960689999999992],[-121.41309900000014,35.960724999999996],[-121.41307500000015,35.960761000000005],[-121.41305400000014,35.960800000000006],[-121.41303500000015,35.960838999999993],[-121.41301900000016,35.960880000000003],[-121.41300400000016,35.960920999999999],[-121.41299100000015,35.960962000000002],[-121.41298000000016,35.961002000000001],[-121.41297200000015,35.961042999999997],[-121.41296800000016,35.961082999999995],[-121.41296900000016,35.961122000000003],[-121.41297700000014,35.961159000000002],[-121.41299300000016,35.961193999999999],[-121.41301500000014,35.961227000000001],[-121.41304100000016,35.961258999999998],[-121.41307100000016,35.961289999999998],[-121.41310400000016,35.961320999999998],[-121.41313900000016,35.961351999999998],[-121.41321100000016,35.961411000000005],[-121.41328700000015,35.961470000000006],[-121.41336700000014,35.961528000000001],[-121.41345100000014,35.961585999999997],[-121.41353600000014,35.961643999999993],[-121.41362300000016,35.961699000000003],[-121.41371100000015,35.961753000000002],[-121.41375600000015,35.961778999999993],[-121.41380100000015,35.961803000000003],[-121.41384400000014,35.961824999999997],[-121.41397100000016,35.961884999999988],[-121.41400900000015,35.961904999999994],[-121.41404400000016,35.961925000000008],[-121.41407400000016,35.96194599999999],[-121.41409700000014,35.961968000000013],[-121.41411000000015,35.961992000000009],[-121.41411200000016,35.96202000000001],[-121.41410400000015,35.962049],[-121.41408700000015,35.96208],[-121.41406600000015,35.962111999999991],[-121.41404000000016,35.962144999999992],[-121.41401100000016,35.962178000000002],[-121.41398100000018,35.962211000000003],[-121.41391700000015,35.962279000000002],[-121.41381600000015,35.962381000000001],[-121.41374700000016,35.962448000000009],[-121.41367700000016,35.962513000000001],[-121.41363900000017,35.962546000000003],[-121.41356200000014,35.962609000000008],[-121.41344400000015,35.962702999999998],[-121.41268900000016,35.963284999999999],[-121.41257100000014,35.963377000000001],[-121.41249400000017,35.963439999999999],[-121.41245700000015,35.963471999999996],[-121.41242100000014,35.963504999999998],[-121.41238700000015,35.963538000000007],[-121.41235500000016,35.963573000000004],[-121.41232600000016,35.963609999999996],[-121.41230000000017,35.963647999999992],[-121.41227500000015,35.963687],[-121.41225100000015,35.963726999999992],[-121.41220700000015,35.963808],[-121.41214300000016,35.963931000000009],[-121.41191200000019,35.964385],[-121.41170200000016,35.964802000000006],[-121.41166000000018,35.964883999999998],[-121.41163800000014,35.964924000000003],[-121.41161600000017,35.964962],[-121.41159300000014,35.964998000000001],[-121.41156900000017,35.965030999999996],[-121.41154400000018,35.965058999999989],[-121.41151600000019,35.965080000000007],[-121.41148600000018,35.965092000000006],[-121.41146700000019,35.965093999999993],[-121.41144800000015,35.965093000000003],[-121.41141300000014,35.965085000000009],[-121.41137600000015,35.965070000000004],[-121.41133800000019,35.965052],[-121.41129900000018,35.965029999999999],[-121.41122000000017,35.964980999999995],[-121.41109700000017,35.964902000000009],[-121.41105500000016,35.96487599999999],[-121.41101200000018,35.964850999999996],[-121.41096900000016,35.964828000000004],[-121.41092400000015,35.96480600000001],[-121.41087500000017,35.964787000000001],[-121.41082600000018,35.96476899999999],[-121.41077600000017,35.964753000000009],[-121.41072500000017,35.964739000000002],[-121.41067300000017,35.964726000000006],[-121.41062200000017,35.964714000000008],[-121.41057100000017,35.964703999999998],[-121.41052000000015,35.964696000000004],[-121.41047000000016,35.964688999999993],[-121.41042000000019,35.964686000000007],[-121.41037300000018,35.964686999999998],[-121.41032700000018,35.964694000000001],[-121.41028300000018,35.964708000000002],[-121.41024200000017,35.964727000000003],[-121.41020100000019,35.964750000000002],[-121.41016200000018,35.96477500000001],[-121.41012300000018,35.964803000000003],[-121.41000800000019,35.964888999999992],[-121.40996800000018,35.964916000000002],[-121.40992800000018,35.964942000000001],[-121.40988700000017,35.964964999999999],[-121.40984300000017,35.964984999999992],[-121.40980900000017,35.964996999999997],[-121.40977300000017,35.965007000000007],[-121.40958300000018,35.965058999999997],[-121.40937400000017,35.965117999999997],[-121.40911100000018,35.965193999999997],[-121.40858700000017,35.965347999999992],[-121.40848200000018,35.965377999999994],[-121.40837700000017,35.965406000000009],[-121.40832400000016,35.965418999999997],[-121.40827000000019,35.965431000000002],[-121.40821700000018,35.965442000000003],[-121.40816400000017,35.965450999999995],[-121.40805700000018,35.965467999999994],[-121.40794900000019,35.965484000000004],[-121.40778800000017,35.965504999999986],[-121.40660000000017,35.965660999999997],[-121.40649200000017,35.965676000000002],[-121.40643900000018,35.965685000000001],[-121.40638600000017,35.965693999999999],[-121.40633400000019,35.965705],[-121.40628300000019,35.965716999999991],[-121.40623300000017,35.965730999999991],[-121.40618300000018,35.965749000000002],[-121.40613400000016,35.965769000000009],[-121.40608600000017,35.965791000000003],[-121.40603900000019,35.965814000000009],[-121.40599300000017,35.965837999999998],[-121.40590000000017,35.965887000000002],[-121.40530300000019,35.966216000000003],[-121.40424400000019,35.966794000000007],[-121.40401400000017,35.966920000000002],[-121.40388100000018,35.966996999999999],[-121.40374900000018,35.967072999999999],[-121.40353100000017,35.967202000000007],[-121.40318300000017,35.967410999999998],[-121.40309600000019,35.967462000000012],[-121.40305300000017,35.967486000000001],[-121.40300900000017,35.967509000000007],[-121.40296600000018,35.967530000000004],[-121.40292300000019,35.967548999999998],[-121.40287900000017,35.967564000000003],[-121.40283600000018,35.967573999999992],[-121.40279300000019,35.967578000000003],[-121.40275200000018,35.967573000000002],[-121.40271000000018,35.967563000000006],[-121.40266900000017,35.967548999999998],[-121.40262600000018,35.967531999999999],[-121.40230000000017,35.967393999999999],[-121.40220400000017,35.967355000000005],[-121.40215600000018,35.967336000000003],[-121.40210700000017,35.967317999999999],[-121.40205800000018,35.967301000000006],[-121.40200900000019,35.967286000000016],[-121.40195900000019,35.967272000000001],[-121.40190700000016,35.967260999999993],[-121.40185400000018,35.967251999999995],[-121.40180100000018,35.967244000000001],[-121.40169300000018,35.967230000000008],[-121.40158500000017,35.967220000000012],[-121.40142200000018,35.967207000000009],[-121.40131500000017,35.967201000000003],[-121.40115700000018,35.967196000000008],[-121.40099800000019,35.967193999999999],[-121.40089200000017,35.967193999999999],[-121.40083900000019,35.967194999999997],[-121.40078700000016,35.967195999999994],[-121.40068200000019,35.967200999999996],[-121.40057800000018,35.967209000000004],[-121.40042200000019,35.967223000000011],[-121.40026600000019,35.967238000000002],[-121.40016300000019,35.967250000000007],[-121.40006000000017,35.967264],[-121.40000600000018,35.967273000000006],[-121.39989700000018,35.967294000000003],[-121.39979000000017,35.967316000000004],[-121.39968200000017,35.96733900000001],[-121.39850100000018,35.967600999999995],[-121.39839300000018,35.967623000000003],[-121.39833900000018,35.967634000000004],[-121.39828500000017,35.967644],[-121.39823100000018,35.967652000000001],[-121.39817700000017,35.967658999999998],[-121.39812300000017,35.967664000000006],[-121.39806900000018,35.967665999999994],[-121.39801600000017,35.967666000000001],[-121.39796200000019,35.967663999999999],[-121.39790800000019,35.967661000000007],[-121.39785400000017,35.967658],[-121.39774500000017,35.96764799999999],[-121.39758300000017,35.96763099999999],[-121.39747800000018,35.96761699999999],[-121.39737600000016,35.967602000000007],[-121.39707000000017,35.96755499999999],[-121.39696800000017,35.967540999999997],[-121.39686200000017,35.967527999999994],[-121.39669700000017,35.967511999999999],[-121.39625600000016,35.967475999999991],[-121.39609000000019,35.967462000000005],[-121.39575900000018,35.967428999999996],[-121.39564800000018,35.967416999999998],[-121.39553800000017,35.967404999999992],[-121.39542800000017,35.967389999999995],[-121.39532600000017,35.967374],[-121.39517400000018,35.967346000000006],[-121.39502200000017,35.967315000000006],[-121.39492200000018,35.967292999999998],[-121.39487200000019,35.967280000000002],[-121.39482200000019,35.967267000000007],[-121.39472300000018,35.967236999999997],[-121.39462500000018,35.967205999999983],[-121.39452800000018,35.967173000000003],[-121.39443200000018,35.967137999999991],[-121.39438400000019,35.967120000000001],[-121.39433700000018,35.967101],[-121.39429100000018,35.967081],[-121.39424400000017,35.967058999999992],[-121.39419800000019,35.967035000000003],[-121.39410800000019,35.966985999999999],[-121.39392900000017,35.966883999999993],[-121.39383800000019,35.966835000000003],[-121.39379200000019,35.966811999999997],[-121.39374600000016,35.966790000000003],[-121.39369800000017,35.966770000000011],[-121.39365100000019,35.966754000000002],[-121.39360300000018,35.96673899999999],[-121.39355400000017,35.966725999999994],[-121.39350400000016,35.966715000000001],[-121.39345400000018,35.966704000000007],[-121.39340400000019,35.966693999999997],[-121.39335300000019,35.966684000000001],[-121.39330300000019,35.966676],[-121.39325200000019,35.966668999999996],[-121.39320100000019,35.966664000000009],[-121.39314900000016,35.966659999999997],[-121.39309700000017,35.966659],[-121.39304500000019,35.966659999999997],[-121.39299300000019,35.966661999999999],[-121.39294100000018,35.966664999999999],[-121.39283700000018,35.966673],[-121.39273300000018,35.966684000000001],[-121.39262900000017,35.966695999999992],[-121.39257800000017,35.966703000000003],[-121.39252700000017,35.966712000000008],[-121.39247700000018,35.966721999999997],[-121.39242800000017,35.966732999999991],[-121.39238100000019,35.966747000000005],[-121.39233200000017,35.966766],[-121.39228500000019,35.966788000000008],[-121.39223900000017,35.966810999999986],[-121.39219400000017,35.966835999999994],[-121.39214900000017,35.966861999999999],[-121.39197200000017,35.966968999999992],[-121.39188200000017,35.967021000000003],[-121.39183600000017,35.967044999999999],[-121.39178800000018,35.967068000000005],[-121.39174000000017,35.967089000000001],[-121.39169000000017,35.967107999999996],[-121.39163900000017,35.967126000000007],[-121.39158800000018,35.967143000000007],[-121.39148400000018,35.96717499999999],[-121.39137900000019,35.967204999999993],[-121.39132600000018,35.967219],[-121.39127300000018,35.967232000000003],[-121.39121900000019,35.967244000000001],[-121.39116500000019,35.967253999999997],[-121.39111500000018,35.967260999999993],[-121.39106400000017,35.967267000000007],[-121.39096200000017,35.96727700000001],[-121.39085900000019,35.967283999999992],[-121.39070500000017,35.967292],[-121.39060100000019,35.967296000000005],[-121.39038100000019,35.967300999999999],[-121.38949900000019,35.967315999999997],[-121.38933400000019,35.967319999999994],[-121.38922400000017,35.967325000000002],[-121.38916900000018,35.967328000000009],[-121.38906000000019,35.967336000000003],[-121.38889700000017,35.967351000000001],[-121.38781100000018,35.967453000000006],[-121.38759400000019,35.967472999999998],[-121.38743100000018,35.967486000000001],[-121.38732100000017,35.967493000000005],[-121.38721000000017,35.967497999999999],[-121.38698700000018,35.96750500000001],[-121.38537000000017,35.967548999999991],[-121.38520300000017,35.967551000000007],[-121.38504500000018,35.967550999999993],[-121.38483300000019,35.967546999999996],[-121.38467500000017,35.96754099999999],[-121.38456800000019,35.967534999999998],[-121.38445900000018,35.967527000000004],[-121.38408000000018,35.967494000000016],[-121.38391700000018,35.967480999999999],[-121.38364700000018,35.967461999999998],[-121.38343000000019,35.967449999999999],[-121.38327000000018,35.96744300000001],[-121.38316400000018,35.967440000000003],[-121.38305900000019,35.967438000000001],[-121.38295300000019,35.967438000000001],[-121.38290100000017,35.967438000000001],[-121.38284800000017,35.967440000000003],[-121.38279500000019,35.967441999999998],[-121.38274000000018,35.967445999999995],[-121.38268500000017,35.967452000000002],[-121.38257400000018,35.96746499999999],[-121.38240900000017,35.967488000000003],[-121.38224400000017,35.967512999999997],[-121.38213600000019,35.967533000000003],[-121.38202800000019,35.96755499999999],[-121.38186600000019,35.967588999999997],[-121.38170500000018,35.967624999999998],[-121.38159800000017,35.967651000000004],[-121.38149200000018,35.967677000000002],[-121.38139600000018,35.967704000000005],[-121.38130000000018,35.967733000000003],[-121.38115700000017,35.96777800000001],[-121.38106300000018,35.96780900000001],[-121.38096900000018,35.967841],[-121.38076500000018,35.967912999999996],[-121.38071400000018,35.967928999999998],[-121.38066400000017,35.967944000000003],[-121.38061400000016,35.967958000000017],[-121.38056500000017,35.967967999999999],[-121.38051600000018,35.967973999999998],[-121.38046700000017,35.967973000000001],[-121.38042100000017,35.96796599999999],[-121.38037500000019,35.967953000000001],[-121.38033000000019,35.967936000000002],[-121.38028500000019,35.967916000000002],[-121.38024100000017,35.967894000000001],[-121.38006100000017,35.967798999999999],[-121.38001500000017,35.967776000000001],[-121.37996800000019,35.967753999999999],[-121.37992100000018,35.967732000000005],[-121.37982600000018,35.967690999999995],[-121.37973000000018,35.967652000000001],[-121.37963300000018,35.967613999999998],[-121.37953500000017,35.967578000000003],[-121.37943500000019,35.967542999999992],[-121.37933200000019,35.967508000000002],[-121.37917700000018,35.967457999999993],[-121.37897000000018,35.967393000000008],[-121.37881400000018,35.967345000000002],[-121.37871000000017,35.967314000000002],[-121.37860700000017,35.96728499999999],[-121.37850300000019,35.967255999999992],[-121.37834700000022,35.967214999999996],[-121.37824300000018,35.967189000000005],[-121.37813800000021,35.967162999999999],[-121.3780860000002,35.967152000000006],[-121.37798200000022,35.967129],[-121.37787800000019,35.96710800000001],[-121.37746000000018,35.967025],[-121.37730400000021,35.966993000000002],[-121.3771480000002,35.966959000000003],[-121.37704100000022,35.966934000000002],[-121.37677500000021,35.966867000000001],[-121.37560700000022,35.96656500000001],[-121.37529500000021,35.96648299999999],[-121.37457700000022,35.966292000000003],[-121.37442200000019,35.966253000000009],[-121.37431900000021,35.966227000000003],[-121.37421500000021,35.966204999999995],[-121.3741620000002,35.966195000000006],[-121.3741100000002,35.966186],[-121.37400600000019,35.966172],[-121.37374600000021,35.966141],[-121.37369600000019,35.966133999999997],[-121.37364600000019,35.96612600000001],[-121.3735970000002,35.966117000000004],[-121.37355000000019,35.966104999999999],[-121.37350600000021,35.966090000000001],[-121.3734640000002,35.96607199999999],[-121.37342600000019,35.966048000000001],[-121.3733900000002,35.96602],[-121.3733560000002,35.965990000000005],[-121.3732550000002,35.965896999999998],[-121.37318600000022,35.96583600000001],[-121.37311500000021,35.965775000000001],[-121.37304300000021,35.965715000000003],[-121.3729330000002,35.96562500000001],[-121.37277900000021,35.965504000000003],[-121.37258300000022,35.965354000000005],[-121.37246400000021,35.965265999999993],[-121.3723830000002,35.965206999999992],[-121.37230100000019,35.965149000000004],[-121.37217700000019,35.965063000000001],[-121.37209300000022,35.965006999999993],[-121.37200700000021,35.964953000000008],[-121.37196400000022,35.96492700000001],[-121.3718760000002,35.964877999999999],[-121.37174300000021,35.964805000000005],[-121.3716070000002,35.964736000000002],[-121.3715150000002,35.964691999999992],[-121.37146800000019,35.964670999999996],[-121.37137200000019,35.96463099999999],[-121.3712280000002,35.964575000000004],[-121.37113000000019,35.964539000000002],[-121.3710810000002,35.964522000000002],[-121.37103100000022,35.964506000000007],[-121.3709810000002,35.964491000000002],[-121.37093200000021,35.964477000000009],[-121.37083200000019,35.964454000000011],[-121.37053000000022,35.964390000000009],[-121.3704300000002,35.964368],[-121.3703780000002,35.964354999999991],[-121.37027400000019,35.964328000000009],[-121.3700690000002,35.964271000000004],[-121.36950500000022,35.96411100000001],[-121.36935200000022,35.964066000000003],[-121.3692520000002,35.964033000000001],[-121.36920200000021,35.964016000000001],[-121.36915400000019,35.963997999999982],[-121.36910400000021,35.963976999999993],[-121.36905600000021,35.963954999999999],[-121.3689600000002,35.963909000000008],[-121.36872500000021,35.963790000000003],[-121.36863000000021,35.963742000000003],[-121.3685820000002,35.963719999999988],[-121.36849000000019,35.96367699999999],[-121.36835000000021,35.963616000000009],[-121.36811500000022,35.963517000000003],[-121.3679260000002,35.963438999999994],[-121.3677830000002,35.963382000000003],[-121.3676870000002,35.963345999999987],[-121.36763900000021,35.963329000000002],[-121.36758800000021,35.963312000000002],[-121.3674860000002,35.963282000000007],[-121.36717600000021,35.963194999999999],[-121.36707400000022,35.963162999999994],[-121.36702300000022,35.963145999999995],[-121.3669210000002,35.963109000000003],[-121.3666190000002,35.962992999999997],[-121.36651800000021,35.962955000000008],[-121.36646700000021,35.962936999999997],[-121.36636800000019,35.962904000000009],[-121.36616600000022,35.962840000000007],[-121.36535600000022,35.962596000000005],[-121.3652050000002,35.962549999999993],[-121.36510400000022,35.962518000000003],[-121.36500500000021,35.962485000000008],[-121.3649080000002,35.962451999999999],[-121.36447400000021,35.962299000000002],[-121.36437700000022,35.962267000000004],[-121.3643280000002,35.962251000000002],[-121.3642770000002,35.962234999999993],[-121.3641740000002,35.962206000000009],[-121.3640180000002,35.962162999999997],[-121.36386200000021,35.962123000000005],[-121.36375700000021,35.962097],[-121.3637070000002,35.962085999999999],[-121.3635560000002,35.962054999999999],[-121.36340400000022,35.962026000000009],[-121.36330200000022,35.962009999999999],[-121.36325100000022,35.96200300000001],[-121.36319900000019,35.961997999999994],[-121.36314700000021,35.961994000000004],[-121.3630940000002,35.961991000000005],[-121.36304200000021,35.96198900000001],[-121.3627780000002,35.961984999999999],[-121.3626730000002,35.961981000000009],[-121.36262000000022,35.961978000000002],[-121.36256800000021,35.961973999999998],[-121.3625140000002,35.961967000000001],[-121.3624600000002,35.961959],[-121.3623520000002,35.961939999999991],[-121.36197800000019,35.961863999999998],[-121.3618700000002,35.961844999999997],[-121.36181600000022,35.961835999999991],[-121.3617620000002,35.961829000000009],[-121.36165400000021,35.961815999999999],[-121.36138400000021,35.961790000000008],[-121.3612780000002,35.961779000000007],[-121.36122500000022,35.961773000000001],[-121.36118000000022,35.961765999999997],[-121.3611370000002,35.961758999999994],[-121.36109400000021,35.961748999999998],[-121.3610530000002,35.961736000000009],[-121.3610200000002,35.961722999999992],[-121.36098800000019,35.961708000000002],[-121.36091300000021,35.961669999999991],[-121.3606930000002,35.961552000000005],[-121.3606030000002,35.961504999999995],[-121.3605110000002,35.961461000000007],[-121.36046400000019,35.96144000000001],[-121.3604160000002,35.961419999999997],[-121.3603190000002,35.961383000000005],[-121.36016900000018,35.961331999999999],[-121.3596170000002,35.961153000000003],[-121.35941700000019,35.961086000000002],[-121.35927000000019,35.961033],[-121.3589290000002,35.960905000000004],[-121.35883100000019,35.96087],[-121.3587310000002,35.960836000000008],[-121.35863100000022,35.960804999999993],[-121.3584790000002,35.960758000000006],[-121.3581240000002,35.960652000000017],[-121.35792800000021,35.960594999999998],[-121.3572880000002,35.960411999999998],[-121.3569920000002,35.960327999999997],[-121.35689300000021,35.960301000000001],[-121.3567930000002,35.96027500000001],[-121.35664000000021,35.960238000000004],[-121.3563350000002,35.960166999999991],[-121.3561820000002,35.960129999999985],[-121.35608100000022,35.960105000000006],[-121.35597800000021,35.960076000000001],[-121.3558730000002,35.960045999999998],[-121.35576900000019,35.960014000000001],[-121.3554590000002,35.959916000000007],[-121.3553560000002,35.959882000000007],[-121.35525300000022,35.959846999999996],[-121.35510600000022,35.959792999999991],[-121.3549120000002,35.959719999999997],[-121.3545720000002,35.959588999999994],[-121.3544760000002,35.95955099999999],[-121.35438000000021,35.959511999999997],[-121.3543330000002,35.95949199999999],[-121.35428700000021,35.959470000000003],[-121.35424200000021,35.959448000000002],[-121.3541980000002,35.959423999999999],[-121.3541560000002,35.959398],[-121.3541160000002,35.959371000000004],[-121.3540770000002,35.959343000000004],[-121.3540380000002,35.959313000000016],[-121.3540000000002,35.959283000000006],[-121.3539250000002,35.95922199999999],[-121.35359300000022,35.958947000000002],[-121.3531560000002,35.958588999999996],[-121.3530480000002,35.95849900000001],[-121.3529790000002,35.958437000000004],[-121.3529450000002,35.958404999999985],[-121.3529130000002,35.958372999999995],[-121.35288100000021,35.95834],[-121.35282100000022,35.958270999999996],[-121.35273400000021,35.958165000000001],[-121.3526750000002,35.958096000000005],[-121.35264400000021,35.958062000000005],[-121.35261200000021,35.95802900000001],[-121.35257800000021,35.957998000000003],[-121.35254200000021,35.957968000000008],[-121.35250400000018,35.957939000000003],[-121.35246500000018,35.957911000000003],[-121.3524240000002,35.957884999999997],[-121.35234100000021,35.957833000000001],[-121.3522560000002,35.957783999999997],[-121.35221300000021,35.957760000000007],[-121.3521680000002,35.957737000000009],[-121.35212400000022,35.957716000000005],[-121.3520780000002,35.957696000000006],[-121.35202900000021,35.95767699999999],[-121.3519790000002,35.957659999999997],[-121.3519280000002,35.957644000000002],[-121.35167200000021,35.957569000000007],[-121.35162100000021,35.957553999999995],[-121.35157100000022,35.957537000000002],[-121.35152100000022,35.957518999999998],[-121.3514710000002,35.957500000000003],[-121.35142300000018,35.957478000000002],[-121.35137400000019,35.957456000000001],[-121.3512790000002,35.95741000000001],[-121.3510910000002,35.957312999999999],[-121.35081600000021,35.957169000000007],[-121.35063800000022,35.957073000000008],[-121.3505500000002,35.957023],[-121.35050600000019,35.956997999999999],[-121.3504630000002,35.956972],[-121.35037800000021,35.956917999999995],[-121.3502940000002,35.956862000000008],[-121.3501270000002,35.956747999999997],[-121.3500430000002,35.956691999999997],[-121.35000000000021,35.956665000000008],[-121.34995700000024,35.956639000000003],[-121.34987000000024,35.956588999999994],[-121.34978100000021,35.956541000000009],[-121.34973600000021,35.95651800000001],[-121.34969000000024,35.956495999999994],[-121.3496440000002,35.956474999999998],[-121.34959800000023,35.956454999999998],[-121.34955000000019,35.956437000000001],[-121.34950200000023,35.956421999999996],[-121.34945100000023,35.956409999999998],[-121.34940000000023,35.956400000000009],[-121.34934700000019,35.956393000000006],[-121.34929400000021,35.956386999999999],[-121.34924100000023,35.956382000000005],[-121.34913300000022,35.956372999999992],[-121.34880800000023,35.956349999999993],[-121.34842700000023,35.956319000000008],[-121.34831900000023,35.956310999999999],[-121.34826500000023,35.956308000000007],[-121.34815900000024,35.956302999999991],[-121.34800100000022,35.956297999999997],[-121.34778900000025,35.956295000000004],[-121.34763100000023,35.956294],[-121.34741900000023,35.956295999999995],[-121.34720700000024,35.956299999999999],[-121.34704800000024,35.956305000000008],[-121.34694300000024,35.956310999999999],[-121.34683900000023,35.956316999999999],[-121.34668400000022,35.956328999999997],[-121.34652800000025,35.956342999999997],[-121.34642500000022,35.956351999999995],[-121.34627100000023,35.956367999999991],[-121.34596900000022,35.956404999999982],[-121.34586900000021,35.956415999999997],[-121.34581800000021,35.956419999999994],[-121.34576800000025,35.956423000000008],[-121.34571500000024,35.956425000000003],[-121.34566300000024,35.956426999999998],[-121.34534700000023,35.956427999999995],[-121.34529400000022,35.956429999999997],[-121.34524200000023,35.956431999999992],[-121.34519000000023,35.956435999999997],[-121.34513500000024,35.95644200000001],[-121.34508100000022,35.956449999999997],[-121.34502700000024,35.956459000000009],[-121.34497300000024,35.956469000000006],[-121.34486500000024,35.956490999999993],[-121.34368300000023,35.956749000000002],[-121.34352200000022,35.956784999999996],[-121.34341500000023,35.956810000000004],[-121.34330900000025,35.956838000000012],[-121.34320400000023,35.956867000000003],[-121.34304600000021,35.956913000000007],[-121.34294200000022,35.956944999999997],[-121.34283900000021,35.956980000000001],[-121.34278800000021,35.956997999999999],[-121.34274000000023,35.957015999999996],[-121.34264600000024,35.957054999999997],[-121.34255300000022,35.957094999999995],[-121.34241400000023,35.957155999999998],[-121.34227600000023,35.957219000000002],[-121.34218400000022,35.957262],[-121.34209400000022,35.957306000000003],[-121.34200400000022,35.957349999999991],[-121.34191500000023,35.957394999999991],[-121.34182700000024,35.957441999999993],[-121.34174100000023,35.957490999999997],[-121.34170000000024,35.957515999999998],[-121.34166000000023,35.957543000000008],[-121.34158200000023,35.957596999999993],[-121.34142800000023,35.957709000000001],[-121.34139000000023,35.957736000000011],[-121.34135000000023,35.957763],[-121.34130900000022,35.957787000000003],[-121.34126700000023,35.957811000000007],[-121.34122400000021,35.957830999999999],[-121.34118000000022,35.957850000000001],[-121.34113500000022,35.957867],[-121.34104200000023,35.957898999999998],[-121.34090000000023,35.957943999999991],[-121.34056400000023,35.958045000000006],[-121.34046800000023,35.958074999999994],[-121.34042100000025,35.958091000000003],[-121.34037400000021,35.95810800000001],[-121.34032900000021,35.958125999999993],[-121.34028400000021,35.958144999999988],[-121.34024200000023,35.958167000000003],[-121.34019800000023,35.95819199999999],[-121.34015700000025,35.958219999999997],[-121.34011800000025,35.95825],[-121.34008000000023,35.958280999999999],[-121.34004500000023,35.958311999999999],[-121.34001200000023,35.95834399999999],[-121.33998200000025,35.958375999999994],[-121.33995600000024,35.958407000000001],[-121.33993600000021,35.958438000000008],[-121.33992400000021,35.958468000000003],[-121.33992400000021,35.958497000000001],[-121.33993600000021,35.958523],[-121.33995800000022,35.958546999999996],[-121.33998800000023,35.958570000000002],[-121.34002300000023,35.958593],[-121.34006200000023,35.958613999999997],[-121.34010400000021,35.958635999999991],[-121.34014800000024,35.958657000000002],[-121.34024000000022,35.958697999999998],[-121.34033500000024,35.958738000000011],[-121.34043200000023,35.95877500000001],[-121.34048100000022,35.958793000000007],[-121.34053000000021,35.958809000000002],[-121.34058300000022,35.958824],[-121.34063700000024,35.958837999999993],[-121.34084800000024,35.95888999999999],[-121.34089800000022,35.958904000000004],[-121.34094500000023,35.958919000000009],[-121.34098800000022,35.958936000000008],[-121.34102500000024,35.958955999999993],[-121.34105500000024,35.958978999999999],[-121.34107200000022,35.958999999999996],[-121.34108500000022,35.959023000000002],[-121.34111100000023,35.959080999999998],[-121.34112400000022,35.959116000000002],[-121.34113600000022,35.959149999999994],[-121.34114400000023,35.959185000000005],[-121.34114600000021,35.959220000000002],[-121.34114000000021,35.959253000000004],[-121.34113800000023,35.959259000000003],[-121.34112200000023,35.959288999999991],[-121.34109800000023,35.959319000000001],[-121.34107000000024,35.959347000000001],[-121.34103700000024,35.959374999999994],[-121.34100100000022,35.959401999999997],[-121.34084900000023,35.959512000000004],[-121.34081200000024,35.959540000000004],[-121.34077600000023,35.959569000000009],[-121.34074100000022,35.959598999999997],[-121.34071000000021,35.959631000000009],[-121.34068200000024,35.959664999999994],[-121.34065600000024,35.959699999999998],[-121.34063300000022,35.959736999999997],[-121.34061200000022,35.95977400000001],[-121.34059200000024,35.959812999999997],[-121.34057300000023,35.959851],[-121.34053700000023,35.95992900000001],[-121.34050400000022,35.960008999999992],[-121.34048900000023,35.960048999999998],[-121.34047500000023,35.960089000000004],[-121.34046300000024,35.960128999999995],[-121.34045300000022,35.960171000000003],[-121.34044500000024,35.960213999999993],[-121.34043200000023,35.960299999999997],[-121.34041700000023,35.960430000000009],[-121.34041000000023,35.960515999999991],[-121.34040800000022,35.960560000000001],[-121.34040500000023,35.96064599999999],[-121.34040500000023,35.960687],[-121.34040900000022,35.960769999999997],[-121.34041500000022,35.960851999999996],[-121.34042500000024,35.960974999999998],[-121.34047500000023,35.961523],[-121.34048500000021,35.961649999999992],[-121.34049000000024,35.96173499999999],[-121.34049200000022,35.961819000000013],[-121.34049200000022,35.961946000000005],[-121.34048800000024,35.962071999999999],[-121.34048300000023,35.962198999999998],[-121.34047700000023,35.962285000000016],[-121.34047000000024,35.962372999999999],[-121.34045100000024,35.962593000000005],[-121.34044200000022,35.962681000000003],[-121.34043200000023,35.962769000000009],[-121.34041900000021,35.962856000000009],[-121.34041100000023,35.962899000000007],[-121.34040300000022,35.962939999999996],[-121.34039300000023,35.962980999999999],[-121.34037100000023,35.963062000000008],[-121.34034700000024,35.963143000000002],[-121.34033400000024,35.963182999999994],[-121.34030500000021,35.963262999999998],[-121.34029000000021,35.963303000000018],[-121.34027300000022,35.963341999999997],[-121.34025300000025,35.963383],[-121.34023100000023,35.963423999999996],[-121.34018500000023,35.963506000000017],[-121.34013700000021,35.963586000000006],[-121.34008600000023,35.963664999999999],[-121.34003200000021,35.963742999999994],[-121.34000400000022,35.963780999999997],[-121.33997400000024,35.963817999999996],[-121.33994200000021,35.963853999999998],[-121.33991000000023,35.963887999999997],[-121.33984100000025,35.96395600000001],[-121.33962800000025,35.964156000000003],[-121.33955800000022,35.964223999999987],[-121.33948800000022,35.964293999999995],[-121.33924800000021,35.964539000000009],[-121.33917900000021,35.964609000000003],[-121.33910700000021,35.964677000000009],[-121.33907000000022,35.964710000000004],[-121.33903400000024,35.964739999999985],[-121.33899800000025,35.964768999999983],[-121.33896100000022,35.964798000000002],[-121.33888500000023,35.964853999999995],[-121.33880700000023,35.964908000000001],[-121.33876700000022,35.964934000000007],[-121.33872700000025,35.964959000000007],[-121.33868600000024,35.964982999999997],[-121.33864300000025,35.965005999999995],[-121.33860000000023,35.965026000000002],[-121.33855100000024,35.965045000000011],[-121.33850000000024,35.965060999999999],[-121.33844900000024,35.965076000000003],[-121.33839700000023,35.965089999999989],[-121.33818500000024,35.965143000000005],[-121.33813300000023,35.965156999999998],[-121.33808200000024,35.965172999999993],[-121.33803200000021,35.965190999999997],[-121.33798500000023,35.965211000000004],[-121.33793900000023,35.965232000000007],[-121.33789400000023,35.965254999999999],[-121.33780600000024,35.96530400000001],[-121.33767700000024,35.965381000000001],[-121.33754800000024,35.965459999999993],[-121.33742200000022,35.965539999999997],[-121.33738100000021,35.965567000000007],[-121.33734100000024,35.965595],[-121.33730200000024,35.965623999999991],[-121.33726400000023,35.965653999999986],[-121.33722900000022,35.965685000000001],[-121.33719700000022,35.965718999999993],[-121.33716700000024,35.965754000000004],[-121.33713900000022,35.965791000000003],[-121.33711200000025,35.965828000000002],[-121.33708600000024,35.965866000000013],[-121.33701100000022,35.965980999999999],[-121.33679200000023,35.96633099999999],[-121.33666900000021,35.966524999999997],[-121.33659400000023,35.966641000000003],[-121.33654300000023,35.966717000000003],[-121.33648900000023,35.966793000000003],[-121.33646100000024,35.966830000000009],[-121.33631800000023,35.967011000000007],[-121.33629000000022,35.967047000000001],[-121.33626300000024,35.967084],[-121.33623800000022,35.967120999999999],[-121.33621500000024,35.967159000000009],[-121.33619500000023,35.96719800000001],[-121.33617800000023,35.967238000000009],[-121.33616500000021,35.967278999999998],[-121.33615400000022,35.967320999999991],[-121.33614500000023,35.967362999999992],[-121.33613000000022,35.967449000000002],[-121.33611900000024,35.967535000000005],[-121.33611200000023,35.967621999999999],[-121.33611000000022,35.967664999999997],[-121.33611000000022,35.967706999999997],[-121.33611300000024,35.967789000000003],[-121.33611800000023,35.967871000000009],[-121.33612500000024,35.967953999999999],[-121.33616200000023,35.968364999999999],[-121.33617500000022,35.968488000000001],[-121.33618600000023,35.968569999999993],[-121.33619300000022,35.968614000000009],[-121.33621900000023,35.968746999999993],[-121.33625800000023,35.968922999999997],[-121.33627900000023,35.969010999999995],[-121.33629100000023,35.969054000000007],[-121.33631600000022,35.969141000000008],[-121.33634400000024,35.969226999999997],[-121.33637200000021,35.969313999999997],[-121.33640200000023,35.969398999999996],[-121.33641800000022,35.969441999999994],[-121.33643400000024,35.969483999999994],[-121.33645200000022,35.969524999999997],[-121.33647200000023,35.969565000000003],[-121.33649500000021,35.969603999999997],[-121.33652100000025,35.969640999999996],[-121.33655100000024,35.969676000000007],[-121.33658400000024,35.969708000000004],[-121.33662000000022,35.969739999999994],[-121.33665900000022,35.969770000000004],[-121.33669800000024,35.969799999999999],[-121.33677900000025,35.969858000000002],[-121.33686300000022,35.969914000000017],[-121.33690600000021,35.969940999999992],[-121.33695000000024,35.969968000000009],[-121.33699300000023,35.969993000000009],[-121.33703700000022,35.970018000000003],[-121.33712600000023,35.970066999999993],[-121.33726100000023,35.970137000000001],[-121.33735200000022,35.970182999999992],[-121.33744500000023,35.970227000000008],[-121.33754000000023,35.97026799999999],[-121.33763600000023,35.970307000000005],[-121.33773200000023,35.970345000000009],[-121.33882000000023,35.970767000000009],[-121.33891500000023,35.970807000000001],[-121.33896200000022,35.970827],[-121.33900800000023,35.970848999999994],[-121.33905200000022,35.970871999999993],[-121.33909500000021,35.970896000000003],[-121.33913400000023,35.970922000000002],[-121.33917100000022,35.970949999999995],[-121.33920700000023,35.970979000000007],[-121.33924200000021,35.971008000000005],[-121.33927700000022,35.97103899999999],[-121.33934400000024,35.971102000000002],[-121.33940800000023,35.971166000000004],[-121.33947000000023,35.971232000000001],[-121.33950000000021,35.97126500000001],[-121.33952800000023,35.971299999999999],[-121.33955500000023,35.97133500000001],[-121.33958000000023,35.971372000000002],[-121.33962700000021,35.971444999999996],[-121.33967200000021,35.971519999999984],[-121.33973700000024,35.971634000000002],[-121.33980100000021,35.971747999999998],[-121.33984100000025,35.971824000000005],[-121.33989700000021,35.971936999999997],[-121.33995200000022,35.972050999999993],[-121.34000400000022,35.972165999999994],[-121.34003700000024,35.972246999999996],[-121.34006900000023,35.972332000000009],[-121.34010000000022,35.972417999999998],[-121.34012900000023,35.972503999999994],[-121.34015600000022,35.97258999999999],[-121.34016800000023,35.972633000000002],[-121.34017900000023,35.972676999999997],[-121.34018700000024,35.972720000000002],[-121.34019200000023,35.972762000000003],[-121.34019600000022,35.972803999999996],[-121.34019700000023,35.97284599999999],[-121.34019800000023,35.972888000000005],[-121.34019700000023,35.972930000000012],[-121.34019500000022,35.972971000000008],[-121.34019200000023,35.973013000000016],[-121.34018700000024,35.973054000000005],[-121.34018000000023,35.973095000000001],[-121.34017000000023,35.973134999999999],[-121.34015700000025,35.973174999999998],[-121.34013900000022,35.973212999999994],[-121.34011700000023,35.973250999999998],[-121.34009300000022,35.973289000000001],[-121.34006700000022,35.973325000000003],[-121.34003900000023,35.973362000000002],[-121.33998100000021,35.973434000000005],[-121.33992200000023,35.973506],[-121.33974100000023,35.97372],[-121.33965000000023,35.973827],[-121.33958800000023,35.973897000000008],[-121.33952500000022,35.973965999999997],[-121.33949100000024,35.974001000000001],[-121.33942100000024,35.974068000000003],[-121.33920900000024,35.974268000000002],[-121.33913900000024,35.974335000000011],[-121.33904100000024,35.974435],[-121.33881600000021,35.97467000000001],[-121.33875000000023,35.974736],[-121.33871500000022,35.974769999999992],[-121.33864500000023,35.974837000000001],[-121.33857300000022,35.974902999999998],[-121.33817700000023,35.975264999999993],[-121.33810600000022,35.975331999999995],[-121.33807200000022,35.975366000000008],[-121.33803800000024,35.975400999999998],[-121.33800600000022,35.975436000000002],[-121.33797500000021,35.975470999999999],[-121.33794700000024,35.975508000000012],[-121.33792000000022,35.975544999999997],[-121.33789400000023,35.975582999999993],[-121.33787000000024,35.975621000000004],[-121.33782300000023,35.975698999999999],[-121.33777800000023,35.975777999999991],[-121.33773600000023,35.975858000000002],[-121.33771700000021,35.975898999999998],[-121.33765000000024,35.976049000000003],[-121.33763200000024,35.976083999999993],[-121.33761300000023,35.976115999999998],[-121.33759200000023,35.976146],[-121.33756700000023,35.976171000000008],[-121.33753800000022,35.976189999999995],[-121.33750800000023,35.976200999999996],[-121.33747500000023,35.976206999999995],[-121.33743900000023,35.976208999999997],[-121.33740100000024,35.976206999999995],[-121.33735300000023,35.976199999999999],[-121.33730400000023,35.976188999999998],[-121.33725400000021,35.976176000000002],[-121.33720400000023,35.976160999999998],[-121.33715300000023,35.976143999999998],[-121.33689600000022,35.976058000000002],[-121.33679300000023,35.976024999999993],[-121.33674100000023,35.976011],[-121.33668900000025,35.975998000000011],[-121.33663700000022,35.975988000000001],[-121.33658900000023,35.975980999999997],[-121.33654100000022,35.975977],[-121.33649300000023,35.975974000000008],[-121.33644500000023,35.975974000000001],[-121.33639700000023,35.975975000000005],[-121.33634900000023,35.975979000000009],[-121.33630200000025,35.975985000000001],[-121.33625500000021,35.975994],[-121.33620800000023,35.976005999999998],[-121.33606900000021,35.976043999999995],[-121.33602200000023,35.976056000000007],[-121.33597300000022,35.976067],[-121.33592300000022,35.976076000000006],[-121.33587300000023,35.976084],[-121.33582300000023,35.976089999999999],[-121.33577300000024,35.976093000000006],[-121.33572400000023,35.976093999999996],[-121.33567600000023,35.976092000000001],[-121.33562800000023,35.976086000000002],[-121.33557800000023,35.976074999999994],[-121.33553000000025,35.976058999999999],[-121.33548300000024,35.976039999999998],[-121.33543600000023,35.976018000000003],[-121.33538900000025,35.97599499999999],[-121.33534300000022,35.975971000000001],[-121.33525100000024,35.975921000000007],[-121.33506900000023,35.975819000000001],[-121.33493300000022,35.975740999999992],[-121.33484900000022,35.975690999999998],[-121.33481100000023,35.975667000000001],[-121.33477300000023,35.975642999999998],[-121.33473700000025,35.975617999999997],[-121.33470100000022,35.975591999999999],[-121.33466300000023,35.975560999999999],[-121.33462500000023,35.975530000000006],[-121.33455400000022,35.975465],[-121.33445000000023,35.975364000000006],[-121.33434900000023,35.975261000000017],[-121.33428300000023,35.975191000000002],[-121.33422100000024,35.975119999999997],[-121.33416100000022,35.975048000000008],[-121.33410200000023,35.974975000000008],[-121.33381300000022,35.974608000000003],[-121.33364300000021,35.974397999999994],[-121.33358600000022,35.974328999999997],[-121.33352600000023,35.974260999999998],[-121.33349600000022,35.974227999999997],[-121.33346400000025,35.974195999999999],[-121.33343000000023,35.974165000000006],[-121.33339500000022,35.974135000000004],[-121.33335600000022,35.974107000000004],[-121.33331500000024,35.974079999999994],[-121.33327200000022,35.974055],[-121.33322800000023,35.974031000000004],[-121.33318300000023,35.974007000000015],[-121.33309200000022,35.973961999999993],[-121.33299900000024,35.97392],[-121.33295200000023,35.973900000000008],[-121.33290500000022,35.973881999999996],[-121.33285700000023,35.973865000000011],[-121.33280900000022,35.973852000000008],[-121.33276000000023,35.973841999999991],[-121.33270800000024,35.973837000000003],[-121.33265500000023,35.973836000000006],[-121.33260200000022,35.973837000000003],[-121.33254800000023,35.973841],[-121.33249400000022,35.973846000000002],[-121.33238500000023,35.97385899999999],[-121.33227600000023,35.973874000000002],[-121.33216700000023,35.973891000000002],[-121.33205800000023,35.973908000000002],[-121.33179000000021,35.973956000000001],[-121.33168300000023,35.973973999999998],[-121.33162900000023,35.973980999999995],[-121.33157500000023,35.973987000000001],[-121.33152200000022,35.97399200000001],[-121.33147000000022,35.973994999999995],[-121.33141700000024,35.973996999999997],[-121.33131100000023,35.973999000000006],[-121.33120500000022,35.973998999999999],[-121.33056600000023,35.973998000000009],[-121.33040500000024,35.973998999999999],[-121.33029900000022,35.973999999999997],[-121.33019300000021,35.974002999999996],[-121.33014100000024,35.974004999999998],[-121.33004000000021,35.974010999999997],[-121.32992100000023,35.974021999999984],[-121.32987200000021,35.97402300000001],[-121.32982200000022,35.974020000000003],[-121.32977200000023,35.974012999999999],[-121.32972100000023,35.974005000000005],[-121.32967200000024,35.973993999999998],[-121.32962300000023,35.973979999999997],[-121.32957700000021,35.973964000000002],[-121.32953400000022,35.973945000000001],[-121.32949500000022,35.973920999999997],[-121.32947600000023,35.973907000000004],[-121.32944500000023,35.973875999999997],[-121.32941800000023,35.973841999999991],[-121.32939400000024,35.97380600000001],[-121.32937100000022,35.973768],[-121.32935000000023,35.973728999999999],[-121.32930900000022,35.973647999999997],[-121.32927100000023,35.973565999999998],[-121.32912000000024,35.973236000000007],[-121.32908200000023,35.973153999999994],[-121.32904100000023,35.973074000000011],[-121.32902000000023,35.973034000000006],[-121.32899700000024,35.972995999999995],[-121.32897200000022,35.972958999999996],[-121.32894500000023,35.972924000000006],[-121.32891400000021,35.972891000000004],[-121.32887800000023,35.972861000000002],[-121.32884000000023,35.972833999999999],[-121.32879800000025,35.972808000000001],[-121.32875500000023,35.972784000000004],[-121.32871000000023,35.972760999999991],[-121.32866400000022,35.972738000000007],[-121.32857100000024,35.972693999999997],[-121.32819400000022,35.972521],[-121.32777100000023,35.972323999999993],[-121.32767700000021,35.972282],[-121.32758100000021,35.972240999999997],[-121.32753300000023,35.972222000000009],[-121.32748400000024,35.97220500000001],[-121.32743500000022,35.972188999999993],[-121.32738300000022,35.97217599999999],[-121.32733100000021,35.972164000000006],[-121.32727800000023,35.972154000000003],[-121.32717000000022,35.972136999999996],[-121.32706200000023,35.972121000000008],[-121.32668100000022,35.972069999999995],[-121.32619000000024,35.972004000000005],[-121.32608200000024,35.971991000000003],[-121.32602900000023,35.971986000000001],[-121.32597500000023,35.971983000000009],[-121.32592300000022,35.97198199999999],[-121.32587100000025,35.971983999999999],[-121.32582000000022,35.971989999999998],[-121.32577000000023,35.972002000000003],[-121.32572100000024,35.972016999999994],[-121.32567300000022,35.97203600000001],[-121.32562600000021,35.972058000000011],[-121.32557900000023,35.972079999999998],[-121.32553300000023,35.972104000000002],[-121.32544100000023,35.972154000000003],[-121.32534900000024,35.972206],[-121.32525900000024,35.972258999999994],[-121.32521500000023,35.972287000000001],[-121.32517200000024,35.972315000000009],[-121.32513000000024,35.97234499999999],[-121.32509000000023,35.972375],[-121.32505100000023,35.972406999999997],[-121.32501300000024,35.972439000000001],[-121.32490000000023,35.972537000000003],[-121.32486200000022,35.972568999999993],[-121.32482200000022,35.972599000000002],[-121.32478200000024,35.972628000000007],[-121.32474000000023,35.972653999999999],[-121.32469900000022,35.972676],[-121.32465700000023,35.97269399999999],[-121.32461300000023,35.972710000000006],[-121.32456900000024,35.972723000000002],[-121.32452300000024,35.972731000000017],[-121.32447700000023,35.972735999999998],[-121.32442900000022,35.972733999999996],[-121.32438100000023,35.972727999999996],[-121.32433200000021,35.972718999999984],[-121.32428300000022,35.972708000000004],[-121.32414100000022,35.972670000000008],[-121.32409700000022,35.972659],[-121.32405500000024,35.972650999999992],[-121.32401700000021,35.97264599999999],[-121.32398400000021,35.972647000000002],[-121.32395700000021,35.972655000000003],[-121.32393900000021,35.972672000000003],[-121.32392700000023,35.972696000000013],[-121.32392000000024,35.972724999999997],[-121.32391600000022,35.972759000000003],[-121.32391500000023,35.972794999999991],[-121.32391600000022,35.972954999999999],[-121.32391400000024,35.972996999999992],[-121.32391000000023,35.973041000000002],[-121.32390400000023,35.97308499999999],[-121.32389700000023,35.973129],[-121.32388900000022,35.973173000000003],[-121.32386900000024,35.973260000000003],[-121.32385700000022,35.973303999999999],[-121.32384500000022,35.973347000000004],[-121.32383100000023,35.973388999999997],[-121.32381500000024,35.973430999999998],[-121.32379800000022,35.973473000000006],[-121.32377800000025,35.973510999999995],[-121.32375700000023,35.973548999999998],[-121.32371000000022,35.973623000000011],[-121.32361400000023,35.973771000000013],[-121.32359100000021,35.973807999999998],[-121.32357000000023,35.973846000000002],[-121.32355000000022,35.973883999999998],[-121.32353300000024,35.973925000000008],[-121.32351700000022,35.973967000000002],[-121.32350300000022,35.974009000000002],[-121.32347700000022,35.974093999999994],[-121.32342900000023,35.974266],[-121.32341600000024,35.974308000000001],[-121.32340100000025,35.974350999999999],[-121.32338600000021,35.974391000000004],[-121.32337000000022,35.974430000000005],[-121.32335300000024,35.974468999999999],[-121.32331700000023,35.974547000000001],[-121.32325900000022,35.974663],[-121.32321800000021,35.974739000000014],[-121.32319600000025,35.974777000000003],[-121.32317300000024,35.974814000000009],[-121.32314800000027,35.974850000000011],[-121.32312100000024,35.974884999999993],[-121.32309300000026,35.974920000000004],[-121.32306300000026,35.974954000000004],[-121.32300200000023,35.975021000000005],[-121.32287500000025,35.975152999999992],[-121.32281300000024,35.97522],[-121.32275300000026,35.975287999999999],[-121.32269600000024,35.975358000000007],[-121.32264200000026,35.975428999999998],[-121.32258800000024,35.975501000000001],[-121.32237900000025,35.975791000000001],[-121.32230300000026,35.975900000000003],[-121.32225500000025,35.975974000000001],[-121.32223300000027,35.976010999999993],[-121.32221100000025,35.976049000000003],[-121.32219200000026,35.976086999999993],[-121.32217500000026,35.976127999999996],[-121.32215900000025,35.976170000000003],[-121.32213200000025,35.976255000000002],[-121.32209600000026,35.976382999999991],[-121.32207100000026,35.97646799999999],[-121.32205700000026,35.976511000000009],[-121.32204200000025,35.97655300000001],[-121.32202500000022,35.976593999999992],[-121.32200600000026,35.976633999999997],[-121.32196700000026,35.976714999999992],[-121.32192500000023,35.97679500000001],[-121.32181800000025,35.976993999999998],[-121.32177700000024,35.977074000000009],[-121.32175700000026,35.977114000000007],[-121.32173900000025,35.977155000000003],[-121.32172100000025,35.977195999999999],[-121.32170600000026,35.977237000000017],[-121.32169200000025,35.977279999999993],[-121.32166600000026,35.977364999999999],[-121.32164400000025,35.977451000000009],[-121.32162400000024,35.977537999999996],[-121.32160600000026,35.977623999999999],[-121.32159800000025,35.977668000000001],[-121.32159300000025,35.977710000000002],[-121.32158800000026,35.977752999999993],[-121.32157900000024,35.977838000000006],[-121.32155200000024,35.978223],[-121.32154100000025,35.978351000000004],[-121.32153100000023,35.978433999999993],[-121.32151500000025,35.978558],[-121.32148500000025,35.978765000000003],[-121.32146000000026,35.978929999999998],[-121.32141700000024,35.979194000000007],[-121.32099400000025,35.981695999999992],[-121.32097300000024,35.981827999999993],[-121.32095300000026,35.981960000000008],[-121.32093800000025,35.982089999999999],[-121.32092500000026,35.982219999999984],[-121.32081600000026,35.983347999999999],[-121.32079700000025,35.983564999999999],[-121.32077400000024,35.983863999999997],[-121.32076000000026,35.98407799999999],[-121.32075600000024,35.984163000000009],[-121.32075400000024,35.984206000000007],[-121.32075500000028,35.984290999999999],[-121.32075900000027,35.984375999999997],[-121.32076500000026,35.98446100000001],[-121.32077200000026,35.984545000000004],[-121.32078000000024,35.98463000000001],[-121.32079100000026,35.984714000000004],[-121.32079800000027,35.984755999999997],[-121.32080600000027,35.984797999999991],[-121.32081600000026,35.984838999999994],[-121.32082700000025,35.984879000000006],[-121.32085100000027,35.984960000000008],[-121.32087700000025,35.985041000000002],[-121.32091800000025,35.985160999999998],[-121.32110200000024,35.985698000000006],[-121.32114700000024,35.985823000000011],[-121.32118000000024,35.98590500000001],[-121.32119900000025,35.985945000000001],[-121.32121800000024,35.985984999999999],[-121.32123900000025,35.986024000000008],[-121.32128300000025,35.986100999999998],[-121.32133000000026,35.986176999999998],[-121.32137700000027,35.986253000000005],[-121.32142600000026,35.986328],[-121.32147700000026,35.98640300000001],[-121.32150300000025,35.986439999999995],[-121.32155900000025,35.986513000000002],[-121.32164500000026,35.986621],[-121.32179400000025,35.986798999999998],[-121.32188600000026,35.986905000000007],[-121.32195000000026,35.986972999999999],[-121.32198300000027,35.987006000000008],[-121.32201800000026,35.987037999999991],[-121.32205300000027,35.987067999999994],[-121.32212700000025,35.987129000000003],[-121.32220200000027,35.987188000000003],[-121.32227800000027,35.987245999999999],[-121.32243100000025,35.987361000000007],[-121.32250900000027,35.987418000000005],[-121.32254900000021,35.987446000000006],[-121.32258900000025,35.987471999999997],[-121.32267000000026,35.987524999999998],[-121.32283400000023,35.987628000000008],[-121.32304100000025,35.987754999999993],[-121.32316900000025,35.98783199999999],[-121.32347600000024,35.988011],[-121.32365300000023,35.988111999999994],[-121.32374200000022,35.988160999999991],[-121.32378800000023,35.988185000000001],[-121.32388100000024,35.988230999999999],[-121.32397500000026,35.988275000000002],[-121.32430800000023,35.988427999999999],[-121.32440200000023,35.988473999999989],[-121.32444800000025,35.988497000000017],[-121.32453400000023,35.988544000000005],[-121.32457600000022,35.988568999999991],[-121.32466000000022,35.988619000000007],[-121.32474200000023,35.988669999999999],[-121.32478200000024,35.988695999999997],[-121.32482200000022,35.98872200000001],[-121.32486100000023,35.988748999999999],[-121.32489900000022,35.988777000000006],[-121.32493500000024,35.98880599999999],[-121.32496900000022,35.988836999999997],[-121.32500000000023,35.988870000000006],[-121.32503000000023,35.988904000000012],[-121.32505700000023,35.988940000000007],[-121.32508400000025,35.988976000000001],[-121.32510900000024,35.989013000000007],[-121.32515800000023,35.989089],[-121.32520500000024,35.989165000000007],[-121.32524900000023,35.989241999999997],[-121.32527000000023,35.989281000000005],[-121.32529000000021,35.989320999999997],[-121.32530800000023,35.989359999999998],[-121.32534000000024,35.989438999999997],[-121.32535600000023,35.98947900000001],[-121.32538400000023,35.989558999999993],[-121.32541000000023,35.989640000000001],[-121.32542200000023,35.989680000000014],[-121.32543200000023,35.989719999999998],[-121.32544100000023,35.989760999999994],[-121.32544800000022,35.989801],[-121.32545200000021,35.989841999999996],[-121.32545100000024,35.989885000000008],[-121.32544800000022,35.989927999999992],[-121.32544200000022,35.989970999999997],[-121.32543400000023,35.990014000000009],[-121.32542400000024,35.990057000000014],[-121.32541300000021,35.990100000000005],[-121.32540200000022,35.99014300000001],[-121.32538900000023,35.990184999999997],[-121.32537400000021,35.990227000000004],[-121.32535800000022,35.990268999999998],[-121.32534000000024,35.990310000000001],[-121.32532000000023,35.990348000000004],[-121.32529800000025,35.990386000000008],[-121.32525100000021,35.990459999999985],[-121.32515300000023,35.990606999999997],[-121.32513000000024,35.990645000000001],[-121.32510900000024,35.990682],[-121.32508900000023,35.990719999999996],[-121.32507100000021,35.990760999999999],[-121.32505500000022,35.990803000000007],[-121.32504100000023,35.990845],[-121.32502700000025,35.990887999999998],[-121.32501500000022,35.990929999999999],[-121.32499300000023,35.991017000000006],[-121.32497300000023,35.99110300000001],[-121.32495400000023,35.99119000000001],[-121.32493300000023,35.991314000000003],[-121.32488900000023,35.991603000000005],[-121.32486800000022,35.991726999999997],[-121.32485100000024,35.991811999999996],[-121.32480200000025,35.992027999999998],[-121.32479300000023,35.992071000000003],[-121.32478600000023,35.992114000000001],[-121.32478000000023,35.992157000000006],[-121.32477700000022,35.992200000000004],[-121.32477600000021,35.992243000000009],[-121.32478000000023,35.992283],[-121.32478700000023,35.992324000000011],[-121.32479600000025,35.992364000000009],[-121.32481800000023,35.992445000000004],[-121.32488300000023,35.992646000000001],[-121.32490600000023,35.992727000000002],[-121.32491600000023,35.992767999999998],[-121.32492500000022,35.992809000000001],[-121.32493200000022,35.992850999999995],[-121.32494300000025,35.992936],[-121.32495600000024,35.993062999999999],[-121.32496200000024,35.993146999999993],[-121.32496400000022,35.993188999999987],[-121.32496500000022,35.993231999999999],[-121.32496400000022,35.993274000000007],[-121.32496200000024,35.993316],[-121.32495700000023,35.993359999999996],[-121.32495100000023,35.993403000000008],[-121.32493400000023,35.993490000000001],[-121.32491400000023,35.99357599999999],[-121.32489300000022,35.993662999999998],[-121.32481700000022,35.993965000000003],[-121.32478200000024,35.994094000000004],[-121.32476900000025,35.994136999999995],[-121.32475500000024,35.994179000000003],[-121.32474000000023,35.994221000000003],[-121.32472200000024,35.994262000000006],[-121.32470300000023,35.99430000000001],[-121.32468100000023,35.994337999999999],[-121.32465900000024,35.99437600000001],[-121.32461100000023,35.99444900000001],[-121.32453500000022,35.994559000000002],[-121.32440600000022,35.994742000000016],[-121.32435300000023,35.994813999999998],[-121.32429900000021,35.994885000000004],[-121.32427100000022,35.994919000000003],[-121.32424200000021,35.994951999999998],[-121.32421100000022,35.994982999999991],[-121.32417700000023,35.99501200000001],[-121.32414100000022,35.995037000000004],[-121.32410100000023,35.995058999999991],[-121.32405800000022,35.995077000000016],[-121.32401200000022,35.995093000000004],[-121.32396500000024,35.995108000000002],[-121.32391700000024,35.995120999999997],[-121.32386800000025,35.995133000000003],[-121.32376800000023,35.995156000000001],[-121.32321100000024,35.995274000000009],[-121.32280500000023,35.995360999999995],[-121.32187100000026,35.995563999999995],[-121.32106500000025,35.995741000000002],[-121.32091300000026,35.995773],[-121.32081200000027,35.995790999999997],[-121.32076000000026,35.995798999999991],[-121.32070800000024,35.995806000000009],[-121.32060200000025,35.995815999999991],[-121.32055000000025,35.995819999999995],[-121.32044400000024,35.995826999999998],[-121.32033800000025,35.995831999999993],[-121.32028600000025,35.995831999999986],[-121.32023300000027,35.995831999999993],[-121.32018200000024,35.995829999999998],[-121.32013100000025,35.995825999999994],[-121.32008000000025,35.995818000000007],[-121.32003200000027,35.995808000000004],[-121.31998500000026,35.995794000000004],[-121.31993800000025,35.995778000000008],[-121.31989100000027,35.995760000000004],[-121.31979900000026,35.995722000000001],[-121.31961500000024,35.995643000000001],[-121.31952100000025,35.995607000000014],[-121.31947300000027,35.995588999999995],[-121.31937800000024,35.995556000000008],[-121.31908900000025,35.995459000000004],[-121.31899300000025,35.995424],[-121.31889900000026,35.995387000000001],[-121.31871500000024,35.995308999999999],[-121.31866900000024,35.995290000000004],[-121.31862300000026,35.995272],[-121.31857700000026,35.995254999999993],[-121.31853000000025,35.995241000000007],[-121.31848300000024,35.995228999999995],[-121.31843500000026,35.995221999999998],[-121.31838700000024,35.995218999999992],[-121.31833800000025,35.995221000000008],[-121.31828900000023,35.995224999999998],[-121.31823900000028,35.995232000000001],[-121.31818900000025,35.995240000000003],[-121.31813800000026,35.995249000000001],[-121.31803800000027,35.995270000000005],[-121.31793700000024,35.995292999999997],[-121.31783700000025,35.995319000000009],[-121.31778800000025,35.995334],[-121.31773800000025,35.995350000000002],[-121.31768900000026,35.99536599999999],[-121.31759100000025,35.995401999999999],[-121.31749600000026,35.995440000000002],[-121.31744900000025,35.995458999999997],[-121.31740300000025,35.995479000000003],[-121.31735900000025,35.9955],[-121.31731600000026,35.995522999999999],[-121.31727700000026,35.995546000000004],[-121.31724100000024,35.995572000000003],[-121.31721000000024,35.995601000000001],[-121.31718600000026,35.995634000000003],[-121.31716600000026,35.995671000000002],[-121.31715100000025,35.995708999999998],[-121.31713800000024,35.995749000000004],[-121.31712800000025,35.995790999999997],[-121.31711000000026,35.995874999999998],[-121.31709500000025,35.995961000000001],[-121.31705300000026,35.996221000000006],[-121.31703800000025,35.996307999999999],[-121.31702200000025,35.996394000000002],[-121.31700300000024,35.996480999999996],[-121.31697300000025,35.996611000000009],[-121.31690100000024,35.996915999999992],[-121.31686900000025,35.997045999999997],[-121.31684500000026,35.997130999999996],[-121.31683200000026,35.997172000000006],[-121.31681600000027,35.997212000000005],[-121.31679800000025,35.997250999999999],[-121.31677600000026,35.997287999999998],[-121.31674900000026,35.997320999999999],[-121.31671700000025,35.99734999999999],[-121.31668100000027,35.99737600000001],[-121.31664000000026,35.997399000000001],[-121.31659800000024,35.997421000000003],[-121.31655300000024,35.997441999999999],[-121.31650700000027,35.997462000000006],[-121.31641300000025,35.997499999999995],[-121.31631600000026,35.997536000000004],[-121.31621800000028,35.997570000000003],[-121.31616900000026,35.997585000000001],[-121.31611900000026,35.997599000000001],[-121.31607000000024,35.997611999999997],[-121.31602000000025,35.997624000000002],[-121.31591900000026,35.997647000000001],[-121.31576800000028,35.997681],[-121.31455600000024,35.997940000000014],[-121.31440600000026,35.997974000000006],[-121.31430600000027,35.997997999999995],[-121.31425600000024,35.998010999999991],[-121.31420700000025,35.998024999999998],[-121.31415800000026,35.998040999999994],[-121.31410900000026,35.998057000000017],[-121.31401200000025,35.998092000000007],[-121.31391700000026,35.99813000000001],[-121.31382300000027,35.998169000000004],[-121.31377700000026,35.998188999999996],[-121.31373200000026,35.998211000000005],[-121.31368900000024,35.998234000000004],[-121.31364800000026,35.998257999999993],[-121.31361000000027,35.998285000000003],[-121.31357500000026,35.998313999999993],[-121.31354300000025,35.998345000000008],[-121.31351300000026,35.998378000000002],[-121.31348400000024,35.998412000000002],[-121.31337300000024,35.998551999999997],[-121.31334500000025,35.998586000000003],[-121.31331500000027,35.99862000000001],[-121.31328400000025,35.998653000000004],[-121.31324900000025,35.998685999999992],[-121.31321200000023,35.998719000000008],[-121.31317400000027,35.998750000000001],[-121.31313500000027,35.998781000000008],[-121.31309500000026,35.998811000000018],[-121.31301400000025,35.998869999999989],[-121.31284900000026,35.998988000000004],[-121.31227100000027,35.999396999999995],[-121.31214900000026,35.999486000000005],[-121.31207000000026,35.999546999999993],[-121.31203200000026,35.999578],[-121.31199500000024,35.999610000000011],[-121.31196000000025,35.999642999999999],[-121.31192800000025,35.999675999999994],[-121.31189800000026,35.99971],[-121.31187000000025,35.999744999999997],[-121.31175900000025,35.999884999999999],[-121.31173100000024,35.999920000000003],[-121.31170100000024,35.99995400000001],[-121.31167100000026,35.999986999999997],[-121.31163800000026,36.000017999999997],[-121.31160300000026,36.000048],[-121.31156600000024,36.000076],[-121.31152700000024,36.000103000000003],[-121.31144700000026,36.00015599999999],[-121.31124200000023,36.000284000000001],[-121.31120200000026,36.000311000000004],[-121.31116400000026,36.000338000000013],[-121.31112600000026,36.000366],[-121.31109100000025,36.000394999999997],[-121.31105800000024,36.000427000000002],[-121.31102700000025,36.00045999999999],[-121.31099800000024,36.000494000000003],[-121.31097000000025,36.000527999999996],[-121.31094300000025,36.000563999999997],[-121.31089100000025,36.000636],[-121.31086700000026,36.000672999999992],[-121.31084400000027,36.000709999999991],[-121.31082300000025,36.000747999999994],[-121.31080400000026,36.000785999999998],[-121.31078600000023,36.000827000000001],[-121.31077100000026,36.000869000000009],[-121.31075700000025,36.000911000000009],[-121.31073300000025,36.000996999999998],[-121.31071000000024,36.001083000000001],[-121.31057200000023,36.001645000000011],[-121.31026000000026,36.002898000000002],[-121.31022600000027,36.003027000000003],[-121.31019900000027,36.003112000000009],[-121.31018500000026,36.003154000000002],[-121.31016900000024,36.003193999999993],[-121.31013500000026,36.00327200000001],[-121.31009900000025,36.003350000000005],[-121.31006100000025,36.003427999999992],[-121.30979200000026,36.003970000000002],[-121.30973200000025,36.004085000000003],[-121.30968900000026,36.004161000000003],[-121.30964200000025,36.004235999999992],[-121.30961800000026,36.004273000000005],[-121.30956700000026,36.004344999999994],[-121.30951300000025,36.004416999999997],[-121.30948600000026,36.004452000000001],[-121.30945700000025,36.00448699999999],[-121.30942700000027,36.004520999999997],[-121.30939600000026,36.004553000000001],[-121.30936000000025,36.004585999999996],[-121.30932300000026,36.004618000000015],[-121.30928500000026,36.004649999999998],[-121.30920500000025,36.004710000000003],[-121.30912400000027,36.004770000000008],[-121.30900100000025,36.004857999999999],[-121.30883600000027,36.004976000000006],[-121.30875300000024,36.005033999999995],[-121.30866900000024,36.005091],[-121.30862700000026,36.00511800000001],[-121.30858300000025,36.005144000000008],[-121.30853800000025,36.005168000000005],[-121.30849200000026,36.005189999999992],[-121.30844700000026,36.00520800000001],[-121.30840000000028,36.005223999999984],[-121.30835100000026,36.005237999999991],[-121.30830300000025,36.005250999999994],[-121.30820300000026,36.005275000000005],[-121.30805300000024,36.00530899999999],[-121.30737800000026,36.005454],[-121.30727300000025,36.005476000000002],[-121.30716800000026,36.005496000000001],[-121.30711500000025,36.00550599999999],[-121.30706200000024,36.005513999999998],[-121.30700900000025,36.005519999999997],[-121.30690400000026,36.005529999999993],[-121.30674500000026,36.005541999999998],[-121.30658600000025,36.005549000000009],[-121.30648000000024,36.005551000000004],[-121.30642700000026,36.005551000000004],[-121.30637400000025,36.005549000000002],[-121.30631900000026,36.005545999999995],[-121.30626500000025,36.005540000000003],[-121.30621000000023,36.00553399999999],[-121.30610200000025,36.005519],[-121.30599400000025,36.005500000000005],[-121.30594100000027,36.005490000000002],[-121.30588800000024,36.005478999999994],[-121.30583600000026,36.005466000000006],[-121.30578400000026,36.005451999999998],[-121.30573600000025,36.00543600000001],[-121.30568900000027,36.00541900000001],[-121.30564300000026,36.005400999999992],[-121.30559600000025,36.005381999999997],[-121.30550500000025,36.005342000000006],[-121.30541400000024,36.005299999999998],[-121.30491400000025,36.005071000000001],[-121.30446000000026,36.004863000000007],[-121.30323100000024,36.004302999999993],[-121.30247400000025,36.003959000000002],[-121.30233900000025,36.003896000000005],[-121.30225100000025,36.003852000000002],[-121.30220800000023,36.003829000000003],[-121.30216500000024,36.003804999999993],[-121.30212500000027,36.003779999999999],[-121.30208300000025,36.003751000000001],[-121.30204300000025,36.003722000000003],[-121.30200400000025,36.003691000000003],[-121.30185200000025,36.003564999999995],[-121.30181300000025,36.003534999999999],[-121.30177400000025,36.00350499999999],[-121.30173300000024,36.003476999999997],[-121.30169000000025,36.003451000000005],[-121.30164700000026,36.003429000000011],[-121.30160300000027,36.003408999999998],[-121.30155700000026,36.003391000000001],[-121.30146300000025,36.003357000000008],[-121.30127300000026,36.003291000000004],[-121.30122600000026,36.003273000000007],[-121.30118100000026,36.003255000000003],[-121.30113600000026,36.003234999999997],[-121.30109300000026,36.003213000000002],[-121.30105000000027,36.00318699999999],[-121.30100900000026,36.003158999999997],[-121.30097000000026,36.003130000000006],[-121.30093100000026,36.003099000000013],[-121.30077800000024,36.002974000000002],[-121.30073900000026,36.002943000000002],[-121.30069900000025,36.002913999999997],[-121.30065700000027,36.002885000000006],[-121.30061700000026,36.002860000000005],[-121.30057400000024,36.002836000000009],[-121.30048700000026,36.002791000000009],[-121.30031100000025,36.002702999999997],[-121.30026800000026,36.002679999999998],[-121.30022600000024,36.002656000000002],[-121.30018500000025,36.002631000000008],[-121.30014300000028,36.002601999999996],[-121.30010300000023,36.002572999999998],[-121.30006400000026,36.002541999999998],[-121.29998800000024,36.002478999999994],[-121.29987500000026,36.002383000000002],[-121.29979800000025,36.002320000000005],[-121.29975900000025,36.002288999999998],[-121.29972100000026,36.002261000000011],[-121.29968100000025,36.002234000000001],[-121.29960100000024,36.002181],[-121.29952000000024,36.002128999999996],[-121.29919100000025,36.001922999999998],[-121.29894400000026,36.00177],[-121.29886000000026,36.001719999999999],[-121.29881800000027,36.001695999999995],[-121.29877500000028,36.001673000000004],[-121.29873200000029,36.001649999999998],[-121.29868700000026,36.001628999999994],[-121.29864200000026,36.001609999999999],[-121.29859600000029,36.001590999999991],[-121.29850100000029,36.001557000000005],[-121.29821200000029,36.001461999999997],[-121.29811700000027,36.001427999999997],[-121.29806900000028,36.001411000000004],[-121.29802000000028,36.001390999999998],[-121.29792300000027,36.001350000000009],[-121.29768400000029,36.001243999999993],[-121.29758800000029,36.001202000000006],[-121.29754000000028,36.001182],[-121.29749100000026,36.001162000000001],[-121.29744200000027,36.001143999999996],[-121.29739200000029,36.001128000000008],[-121.29734200000028,36.001114000000001],[-121.29729100000029,36.00110200000001],[-121.29724000000029,36.00109100000001],[-121.29718800000029,36.001081000000006],[-121.29708400000028,36.00106199999999],[-121.29697900000028,36.001044999999998],[-121.29671600000029,36.001004999999999],[-121.29655700000029,36.000982999999991],[-121.29645300000028,36.000970000000002],[-121.29634900000028,36.000959999999999],[-121.29609000000028,36.000934999999991],[-121.29598700000028,36.000922999999993],[-121.29593600000028,36.000916000000004],[-121.29588600000028,36.000907999999995],[-121.29583600000026,36.00089899999999],[-121.29578700000027,36.000887000000006],[-121.29573900000028,36.000872999999999],[-121.29569100000028,36.000856999999996],[-121.29564500000028,36.000838999999999],[-121.29559800000028,36.000820999999995],[-121.29541400000028,36.000742999999993],[-121.29532100000029,36.000704999999996],[-121.29527400000028,36.000686999999999],[-121.29522400000029,36.00067],[-121.29517400000029,36.00065399999999],[-121.29507300000027,36.000622999999997],[-121.29491900000028,36.000580000000006],[-121.29466100000027,36.000512000000001],[-121.29450600000027,36.000472000000002],[-121.29440200000029,36.000447000000001],[-121.29434900000028,36.000435000000003],[-121.29424200000027,36.000413999999999],[-121.29413500000028,36.000394999999997],[-121.29391800000029,36.000359999999993],[-121.29354000000026,36.000299000000005],[-121.29337700000029,36.000275000000009],[-121.29326900000027,36.000261000000009],[-121.29321400000028,36.000256000000007],[-121.2931600000003,36.000253000000008],[-121.29310500000028,36.000252000000003],[-121.29305100000029,36.000253000000001],[-121.29299600000027,36.000255000000003],[-121.29288700000028,36.000261000000009],[-121.29277700000029,36.00026900000001],[-121.29261300000029,36.000283000000017],[-121.29250400000026,36.000293999999997],[-121.29239500000027,36.000306999999999],[-121.29234100000029,36.000314999999993],[-121.29229000000029,36.000323000000002],[-121.29218900000026,36.000342000000003],[-121.29193600000029,36.000394000000007],[-121.29183500000029,36.000413000000002],[-121.29178500000027,36.000420999999996],[-121.29173400000028,36.000428000000007],[-121.29168300000028,36.000433000000008],[-121.29162800000029,36.000436000000001],[-121.29157400000028,36.000435999999993],[-121.29151900000026,36.000435000000003],[-121.29146400000027,36.000434000000006],[-121.29135400000027,36.000427999999999],[-121.29118900000029,36.000416999999999],[-121.29096900000027,36.000399999999992],[-121.29080400000026,36.000386000000006],[-121.29075000000027,36.000380999999997],[-121.29069600000027,36.000374000000008],[-121.29064300000029,36.000366000000007],[-121.29059100000029,36.000355999999996],[-121.29053900000028,36.000342999999994],[-121.29049100000027,36.000326999999992],[-121.29044300000028,36.000308999999994],[-121.29039600000029,36.000287999999998],[-121.29035000000027,36.000267000000001],[-121.29030400000029,36.000244000000002],[-121.29021300000026,36.00019600000001],[-121.29012300000026,36.000148000000003],[-121.28985300000026,36.000000999999997],[-121.28971900000028,35.999927000000007],[-121.28963000000027,35.999876],[-121.28958700000028,35.999850000000002],[-121.28954500000027,35.999823000000006],[-121.28950300000028,35.999796000000003],[-121.28946300000028,35.999766000000001],[-121.28942300000027,35.999735999999999],[-121.28938500000028,35.999704000000001],[-121.28931000000028,35.999639999999999],[-121.28920000000028,35.999541999999998],[-121.28912800000028,35.999475000000004],[-121.28909300000026,35.999440999999997],[-121.2889960000003,35.999342999999996],[-121.28877400000027,35.999110999999999],[-121.28867700000028,35.999012999999998],[-121.2886440000003,35.998980000000003],[-121.28857300000027,35.998913000000002],[-121.28839300000027,35.998747000000002],[-121.28832300000028,35.998679000000003],[-121.28829000000027,35.998644999999996],[-121.28825800000027,35.998609000000009],[-121.28822900000029,35.998573999999998],[-121.28820200000028,35.998538000000003],[-121.28815000000027,35.998463999999991],[-121.28807700000027,35.998351],[-121.2873890000003,35.997247999999992],[-121.28731900000028,35.997133999999996],[-121.28727200000029,35.997053999999991],[-121.28704100000027,35.996656000000002],[-121.28697000000027,35.996537000000004],[-121.28687700000029,35.996383999999999],[-121.28654500000029,35.995851000000002],[-121.28649800000028,35.995775999999992],[-121.28644800000026,35.995700000000006],[-121.28639700000026,35.995625999999994],[-121.28637000000029,35.99559],[-121.28634100000028,35.99555500000001],[-121.28630900000027,35.995519000000009],[-121.28627600000027,35.995485000000002],[-121.28620700000027,35.995417000000003],[-121.28613500000027,35.995350000000009],[-121.28602500000028,35.99525100000001],[-121.28587700000027,35.99512],[-121.28576600000027,35.99502300000001],[-121.28569100000027,35.994959000000001],[-121.28565200000027,35.994926999999997],[-121.28561300000027,35.994897000000002],[-121.2855730000003,35.994866999999999],[-121.28553100000028,35.994838999999985],[-121.28549000000027,35.994815000000003],[-121.28544700000027,35.994790999999999],[-121.28540400000028,35.994768000000001],[-121.28522800000027,35.994680000000002],[-121.28518500000028,35.994656999999989],[-121.28514300000029,35.994633],[-121.28510200000029,35.994608999999997],[-121.28506400000029,35.994582000000001],[-121.28502700000027,35.99455300000001],[-121.28499200000029,35.994521000000006],[-121.28495900000028,35.994488999999994],[-121.28492700000028,35.994454999999995],[-121.28489600000029,35.994421000000003],[-121.28483500000027,35.994349999999997],[-121.28468600000026,35.994173000000004],[-121.28462500000029,35.994102000000005],[-121.28459300000029,35.994067000000001],[-121.28456100000028,35.994033000000002],[-121.28452700000028,35.993999000000002],[-121.28445700000029,35.993930999999996],[-121.28438500000027,35.993865],[-121.28431100000029,35.993799000000003],[-121.28419900000029,35.993701999999999],[-121.28416100000028,35.993670000000009],[-121.28408600000029,35.993611000000008],[-121.28382100000029,35.993406000000007],[-121.28370900000027,35.99331699999999],[-121.28363700000027,35.993255999999995],[-121.28360200000029,35.993223999999998],[-121.28356900000028,35.993191000000003],[-121.28353600000028,35.993156999999989],[-121.28347400000028,35.993088],[-121.28341300000028,35.993017999999999],[-121.28326400000027,35.992840000000008],[-121.28317100000028,35.992734999999996],[-121.28310700000029,35.992666000000007],[-121.28307300000029,35.992632],[-121.28300200000028,35.992564999999992],[-121.28289500000029,35.99246500000001],[-121.28282600000027,35.992396999999997],[-121.28279300000027,35.992362000000007],[-121.28276300000027,35.992327000000003],[-121.28273500000029,35.99228999999999],[-121.28271300000029,35.992254000000003],[-121.28269300000028,35.992215999999999],[-121.28267400000028,35.992178000000003],[-121.28265800000027,35.992139000000002],[-121.28264200000028,35.992100000000001],[-121.28261300000027,35.992019999999997],[-121.28243300000027,35.991486000000009],[-121.28236100000026,35.991276999999997],[-121.28226100000028,35.990989999999989],[-121.28222000000027,35.990870000000008],[-121.28219600000027,35.990788999999999],[-121.28218500000028,35.990748999999994],[-121.28217600000029,35.990707999999991],[-121.28216900000027,35.990667999999999],[-121.28216500000028,35.990627999999994],[-121.28216500000028,35.990585000000003],[-121.28216900000027,35.990541999999998],[-121.28217500000027,35.990499000000007],[-121.28218300000027,35.990455999999995],[-121.28219200000028,35.990412999999997],[-121.28220300000028,35.990370000000013],[-121.28221400000027,35.990327000000008],[-121.28222700000029,35.990284000000003],[-121.28224200000028,35.990242000000002],[-121.28225800000028,35.990201000000006],[-121.28227600000028,35.99016000000001],[-121.28229600000029,35.990121000000002],[-121.28231800000027,35.99008400000001],[-121.28234100000029,35.990046],[-121.28243800000028,35.989898999999994],[-121.28248400000027,35.98982500000001],[-121.28250600000028,35.989787000000007],[-121.28252500000028,35.98974900000001],[-121.2825430000003,35.989707999999993],[-121.28255900000028,35.989666],[-121.28258700000029,35.989582000000006],[-121.28263800000029,35.989411000000004],[-121.28265200000027,35.989369000000011],[-121.28266800000029,35.989328000000015],[-121.28268600000028,35.989286999999997],[-121.28270600000027,35.989248000000003],[-121.28272700000028,35.989211000000005],[-121.28277300000029,35.989135999999995],[-121.28284500000026,35.989026000000003],[-121.28286800000028,35.988988999999989],[-121.28289000000026,35.988951999999998],[-121.28291000000027,35.988914000000001],[-121.28292800000027,35.988875],[-121.28294300000027,35.988835999999999],[-121.28295500000027,35.988796999999998],[-121.28296500000029,35.988756000000002],[-121.28297400000027,35.988715999999989],[-121.28298900000028,35.988633999999998],[-121.28301400000028,35.988467999999997],[-121.28306800000028,35.988094999999994],[-121.28308500000027,35.987971000000002],[-121.28309400000029,35.98788900000001],[-121.28309700000027,35.987846999999995],[-121.28309900000028,35.987805999999999],[-121.28310000000029,35.987765000000003],[-121.28309700000027,35.987724],[-121.28309200000028,35.987682999999997],[-121.28308400000027,35.987643000000006],[-121.28307400000028,35.987601999999995],[-121.2830630000003,35.987562000000011],[-121.28303900000027,35.987481000000002],[-121.28299900000029,35.987360000000002],[-121.28287600000029,35.986997000000017],[-121.28284700000027,35.98691800000001],[-121.28283200000027,35.986879000000002],[-121.28281500000028,35.986840000000008],[-121.28279700000029,35.986803000000002],[-121.28277700000028,35.986766000000003],[-121.28275400000027,35.986731999999996],[-121.28272600000028,35.986699999999999],[-121.28269400000028,35.986671000000001],[-121.28265800000027,35.986645000000003],[-121.28261900000027,35.986619999999995],[-121.28257800000029,35.98659700000001],[-121.28253600000026,35.986573999999997],[-121.28240500000028,35.986506999999996],[-121.28236200000029,35.986483999999997],[-121.28232000000028,35.986459999999994],[-121.28227800000029,35.986435000000007],[-121.28223700000028,35.986406000000002],[-121.28219700000028,35.98637699999999],[-121.28215700000027,35.986345999999998],[-121.28200400000027,35.986220000000003],[-121.28196500000027,35.986190000000001],[-121.28192600000027,35.986160000000005],[-121.28188500000029,35.986131999999998],[-121.28184200000027,35.986105000000009],[-121.28179900000028,35.986083000000008],[-121.28175500000029,35.986063000000001],[-121.28170900000028,35.986043999999993],[-121.28166300000028,35.986025999999995],[-121.28156800000028,35.985993999999998],[-121.28147100000028,35.985964000000003],[-121.28142200000029,35.985950000000003],[-121.28137300000027,35.985937],[-121.28132400000028,35.985925999999999],[-121.28127400000027,35.98591600000001],[-121.28122400000026,35.985909000000007],[-121.28117200000027,35.985903999999991],[-121.28112000000029,35.98590200000001],[-121.28106700000026,35.985900999999991],[-121.28096100000027,35.985903999999998],[-121.28080200000028,35.98590999999999],[-121.28069600000029,35.985912999999989],[-121.28064300000028,35.985914000000008],[-121.28059000000029,35.985914000000001],[-121.28053700000028,35.985911999999992],[-121.28048300000029,35.985908000000002],[-121.28042800000028,35.985903000000008],[-121.28037400000026,35.985896999999994],[-121.28015700000027,35.985868999999994],[-121.28010300000027,35.985863000000002],[-121.28004900000028,35.985858000000007],[-121.27999600000028,35.985854999999994],[-121.27994200000029,35.985855000000008],[-121.27989100000029,35.985858000000007],[-121.27984100000027,35.985863000000009],[-121.27979000000028,35.985869999999998],[-121.27968900000029,35.985888000000003],[-121.27943700000027,35.985937999999997],[-121.27933500000029,35.985956999999999],[-121.27928400000029,35.985964000000003],[-121.27923200000028,35.985970999999985],[-121.27912700000027,35.985981000000017],[-121.27902100000028,35.985989000000004],[-121.27891500000028,35.985996],[-121.27822400000026,35.986032999999999],[-121.27795900000028,35.986049000000008],[-121.27774200000029,35.986063999999999],[-121.27719400000026,35.986107999999994],[-121.2769780000003,35.986121999999995],[-121.2761820000003,35.986167999999992],[-121.27597000000031,35.986179],[-121.2758630000003,35.986182999999997],[-121.27575700000031,35.986184999999999],[-121.2757040000003,35.986183999999994],[-121.27565200000031,35.986183000000004],[-121.2756000000003,35.986180000000004],[-121.2754970000003,35.986173000000001],[-121.2753410000003,35.986160000000005],[-121.27466700000029,35.986096000000003],[-121.27446000000032,35.986077999999992],[-121.27435600000031,35.986071000000003],[-121.27430400000031,35.98606800000001],[-121.27425200000032,35.986066999999998],[-121.27419900000031,35.986066000000001],[-121.2741460000003,35.986066999999998],[-121.27404000000031,35.986069999999991],[-121.27388000000032,35.986077999999992],[-121.2737220000003,35.986088999999993],[-121.27361600000032,35.986099999999993],[-121.27356400000029,35.986105999999999],[-121.27351300000029,35.986114000000001],[-121.27346200000029,35.986122999999992],[-121.27336100000029,35.986142000000008],[-121.27310800000029,35.986194000000005],[-121.27300700000032,35.986213000000014],[-121.27295600000031,35.986221000000008],[-121.27290500000031,35.986227],[-121.27285100000032,35.986231999999994],[-121.27279700000031,35.986234999999994],[-121.2726870000003,35.986238],[-121.27257800000031,35.986239000000005],[-121.27241300000031,35.986238999999998],[-121.27230300000029,35.986237000000003],[-121.27219400000031,35.986233999999996],[-121.27214000000031,35.986231999999994],[-121.2720860000003,35.986228000000004],[-121.27203200000031,35.986223000000003],[-121.27198000000031,35.986217000000003],[-121.2719280000003,35.986207],[-121.2718790000003,35.986194000000005],[-121.27183200000032,35.986180000000004],[-121.27178500000031,35.986163000000005],[-121.2717390000003,35.986145],[-121.27155400000031,35.986069000000008],[-121.2715070000003,35.986050999999996],[-121.27146000000032,35.986034000000004],[-121.2714120000003,35.986018000000008],[-121.2713610000003,35.986004000000008],[-121.2713090000003,35.985990999999999],[-121.27125600000029,35.985979999999991],[-121.27114900000031,35.985959000000015],[-121.27093500000029,35.985920000000007],[-121.2708820000003,35.985908999999999],[-121.27082900000032,35.985897000000001],[-121.27077900000032,35.985883999999999],[-121.27068100000031,35.985856999999996],[-121.27033900000031,35.985754999999997],[-121.2702410000003,35.985726999999997],[-121.27019100000031,35.985714999999992],[-121.27014000000031,35.985703999999998],[-121.27008800000031,35.985692999999991],[-121.2700360000003,35.985683000000002],[-121.2699320000003,35.98566499999999],[-121.26972200000031,35.98563],[-121.26908500000032,35.985530000000004],[-121.26897700000032,35.985512999999997],[-121.26886900000029,35.985494000000003],[-121.26876200000031,35.985474000000011],[-121.2687090000003,35.985461999999998],[-121.26865600000029,35.985449999999993],[-121.26860300000031,35.985436],[-121.26844600000031,35.985393000000002],[-121.2682370000003,35.985332],[-121.26792400000031,35.985239000000007],[-121.2677690000003,35.985190000000003],[-121.2676670000003,35.985156000000003],[-121.26761700000031,35.985137999999999],[-121.2675700000003,35.985120000000002],[-121.26747700000031,35.985081000000001],[-121.26733900000031,35.985021000000003],[-121.2672470000003,35.984982000000002],[-121.26720100000031,35.984964000000005],[-121.2671540000003,35.984946000000001],[-121.2671060000003,35.984929000000008],[-121.2670550000003,35.984913000000006],[-121.2670040000003,35.984899000000013],[-121.26695100000032,35.984886000000003],[-121.26684600000031,35.984860999999995],[-121.26668600000032,35.984826000000005],[-121.26577900000029,35.984636000000002],[-121.26460600000031,35.984386999999998],[-121.26444600000032,35.984354000000003],[-121.26433900000032,35.984332999999992],[-121.26428500000031,35.984324000000001],[-121.26423100000031,35.984314999999995],[-121.26412500000032,35.984300999999995],[-121.26401800000031,35.98428899999999],[-121.2638560000003,35.984273000000002],[-121.26315700000031,35.984208000000002],[-121.26305000000032,35.98419899999999],[-121.26299600000031,35.984195],[-121.26294200000029,35.984192],[-121.26288900000031,35.984190999999996],[-121.26283600000031,35.984189999999998],[-121.2627820000003,35.984192000000007],[-121.26272800000029,35.984197000000002],[-121.26267500000031,35.984203999999998],[-121.26262100000029,35.984211999999999],[-121.26256700000032,35.984222000000003],[-121.2624610000003,35.984243000000006],[-121.26230100000031,35.984276999999992],[-121.26166000000032,35.984417999999998],[-121.2615540000003,35.984442000000001],[-121.26144800000031,35.984465999999998],[-121.26134300000031,35.984493000000008],[-121.26129100000031,35.984508000000005],[-121.26118900000031,35.984538000000001],[-121.26108700000032,35.984569999999998],[-121.2608330000003,35.984651999999997],[-121.26063000000032,35.984717999999994],[-121.2605300000003,35.984752999999998],[-121.26048100000031,35.984771000000002],[-121.26043200000029,35.984789999999997],[-121.26038400000031,35.98481000000001],[-121.26033700000031,35.984832000000004],[-121.26029200000031,35.984856000000008],[-121.26024700000031,35.984881000000001],[-121.26020400000031,35.984907999999997],[-121.26016200000029,35.984935999999998],[-121.26012000000031,35.984964999999988],[-121.26003800000029,35.985024000000003],[-121.25999900000029,35.985053999999991],[-121.25996000000031,35.985085000000005],[-121.25992200000032,35.985116999999995],[-121.2598870000003,35.98514999999999],[-121.2598550000003,35.985183000000006],[-121.25982500000032,35.985216999999992],[-121.25979600000029,35.985250999999991],[-121.25976800000029,35.985287],[-121.2597140000003,35.985357999999991],[-121.2596630000003,35.985430999999998],[-121.25963800000031,35.985467999999997],[-121.2596150000003,35.985505000000003],[-121.25959200000031,35.985543000000007],[-121.2595720000003,35.985581000000003],[-121.25955400000031,35.985618999999993],[-121.25953700000029,35.985657999999994],[-121.2595240000003,35.985697000000016],[-121.2595130000003,35.985736000000003],[-121.2595070000003,35.985775000000004],[-121.2595060000003,35.985818000000009],[-121.25950900000031,35.98586000000001],[-121.25951500000031,35.985902999999993],[-121.2595240000003,35.985946000000006],[-121.2595460000003,35.986032000000002],[-121.25957000000029,35.986117999999998],[-121.2596870000003,35.986507000000003],[-121.25980200000029,35.986894999999997],[-121.26001500000029,35.987626999999996],[-121.2601760000003,35.988188999999998],[-121.26020100000029,35.988275000000002],[-121.26022900000031,35.98836],[-121.2602450000003,35.988402000000001],[-121.26026100000031,35.988443000000004],[-121.26028000000031,35.988483999999993],[-121.26030200000029,35.988523000000001],[-121.2603240000003,35.988557000000007],[-121.26034800000029,35.988589999999995],[-121.2603740000003,35.988622000000007],[-121.2604860000003,35.988753000000003],[-121.26069300000032,35.989004999999999],[-121.26075400000032,35.989075999999997],[-121.26078600000029,35.989111000000001],[-121.26085000000032,35.989178000000003],[-121.26101600000031,35.989342000000001],[-121.26108000000032,35.989408000000012],[-121.26111200000031,35.989441999999997],[-121.26114100000029,35.989476000000003],[-121.26116900000031,35.98951000000001],[-121.26119500000031,35.989546000000004],[-121.2612170000003,35.989583000000003],[-121.2612360000003,35.989621],[-121.26125400000029,35.989659000000003],[-121.26127000000029,35.98969799999999],[-121.2613010000003,35.989777000000004],[-121.26134200000031,35.989896999999999],[-121.2614360000003,35.990179000000005],[-121.26149100000031,35.990340000000003],[-121.26153500000031,35.990458999999994],[-121.26156700000031,35.990537999999994],[-121.26160100000031,35.99061600000001],[-121.2616380000003,35.990694000000012],[-121.2616950000003,35.990809999999996],[-121.2617340000003,35.990886000000003],[-121.26175500000031,35.990924],[-121.26179900000031,35.991],[-121.26193600000032,35.991228000000007],[-121.2619780000003,35.991304],[-121.2619980000003,35.991343000000001],[-121.2620160000003,35.991382000000009],[-121.26204800000031,35.991459999999996],[-121.26207700000032,35.991539000000017],[-121.26210500000032,35.99161800000001],[-121.26213100000029,35.991698],[-121.26215400000031,35.991778000000004],[-121.26218600000031,35.991900999999991],[-121.2622150000003,35.992024000000001],[-121.26227000000031,35.992271000000002],[-121.2623050000003,35.992435],[-121.2623200000003,35.992516000000002],[-121.26233300000031,35.992598000000008],[-121.2623380000003,35.99263899999999],[-121.26234000000031,35.99267900000001],[-121.26234000000031,35.992719999999998],[-121.2623370000003,35.992762999999997],[-121.2623310000003,35.992805999999995],[-121.26232300000029,35.992848000000009],[-121.26230300000032,35.992934000000005],[-121.2622810000003,35.993018999999997],[-121.26217100000031,35.99340200000001],[-121.2621240000003,35.993572000000007],[-121.26209100000031,35.99369999999999],[-121.2620040000003,35.994041000000003],[-121.26198100000032,35.994126000000001],[-121.26195700000029,35.994211000000007],[-121.26190400000031,35.994383999999997],[-121.26167200000032,35.995116000000003],[-121.2616290000003,35.995243999999992],[-121.26159700000029,35.995329000000012],[-121.26158100000031,35.995367999999999],[-121.26154600000029,35.995446000000001],[-121.2615090000003,35.995522999999991],[-121.2614700000003,35.995599000000013],[-121.2614490000003,35.995636000000005],[-121.26142700000031,35.995674000000015],[-121.2614040000003,35.995709999999995],[-121.2613800000003,35.99574599999999],[-121.2613530000003,35.995781000000008],[-121.26132500000031,35.995815000000007],[-121.2612960000003,35.995848999999993],[-121.2612660000003,35.995882000000002],[-121.26120400000032,35.995947999999991],[-121.26104600000031,35.996110999999992],[-121.26082200000032,35.996337999999994],[-121.26075700000031,35.996402000000003],[-121.2606900000003,35.996465000000008],[-121.2606530000003,35.996498000000003],[-121.26057900000032,35.996563000000016],[-121.26042700000031,35.996690999999998],[-121.26000600000032,35.997041000000003],[-121.25989200000029,35.997137000000009],[-121.25981800000031,35.997202999999999],[-121.2597830000003,35.997236000000008],[-121.2597140000003,35.997303000000009],[-121.25955000000032,35.997473999999997],[-121.25948300000032,35.99754200000001],[-121.2594490000003,35.997574999999991],[-121.25941300000031,35.997608],[-121.25937600000032,35.997638999999999],[-121.25933700000031,35.997669999999999],[-121.2592960000003,35.997700000000009],[-121.25925300000031,35.997727999999995],[-121.25921000000029,35.997755999999995],[-121.2591670000003,35.997782999999998],[-121.2591220000003,35.997808999999997],[-121.2590770000003,35.997833999999997],[-121.25903100000031,35.997857000000003],[-121.25898500000029,35.997878999999998],[-121.25893700000032,35.997898000000006],[-121.25888700000031,35.997912000000007],[-121.25883800000031,35.997923],[-121.25878700000031,35.997928999999999],[-121.2587350000003,35.997933000000003],[-121.25868200000029,35.997934999999998],[-121.25862900000031,35.997934999999998],[-121.25857500000031,35.997934000000001],[-121.2585220000003,35.997933000000003],[-121.2584140000003,35.997926000000007],[-121.25836000000029,35.997922000000003],[-121.25830700000031,35.997915999999989],[-121.25825600000032,35.99790999999999],[-121.2581050000003,35.99788800000001],[-121.25805600000029,35.997881000000007],[-121.25800600000029,35.997875999999991],[-121.25795800000031,35.997871999999994],[-121.2579090000003,35.997872000000008],[-121.25786200000032,35.997875000000001],[-121.2578130000003,35.997883000000002],[-121.2577650000003,35.997895999999997],[-121.2577170000003,35.997911999999999],[-121.25767000000032,35.99792999999999],[-121.25762300000031,35.997948999999998],[-121.2575300000003,35.997991000000006],[-121.2573440000003,35.998080999999999],[-121.25706700000032,35.99821699999999],[-121.25697600000029,35.998263999999999],[-121.25693200000032,35.998287999999995],[-121.2568880000003,35.998312000000006],[-121.25684500000031,35.998337999999997],[-121.2568040000003,35.998366000000004],[-121.2567650000003,35.998395000000002],[-121.2567270000003,35.998427000000007],[-121.2566900000003,35.998459000000004],[-121.2566540000003,35.998491999999999],[-121.25658400000032,35.998559999999998],[-121.25617200000032,35.998975999999992],[-121.25603300000033,35.99911500000001],[-121.25582300000032,35.999321999999999],[-121.25575500000032,35.99939100000001],[-121.25568900000032,35.999461000000011],[-121.25565900000031,35.999496000000008],[-121.25563200000035,35.999530999999998],[-121.25560800000031,35.999566999999999],[-121.25559000000034,35.999603000000008],[-121.25557900000032,35.999639999999999],[-121.25557600000033,35.999679],[-121.25558200000033,35.999718000000001],[-121.25559200000029,35.999756999999995],[-121.25560600000033,35.999797000000001],[-121.25562300000034,35.999837999999997],[-121.25564200000031,35.999877999999995],[-121.25568300000035,35.999960000000009],[-121.25587800000031,36.000328000000017],[-121.2560060000003,36.000574000000007],[-121.2561110000003,36.000780000000006],[-121.25623500000032,36.001027000000001],[-121.25627700000031,36.001109],[-121.2563210000003,36.001187999999999],[-121.25634500000029,36.001226000000003],[-121.25637000000032,36.001263000000016],[-121.2563980000003,36.001296000000004],[-121.2564290000003,36.001327000000011],[-121.25646400000031,36.001351999999997],[-121.2564950000003,36.001367999999992],[-121.25653000000031,36.001381000000002],[-121.2565660000003,36.001391000000012],[-121.25660500000033,36.001400000000004],[-121.25665500000029,36.001409000000002],[-121.25670600000029,36.001417000000004],[-121.2568110000003,36.001430999999997],[-121.2575120000003,36.001511999999998],[-121.2578340000003,36.001550000000002],[-121.25804800000031,36.00157699999999],[-121.2581550000003,36.001592000000002],[-121.25826100000032,36.001609000000009],[-121.25831500000029,36.001618999999998],[-121.25842200000031,36.001640000000002],[-121.25863500000031,36.001685999999992],[-121.2589530000003,36.001759],[-121.25936900000032,36.001855999999989],[-121.25957700000031,36.001907000000003],[-121.2596800000003,36.001933999999984],[-121.2597820000003,36.001963000000003],[-121.2598820000003,36.001994000000025],[-121.26013300000031,36.002074],[-121.2602340000003,36.00210400000001],[-121.2602840000003,36.002118000000003],[-121.26033600000029,36.002131000000006],[-121.26038500000031,36.002141000000009],[-121.2604340000003,36.00215],[-121.26053300000031,36.002166000000003],[-121.2606840000003,36.002186000000002],[-121.2609350000003,36.002217000000009],[-121.26128800000029,36.002258999999995],[-121.2614940000003,36.002281000000011],[-121.26193700000032,36.002322999999997],[-121.26204700000029,36.002333999999998],[-121.26224900000031,36.002356999999996],[-121.26240000000031,36.002375999999998],[-121.2625000000003,36.002390999999996],[-121.26250300000029,36.002390999999996],[-121.2624340000003,36.001893999999993],[-121.2619710000003,36.001480999999984],[-121.26108600000032,36.001126999999997],[-121.26081400000031,36.00080100000001],[-121.2608720000003,36.000146000000015],[-121.2612330000003,35.999907999999991],[-121.2621630000003,35.999802000000003],[-121.2627690000003,35.999927],[-121.26339900000032,36.000239999999991],[-121.26313300000031,36.000521999999997],[-121.26227200000029,36.000709000000001],[-121.26248900000031,36.001111999999992],[-121.2632110000003,36.001339999999992],[-121.26360600000031,36.002378000000007],[-121.26351300000032,36.002664999999993],[-121.26358300000031,36.002688999999997]]]},"properties":{"FID":0,"EVENT_ID":"CA3612312160220200819","IRWINID":"F0A60F88-D1D5-4D86-8105-A3A06456B357","INCID_NAME":"DOLAN","INCID_TYPE":"Wildfire","MAP_ID":10020909,"MAP_PROG":"MTBS","ASMNT_TYPE":"Extended","BURNBNDAC":124343,"BURNBNDLAT":"36.123","BURNBNDLON":"-121.602","IG_DATE":1597795200000,"PRE_ID":"804303520200428","POST_ID":"804303520210501","PERIM_ID":" ","DNBR_OFFST":-3,"DNBR_STDDV":30,"NODATA_T":-970,"INCGREEN_T":-150,"LOW_T":60,"MOD_T":260,"HIGH_T":530,"COMMENT":" "}}]}