{"type":"FeatureCollection","features":[{"type":"Feature","id":0,"geometry":{"type":"Polygon","coordinates":[[[-107.17585399999881,39.660819999999994],[-107.17583799999881,39.660843000000007],[-107.1758179999988,39.660845000000002],[-107.1757429999988,39.660852000000006],[-107.17585899999879,39.661501000000001],[-107.17617299999881,39.662276000000006],[-107.17676499999881,39.662632000000002],[-107.1768569999988,39.662623000000004],[-107.17686399999879,39.662669000000015],[-107.17692299999881,39.662663000000016],[-107.1769819999988,39.662658000000008],[-107.1771009999988,39.662647000000007],[-107.17721999999881,39.662636999999997],[-107.17746399999879,39.66266000000001],[-107.17752399999881,39.662655000000001],[-107.1775899999988,39.662694999999999],[-107.17764899999881,39.662689000000015],[-107.1777089999988,39.662684000000006],[-107.17776799999881,39.662678999999997],[-107.1778269999988,39.662672999999998],[-107.1778869999988,39.662667999999989],[-107.1780669999988,39.662651999999994],[-107.1781239999988,39.662647000000007],[-107.17818299999881,39.662642000000005],[-107.1782429999988,39.662635999999999],[-107.17830199999881,39.662631000000005],[-107.17836099999879,39.662626000000017],[-107.17842099999879,39.662619999999997],[-107.17841399999881,39.662575000000004],[-107.17847299999879,39.662570000000002],[-107.1785319999988,39.662564999999994],[-107.17859199999879,39.662559000000002],[-107.17865099999879,39.662554],[-107.1786439999988,39.662509],[-107.17870299999879,39.662504000000006],[-107.1787629999988,39.662497999999999],[-107.17881499999879,39.662447999999991],[-107.17887399999879,39.662443000000003],[-107.1789199999988,39.662346999999997],[-107.17897899999879,39.662342000000002],[-107.1790379999988,39.662337000000008],[-107.17909799999879,39.662331000000002],[-107.1791569999988,39.662326000000007],[-107.17921599999879,39.662321000000006],[-107.17927599999879,39.662315],[-107.17933499999879,39.662309999999998],[-107.17940099999879,39.662349999999989],[-107.1794609999988,39.662344000000004],[-107.17946199999879,39.662345000000002],[-107.17952699999879,39.662384000000003],[-107.1795339999988,39.662429000000003],[-107.17954099999879,39.662474000000017],[-107.17954799999879,39.66251900000001],[-107.17955499999879,39.662564000000025],[-107.1795619999988,39.66260900000001],[-107.17956899999879,39.662653999999989],[-107.1795729999988,39.662680999999999],[-107.17957599999879,39.662698999999996],[-107.17958299999879,39.662743999999996],[-107.17959699999879,39.662833999999989],[-107.17960399999879,39.662878999999997],[-107.1796629999988,39.662873999999995],[-107.17978899999879,39.662908000000002],[-107.17998099999879,39.662982],[-107.1800399999988,39.662976999999991],[-107.1801069999988,39.663017000000018],[-107.18016599999879,39.663010999999997],[-107.1802259999988,39.66300600000001],[-107.18028499999879,39.663001000000001],[-107.1803439999988,39.662996000000007],[-107.18033699999879,39.662950000000009],[-107.18039699999879,39.662945000000001],[-107.1804559999988,39.662940000000006],[-107.18051499999879,39.66293499999999],[-107.1805079999988,39.662889999999997],[-107.18050299999879,39.662858000000007],[-107.1805009999988,39.662844],[-107.18049399999879,39.662799],[-107.18048699999879,39.662754],[-107.18047999999879,39.662709000000007],[-107.1804729999988,39.662663999999992],[-107.18046599999879,39.662619000000007],[-107.18045899999879,39.662573999999999],[-107.18045199999879,39.662528999999999],[-107.1804449999988,39.662484000000021],[-107.18037899999879,39.662445000000005],[-107.1803719999988,39.662400000000005],[-107.18036499999879,39.662355000000005],[-107.18035799999879,39.662309999999991],[-107.18040999999879,39.662259000000006],[-107.18040299999879,39.662213999999999],[-107.18040699999879,39.662205999999991],[-107.18044799999879,39.662118999999983],[-107.18042699999879,39.661983999999983],[-107.18041999999879,39.661938999999997],[-107.18041299999879,39.66189399999999],[-107.1804059999988,39.661848999999997],[-107.1804059999988,39.661845000000007],[-107.18039899999879,39.661803999999989],[-107.18039199999879,39.661759000000004],[-107.18038499999879,39.661714000000003],[-107.1803779999988,39.661669000000003],[-107.18037099999879,39.66162400000001],[-107.18036399999879,39.661579000000003],[-107.18035699999879,39.661534000000003],[-107.1803499999988,39.661489000000003],[-107.18034299999879,39.66144400000001],[-107.18033599999879,39.66139900000001],[-107.18032899999879,39.66135400000001],[-107.1803219999988,39.66130900000001],[-107.18031499999879,39.661263999999996],[-107.18030799999879,39.66121900000001],[-107.18030099999879,39.661173999999995],[-107.1802939999988,39.661127999999998],[-107.18034599999879,39.66107800000001],[-107.1803389999988,39.661032999999996],[-107.1803319999988,39.66098800000001],[-107.18039199999879,39.660983000000002],[-107.18044399999879,39.66093200000001],[-107.1804959999988,39.660882000000008],[-107.18055599999879,39.660876999999999],[-107.18054899999879,39.660831999999999],[-107.1806079999988,39.660826000000014],[-107.18066699999879,39.660820999999991],[-107.18077899999879,39.660764999999998],[-107.18083799999879,39.660760000000003],[-107.18083099999879,39.660715000000017],[-107.18089099999879,39.660710000000002],[-107.18094299999879,39.660658999999995],[-107.18093599999879,39.660614000000002],[-107.18099499999879,39.660609000000001],[-107.18105499999879,39.660603999999999],[-107.18111399999879,39.660598],[-107.18117299999879,39.660593000000006],[-107.1812329999988,39.660587999999997],[-107.18129899999879,39.66062800000001],[-107.1813059999988,39.66067300000001],[-107.1813129999988,39.660718000000003],[-107.18131999999879,39.66076300000001],[-107.1813339999988,39.66085300000001],[-107.1813409999988,39.660898000000003],[-107.18140699999877,39.66093699999999],[-107.1814139999988,39.660982000000004],[-107.18142099999879,39.661026999999997],[-107.18148099999878,39.661021999999996],[-107.18148799999878,39.66106700000001],[-107.18154599999879,39.661062000000001],[-107.18154699999879,39.661062000000008],[-107.18161299999878,39.661100999999988],[-107.18167999999878,39.661141000000008],[-107.18174599999878,39.661180999999999],[-107.18175299999878,39.661226000000006],[-107.18181199999877,39.661220999999991],[-107.18181899999878,39.661265999999998],[-107.18188599999878,39.661304999999999],[-107.18195199999877,39.661344999999997],[-107.18201199999878,39.661339999999996],[-107.18207799999878,39.66137899999999],[-107.18218199999878,39.661370000000005],[-107.18219699999878,39.661369000000001],[-107.18225599999877,39.661363000000009],[-107.18231499999878,39.661358000000007],[-107.18236799999877,39.661307999999998],[-107.18242699999878,39.661301999999999],[-107.18241999999877,39.661256999999999],[-107.18247199999878,39.661206999999997],[-107.18264299999878,39.661145999999995],[-107.18276199999877,39.661135000000002],[-107.18288099999877,39.661124999999991],[-107.18293299999878,39.661073999999999],[-107.18299199999878,39.661069000000012],[-107.18298499999878,39.661023999999991],[-107.18304399999877,39.661019000000003],[-107.18303699999878,39.66097400000001],[-107.18302999999878,39.660929000000003],[-107.18302299999878,39.660884000000003],[-107.18301599999877,39.660838999999989],[-107.18300899999878,39.66079400000001],[-107.18300199999878,39.660748999999996],[-107.18299499999878,39.66070400000001],[-107.18298799999877,39.660658999999995],[-107.18291499999877,39.660573999999997],[-107.18290799999878,39.660529000000004],[-107.18290099999878,39.660484000000004],[-107.18289399999878,39.660438999999997],[-107.18283499999878,39.660443999999991],[-107.18276799999877,39.660404],[-107.18276099999878,39.660359000000007],[-107.18269499999877,39.660319999999999],[-107.18268099999878,39.660229999999999],[-107.18261499999878,39.66019],[-107.18260099999878,39.660100000000007],[-107.18254099999878,39.660105000000009],[-107.18253399999878,39.660060000000001],[-107.18252699999877,39.660015000000008],[-107.18251299999878,39.659925000000008],[-107.18244699999877,39.659886],[-107.18243999999878,39.659841000000014],[-107.18237999999877,39.659846000000002],[-107.18237299999878,39.659800999999995],[-107.18236599999878,39.659756000000002],[-107.18229999999878,39.659715999999996],[-107.18229299999878,39.659671000000003],[-107.18228599999878,39.659625999999996],[-107.18227899999877,39.659581000000003],[-107.18227199999878,39.659536000000003],[-107.18226499999878,39.65949100000001],[-107.18225799999878,39.65944600000001],[-107.18225099999877,39.659400999999995],[-107.18230999999878,39.659396000000008],[-107.18230299999878,39.659351000000001],[-107.18229599999877,39.659306000000001],[-107.18234899999878,39.659255000000002],[-107.18234199999878,39.659209999999995],[-107.18239399999878,39.659160000000007],[-107.18243899999878,39.659065000000005],[-107.18249199999877,39.659014000000006],[-107.18248399999878,39.658968999999999],[-107.18254399999877,39.658963999999997],[-107.18252999999878,39.658873999999997],[-107.18252299999878,39.658828999999997],[-107.18251599999878,39.65878399999999],[-107.18256799999878,39.658732999999998],[-107.18262699999877,39.658728000000011],[-107.18268699999878,39.658723000000009],[-107.18280499999878,39.658712000000001],[-107.18287199999878,39.658752],[-107.18293099999877,39.658746999999998],[-107.18298999999878,39.658740999999999],[-107.18299699999878,39.658786000000006],[-107.18305699999878,39.658781000000005],[-107.18311599999878,39.65877600000001],[-107.18318199999878,39.658815000000004],[-107.18324199999878,39.65881000000001],[-107.18330799999877,39.658850000000001],[-107.18336699999878,39.658843999999995],[-107.18337399999878,39.658889000000002],[-107.18343399999878,39.658884000000015],[-107.18349999999877,39.658924000000006],[-107.18356699999877,39.658963],[-107.18363299999878,39.659003000000006],[-107.18369199999877,39.65899799999999],[-107.18369899999878,39.65904299999999],[-107.18370599999878,39.659087999999997],[-107.18371299999878,39.659132999999997],[-107.18371999999877,39.659178000000004],[-107.18372699999878,39.659222999999997],[-107.18373399999878,39.659268000000004],[-107.18374099999878,39.659312999999997],[-107.18374799999877,39.65935799999999],[-107.18375499999878,39.659402999999998],[-107.18376199999878,39.659448000000005],[-107.18376899999878,39.659493000000005],[-107.18377599999877,39.659538000000012],[-107.18384299999877,39.65957800000001],[-107.18384999999878,39.659622999999996],[-107.18385699999878,39.659668000000003],[-107.18391599999877,39.65966199999999],[-107.18398199999878,39.659702000000003],[-107.18404199999878,39.659697000000001],[-107.18417399999878,39.659776000000015],[-107.18424099999878,39.659815999999999],[-107.18429999999877,39.659810999999998],[-107.18430699999878,39.659855999999984],[-107.18436699999877,39.659850000000006],[-107.18443999999877,39.659934999999997],[-107.18444699999878,39.65997999999999],[-107.18457299999878,39.66001399999999],[-107.18457999999877,39.660058999999997],[-107.18458699999877,39.660104000000004],[-107.18459399999878,39.660148999999997],[-107.18460099999878,39.660193999999997],[-107.18460799999878,39.660238999999997],[-107.18461499999877,39.660284000000004],[-107.18467399999878,39.66027900000001],[-107.18468099999876,39.660324000000003],[-107.18468799999877,39.660368999999996],[-107.18469499999878,39.660413999999996],[-107.18470199999878,39.660459000000003],[-107.18470899999878,39.660503999999996],[-107.18465699999878,39.660555000000002],[-107.18459699999877,39.66055999999999],[-107.18454499999878,39.660609999999991],[-107.18449299999877,39.66066099999999],[-107.18443299999878,39.660665999999999],[-107.18437399999878,39.660671000000001],[-107.18438099999878,39.660716000000001],[-107.18433599999878,39.660812],[-107.18434299999878,39.660856999999993],[-107.18428399999878,39.660862000000002],[-107.18429099999878,39.660907000000002],[-107.18423099999877,39.660912000000003],[-107.18417199999878,39.660918000000002],[-107.18417899999878,39.660962999999995],[-107.18411999999877,39.66096799999999],[-107.18406699999878,39.661018000000006],[-107.18401499999878,39.661069000000005],[-107.18395599999877,39.661074000000006],[-107.18396299999878,39.661118999999992],[-107.18390299999878,39.661124000000001],[-107.18384399999877,39.66113],[-107.18378499999878,39.661135000000009],[-107.18372499999877,39.661140000000017],[-107.18366599999878,39.661146000000009],[-107.18360699999877,39.66115099999999],[-107.18354699999878,39.661156000000005],[-107.18348799999877,39.66116199999999],[-107.18343599999878,39.661211999999985],[-107.18337599999877,39.661217000000001],[-107.18326499999878,39.661273000000001],[-107.18321199999878,39.66132300000001],[-107.18321899999877,39.661368000000003],[-107.18322599999878,39.66141300000001],[-107.18328599999877,39.661408000000002],[-107.18329299999878,39.661452999999987],[-107.18335199999878,39.661448],[-107.18335899999877,39.661492999999993],[-107.18336599999878,39.661538000000007],[-107.18337299999878,39.661583],[-107.18337999999878,39.661628],[-107.18343899999878,39.661622000000008],[-107.18349899999878,39.661617],[-107.18356499999878,39.661656999999998],[-107.18362399999877,39.661650999999999],[-107.18369099999877,39.66169099999999],[-107.18375699999878,39.661731000000003],[-107.18376399999877,39.661776000000003],[-107.18382299999878,39.661771000000002],[-107.18388999999878,39.661810000000003],[-107.18395599999877,39.661850000000001],[-107.18401499999878,39.661845000000014],[-107.18402299999877,39.66189],[-107.18414099999877,39.661878999999999],[-107.18414799999877,39.661924000000006],[-107.18420799999878,39.661919000000005],[-107.18427399999878,39.661957999999998],[-107.18433999999878,39.661997999999997],[-107.18434699999878,39.662042999999997],[-107.18435399999878,39.662087999999997],[-107.18436099999877,39.662133000000004],[-107.18436799999878,39.662178000000004],[-107.18437499999878,39.662223000000004],[-107.18438199999878,39.66226799999999],[-107.18438899999877,39.662313000000005],[-107.18439599999878,39.662358000000005],[-107.18440299999878,39.662402999999991],[-107.18440999999878,39.662447999999998],[-107.18441699999877,39.662493000000005],[-107.18442399999878,39.662538000000005],[-107.18443099999878,39.662582999999998],[-107.18443799999878,39.662628000000005],[-107.18444499999877,39.662673000000005],[-107.18450499999878,39.662667999999996],[-107.18457099999878,39.662707999999995],[-107.18457799999878,39.662753000000016],[-107.18458499999878,39.662798000000002],[-107.18459199999877,39.662842999999995],[-107.18459899999878,39.662888000000002],[-107.18466599999878,39.662927000000003],[-107.18472499999878,39.662921999999995],[-107.18485099999877,39.662956999999999],[-107.18491699999876,39.662996000000007],[-107.18494299999877,39.66300300000001],[-107.18504299999876,39.663030999999997],[-107.18516099999876,39.663020000000003],[-107.18516799999877,39.66306500000001],[-107.18521899999877,39.663060000000009],[-107.18522799999876,39.663060000000009],[-107.18530099999876,39.663144000000017],[-107.18535999999878,39.663138999999994],[-107.18547899999876,39.663127999999993],[-107.18548599999876,39.663172999999993],[-107.18561199999877,39.66320799999999],[-107.18567099999878,39.663202000000005],[-107.18573699999877,39.663242000000004],[-107.18580399999877,39.663282000000002],[-107.18586299999876,39.663276000000003],[-107.18586999999876,39.663322000000001],[-107.18592899999878,39.663315999999995],[-107.18593699999876,39.663361000000009],[-107.18599599999877,39.663356],[-107.18600299999876,39.663401000000007],[-107.18606899999877,39.663440999999992],[-107.18607599999876,39.663486000000013],[-107.18608299999876,39.663531000000013],[-107.18608999999876,39.663576000000006],[-107.18603799999876,39.663625999999987],[-107.18604499999876,39.663671000000008],[-107.18598599999876,39.663675999999988],[-107.18599299999876,39.663721000000002],[-107.18593299999877,39.663727000000002],[-107.18593999999877,39.663772000000002],[-107.18588099999876,39.663776999999996],[-107.18583599999876,39.663872000000012],[-107.18578299999876,39.66392299999999],[-107.18578999999876,39.663967999999997],[-107.18573099999877,39.663973000000006],[-107.18573799999876,39.664017999999999],[-107.18569299999876,39.664113000000008],[-107.18563299999876,39.664119000000007],[-107.18558799999876,39.664214000000001],[-107.18553599999878,39.664264000000003],[-107.18548299999877,39.664315000000016],[-107.18548999999877,39.664359999999995],[-107.18549799999876,39.664404999999995],[-107.18543799999877,39.664410000000004],[-107.18544499999877,39.66445499999999],[-107.18538599999876,39.664460999999996],[-107.18539299999877,39.664506000000003],[-107.18533399999876,39.664511000000012],[-107.18534099999876,39.664555999999997],[-107.18528799999876,39.664605999999992],[-107.18529499999876,39.664650999999999],[-107.18518399999878,39.664707000000007],[-107.18517399999877,39.664741999999997],[-107.18514499999878,39.664847000000002],[-107.18509299999876,39.664898000000001],[-107.18509999999878,39.664943000000008],[-107.18504799999876,39.664993000000017],[-107.18500199999876,39.66508799999999],[-107.18500899999876,39.665132999999997],[-107.18501599999878,39.665178000000004],[-107.18496399999877,39.665229000000004],[-107.18497099999878,39.665274000000004],[-107.18497799999876,39.665318999999997],[-107.18498499999876,39.665362000000009],[-107.18498499999876,39.665364000000004],[-107.18499199999876,39.665409000000004],[-107.18499899999877,39.665453999999997],[-107.18500599999878,39.665499000000004],[-107.18507299999877,39.665538999999995],[-107.18513199999876,39.665533000000003],[-107.18513899999878,39.665577999999996],[-107.18520499999876,39.665617999999995],[-107.18526499999876,39.665613],[-107.18527199999876,39.665658000000001],[-107.18533099999877,39.665651999999994],[-107.18539699999876,39.665692000000007],[-107.18540399999877,39.665737],[-107.18546399999876,39.665732000000013],[-107.18547099999877,39.665777000000006],[-107.18547799999877,39.665821999999999],[-107.18554399999877,39.665861000000007],[-107.18555099999877,39.665906],[-107.18555799999876,39.665951],[-107.18556499999876,39.665995999999993],[-107.18557199999876,39.666040999999993],[-107.18557899999878,39.666086000000014],[-107.18563799999876,39.666080999999998],[-107.18564499999876,39.666125999999991],[-107.18583799999877,39.666200000000011],[-107.18584499999878,39.666245000000004],[-107.18591099999877,39.666285000000002],[-107.18596799999878,39.666280000000008],[-107.18596999999878,39.666280000000008],[-107.18614799999877,39.666263999999998],[-107.18645199999877,39.66628200000001],[-107.18657799999878,39.666316000000009],[-107.18663699999877,39.666311000000007],[-107.18670299999876,39.666351000000006],[-107.18676299999876,39.666345000000007],[-107.18682199999877,39.666340000000005],[-107.18682899999877,39.666384999999998],[-107.18694799999876,39.666374999999995],[-107.18695499999876,39.666420000000002],[-107.18696199999876,39.666465000000002],[-107.18702099999877,39.666458999999996],[-107.18707999999876,39.666454000000002],[-107.18714699999877,39.666494000000007],[-107.18715099999876,39.666520999999996],[-107.18715399999877,39.666539000000007],[-107.18716099999877,39.666583999999993],[-107.18716799999876,39.666629],[-107.18716999999876,39.666627999999996],[-107.18722699999877,39.666623000000001],[-107.18723399999877,39.666668000000008],[-107.18723399999877,39.666668000000008],[-107.18729399999876,39.666662999999993],[-107.18736699999876,39.666747999999998],[-107.18737399999877,39.666793000000006],[-107.18738099999877,39.666838000000006],[-107.18738799999876,39.666882999999999],[-107.18751399999876,39.666916999999998],[-107.18763899999877,39.666952000000009],[-107.18769899999876,39.66694600000001],[-107.18775799999877,39.666941000000008],[-107.18781699999876,39.666936000000007],[-107.18787699999875,39.666929999999994],[-107.18793599999876,39.666925000000006],[-107.18799499999876,39.666920000000005],[-107.18812099999874,39.666953999999997],[-107.18824699999875,39.666988000000003],[-107.18836499999877,39.666978],[-107.18843199999876,39.667016999999994],[-107.18849799999876,39.667057000000007],[-107.18855799999875,39.667051999999998],[-107.18856499999875,39.667096999999998],[-107.18857199999876,39.667141999999991],[-107.18857899999875,39.667187000000006],[-107.18857899999875,39.667189],[-107.18858599999875,39.667231999999998],[-107.18864299999875,39.667226999999997],[-107.18864499999874,39.667226000000007],[-107.18871099999876,39.667265999999998],[-107.18877799999875,39.667306000000004],[-107.18883699999876,39.667301000000023],[-107.18890299999875,39.667339999999996],[-107.18891399999876,39.667346000000016],[-107.18896999999875,39.667379999999987],[-107.18903599999875,39.667419999999993],[-107.18909499999874,39.667413999999994],[-107.18910199999875,39.667459000000008],[-107.18916199999875,39.667453999999999],[-107.18916899999876,39.667499000000014],[-107.18923499999876,39.667539000000005],[-107.18929499999875,39.667533000000013],[-107.18936099999875,39.667573000000012],[-107.18942699999874,39.667613000000017],[-107.18955299999875,39.667647000000009],[-107.18955999999875,39.667692000000017],[-107.18961899999874,39.667687000000001],[-107.18968599999874,39.667726000000002],[-107.18969199999874,39.667769],[-107.18969299999875,39.667772000000006],[-107.18975199999875,39.667766],[-107.18975899999874,39.667811],[-107.18976599999876,39.667856],[-107.18977299999875,39.667900999999993],[-107.18977999999876,39.667946000000001],[-107.18978699999874,39.667991000000008],[-107.18979399999876,39.668036000000001],[-107.18980099999875,39.668081000000008],[-107.18974899999877,39.668131999999993],[-107.18975599999875,39.668177],[-107.18976299999875,39.668222000000007],[-107.18972299999875,39.668260000000004],[-107.18971099999875,39.668272000000009],[-107.18971799999875,39.668317000000009],[-107.18972499999875,39.668361999999995],[-107.18973199999876,39.668407000000002],[-107.18973899999877,39.668452000000002],[-107.18974599999875,39.668497000000009],[-107.18975299999876,39.668542000000002],[-107.18975999999876,39.668587000000002],[-107.18976699999875,39.668632000000009],[-107.18977399999875,39.668677000000002],[-107.18983999999875,39.668717000000001],[-107.18984699999875,39.668762000000001],[-107.18985399999875,39.668807000000008],[-107.18991999999875,39.668846999999992],[-107.18998699999875,39.668886000000001],[-107.18999399999875,39.668931000000008],[-107.19005999999875,39.668970999999999],[-107.19018599999875,39.669005000000006],[-107.19019299999874,39.669050000000006],[-107.19025899999876,39.669089999999997],[-107.19032599999875,39.669130000000003],[-107.19045799999876,39.669209000000009],[-107.19051799999875,39.669204000000008],[-107.19057699999875,39.669199000000006],[-107.19062899999875,39.669148],[-107.19074099999875,39.669092999999997],[-107.19091199999876,39.669031999999994],[-107.19108999999877,39.669015999999999],[-107.19126799999876,39.669000000000004],[-107.19138699999876,39.668989000000003],[-107.19144599999875,39.668984000000016],[-107.19150499999874,39.668977999999996],[-107.19156499999875,39.668973000000008],[-107.19168399999873,39.668962000000008],[-107.19173599999874,39.668911999999992],[-107.19185499999874,39.668901000000005],[-107.19196599999874,39.668846000000016],[-107.19213699999874,39.668785000000007],[-107.19212999999876,39.668740000000007],[-107.19224199999873,39.668684000000006],[-107.19246499999873,39.668573000000002],[-107.19258399999873,39.668562000000016],[-107.19274099999873,39.668410999999999],[-107.19291199999876,39.668349999999997],[-107.19302299999873,39.66829400000001],[-107.19313499999875,39.668239],[-107.19312799999874,39.668194000000007],[-107.19318699999873,39.668188000000008],[-107.19323999999874,39.668138000000006],[-107.19324299999873,39.668134000000002],[-107.19329199999873,39.668087999999997],[-107.19328499999875,39.668042000000014],[-107.19339699999875,39.667987000000004],[-107.19344899999874,39.667936000000005],[-107.19350799999874,39.667931000000003],[-107.19350099999873,39.66788600000001],[-107.19349399999874,39.66784100000001],[-107.19354699999873,39.667791000000001],[-107.19360599999875,39.667784999999995],[-107.19359199999873,39.667695000000002],[-107.19364399999874,39.667645000000007],[-107.19369699999874,39.667595000000006],[-107.19374899999875,39.667543999999999],[-107.19374199999874,39.667499000000014],[-107.19380099999873,39.667493999999984],[-107.19379399999875,39.667448999999991],[-107.19385399999875,39.667444000000003],[-107.19384699999874,39.66739900000001],[-107.19389899999875,39.667348000000011],[-107.19394399999875,39.667253000000002],[-107.19399599999873,39.667203000000015],[-107.19398899999875,39.667158000000008],[-107.19404899999874,39.667152000000002],[-107.19409399999874,39.667057000000007],[-107.19415299999874,39.667051999999998],[-107.19420599999874,39.667000999999999],[-107.19419899999873,39.666956000000006],[-107.19425099999874,39.666906000000012],[-107.19430299999874,39.666856000000003],[-107.19428899999873,39.666764999999998],[-107.19434899999874,39.666759999999982],[-107.19434199999873,39.666715000000003],[-107.19439399999874,39.666665000000002],[-107.19438699999873,39.666620000000002],[-107.19444599999873,39.666614000000003],[-107.19449899999871,39.666564000000001],[-107.19455099999873,39.666513999999999],[-107.19466299999873,39.666457999999999],[-107.19465499999872,39.666412999999999],[-107.19471499999872,39.666408000000011],[-107.19470799999873,39.666362999999983],[-107.19475999999872,39.666311999999998],[-107.19481199999873,39.666262000000017],[-107.19480499999872,39.666216999999996],[-107.19485799999872,39.666167000000009],[-107.19490999999873,39.666116000000002],[-107.19490299999872,39.666071000000002],[-107.19496199999872,39.666065999999994],[-107.19502199999872,39.666060999999999],[-107.19501499999872,39.666016000000006],[-107.19500799999874,39.665971000000006],[-107.19505999999872,39.665919999999993],[-107.19505999999872,39.665919999999993],[-107.19511199999872,39.665870000000005],[-107.19516499999872,39.665819999999997],[-107.19515099999872,39.665730000000003],[-107.19514399999872,39.665685000000003],[-107.19514199999873,39.665675999999998],[-107.19513699999874,39.66564000000001],[-107.19510799999873,39.665458999999991],[-107.19510099999871,39.665413999999991],[-107.19509399999873,39.665369000000005],[-107.19502799999871,39.665329999999997],[-107.19502099999872,39.66528499999999],[-107.19496199999872,39.665289999999999],[-107.19495499999873,39.665244999999999],[-107.19494799999872,39.665199999999999],[-107.19494099999874,39.665154999999999],[-107.19493399999872,39.665110000000006],[-107.19492699999873,39.665064999999991],[-107.19485999999873,39.665025],[-107.19485299999873,39.664979999999993],[-107.19484599999872,39.664935],[-107.19478699999874,39.664940999999999],[-107.19477999999872,39.664896000000006],[-107.19477299999873,39.664850999999992],[-107.19471299999873,39.664856000000007],[-107.19465399999874,39.664860999999988],[-107.19464899999872,39.664825999999998],[-107.19464699999872,39.664816000000009],[-107.19463999999874,39.664771000000009],[-107.19463299999872,39.664726000000002],[-107.19474499999872,39.664670000000001],[-107.19479699999873,39.664620000000006],[-107.19484899999874,39.664570000000005],[-107.19484199999873,39.664525000000005],[-107.19495399999872,39.664469000000011],[-107.19501299999872,39.664464000000002],[-107.19507299999871,39.664458000000003],[-107.19513199999872,39.664453000000002],[-107.19519799999873,39.664493],[-107.19526499999873,39.664532000000001],[-107.19532399999873,39.664527000000007],[-107.19538999999872,39.664566999999998],[-107.19545699999874,39.664607000000004],[-107.19552299999872,39.664645999999998],[-107.19552999999874,39.664690999999983],[-107.19557899999873,39.664687000000001],[-107.19558899999872,39.66468600000001],[-107.19559099999871,39.664696000000006],[-107.19559599999873,39.664731000000003],[-107.19560299999873,39.664775999999996],[-107.19566299999873,39.664771000000002],[-107.19566999999874,39.664815999999995],[-107.19567699999872,39.664861000000009],[-107.19569099999872,39.664951000000009],[-107.19575699999872,39.664989999999996],[-107.19576399999873,39.665034999999996],[-107.19577099999871,39.665080000000003],[-107.19577799999874,39.665125000000003],[-107.19584499999873,39.665164999999995],[-107.19585199999874,39.665210000000002],[-107.19591099999873,39.665205000000007],[-107.19591799999873,39.665250000000007],[-107.19592499999874,39.665295000000008],[-107.19593199999873,39.66534],[-107.19599099999874,39.665335000000013],[-107.19605799999873,39.665374],[-107.19606499999874,39.665419],[-107.19612399999873,39.665413999999991],[-107.19613099999872,39.665459000000006],[-107.19619799999873,39.665498999999997],[-107.19620499999873,39.665544000000004],[-107.19627099999873,39.665582999999998],[-107.19634399999872,39.665668000000004],[-107.19635099999874,39.665712999999997],[-107.19639299999872,39.665737999999997],[-107.19641799999872,39.665753000000016],[-107.19642499999874,39.665798000000002],[-107.19649099999872,39.665837000000003],[-107.19649799999873,39.665882000000018],[-107.19650499999874,39.665927000000003],[-107.19651199999872,39.665971999999996],[-107.19657899999872,39.666012000000002],[-107.19664499999872,39.666052000000008],[-107.19671099999873,39.666091999999992],[-107.19671799999874,39.666137000000006],[-107.19672499999872,39.666182000000006],[-107.19672799999873,39.666199000000006],[-107.19673199999873,39.666227000000013],[-107.19679899999872,39.666266],[-107.19686499999874,39.666305999999999],[-107.19693099999874,39.666345999999997],[-107.19699799999873,39.666385000000012],[-107.19706399999873,39.666425000000004],[-107.19713099999873,39.666465000000009],[-107.19718999999873,39.666459000000003],[-107.19724899999872,39.666454000000002],[-107.19730899999874,39.666449000000014],[-107.19736799999872,39.666443000000008],[-107.19742699999873,39.666437999999999],[-107.19747999999871,39.666387999999998],[-107.19747299999872,39.666342999999991],[-107.19753199999872,39.666337000000013],[-107.19759099999871,39.666331999999997],[-107.19765099999871,39.66632700000001],[-107.1976439999987,39.666282000000002],[-107.19770299999871,39.666276000000003],[-107.19776199999872,39.666271000000009],[-107.19775499999872,39.666226000000009],[-107.19780699999872,39.666176000000007],[-107.19785999999873,39.666125000000008],[-107.19791199999871,39.666075000000014],[-107.19790499999873,39.666029999999992],[-107.19795699999871,39.665980000000005],[-107.19806899999872,39.665923999999997],[-107.19812099999871,39.665874000000002],[-107.1981739999987,39.665823000000017],[-107.19822599999873,39.665773000000002],[-107.1982189999987,39.665727999999994],[-107.19827799999872,39.665723],[-107.19827099999873,39.665678],[-107.19830999999873,39.665537],[-107.1983029999987,39.665492000000008],[-107.19828799999873,39.665402],[-107.1983479999987,39.665396999999999],[-107.1983419999987,39.665360999999997],[-107.19834099999872,39.665352000000006],[-107.19833399999871,39.665307000000013],[-107.19832699999873,39.665262000000006],[-107.19831999999872,39.665216999999991],[-107.19837899999871,39.665210999999992],[-107.19837199999873,39.665165999999992],[-107.19843099999872,39.665161000000005],[-107.19842399999871,39.665115999999998],[-107.19841699999873,39.665070999999998],[-107.19851499999872,39.664925000000004],[-107.19857399999871,39.664919999999995],[-107.1985669999987,39.664875000000009],[-107.19855999999872,39.664830000000002],[-107.19855299999871,39.664784999999995],[-107.19859699999873,39.664780999999991],[-107.19861299999872,39.664780000000007],[-107.19866499999873,39.664729000000015],[-107.19871699999871,39.664679000000007],[-107.19870299999872,39.664588999999992],[-107.19884599999871,39.664347999999997],[-107.19883899999873,39.664303000000004],[-107.19883199999872,39.664257999999997],[-107.19888399999873,39.664206999999998],[-107.19886999999871,39.664117000000005],[-107.19886299999872,39.664071999999997],[-107.19885599999871,39.664026999999997],[-107.19890799999872,39.663977000000003],[-107.19890099999871,39.66393200000001],[-107.19895399999871,39.663882000000008],[-107.19901299999871,39.663876000000002],[-107.19900599999872,39.663831000000009],[-107.19899899999871,39.663785999999995],[-107.19905799999871,39.663780999999993],[-107.19905099999872,39.663735999999986],[-107.19904399999871,39.663691],[-107.19903699999873,39.663646],[-107.1990299999987,39.663601000000007],[-107.19902299999872,39.663556000000007],[-107.19901599999871,39.663510999999993],[-107.19900899999872,39.663465999999993],[-107.19900199999871,39.663421],[-107.1989949999987,39.663376],[-107.19898799999872,39.663330999999999],[-107.19898099999871,39.663286000000006],[-107.19897399999873,39.663240999999992],[-107.19896699999872,39.663195999999999],[-107.19895999999871,39.663150999999999],[-107.19895299999872,39.663105999999999],[-107.19894599999871,39.663061000000006],[-107.19893899999872,39.663015999999985],[-107.19893199999871,39.662971000000006],[-107.19892499999872,39.662925999999999],[-107.19891799999873,39.662880999999999],[-107.1989109999987,39.662835999999999],[-107.19890399999872,39.662791000000006],[-107.19889699999871,39.662746000000006],[-107.19888299999872,39.662654999999994],[-107.19887599999871,39.662609999999994],[-107.19886899999872,39.662565000000008],[-107.19886199999871,39.662520000000008],[-107.19891399999872,39.662469999999992],[-107.19896599999872,39.662419999999997],[-107.19901899999873,39.662369000000012],[-107.19901199999872,39.662324000000005],[-107.19906399999873,39.662273999999996],[-107.19911599999871,39.662224000000009],[-107.1991689999987,39.66217300000001],[-107.19922099999872,39.662123000000001],[-107.1992139999987,39.662078000000008],[-107.19920699999872,39.662033000000008],[-107.19926599999872,39.662027999999999],[-107.1992589999987,39.661983000000006],[-107.19931099999872,39.661932],[-107.1993039999987,39.661886999999993],[-107.19929699999872,39.661842000000007],[-107.19934299999871,39.661747000000005],[-107.19933599999872,39.661702000000005],[-107.19939499999872,39.661696999999997],[-107.19938799999871,39.661650999999999],[-107.19938099999872,39.661605999999999],[-107.19943999999872,39.661600999999997],[-107.19943299999871,39.66155599999999],[-107.19942599999872,39.661511000000004],[-107.19941899999871,39.661466000000004],[-107.19947099999872,39.661416000000003],[-107.19946399999871,39.661370999999995],[-107.19952399999872,39.661365000000011],[-107.19951699999871,39.661320000000011],[-107.19956899999872,39.661270000000009],[-107.19956599999873,39.661253000000009],[-107.19956199999871,39.661225000000009],[-107.19955499999872,39.661180000000002],[-107.1995479999987,39.661135000000002],[-107.19954099999872,39.661090000000009],[-107.19953399999871,39.661045000000009],[-107.1995929999987,39.66104],[-107.19958599999872,39.660995],[-107.19957899999871,39.660950000000007],[-107.19957199999872,39.660905],[-107.19961399999872,39.660901000000003],[-107.1996319999987,39.660899000000008],[-107.19962499999872,39.660854000000008],[-107.19961699999872,39.660809000000008],[-107.19960999999873,39.660764],[-107.1996029999987,39.660718999999986],[-107.19959599999872,39.660674],[-107.19958899999871,39.660629000000007],[-107.19958199999873,39.660584000000007],[-107.19957499999872,39.660539],[-107.19956799999871,39.660494000000007],[-107.19956099999872,39.660449000000007],[-107.19954699999872,39.660359000000007],[-107.19953999999871,39.660314000000007],[-107.19953299999872,39.660268999999992],[-107.19952599999873,39.660224000000014],[-107.1995189999987,39.660179000000014],[-107.19951199999872,39.660134000000006],[-107.19944599999872,39.660094000000008],[-107.19944399999872,39.660080000000001],[-107.1994389999987,39.660049000000001],[-107.19943199999872,39.660004000000001],[-107.19942499999871,39.659959000000008],[-107.19941799999872,39.659914000000008],[-107.1994109999987,39.659868999999993],[-107.19940399999872,39.659824000000008],[-107.19939699999873,39.659779],[-107.1993899999987,39.659734000000014],[-107.19938299999872,39.659689000000007],[-107.19931599999872,39.659648999999995],[-107.19930899999872,39.659603999999995],[-107.19930199999871,39.659559000000002],[-107.19929499999873,39.659514000000001],[-107.1992879999987,39.659469000000001],[-107.19928099999872,39.659424000000008],[-107.19921499999872,39.659385],[-107.19920799999871,39.659340000000007],[-107.19920099999872,39.659295000000007],[-107.19913399999871,39.659255000000002],[-107.19912699999873,39.659209999999995],[-107.1991199999987,39.659165000000002],[-107.19905399999872,39.659125000000003],[-107.19898799999872,39.659086000000002],[-107.19892799999872,39.659090999999997],[-107.19886899999872,39.659096000000005],[-107.19880999999872,39.659101999999997],[-107.19874999999873,39.659107000000006],[-107.19869099999872,39.659112],[-107.19863199999872,39.659117000000002],[-107.19857199999872,39.659123000000001],[-107.19851299999873,39.65912800000001],[-107.1984609999987,39.659179000000002],[-107.19840099999873,39.659184000000003],[-107.19828999999872,39.659240000000004],[-107.19822999999872,39.659244999999999],[-107.19817099999872,39.65925],[-107.19811199999872,39.659254999999987],[-107.19805199999873,39.659261000000008],[-107.19799299999872,39.659266000000009],[-107.19787399999872,39.65927700000001],[-107.1978079999987,39.65923699999999],[-107.19774899999872,39.659241999999999],[-107.19774199999871,39.659197000000006],[-107.19768199999872,39.659203000000005],[-107.1976229999987,39.659207999999992],[-107.19761599999872,39.659163000000014],[-107.19755699999872,39.659168000000001],[-107.19742399999872,39.659089000000002],[-107.19741699999871,39.659044000000009],[-107.1973569999987,39.659049000000003],[-107.19729099999873,39.659010000000009],[-107.1972839999987,39.658965000000002],[-107.19727699999872,39.658920000000002],[-107.19721799999871,39.658925000000004],[-107.19721099999872,39.658880000000011],[-107.19715099999873,39.658884999999998],[-107.19709199999873,39.65889099999999],[-107.19708499999872,39.658845999999997],[-107.19702599999871,39.658850999999999],[-107.19701899999873,39.658806000000013],[-107.19695199999872,39.658766000000007],[-107.19688599999874,39.658726999999999],[-107.19681999999874,39.658686999999986],[-107.19681299999873,39.658642000000015],[-107.19675299999874,39.658647000000002],[-107.19668699999873,39.658606999999996],[-107.19662799999874,39.658613000000003],[-107.19661999999872,39.65856800000001],[-107.19654699999872,39.65848299999999],[-107.19648799999874,39.658488000000013],[-107.19642099999874,39.658448999999997],[-107.19641399999873,39.658403999999997],[-107.19640699999871,39.658359000000004],[-107.19634099999874,39.658318999999999],[-107.19627499999872,39.658278999999993],[-107.19620799999873,39.658239999999992],[-107.19614199999873,39.658199999999994],[-107.19607599999873,39.658160000000002],[-107.19601599999872,39.658166000000016],[-107.19600899999874,39.658121000000008],[-107.19588399999873,39.658086000000004],[-107.19587699999872,39.658040999999997],[-107.19575099999874,39.658007000000005],[-107.19568499999872,39.657966999999999],[-107.19562499999874,39.657971999999994],[-107.19561799999873,39.657927000000008],[-107.19555199999873,39.657888],[-107.19549199999872,39.657893000000001],[-107.19542599999873,39.657853000000003],[-107.19536699999874,39.657858999999995],[-107.19535999999873,39.657814000000002],[-107.19523399999872,39.657778999999998],[-107.19516799999873,39.657739999999997],[-107.19510099999871,39.657700000000006],[-107.19503499999874,39.65766],[-107.19497599999872,39.657665999999999],[-107.19496899999874,39.657620999999999],[-107.19490899999872,39.657626000000008],[-107.19478399999872,39.657591999999994],[-107.19471699999872,39.657551999999995],[-107.19465799999874,39.65755699999999],[-107.19465099999871,39.657511999999997],[-107.19459199999872,39.657517000000006],[-107.19458499999874,39.657472000000006],[-107.19452499999873,39.657478000000005],[-107.19451799999872,39.657432999999997],[-107.19445899999872,39.657437999999999],[-107.19439299999873,39.657397999999986],[-107.19432599999872,39.657359],[-107.19413399999874,39.657284999999995],[-107.19412699999873,39.657240000000009],[-107.19406799999874,39.657245000000003],[-107.19406099999874,39.657200000000003],[-107.19399399999874,39.65715999999999],[-107.19393499999873,39.657165999999997],[-107.19392799999873,39.657121000000004],[-107.19386899999874,39.657125999999991],[-107.19386199999875,39.657080999999998],[-107.19379499999873,39.657041],[-107.19372899999875,39.657001000000008],[-107.19365599999874,39.656917000000007],[-107.19359599999875,39.656922000000009],[-107.19358899999874,39.656877000000001],[-107.19352999999874,39.65688200000001],[-107.19352299999873,39.656837000000003],[-107.19346399999874,39.656843000000002],[-107.19345699999873,39.656798000000009],[-107.19344999999873,39.656753000000002],[-107.19338999999873,39.656758000000004],[-107.19331699999874,39.656673000000005],[-107.19325099999874,39.656633999999997],[-107.19318399999875,39.656593999999998],[-107.19317699999874,39.656549000000005],[-107.19311799999873,39.656553999999993],[-107.19310399999874,39.656464000000007],[-107.19309699999873,39.656419000000014],[-107.19308999999875,39.656373999999992],[-107.19308299999874,39.656328999999999],[-107.19314199999873,39.656323999999998],[-107.19313499999875,39.656278999999998],[-107.19312799999874,39.656233999999998],[-107.19317999999875,39.656182999999992],[-107.19323299999874,39.656133000000011],[-107.19328499999875,39.656083000000002],[-107.19327799999874,39.656037999999995],[-107.19333699999873,39.656032000000003],[-107.19338299999875,39.655937000000002],[-107.19337499999875,39.655892000000001],[-107.19342799999875,39.655842],[-107.19342099999874,39.655797000000007],[-107.19347999999873,39.655790999999986],[-107.19347299999875,39.655746000000008],[-107.19345899999875,39.655655999999993],[-107.19345199999874,39.655611000000007],[-107.19351099999874,39.655605999999999],[-107.19350399999875,39.655561000000006],[-107.19349699999873,39.655516000000006],[-107.19354999999874,39.655465999999997],[-107.19354299999874,39.655421000000004],[-107.19353599999874,39.655376000000004],[-107.19352899999873,39.65533099999999],[-107.19358099999874,39.655280000000005],[-107.19357399999873,39.65523499999999],[-107.19356699999875,39.65518999999999],[-107.19355999999874,39.655144999999997],[-107.19355299999874,39.65509999999999],[-107.19354599999873,39.655054999999997],[-107.19353899999874,39.655010000000004],[-107.19353199999874,39.65496499999999],[-107.19352499999873,39.654920000000004],[-107.19351799999875,39.654875000000004],[-107.19351099999874,39.654830000000004],[-107.19350399999875,39.654784999999997],[-107.19349699999873,39.654739999999997],[-107.19355599999874,39.654735000000002],[-107.19354899999875,39.654690000000009],[-107.19360799999875,39.65468400000001],[-107.19366099999874,39.654634000000001],[-107.19371299999874,39.654583999999993],[-107.19377199999875,39.654578000000001],[-107.19376499999873,39.654533000000001],[-107.19382499999875,39.654527999999999],[-107.19381799999873,39.654482999999992],[-107.19386999999875,39.65443299999999],[-107.19392199999874,39.654382000000005],[-107.19392899999873,39.654427000000013],[-107.19398799999874,39.65442199999999],[-107.19404799999873,39.654416999999995],[-107.19410699999872,39.654411000000003],[-107.19411399999873,39.654456000000003],[-107.19412099999873,39.65450100000001],[-107.19412799999874,39.654546000000011],[-107.19413499999874,39.654591000000018],[-107.19414199999873,39.654636000000011],[-107.19414899999872,39.654681000000004],[-107.19415599999873,39.654725999999997],[-107.19416299999874,39.654770999999997],[-107.19416999999873,39.654816000000004],[-107.19417699999873,39.654861000000004],[-107.19424399999872,39.65490100000001],[-107.19430999999874,39.654941000000001],[-107.19437599999874,39.654981000000006],[-107.19438299999872,39.655026000000007],[-107.19438999999873,39.655071],[-107.19445699999872,39.655110000000008],[-107.19446399999873,39.655155000000001],[-107.19452299999874,39.655149999999999],[-107.19452999999872,39.655195000000006],[-107.19453699999873,39.655240000000013],[-107.19454399999871,39.655284999999992],[-107.19455099999873,39.655329999999999],[-107.19455799999874,39.655374999999999],[-107.19456499999872,39.655419999999999],[-107.19457199999873,39.655464999999992],[-107.19457899999873,39.655510000000014],[-107.19464599999874,39.655550000000005],[-107.19465299999872,39.655594999999991],[-107.19477799999872,39.655629000000012],[-107.19478499999873,39.655673999999998],[-107.19485199999872,39.655714000000003],[-107.19491099999873,39.655709000000002],[-107.19497699999873,39.65574800000001],[-107.19498399999874,39.655792999999996],[-107.19505099999874,39.655833000000008],[-107.19505799999872,39.655877999999994],[-107.19512399999873,39.655918000000007],[-107.19513099999874,39.655963],[-107.19519799999873,39.656002000000001],[-107.19526399999873,39.656041999999999],[-107.19527099999873,39.656087000000007],[-107.19532999999873,39.656081999999998],[-107.19533699999872,39.656126999999991],[-107.19539699999874,39.656121000000006],[-107.19540399999872,39.656165999999999],[-107.19546299999874,39.656160999999997],[-107.19552199999873,39.65615600000001],[-107.19552899999871,39.656200999999996],[-107.19553599999873,39.656245999999996],[-107.19559599999873,39.65623999999999],[-107.19566199999872,39.656280000000002],[-107.19572099999874,39.656275000000001],[-107.19572799999872,39.656320000000001],[-107.19578799999873,39.656314999999999],[-107.19579499999872,39.656359999999992],[-107.19586099999871,39.656399000000008],[-107.19586799999874,39.656444],[-107.19592699999873,39.656438999999985],[-107.19605299999873,39.656472999999998],[-107.19605999999872,39.656517999999991],[-107.19612599999874,39.656558000000004],[-107.19613399999874,39.65660299999999],[-107.19619999999874,39.656642999999995],[-107.19620699999872,39.65668800000001],[-107.19627299999873,39.656727000000011],[-107.19633299999873,39.656722000000009],[-107.19633999999873,39.656767000000009],[-107.19639899999872,39.656761999999993],[-107.19640599999873,39.656806999999993],[-107.19653199999873,39.656841000000014],[-107.19664999999874,39.656830000000006],[-107.19665699999872,39.656875000000007],[-107.19671699999873,39.656870000000005],[-107.19672399999874,39.656914999999998],[-107.19678299999873,39.656910000000003],[-107.19691599999874,39.656989000000003],[-107.19692299999872,39.65703400000001],[-107.19698199999874,39.657029000000001],[-107.19710799999872,39.657063000000015],[-107.19717399999872,39.657103000000006],[-107.19723999999871,39.657142999999998],[-107.19730699999872,39.657181999999999],[-107.19736599999871,39.657177000000004],[-107.19743199999873,39.657217000000017],[-107.19743999999872,39.65726200000001],[-107.19749899999871,39.657255999999997],[-107.19756499999872,39.657295999999995],[-107.19769099999871,39.657330000000002],[-107.19775699999872,39.657370000000014],[-107.1978239999987,39.657409999999999],[-107.19788299999873,39.657404000000007],[-107.1979489999987,39.657443999999984],[-107.19800899999872,39.657439000000011],[-107.19806799999871,39.657432999999997],[-107.19813399999872,39.657473000000003],[-107.1982009999987,39.657513000000009],[-107.19831899999872,39.657502000000008],[-107.19844499999873,39.657537000000012],[-107.19851099999872,39.657575999999999],[-107.19857099999871,39.657571000000004],[-107.19857799999872,39.657616000000004],[-107.19870299999872,39.657649999999997],[-107.19876299999872,39.657644999999995],[-107.19882899999871,39.657685000000008],[-107.19895499999872,39.657718999999993],[-107.19895699999871,39.657731999999989],[-107.1989619999987,39.657763999999993],[-107.19902099999872,39.657758999999999],[-107.19907999999872,39.657753],[-107.19908699999871,39.657798],[-107.1991469999987,39.657792999999998],[-107.1992649999987,39.65778199999999],[-107.19932499999871,39.657777000000017],[-107.19956899999872,39.657801000000006],[-107.19968799999872,39.657789999999999],[-107.19974699999872,39.657785000000004],[-107.1998059999987,39.657778999999998],[-107.19992499999871,39.657769000000009],[-107.19998399999871,39.657763000000003],[-107.20004399999873,39.657758000000001],[-107.20010299999871,39.657753],[-107.20016199999871,39.657746999999993],[-107.20033299999872,39.657685999999998],[-107.20045199999871,39.657675999999995],[-107.20051099999871,39.65767000000001],[-107.2005709999987,39.657664999999994],[-107.20062999999871,39.657659999999993],[-107.2006889999987,39.657654000000001],[-107.2008079999987,39.657644000000005],[-107.20086699999871,39.657637999999999],[-107.2008599999987,39.657593000000006],[-107.20091299999871,39.65754299999999],[-107.20103099999871,39.657532000000003],[-107.2010839999987,39.657482000000002],[-107.20113599999871,39.657432],[-107.20118799999871,39.657381000000008],[-107.20124799999871,39.657375999999992],[-107.20129999999871,39.657326000000019],[-107.2013589999987,39.657319999999991],[-107.20135199999871,39.657274999999998],[-107.20134699999871,39.657238999999997],[-107.20134499999871,39.657229999999991],[-107.20133799999871,39.657184999999998],[-107.20133099999869,39.657140000000012],[-107.20132399999871,39.657094999999991],[-107.20131699999871,39.657050000000012],[-107.20130999999871,39.657004999999998],[-107.2013029999987,39.656959999999998],[-107.20129599999869,39.656915000000005],[-107.20128899999871,39.656870000000005],[-107.2012819999987,39.656824999999998],[-107.2012749999987,39.656779999999998],[-107.20126099999871,39.656689999999998],[-107.20125399999871,39.656645000000005],[-107.20124699999869,39.656599999999997],[-107.20123999999871,39.65655499999999],[-107.20123299999869,39.656510000000004],[-107.20122599999871,39.656465000000011],[-107.2012189999987,39.65641999999999],[-107.20121199999869,39.656374999999997],[-107.20120499999871,39.656329999999997],[-107.2012639999987,39.656324999999995],[-107.20125699999869,39.65628000000001],[-107.20124999999871,39.656235000000009],[-107.20130199999869,39.656183999999996],[-107.2012879999987,39.65609400000001],[-107.2012809999987,39.656049000000003],[-107.2012739999987,39.656004000000003],[-107.20126699999871,39.65595900000001],[-107.20125299999869,39.65586900000001],[-107.2012459999987,39.655824000000003],[-107.20123899999869,39.655779000000003],[-107.20128399999869,39.655684000000001],[-107.20132999999871,39.655588000000002],[-107.20132299999869,39.655542999999994],[-107.20131599999871,39.655498000000001],[-107.2013089999987,39.655453000000001],[-107.2012939999987,39.655363000000001],[-107.2012869999987,39.655317999999987],[-107.20127999999869,39.655273000000001],[-107.20127299999871,39.655228000000001],[-107.20126599999871,39.655183000000008],[-107.20125899999869,39.655138000000008],[-107.2012519999987,39.655093000000001],[-107.20124499999869,39.655048000000008],[-107.20123799999871,39.655003000000001],[-107.2012309999987,39.654958000000015],[-107.2012239999987,39.654912999999993],[-107.20121699999871,39.654868],[-107.2012099999987,39.654823000000007],[-107.20120299999871,39.654778000000015],[-107.20119599999869,39.654733000000014],[-107.20118899999871,39.654688],[-107.20118199999871,39.654642999999993],[-107.20117499999871,39.654598],[-107.20123399999871,39.654592999999991],[-107.20122699999871,39.654547999999998],[-107.20121999999871,39.654502999999998],[-107.2012129999987,39.654457999999998],[-107.20120599999869,39.654412999999998],[-107.20119899999871,39.654368000000005],[-107.2011919999987,39.654322999999998],[-107.2011849999987,39.654278000000005],[-107.20117799999871,39.654233000000005],[-107.20122299999871,39.654136999999984],[-107.20128299999871,39.654131999999997],[-107.20133499999869,39.654082000000002],[-107.2013419999987,39.65412700000001],[-107.20140099999871,39.654121000000018],[-107.20140799999871,39.654165999999989],[-107.2014679999987,39.654161000000016],[-107.2015339999987,39.654201],[-107.20154099999871,39.654246000000001],[-107.2016079999987,39.654285000000002],[-107.20161499999871,39.654330000000002],[-107.20162199999871,39.654375000000002],[-107.2016289999987,39.654420000000016],[-107.20163599999869,39.654465000000002],[-107.20164299999871,39.654510000000009],[-107.20164999999871,39.654555000000002],[-107.2016569999987,39.654600000000009],[-107.2016639999987,39.654645000000016],[-107.2016709999987,39.654690000000009],[-107.20167799999871,39.654734999999995],[-107.20168499999869,39.654780000000002],[-107.20175099999871,39.654820000000001],[-107.2017579999987,39.654865000000008],[-107.20176499999869,39.654909999999994],[-107.20177099999869,39.654944000000008],[-107.20177199999871,39.654955000000008],[-107.20177899999871,39.655000000000008],[-107.20178599999871,39.655045000000001],[-107.2017929999987,39.655089999999994],[-107.2017999999987,39.655134999999994],[-107.2018599999987,39.65513],[-107.20186699999869,39.655175],[-107.20193299999869,39.655214999999998],[-107.20199899999871,39.655253999999992],[-107.2020059999987,39.655298999999992],[-107.2020129999987,39.655343999999992],[-107.20202099999869,39.655388999999992],[-107.20207999999869,39.655383999999984],[-107.20208699999871,39.655428999999998],[-107.20209399999871,39.655474000000005],[-107.2021529999987,39.655468999999997],[-107.2021599999987,39.655514000000004],[-107.2022269999987,39.655552999999998],[-107.2022339999987,39.655597999999991],[-107.20224099999871,39.655644000000002],[-107.2022999999987,39.655637999999989],[-107.20235899999869,39.655633000000002],[-107.20247799999871,39.655622000000001],[-107.2025369999987,39.655616999999992],[-107.20265599999871,39.655605999999992],[-107.20271499999869,39.655600999999997],[-107.20270799999871,39.655555999999997],[-107.2027609999987,39.655505000000005],[-107.20275399999869,39.655460000000005],[-107.20274699999871,39.655414999999998],[-107.2027389999987,39.655369999999998],[-107.20273699999871,39.655355],[-107.2027319999987,39.655324999999998],[-107.20272499999869,39.655280000000005],[-107.20271799999871,39.65523499999999],[-107.20271099999869,39.65518999999999],[-107.2027039999987,39.65514499999999],[-107.20269699999871,39.65509999999999],[-107.20268999999871,39.655055000000004],[-107.2026829999987,39.655010000000011],[-107.20267599999869,39.65496499999999],[-107.20266899999871,39.654919999999983],[-107.2026619999987,39.654875000000004],[-107.2026549999987,39.654830000000004],[-107.2026479999987,39.65478499999999],[-107.2026999999987,39.654735000000002],[-107.2026929999987,39.654690000000002],[-107.20268599999869,39.654645000000009],[-107.20274599999871,39.654640000000015],[-107.2027319999987,39.65454900000001],[-107.2027909999987,39.654544000000008],[-107.2027839999987,39.654498999999994],[-107.2028289999987,39.654404],[-107.2028219999987,39.654359000000007],[-107.20287499999871,39.654308],[-107.2028669999987,39.654262999999986],[-107.20289999999871,39.654232],[-107.2029199999987,39.654213000000006],[-107.20297199999871,39.654163000000004],[-107.20295099999871,39.654027999999997],[-107.2030029999987,39.653977000000005],[-107.20299599999871,39.653931999999998],[-107.20298199999871,39.653841999999997],[-107.20297499999869,39.65379699999999],[-107.20296799999871,39.653752000000004],[-107.20296099999871,39.65370699999999],[-107.2029469999987,39.65361699999999],[-107.20293299999871,39.653526999999997],[-107.2029259999987,39.653482000000004],[-107.2029189999987,39.653437000000004],[-107.2029119999987,39.653391999999997],[-107.20290699999869,39.653361000000004],[-107.20290499999871,39.653346999999997],[-107.20289799999871,39.653302000000004],[-107.20289099999869,39.653257000000004],[-107.2028839999987,39.653212000000003],[-107.2028179999987,39.653172000000019],[-107.20280999999871,39.653127000000012],[-107.2027439999987,39.653088000000004],[-107.20272999999871,39.652997999999997],[-107.2027229999987,39.652953000000004],[-107.2027159999987,39.652908000000004],[-107.20271999999871,39.652900000000002],[-107.2027609999987,39.652811999999997],[-107.20275399999869,39.652766999999983],[-107.20274699999871,39.65272199999999],[-107.20273999999871,39.65267699999999],[-107.20273299999869,39.652631999999997],[-107.20272599999871,39.652586999999997],[-107.20271899999869,39.652541999999997],[-107.20271199999871,39.65249699999999],[-107.20270599999871,39.652455999999994],[-107.2026979999987,39.652406999999997],[-107.20269099999871,39.652362000000004],[-107.20262499999869,39.652322000000012],[-107.20261799999871,39.652277000000012],[-107.20261099999871,39.652232000000005],[-107.20260399999869,39.652187000000005],[-107.20258999999869,39.652097000000005],[-107.20258299999871,39.652052000000005],[-107.2025759999987,39.65200699999999],[-107.20250899999871,39.651968000000004],[-107.20250199999869,39.651922999999996],[-107.20244299999871,39.651927999999998],[-107.20243599999871,39.651882999999998],[-107.20237599999871,39.651888],[-107.2023099999987,39.651848000000008],[-107.20224399999869,39.651808999999993],[-107.2022369999987,39.651764],[-107.20217699999871,39.651769000000002],[-107.20216999999869,39.651724000000002],[-107.20211099999869,39.651729000000003],[-107.2020519999987,39.651735000000002],[-107.2019919999987,39.65173999999999],[-107.2019849999987,39.651695000000004],[-107.20192599999871,39.651699999999998],[-107.20180699999871,39.651711000000013],[-107.20168199999871,39.651676999999985],[-107.20162199999871,39.651681999999994],[-107.20155599999869,39.65164200000001],[-107.2014969999987,39.651648000000002],[-107.20142999999871,39.651608000000003],[-107.2013639999987,39.651568000000005],[-107.20135699999871,39.651522999999997],[-107.20129799999869,39.651529000000004],[-107.2012909999987,39.651484000000011],[-107.2012309999987,39.651488999999998],[-107.2011649999987,39.651449],[-107.20109899999871,39.651409999999998],[-107.20109199999871,39.651365000000006],[-107.20102499999871,39.651325],[-107.2010179999987,39.651279999999986],[-107.2010109999987,39.651235],[-107.20094499999871,39.651195000000008],[-107.20088499999871,39.65120000000001],[-107.20087799999871,39.65115500000001],[-107.20081199999871,39.651115999999995],[-107.2008049999987,39.651071000000002],[-107.2006859999987,39.651080999999998],[-107.20061999999871,39.651042000000004],[-107.20056099999869,39.651047000000005],[-107.2004939999987,39.651007000000007],[-107.2004869999987,39.650962000000014],[-107.20042099999871,39.650922999999992],[-107.20035499999871,39.650883000000007],[-107.20029499999869,39.650887999999995],[-107.20022899999871,39.650849000000008],[-107.20016299999872,39.650808999999995],[-107.20009599999872,39.650768999999997],[-107.2000369999987,39.65077500000001],[-107.20002999999872,39.650730000000017],[-107.19997099999873,39.650735000000005],[-107.19990399999871,39.650694999999999],[-107.19983799999872,39.650656000000005],[-107.19983099999872,39.650610999999998],[-107.19977199999872,39.650615999999999],[-107.19976499999871,39.650570999999992],[-107.19982399999871,39.650565],[-107.19981699999872,39.650520000000007],[-107.19980999999871,39.650475],[-107.19986199999872,39.650424999999998],[-107.19991399999873,39.65037499999999],[-107.19990699999872,39.650329999999997],[-107.19989999999871,39.650284999999997],[-107.1999529999987,39.650234000000005],[-107.20001199999872,39.650229000000017],[-107.20000499999873,39.650183999999996],[-107.1999979999987,39.65013900000001],[-107.19999099999872,39.650094000000003],[-107.20004999999873,39.650088999999994],[-107.2000429999987,39.650043999999994],[-107.20009599999872,39.649993000000002],[-107.20008899999873,39.649948000000002],[-107.20014099999871,39.649898],[-107.20018599999872,39.649803000000006],[-107.20017899999871,39.649757999999999],[-107.20017199999869,39.649713000000006],[-107.20015799999871,39.649623000000005],[-107.20020999999872,39.649572000000006],[-107.20020299999869,39.649526999999992],[-107.20025599999869,39.649476999999997],[-107.20030799999871,39.649425999999998],[-107.20029399999871,39.649335999999991],[-107.20033899999871,39.649241000000011],[-107.2003769999987,39.649100999999995],[-107.2004369999987,39.649095000000003],[-107.20042999999869,39.649050000000017],[-107.20048899999871,39.649045000000008],[-107.20054099999869,39.648995000000006],[-107.20053399999871,39.648949999999992],[-107.20058699999871,39.648899],[-107.20063899999869,39.648848999999998],[-107.20069099999871,39.648799000000004],[-107.20074299999871,39.648747999999998],[-107.20073599999871,39.648702999999998],[-107.20072899999869,39.648658000000005],[-107.20078199999871,39.64860800000001],[-107.2007749999987,39.64856300000001],[-107.20082699999871,39.648512000000004],[-107.20087899999871,39.648462000000002],[-107.20093899999871,39.648457000000008],[-107.2009249999987,39.648367],[-107.2009769999987,39.648315999999994],[-107.2009699999987,39.648271000000008],[-107.20096299999871,39.648226000000008],[-107.20102199999869,39.648220999999999],[-107.2010149999987,39.648175999999999],[-107.20100799999871,39.648130999999999],[-107.20100099999871,39.648086000000006],[-107.20094199999869,39.648090999999994],[-107.2008749999987,39.648052],[-107.20086799999869,39.648007],[-107.20086099999871,39.647961999999993],[-107.20079499999871,39.647922000000008],[-107.20078799999871,39.647877000000015],[-107.20078099999871,39.647831999999994],[-107.20077399999869,39.647787000000001],[-107.20076699999871,39.647742000000001],[-107.2007599999987,39.647697000000001],[-107.20075299999871,39.647652000000001],[-107.2007459999987,39.647607000000001],[-107.20073899999869,39.647562000000008],[-107.20067199999869,39.647522000000002],[-107.20066499999871,39.647477000000002],[-107.20060599999869,39.647481999999997],[-107.20053999999871,39.647443000000003],[-107.20047299999869,39.647403000000004],[-107.20040699999871,39.647363000000006],[-107.2003409999987,39.647324000000005],[-107.2002739999987,39.647284000000006],[-107.20021499999869,39.647289000000001],[-107.2001559999987,39.647295000000014],[-107.20009599999872,39.647300000000008],[-107.2000369999987,39.647305000000003],[-107.19997799999871,39.647310999999995],[-107.19997099999871,39.647266000000002],[-107.19996399999872,39.647221000000002],[-107.1999569999987,39.647175999999988],[-107.19994999999872,39.647131000000002],[-107.19993599999871,39.647041000000009],[-107.1999289999987,39.646995999999994],[-107.19986199999872,39.646955999999996],[-107.19980299999872,39.646961000000005],[-107.19972999999871,39.646876000000013],[-107.19966299999871,39.646836999999998],[-107.1995969999987,39.646797000000021],[-107.19958999999872,39.646751999999992],[-107.19952299999871,39.646711999999994],[-107.19945699999872,39.646673000000007],[-107.19939099999873,39.646633000000016],[-107.19934699999871,39.646607000000003],[-107.19932399999873,39.64659300000001],[-107.19931699999871,39.646547999999996],[-107.19925799999872,39.646554000000009],[-107.19925099999871,39.646509000000002],[-107.19924399999871,39.646464000000009],[-107.1992369999987,39.646419000000009],[-107.19917799999872,39.64642400000001],[-107.19911099999872,39.646383999999998],[-107.19909699999872,39.64629399999999],[-107.19908999999872,39.64624899999999],[-107.19908299999871,39.646203999999997],[-107.19914299999871,39.646198999999996],[-107.19919499999872,39.64614799999999],[-107.19924699999871,39.646098000000002],[-107.19923999999872,39.646053000000002],[-107.19929899999872,39.646048],[-107.19929199999871,39.646002999999993],[-107.1993449999987,39.645952000000008],[-107.19933799999872,39.645907000000001],[-107.19939699999873,39.645901999999992],[-107.19944899999872,39.645851999999998],[-107.19944199999873,39.645807000000005],[-107.19942799999872,39.645717000000005],[-107.19942099999871,39.64567199999999],[-107.19941399999873,39.645626999999998],[-107.19934099999871,39.645542000000006],[-107.19926799999872,39.645457],[-107.19919399999871,39.645372999999999],[-107.19918699999872,39.645328000000006],[-107.19917999999872,39.645283000000006],[-107.1991139999987,39.645242999999994],[-107.19904699999871,39.645203000000002],[-107.19898799999872,39.645207999999997],[-107.19897399999873,39.645117999999997],[-107.19891499999871,39.645123999999996],[-107.19890799999872,39.645078999999996],[-107.19884099999872,39.645039000000004],[-107.1987819999987,39.645043999999999],[-107.19877499999872,39.644999000000006],[-107.19876799999871,39.644953999999998],[-107.19881999999872,39.644904000000004],[-107.19887299999873,39.644853999999995],[-107.1988659999987,39.644809000000002],[-107.19885899999872,39.644763999999995],[-107.19891799999873,39.644758000000017],[-107.19902199999871,39.644658],[-107.19919999999871,39.644641999999997],[-107.19924599999872,39.644545999999998],[-107.19930499999872,39.644541000000004],[-107.19935699999873,39.644491000000002],[-107.19940999999872,39.644439999999996],[-107.1994619999987,39.644390000000008],[-107.19952099999871,39.644385],[-107.19957399999872,39.644334000000001],[-107.19963299999873,39.644328999999999],[-107.19975099999871,39.644317999999998],[-107.19981099999872,39.644313000000004],[-107.19980399999871,39.644267999999997],[-107.1998629999987,39.644263000000009],[-107.19992199999872,39.644256999999996],[-107.2000929999987,39.644196000000001],[-107.20014599999871,39.644145999999999],[-107.20019799999871,39.644095999999998],[-107.20024999999869,39.644044999999991],[-107.20030299999871,39.643995000000004],[-107.20042099999871,39.643984000000003],[-107.20047299999869,39.643934000000002],[-107.2005329999987,39.64392800000001],[-107.2005259999987,39.643883000000002],[-107.2005779999987,39.643833000000001],[-107.20062999999871,39.643782999999985],[-107.2006829999987,39.643732],[-107.2007279999987,39.643636999999998],[-107.20072099999869,39.643591999999991],[-107.20071399999871,39.643547000000012],[-107.2007069999987,39.643502000000005],[-107.2006999999987,39.643456999999998],[-107.20069299999871,39.643411999999998],[-107.2006789999987,39.643321999999998],[-107.2006049999987,39.643236999999999],[-107.20059799999869,39.643191999999999],[-107.2005839999987,39.643101999999999],[-107.2005179999987,39.643061999999993],[-107.20045199999871,39.643022999999999],[-107.20044499999871,39.642978000000006],[-107.20043799999871,39.642932999999999],[-107.20037799999871,39.642938000000001],[-107.2003709999987,39.642893000000008],[-107.2003119999987,39.64289800000001],[-107.2002459999987,39.642858999999994],[-107.2002389999987,39.642814000000001],[-107.20017199999869,39.642774000000003],[-107.20011299999869,39.642778999999997],[-107.20010599999871,39.64273399999999],[-107.20003999999871,39.642695000000003],[-107.19996599999871,39.642610000000005],[-107.19990699999872,39.642615000000006],[-107.19984099999871,39.642575999999998],[-107.19977399999873,39.642536],[-107.1997669999987,39.642491000000007],[-107.19969399999871,39.642406000000008],[-107.19963399999871,39.642412],[-107.19962699999873,39.642367],[-107.19956799999871,39.642372000000009],[-107.19956099999872,39.642327000000009],[-107.19955399999871,39.642282000000009],[-107.19954699999872,39.642237000000002],[-107.19953999999871,39.642191999999994],[-107.19953299999872,39.642146999999994],[-107.1995189999987,39.642057000000001],[-107.19950499999871,39.641967000000008],[-107.19949799999873,39.641921999999994],[-107.19949099999872,39.641877000000001],[-107.19948399999872,39.641832000000008],[-107.19947699999872,39.641787000000001],[-107.19952199999872,39.641691000000002],[-107.19951499999871,39.641645999999994],[-107.19957399999872,39.641641],[-107.19956699999872,39.641596000000007],[-107.19961999999872,39.641545999999991],[-107.19967899999871,39.641540000000006],[-107.1997379999987,39.641535000000012],[-107.19986399999873,39.641568999999997],[-107.19992299999871,39.641564000000002],[-107.19998299999871,39.641558999999994],[-107.2000419999987,39.641553000000009],[-107.20010099999871,39.641548],[-107.20015399999869,39.641497999999999],[-107.2002059999987,39.641447000000007],[-107.2002579999987,39.641396999999998],[-107.2002509999987,39.641351999999998],[-107.20024399999869,39.641306999999991],[-107.20023699999871,39.641261999999998],[-107.20022999999871,39.641216999999997],[-107.20022299999869,39.641172000000012],[-107.2002159999987,39.64112699999999],[-107.20020899999869,39.641082000000004],[-107.2001429999987,39.641041999999999],[-107.20006899999871,39.640956999999993],[-107.2000619999987,39.640911999999993],[-107.20005499999871,39.640867000000007],[-107.2000479999987,39.640821999999993],[-107.1999819999987,39.640782999999992],[-107.1999749999987,39.640737999999992],[-107.19996799999871,39.640693000000006],[-107.19996099999871,39.640648000000006],[-107.19995399999873,39.640602999999999],[-107.19988699999872,39.640562999999993],[-107.19982099999872,39.640523000000002],[-107.1998139999987,39.640478000000016],[-107.19974799999872,39.640438000000003],[-107.19974099999871,39.640393000000003],[-107.19973399999871,39.64034800000001],[-107.19966699999871,39.640309000000002],[-107.19965999999872,39.640263999999995],[-107.19960099999871,39.640269000000011],[-107.1995419999987,39.640274000000012],[-107.19953499999872,39.640228999999998],[-107.19947499999873,39.640234999999997],[-107.19940899999871,39.640194999999999],[-107.19934299999871,39.640155000000007],[-107.19928299999872,39.640161000000006],[-107.19921699999873,39.640121000000001],[-107.19915799999872,39.640126000000002],[-107.19915099999871,39.640081000000002],[-107.1990909999987,39.640087000000001],[-107.19903199999871,39.640092000000003],[-107.19897299999872,39.640097000000004],[-107.19891299999871,39.640103000000003],[-107.19879499999871,39.640113000000007],[-107.19867599999871,39.640123999999993],[-107.1985569999987,39.640135000000001],[-107.19843899999871,39.640144999999997],[-107.19837999999872,39.640151000000003],[-107.19831999999872,39.640155999999998],[-107.19826099999872,39.640160999999999],[-107.19820199999872,39.640167000000005],[-107.19814199999873,39.640172000000007],[-107.19802399999872,39.640183000000007],[-107.19796399999872,39.640188000000002],[-107.19784599999872,39.64019900000001],[-107.19778599999871,39.640203999999997],[-107.19772699999872,39.640208999999992],[-107.19766799999871,39.640215000000005],[-107.19760799999872,39.640219999999992],[-107.19754899999872,39.640224999999994],[-107.19749699999872,39.640276000000007],[-107.19744399999873,39.640326000000002],[-107.19738499999872,39.64033100000001],[-107.19732599999872,39.640337000000002],[-107.1972669999987,39.64034199999999],[-107.19727399999871,39.640387000000004],[-107.19721399999871,39.640392000000006],[-107.19716199999873,39.640442999999991],[-107.19710999999872,39.640492999999992],[-107.19711699999873,39.640537999999999],[-107.19705699999872,39.640543000000001],[-107.19706399999872,39.640588000000001],[-107.19701199999872,39.640639],[-107.19701899999872,39.640684],[-107.1969069999987,39.640739000000011],[-107.19691399999874,39.640783999999989],[-107.19685499999872,39.640790000000003],[-107.1968619999987,39.640835000000017],[-107.19680999999873,39.640884999999997],[-107.1968169999987,39.640929999999997],[-107.19682399999874,39.64097499999999],[-107.19683099999871,39.641020000000005],[-107.19683799999872,39.641064999999998],[-107.19684499999872,39.641109999999991],[-107.19685199999873,39.641154999999998],[-107.19685899999872,39.641199999999998],[-107.19686599999872,39.641244999999998],[-107.1968799999987,39.641335000000012],[-107.19682799999873,39.641386000000004],[-107.19683499999871,39.641431000000004],[-107.19677599999872,39.641436000000006],[-107.19678999999871,39.641525999999999],[-107.19673699999872,39.641576000000001],[-107.19669199999872,39.641672000000007],[-107.19663299999873,39.641677000000001],[-107.19658699999873,39.641772000000003],[-107.19659399999873,39.64181700000001],[-107.19654199999873,39.641867999999995],[-107.19654899999873,39.641913000000002],[-107.19655599999874,39.64195800000001],[-107.19656299999872,39.64200300000001],[-107.19650399999873,39.642007999999997],[-107.19651099999874,39.642053000000004],[-107.19651799999872,39.642097999999997],[-107.19645899999873,39.642103000000006],[-107.19646599999874,39.642147999999999],[-107.19641299999874,39.642199000000005],[-107.19641999999872,39.642243999999998],[-107.19642699999874,39.642289000000005],[-107.19643399999872,39.642333999999998],[-107.19644099999873,39.642378999999998],[-107.19644799999874,39.642424000000005],[-107.19645499999872,39.642468999999998],[-107.19646199999873,39.642514000000013],[-107.19646899999871,39.642559000000006],[-107.19641699999873,39.642609000000007],[-107.19635799999872,39.642614999999999],[-107.19636499999872,39.642659999999999],[-107.19630599999874,39.642665000000008],[-107.19624599999872,39.642670000000003],[-107.19613499999872,39.642725999999996],[-107.19607499999873,39.642730999999998],[-107.19596399999874,39.642786999999991],[-107.19590399999872,39.642792000000007],[-107.19584499999873,39.642797999999992],[-107.19578599999873,39.642803000000008],[-107.19572599999871,39.642807999999995],[-107.19573299999874,39.642852999999995],[-107.19561499999872,39.642864000000024],[-107.19549599999874,39.642875000000004],[-107.19537799999873,39.642884999999993],[-107.19531799999872,39.642890999999999],[-107.19477399999872,39.642793000000005],[-107.19476299999872,39.642803000000001],[-107.19470399999872,39.642809],[-107.19471099999873,39.642853999999993],[-107.19465899999872,39.642904000000001],[-107.19460599999871,39.642955000000008],[-107.19455399999873,39.643005000000002],[-107.19449499999872,39.643009999999997],[-107.19450199999872,39.643055000000004],[-107.19444199999872,39.64306100000001],[-107.19444899999874,39.643106000000003],[-107.19439699999872,39.643155999999998],[-107.19434499999873,39.643205999999999],[-107.19423299999872,39.643262000000007],[-107.19423999999873,39.643307],[-107.19418099999874,39.643312000000009],[-107.19412899999872,39.643363000000001],[-107.19408999999874,39.64350300000001],[-107.19403099999872,39.643507999999997],[-107.19397899999872,39.643558999999989],[-107.19398599999872,39.643604000000003],[-107.19392599999873,39.643608999999998],[-107.19393299999874,39.643654000000005],[-107.19387399999874,39.643659000000014],[-107.19382899999873,39.643754999999992],[-107.19377699999873,39.643805],[-107.19378399999874,39.643850000000008],[-107.19372399999874,39.643855000000009],[-107.19373099999875,39.643899999999995],[-107.19367899999872,39.643951000000008],[-107.19368599999875,39.643996000000001],[-107.19363399999874,39.644046000000003],[-107.19364099999875,39.644091000000003],[-107.19358799999875,39.644140999999998],[-107.19353599999874,39.644191999999997],[-107.19347699999875,39.644197000000005],[-107.19348399999873,39.644241999999998],[-107.19343899999873,39.644337999999998],[-107.19338599999874,39.644387999999999],[-107.19332699999873,39.644392999999994],[-107.19333399999873,39.644438000000001],[-107.19328199999873,39.644489000000007],[-107.19322899999875,39.644539000000016],[-107.19323599999873,39.644584000000009],[-107.19312499999874,39.64464000000001],[-107.19301299999873,39.644694999999992],[-107.19290099999874,39.644750999999999],[-107.19284199999873,39.644755999999994],[-107.19278999999874,39.644807],[-107.19273799999876,39.644857000000009],[-107.19267799999874,39.644861999999989],[-107.19256699999873,39.644918000000004],[-107.19257399999874,39.644963000000011],[-107.19252099999875,39.645012999999999],[-107.19240999999874,39.645069000000007],[-107.19241699999876,39.645113999999992],[-107.19235699999875,39.645119000000001],[-107.19236399999873,39.645164000000001],[-107.19231199999875,39.645215],[-107.19225999999874,39.645265000000009],[-107.19219999999873,39.645269999999989],[-107.19220699999873,39.645314999999997],[-107.19214799999874,39.645320999999996],[-107.19215499999873,39.64536600000001],[-107.19209599999874,39.64537099999999],[-107.19196999999875,39.645336999999998],[-107.19190399999873,39.645297000000014],[-107.19189699999873,39.645251999999999],[-107.19183099999874,39.645212000000001],[-107.19171199999874,39.645223000000001],[-107.19163899999873,39.645138000000003],[-107.19157899999875,39.645144000000009],[-107.19157199999873,39.645099000000002],[-107.19151299999874,39.645104000000003],[-107.19150599999874,39.645059000000003],[-107.19144699999873,39.645063999999991],[-107.19137999999873,39.645023999999999],[-107.19137299999873,39.644979000000014],[-107.19131399999874,39.644984999999998],[-107.19124699999874,39.644945000000007],[-107.19112199999873,39.644910999999986],[-107.19087799999873,39.644886999999997],[-107.19069299999876,39.644857999999999],[-107.19038899999875,39.644840000000009],[-107.19026299999877,39.644804999999998],[-107.19013799999877,39.644770999999999],[-107.19007099999875,39.644730999999993],[-107.18995299999875,39.644742000000001],[-107.18988599999875,39.644702000000002],[-107.18976799999875,39.644713000000003],[-107.18970099999875,39.644673000000004],[-107.18964199999876,39.644677999999999],[-107.18958299999875,39.644683999999991],[-107.18951599999875,39.644644000000007],[-107.18945699999875,39.644648999999987],[-107.18944999999876,39.644604000000008],[-107.18938399999875,39.644565000000007],[-107.18931699999877,39.644525000000002],[-107.18919199999876,39.644491000000002],[-107.18918499999874,39.644446000000002],[-107.18917799999876,39.644401000000009],[-107.18911099999875,39.644361000000004],[-107.18904499999874,39.644320999999998],[-107.18897899999875,39.644281000000007],[-107.18891199999877,39.644242000000013],[-107.18884599999876,39.644202],[-107.18883199999877,39.644112],[-107.18876599999875,39.644071999999987],[-107.18869899999876,39.644033000000015],[-107.18869199999875,39.643988000000007],[-107.18862599999875,39.643948000000002],[-107.18856699999876,39.64395300000001],[-107.18849299999874,39.643868999999995],[-107.18843399999875,39.643874000000004],[-107.18842699999875,39.643829000000004],[-107.18836799999875,39.643833999999998],[-107.18835299999877,39.643743999999991],[-107.18829399999875,39.64374999999999],[-107.18821399999875,39.643619999999999],[-107.18807399999875,39.643495000000016],[-107.18800799999875,39.643456],[-107.18788199999877,39.643420999999996],[-107.18774899999876,39.643341999999997],[-107.18767599999875,39.643256999999998],[-107.18760999999878,39.643218000000012],[-107.18754299999875,39.643177999999999],[-107.18747699999875,39.643138],[-107.18741099999876,39.643098000000002],[-107.18733699999876,39.643014000000001],[-107.18726399999876,39.642928999999995],[-107.18712399999876,39.64280500000001],[-107.18711699999876,39.642760000000003],[-107.18705099999877,39.642719999999997],[-107.18698499999877,39.642679999999999],[-107.18692499999877,39.642686000000005],[-107.18691799999878,39.642640999999998],[-107.18678599999876,39.642561000000001],[-107.18671199999876,39.642476000000002],[-107.18665299999877,39.642482000000008],[-107.18663899999876,39.642392000000008],[-107.18656599999876,39.642307000000002],[-107.18650599999876,39.642312000000004],[-107.18643999999877,39.64227300000001],[-107.18637399999876,39.642232999999997],[-107.18630699999876,39.642193000000006],[-107.18624799999877,39.642199000000012],[-107.18618199999877,39.642158999999992],[-107.18617499999877,39.642113999999999],[-107.18610799999877,39.642074000000008],[-107.18603499999877,39.641989000000002],[-107.18596199999877,39.641905000000001],[-107.18590199999876,39.641910000000003],[-107.18582199999877,39.641780000000004],[-107.18575599999876,39.641740999999996],[-107.18574899999878,39.641696000000003],[-107.18568899999876,39.641700999999998],[-107.18568199999876,39.641655999999998],[-107.18560199999877,39.641525999999999],[-107.18553599999878,39.641486],[-107.18546899999876,39.641447000000007],[-107.18545499999877,39.641356999999999],[-107.18538199999877,39.641272000000001],[-107.18530799999877,39.641187000000016],[-107.18516899999877,39.641062999999988],[-107.18515499999877,39.640973000000002],[-107.18509499999877,39.64097799999999],[-107.18508799999876,39.64093299999999],[-107.18502899999876,39.64093900000001],[-107.18496299999876,39.640899000000005],[-107.18490299999877,39.640903999999999],[-107.18489599999876,39.640858999999992],[-107.18488899999878,39.640813999999992],[-107.18482999999877,39.640819],[-107.18482299999876,39.640773999999993],[-107.18481599999876,39.640729],[-107.18475699999877,39.640734999999992],[-107.18474299999876,39.640644999999999],[-107.18466899999876,39.640559999999994],[-107.18464799999876,39.640424999999993],[-107.18463399999877,39.640335],[-107.18462699999878,39.64029],[-107.18461999999876,39.640245],[-107.18467999999876,39.640240000000006],[-107.18466599999878,39.640149999999991],[-107.18471099999876,39.640053999999999],[-107.18475599999876,39.639958999999998],[-107.18481499999876,39.639953000000006],[-107.18497899999878,39.639846999999996],[-107.18503899999877,39.639842000000002],[-107.18509799999876,39.639837],[-107.18510499999876,39.639882000000007],[-107.18517799999876,39.639966999999999],[-107.18523799999876,39.639961],[-107.18530399999877,39.640000999999991],[-107.18544399999878,39.640124999999998],[-107.18550999999876,39.64016500000001],[-107.18558299999877,39.640249999999995],[-107.18558999999877,39.640295000000002],[-107.18565699999877,39.640334000000003],[-107.18566399999877,39.640378999999996],[-107.18572299999876,39.640374000000001],[-107.18572999999877,39.640419000000001],[-107.18573699999877,39.640464000000001],[-107.18580299999877,39.640504000000014],[-107.18580999999877,39.640549],[-107.18586999999876,39.640543999999991],[-107.18587699999877,39.640588999999991],[-107.18594299999876,39.640628],[-107.18600899999876,39.640668000000012],[-107.18601599999876,39.640713000000005],[-107.18607599999876,39.640707999999989],[-107.18608299999876,39.640753000000004],[-107.18609699999878,39.640842999999997],[-107.18615599999876,39.640837000000005],[-107.18616299999876,39.640882000000012],[-107.18622199999876,39.64087700000001],[-107.18628899999877,39.640917000000009],[-107.18635499999878,39.640956000000003],[-107.18642099999876,39.640996000000001],[-107.18654699999877,39.641031000000012],[-107.18667299999876,39.641065000000005],[-107.18679799999876,39.641098999999983],[-107.18698999999876,39.641172999999995],[-107.18718199999878,39.641247],[-107.18724899999876,39.641287000000005],[-107.18730799999877,39.641281999999983],[-107.18731499999878,39.641327000000004],[-107.18738099999877,39.641366000000005],[-107.18749999999876,39.641355999999995],[-107.18755899999874,39.641350999999993],[-107.18767799999875,39.641340000000007],[-107.18791499999877,39.641319000000003],[-107.18797499999874,39.64131299999999],[-107.18803399999875,39.641308000000009],[-107.18809299999876,39.641303000000008],[-107.18815299999875,39.641296999999994],[-107.18814599999877,39.641251999999994],[-107.18820499999875,39.641247],[-107.18819799999875,39.641202],[-107.18819099999877,39.641157],[-107.18813199999875,39.641162000000008],[-107.18806499999874,39.641123000000007],[-107.18800599999875,39.641128000000002],[-107.18793999999875,39.641088000000011],[-107.18787999999877,39.641093000000005],[-107.18781399999875,39.641053999999997],[-107.18774799999875,39.641014000000006],[-107.18768799999874,39.641019000000007],[-107.18756299999876,39.640985000000008],[-107.18755599999875,39.640940000000001],[-107.18754899999875,39.640894999999993],[-107.18754199999876,39.64085],[-107.18753499999875,39.640805000000007],[-107.18758699999876,39.640755000000013],[-107.18757999999876,39.640710000000013],[-107.18763199999876,39.640658999999992],[-107.18762499999875,39.640613999999999],[-107.18761799999876,39.640568999999999],[-107.18766999999875,39.640518999999991],[-107.18772999999875,39.640514000000003],[-107.18772299999875,39.64046900000001],[-107.18771599999876,39.640424000000003],[-107.18776099999876,39.640327999999997],[-107.18781299999876,39.640278000000002],[-107.18786599999875,39.64022700000001],[-107.18785899999875,39.640182000000003],[-107.18791099999875,39.640131999999994],[-107.18790399999875,39.640087000000001],[-107.18794899999875,39.639991999999992],[-107.18794199999876,39.639946999999999],[-107.18793499999876,39.639902000000006],[-107.18798699999876,39.639851000000007],[-107.18797999999876,39.639806000000007],[-107.18803299999875,39.639756000000006],[-107.18802599999874,39.639710999999998],[-107.18807099999874,39.63961599999999],[-107.18810899999876,39.639475000000004],[-107.18816199999875,39.639425000000017],[-107.18815399999875,39.63938000000001],[-107.18819999999874,39.639284999999994],[-107.18819299999876,39.639240000000008],[-107.18825199999876,39.639234000000009],[-107.18823799999876,39.639144000000002],[-107.18828999999874,39.639094000000007],[-107.18828299999876,39.639048999999993],[-107.18827599999875,39.639003999999993],[-107.18826899999877,39.638959],[-107.18826199999874,39.638913999999986],[-107.18825499999875,39.638869],[-107.18824799999875,39.638824000000007],[-107.18824099999875,39.638779],[-107.18823399999876,39.638733999999999],[-107.18816799999875,39.638694000000008],[-107.18816099999874,39.638649000000001],[-107.18815399999875,39.638603999999994],[-107.18814699999875,39.638559000000008],[-107.18813999999877,39.638514000000008],[-107.18813299999874,39.638469000000001],[-107.18811899999875,39.638379000000008],[-107.18810499999876,39.638288999999993],[-107.18809799999875,39.638244000000007],[-107.18809099999876,39.638199000000007],[-107.18808399999875,39.638154000000007],[-107.18806999999875,39.638064],[-107.18805599999877,39.637974000000021],[-107.18804899999876,39.637928999999993],[-107.18804199999875,39.637884000000007],[-107.18802799999875,39.637794000000007],[-107.18802099999876,39.637748999999999],[-107.18801399999874,39.637703999999999],[-107.18800699999876,39.637658999999992],[-107.18793999999875,39.637619000000008],[-107.18793299999876,39.637574000000008],[-107.18792599999875,39.637528999999994],[-107.18785999999875,39.637489000000002],[-107.18785299999875,39.637443999999995],[-107.18778599999877,39.637403999999989],[-107.18777899999876,39.637358999999989],[-107.18777199999874,39.637314000000003],[-107.18770599999877,39.63727500000001],[-107.18769899999874,39.63723000000001],[-107.18769199999875,39.637184999999995],[-107.18763299999875,39.637189999999997],[-107.18762599999876,39.637145000000011],[-107.18761199999877,39.637055000000004],[-107.18753799999877,39.636969999999991],[-107.18753099999876,39.636924999999998],[-107.18744399999878,39.636749999999999],[-107.18742999999876,39.636659999999999],[-107.18742299999876,39.636614999999999],[-107.18741599999876,39.636569999999999],[-107.18740199999876,39.636480000000006],[-107.18739499999874,39.636435000000006],[-107.18738799999875,39.636389999999999],[-107.18738099999875,39.636345000000006],[-107.18737399999875,39.636299999999999],[-107.18736699999876,39.636254999999991],[-107.18735999999878,39.636209999999998],[-107.18735299999877,39.636164999999984],[-107.18734599999877,39.636120000000005],[-107.18733199999875,39.636029999999991],[-107.18732499999876,39.635985000000012],[-107.18731799999877,39.635940000000012],[-107.18731099999876,39.635894999999998],[-107.18730399999875,39.635849999999991],[-107.18736299999877,39.635845000000018],[-107.18735599999876,39.635799999999996],[-107.18740099999876,39.635703999999997],[-107.18739399999875,39.635659000000004],[-107.18737999999877,39.63556899999999],[-107.18742599999875,39.635473999999995],[-107.18741099999876,39.635384000000002],[-107.18745699999874,39.635289],[-107.18749499999876,39.635148000000001],[-107.18754699999874,39.635097999999992],[-107.18753299999875,39.635007999999999],[-107.18758599999875,39.634958000000005],[-107.18757899999876,39.634912999999997],[-107.18757199999875,39.634867999999997],[-107.18762399999876,39.634816999999998],[-107.18761699999875,39.634772000000005],[-107.18760999999877,39.634726999999991],[-107.18766899999876,39.634721999999996],[-107.18772099999875,39.634671000000004],[-107.18771399999876,39.634625999999997],[-107.18776699999874,39.634576000000003],[-107.18775999999875,39.634531000000003],[-107.18781199999874,39.634481000000008],[-107.18780499999875,39.634436000000001],[-107.18785699999874,39.634384999999995],[-107.18784999999875,39.634340000000002],[-107.18789599999874,39.634245],[-107.18794099999874,39.634150000000005],[-107.18803799999876,39.634004000000004],[-107.18803099999874,39.633958999999997],[-107.18802399999875,39.633913999999997],[-107.18801699999877,39.63386899999999],[-107.18800999999876,39.63382399999999],[-107.18806299999875,39.63377400000001],[-107.18805599999877,39.633729000000002],[-107.18804899999876,39.633684000000009],[-107.18804199999875,39.633637999999998],[-107.18810099999877,39.633633000000003],[-107.18809399999876,39.633588000000003],[-107.18814599999877,39.633537999999987],[-107.18813899999876,39.633492999999994],[-107.18813199999875,39.633448000000001],[-107.18812499999875,39.633402999999994],[-107.18817699999875,39.633352000000009],[-107.18816999999875,39.633307000000009],[-107.18822299999874,39.633257],[-107.18827499999877,39.633207000000006],[-107.18832699999875,39.633156],[-107.18831299999874,39.633065999999992],[-107.18836599999875,39.633015999999998],[-107.18835899999877,39.632971000000005],[-107.18835199999874,39.632925999999991],[-107.18834499999875,39.632880999999998],[-107.18833799999875,39.63283599999999],[-107.18833099999875,39.632790999999997],[-107.18832399999876,39.632745999999997],[-107.18829499999875,39.632565999999997],[-107.18828799999875,39.632520999999997],[-107.18827399999876,39.632430999999997],[-107.18825999999875,39.632340999999997],[-107.18819399999875,39.632300999999998],[-107.18818699999876,39.632255999999998],[-107.18812799999877,39.632261000000007],[-107.18812099999874,39.632216000000007],[-107.18805399999876,39.632176999999999],[-107.18804699999875,39.632131999999991],[-107.18803999999875,39.632086999999991],[-107.18803299999875,39.632042000000006],[-107.18797399999876,39.632047000000014],[-107.18795999999877,39.631956999999993],[-107.18781999999875,39.63183200000001],[-107.18780599999876,39.631742000000003],[-107.18779899999875,39.631696999999996],[-107.18779199999877,39.631652000000003],[-107.18778499999875,39.63160700000001],[-107.18777799999874,39.631562000000002],[-107.18777099999875,39.631516999999995],[-107.18776399999875,39.631472000000009],[-107.18775699999877,39.631427000000002],[-107.18780999999875,39.631377000000001],[-107.18780299999875,39.631331999999993],[-107.18790699999875,39.631231000000007],[-107.18789999999875,39.631186000000014],[-107.18795199999875,39.631136000000005],[-107.18800499999877,39.63108600000001],[-107.18799799999874,39.631040999999996],[-107.18810899999876,39.630985000000003],[-107.18810199999875,39.630940000000002],[-107.18821399999875,39.630884000000009],[-107.18820699999876,39.630839000000009],[-107.18830399999877,39.630693000000008],[-107.18834999999875,39.630597999999999],[-107.18840199999876,39.630547999999997],[-107.18839499999875,39.630502999999997],[-107.18838799999875,39.630458000000004],[-107.18838099999876,39.630412999999997],[-107.18836699999876,39.630322999999997],[-107.18835999999875,39.630278000000004],[-107.18835299999877,39.630233000000011],[-107.18833899999875,39.630142999999997],[-107.18833199999875,39.630097999999997],[-107.18831799999876,39.630008000000004],[-107.18831099999875,39.629963000000004],[-107.18829699999876,39.629872999999996],[-107.18828299999876,39.629781999999992],[-107.18820199999875,39.629653000000012],[-107.18811499999875,39.629477999999999],[-107.18810799999875,39.629432999999992],[-107.18810099999877,39.629387999999992],[-107.18809399999876,39.629343000000006],[-107.18808699999875,39.629297999999999],[-107.18807999999875,39.629252999999991],[-107.18801399999874,39.629212999999993],[-107.18800699999876,39.629168],[-107.18799999999875,39.629122999999993],[-107.18793299999876,39.629084000000006],[-107.18787399999874,39.629088999999993],[-107.18786699999875,39.629043999999993],[-107.18785999999875,39.628999000000007],[-107.18780099999874,39.629004000000009],[-107.18778699999875,39.628914000000009],[-107.18771999999875,39.62887400000001],[-107.18771299999875,39.628829000000003],[-107.18765399999874,39.628835000000016],[-107.18764699999875,39.628789999999995],[-107.18758099999876,39.628750000000004],[-107.18751399999874,39.628710000000005],[-107.18750699999875,39.628665000000005],[-107.18744099999876,39.628625999999997],[-107.18736799999876,39.628540999999991],[-107.18730099999875,39.628501],[-107.18729399999874,39.628456],[-107.18723499999876,39.628461999999985],[-107.18717599999876,39.628467000000001],[-107.18711599999875,39.628471999999988],[-107.18705699999877,39.628476999999997],[-107.18699799999877,39.628482999999996],[-107.18693799999876,39.62848799999999],[-107.18687899999878,39.628493000000006],[-107.18681999999876,39.628499000000005],[-107.18675999999877,39.628504],[-107.18670099999876,39.628508999999994],[-107.18664199999877,39.628515],[-107.18658299999876,39.628520000000002],[-107.18652299999876,39.62852500000001],[-107.18646399999876,39.628531000000017],[-107.18639799999876,39.628491000000004],[-107.18633099999876,39.628450999999991],[-107.18632399999876,39.628405999999998],[-107.18626499999878,39.628411999999997],[-107.18625799999876,39.62836699999999],[-107.18619899999877,39.628372000000006],[-107.18613199999876,39.628332],[-107.18612499999877,39.628287],[-107.18605899999876,39.628247999999999],[-107.18599299999876,39.628208000000008],[-107.18591899999876,39.628122999999995],[-107.18585299999876,39.628083000000011],[-107.18584599999876,39.628037999999997],[-107.18583899999878,39.627992999999996],[-107.18577999999876,39.627999000000003],[-107.18577299999876,39.62795400000001],[-107.18570599999876,39.627914000000004],[-107.18563999999877,39.627873999999998],[-107.18563299999876,39.627828999999998],[-107.18555999999876,39.627745000000004],[-107.18554599999877,39.627655000000004],[-107.18547899999876,39.627614999999999],[-107.18541299999877,39.627575000000014],[-107.18540599999876,39.627529999999993],[-107.18539899999877,39.627484999999993],[-107.18539199999876,39.62744],[-107.18538499999876,39.627395000000007],[-107.18537799999876,39.627349999999993],[-107.18537099999877,39.627305000000007],[-107.18536399999878,39.62726],[-107.18534299999877,39.627124999999992],[-107.18533599999877,39.627080000000007],[-107.18532899999876,39.627035000000006],[-107.18538099999877,39.626985000000005],[-107.18555899999876,39.62696900000001],[-107.18573699999877,39.626953000000007],[-107.18615199999877,39.626915000000004],[-107.18620399999877,39.626864999999995],[-107.18626399999876,39.626860000000001],[-107.18625699999876,39.626815000000001],[-107.18630899999876,39.626764000000009],[-107.18636799999877,39.626759],[-107.18636099999878,39.626714000000014],[-107.18647299999877,39.626658000000006],[-107.18658499999876,39.626603000000003],[-107.18663699999877,39.626551999999997],[-107.18669599999876,39.626547000000016],[-107.18674799999876,39.626497000000001],[-107.18680799999876,39.626491000000016],[-107.18680099999877,39.626446000000016],[-107.18679399999877,39.626400999999994],[-107.18678699999876,39.626356000000008],[-107.18683899999877,39.626305999999992],[-107.18683199999876,39.626261000000007],[-107.18688399999877,39.626210999999998],[-107.18687699999876,39.626165999999998],[-107.18698899999876,39.626109999999997],[-107.18698199999875,39.626064999999997],[-107.18697499999877,39.626020000000004],[-107.18703399999876,39.626015000000002],[-107.18702699999875,39.625969999999995],[-107.18708599999876,39.62596400000001],[-107.18707899999875,39.625918999999996],[-107.18713899999877,39.625914000000002],[-107.18719799999876,39.625909],[-107.18719099999876,39.625864000000007],[-107.18730299999875,39.625807999999992],[-107.18736199999876,39.625802999999991],[-107.18747399999874,39.625747000000011],[-107.18752599999877,39.625697000000009],[-107.18751899999874,39.625652000000009],[-107.18757799999875,39.625646000000003],[-107.18762999999876,39.625596000000002],[-107.18768999999875,39.625591],[-107.18774899999876,39.625585000000001],[-107.18797199999877,39.625473999999997],[-107.18802399999875,39.625424000000002],[-107.18807699999876,39.62537300000001],[-107.18812899999875,39.625322999999987],[-107.18812199999876,39.625278000000009],[-107.18817399999875,39.625228],[-107.18823399999876,39.625221999999994],[-107.18828599999875,39.625171999999999],[-107.18833799999875,39.625121999999998],[-107.18845699999875,39.625110999999997],[-107.18844999999875,39.625065999999997],[-107.18850899999875,39.625061000000002],[-107.18856099999876,39.62501000000001],[-107.18867299999874,39.624955],[-107.18866599999876,39.62491],[-107.18872499999875,39.624904000000008],[-107.18878499999876,39.624899000000006],[-107.18884399999875,39.624894000000005],[-107.18885099999875,39.624938999999998],[-107.18891699999875,39.624978000000006],[-107.18892399999876,39.625022999999999],[-107.18899099999875,39.625062999999997],[-107.18905699999877,39.62510300000001],[-107.18912299999874,39.625141999999983],[-107.18918299999875,39.625137000000009],[-107.18930799999875,39.625171000000002],[-107.18937499999875,39.625210999999993],[-107.18949299999876,39.6252],[-107.18955199999876,39.625194999999991],[-107.18961199999876,39.625190000000011],[-107.18971599999875,39.625089000000017],[-107.18977599999874,39.625084000000001],[-107.18982799999876,39.625033000000009],[-107.18988699999875,39.625028],[-107.18994699999875,39.625023000000006],[-107.19000599999875,39.625017],[-107.19006499999875,39.625012000000005],[-107.19011699999875,39.624962000000004],[-107.19017699999877,39.624956000000012],[-107.19016999999873,39.624910999999997],[-107.19022199999877,39.624860999999996],[-107.19021499999874,39.62481600000001],[-107.19027399999874,39.624810999999994],[-107.19031999999875,39.624715000000002],[-107.19031299999875,39.624670000000009],[-107.19037199999873,39.624665000000007],[-107.19036499999875,39.62462],[-107.19042399999873,39.624615000000006],[-107.19041699999873,39.624570000000006],[-107.19040999999875,39.624524999999991],[-107.19040299999874,39.624479999999998],[-107.19039599999876,39.624434999999998],[-107.19038899999873,39.624389999999998],[-107.19038199999873,39.624345000000005],[-107.19037499999875,39.624299999999998],[-107.19036799999874,39.624254999999998],[-107.19036099999875,39.624209999999991],[-107.19035399999873,39.624164999999998],[-107.19034699999875,39.624119999999998],[-107.19028099999875,39.624079999999999],[-107.19021399999875,39.624039999999994],[-107.19014799999876,39.624000000000002],[-107.19014099999875,39.623954999999988],[-107.19008199999875,39.623960999999994],[-107.19007499999874,39.623916000000008],[-107.19006799999875,39.623871000000001],[-107.19000799999874,39.623875999999996],[-107.19000099999874,39.623830999999996],[-107.18999399999875,39.623785999999996],[-107.18998699999875,39.623740999999995],[-107.18997999999876,39.623696000000002],[-107.18992099999876,39.623700999999997],[-107.18991399999875,39.623656000000004],[-107.18990699999877,39.623610999999997],[-107.18989999999874,39.623565999999997],[-107.18989299999875,39.623520999999982],[-107.18983399999875,39.62352700000001],[-107.18982699999876,39.623482000000003],[-107.18981999999875,39.62343700000001],[-107.18981299999875,39.623390999999991],[-107.18974599999875,39.623351999999997],[-107.18967299999875,39.623266999999998],[-107.18965899999877,39.623176999999998],[-107.18951899999875,39.623052999999992],[-107.18945299999875,39.623013000000007],[-107.18944599999877,39.622968000000007],[-107.18937299999875,39.622882999999995],[-107.18931299999876,39.622889000000008],[-107.18930599999875,39.622844000000001],[-107.18923999999875,39.622804000000002],[-107.18923299999877,39.622758999999988],[-107.18916699999875,39.622719000000004],[-107.18910699999876,39.622724000000012],[-107.18904799999875,39.622729999999997],[-107.18898899999876,39.622734999999999],[-107.18892199999877,39.622695000000007],[-107.18885599999875,39.622656000000006],[-107.18878999999875,39.622616000000015],[-107.18872999999876,39.622621000000002],[-107.18872299999875,39.622575999999995],[-107.18866399999877,39.622582000000001],[-107.18865699999876,39.622537000000008],[-107.18864999999874,39.622492000000008],[-107.18864299999875,39.622447000000001],[-107.18857699999874,39.622406999999995],[-107.18856999999876,39.62236200000001],[-107.18856299999875,39.62231700000001],[-107.18855599999875,39.622272000000002],[-107.18854899999874,39.622227000000009],[-107.18860799999875,39.622222000000001],[-107.18865999999876,39.622170999999994],[-107.18865299999875,39.622125999999994],[-107.18871299999876,39.622121],[-107.18884499999875,39.622200000000007],[-107.18896399999875,39.622190000000003],[-107.18920799999874,39.622212999999995],[-107.18957799999875,39.622271000000012],[-107.18963699999875,39.62226600000001],[-107.18970399999877,39.622306000000009],[-107.18971099999875,39.622350999999995],[-107.18976999999875,39.622345000000003],[-107.18977699999876,39.622390000000003],[-107.18984299999876,39.622430000000001],[-107.18990899999876,39.62247],[-107.18996899999875,39.622464999999991],[-107.19002799999875,39.622458999999992],[-107.19032499999874,39.622433000000008],[-107.19044299999875,39.622422],[-107.19055499999874,39.622366],[-107.19061399999873,39.622360999999998],[-107.19060699999875,39.622316000000012],[-107.19066599999874,39.622311000000003],[-107.19072599999873,39.622304999999997],[-107.19071899999874,39.622260000000004],[-107.19071199999874,39.622215000000011],[-107.19070499999874,39.622170000000011],[-107.19069799999873,39.622125000000011],[-107.19069099999875,39.62207999999999],[-107.19068399999874,39.622034999999997],[-107.19067699999873,39.621990000000004],[-107.19065599999875,39.621854999999989],[-107.19064899999873,39.621810000000004],[-107.19064199999873,39.621764999999996],[-107.19063399999874,39.621719999999996],[-107.19074599999875,39.62166400000001],[-107.19079799999874,39.621614000000001],[-107.19085099999873,39.621563999999999],[-107.19090999999875,39.621558000000014],[-107.19096899999874,39.621552999999999],[-107.19102899999874,39.621548000000004],[-107.19109499999874,39.621586999999984],[-107.19115399999873,39.621581999999997],[-107.19122099999875,39.621622000000009],[-107.19127999999874,39.621616000000003],[-107.19133899999873,39.621611000000009],[-107.19134599999875,39.621656000000009],[-107.19146499999873,39.621645000000001],[-107.19147199999874,39.621689999999994],[-107.19153799999874,39.621729999999992],[-107.19171599999873,39.621713999999997],[-107.19190099999875,39.621743000000002],[-107.19190799999873,39.621788000000002],[-107.19196699999874,39.621783000000008],[-107.19202699999873,39.621777999999999],[-107.19208599999874,39.621772000000007],[-107.19214499999873,39.621766999999991],[-107.19220399999875,39.62176199999999],[-107.19226399999873,39.621756000000005],[-107.19238899999874,39.621791000000009],[-107.19257399999874,39.621820000000014],[-107.19281899999874,39.621842999999998],[-107.19287799999873,39.621837999999997],[-107.19293699999874,39.621833000000002],[-107.19299599999874,39.62182700000001],[-107.19306299999873,39.621867000000002],[-107.19312199999874,39.621862],[-107.19318099999872,39.621855999999994],[-107.19324099999874,39.621850999999999],[-107.19329999999871,39.621845999999984],[-107.19335899999874,39.621840000000006],[-107.19336599999873,39.621886000000011],[-107.19342599999874,39.621880000000004],[-107.19348499999873,39.621875000000003],[-107.19355099999873,39.621915000000001],[-107.19355799999872,39.621960000000001],[-107.19361799999874,39.621954000000009],[-107.19362499999872,39.62199900000001],[-107.19363199999873,39.622044000000002],[-107.19363899999874,39.62208900000001],[-107.19364599999872,39.622134000000003],[-107.19365299999873,39.622179000000003],[-107.19365999999872,39.622224000000003],[-107.19360699999872,39.622275000000002],[-107.19361399999873,39.622320000000002],[-107.19362799999874,39.622410000000002],[-107.19363499999874,39.622455000000009],[-107.19364899999873,39.622545000000002],[-107.19358999999874,39.622549999999997],[-107.19359699999872,39.622594999999997],[-107.19360399999873,39.622640000000004],[-107.19361099999873,39.622684999999997],[-107.19361799999874,39.622730000000004],[-107.19362499999872,39.622774999999997],[-107.19363199999873,39.622819999999997],[-107.19363899999874,39.622864999999997],[-107.19364599999872,39.622909999999997],[-107.19365299999873,39.622955000000005],[-107.19365999999872,39.623000000000005],[-107.19366699999874,39.623045000000005],[-107.19367399999872,39.623089999999998],[-107.19368099999872,39.623134999999998],[-107.19368799999873,39.623179999999998],[-107.19369499999873,39.623224999999998],[-107.19370199999874,39.623270000000012],[-107.19370899999872,39.623314999999991],[-107.19377599999873,39.623355000000004],[-107.19378299999872,39.62339999999999],[-107.19378999999874,39.623444999999997],[-107.19379699999872,39.623490000000004],[-107.19380399999874,39.623535000000004],[-107.19381099999873,39.62357999999999],[-107.19381799999871,39.623625000000004],[-107.19382499999874,39.623670000000004],[-107.19383199999872,39.623714999999997],[-107.19389799999873,39.623754999999989],[-107.19390499999874,39.623800000000003],[-107.19391199999872,39.623845000000003],[-107.19397899999872,39.623884999999994],[-107.19403799999874,39.623879000000002],[-107.19404499999872,39.623923999999995],[-107.19410399999872,39.623919000000008],[-107.19411099999873,39.623964000000001],[-107.19417099999873,39.623958999999999],[-107.19417799999871,39.624004000000014],[-107.19424399999872,39.624043],[-107.19436899999873,39.624077999999997],[-107.19437699999872,39.62412299999999],[-107.19444299999874,39.624161999999998],[-107.19444999999872,39.624207000000013],[-107.19450899999873,39.62420199999999],[-107.19451599999871,39.624247000000004],[-107.19458199999873,39.624287000000002],[-107.19464899999872,39.624326999999994],[-107.19465599999873,39.624372000000001],[-107.19472199999873,39.624411000000002],[-107.19472899999872,39.624456000000009],[-107.19473599999874,39.624501000000002],[-107.19479599999872,39.624496000000008],[-107.19480299999873,39.624540999999994],[-107.19486199999872,39.624535999999992],[-107.19492799999873,39.624575],[-107.19493499999874,39.624619999999993],[-107.19494199999872,39.624664999999993],[-107.19494899999873,39.624710000000007],[-107.19495599999873,39.624755],[-107.19502299999874,39.624794999999992],[-107.19502999999872,39.624840000000006],[-107.19503699999873,39.624885000000006],[-107.19510299999872,39.624924999999998],[-107.19510999999872,39.624970000000012],[-107.19511699999873,39.625014999999991],[-107.19512399999873,39.625060000000005],[-107.19518299999872,39.625055000000003],[-107.19524999999874,39.62509399999999],[-107.19525699999872,39.625138999999997],[-107.19532299999872,39.62517900000001],[-107.19538899999874,39.625219000000008],[-107.19545599999871,39.625257999999995],[-107.19552199999873,39.625298000000001],[-107.19552899999871,39.625343000000001],[-107.19559499999872,39.625383000000006],[-107.19560199999873,39.625427999999999],[-107.19566199999872,39.625422000000007],[-107.19572799999872,39.625461999999992],[-107.19580099999874,39.625546999999997],[-107.19586799999874,39.625586000000006],[-107.19593399999873,39.625626000000004],[-107.19594099999873,39.625671000000004],[-107.19600699999873,39.62571100000001],[-107.19607399999872,39.625751000000015],[-107.19608099999874,39.625795999999994],[-107.19608799999872,39.625840999999994],[-107.19614699999872,39.625835000000009],[-107.19615399999873,39.625880000000002],[-107.19621999999873,39.625919999999986],[-107.19622699999871,39.625965000000008],[-107.19623399999873,39.626009999999994],[-107.19630099999873,39.626049999999999],[-107.19630799999874,39.626094999999999],[-107.19631499999872,39.626139999999999],[-107.19638099999872,39.626179000000015],[-107.19638799999872,39.626224000000001],[-107.19639499999872,39.626268999999994],[-107.19640199999873,39.626314000000008],[-107.19652099999874,39.626304000000005],[-107.19658699999871,39.626343000000006],[-107.19671299999872,39.626378000000003],[-107.1967719999987,39.626373000000001],[-107.19689799999873,39.626407],[-107.19695699999872,39.626402000000006],[-107.19701599999873,39.626396000000007],[-107.1970749999987,39.626390999999998],[-107.19713499999872,39.626385999999997],[-107.19719399999872,39.626379999999997],[-107.19724599999873,39.626329999999996],[-107.1973059999987,39.626325000000001],[-107.19736499999873,39.626319000000002],[-107.19742399999872,39.626314000000008],[-107.19748399999871,39.626309000000006],[-107.19754299999872,39.626303],[-107.19760199999872,39.626297999999998],[-107.1976619999987,39.62629299999999],[-107.19772099999872,39.626287000000012],[-107.19777999999872,39.62628200000001],[-107.19783899999872,39.626277000000009],[-107.19789899999873,39.626271000000003],[-107.19795799999872,39.626266000000001],[-107.19801699999871,39.626261],[-107.19807699999872,39.626255],[-107.19813599999873,39.626250000000006],[-107.19819499999871,39.626244999999997],[-107.19826199999871,39.626284000000005],[-107.19826899999872,39.626328999999998],[-107.19832799999871,39.626324000000004],[-107.19833499999872,39.626369000000004],[-107.19840099999873,39.62640900000001],[-107.19840799999871,39.626454000000017],[-107.19847499999871,39.626493000000004],[-107.19854099999871,39.626533000000009],[-107.19859999999871,39.626527999999993],[-107.19860699999872,39.626573000000008],[-107.19866699999872,39.626567000000016],[-107.1986739999987,39.626612000000016],[-107.19868099999871,39.626657000000002],[-107.19873999999872,39.626652000000007],[-107.1987469999987,39.626697],[-107.19880599999873,39.626691999999998],[-107.19887299999873,39.626732000000004],[-107.19887999999872,39.626777000000004],[-107.19888699999871,39.626821999999997],[-107.19895299999872,39.626860999999998],[-107.19895999999871,39.626905999999998],[-107.19902599999871,39.626945999999997],[-107.19903299999872,39.626990999999997],[-107.1990399999987,39.627036000000004],[-107.19910699999872,39.627076000000002],[-107.1991139999987,39.62712100000001],[-107.19912099999873,39.62716600000001],[-107.19912799999871,39.62721100000001],[-107.19913499999872,39.627255999999996],[-107.19908199999873,39.627306000000004],[-107.19908899999871,39.627351000000012],[-107.19897799999872,39.627406999999991],[-107.19893299999872,39.627502],[-107.19888699999871,39.627597000000009],[-107.19884199999871,39.627693000000008],[-107.19884899999872,39.627738000000008],[-107.19879699999872,39.62778800000001],[-107.19874499999872,39.627839000000002],[-107.1986919999987,39.627889000000003],[-107.19863999999872,39.627938999999998],[-107.19858099999873,39.627945000000011],[-107.1985279999987,39.627994999999999],[-107.19853499999871,39.628040000000006],[-107.19847599999872,39.628045000000007],[-107.19841699999873,39.628051000000006],[-107.19836499999872,39.628100999999987],[-107.19831199999872,39.62815100000001],[-107.19825999999871,39.628202000000009],[-107.19820799999871,39.628252000000003],[-107.19809599999873,39.62830799999999],[-107.19804399999872,39.628358000000006],[-107.19799799999871,39.628453000000015],[-107.19793899999871,39.628458999999999],[-107.19788699999872,39.628509000000001],[-107.19782799999871,39.628513999999996],[-107.19783499999872,39.628559000000003],[-107.19766399999872,39.628620000000005],[-107.19760399999872,39.62862599999999],[-107.1976109999987,39.628671000000004],[-107.19755199999871,39.628676000000006],[-107.1974409999987,39.628731999999992],[-107.19744799999872,39.628776999999992],[-107.19738799999871,39.628782000000001],[-107.19733599999873,39.62883200000001],[-107.19727699999872,39.628838000000009],[-107.1972839999987,39.628883000000002],[-107.19722399999871,39.628888000000011],[-107.19710599999871,39.628899000000004],[-107.19704599999871,39.628903999999999],[-107.19705299999872,39.628949000000013],[-107.19699399999872,39.628954],[-107.19693499999872,39.628959999999999],[-107.1968229999987,39.62901500000001],[-107.19676399999871,39.629020999999995],[-107.19665199999872,39.629075999999998],[-107.19659999999871,39.629127000000011],[-107.19654099999872,39.629131999999998],[-107.19648799999872,39.629181999999993],[-107.19642899999873,39.629187999999999],[-107.19637699999872,39.629238000000008],[-107.19632499999874,39.629287999999995],[-107.19627199999871,39.629339000000009],[-107.19627899999873,39.629383999999995],[-107.19621999999873,39.629388999999996],[-107.19622699999871,39.629434000000003],[-107.19616799999872,39.629439999999995],[-107.19617499999873,39.629485000000003],[-107.19611499999873,39.629490000000004],[-107.19606299999872,39.629540000000006],[-107.19601099999873,39.629590999999998],[-107.19595899999872,39.629641000000014],[-107.19589899999873,39.629646000000008],[-107.19590599999871,39.629691000000008],[-107.19578799999873,39.629702000000002],[-107.19579499999872,39.629747000000009],[-107.19574199999872,39.629797000000011],[-107.19568999999873,39.629848000000003],[-107.19563799999872,39.629898000000004],[-107.19557799999872,39.629902999999992],[-107.19558499999872,39.629948000000006],[-107.19559299999872,39.629992999999999],[-107.19559999999873,39.630037999999999],[-107.19560699999872,39.630082999999992],[-107.19561399999874,39.630127999999999],[-107.19562099999872,39.630172999999985],[-107.19568699999873,39.630212999999991],[-107.19569399999874,39.630257999999998],[-107.19570099999872,39.630302999999998],[-107.19570799999873,39.630347999999998],[-107.19571499999874,39.630393000000005],[-107.19578099999872,39.630433000000004],[-107.19585499999872,39.630518000000002],[-107.19592099999873,39.630557000000003],[-107.19598699999874,39.630596999999995],[-107.19605399999874,39.630637],[-107.19606099999874,39.630681999999993],[-107.19611999999873,39.630676000000001],[-107.19612699999873,39.630721000000008],[-107.19619299999871,39.630761],[-107.19626699999874,39.630845999999991],[-107.19633299999873,39.630884999999999],[-107.19634699999874,39.630974999999999],[-107.19635399999872,39.631019999999999],[-107.19636099999873,39.631065000000007],[-107.19636799999874,39.631110000000014],[-107.19638199999874,39.631200999999997],[-107.19638899999872,39.631245999999997],[-107.19639599999873,39.631291000000004],[-107.19640299999872,39.631335999999997],[-107.19640999999872,39.631380999999998],[-107.19641699999873,39.631426000000005],[-107.19642399999871,39.631470999999998],[-107.19643099999873,39.631515999999998],[-107.19643799999872,39.631560999999998],[-107.19650499999872,39.631599999999999],[-107.19651199999872,39.631644999999992],[-107.19652599999871,39.631734999999992],[-107.19653299999872,39.631779999999999],[-107.19659899999873,39.631819999999998],[-107.1966649999987,39.631860000000003],[-107.19667899999872,39.631950000000018],[-107.19675299999872,39.632035000000002],[-107.19682599999872,39.632118999999996],[-107.19683299999872,39.63216400000001],[-107.19689899999872,39.632204000000009],[-107.1969069999987,39.632249000000002],[-107.19691399999873,39.632293999999995],[-107.19697299999872,39.632289],[-107.19697999999872,39.632334],[-107.19704599999871,39.632372999999994],[-107.19711299999872,39.632413],[-107.19718599999872,39.632497999999991],[-107.19719299999872,39.632543000000013],[-107.1971999999987,39.632587999999991],[-107.19720699999873,39.632633000000006],[-107.1973469999987,39.632756999999998],[-107.19736099999872,39.632846999999998],[-107.19736799999872,39.632891999999998],[-107.19742699999871,39.632886999999997],[-107.19743399999872,39.63293199999999],[-107.19749999999873,39.632972000000017],[-107.19750699999871,39.633017000000009],[-107.19756699999873,39.63301100000001],[-107.19757399999872,39.633056000000003],[-107.19763999999871,39.633096000000002],[-107.19771299999871,39.633180999999993],[-107.19778699999871,39.633265000000009],[-107.19785999999873,39.63335],[-107.19786699999871,39.633395000000007],[-107.19793299999871,39.633435000000013],[-107.1979999999987,39.633474000000007],[-107.1980659999987,39.633513999999991],[-107.19807299999871,39.633559000000005],[-107.19813199999872,39.633554000000011],[-107.19820599999872,39.633639000000016],[-107.19826499999873,39.633633000000003],[-107.19827199999872,39.633677999999996],[-107.19833099999872,39.633673000000002],[-107.19839799999872,39.633713000000007],[-107.19840499999871,39.633758000000007],[-107.1984709999987,39.633796999999994],[-107.19853699999871,39.633837000000007],[-107.19854399999872,39.633882000000007],[-107.19866999999871,39.633916000000006],[-107.19867699999872,39.633960999999985],[-107.1987429999987,39.634000999999998],[-107.19882399999872,39.634130999999996],[-107.19896399999872,39.634255000000003],[-107.19909599999872,39.634334999999993],[-107.19910999999871,39.634425000000007],[-107.19918399999872,39.634509000000008],[-107.19925699999871,39.634594],[-107.19932299999871,39.634634000000005],[-107.1993899999987,39.634672999999992],[-107.1994559999987,39.634712999999998],[-107.1995889999987,39.634791999999997],[-107.19965499999873,39.63483200000001],[-107.1997279999987,39.634917000000002],[-107.1997949999987,39.634956999999993],[-107.19986099999869,39.634996000000001],[-107.1998679999987,39.635041000000008],[-107.19993399999871,39.635081],[-107.19994099999869,39.635125999999993],[-107.20000099999871,39.635120999999991],[-107.2000079999987,39.635165999999998],[-107.2000149999987,39.635210999999998],[-107.20007399999869,39.635205000000006],[-107.20013999999871,39.635244999999983],[-107.20014699999871,39.635290000000005],[-107.20015399999869,39.635334999999998],[-107.2002279999987,39.635420000000003],[-107.20023499999871,39.635465000000011],[-107.2002419999987,39.635510000000004],[-107.20030099999869,39.635504000000005],[-107.20030799999871,39.635549000000005],[-107.2003679999987,39.635544000000003],[-107.20043399999869,39.635584000000001],[-107.2004999999987,39.63562300000001],[-107.20057399999871,39.635708000000001],[-107.20063999999871,39.635748],[-107.2007059999987,39.635787999999998],[-107.2007729999987,39.635826999999999],[-107.20083899999871,39.635867000000005],[-107.2009049999987,39.63590700000001],[-107.20091199999871,39.635952000000003],[-107.20091899999871,39.635997000000003],[-107.2009259999987,39.63604200000001],[-107.2009399999987,39.636132000000011],[-107.20100699999871,39.636170999999997],[-107.20101399999871,39.63621599999999],[-107.20108699999871,39.636301000000003],[-107.2010939999987,39.636346000000003],[-107.2011559999987,39.636468999999998],[-107.20117099999871,39.636446999999983],[-107.2014219999987,39.63657700000001],[-107.20157499999871,39.636559000000005],[-107.20186399999871,39.636597999999999],[-107.20203599999871,39.637188999999999],[-107.20207199999869,39.637308000000012],[-107.2020859999987,39.637307],[-107.2022049999987,39.637296000000006],[-107.20226399999871,39.637290999999998],[-107.2023899999987,39.637324999999997],[-107.2024559999987,39.637365000000003],[-107.2025819999987,39.637398999999995],[-107.2026479999987,39.637438999999993],[-107.20277399999871,39.637473],[-107.20278099999871,39.637518],[-107.20278799999871,39.637563000000007],[-107.20279499999869,39.637608],[-107.20286099999869,39.637647999999999],[-107.2029269999987,39.637687999999997],[-107.20300099999869,39.637771999999998],[-107.20300799999869,39.637816999999991],[-107.20301499999869,39.637861999999998],[-107.2030499999987,39.638088000000003],[-107.20305699999869,39.638133000000003],[-107.2030639999987,39.638178000000011],[-107.20301199999869,39.638228000000005],[-107.2029589999987,39.638278000000007],[-107.2029659999987,39.638323000000007],[-107.2029799999987,39.638413000000007],[-107.20298699999867,39.638457999999993],[-107.20299499999871,39.638503000000007],[-107.20300899999869,39.638593],[-107.20301599999868,39.638638],[-107.20302299999869,39.638682999999993],[-107.2030889999987,39.638723000000006],[-107.20309599999869,39.638768000000006],[-107.2031619999987,39.63880799999999],[-107.20331799999869,39.638901000000004],[-107.20342799999869,39.638967000000001],[-107.2035669999987,39.639091000000001],[-107.20364799999869,39.639220999999999],[-107.20371399999868,39.639260000000014],[-107.20377999999869,39.639299999999999],[-107.2039059999987,39.639333999999998],[-107.20391299999869,39.639379000000005],[-107.20397199999869,39.639374000000004],[-107.20403899999869,39.639413999999995],[-107.20410499999868,39.639453000000003],[-107.20411199999869,39.63949800000001],[-107.2041639999987,39.639493999999992],[-107.20423099999869,39.639488],[-107.20453399999869,39.639505999999997],[-107.20490399999869,39.639564000000007],[-107.20502299999869,39.639553999999997],[-107.20509599999869,39.639638000000005],[-107.20515599999869,39.639633000000011],[-107.20521499999869,39.639628000000002],[-107.20527399999868,39.639622000000017],[-107.20533399999869,39.639617000000001],[-107.2053409999987,39.639662000000001],[-107.20539999999869,39.639657],[-107.2054589999987,39.639651000000001],[-107.20570399999869,39.639674999999997],[-107.20582899999869,39.639708999999996],[-107.20594799999868,39.639699],[-107.20600699999869,39.639693000000008],[-107.2060669999987,39.639688000000007],[-107.20612599999868,39.639682999999998],[-107.20618499999868,39.639676999999999],[-107.20624399999868,39.639671999999997],[-107.20630399999868,39.63966700000001],[-107.20636299999867,39.639660999999997],[-107.20642199999868,39.639655999999995],[-107.20642899999868,39.639701000000002],[-107.20643599999867,39.639746000000002],[-107.20644299999867,39.639790999999988],[-107.20650999999867,39.639831000000008],[-107.20652399999868,39.639921000000008],[-107.20658999999868,39.639960000000002],[-107.20672299999868,39.640040000000006],[-107.20685599999868,39.640119000000006],[-107.20691499999867,39.640114000000004],[-107.20692199999868,39.640159000000004],[-107.20698799999867,39.640198000000005],[-107.20699499999868,39.640242999999998],[-107.20706199999867,39.640283000000004],[-107.20706899999868,39.64032799999999],[-107.20712799999868,39.640323000000016],[-107.20719399999868,39.640363000000001],[-107.20725399999868,39.640357000000016],[-107.20726099999868,39.640402000000016],[-107.20726799999868,39.640447000000016],[-107.20733399999868,39.640487],[-107.20745999999868,39.640521],[-107.20746699999867,39.640566],[-107.20747399999868,39.640611000000014],[-107.20753299999868,39.640606000000005],[-107.20759899999868,39.640645999999997],[-107.20766599999868,39.640684999999998],[-107.20767299999868,39.640730000000005],[-107.20767999999867,39.640775000000019],[-107.20768699999869,39.640820000000005],[-107.20762799999868,39.640825999999997],[-107.20758199999868,39.640920999999999],[-107.20752999999868,39.640971000000008],[-107.20747799999867,39.641021999999992],[-107.20743199999868,39.641117000000001],[-107.20737999999868,39.641168000000008],[-107.20737999999868,39.641168000000008],[-107.20732799999868,39.641218000000016],[-107.20717799999868,39.64141399999999],[-107.20718499999867,39.641458999999998],[-107.20713299999868,39.641508999999999],[-107.20713999999867,39.641554000000006],[-107.20698299999867,39.641705000000009],[-107.20693099999868,39.641756000000008],[-107.20683999999868,39.641945999999997],[-107.20684699999867,39.641991000000012],[-107.20685399999869,39.642036000000012],[-107.20686099999868,39.642080999999997],[-107.20686799999868,39.642127000000009],[-107.20688199999867,39.642217000000002],[-107.20688899999868,39.642262000000002],[-107.20694899999867,39.642255999999996],[-107.20708099999868,39.642335999999993],[-107.20714799999868,39.642375000000015],[-107.20721399999867,39.642415],[-107.20722099999868,39.642460000000014],[-107.20733999999868,39.642449000000006],[-107.20741299999868,39.642533999999984],[-107.20747199999867,39.642528999999996],[-107.20747899999868,39.642573999999996],[-107.20753499999867,39.642607000000005],[-107.20767799999868,39.642693000000008],[-107.20774499999868,39.642732000000017],[-107.20780399999867,39.642726999999987],[-107.20786999999868,39.642766999999999],[-107.20794399999868,39.642851],[-107.20806199999868,39.642840999999997],[-107.20818799999869,39.642874999999997],[-107.20819499999868,39.642920000000004],[-107.20826199999868,39.642960000000002],[-107.20832799999867,39.643000000000008],[-107.20833499999868,39.643045000000008],[-107.20834199999868,39.643090000000001],[-107.20834899999868,39.643135000000015],[-107.20835599999867,39.643180000000008],[-107.20824399999867,39.643234999999997],[-107.20825099999868,39.643279999999997],[-107.20819899999867,39.643330999999989],[-107.20814699999868,39.643381000000005],[-107.20809499999868,39.643431],[-107.20803499999867,39.643437000000006],[-107.20804899999868,39.643527000000013],[-107.20798999999867,39.643532000000008],[-107.20799699999868,39.643577000000001],[-107.20800399999868,39.643622000000008],[-107.20801099999868,39.64367],[-107.20801799999867,39.643712000000008],[-107.20802499999868,39.643757000000001],[-107.20803199999868,39.643802000000008],[-107.20811299999868,39.643932],[-107.20811999999867,39.643977],[-107.20817899999868,39.643971999999998],[-107.20818599999868,39.644017000000005],[-107.20819299999866,39.644062000000005],[-107.20819999999868,39.644106999999998],[-107.20820699999868,39.644151999999998],[-107.20821399999868,39.644196999999998],[-107.20827299999867,39.644190999999999],[-107.20827999999868,39.644236000000014],[-107.20834699999868,39.644275999999991],[-107.20841299999867,39.644316000000003],[-107.20842699999868,39.644405999999996],[-107.20849299999868,39.64444499999999],[-107.20849999999868,39.644490000000005],[-107.20855999999868,39.644485000000003],[-107.20856699999868,39.64453000000001],[-107.20863299999868,39.644569999999995],[-107.20869999999867,39.64460900000001],[-107.20876599999868,39.644648999999994],[-107.20883199999868,39.644688999999993],[-107.20889899999868,39.644728000000001],[-107.20890699999867,39.644734],[-107.20896499999867,39.644767999999999],[-107.20897199999868,39.644813000000013],[-107.20897899999868,39.644857999999999],[-107.20904499999867,39.644898000000005],[-107.20905199999868,39.644942999999998],[-107.20911199999867,39.644937999999996],[-107.20917799999866,39.644976999999997],[-107.20921499999866,39.644998999999999],[-107.20924399999866,39.645017000000017],[-107.20925099999866,39.645061999999996],[-107.20931099999866,39.645057000000001],[-107.20936999999867,39.645051000000009],[-107.20944899999867,39.645044000000006],[-107.20954799999866,39.645034999999993],[-107.20989699999866,39.644958000000017],[-107.21006799999867,39.644897],[-107.21018599999866,39.644886999999997],[-107.21023199999867,39.644791000000005],[-107.21029099999866,39.644786000000011],[-107.21034299999866,39.644734999999983],[-107.21035199999866,39.644734999999997],[-107.21040299999866,39.644730000000003],[-107.21039899999866,39.644708000000001],[-107.21039599999867,39.64468500000001],[-107.21043799999866,39.644681000000006],[-107.21045499999866,39.644680000000001],[-107.21047299999866,39.644663000000016],[-107.21055999999867,39.644579],[-107.21061199999866,39.644528999999999],[-107.21060499999867,39.644483999999999],[-107.21064999999867,39.644387999999992],[-107.21070199999866,39.644337999999998],[-107.21079299999866,39.64414699999999],[-107.21088999999867,39.644002],[-107.21094299999866,39.643951000000008],[-107.21098799999866,39.643855999999992],[-107.21103999999866,39.643805],[-107.21109299999867,39.643754999999992],[-107.21108599999866,39.643710000000006],[-107.21114299999867,39.643705000000011],[-107.21114499999867,39.643705000000011],[-107.21124199999866,39.643558999999989],[-107.21124899999866,39.643552],[-107.21129499999867,39.643509000000009],[-107.21128799999866,39.643464000000002],[-107.21133999999867,39.643412999999995],[-107.21139199999867,39.643363000000001],[-107.21144499999866,39.643312999999999],[-107.21148999999866,39.643216999999993],[-107.21157999999866,39.643026999999996],[-107.21163999999867,39.643020999999997],[-107.21163299999867,39.642975999999983],[-107.21169199999866,39.642970999999996],[-107.21170699999867,39.642956000000005],[-107.21174399999866,39.642921000000001],[-107.21173999999867,39.64289500000001],[-107.21173699999866,39.642874999999989],[-107.21178899999866,39.642825000000009],[-107.21178199999866,39.642780000000002],[-107.21177499999865,39.642734999999988],[-107.21183499999866,39.642730000000014],[-107.21182799999866,39.642684999999986],[-107.21182099999866,39.64264],[-107.21181399999867,39.642595],[-107.21180699999866,39.64255],[-107.21179299999866,39.64246],[-107.21178499999867,39.642415000000007],[-107.21176399999867,39.64228],[-107.21175699999867,39.642235000000007],[-107.21174999999866,39.642189999999992],[-107.21174299999866,39.642144999999992],[-107.21172899999867,39.642055000000013],[-107.21172199999864,39.642009999999999],[-107.21171499999866,39.641964000000002],[-107.21170799999867,39.641919000000009],[-107.21170099999867,39.641874000000008],[-107.21167999999867,39.641739000000008],[-107.21166599999866,39.641649000000001],[-107.21165899999866,39.641604000000001],[-107.21164499999867,39.641514000000008],[-107.21163799999866,39.641469000000001],[-107.21163099999866,39.641424000000008],[-107.21161699999867,39.641334000000015],[-107.21167599999866,39.641328999999999],[-107.21166899999866,39.641283999999999],[-107.21166199999867,39.641238999999999],[-107.21172099999866,39.641234000000004],[-107.21171399999866,39.641188999999997],[-107.21171799999867,39.641185],[-107.21176699999866,39.641137999999984],[-107.21175999999866,39.641093000000005],[-107.21187099999867,39.641036999999997],[-107.21185699999864,39.640946999999997],[-107.21191599999867,39.64094200000001],[-107.21190899999866,39.640897000000002],[-107.21196899999865,39.640892000000008],[-107.21196199999866,39.640847000000001],[-107.21201399999865,39.640795999999995],[-107.21206599999864,39.640745999999993],[-107.21211099999864,39.640651000000005],[-107.21216399999865,39.640600000000006],[-107.21221599999865,39.640549999999998],[-107.21220899999865,39.640505000000005],[-107.21225399999865,39.640410000000003],[-107.21224699999865,39.640365000000003],[-107.21223999999864,39.640320000000003],[-107.21222599999865,39.64023000000001],[-107.21221899999865,39.640185000000002],[-107.21221199999864,39.640140000000009],[-107.21220499999865,39.640093999999998],[-107.21219799999865,39.640048999999998],[-107.21213999999866,39.639982000000003],[-107.21212499999865,39.639964999999997],[-107.21211799999865,39.639919999999996],[-107.21210399999865,39.639830000000011],[-107.21209699999865,39.639785000000003],[-107.21207499999865,39.639650000000003],[-107.21206799999865,39.63960500000001],[-107.21206099999866,39.63956000000001],[-107.21205399999866,39.639514999999996],[-107.21211399999865,39.639508999999997],[-107.21210699999865,39.639463999999997],[-107.21215199999865,39.639369000000016],[-107.21221099999865,39.639364000000015],[-107.21220399999865,39.639319000000008],[-107.21225599999865,39.639267999999987],[-107.21224899999865,39.639223000000001],[-107.21224199999865,39.639178000000015],[-107.21223499999866,39.639133000000001],[-107.21222799999865,39.639087999999994],[-107.21222099999865,39.639043000000008],[-107.21221399999865,39.638998000000001],[-107.21219999999865,39.638908000000008],[-107.21219299999865,39.638863000000001],[-107.21218599999865,39.638818000000008],[-107.21217899999866,39.638773],[-107.21217199999865,39.638728],[-107.21210599999866,39.638688000000002],[-107.21197299999865,39.638609000000002],[-107.21191399999864,39.638614000000004],[-107.21159599999866,39.638506],[-107.21154599999866,39.638476000000004],[-107.21152999999866,39.638466000000001],[-107.21152299999866,39.638421000000001],[-107.21146299999866,39.638427],[-107.21139699999867,39.638387000000002],[-107.21137599999867,39.638252000000001],[-107.21131699999866,39.63825700000001],[-107.21130999999866,39.638212000000003],[-107.21124999999867,39.638217000000012],[-107.21116999999866,39.638088000000003],[-107.21111099999867,39.638092999999998],[-107.21105099999866,39.638098000000014],[-107.21098499999866,39.638059000000005],[-107.21086599999866,39.638068999999994],[-107.21074799999866,39.638080000000009],[-107.21068799999867,39.638085000000004],[-107.21068599999866,39.638085999999994],[-107.21056999999867,39.638095999999997],[-107.21050999999866,39.638100999999999],[-107.21039199999866,39.638111999999992],[-107.21032499999866,39.638071999999987],[-107.21025899999866,39.638033],[-107.21019999999866,39.638038000000009],[-107.21013299999866,39.637998000000003],[-107.21007399999867,39.638003999999995],[-107.20995499999866,39.638014000000005],[-107.20989599999866,39.638020000000004],[-107.20982999999866,39.637979999999999],[-107.20971099999866,39.637990999999992],[-107.20952599999866,39.637962000000009],[-107.20946699999867,39.637967000000017],[-107.20940799999866,39.637972000000012],[-107.20934799999867,39.63797799999999],[-107.20922999999867,39.637988],[-107.20893299999868,39.63801500000001],[-107.20875499999867,39.638030999999998],[-107.20857999999866,39.638047],[-107.20857699999868,39.638047],[-107.20851799999868,39.638052000000002],[-107.20840599999866,39.638108000000017],[-107.20841299999867,39.638153000000003],[-107.20830199999868,39.63820900000001],[-107.20818999999868,39.638264000000007],[-107.20813799999868,39.638315000000006],[-107.20802599999868,39.638371000000006],[-107.20798099999868,39.638466000000008],[-107.20787599999868,39.638567000000002],[-107.20781699999868,39.638572000000011],[-107.20775799999868,39.638576999999991],[-107.20769799999867,39.63858299999999],[-107.20768399999868,39.638492999999997],[-107.20767699999868,39.63844799999999],[-107.20766999999867,39.638403000000004],[-107.20766299999867,39.63835799999999],[-107.20765599999868,39.638311999999999],[-107.20764899999868,39.638267000000006],[-107.20764199999869,39.638221999999999],[-107.20763499999867,39.638177000000006],[-107.20762099999868,39.638086999999999],[-107.20761399999869,39.638041999999999],[-107.20767299999868,39.63803699999999],[-107.20765899999869,39.637947000000004],[-107.20765199999867,39.637901999999997],[-107.20770499999868,39.637852000000002],[-107.20769099999868,39.637762000000002],[-107.20774999999868,39.637755999999996],[-107.20773599999868,39.637665999999996],[-107.20779499999868,39.637661000000001],[-107.20798299999868,39.637324000000007],[-107.20798199999868,39.63732000000001],[-107.20797599999868,39.637278999999999],[-107.20802099999868,39.637183999999998],[-107.20807399999867,39.637134000000003],[-107.20811199999868,39.636993000000004],[-107.20810499999868,39.636947999999997],[-107.20821599999867,39.636892999999993],[-107.20820899999867,39.636848000000001],[-107.20819499999868,39.636758],[-107.20825499999867,39.636752000000008],[-107.20824799999868,39.636707000000008],[-107.20824099999868,39.636661999999994],[-107.20828599999868,39.636566999999992],[-107.20831099999867,39.636474999999997],[-107.20832399999868,39.636426000000007],[-107.20831699999867,39.636380999999993],[-107.20830999999868,39.636335999999993],[-107.20830299999868,39.636290999999993],[-107.20829599999868,39.636245999999993],[-107.20828899999867,39.636201],[-107.20828199999868,39.636156],[-107.20827499999866,39.636111000000007],[-107.20826799999868,39.636065999999992],[-107.20826099999867,39.636021],[-107.20825399999867,39.635975999999999],[-107.20824699999868,39.635931000000014],[-107.20823999999868,39.635885999999999],[-107.20823299999869,39.635840999999992],[-107.20828499999868,39.635790999999998],[-107.20827099999867,39.635700999999997],[-107.20826399999868,39.63565599999999],[-107.20825699999868,39.63561099999999],[-107.20824999999869,39.63556599999999],[-107.20824299999867,39.635521000000004],[-107.20823599999868,39.635476000000004],[-107.20822899999868,39.635430999999997],[-107.20822199999868,39.635385999999997],[-107.20821499999867,39.635341000000004],[-107.20820799999868,39.635296000000004],[-107.20820099999868,39.63525099999999],[-107.20819399999868,39.635205999999997],[-107.20818699999867,39.635161000000004],[-107.20818399999868,39.635142000000009],[-107.20817999999868,39.635116000000004],[-107.20817299999868,39.635070999999996],[-107.20816599999868,39.635026000000003],[-107.20815899999867,39.634981000000003],[-107.20826299999868,39.634880000000003],[-107.20824899999867,39.634789999999995],[-107.20830799999868,39.634785000000001],[-107.20830099999868,39.634740000000008],[-107.20836099999867,39.634734000000016],[-107.20836599999868,39.634723000000001],[-107.20840599999866,39.634639],[-107.20845099999866,39.634543000000008],[-107.20856299999868,39.634488000000005],[-107.20861499999867,39.634437000000005],[-107.20860799999868,39.634391999999998],[-107.20866699999868,39.63438699999999],[-107.20872699999867,39.634382000000009],[-107.20878599999868,39.63437600000001],[-107.20884499999866,39.634371000000009],[-107.20890499999867,39.634365999999986],[-107.20896399999866,39.634360000000001],[-107.20902299999867,39.634354999999999],[-107.20914899999866,39.634389000000006],[-107.20933399999866,39.634417999999997],[-107.20945199999866,39.634408000000015],[-107.20951199999867,39.634402000000001],[-107.20957099999866,39.634397000000007],[-107.20962999999867,39.634391999999998],[-107.20968999999866,39.634385999999992],[-107.20998599999866,39.634360000000001],[-107.21010499999866,39.634349],[-107.21016399999867,39.634344000000006],[-107.21022399999866,39.634337999999993],[-107.21043599999867,39.634351000000009],[-107.21052699999866,39.634357000000008],[-107.21084499999867,39.634465000000006],[-107.21097699999866,39.63454500000001],[-107.21104399999867,39.634583999999997],[-107.21116899999866,39.634619000000001],[-107.21117599999866,39.634664000000001],[-107.21124299999866,39.634703000000009],[-107.21124999999867,39.634747999999995],[-107.21125699999867,39.634792999999995],[-107.21127099999866,39.634883000000002],[-107.21127799999866,39.634927999999995],[-107.21127799999866,39.634927999999995],[-107.21129199999866,39.635018000000017],[-107.21135099999866,39.635012999999994],[-107.21135799999867,39.635058000000015],[-107.21141799999866,39.635053000000006],[-107.21154299999867,39.635087000000006],[-107.21166899999866,39.635120999999991],[-107.21172799999866,39.635116000000004],[-107.21184699999867,39.635105000000017],[-107.21209099999867,39.635128999999999],[-107.21226899999866,39.635113000000011],[-107.21257299999866,39.635131000000001],[-107.21275099999865,39.635114999999992],[-107.21292899999865,39.635099000000004],[-107.21310699999864,39.635083000000009],[-107.21319199999866,39.635075999999998],[-107.21328399999865,39.635066999999999],[-107.21329799999864,39.635065999999995],[-107.21352199999866,39.635046000000003],[-107.21358099999865,39.635041000000008],[-107.21357399999864,39.634996000000008],[-107.21363299999865,39.634990000000009],[-107.21368599999865,39.63494],[-107.21373799999866,39.634890000000013],[-107.21375299999865,39.634875000000001],[-107.21378999999865,39.634839000000007],[-107.21384199999865,39.634788999999998],[-107.21389499999864,39.634739000000003],[-107.21388799999865,39.63469400000001],[-107.21393999999864,39.634643000000004],[-107.21392599999865,39.634552999999997],[-107.21397799999865,39.634503000000009],[-107.21397099999865,39.634458000000009],[-107.21396399999865,39.634413000000009],[-107.21395699999864,39.634368000000009],[-107.21394999999865,39.634323000000002],[-107.21393599999865,39.634232999999995],[-107.21386999999866,39.63419300000001],[-107.21380999999865,39.634198000000005],[-107.21367799999865,39.634119000000005],[-107.21355199999866,39.634085000000006],[-107.21348599999865,39.634045000000008],[-107.21335999999864,39.634010999999994],[-107.21310899999865,39.633942000000005],[-107.21292399999865,39.633913000000014],[-107.21279799999866,39.633879],[-107.21279099999865,39.633834],[-107.21278399999865,39.633788999999993],[-107.21276299999865,39.633654000000007],[-107.21275599999865,39.633608000000002],[-107.21279399999865,39.633468000000001],[-107.21277299999865,39.633332999999993],[-107.21276599999865,39.633288],[-107.21275899999866,39.633242999999993],[-107.21275199999864,39.633197999999993],[-107.21280399999866,39.633147999999998],[-107.21285599999865,39.633096999999999],[-107.21284899999866,39.633052000000006],[-107.21290199999865,39.633002000000005],[-107.21294699999865,39.632907000000003],[-107.21293999999865,39.632862000000003],[-107.21293299999866,39.632817000000003],[-107.21291199999867,39.632680999999991],[-107.21288399999865,39.632500999999998],[-107.21286999999865,39.632411000000005],[-107.21285599999865,39.632320999999997],[-107.21284199999864,39.632230999999997],[-107.21277799999865,39.631825999999997],[-107.21277099999865,39.631781000000004],[-107.21276399999866,39.631735999999997],[-107.21275699999865,39.631690999999989],[-107.21278799999865,39.631506000000002],[-107.21282699999865,39.63136500000001],[-107.21288599999865,39.631360000000008],[-107.21294499999865,39.631354999999992],[-107.21300499999865,39.631349000000007],[-107.21312299999865,39.631339000000011],[-107.21341999999865,39.631312000000001],[-107.21360499999865,39.631341000000006],[-107.21384899999865,39.63136500000001],[-107.21391499999865,39.631403999999996],[-107.21398199999865,39.631443999999995],[-107.21404799999866,39.631484],[-107.21412799999867,39.631613000000002],[-107.21413499999865,39.631658000000009],[-107.21414199999865,39.631703000000009],[-107.21420199999865,39.631697999999993],[-107.21428199999865,39.631828000000006],[-107.21434799999865,39.631867],[-107.21435499999865,39.631912999999997],[-107.21456199999865,39.632076999999988],[-107.21456899999865,39.632121999999995],[-107.21463499999865,39.632161000000011],[-107.21470099999864,39.632201000000009],[-107.21489999999864,39.632320000000014],[-107.21495999999864,39.632314999999998],[-107.21502599999863,39.632353999999992],[-107.21503299999866,39.632398999999999],[-107.21509899999863,39.632439000000005],[-107.21515899999864,39.632434000000018],[-107.21516599999863,39.632479000000004],[-107.21527399999863,39.63249600000001],[-107.21553599999864,39.632537000000006],[-107.21572799999863,39.632611000000004],[-107.21590499999866,39.632595000000002],[-107.21603099999864,39.632629000000009],[-107.21609699999864,39.632669000000014],[-107.21624399999864,39.632838],[-107.21631799999864,39.632923000000005],[-107.21633199999863,39.633012999999998],[-107.21634799999863,39.633023000000001],[-107.21639799999863,39.633052999999997],[-107.21640499999863,39.633097999999997],[-107.21647099999863,39.633137000000005],[-107.21647799999865,39.633182000000005],[-107.21663899999864,39.633442000000002],[-107.21671299999863,39.63352600000001],[-107.21677899999865,39.633566000000009],[-107.21685199999864,39.633651],[-107.21698499999863,39.63373],[-107.21698999999865,39.633730999999997],[-107.21711099999864,39.633763999999999],[-107.21726399999864,39.633978999999997],[-107.21732399999864,39.633972999999997],[-107.21733099999864,39.634017999999998],[-107.21738999999863,39.634012999999996],[-107.21750899999864,39.634002000000002],[-107.21761999999863,39.633947000000006],[-107.21761299999862,39.633901999999992],[-107.21772499999864,39.633845999999991],[-107.21778399999864,39.633840999999997],[-107.21777699999862,39.633796000000004],[-107.21782899999863,39.633744999999998],[-107.21788199999862,39.633695000000003],[-107.21788799999862,39.63368899999999],[-107.21793399999862,39.633645000000008],[-107.21797899999862,39.633549000000002],[-107.21803899999863,39.633544000000015],[-107.21803099999862,39.633499000000008],[-107.21814299999862,39.633443000000007],[-107.21813599999864,39.633398000000007],[-107.21812899999863,39.633353000000007],[-107.21812199999863,39.633308000000007],[-107.21811499999862,39.633262999999992],[-107.21817399999863,39.633258000000005],[-107.21827899999862,39.633157000000004],[-107.21833099999864,39.633106999999995],[-107.21832399999862,39.633062000000017],[-107.21838299999862,39.633056000000003],[-107.21837599999864,39.63301100000001],[-107.21843599999862,39.633006000000009],[-107.21842199999863,39.632916000000009],[-107.21847399999864,39.632865999999993],[-107.21853299999862,39.632860000000008],[-107.21852599999862,39.632815000000008],[-107.21857799999862,39.632764999999992],[-107.21863099999862,39.632715000000005],[-107.21862399999863,39.632670000000005],[-107.21861699999863,39.632624999999997],[-107.21872799999863,39.632568999999997],[-107.21872099999862,39.632523999999997],[-107.21877299999863,39.632474000000002],[-107.21876599999862,39.632428000000004],[-107.21875899999864,39.632382999999997],[-107.21875199999862,39.63233799999999],[-107.21874499999862,39.632292999999997],[-107.21873799999864,39.63224799999999],[-107.21867899999863,39.63225400000001],[-107.21867199999862,39.632209000000003],[-107.21860599999862,39.63216899999999],[-107.21847299999862,39.632089999999998],[-107.21840699999862,39.63205],[-107.21833999999862,39.632009999999994],[-107.21826699999863,39.631926],[-107.21825299999864,39.631836],[-107.21812699999862,39.631801000000003],[-107.21798699999863,39.63167700000001],[-107.21785499999862,39.631598000000004],[-107.21784799999863,39.631553000000011],[-107.21764199999862,39.631388999999992],[-107.21756799999862,39.631304],[-107.21750199999863,39.631264000000009],[-107.21743599999864,39.63122400000001],[-107.21742899999863,39.631178999999996],[-107.21736199999863,39.631139999999995],[-107.21729599999864,39.631100000000011],[-107.21728199999863,39.631010000000003],[-107.21721499999865,39.630969999999998],[-107.21714899999864,39.630930999999997],[-107.21695699999864,39.630856999999999],[-107.21689099999864,39.630817],[-107.21688399999863,39.630772],[-107.21682399999865,39.630776999999995],[-107.21675799999863,39.630737999999994],[-107.21669199999863,39.63069800000001],[-107.21662499999863,39.630658000000004],[-107.21661799999863,39.630613000000004],[-107.21655199999863,39.630574000000003],[-107.21648599999864,39.630534000000004],[-107.21641899999864,39.630494000000006],[-107.21634599999864,39.630410000000005],[-107.21627999999863,39.630369999999999],[-107.21621299999863,39.630330000000008],[-107.21613999999863,39.630246000000007],[-107.21607399999864,39.630206000000008],[-107.21600699999864,39.630166000000003],[-107.21585999999866,39.629996999999996],[-107.21578699999864,39.629912000000004],[-107.21571399999864,39.629826999999999],[-107.21570699999863,39.629782000000006],[-107.21563299999863,39.629698000000005],[-107.21562599999864,39.629653000000005],[-107.21555999999863,39.629613000000006],[-107.21555299999864,39.629567999999992],[-107.21548699999863,39.629528000000001],[-107.21541299999863,39.629444000000007],[-107.21528799999864,39.62940900000001],[-107.21521399999864,39.629325000000009],[-107.21514799999863,39.629285000000003],[-107.21501499999863,39.629206000000011],[-107.21495599999864,39.629210999999998],[-107.21488299999864,39.629126000000007],[-107.21475699999864,39.629092000000007],[-107.21468399999864,39.629007000000001],[-107.21467599999863,39.628961999999994],[-107.21452999999865,39.628793000000002],[-107.21445599999865,39.628708000000003],[-107.21444899999865,39.628663000000003],[-107.21438999999866,39.628668000000005],[-107.21430299999864,39.628494000000003],[-107.21416299999865,39.628368999999999],[-107.21408199999865,39.628239999999998],[-107.21400899999865,39.628155],[-107.21393599999865,39.628070000000001],[-107.21384099999865,39.627849999999995],[-107.21370199999865,39.627726000000003],[-107.21362099999865,39.627595999999997],[-107.21361399999866,39.62755099999999],[-107.21348099999865,39.62747199999999],[-107.21347399999866,39.627427000000004],[-107.21319499999865,39.627178000000008],[-107.21318799999865,39.627133000000008],[-107.21312199999865,39.627094],[-107.21311499999865,39.627048000000002],[-107.21304799999865,39.627009000000008],[-107.21284899999866,39.626889999999996],[-107.21272399999864,39.626854999999992],[-107.21257699999865,39.626686000000007],[-107.21251099999866,39.626646000000001],[-107.21243699999864,39.626562000000007],[-107.21229799999865,39.626437000000003],[-107.21223099999865,39.626398000000016],[-107.21209899999864,39.626317999999998],[-107.21181899999866,39.626069000000008],[-107.21174599999866,39.625985],[-107.21173899999864,39.62594],[-107.21167899999865,39.625945000000009],[-107.21166499999865,39.625855000000001],[-107.21160599999867,39.625860000000003],[-107.21159899999867,39.625814999999996],[-107.21152599999867,39.625731000000002],[-107.21145199999866,39.62564600000001],[-107.21139299999867,39.625650999999991],[-107.21131999999866,39.625567000000004],[-107.21124599999867,39.625482000000005],[-107.21117999999866,39.625441999999985],[-107.21104699999866,39.625363000000014],[-107.21090099999867,39.625194],[-107.21089399999866,39.625149000000008],[-107.21082699999866,39.625109000000002],[-107.21076099999867,39.625069000000003],[-107.21063499999866,39.625035000000004],[-107.21062799999866,39.624990000000004],[-107.21056899999867,39.624994999999991],[-107.21056199999866,39.624950000000005],[-107.21055499999866,39.624904999999998],[-107.21048899999866,39.624864999999993],[-107.21048199999866,39.624820000000007],[-107.21042199999866,39.624825999999999],[-107.21035599999867,39.624786],[-107.21034899999866,39.624741000000007],[-107.21028299999867,39.624700999999995],[-107.21020899999867,39.624617000000015],[-107.21014999999866,39.624622000000016],[-107.21014299999867,39.624577000000002],[-107.21008399999866,39.624582000000004],[-107.21007599999866,39.624536999999997],[-107.21000999999866,39.624498000000003],[-107.20994399999866,39.62445799999999],[-107.20988499999866,39.624463000000006],[-107.20987699999867,39.624417999999999],[-107.20981799999866,39.624423999999998],[-107.20980399999867,39.624333999999998],[-107.20973799999867,39.624293999999999],[-107.20967099999866,39.624254000000008],[-107.20960499999866,39.624215],[-107.20959099999867,39.624124000000002],[-107.20953199999866,39.624130000000008],[-107.20946499999866,39.62409000000001],[-107.20939899999867,39.624050000000004],[-107.20933299999867,39.62401100000001],[-107.20926599999866,39.623970999999997],[-107.20925899999867,39.623926000000004],[-107.20912699999866,39.623847000000005],[-107.20905299999866,39.623762000000006],[-107.20897299999866,39.623632000000001],[-107.20890699999866,39.623593000000007],[-107.20882599999867,39.623463000000008],[-107.20875999999866,39.623423000000003],[-107.20874599999867,39.623332999999995],[-107.20873199999866,39.623243000000002],[-107.20865899999868,39.623158000000004],[-107.20863699999866,39.623022999999996],[-107.20857099999867,39.622983999999995],[-107.20851199999866,39.622989000000004],[-107.20850499999868,39.622944000000004],[-107.20843099999868,39.622859000000005],[-107.20841699999868,39.622769000000005],[-107.20840299999867,39.622678999999984],[-107.20839599999867,39.622633999999998],[-107.20838899999868,39.622588999999998],[-107.20838199999868,39.622543999999991],[-107.20836799999867,39.622454000000005],[-107.20830199999868,39.622415000000004],[-107.20822899999868,39.622329999999991],[-107.20802199999868,39.622166],[-107.20800799999869,39.622075999999993],[-107.20800099999867,39.622031000000007],[-107.20799399999868,39.621986000000014],[-107.20793499999868,39.621991000000001],[-107.20786899999868,39.621951000000003],[-107.20780199999868,39.621912000000002],[-107.20773599999868,39.621871999999996],[-107.20772899999868,39.621827000000003],[-107.20766999999867,39.621832000000005],[-107.20766299999867,39.621787000000005],[-107.20765599999868,39.621741999999998],[-107.20759599999867,39.621748000000004],[-107.20758899999868,39.621702999999997],[-107.20758199999868,39.621658000000004],[-107.20751599999868,39.621617999999991],[-107.20750199999868,39.621528000000005],[-107.20743599999868,39.621488000000006],[-107.20742899999868,39.621442999999999],[-107.20736199999867,39.621402999999994],[-107.20729599999868,39.621364],[-107.20716299999867,39.62128400000001],[-107.20714899999867,39.621194000000003],[-107.20708299999868,39.621154999999995],[-107.20707599999868,39.621110000000002],[-107.20700999999868,39.62107000000001],[-107.20694299999867,39.62102999999999],[-107.20688399999868,39.621036000000011],[-107.20675099999868,39.620956000000007],[-107.20669199999868,39.620961999999999],[-107.20668499999867,39.620916999999992],[-107.20662599999868,39.620921999999993],[-107.20655899999868,39.620882000000009],[-107.20649299999867,39.620843000000008],[-107.20636699999866,39.620808000000011],[-107.20593099999867,39.620711],[-107.20587199999868,39.620716000000002],[-107.20574599999868,39.620682000000009],[-107.20573899999867,39.620635999999998],[-107.20573199999868,39.620591000000012],[-107.20571799999868,39.620501000000004],[-107.20565199999868,39.620462000000011],[-107.20564499999868,39.62041700000001],[-107.20557899999868,39.620377000000005],[-107.20551199999869,39.620337000000006],[-107.20527799999869,39.619993000000001],[-107.2052119999987,39.619954000000014],[-107.20519099999869,39.619819000000014],[-107.20516999999869,39.619683000000002],[-107.20508899999869,39.619554000000001],[-107.2050819999987,39.619509000000008],[-107.20500199999869,39.619379000000009],[-107.20499499999869,39.619334000000009],[-107.20491399999869,39.619204000000003],[-107.20484799999868,39.619165000000017],[-107.20484099999869,39.619120000000002],[-107.20477499999869,39.61907999999999],[-107.20476799999869,39.619034999999997],[-107.2047609999987,39.618989999999997],[-107.2046939999987,39.618949999999998],[-107.2046869999987,39.618905000000005],[-107.20467999999867,39.618860000000012],[-107.2045479999987,39.618780999999998],[-107.20452699999869,39.618646000000005],[-107.20445999999869,39.618606],[-107.20445299999868,39.618561],[-107.20443899999869,39.618471],[-107.20437299999868,39.618430999999994],[-107.20435899999869,39.618341000000008],[-107.20435199999869,39.618296000000001],[-107.2042709999987,39.618167],[-107.20424999999869,39.618032000000007],[-107.20423599999869,39.617940999999995],[-107.2041699999987,39.617902000000008],[-107.20410399999869,39.617862000000009],[-107.2040299999987,39.61777699999999],[-107.2039049999987,39.617742999999997],[-107.2038379999987,39.617703000000006],[-107.20376499999868,39.617618999999998],[-107.20375799999869,39.617573999999998],[-107.2036919999987,39.617534000000013],[-107.20363199999868,39.617539000000008],[-107.20362499999869,39.617494000000001],[-107.20356599999869,39.617499999999993],[-107.20355199999868,39.61741],[-107.20349299999869,39.617415000000015],[-107.20342599999869,39.617375000000017],[-107.2033529999987,39.617291000000002],[-107.20334599999869,39.617246000000016],[-107.20333899999869,39.617199999999997],[-107.2033319999987,39.617154999999997],[-107.20332499999869,39.617110000000004],[-107.20331799999869,39.617065000000004],[-107.2033039999987,39.616975000000004],[-107.20335599999869,39.616925000000009],[-107.20340899999869,39.616874999999993],[-107.20340099999869,39.61683],[-107.2033939999987,39.616785],[-107.2033869999987,39.616739999999993],[-107.20337999999867,39.616695000000007],[-107.2035509999987,39.616633999999998],[-107.2036629999987,39.616578000000004],[-107.2037809999987,39.616566999999996],[-107.2042489999987,39.616480000000003],[-107.20424199999867,39.61643500000001],[-107.20430099999869,39.616429000000004],[-107.20435299999869,39.616378999999995],[-107.20439899999869,39.616283999999993],[-107.2044579999987,39.616277999999994],[-107.2046879999987,39.616211999999983],[-107.2047999999987,39.616156000000004],[-107.20485899999869,39.616151000000009],[-107.20497099999868,39.616095000000008],[-107.20501599999868,39.616000000000007],[-107.20507499999867,39.615994000000008],[-107.20518699999869,39.61593899999999],[-107.20530499999869,39.615928000000011],[-107.20553499999868,39.615862],[-107.20582499999868,39.615790000000004],[-107.20593599999867,39.61573400000001],[-107.20592899999868,39.61568900000001],[-107.20598199999868,39.615639000000009],[-107.20604099999868,39.615634],[-107.20603399999868,39.615589],[-107.20609299999867,39.615583000000008],[-107.20615299999868,39.615577999999999],[-107.20638999999868,39.615556999999995],[-107.20651499999867,39.615591000000016],[-107.20664099999868,39.615625000000001],[-107.20682599999869,39.615654000000006],[-107.20688499999868,39.615649000000012],[-107.20689199999867,39.615694000000012],[-107.20695099999868,39.61568900000001],[-107.20701799999868,39.615727999999997],[-107.20702499999868,39.615772999999997],[-107.20708399999867,39.615768000000003],[-107.20709099999868,39.615812999999996],[-107.20715699999867,39.615853000000001],[-107.20716399999868,39.615898000000001],[-107.20723099999867,39.615938],[-107.20728999999868,39.615932000000008],[-107.20736299999868,39.616016999999999],[-107.20736999999868,39.616062000000007],[-107.20737799999868,39.616107000000007],[-107.20738499999868,39.616152000000007],[-107.20739199999868,39.616197],[-107.20745099999868,39.616191999999998],[-107.20751699999867,39.616231000000006],[-107.20776799999868,39.616300000000017],[-107.20801299999867,39.616324000000006],[-107.20832299999866,39.616387000000003],[-107.20858099999866,39.616501000000007],[-107.20883999999866,39.616613999999998],[-107.20902499999866,39.616643999999987],[-107.20914299999866,39.616633],[-107.20920299999867,39.616627000000001],[-107.20926199999866,39.616622000000014],[-107.20931399999867,39.616572000000012],[-107.20936599999867,39.616520999999992],[-107.20941899999866,39.61647099999999],[-107.20947099999866,39.616421000000024],[-107.20952299999867,39.616370000000003],[-107.20957499999867,39.616320000000002],[-107.20975299999867,39.616304000000007],[-107.20981299999866,39.616298999999998],[-107.20986499999866,39.616247999999999],[-107.20991699999867,39.616197999999997],[-107.20997599999866,39.61619300000001],[-107.21002899999867,39.616142000000004],[-107.21008099999867,39.616092000000009],[-107.21007399999867,39.616046999999995],[-107.21013299999866,39.616042000000007],[-107.21012599999867,39.615997000000007],[-107.21011899999867,39.615952],[-107.21017099999867,39.615901000000008],[-107.21016399999867,39.615856000000001],[-107.21022399999866,39.615851000000006],[-107.21021699999866,39.615806000000006],[-107.21027599999866,39.615801000000005],[-107.21033499999866,39.615794999999991],[-107.21039499999867,39.615789999999997],[-107.21051299999867,39.615779000000018],[-107.21063199999867,39.615769000000014],[-107.21074999999867,39.615758000000014],[-107.21080999999866,39.615752999999998],[-107.21129099999867,39.615755000000014],[-107.21141699999865,39.615788999999999],[-107.21165399999865,39.615768000000003],[-107.21164699999865,39.615723000000003],[-107.21170599999866,39.615717999999994],[-107.21176499999865,39.615712000000009],[-107.21192899999865,39.615606000000007],[-107.21215899999865,39.615540000000003],[-107.21221899999865,39.615534000000011],[-107.21228499999864,39.615574000000024],[-107.21234399999865,39.615569000000015],[-107.21252899999865,39.615598000000013],[-107.21278099999867,39.615666000000004],[-107.21283999999865,39.61566100000001],[-107.21291299999865,39.615746000000009],[-107.21297199999864,39.615741],[-107.21297999999865,39.615786],[-107.21304599999866,39.615824999999994],[-107.21305299999865,39.615870000000001],[-107.21305999999865,39.615915000000001],[-107.21311899999866,39.615910000000007],[-107.21318599999864,39.615949999999998],[-107.21319299999865,39.615994999999991],[-107.21319999999865,39.616040000000005],[-107.21320699999865,39.616084999999998],[-107.21326599999865,39.61607900000002],[-107.21327299999865,39.616123999999999],[-107.21341299999865,39.616249000000003],[-107.21355199999866,39.61637300000001],[-107.21361899999864,39.616413000000009],[-107.21375099999865,39.616492000000001],[-107.21388399999864,39.616571],[-107.21394999999865,39.616610999999999],[-107.21401699999865,39.616650999999997],[-107.21407599999866,39.616645000000005],[-107.21408299999867,39.616689999999998],[-107.21414199999865,39.616685000000004],[-107.21414899999866,39.61672999999999],[-107.21420899999865,39.616724999999995],[-107.21427499999865,39.616764000000003],[-107.21428199999863,39.616810000000001],[-107.21434099999867,39.616804000000009],[-107.21435499999865,39.616894000000002],[-107.21437599999865,39.617029000000002],[-107.21438299999865,39.617074000000009],[-107.21439699999864,39.617164000000002],[-107.21440399999865,39.617209000000017],[-107.21441099999863,39.617254000000003],[-107.21441899999864,39.617299000000003],[-107.21442599999864,39.617344000000003],[-107.21443299999865,39.617388999999989],[-107.21443999999863,39.61743400000001],[-107.21445399999864,39.617524000000003],[-107.21440799999864,39.617620000000009],[-107.21436299999866,39.617715000000011],[-107.21425899999865,39.617815999999991],[-107.21420599999865,39.617866000000006],[-107.21415399999864,39.617916999999998],[-107.21404299999865,39.617972000000009],[-107.21405699999865,39.618061999999995],[-107.21401799999865,39.618203000000008],[-107.21397299999865,39.618298000000017],[-107.21398699999865,39.618387999999996],[-107.21392799999865,39.61839299999999],[-107.21393499999866,39.618437999999998],[-107.21388299999865,39.61848899999999],[-107.21389699999865,39.618579000000004],[-107.21390399999865,39.61862399999999],[-107.21391799999866,39.61871399999999],[-107.21392499999865,39.618758999999997],[-107.21393199999865,39.618804000000004],[-107.21393899999865,39.61884899999999],[-107.21394599999866,39.618894000000012],[-107.21390099999866,39.618988999999999],[-107.21391499999865,39.619078999999999],[-107.21392899999864,39.619169000000007],[-107.21383799999865,39.61936],[-107.21386599999865,39.619540000000008],[-107.21382799999866,39.619681000000007],[-107.21383499999865,39.619726000000007],[-107.21384899999865,39.619816000000007],[-107.21385599999866,39.619860999999993],[-107.21386299999865,39.619906000000007],[-107.21416699999867,39.619923999999997],[-107.21429299999865,39.619958000000011],[-107.21435899999865,39.619998000000002],[-107.21441799999863,39.619993000000008],[-107.21459599999864,39.619976999999992],[-107.21471499999863,39.619965999999998],[-107.21495199999863,39.619945000000001],[-107.21506999999863,39.619933999999994],[-107.21541199999864,39.61981200000001],[-107.21558999999864,39.619796000000001],[-107.21572299999863,39.619875000000008],[-107.21578199999865,39.619869999999999],[-107.21578899999864,39.619915000000006],[-107.21592899999864,39.620039000000006],[-107.21593599999863,39.620084000000006],[-107.21600899999864,39.620169000000004],[-107.21607599999864,39.62020900000001],[-107.21608299999865,39.62025400000001],[-107.21614899999864,39.620292999999997],[-107.21615599999863,39.620337999999997],[-107.21622199999864,39.620378000000009],[-107.21622899999863,39.620423000000002],[-107.21623599999863,39.62046800000001],[-107.21624999999864,39.620557999999996],[-107.21625699999865,39.62060300000001],[-107.21626399999863,39.620647999999996],[-107.21627099999864,39.620692999999996],[-107.21627799999864,39.620737999999996],[-107.21629299999863,39.620828000000003],[-107.21625399999864,39.620969000000017],[-107.21620199999863,39.621018999999997],[-107.21615699999863,39.621114000000013],[-107.21617099999865,39.621203999999992],[-107.21617799999864,39.621248999999999],[-107.21618499999863,39.621293999999999],[-107.21613299999864,39.621344999999998],[-107.21607299999863,39.621350000000007],[-107.21607999999864,39.621395],[-107.21602799999863,39.621445000000008],[-107.21603499999864,39.621490000000009],[-107.21598299999863,39.621541000000001],[-107.21598999999864,39.621586000000015],[-107.21593799999863,39.621636000000009],[-107.21595899999863,39.621771000000003],[-107.21590699999865,39.621821999999995],[-107.21586099999864,39.621916999999996],[-107.21586799999865,39.621962000000003],[-107.21588199999863,39.622051999999996],[-107.21588899999864,39.622096999999997],[-107.21589599999864,39.622142000000004],[-107.21585099999864,39.622236999999998],[-107.21585799999863,39.622282000000006],[-107.21586499999863,39.622326999999999],[-107.21587899999864,39.622417000000006],[-107.21588599999863,39.622461999999992],[-107.21589299999863,39.622507000000006],[-107.21589999999864,39.622551999999992],[-107.21590699999865,39.622597000000006],[-107.21591399999863,39.622643000000011],[-107.21592899999864,39.622733000000004],[-107.21593599999863,39.622778000000011],[-107.21595699999864,39.622913000000004],[-107.21609599999863,39.623037000000004],[-107.21617699999864,39.623166999999995],[-107.21628499999863,39.623475999999997],[-107.21629199999863,39.623520999999997],[-107.21629899999864,39.623565999999997],[-107.21630599999864,39.623610999999997],[-107.21631299999864,39.623657000000001],[-107.21631999999863,39.623702000000002],[-107.21632699999864,39.623747000000009],[-107.21633499999865,39.623792000000016],[-107.21634199999863,39.623837000000009],[-107.21634899999864,39.623882000000002],[-107.21635599999864,39.623927000000009],[-107.21636299999864,39.623972000000009],[-107.21636999999863,39.624017000000009],[-107.21637699999863,39.624062000000002],[-107.21638399999865,39.624106999999995],[-107.21639799999863,39.624197000000002],[-107.21641899999864,39.624332000000003],[-107.21642599999863,39.624377000000003],[-107.21643299999864,39.624422000000003],[-107.21650599999863,39.624505999999997],[-107.21651299999866,39.624550999999983],[-107.21651999999864,39.624596999999994],[-107.21652699999864,39.624642000000009],[-107.21653399999863,39.624687000000009],[-107.21654099999864,39.624732000000009],[-107.21655599999865,39.624822000000009],[-107.21656299999863,39.624867000000002],[-107.21657699999864,39.624957000000009],[-107.21658399999863,39.625002000000002],[-107.21659099999863,39.625047000000002],[-107.21659799999864,39.625092000000009],[-107.21660499999865,39.625137000000009],[-107.21661899999863,39.62522700000001],[-107.21662599999864,39.625272000000017],[-107.21663299999864,39.625317000000003],[-107.21660199999863,39.625502000000004],[-107.21655599999865,39.625597999999997],[-107.21657099999864,39.62568799999999],[-107.21658499999863,39.625777999999997],[-107.21659199999864,39.625822999999997],[-107.21659899999865,39.625867999999997],[-107.21660599999863,39.625913000000004],[-107.21661299999865,39.625957999999997],[-107.21667199999864,39.625951999999998],[-107.21667899999863,39.625996999999991],[-107.21674499999864,39.626036999999997],[-107.21693699999864,39.626111000000002],[-107.21699699999864,39.626106],[-107.21700399999864,39.626151],[-107.21706299999863,39.626145000000001],[-107.21706999999866,39.626190000000001],[-107.21786899999861,39.626301000000005],[-107.21811299999862,39.626325000000008],[-107.21878699999863,39.626401000000001],[-107.21896499999862,39.626384999999999],[-107.21902399999863,39.626380000000005],[-107.21908299999862,39.626373999999998],[-107.21914299999862,39.626368999999997],[-107.21913599999863,39.626324000000011],[-107.21919499999862,39.626319000000002],[-107.21924699999862,39.62626800000001],[-107.21929899999864,39.626218000000009],[-107.21929199999862,39.626173000000016],[-107.21935199999862,39.626168000000007],[-107.21934499999863,39.626123000000007],[-107.21945599999862,39.626067000000006],[-107.21950899999862,39.626016000000007],[-107.21956799999862,39.626010999999998],[-107.21973199999861,39.625905000000003],[-107.21984999999863,39.625894000000002],[-107.21996199999862,39.625839000000006],[-107.22024399999862,39.625722000000003],[-107.2203559999986,39.625666000000002],[-107.22040799999861,39.625616000000001],[-107.22050599999861,39.625470000000007],[-107.2205369999986,39.625285000000005],[-107.22056799999862,39.625098999999999],[-107.22056099999861,39.625054000000006],[-107.2205919999986,39.624869000000004],[-107.22065099999861,39.624864000000002],[-107.22064399999861,39.624818999999995],[-107.22068299999862,39.624678000000003],[-107.22066899999862,39.624587999999996],[-107.22065399999862,39.624498000000003],[-107.22056699999861,39.624323000000004],[-107.2205529999986,39.624233000000004],[-107.22059099999862,39.624093000000002],[-107.22058399999861,39.624048000000009],[-107.2207549999986,39.623987000000007],[-107.22109699999861,39.623865000000009],[-107.22121499999862,39.623854000000009],[-107.22139299999861,39.623838000000006],[-107.22151899999861,39.623873000000003],[-107.22158499999861,39.623912000000004],[-107.22171099999862,39.623947000000001],[-107.22190299999862,39.624021000000013],[-107.22196899999862,39.62406],[-107.22203599999862,39.624099999999999],[-107.22210199999863,39.624139999999997],[-107.22216099999862,39.624134000000005],[-107.2221679999986,39.624178999999998],[-107.22222799999861,39.624173999999996],[-107.22223499999862,39.624218999999989],[-107.22229399999863,39.624214000000002],[-107.2223599999986,39.624253000000003],[-107.22242699999862,39.624293000000009],[-107.22260399999861,39.624277000000014],[-107.22272999999862,39.624310999999999],[-107.22286299999863,39.624391000000003],[-107.22286999999861,39.62443600000001],[-107.22293599999861,39.624474999999997],[-107.2229499999986,39.624564999999997],[-107.22295699999862,39.624610000000004],[-107.22296399999861,39.624654999999997],[-107.22297099999861,39.624700000000004],[-107.22311099999861,39.624824999999994],[-107.2232509999986,39.624949000000001],[-107.22332399999861,39.625033999999992],[-107.2233969999986,39.625119000000005],[-107.22347799999859,39.625247999999999],[-107.2234849999986,39.625293000000006],[-107.22355099999861,39.625332999999998],[-107.2235649999986,39.625422999999991],[-107.22357199999861,39.625467999999998],[-107.22357899999859,39.625513000000005],[-107.2235859999986,39.625557999999998],[-107.22352699999861,39.625563],[-107.22353399999859,39.625608000000014],[-107.2235409999986,39.625653],[-107.22348899999859,39.625703999999999],[-107.2234369999986,39.625754000000008],[-107.22344399999859,39.625798999999994],[-107.22339099999861,39.625849000000017],[-107.22339899999861,39.625894000000002],[-107.22333899999859,39.625900000000009],[-107.2232799999986,39.62590500000001],[-107.22328699999861,39.625949999999996],[-107.22322799999861,39.625954999999998],[-107.22323499999861,39.626001000000002],[-107.2231819999986,39.626050999999997],[-107.22307799999862,39.626152000000005],[-107.2230849999986,39.626197000000005],[-107.2230919999986,39.626241999999998],[-107.22303299999862,39.626246999999992],[-107.2230399999986,39.626291999999992],[-107.22297999999863,39.626297000000001],[-107.22287599999861,39.626398000000009],[-107.2228829999986,39.626443000000016],[-107.22283099999861,39.626493000000004],[-107.22277099999862,39.626499000000003],[-107.22271899999861,39.626549000000004],[-107.22272599999862,39.626594000000004],[-107.22268099999862,39.626688999999992],[-107.22268799999861,39.626734000000006],[-107.22263599999862,39.626784999999998],[-107.22264299999861,39.626830000000005],[-107.2225899999986,39.62688],[-107.22253799999862,39.626930999999999],[-107.2225449999986,39.626976000000006],[-107.22249299999862,39.627026000000008],[-107.2224999999986,39.627071000000008],[-107.22250699999861,39.627116000000008],[-107.2224549999986,39.627165999999995],[-107.22246199999861,39.62721100000001],[-107.22246899999861,39.627255999999988],[-107.22247599999862,39.627300999999996],[-107.2224829999986,39.627346000000017],[-107.2224899999986,39.627391000000003],[-107.22249699999863,39.627436000000003],[-107.22251099999862,39.62752600000001],[-107.2225179999986,39.62757100000001],[-107.22252499999861,39.627616000000003],[-107.22253199999862,39.627660999999996],[-107.22259799999861,39.627701000000009],[-107.22260499999862,39.627746000000009],[-107.22266499999863,39.627740999999993],[-107.22267199999861,39.627786000000008],[-107.2227309999986,39.627781000000013],[-107.22279699999861,39.627819999999993],[-107.22285699999863,39.627814999999998],[-107.22286399999861,39.627859999999991],[-107.22292999999861,39.627899999999997],[-107.22293699999862,39.627945000000004],[-107.22300299999861,39.627983999999998],[-107.22301099999862,39.628029000000005],[-107.2230179999986,39.628073999999998],[-107.22307699999861,39.628069000000004],[-107.22308399999862,39.628113999999989],[-107.2231429999986,39.628109000000002],[-107.22320999999859,39.628148000000003],[-107.2232899999986,39.628278000000009],[-107.2233699999986,39.628408000000007],[-107.22346499999861,39.628627000000002],[-107.2235379999986,39.628712000000014],[-107.22355199999859,39.628801999999993],[-107.2235659999986,39.628892],[-107.22357299999859,39.628937000000008],[-107.22358799999861,39.629027000000015],[-107.2235949999986,39.629072000000008],[-107.2236609999986,39.629111999999999],[-107.2237269999986,39.629151999999998],[-107.22374099999861,39.629241999999998],[-107.22381499999861,39.629326000000006],[-107.2238879999986,39.629410999999998],[-107.22398299999861,39.629631000000003],[-107.2239969999986,39.629721000000004],[-107.2240109999986,39.629810999999997],[-107.22397299999861,39.629950999999984],[-107.2239869999986,39.630040999999999],[-107.22400099999861,39.630130999999999],[-107.22400799999861,39.630176000000013],[-107.22401499999859,39.630220999999999],[-107.22402199999861,39.630265999999999],[-107.22396199999861,39.630272000000012],[-107.2239689999986,39.630317000000012],[-107.22397699999861,39.630362000000005],[-107.22398399999859,39.630407000000005],[-107.22387199999861,39.630462000000001],[-107.2238199999986,39.630513000000015],[-107.22382699999861,39.630558000000008],[-107.22377399999861,39.630608000000002],[-107.22378199999861,39.630652999999995],[-107.22372199999859,39.630658000000004],[-107.22366999999861,39.63070900000001],[-107.22355799999859,39.630764000000006],[-107.22345399999861,39.630865],[-107.22346099999861,39.630910000000007],[-107.2234089999986,39.630961000000006],[-107.2233559999986,39.631011000000001],[-107.22330399999861,39.631061000000003],[-107.22325199999862,39.631112000000009],[-107.22313999999862,39.631166999999984],[-107.22308799999861,39.631217999999997],[-107.22302899999862,39.631223000000013],[-107.2229169999986,39.631279000000006],[-107.22286499999862,39.631329000000008],[-107.22281999999862,39.63142400000001],[-107.2227599999986,39.631429999999995],[-107.22276699999863,39.631474999999995],[-107.22270799999862,39.631480000000003],[-107.2227149999986,39.631525000000011],[-107.22265599999861,39.631531000000003],[-107.22260299999863,39.631581000000004],[-107.22254399999862,39.631586000000013],[-107.22249199999861,39.631636999999998],[-107.22243299999862,39.631642000000006],[-107.22237999999862,39.631692000000015],[-107.22232099999862,39.631697999999993],[-107.2222689999986,39.631748000000002],[-107.22220899999861,39.63175300000001],[-107.22221599999862,39.631798000000003],[-107.22216399999861,39.63184900000001],[-107.22210499999861,39.631854000000004],[-107.22205299999862,39.631903999999999],[-107.22199299999862,39.631910000000005],[-107.22194799999862,39.632005000000007],[-107.22189599999861,39.632055000000008],[-107.22184299999861,39.632105999999993],[-107.22178399999862,39.632111000000002],[-107.2217909999986,39.632156000000002],[-107.22173899999862,39.632207000000001],[-107.22168699999861,39.63225700000001],[-107.22169399999862,39.632302000000003],[-107.22159599999863,39.632447999999997],[-107.22155099999863,39.632543000000005],[-107.22156499999862,39.632632999999998],[-107.22151299999861,39.632683000000007],[-107.2214599999986,39.632733999999999],[-107.22140799999862,39.632784000000008],[-107.2213629999986,39.632879000000003],[-107.22131099999861,39.632930000000002],[-107.22126499999861,39.633025000000004],[-107.22121299999863,39.63307600000001],[-107.22121999999861,39.633120999999996],[-107.22122699999861,39.633166000000017],[-107.22116799999863,39.633171000000004],[-107.22118199999861,39.63326099999999],[-107.22118399999862,39.633272000000005],[-107.22118399999862,39.633273999999993],[-107.2211889999986,39.633306000000005],[-107.22120299999862,39.633395999999991],[-107.22115099999861,39.633445999999999],[-107.2211279999986,39.633494999999996],[-107.22110599999861,39.633542000000013],[-107.22111299999862,39.633586999999999],[-107.22111999999861,39.633631999999999],[-107.22112699999862,39.633676999999999],[-107.22113399999861,39.633722000000006],[-107.22114099999861,39.633767000000006],[-107.22117399999863,39.633764000000006],[-107.2211999999986,39.633761],[-107.22120699999863,39.633806],[-107.2212729999986,39.633845999999998],[-107.2213469999986,39.633931000000011],[-107.22135399999861,39.633976000000011],[-107.22136099999862,39.634021000000004],[-107.22136799999861,39.634066000000004],[-107.22136799999861,39.634069000000011],[-107.22137499999862,39.634111000000004],[-107.22138199999861,39.634155999999997],[-107.22145499999863,39.634241000000003],[-107.22146199999861,39.63428600000001],[-107.22152199999861,39.634280000000004],[-107.22158799999862,39.634320000000002],[-107.2215949999986,39.634364999999995],[-107.22160199999863,39.634410000000003],[-107.2216679999986,39.634450000000001],[-107.22167599999862,39.634495000000008],[-107.22168299999861,39.634540000000001],[-107.22168999999862,39.634585000000001],[-107.22169199999863,39.634600000000013],[-107.22169699999861,39.634630000000008],[-107.22170399999861,39.634674999999994],[-107.22171099999862,39.634720000000016],[-107.2217179999986,39.634765000000009],[-107.2216729999986,39.634860000000003],[-107.22161999999861,39.634909999999998],[-107.2216339999986,39.635001000000003],[-107.22157499999861,39.635005999999997],[-107.22158199999862,39.635051000000004],[-107.22152299999861,39.635056000000006],[-107.22152999999861,39.635101000000006],[-107.22147699999861,39.635152000000005],[-107.2214429999986,39.635185],[-107.2214249999986,39.635202],[-107.22136599999861,39.635207000000001],[-107.22137299999862,39.635251999999994],[-107.2213799999986,39.635297000000008],[-107.22132099999861,39.635302999999993],[-107.22127499999863,39.635398000000009],[-107.22121599999861,39.635403000000004],[-107.22122299999862,39.635448000000011],[-107.22122999999863,39.635493000000011],[-107.22123699999861,39.635538000000004],[-107.22124399999862,39.635583000000004],[-107.2212509999986,39.635627999999997],[-107.22126499999861,39.63571799999999],[-107.22133199999863,39.63575800000001],[-107.22140499999861,39.635842999999994],[-107.22141199999862,39.635888000000001],[-107.22147799999861,39.635928],[-107.2215379999986,39.635922000000008],[-107.2216109999986,39.636006999999999],[-107.22167799999862,39.636046999999998],[-107.2216849999986,39.636091999999991],[-107.22180999999861,39.636126000000004],[-107.22181699999862,39.636171000000004],[-107.22182399999861,39.63621599999999],[-107.22189099999862,39.63625600000001],[-107.2218979999986,39.636301000000003],[-107.22196399999861,39.636340000000004],[-107.22202999999863,39.63638000000001],[-107.22203399999862,39.636384000000007],[-107.22210399999862,39.636465000000008],[-107.22211099999861,39.636510000000008],[-107.22211799999862,39.636555000000008],[-107.22213199999861,39.636645000000001],[-107.22213899999861,39.636690000000002],[-107.2221459999986,39.636735000000002],[-107.22221199999862,39.636774000000003],[-107.2222189999986,39.63681900000001],[-107.22235199999861,39.636899],[-107.22247799999862,39.636933000000006],[-107.22266299999862,39.636962000000011],[-107.22278099999862,39.636951000000003],[-107.22289999999862,39.636940999999993],[-107.22302599999861,39.636975000000014],[-107.2230849999986,39.636969999999991],[-107.22314399999863,39.636964000000006],[-107.22321099999863,39.637003999999997],[-107.22321799999861,39.637049000000005],[-107.22332599999861,39.637096999999997],[-107.22334399999862,39.637104999999998],[-107.2234759999986,39.637163000000001],[-107.22353499999862,39.637157000000002],[-107.22354199999859,39.637202000000002],[-107.2235559999986,39.637292000000009],[-107.22356299999862,39.637337000000009],[-107.22362299999861,39.637332000000001],[-107.22362999999859,39.637377000000008],[-107.22369599999861,39.637417000000006],[-107.22382199999859,39.637450999999999],[-107.2238879999986,39.637491000000004],[-107.22389499999861,39.637536000000004],[-107.22396199999861,39.63757600000001],[-107.22402099999859,39.637570000000004],[-107.22402799999861,39.637615000000004],[-107.22409399999859,39.637655000000009],[-107.22415399999859,39.637650000000008],[-107.2241609999986,39.637695000000001],[-107.2241009999986,39.637700000000002],[-107.22410799999861,39.637745000000002],[-107.22411499999859,39.637790000000003],[-107.22406299999861,39.637839999999997],[-107.22406999999859,39.637885000000004],[-107.2240769999986,39.637929999999983],[-107.2240839999986,39.637974999999997],[-107.22409099999861,39.638020000000004],[-107.22409799999861,39.638064999999997],[-107.22410499999859,39.638110000000005],[-107.2241099999986,39.63813900000001],[-107.22411199999861,39.63815499999999],[-107.22417199999859,39.638150000000003],[-107.22423799999859,39.638190000000009],[-107.22430399999861,39.63822900000001],[-107.22442999999859,39.638264000000007],[-107.22454899999859,39.638253000000006],[-107.22467399999859,39.638286999999991],[-107.22470799999861,39.638283999999992],[-107.22485199999859,39.638271000000003],[-107.22491199999861,39.638266000000016],[-107.22497099999859,39.638261000000007],[-107.2250299999986,39.638255000000001],[-107.2250899999986,39.638249999999999],[-107.22508199999861,39.638204999999999],[-107.22514199999861,39.638199999999998],[-107.22520099999861,39.638193999999999],[-107.2251939999986,39.638148999999991],[-107.22525299999859,39.638143999999997],[-107.22530599999861,39.638094000000002],[-107.22529899999861,39.638049000000009],[-107.22535099999861,39.637998000000003],[-107.22540299999859,39.637947999999994],[-107.2254549999986,39.637897000000009],[-107.22544799999859,39.637852000000009],[-107.22544099999861,39.637807000000009],[-107.2254339999986,39.637762000000009],[-107.2254339999986,39.637760999999998],[-107.22542699999859,39.637717000000009],[-107.22547999999861,39.637667000000008],[-107.2254729999986,39.637622000000007],[-107.22546599999859,39.637577000000007],[-107.22552499999861,39.637572000000006],[-107.2255179999986,39.637526999999999],[-107.22551099999859,39.637481999999999],[-107.22550399999861,39.637437000000013],[-107.2254969999986,39.637392000000006],[-107.2254899999986,39.637346999999998],[-107.2255419999986,39.637296000000006],[-107.2255349999986,39.637250999999992],[-107.2255799999986,39.637155999999997],[-107.22557299999859,39.637110999999997],[-107.22556599999861,39.637066000000004],[-107.22561099999861,39.636969999999998],[-107.2256639999986,39.636920000000003],[-107.2257159999986,39.636870000000009],[-107.22577499999859,39.636863999999996],[-107.22599799999861,39.636753000000006],[-107.22610299999859,39.636651999999998],[-107.22609599999861,39.636606999999998],[-107.2261549999986,39.636602000000003],[-107.22614099999861,39.636511999999996],[-107.22619999999861,39.636507000000016],[-107.22619299999859,39.636462000000002],[-107.22620799999861,39.636430000000004],[-107.22623899999861,39.63636600000001],[-107.22629799999861,39.636361000000008],[-107.22634999999859,39.636310000000016],[-107.2264089999986,39.636305000000007],[-107.22646199999859,39.636254999999991],[-107.22645499999858,39.636210000000005],[-107.22650699999861,39.636158999999999],[-107.22649999999858,39.636114000000006],[-107.22660399999857,39.636014000000017],[-107.22666399999858,39.636008000000004],[-107.22671599999859,39.635958000000009],[-107.22682799999859,39.635902000000002],[-107.22694599999858,39.635892000000005],[-107.2269989999986,39.635841000000006],[-107.22705099999858,39.635791000000005],[-107.22710999999858,39.635785999999996],[-107.22717599999859,39.63582499999999],[-107.22718299999859,39.635869999999997],[-107.22724999999859,39.63591000000001],[-107.22730899999858,39.635905000000008],[-107.22731599999859,39.635950000000008],[-107.22737499999859,39.635943999999988],[-107.2273829999986,39.635989000000009],[-107.22744199999858,39.635984000000015],[-107.22744899999859,39.636029000000015],[-107.22750799999859,39.636023999999992],[-107.2275679999986,39.636018],[-107.22762699999859,39.636013000000013],[-107.2276859999986,39.636008000000004],[-107.2277379999986,39.635956999999998],[-107.22779799999859,39.63595200000001],[-107.22779399999858,39.635929000000012],[-107.22779099999859,39.635906999999996],[-107.2278499999986,39.635901000000004],[-107.22784299999857,39.635855999999997],[-107.22790199999858,39.635851000000017],[-107.2278949999986,39.635806000000009],[-107.22800699999858,39.635750000000009],[-107.22807299999859,39.63579],[-107.22816599999859,39.635816000000005],[-107.22819899999858,39.635824000000007],[-107.22820599999859,39.635869],[-107.22821299999859,39.635914],[-107.22827899999858,39.635953999999998],[-107.22839799999858,39.635943000000005],[-107.2284639999986,39.63598300000001],[-107.22858999999858,39.636017000000002],[-107.22872299999858,39.636096999999999],[-107.2287339999986,39.636115000000004],[-107.22880299999858,39.636226000000001],[-107.22880999999859,39.636271000000001],[-107.2288169999986,39.636316000000001],[-107.22882399999858,39.636361000000001],[-107.2287719999986,39.636412],[-107.2287789999986,39.636457000000014],[-107.22878599999859,39.636502],[-107.22879299999857,39.636547000000007],[-107.2287999999986,39.636592],[-107.22880699999858,39.636636999999993],[-107.22881399999859,39.636681999999993],[-107.22882099999859,39.636727000000008],[-107.22882799999859,39.636772000000001],[-107.22889499999857,39.636812000000006],[-107.2289019999986,39.636857000000006],[-107.22897499999858,39.636940999999993],[-107.22903399999859,39.636935999999999],[-107.22909399999857,39.636931000000004],[-107.22916999999858,39.636913999999997],[-107.22944199999857,39.636854000000007],[-107.22955399999856,39.636798000000006],[-107.22960599999858,39.636747999999997],[-107.22965899999858,39.636697000000005],[-107.22971799999857,39.636692000000004],[-107.22976999999858,39.636640999999997],[-107.22982199999858,39.636591000000003],[-107.22981499999858,39.636546000000003],[-107.22987499999859,39.636540999999994],[-107.22999299999857,39.636530000000015],[-107.23000799999858,39.636516000000007],[-107.23004599999858,39.636480000000006],[-107.23009799999858,39.636429000000007],[-107.23032799999856,39.636362999999996],[-107.23043999999858,39.636307000000009],[-107.23048499999858,39.636212],[-107.23052999999858,39.636116000000008],[-107.23058899999857,39.636111000000007],[-107.23064899999858,39.636105999999998],[-107.23065599999858,39.636150999999998],[-107.23071499999857,39.636144999999999],[-107.23078099999857,39.636185000000005],[-107.23102599999858,39.636209000000001],[-107.23115099999856,39.636242999999993],[-107.23127699999858,39.636277000000007],[-107.23130999999857,39.636274],[-107.23133599999858,39.636271999999998],[-107.23134299999857,39.636317000000005],[-107.23140299999856,39.636311999999997],[-107.23140999999858,39.636356999999997],[-107.23141699999857,39.636401999999997],[-107.23142399999858,39.636447000000004],[-107.23143099999858,39.636491999999997],[-107.23143799999856,39.636537000000011],[-107.23144499999857,39.636581999999997],[-107.23145199999857,39.63662699999999],[-107.23139999999857,39.636676999999999],[-107.23135499999857,39.636772999999998],[-107.23130199999858,39.636823000000007],[-107.23124999999858,39.636873000000001],[-107.23125699999858,39.636918000000009],[-107.23126399999857,39.636963000000009],[-107.23127099999859,39.637008000000002],[-107.23127599999856,39.637041000000004],[-107.23127799999857,39.637053000000002],[-107.23129199999858,39.637143000000009],[-107.23129899999859,39.637188000000002],[-107.23136599999856,39.637228000000007],[-107.23142499999858,39.637223000000006],[-107.23149099999857,39.637262],[-107.23161699999858,39.637297000000004],[-107.23163799999858,39.637295000000002],[-107.23173599999858,39.637286000000003],[-107.23191399999857,39.637270000000001],[-107.23203199999857,39.637259],[-107.23209099999856,39.637253999999992],[-107.23215099999857,39.63724899999999],[-107.23220999999856,39.637243000000005],[-107.23244699999854,39.637222000000001],[-107.23268499999857,39.637201000000005],[-107.23285499999857,39.637138999999998],[-107.23301399999855,39.637124999999997],[-107.23303299999857,39.637122999999995],[-107.23309299999856,39.637118000000015],[-107.23311099999856,39.637101000000015],[-107.23314499999854,39.637068000000006],[-107.23325699999856,39.637011999999991],[-107.23337499999856,39.637001000000005],[-107.23354599999857,39.636940000000003],[-107.23376899999856,39.636828999999999],[-107.23382899999855,39.636823000000014],[-107.23388099999856,39.636773000000005],[-107.23393299999856,39.636723000000018],[-107.23403799999856,39.63662200000001],[-107.23408999999856,39.636572000000008],[-107.23408899999856,39.636567999999997],[-107.23408299999856,39.636527000000008],[-107.23412799999856,39.636430999999995],[-107.23412099999857,39.636386000000009],[-107.23410699999856,39.636296000000002],[-107.23409999999856,39.636251000000009],[-107.23415899999857,39.636246000000007],[-107.23421899999856,39.636241000000005],[-107.23427799999857,39.636235000000006],[-107.23439599999855,39.636225000000003],[-107.23445599999856,39.636218999999997],[-107.23451499999857,39.636213999999995],[-107.23463399999856,39.636203000000002],[-107.23475199999856,39.636192000000001],[-107.23498999999855,39.636170999999997],[-107.23504899999855,39.636166000000003],[-107.23510799999855,39.636159999999997],[-107.23516799999855,39.636155000000009],[-107.23528599999855,39.636144000000009],[-107.23534499999855,39.636139000000007],[-107.23546399999854,39.636128000000006],[-107.23562799999856,39.636022000000004],[-107.23562099999855,39.63597699999999],[-107.23567999999855,39.63597200000001],[-107.23567299999856,39.635927000000002],[-107.23573199999855,39.635921000000003],[-107.23575299999855,39.635902000000002],[-107.23578499999856,39.635871000000002],[-107.23584399999855,39.635866000000007],[-107.23607399999855,39.635799000000006],[-107.23619299999855,39.635789000000017],[-107.23631899999855,39.635823000000002],[-107.23644399999856,39.635857000000001],[-107.23650399999855,39.635852000000007],[-107.23662899999854,39.635886000000006],[-107.23663599999855,39.635931000000006],[-107.23669599999855,39.635926000000005],[-107.23670999999855,39.636016000000005],[-107.23676899999855,39.636011000000003],[-107.23677599999856,39.636056000000018],[-107.23683499999855,39.636049999999997],[-107.23684899999856,39.636139999999997],[-107.23691599999854,39.636180000000003],[-107.23692299999855,39.636225000000003],[-107.23692999999855,39.636269999999996],[-107.23693699999855,39.63631500000001],[-107.23699599999856,39.636310000000009],[-107.23700299999855,39.636355000000009],[-107.23706299999856,39.636349000000017],[-107.23706999999855,39.63639400000001],[-107.23713599999856,39.636434000000008],[-107.23720199999855,39.636474000000007],[-107.23726899999855,39.636513000000008],[-107.23728999999855,39.636648000000001],[-107.23736299999855,39.636732999999992],[-107.23739099999855,39.636913000000007],[-107.23740499999855,39.637002999999993],[-107.23741999999855,39.637093000000007],[-107.23748599999855,39.637133000000013],[-107.23749299999855,39.637177999999992],[-107.23749999999853,39.637222999999999],[-107.23750699999854,39.637268000000006],[-107.23757299999853,39.63730799999999],[-107.23763999999854,39.637346999999998],[-107.23764699999853,39.637392000000006],[-107.23765399999854,39.637437000000013],[-107.23766099999854,39.637482000000013],[-107.23766799999854,39.637526999999999],[-107.23772699999854,39.637522000000004],[-107.23785299999854,39.637555999999996],[-107.23803799999854,39.637585000000001],[-107.23815699999854,39.637575000000012],[-107.23832699999853,39.637512999999998],[-107.23838699999854,39.63750799999999],[-107.23843899999854,39.637458000000002],[-107.23855799999853,39.637447000000016],[-107.23860999999853,39.637397],[-107.23860299999853,39.637351999999993],[-107.23866199999854,39.637345999999994],[-107.23865499999853,39.637301000000008],[-107.23871399999854,39.637296000000006],[-107.23870699999854,39.637251000000006],[-107.23875999999854,39.637201000000005],[-107.23881199999853,39.637150000000005],[-107.23887099999854,39.637145000000011],[-107.23898999999854,39.63713400000001],[-107.23904899999853,39.637129000000002],[-107.23910799999854,39.637124000000007],[-107.23916799999854,39.637118000000008],[-107.23922699999854,39.637113000000014],[-107.23929299999854,39.637152],[-107.23947799999854,39.637181000000005],[-107.23953799999853,39.637176000000004],[-107.23966299999853,39.637210000000003],[-107.23972999999853,39.637250000000009],[-107.23978899999854,39.637245000000007],[-107.23985499999854,39.637284000000008],[-107.23992199999854,39.637324000000007],[-107.23993599999854,39.637413999999993],[-107.23994299999853,39.637459],[-107.23994999999853,39.637504],[-107.23995699999854,39.637549000000007],[-107.24002299999853,39.637589000000013],[-107.24008999999853,39.637628000000007],[-107.24009699999854,39.637672999999999],[-107.24016299999853,39.637712999999998],[-107.24022999999853,39.637752999999996],[-107.24029599999854,39.637791999999997],[-107.24036199999854,39.63783200000001],[-107.24042899999853,39.637872000000002],[-107.24044299999854,39.637962000000009],[-107.24051599999852,39.638047000000007],[-107.24058999999852,39.638131000000001],[-107.24065599999852,39.638171000000007],[-107.24066299999852,39.638215999999993],[-107.24066999999852,39.638261000000014],[-107.24072899999852,39.638256000000013],[-107.24078899999853,39.638250000000006],[-107.24107099999853,39.638133000000003],[-107.24124199999852,39.638072000000008],[-107.24141999999854,39.638055999999999],[-107.24153899999853,39.638046000000003],[-107.24170099999853,39.637987999999993],[-107.24170899999852,39.637985000000008],[-107.24182099999852,39.637929000000007],[-107.24193999999852,39.637918000000013],[-107.24199199999852,39.637867999999997],[-107.24198499999854,39.637822999999997],[-107.24209599999853,39.637767000000004],[-107.24214899999852,39.637717000000016],[-107.24236499999853,39.637559999999993],[-107.24247599999852,39.637504999999997],[-107.24257399999853,39.637359000000011],[-107.24267099999852,39.63721300000001],[-107.24273099999853,39.637208000000001],[-107.24272399999853,39.637163000000008],[-107.24282799999853,39.637062000000007],[-107.24287299999853,39.636966999999999],[-107.24298499999851,39.636910999999998],[-107.24297099999852,39.636821000000005],[-107.24302999999851,39.636815000000006],[-107.24308199999852,39.636765000000004],[-107.2431349999985,39.636715000000002],[-107.24318699999851,39.636664000000003],[-107.2431799999985,39.63661900000001],[-107.24329099999852,39.636564],[-107.24350899999851,39.636510000000008],[-107.24358099999851,39.63649199999999],[-107.24380399999851,39.63638000000001],[-107.24380599999851,39.636380000000017],[-107.2439229999985,39.636369999999999],[-107.24408499999851,39.636289000000005],[-107.24414599999851,39.636258000000005],[-107.2442049999985,39.636252999999996],[-107.24426399999851,39.636248000000002],[-107.24432399999851,39.63624200000001],[-107.24438299999851,39.636237000000008],[-107.24449499999851,39.636181000000008],[-107.24467299999853,39.636164999999991],[-107.24502099999852,39.636088000000001],[-107.24519199999851,39.636027000000006],[-107.2453979999985,39.635968000000005],[-107.24542199999853,39.635960000000004],[-107.2455999999985,39.635944000000002],[-107.24577099999851,39.635883000000014],[-107.24580899999852,39.635847000000005],[-107.24587599999849,39.635783000000004],[-107.2460469999985,39.635722000000001],[-107.24615799999849,39.635665999999986],[-107.24620999999851,39.635615000000008],[-107.24626999999849,39.63561],[-107.24638099999849,39.635554000000006],[-107.24649299999851,39.635499000000003],[-107.24654499999849,39.635448000000011],[-107.24653799999851,39.635403000000011],[-107.24665699999849,39.635393000000001],[-107.24670899999849,39.635341999999994],[-107.24682799999849,39.635332000000005],[-107.24694599999849,39.635321000000012],[-107.24717599999849,39.635254000000018],[-107.2473539999985,39.635238000000008],[-107.24752499999849,39.635176999999999],[-107.24758499999849,39.635172000000004],[-107.2476959999985,39.635116000000011],[-107.24781499999851,39.635106000000007],[-107.2479329999985,39.635095000000007],[-107.24799799999849,39.635072000000015],[-107.24810399999851,39.635034000000005],[-107.2482819999985,39.635018000000009],[-107.24845299999848,39.634957],[-107.24856999999848,39.634945999999999],[-107.24863099999848,39.634940999999998],[-107.2487429999985,39.634884999999997],[-107.24879499999848,39.634834000000005],[-107.24885399999847,39.634829000000003],[-107.24884699999849,39.634784000000003],[-107.2489059999985,39.634779000000009],[-107.24896599999849,39.634773000000003],[-107.24901799999849,39.634723000000008],[-107.24907699999848,39.634718000000014],[-107.2490699999985,39.634672999999999],[-107.24912899999849,39.634666999999993],[-107.24912199999848,39.634622000000014],[-107.24918199999848,39.634617000000006],[-107.24917499999847,39.634571999999999],[-107.24922699999848,39.634522000000011],[-107.24928599999848,39.634515999999998],[-107.2492789999985,39.634471000000012],[-107.24933099999848,39.634421000000017],[-107.2493239999985,39.634376000000003],[-107.24931699999848,39.634331000000003],[-107.24930299999849,39.634241000000003],[-107.24929599999848,39.634196000000024],[-107.2492889999985,39.634151000000017],[-107.24928199999847,39.63410600000001],[-107.24927499999849,39.634060999999996],[-107.24920899999849,39.634021000000011],[-107.24914899999848,39.634025999999992],[-107.2491419999985,39.633980999999991],[-107.24908299999848,39.633987000000005],[-107.2490759999985,39.633941999999998],[-107.24906899999849,39.633897000000005],[-107.24900999999848,39.633901999999999],[-107.2490029999985,39.633857000000006],[-107.24893599999848,39.633816999999986],[-107.24886999999848,39.633778],[-107.24886299999849,39.633733000000007],[-107.24885599999848,39.633687999999992],[-107.2488489999985,39.633642999999992],[-107.24884199999848,39.633597999999999],[-107.24883499999849,39.633552999999992],[-107.24882799999848,39.633508000000006],[-107.24875399999848,39.633423000000015],[-107.24874699999849,39.633378000000008],[-107.24873999999849,39.633333],[-107.24873299999848,39.633288000000007],[-107.24871899999847,39.633197999999993],[-107.24871199999849,39.633153],[-107.2486979999985,39.633063000000007],[-107.24869099999849,39.633018000000007],[-107.24868399999848,39.632973000000007],[-107.24867699999849,39.632928000000007],[-107.2486689999985,39.632883000000014],[-107.24866199999848,39.632838],[-107.24865499999848,39.632792999999999],[-107.2486479999985,39.632748000000007],[-107.24864099999849,39.632703000000006],[-107.2486929999985,39.632652],[-107.24868599999849,39.632607],[-107.24867199999848,39.632517],[-107.2486649999985,39.632472000000007],[-107.24865099999847,39.632382],[-107.24864399999849,39.632337000000007],[-107.24863699999848,39.632292],[-107.2486299999985,39.632247000000007],[-107.24862299999847,39.632201999999999],[-107.24855699999848,39.632163000000013],[-107.24854999999849,39.632117999999998],[-107.2484169999985,39.632038000000001],[-107.24840299999849,39.631948000000008],[-107.2483219999985,39.631819],[-107.24824899999851,39.631734000000002],[-107.2481749999985,39.63164900000001],[-107.2481609999985,39.631559000000003],[-107.2480289999985,39.63148000000001],[-107.24802199999851,39.631435000000003],[-107.2479549999985,39.631395000000019],[-107.24788899999851,39.631354999999999],[-107.2478819999985,39.631310000000006],[-107.2477629999985,39.631321],[-107.2476969999985,39.631282000000006],[-107.24762999999849,39.631205000000023],[-107.24762299999851,39.631197000000007],[-107.24755699999851,39.631157000000002],[-107.2475429999985,39.631067000000002],[-107.2474769999985,39.631027000000003],[-107.2474029999985,39.630942999999988],[-107.24715199999851,39.630873999999999],[-107.24684799999849,39.630856000000009],[-107.24684099999851,39.630810999999994],[-107.2468339999985,39.630766000000001],[-107.24682699999849,39.630721000000008],[-107.24681999999851,39.630676000000015],[-107.2468789999985,39.630670999999992],[-107.24693199999849,39.630620000000008],[-107.24699099999849,39.630615000000006],[-107.24698399999851,39.630569999999999],[-107.2470429999985,39.630564000000007],[-107.24702899999851,39.630473999999992],[-107.2470879999985,39.630469000000005],[-107.24708099999849,39.630424000000005],[-107.24707399999851,39.630378999999991],[-107.2471789999985,39.630278000000004],[-107.2471719999985,39.630233000000011],[-107.24720299999851,39.630230000000005],[-107.24723099999849,39.63022800000001],[-107.2472829999985,39.630178000000001],[-107.24733599999851,39.630127000000009],[-107.24732899999849,39.630082000000009],[-107.24738799999849,39.630077000000007],[-107.24738099999851,39.630032000000014],[-107.24743299999849,39.629981000000001],[-107.2474259999985,39.629936000000008],[-107.24747799999849,39.629886000000006],[-107.24752999999849,39.629836000000012],[-107.24752299999849,39.629791000000019],[-107.2475759999985,39.629739999999991],[-107.24763499999851,39.629735000000004],[-107.2476279999985,39.629690000000011],[-107.24768699999849,39.629684999999995],[-107.24773899999849,39.629634000000017],[-107.24785099999849,39.629579000000007],[-107.24785099999849,39.629579000000007],[-107.24808099999849,39.629512000000013],[-107.2482919999985,39.62943700000001],[-107.2484229999985,39.629390000000008],[-107.24859399999848,39.629328999999998],[-107.24871199999849,39.629318000000012],[-107.24871899999847,39.629363000000012],[-107.24872699999848,39.629408000000012],[-107.24873399999849,39.629453000000005],[-107.24874099999847,39.629497999999991],[-107.24880699999848,39.629538000000004],[-107.24881399999849,39.629583000000004],[-107.24888699999848,39.629668000000002],[-107.24894699999849,39.629661999999989],[-107.24901999999848,39.629747000000016],[-107.2490869999985,39.629787000000015],[-107.24915299999849,39.629826000000008],[-107.24921899999848,39.629866000000007],[-107.24941099999847,39.629939999999998],[-107.24947799999848,39.62998000000001],[-107.24966299999848,39.630007999999997],[-107.24992099999848,39.630122000000014],[-107.2500609999985,39.630246000000014],[-107.25013399999848,39.630331000000012],[-107.2502739999985,39.630454999999998],[-107.25028099999848,39.630499999999998],[-107.25034699999848,39.630540000000018],[-107.25041399999849,39.630580000000009],[-107.25047299999848,39.630574000000017],[-107.2505319999985,39.630569000000015],[-107.2506509999985,39.630558000000008],[-107.25076999999848,39.630548000000005],[-107.25082899999849,39.630541999999998],[-107.25093299999848,39.630442000000002],[-107.25105199999848,39.630431000000009],[-107.25116399999848,39.630375000000001],[-107.25162399999847,39.630242000000003],[-107.25173499999848,39.630186999999992],[-107.25184699999846,39.630131000000006],[-107.25190599999848,39.630124999999992],[-107.25202499999847,39.630115000000004],[-107.25224799999846,39.630003000000002],[-107.25242599999848,39.629987000000014],[-107.25241899999848,39.629942000000007],[-107.25247799999846,39.629937000000005],[-107.25247099999848,39.629892000000005],[-107.25252299999846,39.629840999999999],[-107.25254699999847,39.629839000000004],[-107.25258299999848,39.629836000000005],[-107.25257599999847,39.629791000000012],[-107.25274599999847,39.629730000000016],[-107.25285099999849,39.629629000000016],[-107.25302199999847,39.629568000000006],[-107.25305699999846,39.629543000000005],[-107.25323799999848,39.629411999999995],[-107.25325599999847,39.629400000000011],[-107.25340199999847,39.629306000000014],[-107.25351299999846,39.629249999999999],[-107.25367699999845,39.629143999999997],[-107.25372899999847,39.629092999999997],[-107.25377399999847,39.628997999999996],[-107.25382699999845,39.628948000000008],[-107.25387899999846,39.628897000000009],[-107.25387199999845,39.628852000000002],[-107.25389599999845,39.628833999999998],[-107.25413999999846,39.628646000000018],[-107.25423799999845,39.628500000000003],[-107.25440099999847,39.628394000000007],[-107.25456499999846,39.628288000000005],[-107.25466299999846,39.628142000000004],[-107.25482699999847,39.628036000000002],[-107.25493099999846,39.627935000000001],[-107.25504299999845,39.627879],[-107.25515399999847,39.627823999999997],[-107.25531099999846,39.627672000000004],[-107.25536299999847,39.627622000000009],[-107.25541499999846,39.627572000000008],[-107.25558599999846,39.627510999999998],[-107.25563799999847,39.627460000000006],[-107.25575699999845,39.627450000000024],[-107.25597999999844,39.627338000000016],[-107.25603199999847,39.627287999999993],[-107.25614399999844,39.627231999999992],[-107.25619599999845,39.627181999999998],[-107.25618899999846,39.627136999999998],[-107.25624799999845,39.627130999999999],[-107.25629399999845,39.627036000000004],[-107.25635299999844,39.627031000000002],[-107.25634599999844,39.626984999999991],[-107.25640499999845,39.62698000000001],[-107.25645699999845,39.626929999999994],[-107.25647299999845,39.626914000000006],[-107.25656199999845,39.626829000000008],[-107.25654999999846,39.62675500000001],[-107.25654799999845,39.626739000000008],[-107.25656299999845,39.62673800000001],[-107.25660699999845,39.626734000000006],[-107.25659999999846,39.626689000000006],[-107.25659899999845,39.626685000000002],[-107.25659299999845,39.626644000000006],[-107.25657899999845,39.626553999999999],[-107.25656499999845,39.626463999999991],[-107.25655099999845,39.626373999999998],[-107.25652899999844,39.626239000000005],[-107.25651499999844,39.626148000000008],[-107.25644899999844,39.626109000000007],[-107.25638299999845,39.626069000000008],[-107.25636299999843,39.626057000000003],[-107.25631599999845,39.626030000000014],[-107.25625699999846,39.626035000000002],[-107.25619799999845,39.62604000000001],[-107.25607899999846,39.626051000000004],[-107.25601999999846,39.626056000000005],[-107.25602699999847,39.626100999999991],[-107.25596799999845,39.626107000000005],[-107.25596599999845,39.626107000000005],[-107.25584899999846,39.626116999999994],[-107.25579699999847,39.626168],[-107.25574399999847,39.626218000000009],[-107.25568499999846,39.62622300000001],[-107.25562599999847,39.626229000000016],[-107.25556699999845,39.626233999999997],[-107.25555899999846,39.626188999999997],[-107.25549999999846,39.626195000000003],[-107.25543399999846,39.626155000000011],[-107.25536699999847,39.626115000000013],[-107.25535999999845,39.626070000000006],[-107.25535299999846,39.626024999999998],[-107.25529399999847,39.626031000000005],[-107.25528699999846,39.625986000000005],[-107.25527999999845,39.625941000000012],[-107.25522099999846,39.625945999999999],[-107.25521399999846,39.625901000000006],[-107.25515399999847,39.625906000000008],[-107.25514699999844,39.625861000000008],[-107.25508799999845,39.625867000000014],[-107.25508099999847,39.625822000000007],[-107.25495499999846,39.625787000000017],[-107.25483699999846,39.625797999999996],[-107.25471099999845,39.625764000000011],[-107.25458499999847,39.625729000000007],[-107.25434099999846,39.625706000000008],[-107.25427499999846,39.625666000000002],[-107.25414899999846,39.62563200000001],[-107.25397099999847,39.625647999999998],[-107.25384499999845,39.625614000000013],[-107.25371999999845,39.625579000000009],[-107.25359399999847,39.62554500000001],[-107.25335699999847,39.625566000000006],[-107.25323799999848,39.625577000000007],[-107.25317899999848,39.625582000000009],[-107.25311999999846,39.625588000000008],[-107.25305299999846,39.625548000000002],[-107.25299399999847,39.625553000000004],[-107.25293499999847,39.625559000000017],[-107.25287499999847,39.625563999999997],[-107.25280899999846,39.625525000000003],[-107.25274999999847,39.625529999999998],[-107.25274299999847,39.625485000000005],[-107.25273599999846,39.625440000000012],[-107.25267599999846,39.625445000000006],[-107.25266899999848,39.625400000000006],[-107.25260299999847,39.625360999999998],[-107.25252999999847,39.625276000000007],[-107.25246299999847,39.625236000000001],[-107.25238999999847,39.625151999999993],[-107.25225699999848,39.625072000000003],[-107.25219099999846,39.625033000000009],[-107.25211699999846,39.62494800000001],[-107.25204399999846,39.624863000000005],[-107.25203699999848,39.624818000000005],[-107.25196299999848,39.624733999999997],[-107.25195599999847,39.624688999999996],[-107.25188999999847,39.624649000000005],[-107.25188299999849,39.624604000000005],[-107.25181699999848,39.624564000000014],[-107.25175699999846,39.624569999999999],[-107.25169099999846,39.62453],[-107.25162499999848,39.624490000000002],[-107.25155799999848,39.624450999999986],[-107.25149899999846,39.624456000000016],[-107.25149199999848,39.624411000000016],[-107.25148499999847,39.624366000000002],[-107.25147799999849,39.624321000000016],[-107.25141099999847,39.624281000000003],[-107.25134499999848,39.62424200000001],[-107.25133799999848,39.624196999999995],[-107.25121199999846,39.624161999999998],[-107.25120499999848,39.62411700000002],[-107.25114599999849,39.624122999999997],[-107.25113899999846,39.624077999999983],[-107.25106599999847,39.623993000000013],[-107.25099899999846,39.623953000000007],[-107.25099199999848,39.623944999999992],[-107.25092599999847,39.623868999999999],[-107.25091899999848,39.623824000000006],[-107.25090499999848,39.623733999999999],[-107.25089799999849,39.623689000000006],[-107.25088999999849,39.623643000000008],[-107.25082399999847,39.623604],[-107.25081699999846,39.623559],[-107.25075799999848,39.623564000000009],[-107.25075099999849,39.623519000000009],[-107.25074399999848,39.623474000000002],[-107.25073699999848,39.623429000000002],[-107.25072999999848,39.623384000000001],[-107.25072499999848,39.623355000000011],[-107.25072299999847,39.623339000000001],[-107.25071499999846,39.623294000000008],[-107.2507079999985,39.623249000000008],[-107.25070099999849,39.623203999999994],[-107.25069399999848,39.623158999999994],[-107.25080599999849,39.623103000000022],[-107.25079899999847,39.623058],[-107.25085799999847,39.623053000000006],[-107.25085099999848,39.623007999999999],[-107.25096299999846,39.622952000000005],[-107.25121699999848,39.622871000000011],[-107.25125999999848,39.622858000000015],[-107.25136399999846,39.622824999999999],[-107.25165299999847,39.622753000000003],[-107.25200899999847,39.622721000000006],[-107.25209199999848,39.622691000000003],[-107.25219799999849,39.622653000000007],[-107.25235099999847,39.622599000000001],[-107.25244799999848,39.622550000000018],[-107.25246199999847,39.622543000000007],[-107.25252099999847,39.622537999999999],[-107.25251399999848,39.622492999999999],[-107.25256699999848,39.622441999999999],[-107.25255999999847,39.622396999999999],[-107.25261199999848,39.622347000000005],[-107.25264999999847,39.622310000000006],[-107.25266399999846,39.622295999999999],[-107.25272299999847,39.62229099999999],[-107.25271599999849,39.622245999999997],[-107.25276799999847,39.62219600000001],[-107.25276099999849,39.622151000000009],[-107.25279999999847,39.62201000000001],[-107.25279299999846,39.621965000000017],[-107.25278499999847,39.62192000000001],[-107.25277099999848,39.621829999999996],[-107.25276399999846,39.62178500000001],[-107.25274999999847,39.621694999999995],[-107.25271499999846,39.621470000000009],[-107.25270099999847,39.621379999999995],[-107.25275299999848,39.62133],[-107.25273899999848,39.621239999999993],[-107.25279099999847,39.621189000000008],[-107.25284299999848,39.621139000000007],[-107.25282899999848,39.621049000000006],[-107.25293399999846,39.620947999999991],[-107.25292699999848,39.620903000000006],[-107.25291999999847,39.620857999999998],[-107.25291299999849,39.620813000000005],[-107.25290599999848,39.620768000000012],[-107.25289899999846,39.620723000000005],[-107.25289099999847,39.620677999999998],[-107.25288399999847,39.620633000000005],[-107.25287699999846,39.620588000000012],[-107.25286999999848,39.620543000000005],[-107.25286299999847,39.620498000000005],[-107.25285599999846,39.620452999999998],[-107.25284899999848,39.620408000000005],[-107.25284199999847,39.620362999999998],[-107.25283499999848,39.62031799999999],[-107.25282799999846,39.620273000000005],[-107.25282099999848,39.620227999999997],[-107.25276199999847,39.620233000000013],[-107.25268799999849,39.620149000000005],[-107.25268099999847,39.620103999999998],[-107.25267399999846,39.620058999999998],[-107.25260799999847,39.620018999999999],[-107.25254799999848,39.620024000000001],[-107.25254099999846,39.619979000000001],[-107.25253399999848,39.619933999999994],[-107.25252699999847,39.619889000000015],[-107.25251999999848,39.619844000000001],[-107.25251299999847,39.619799],[-107.25244699999847,39.619760000000007],[-107.25243999999849,39.619715000000014],[-107.25243299999848,39.619669999999999],[-107.25242599999848,39.619624999999999],[-107.25241899999848,39.619580000000006],[-107.25238999999847,39.619399999999999],[-107.25238299999846,39.619355000000006],[-107.25237599999848,39.619309000000008],[-107.25236199999848,39.619219000000015],[-107.25234799999848,39.619129000000008],[-107.25233399999847,39.619039000000001],[-107.25231299999848,39.618904000000015],[-107.25229899999846,39.618814],[-107.25229199999848,39.618769000000007],[-107.25233699999848,39.618673999999999],[-107.25238199999848,39.618579000000011],[-107.25253899999846,39.618427000000004],[-107.25264999999847,39.618372000000015],[-107.25287999999848,39.618305000000007],[-107.25323599999848,39.618273000000009],[-107.25329599999849,39.618268000000008],[-107.25330299999847,39.618313000000008],[-107.25330999999846,39.618358000000001],[-107.25331699999846,39.618403000000015],[-107.25332399999847,39.618448000000001],[-107.25338999999846,39.618488000000006],[-107.25344899999847,39.618482000000014],[-107.25345599999847,39.618527],[-107.25346299999846,39.618572000000007],[-107.25347099999847,39.618617],[-107.25341799999846,39.618667999999992],[-107.25342499999844,39.618713],[-107.25343899999848,39.618803000000007],[-107.25344699999846,39.618848],[-107.25351299999846,39.618887000000001],[-107.25351999999846,39.618932000000001],[-107.25357899999845,39.618926999999999],[-107.25359299999845,39.619016999999999],[-107.25366699999844,39.619102000000005],[-107.25373999999846,39.619185999999999],[-107.25380599999845,39.619225999999998],[-107.25381399999847,39.619271000000012],[-107.25382799999846,39.619361000000005],[-107.25383499999845,39.619406000000005],[-107.25384199999847,39.619450999999998],[-107.25384899999845,39.619496000000012],[-107.25391499999846,39.619535999999997],[-107.25398199999844,39.619574999999998],[-107.25398899999847,39.619620000000012],[-107.25404799999845,39.619615000000003],[-107.25411399999847,39.619655000000009],[-107.25412099999846,39.619700000000009],[-107.25418799999846,39.619739000000003],[-107.25425399999847,39.619779000000008],[-107.25426099999846,39.619824000000001],[-107.25432699999847,39.619864],[-107.25433399999847,39.619909],[-107.25440099999847,39.619948000000001],[-107.25440799999845,39.619993000000001],[-107.25442199999847,39.620083000000015],[-107.25442899999847,39.620128000000001],[-107.25443599999846,39.620173000000001],[-107.25449499999847,39.620167999999978],[-107.25450199999845,39.620213000000021],[-107.25450899999846,39.620258000000007],[-107.25457599999845,39.620298000000005],[-107.25458299999846,39.620343000000005],[-107.25458999999844,39.620388000000005],[-107.25459699999847,39.62043300000002],[-107.25460399999847,39.620477999999999],[-107.25461099999845,39.620522999999991],[-107.25455199999847,39.620528000000007],[-107.25455899999847,39.620573000000007],[-107.25450699999847,39.620624000000007],[-107.25451399999847,39.620668999999999],[-107.25451999999846,39.620705999999991],[-107.25452799999846,39.620758999999993],[-107.25453499999846,39.620804000000007],[-107.25454199999847,39.620849000000014],[-107.25454899999845,39.620894000000007],[-107.25461499999845,39.620933000000008],[-107.25467499999847,39.620927999999999],[-107.25474099999846,39.620967999999998],[-107.25475499999847,39.621058000000005],[-107.25479399999847,39.621102],[-107.25482799999845,39.621142000000006],[-107.25484299999846,39.621232000000006],[-107.25490899999846,39.621271999999998],[-107.25503499999847,39.621306000000011],[-107.25515999999847,39.621341000000001],[-107.25528599999846,39.621375],[-107.25564199999846,39.621342999999996],[-107.25581999999847,39.621327000000001],[-107.25593799999847,39.621316000000014],[-107.25599699999846,39.621311000000006],[-107.25598999999846,39.621265999999999],[-107.25598299999847,39.621221000000006],[-107.25597599999847,39.621175999999991],[-107.25603599999845,39.621170000000006],[-107.25602899999846,39.621125000000006],[-107.25607399999845,39.62102999999999],[-107.25613299999846,39.621024000000006],[-107.25612599999845,39.620979000000013],[-107.25611899999845,39.620933999999998],[-107.25611199999847,39.620889000000005],[-107.25610499999846,39.620844000000012],[-107.25609799999846,39.620799000000005],[-107.25614999999846,39.620749000000004],[-107.25632099999845,39.620688000000001],[-107.25667699999845,39.620656000000011],[-107.25685499999845,39.620640000000002],[-107.25703199999845,39.620624000000007],[-107.25715099999843,39.620612999999985],[-107.25733599999845,39.620642000000004],[-107.25745499999844,39.62063100000001],[-107.25757999999846,39.62066500000001],[-107.25769899999845,39.620655000000006],[-107.25776499999846,39.620694],[-107.25777199999845,39.620739],[-107.25777899999845,39.620784000000015],[-107.25778599999843,39.620829000000015],[-107.25779299999846,39.620874000000008],[-107.25780699999845,39.620963000000003],[-107.25781899999845,39.620965000000005],[-107.25787599999843,39.620988000000004],[-107.25813299999845,39.621100000000006],[-107.25825999999846,39.621595000000013],[-107.25875399999843,39.621970000000005],[-107.25878199999843,39.622087999999998],[-107.25879999999843,39.62210799999999],[-107.25880299999844,39.62213599999999],[-107.25886399999844,39.622180999999998],[-107.25893999999843,39.622267000000008],[-107.25904199999843,39.622333999999995],[-107.25909799999842,39.622394],[-107.25924699999844,39.622420000000012],[-107.25931199999843,39.622425999999997],[-107.25939299999843,39.62236],[-107.25948299999843,39.622294000000004],[-107.25950599999844,39.622253000000008],[-107.25994099999843,39.621876],[-107.25993399999844,39.621867999999999],[-107.25985999999844,39.621783000000008],[-107.25978699999844,39.621699000000007],[-107.25971299999844,39.621614000000001],[-107.25970599999842,39.621569000000008],[-107.25969899999843,39.621524000000008],[-107.25963299999843,39.621484000000002],[-107.25962599999843,39.621439000000009],[-107.25956699999843,39.621445000000008],[-107.25955999999843,39.621400000000001],[-107.25955299999843,39.621355000000001],[-107.25954499999844,39.621310000000008],[-107.25953799999844,39.621265000000001],[-107.25953099999843,39.621220000000008],[-107.25952399999844,39.621175000000008],[-107.25951699999844,39.621130000000015],[-107.25950999999844,39.621085000000008],[-107.25949599999844,39.620995000000001],[-107.25948899999844,39.620950000000001],[-107.25948199999844,39.620905],[-107.25947499999843,39.620860000000008],[-107.25946799999844,39.62081400000001],[-107.25946099999844,39.62076900000001],[-107.25940099999842,39.620775000000009],[-107.25939399999844,39.620730000000009],[-107.25938699999844,39.620684999999987],[-107.25937999999843,39.620640000000002],[-107.25932099999844,39.620645000000003],[-107.25931399999844,39.620600000000003],[-107.25930699999843,39.620555000000017],[-107.25917399999844,39.620476000000011],[-107.25910799999843,39.620435999999991],[-107.25903399999844,39.620350999999992],[-107.25897499999844,39.620357000000006],[-107.25896799999843,39.620312000000006],[-107.25890899999844,39.620317],[-107.25884199999844,39.620277999999999],[-107.25883499999844,39.620233000000006],[-107.25882799999843,39.620187999999999],[-107.25876199999844,39.620148000000007],[-107.25869599999845,39.620108000000023],[-107.25862199999845,39.620024000000008],[-107.25854899999845,39.619939000000002],[-107.25847499999846,39.619854000000011],[-107.25846799999844,39.619808999999997],[-107.25839499999844,39.61972500000001],[-107.25837399999845,39.619588999999998],[-107.25836699999846,39.619544000000012],[-107.25835999999845,39.619498999999998],[-107.25835299999844,39.619454000000012],[-107.25834499999844,39.619408999999997],[-107.25839799999844,39.619359000000003],[-107.25839099999845,39.61931400000001],[-107.25838399999844,39.61926900000001],[-107.25844299999844,39.61926399999998],[-107.25843599999845,39.619219000000015],[-107.25848799999844,39.619168000000002],[-107.25848099999845,39.619123000000009],[-107.25847399999844,39.619078000000009],[-107.25853299999844,39.619073000000014],[-107.25852599999844,39.619028000000007],[-107.25857799999845,39.618978000000006],[-107.25857099999844,39.61893300000002],[-107.25856399999844,39.618886999999994],[-107.25855699999845,39.618842000000001],[-107.25854999999844,39.618797000000008],[-107.25854299999844,39.618752000000001],[-107.25853599999846,39.618707000000008],[-107.25852899999843,39.618662000000008],[-107.25852199999845,39.618617],[-107.25851499999845,39.618572],[-107.25850799999844,39.618527],[-107.25850099999845,39.618482000000014],[-107.25849399999845,39.618437000000014],[-107.25848699999845,39.618391999999993],[-107.25847999999844,39.618347000000014],[-107.25853199999845,39.618296999999991],[-107.25852499999843,39.618251999999984],[-107.25851799999843,39.618206999999998],[-107.25857699999844,39.618202000000011],[-107.25856999999843,39.618156999999989],[-107.25862199999844,39.618105999999997],[-107.25863599999843,39.618092999999995],[-107.25867399999844,39.618055999999996],[-107.25873399999844,39.618049999999997],[-107.25872699999843,39.618004999999997],[-107.25878599999844,39.618000000000002],[-107.25877899999844,39.617955000000009],[-107.25877199999843,39.617910000000002],[-107.25883099999844,39.617905000000007],[-107.25888299999843,39.617853999999994],[-107.25889699999844,39.617827000000005],[-107.25891399999843,39.617790000000007],[-107.25892899999843,39.617759000000007],[-107.25898099999844,39.617709000000012],[-107.25903999999844,39.617702999999999],[-107.25909199999843,39.617653000000004],[-107.25912899999844,39.617617000000017],[-107.25914499999844,39.617601999999984],[-107.25919699999844,39.617552000000018],[-107.25956999999843,39.617245000000004],[-107.25956199999844,39.617199999999997],[-107.25950299999843,39.617204999999998],[-107.25949599999844,39.617159999999998],[-107.25943699999844,39.617165],[-107.25937799999843,39.617170999999992],[-107.25936999999844,39.617126000000013],[-107.25930399999844,39.617086000000008],[-107.25929699999844,39.617041000000008],[-107.25928999999843,39.616996000000007],[-107.25928299999843,39.616951000000014],[-107.25927599999844,39.616906],[-107.25926899999844,39.616860999999986],[-107.25926199999843,39.616816],[-107.25932099999844,39.616810000000001],[-107.25937999999843,39.616805000000006],[-107.25938699999844,39.616849999999999],[-107.25950599999844,39.616838999999999],[-107.25951299999844,39.616884000000006],[-107.25957199999844,39.616878999999997],[-107.25957899999844,39.616923999999997],[-107.25963899999844,39.61691900000001],[-107.25969799999842,39.616913000000004],[-107.25971199999843,39.616912000000013],[-107.25975699999843,39.616908000000009],[-107.25981699999843,39.616903000000008],[-107.25987599999844,39.616897000000009],[-107.25993499999844,39.616892000000007],[-107.25999399999844,39.616886999999991],[-107.25998699999843,39.616841999999998],[-107.26003999999844,39.616790999999985],[-107.26003299999844,39.616745999999999],[-107.26015099999843,39.616735000000006],[-107.26017899999842,39.616709],[-107.26020299999844,39.61668499999999],[-107.26026299999843,39.616680000000017],[-107.26032199999844,39.616674000000003],[-107.26038099999843,39.616669000000009],[-107.26049299999843,39.616613000000008],[-107.26055199999844,39.616608000000006],[-107.26060399999844,39.616558000000005],[-107.26071599999844,39.616501999999997],[-107.26076799999844,39.616450999999998],[-107.26076099999844,39.616406000000019],[-107.26081299999844,39.616356000000003],[-107.26087299999844,39.616351000000009],[-107.26123499999842,39.61636399999999],[-107.26141299999843,39.616346999999998],[-107.26159099999842,39.616331000000002],[-107.26177599999842,39.61636],[-107.26195399999843,39.616344000000005],[-107.26201299999842,39.616339000000004],[-107.26207299999842,39.616334000000009],[-107.26213199999842,39.616328000000003],[-107.26219099999842,39.616323000000008],[-107.26230999999842,39.616312000000008],[-107.26254699999842,39.616291000000004],[-107.26260599999843,39.616285000000005],[-107.26266599999842,39.616280000000003],[-107.26265799999842,39.616235000000017],[-107.26271799999843,39.616230000000009],[-107.26277699999842,39.616224000000003],[-107.26289599999842,39.616213999999999],[-107.26295499999843,39.616208000000007],[-107.26301399999842,39.616202999999999],[-107.26307399999843,39.616197000000007],[-107.26313299999842,39.616192000000012],[-107.26319199999843,39.616186999999982],[-107.26324399999842,39.616135999999997],[-107.26323699999843,39.616090999999997],[-107.26327999999842,39.616088000000012],[-107.26329699999842,39.616086000000003],[-107.26328999999842,39.616041000000003],[-107.26334899999843,39.616036000000001],[-107.26340799999842,39.616030000000002],[-107.26346699999841,39.616025],[-107.26347299999841,39.616024000000003],[-107.26358599999843,39.616014000000007],[-107.2637639999984,39.615998000000005],[-107.26394199999841,39.615982000000002],[-107.2640009999984,39.615977000000008],[-107.26405999999841,39.615971000000009],[-107.26411999999843,39.615966000000007],[-107.2641129999984,39.615921],[-107.26417199999841,39.615916000000006],[-107.2642309999984,39.615910000000007],[-107.26428299999841,39.615859999999991],[-107.2642759999984,39.615814999999998],[-107.26426899999841,39.615769999999998],[-107.26426199999841,39.615724999999998],[-107.26425899999842,39.615701000000001],[-107.26425499999841,39.615679999999998],[-107.2642479999984,39.615635000000005],[-107.26424099999841,39.615590000000005],[-107.26423399999841,39.615544999999997],[-107.26416799999841,39.615504999999999],[-107.26416099999841,39.615460000000006],[-107.26409399999841,39.61542],[-107.26408699999841,39.615375000000007],[-107.26402099999841,39.615336000000006],[-107.26401399999841,39.615290999999999],[-107.26395399999842,39.615296000000008],[-107.26394699999841,39.615251000000008],[-107.26393999999841,39.615206000000008],[-107.2639329999984,39.615161000000001],[-107.26392599999841,39.615115999999993],[-107.26391899999841,39.615071000000007],[-107.26391199999841,39.615025999999993],[-107.2639049999984,39.614981000000007],[-107.26389799999841,39.614936000000014],[-107.26389099999841,39.614891000000007],[-107.26388899999841,39.614879999999999],[-107.26388399999841,39.614845999999993],[-107.2638769999984,39.614801000000007],[-107.26386999999841,39.614756000000014],[-107.2638029999984,39.614716000000008],[-107.26379599999841,39.614671000000008],[-107.26378899999841,39.614626000000015],[-107.26378199999843,39.614581000000008],[-107.2637749999984,39.614536000000008],[-107.26376799999841,39.614491000000008],[-107.26375399999841,39.614401000000008],[-107.26380599999841,39.614350999999999],[-107.2638649999984,39.614344999999993],[-107.26393199999841,39.614385000000006],[-107.26399099999843,39.614380000000004],[-107.26404999999841,39.614374000000005],[-107.26410999999841,39.614369000000011],[-107.26416899999842,39.614364000000016],[-107.26422799999841,39.61435800000001],[-107.26429499999841,39.614397999999994],[-107.26447199999842,39.614381999999999],[-107.26488799999841,39.61434400000001],[-107.26500599999841,39.614333999999999],[-107.26506499999842,39.614328000000008],[-107.26512499999841,39.614323000000013],[-107.26518399999841,39.614317999999997],[-107.26524299999841,39.614311999999998],[-107.26530299999841,39.61430699999999],[-107.2653619999984,39.614300999999998],[-107.26542099999841,39.61429600000001],[-107.26548799999841,39.614336000000002],[-107.26560599999841,39.614325000000001],[-107.26573199999841,39.614359],[-107.2657909999984,39.614354000000006],[-107.26584999999841,39.614348999999997],[-107.26590999999841,39.614342999999998],[-107.26590299999842,39.614297999999998],[-107.26589499999841,39.614252999999998],[-107.26588799999841,39.614207999999998],[-107.26594099999841,39.614158000000003],[-107.26599999999841,39.614151999999997],[-107.2659929999984,39.614107000000004],[-107.26605199999841,39.61410200000001],[-107.2661109999984,39.614097000000015],[-107.26617099999841,39.614091000000002],[-107.2662819999984,39.614035999999999],[-107.26634199999839,39.614030000000007],[-107.2664009999984,39.614025000000005],[-107.26645999999839,39.614020000000004],[-107.26657899999839,39.614009000000017],[-107.26663799999841,39.614003000000011],[-107.26669699999839,39.613998000000002],[-107.26681599999841,39.613987000000009],[-107.26687499999839,39.613981999999993],[-107.26688199999839,39.614027000000007],[-107.26694199999839,39.614022000000006],[-107.26700099999839,39.614016000000007],[-107.26705999999839,39.614011000000005],[-107.26706199999839,39.614024000000008],[-107.26706699999839,39.614056000000005],[-107.2670739999984,39.614100999999991],[-107.26714099999839,39.614140999999996],[-107.2671479999984,39.614186000000004],[-107.2671549999984,39.614230999999997],[-107.26716899999839,39.614320999999997],[-107.2671759999984,39.614366000000004],[-107.26712399999839,39.614416000000006],[-107.2671309999984,39.614460999999999],[-107.2671379999984,39.614505999999999],[-107.26714499999839,39.614550999999985],[-107.26715199999839,39.614596000000006],[-107.2671589999984,39.614640999999999],[-107.26716599999841,39.614685999999999],[-107.26717299999839,39.614731000000013],[-107.26717999999839,39.614775999999992],[-107.2671869999984,39.614820999999999],[-107.26713499999839,39.614872000000013],[-107.2671419999984,39.614917000000005],[-107.2671489999984,39.614961999999998],[-107.2670969999984,39.615012000000014],[-107.26704499999839,39.615062000000002],[-107.26699199999841,39.615113000000008],[-107.26699999999839,39.615158000000008],[-107.2670069999984,39.615203000000001],[-107.26694699999841,39.615207999999996],[-107.26695399999839,39.61525300000001],[-107.26696099999839,39.615297999999996],[-107.26690899999839,39.615348000000012],[-107.26691599999839,39.615394000000002],[-107.2669229999984,39.615439000000002],[-107.2669299999984,39.615484000000009],[-107.26700399999839,39.615567999999996],[-107.26701099999839,39.61561300000001],[-107.26701799999839,39.61565800000001],[-107.26707699999839,39.615653000000002],[-107.26708399999841,39.615698000000002],[-107.26709099999839,39.615743000000002],[-107.26715799999839,39.615783],[-107.2671649999984,39.615828],[-107.26723099999839,39.615867000000009],[-107.26729699999841,39.615907],[-107.26730499999839,39.615952],[-107.2673439999984,39.615975000000006],[-107.26737099999839,39.615992000000006],[-107.26737799999839,39.616037000000013],[-107.26744399999839,39.616075999999993],[-107.26745099999839,39.61611700000001],[-107.26745099999839,39.616121000000014],[-107.2675179999984,39.616161000000012],[-107.26755599999839,39.616184000000018],[-107.26758399999839,39.616199999999999],[-107.26758799999841,39.616225999999997],[-107.26759099999839,39.616245999999997],[-107.2675979999984,39.616291000000011],[-107.2676049999984,39.616336000000004],[-107.26761199999839,39.61638099999999],[-107.26761899999839,39.616426000000011],[-107.2676259999984,39.616471000000004],[-107.2676339999984,39.616515999999997],[-107.26757399999839,39.616520999999999],[-107.26752199999839,39.616571],[-107.26752899999839,39.616616000000015],[-107.26747699999839,39.616667000000007],[-107.2674249999984,39.616717000000001],[-107.26736499999839,39.616722000000003],[-107.2673059999984,39.616728000000016],[-107.2673129999984,39.616773000000009],[-107.2672539999984,39.616778000000004],[-107.26720199999839,39.616829000000003],[-107.26708999999839,39.616884000000006],[-107.2670969999984,39.616929000000013],[-107.26703799999839,39.616935000000005],[-107.26704499999839,39.616980000000005],[-107.26699299999839,39.617029999999993],[-107.26693299999839,39.617035000000016],[-107.26688799999839,39.617131000000008],[-107.26683599999839,39.617181000000009],[-107.26684299999839,39.617226000000009],[-107.2668499999984,39.617271000000009],[-107.26685699999841,39.617316000000017],[-107.26686399999839,39.617361000000002],[-107.26687099999839,39.61740600000001],[-107.26693799999839,39.617446000000008],[-107.26694499999842,39.617491000000001],[-107.26700399999839,39.617486000000007],[-107.26706999999841,39.617525000000001],[-107.26712999999839,39.617519999999999],[-107.26719599999839,39.617559000000014],[-107.2672029999984,39.617604],[-107.2672619999984,39.617599000000006],[-107.26726899999839,39.617644000000006],[-107.26733599999841,39.617683999999997],[-107.26739499999839,39.617677999999998],[-107.26745399999839,39.617673000000003],[-107.2675209999984,39.617713000000002],[-107.2675869999984,39.617752000000003],[-107.26764599999839,39.617747000000008],[-107.2677719999984,39.617781000000015],[-107.2678309999984,39.617776000000006],[-107.26789099999841,39.617771000000005],[-107.2680159999984,39.617804999999997],[-107.26807599999839,39.617799000000005],[-107.2681349999984,39.617794000000011],[-107.26814199999839,39.617839000000011],[-107.2682009999984,39.617833999999995],[-107.2682679999984,39.617872999999996],[-107.26832699999841,39.617868000000001],[-107.2683859999984,39.617863],[-107.26844499999839,39.617857000000015],[-107.26850499999841,39.617852000000006],[-107.26857099999839,39.617891999999998],[-107.26862999999841,39.617885999999999],[-107.2686969999984,39.617926000000004],[-107.26875599999839,39.617921000000017],[-107.2688819999984,39.617955000000009],[-107.26894099999841,39.617949000000024],[-107.26894799999837,39.617994000000003],[-107.26900699999838,39.617989000000009],[-107.26901399999838,39.618034000000009],[-107.26913999999837,39.618068000000015],[-107.26919899999839,39.618062999999999],[-107.26926599999838,39.618102999999991],[-107.2693319999984,39.618142000000013],[-107.26939799999838,39.618182000000012],[-107.26945799999838,39.61817700000001],[-107.26946499999839,39.61822200000001],[-107.26952399999838,39.618215999999997],[-107.26953099999838,39.61826099999999],[-107.26958999999839,39.618256000000017],[-107.26965699999838,39.618296000000001],[-107.26971599999838,39.618290000000009],[-107.26972299999839,39.618335000000009],[-107.26978199999839,39.618329999999993],[-107.26978999999838,39.618375],[-107.2698499999984,39.618369000000023],[-107.26996699999837,39.618358999999991],[-107.26997399999838,39.618404000000005],[-107.27009999999838,39.61843799999999],[-107.2701589999984,39.61843300000001],[-107.27016599999838,39.618478000000025],[-107.27022599999837,39.618472000000011],[-107.2702329999984,39.618517000000004],[-107.27029899999837,39.61855700000001],[-107.27030599999839,39.618602000000017],[-107.2703799999984,39.618687000000016],[-107.27038699999838,39.618732000000001],[-107.27039399999838,39.618776999999994],[-107.27045299999838,39.61877100000001],[-107.27045999999839,39.61881600000001],[-107.27051899999839,39.618810999999987],[-107.27052699999838,39.618856000000001],[-107.2705929999984,39.618896000000007],[-107.27059999999838,39.618941],[-107.27060699999838,39.618986],[-107.27066599999839,39.618979999999993],[-107.2706729999984,39.619025000000008],[-107.27067999999838,39.619070000000008],[-107.27068799999839,39.619115000000008],[-107.27069499999838,39.619160000000001],[-107.27075399999838,39.619154999999992],[-107.27076099999839,39.619200000000014],[-107.27076799999838,39.619245000000006],[-107.27077499999838,39.619290000000007],[-107.27077899999838,39.619317000000017],[-107.27078199999838,39.619335],[-107.27078899999837,39.61938],[-107.2707959999984,39.619425000000007],[-107.27080299999838,39.619470000000007],[-107.27080999999839,39.619515000000014],[-107.27081699999837,39.619560000000007],[-107.27082499999838,39.619605000000007],[-107.27076499999839,39.619611000000013],[-107.27077199999837,39.619655999999999],[-107.27077899999838,39.619700999999999],[-107.27078599999838,39.619746000000006],[-107.27079299999838,39.619791000000006],[-107.27080099999839,39.619836000000014],[-107.27074799999838,39.619886000000001],[-107.27075499999839,39.619931000000008],[-107.27076199999838,39.619976000000008],[-107.27076999999838,39.620021000000001],[-107.27077699999839,39.620066000000016],[-107.27078399999839,39.620111000000001],[-107.2707239999984,39.620115999999996],[-107.27073099999838,39.620161000000003],[-107.27073799999837,39.62020600000001],[-107.27074599999838,39.620251000000003],[-107.27075299999839,39.620296000000003],[-107.27075999999838,39.62034100000001],[-107.27077399999838,39.620432000000008],[-107.27078099999838,39.620477000000008],[-107.27078799999838,39.620522000000008],[-107.27079499999839,39.620567000000015],[-107.2708019999984,39.620612000000008],[-107.27080899999838,39.620656999999994],[-107.27081599999839,39.620702000000009],[-107.27082299999837,39.620747000000001],[-107.27082999999838,39.620792000000009],[-107.27083699999838,39.620837000000002],[-107.27084399999838,39.620882000000009],[-107.27085199999838,39.620927000000009],[-107.2708589999984,39.620972000000002],[-107.2709249999984,39.62101100000001],[-107.27093199999838,39.62105600000001],[-107.27093899999839,39.621101000000003],[-107.27094599999837,39.62114600000001],[-107.27094899999838,39.621164000000007],[-107.27095299999839,39.62119100000001],[-107.27095599999838,39.621210999999988],[-107.27095999999838,39.62123600000001],[-107.27096699999838,39.62128100000001],[-107.27103399999838,39.621321000000002],[-107.27104099999838,39.621366000000016],[-107.27110699999839,39.621406],[-107.27117399999838,39.621445000000023],[-107.27118099999838,39.621489999999994],[-107.2712399999984,39.621485000000007],[-107.27136599999838,39.621518999999992],[-107.27137299999838,39.621563999999999],[-107.27143199999837,39.621558999999998],[-107.27149099999836,39.621554000000003],[-107.27149799999837,39.621598999999996],[-107.27155799999836,39.621593000000011],[-107.27162399999837,39.621632999999981],[-107.27163099999838,39.621678000000003],[-107.27168999999839,39.621673000000001],[-107.27175699999836,39.621712000000024],[-107.27182299999838,39.621752000000008],[-107.27188199999837,39.621746000000009],[-107.27194899999837,39.621786000000007],[-107.27201499999836,39.621826000000006],[-107.27207399999837,39.621820000000014],[-107.27213399999836,39.621815000000005],[-107.27219299999837,39.621810000000004],[-107.27219999999838,39.621855000000011],[-107.27231899999838,39.621844000000017],[-107.27232599999837,39.62188900000001],[-107.27238499999837,39.621884000000009],[-107.27242499999838,39.621889999999993],[-107.27256999999837,39.621912000000009],[-107.27257699999838,39.621957999999999],[-107.27263599999839,39.621951999999993],[-107.27270299999837,39.621992000000006],[-107.27276199999837,39.621986],[-107.27284199999836,39.622116000000005],[-107.27296799999839,39.622150000000005],[-107.27297499999837,39.622195000000005],[-107.27304199999837,39.622235000000018],[-107.27310799999836,39.622274999999995],[-107.27317399999836,39.62231400000001],[-107.27324099999836,39.622354000000001],[-107.27324799999838,39.622399000000023],[-107.27331399999838,39.622439000000007],[-107.27337999999837,39.622478000000008],[-107.27344699999838,39.622518000000014],[-107.27357999999838,39.622596999999999],[-107.27358699999837,39.622642000000006],[-107.27365299999836,39.622681999999998],[-107.27365999999839,39.62272699999999],[-107.27371899999838,39.622722000000003],[-107.27372599999836,39.622767000000024],[-107.27378599999837,39.622760999999997],[-107.27379299999838,39.622806000000004],[-107.27385199999839,39.622801000000017],[-107.27385899999835,39.622846000000003],[-107.27392499999837,39.622885000000004],[-107.27393299999837,39.622931000000015],[-107.27399199999837,39.622925000000016],[-107.27399899999837,39.622970000000009],[-107.27406499999837,39.623010000000008],[-107.27413199999836,39.623049000000002],[-107.27413899999837,39.623094000000016],[-107.27414599999835,39.623139000000002],[-107.27415999999836,39.623230000000021],[-107.27416699999837,39.623275000000014],[-107.27417399999837,39.623320000000007],[-107.27412199999837,39.623370000000016],[-107.27412899999837,39.623415000000008],[-107.27407699999837,39.62346500000001],[-107.27408399999835,39.62351000000001],[-107.27403199999837,39.623561000000009],[-107.27403899999835,39.623606000000002],[-107.27397899999838,39.623610999999997],[-107.27398599999836,39.623656000000004],[-107.27393399999838,39.623705999999999],[-107.27388199999837,39.623757000000012],[-107.27388899999838,39.623802000000005],[-107.27382999999838,39.623806999999999],[-107.27383699999837,39.623852000000014],[-107.27384399999838,39.623896999999992],[-107.27379199999837,39.623948000000013],[-107.27379899999838,39.623993000000013],[-107.27374599999838,39.624043],[-107.27375299999836,39.624088],[-107.27369399999837,39.624093000000002],[-107.27370799999836,39.624183000000016],[-107.27371499999838,39.624228000000009],[-107.27365599999838,39.624234000000008],[-107.27366299999836,39.624279000000016],[-107.27366999999838,39.624324000000001],[-107.27361799999836,39.624374000000017],[-107.27362499999838,39.624419000000017],[-107.27357299999836,39.624470000000002],[-107.27352099999837,39.624519999999997],[-107.27352799999836,39.624565000000004],[-107.27347499999837,39.624615000000013],[-107.27348199999838,39.624660000000006],[-107.27342299999836,39.624666000000005],[-107.27336399999837,39.624671000000006],[-107.27330499999836,39.624676000000008],[-107.27331199999838,39.624721000000015],[-107.27325199999838,39.624727000000007],[-107.27319299999839,39.624732000000009],[-107.27314099999836,39.624783000000015],[-107.27314799999839,39.624828000000008],[-107.27308899999836,39.624833000000002],[-107.27309599999836,39.62487800000001],[-107.27303599999837,39.62488299999999],[-107.27304299999837,39.624928000000004],[-107.27298399999837,39.62493400000001],[-107.27292499999838,39.624938999999998],[-107.27293899999837,39.625029000000005],[-107.27287999999838,39.625034000000007],[-107.27282699999839,39.625085000000006],[-107.27283399999837,39.625130000000006],[-107.27277499999838,39.625135],[-107.27278199999837,39.625180000000007],[-107.27278899999837,39.625225],[-107.27272999999838,39.625230999999992],[-107.27273699999837,39.625275999999999],[-107.27268499999838,39.625326000000001],[-107.27269199999837,39.625371000000015],[-107.27263999999838,39.62542100000001],[-107.27264699999837,39.625466000000003],[-107.27265399999837,39.62551100000001],[-107.27259499999838,39.625517000000009],[-107.27254199999838,39.625567000000011],[-107.27248999999837,39.62561800000001],[-107.27243799999836,39.625668000000005],[-107.27239999999837,39.625703999999999],[-107.27238599999838,39.625717999999999],[-107.27232599999837,39.625723999999998],[-107.27233299999838,39.625768999999998],[-107.27227399999838,39.625774],[-107.27228099999837,39.625818999999993],[-107.27228799999838,39.625864000000007],[-107.27222899999838,39.625869000000002],[-107.27223599999837,39.625914000000009],[-107.27218399999838,39.625965000000015],[-107.27212399999839,39.625970000000017],[-107.27213099999837,39.626015000000002],[-107.27207899999839,39.626066000000009],[-107.27208599999837,39.626111000000009],[-107.27209299999836,39.626156000000002],[-107.27209999999837,39.626200999999995],[-107.27210799999838,39.626246000000002],[-107.27211499999837,39.626291000000016],[-107.27217399999837,39.626285000000017],[-107.27218099999837,39.62633000000001],[-107.27218799999838,39.62637500000001],[-107.27225399999837,39.626415000000016],[-107.27231399999836,39.626410000000007],[-107.27237999999838,39.626449000000001],[-107.27243899999837,39.626444000000006],[-107.27249899999838,39.626438000000007],[-107.27255799999838,39.626432999999999],[-107.27261699999836,39.626427999999997],[-107.27267699999838,39.626421999999998],[-107.27273599999837,39.626417000000011],[-107.27279499999837,39.626412000000009],[-107.27285399999836,39.626406000000003],[-107.27284699999838,39.626361000000017],[-107.27290699999837,39.626356000000015],[-107.27302499999838,39.626345000000008],[-107.27307799999838,39.626294999999999],[-107.27312999999836,39.626244000000007],[-107.27318199999837,39.626194000000012],[-107.27323399999838,39.626144000000004],[-107.27329399999837,39.626138000000005],[-107.27334599999837,39.62608800000001],[-107.27340399999838,39.626083000000008],[-107.27340499999836,39.626083000000001],[-107.27345699999837,39.626032000000009],[-107.27350999999838,39.625981999999993],[-107.27356899999836,39.625976000000001],[-107.27362799999837,39.625971000000007],[-107.27368699999836,39.625966000000005],[-107.27375399999838,39.626005000000006],[-107.27381299999838,39.626000000000005],[-107.27387899999837,39.626040000000017],[-107.27393899999836,39.626034000000004],[-107.27394599999836,39.626078999999997],[-107.27395299999839,39.626123999999997],[-107.27401199999838,39.626119000000003],[-107.27407199999836,39.626114000000008],[-107.27407899999837,39.626159000000001],[-107.27409299999835,39.626249000000001],[-107.27409999999837,39.626294000000009],[-107.27410699999837,39.626339000000016],[-107.27411399999836,39.626384000000009],[-107.27412099999835,39.626429000000002],[-107.27406899999836,39.626479000000018],[-107.27407599999836,39.626524000000018],[-107.27402399999838,39.626573999999991],[-107.27403099999835,39.626619000000005],[-107.27397799999837,39.626669999999997],[-107.27392599999838,39.626720000000006],[-107.27387399999837,39.626771000000005],[-107.27388099999838,39.626815999999998],[-107.27382199999836,39.626821000000007],[-107.27382899999837,39.626866000000007],[-107.27377699999836,39.626916000000001],[-107.27366499999836,39.626972000000009],[-107.27367199999838,39.627017000000009],[-107.27361299999838,39.627022000000004],[-107.27361999999836,39.627067000000011],[-107.27362699999838,39.627111999999997],[-107.27363399999837,39.627156999999997],[-107.27364099999838,39.627201999999997],[-107.27364799999836,39.627248000000002],[-107.27370699999838,39.62724200000001],[-107.27377399999837,39.627282000000008],[-107.27378099999837,39.627327000000001],[-107.27383999999839,39.627320999999988],[-107.27384699999837,39.627365999999988],[-107.27390699999837,39.627361000000015],[-107.27391399999838,39.627406000000001],[-107.27397299999838,39.62740100000002],[-107.27397999999836,39.627446000000013],[-107.27403899999837,39.627440000000007],[-107.27416499999836,39.627475000000011],[-107.27423099999837,39.627514000000005],[-107.27429099999836,39.627509000000018],[-107.27429799999837,39.627554000000003],[-107.27435699999835,39.627549000000002],[-107.27441599999835,39.627543000000003],[-107.27447599999836,39.627538000000008],[-107.27459399999834,39.627527000000008],[-107.27465399999835,39.627522000000006],[-107.27471299999836,39.627516],[-107.27483099999837,39.627506000000004],[-107.27494999999836,39.627495000000017],[-107.27506199999837,39.627439000000003],[-107.27512099999836,39.627434000000001],[-107.27523899999835,39.627423000000014],[-107.27529199999834,39.627372999999999],[-107.27540999999836,39.627362000000005],[-107.27552199999835,39.627305999999997],[-107.27563999999835,39.627296000000008],[-107.27569299999837,39.627245000000009],[-107.27575199999836,39.62724],[-107.27580399999835,39.627189000000008],[-107.27591599999836,39.627134000000005],[-107.27597499999837,39.627127999999999],[-107.27596799999836,39.62708300000002],[-107.27602699999835,39.627077999999997],[-107.27607899999836,39.62702800000001],[-107.27613899999837,39.627021999999997],[-107.27619099999835,39.626972000000002],[-107.27624999999837,39.626966000000017],[-107.27636199999837,39.626911000000014],[-107.27647299999836,39.626855000000006],[-107.27670399999835,39.626788000000005],[-107.27681499999834,39.626733000000009],[-107.27687399999836,39.626727000000002],[-107.27692699999835,39.626677000000015],[-107.27691999999834,39.626632000000001],[-107.27703799999836,39.626620999999993],[-107.27703099999835,39.626576000000014],[-107.27708999999834,39.626570999999998],[-107.27708299999836,39.626525999999998],[-107.27714299999833,39.626519999999992],[-107.27713599999835,39.626475000000006],[-107.27724699999834,39.62642000000001],[-107.27723999999836,39.62637500000001],[-107.27729199999835,39.626324000000011],[-107.27734399999835,39.626274000000016],[-107.27739699999833,39.626224000000015],[-107.27745599999834,39.626218000000009],[-107.27744899999836,39.626173000000016],[-107.27749399999836,39.626078],[-107.27754599999834,39.626027000000008],[-107.27753899999836,39.625982000000008],[-107.27753199999833,39.625937000000008],[-107.27751799999835,39.625846999999993],[-107.27751099999836,39.625802000000007],[-107.27750399999834,39.625756999999993],[-107.27749699999833,39.625712000000007],[-107.27742999999835,39.625673000000006],[-107.27742299999834,39.625628000000013],[-107.27735699999835,39.625588000000008],[-107.27729099999836,39.625548000000009],[-107.27728399999833,39.625503000000002],[-107.27722399999836,39.625509000000008],[-107.27716499999833,39.625513999999995],[-107.27715799999835,39.625469000000002],[-107.27715099999834,39.62542400000001],[-107.27714399999836,39.625379000000009],[-107.27713699999833,39.625334000000009],[-107.27718899999836,39.625283999999994],[-107.27717499999835,39.625193999999993],[-107.27716799999835,39.625149000000029],[-107.27727199999833,39.625048000000007],[-107.27726499999835,39.625003000000007],[-107.27732399999834,39.624997],[-107.27735499999835,39.624812000000006],[-107.27741499999834,39.624806999999997],[-107.27745999999834,39.624711000000005],[-107.27751899999835,39.62470600000001],[-107.27757099999833,39.624656000000009],[-107.27763099999835,39.624650000000017],[-107.27768999999834,39.624645000000008],[-107.27768299999833,39.624600000000008],[-107.27774199999836,39.624594000000002],[-107.27780199999833,39.624589000000007],[-107.27791299999834,39.624532999999992],[-107.27802499999834,39.624478000000011],[-107.27814299999835,39.62446700000001],[-107.27825499999835,39.624411000000002],[-107.27837299999834,39.624399999999994],[-107.27848499999835,39.624344999999998],[-107.27853699999834,39.624293999999999],[-107.27859599999833,39.624289000000005],[-107.27858899999835,39.624244000000012],[-107.27870799999835,39.624233000000011],[-107.27870099999834,39.624188000000004],[-107.27875999999834,39.624182999999995],[-107.27875299999835,39.624138000000016],[-107.27886499999835,39.624082000000008],[-107.27891699999836,39.624032000000007],[-107.27896899999833,39.623981000000008],[-107.27902799999833,39.623976000000006],[-107.27902099999834,39.623930999999999],[-107.27913299999832,39.623875000000005],[-107.27919199999832,39.623870000000004],[-107.27924399999834,39.623819000000005],[-107.27930399999833,39.623813999999989],[-107.27935599999833,39.623763999999994],[-107.27934899999833,39.623719000000001],[-107.27940799999834,39.623713000000016],[-107.27970499999834,39.623686000000006],[-107.27987499999834,39.623625000000004],[-107.28021699999833,39.623503000000007],[-107.28026899999833,39.623453000000005],[-107.28032099999834,39.623402000000006],[-107.28037399999833,39.623351999999997],[-107.28036699999832,39.623306999999997],[-107.28042599999834,39.62330200000001],[-107.28047799999833,39.62325100000001],[-107.28052999999834,39.623201000000016],[-107.28058299999833,39.623150000000017],[-107.28063499999834,39.623100000000015],[-107.28069399999833,39.623094999999999],[-107.28074599999832,39.623043999999993],[-107.28085799999833,39.622989000000004],[-107.28091699999834,39.622983000000005],[-107.28090999999833,39.622937999999998],[-107.28096899999832,39.622933000000003],[-107.28102199999832,39.622882000000004],[-107.28107399999834,39.622832000000017],[-107.28112599999834,39.622781999999994],[-107.28117099999834,39.622686000000009],[-107.28122299999832,39.622635999999986],[-107.28132799999834,39.622534999999999],[-107.28132099999834,39.622490000000006],[-107.28137299999833,39.622439999999997],[-107.28148499999831,39.622383999999983],[-107.28153699999832,39.622333999999995],[-107.28152999999833,39.622289000000016],[-107.28156499999832,39.622285000000012],[-107.28158899999832,39.622283000000003],[-107.28164799999833,39.622278000000009],[-107.28164099999832,39.622232999999994],[-107.28170099999832,39.622227000000002],[-107.28169299999833,39.622182000000009],[-107.28174599999832,39.622132000000008],[-107.2817979999983,39.622082000000006],[-107.28185699999833,39.622076000000007],[-107.28185199999832,39.622043000000012],[-107.28184999999833,39.622031000000007],[-107.28195499999832,39.621931000000011],[-107.28200699999832,39.621880000000004],[-107.28205899999833,39.621830000000003],[-107.2820519999983,39.621785000000003],[-107.28211099999832,39.621778999999997],[-107.28210399999833,39.621734000000004],[-107.28216299999832,39.621729000000016],[-107.28221599999833,39.621679000000007],[-107.28220899999832,39.621634000000007],[-107.28226099999831,39.621583000000008],[-107.28231299999833,39.621533000000021],[-107.28236499999832,39.621482000000007],[-107.28242499999833,39.621476999999992],[-107.28247699999832,39.62142699999999],[-107.28252899999831,39.621375999999984],[-107.28258099999832,39.621326000000003],[-107.28263299999833,39.621276000000009],[-107.28262599999832,39.621231000000016],[-107.28268599999832,39.621225000000003],[-107.28267899999832,39.621180000000003],[-107.28273799999832,39.621175000000001],[-107.28273099999832,39.621130000000008],[-107.28272399999832,39.621085000000008],[-107.28273299999832,39.621076000000002],[-107.28277599999832,39.621034000000016],[-107.28277299999833,39.621014000000017],[-107.28276899999832,39.620989000000009],[-107.28276199999833,39.620944000000001],[-107.28275499999832,39.620899000000016],[-107.28274799999831,39.620854000000008],[-107.28274099999832,39.620809000000001],[-107.28279999999832,39.620804000000014],[-107.28279299999831,39.620759],[-107.28278599999832,39.620714000000021],[-107.28277899999833,39.620669000000007],[-107.28277199999832,39.620623999999999],[-107.28283099999832,39.620618999999998],[-107.28282399999831,39.620574000000005],[-107.28281699999832,39.620529000000005],[-107.28286899999831,39.620478000000006],[-107.28286199999832,39.620433000000013],[-107.28285499999832,39.620388000000013],[-107.28284799999832,39.620342999999998],[-107.28284099999833,39.620298000000005],[-107.2828339999983,39.620252999999998],[-107.28282699999832,39.620208000000005],[-107.28286099999832,39.620175000000017],[-107.2828789999983,39.620158000000018],[-107.28287199999832,39.620113000000018],[-107.28291699999832,39.620017000000011],[-107.28290999999832,39.619971999999997],[-107.28290299999833,39.619927000000004],[-107.28289599999832,39.619887000000013],[-107.28289599999832,39.619882000000004],[-107.2829239999983,39.619855000000001],[-107.28294799999833,39.619832000000002],[-107.28300699999832,39.619827000000015],[-107.28306599999833,39.619821000000009],[-107.28312599999832,39.619816],[-107.28318499999833,39.619810000000022],[-107.28319199999832,39.619854999999994],[-107.28325099999833,39.619850000000007],[-107.28331099999831,39.619845000000005],[-107.28342899999832,39.619833999999997],[-107.28355499999833,39.61986799999999],[-107.28361399999831,39.619863000000002],[-107.28362099999832,39.619908000000002],[-107.28368099999832,39.619903000000008],[-107.28380599999832,39.619936999999993],[-107.28384899999831,39.61993300000001],[-107.28386599999831,39.619931000000001],[-107.28398399999831,39.619920999999984],[-107.28410999999831,39.619955000000019],[-107.28416999999831,39.619991000000006],[-107.28417599999831,39.619994999999996],[-107.28418299999831,39.62004000000001],[-107.28424299999831,39.62003399999999],[-107.28430199999831,39.620028999999995],[-107.2843089999983,39.620074000000002],[-107.28437499999831,39.620114000000008],[-107.28444199999831,39.620153000000009],[-107.28455999999831,39.620141999999994],[-107.2845669999983,39.620187000000023],[-107.28463399999831,39.620227000000007],[-107.2846629999983,39.620235000000001],[-107.2847589999983,39.620261000000013],[-107.28488499999831,39.62029600000001],[-107.2849439999983,39.620290000000004],[-107.28501099999831,39.620329999999996],[-107.28507699999831,39.620370000000001],[-107.2851359999983,39.620364000000016],[-107.28514299999831,39.620409000000009],[-107.28520999999832,39.620449000000001],[-107.28521699999831,39.620494000000008],[-107.2852759999983,39.620488000000002],[-107.2853949999983,39.620477999999999],[-107.28545399999831,39.620471999999999],[-107.2855129999983,39.620467000000012],[-107.28563199999832,39.62045599999999],[-107.2859879999983,39.620423999999993],[-107.28610599999831,39.620413000000006],[-107.2862249999983,39.620403000000003],[-107.28634399999829,39.620391999999995],[-107.2864029999983,39.620386000000003],[-107.28646199999829,39.620381000000002],[-107.28652099999829,39.620376000000007],[-107.28658099999829,39.620370000000008],[-107.2866399999983,39.620365000000007],[-107.28669899999829,39.620359999999998],[-107.2867589999983,39.620353999999999],[-107.28681799999829,39.620349000000004],[-107.2868769999983,39.620342999999998],[-107.28693599999829,39.620337999999997],[-107.2869959999983,39.620333000000016],[-107.28705499999829,39.62032700000001],[-107.2871139999983,39.620322000000002],[-107.28717399999829,39.620317],[-107.2872329999983,39.620310999999994],[-107.28729199999829,39.620306000000006],[-107.28735199999829,39.620299999999993],[-107.2874109999983,39.620295000000006],[-107.28746999999829,39.620289999999997],[-107.2875289999983,39.620284000000005],[-107.28758899999829,39.620279000000011],[-107.2876479999983,39.620274000000002],[-107.28770699999829,39.62026800000001],[-107.2877669999983,39.620262999999994],[-107.28782599999829,39.620258],[-107.28799999999829,39.620241999999998],[-107.2880039999983,39.620241000000007],[-107.28806299999829,39.620236000000006],[-107.2881819999983,39.620225000000005],[-107.2882339999983,39.620175000000017],[-107.2882339999983,39.620175000000017],[-107.2882339999983,39.620175000000017],[-107.28829299999829,39.620170000000009],[-107.2882909999983,39.620158000000004],[-107.28828599999829,39.620125000000002],[-107.28833799999829,39.620074000000002],[-107.2883909999983,39.620024000000008],[-107.28844999999829,39.620018000000009],[-107.28850199999829,39.619968],[-107.2885539999983,39.619917999999998],[-107.28854699999829,39.619872999999998],[-107.28858099999829,39.619870000000013],[-107.28860699999829,39.619867000000013],[-107.2885989999983,39.619821999999999],[-107.28859199999829,39.619777000000006],[-107.28858499999829,39.619732000000006],[-107.28857799999828,39.619686999999992],[-107.2885709999983,39.619687999999996],[-107.28851899999829,39.619693000000005],[-107.28851199999828,39.619647999999998],[-107.2885049999983,39.619603000000012],[-107.2884979999983,39.619557999999991],[-107.28849099999829,39.619513000000012],[-107.28848899999829,39.61950499999999],[-107.28848399999829,39.619468000000005],[-107.2884599999983,39.619453999999998],[-107.28841699999829,39.619428000000013],[-107.2884139999983,39.619408999999997],[-107.28840999999829,39.619382999999992],[-107.2883959999983,39.619292999999999],[-107.2883299999983,39.619253000000015],[-107.2882629999983,39.619214000000014],[-107.28819699999829,39.619173999999994],[-107.28812999999829,39.619134000000003],[-107.28809499999829,39.619094000000011],[-107.28805699999829,39.619050000000009],[-107.2879909999983,39.619010000000003],[-107.28786499999829,39.618976000000004],[-107.2878059999983,39.618981000000005],[-107.28767999999829,39.618947000000006],[-107.28755399999829,39.618912999999992],[-107.2874289999983,39.618878000000009],[-107.2874219999983,39.618833000000009],[-107.2873659999983,39.618838000000004],[-107.2873619999983,39.618839000000008],[-107.2873549999983,39.618793999999987],[-107.2872889999983,39.618754000000003],[-107.28722199999829,39.618713999999997],[-107.2872149999983,39.618669000000004],[-107.2872079999983,39.618624000000004],[-107.28714899999829,39.61863000000001],[-107.2871429999983,39.618594000000009],[-107.2871419999983,39.61858500000001],[-107.28707599999829,39.618545000000005],[-107.28700899999829,39.618505000000013],[-107.28694299999829,39.618465999999998],[-107.28693599999829,39.618420999999998],[-107.28686199999829,39.618336000000014],[-107.28678899999829,39.618250999999994],[-107.2867819999983,39.618206000000008],[-107.2867749999983,39.618161000000008],[-107.28676799999829,39.618116000000015],[-107.28676099999829,39.618071000000008],[-107.28669399999829,39.618032000000007],[-107.2866869999983,39.617986999999999],[-107.2866799999983,39.617942000000006],[-107.28662099999829,39.617947000000008],[-107.28661399999829,39.617902000000008],[-107.2866119999983,39.617902000000008],[-107.28655399999829,39.617907000000017],[-107.28654699999829,39.617862000000009],[-107.28650899999829,39.617865999999999],[-107.2864879999983,39.617868000000009],[-107.28648099999829,39.617823000000008],[-107.28647599999829,39.617791000000004],[-107.2864669999983,39.617733000000001],[-107.28640799999829,39.61773800000001],[-107.28634099999829,39.617699000000002],[-107.28628199999829,39.617704000000018],[-107.28622299999832,39.617709000000012],[-107.2862059999983,39.617699000000009],[-107.2861559999983,39.617669999999997],[-107.28608999999831,39.617630000000005],[-107.2860309999983,39.617635000000014],[-107.28596599999831,39.617597000000004],[-107.28596399999832,39.617596000000006],[-107.28589799999831,39.617556000000015],[-107.28583099999831,39.617516000000002],[-107.28576499999831,39.617477000000001],[-107.28570599999831,39.617481999999995],[-107.28563899999831,39.617443000000009],[-107.2855799999983,39.61744800000001],[-107.28557299999831,39.617403000000003],[-107.2855069999983,39.617362999999997],[-107.28549999999831,39.617317999999997],[-107.28549299999831,39.617273000000004],[-107.28553799999831,39.617178000000003],[-107.28553099999831,39.617132999999995],[-107.28558299999831,39.617082000000011],[-107.28557599999831,39.617037000000003],[-107.2855689999983,39.616992000000003],[-107.28556199999831,39.616947000000003],[-107.28555499999831,39.616901999999996],[-107.28560699999831,39.616852000000016],[-107.2855859999983,39.616717000000001],[-107.28557799999831,39.616671999999994],[-107.28557099999831,39.616627000000015],[-107.2855639999983,39.616582000000001],[-107.28554999999831,39.616492000000008],[-107.28554299999831,39.616447000000015],[-107.2855359999983,39.616402000000015],[-107.28551499999831,39.616267000000001],[-107.28550099999831,39.616176999999993],[-107.28548599999831,39.616087000000007],[-107.28553899999831,39.616036000000008],[-107.28553199999831,39.615991000000008],[-107.28552499999832,39.615946000000001],[-107.28551699999831,39.615901000000015],[-107.28550299999831,39.615811000000001],[-107.28548899999831,39.615721000000008],[-107.2855409999983,39.615671000000006],[-107.28553399999831,39.615626000000006],[-107.28552699999831,39.615581000000006],[-107.2855199999983,39.615536000000006],[-107.2855129999983,39.615491000000006],[-107.28550599999831,39.615446000000013],[-107.28550499999831,39.61543600000001],[-107.28549899999831,39.615400999999999],[-107.2854849999983,39.615311000000013],[-107.28547799999831,39.615266000000005],[-107.28544899999831,39.615086000000005],[-107.28544199999831,39.615040999999998],[-107.28543499999832,39.614996000000005],[-107.2854279999983,39.614951000000005],[-107.28542099999831,39.614906000000005],[-107.28541399999831,39.614860999999998],[-107.28540699999832,39.614815999999998],[-107.2853999999983,39.614771000000005],[-107.28539299999831,39.614726000000005],[-107.28538599999831,39.61468099999999],[-107.28537899999831,39.614636000000004],[-107.28536499999831,39.614545999999997],[-107.28538199999831,39.614544000000002],[-107.28542399999832,39.614539999999998],[-107.2854169999983,39.614495000000012],[-107.28540999999831,39.614449999999998],[-107.28545499999831,39.614355000000018],[-107.28544999999831,39.614325000000001],[-107.28544799999831,39.614310000000003],[-107.28549999999831,39.614259000000004],[-107.28549299999831,39.614214000000004],[-107.28548599999831,39.614168999999997],[-107.2854789999983,39.614123999999997],[-107.28547199999831,39.614078999999997],[-107.28546499999831,39.61403399999999],[-107.28545799999831,39.613989000000004],[-107.28544299999831,39.613899000000004],[-107.28543599999831,39.613853999999982],[-107.2854289999983,39.613809000000003],[-107.28542199999831,39.613764000000003],[-107.28541499999831,39.613719000000003],[-107.28534899999831,39.613680000000009],[-107.28533499999831,39.613590000000002],[-107.28532799999832,39.613545000000009],[-107.28531999999831,39.613500000000009],[-107.28531299999831,39.613455000000016],[-107.28530599999831,39.613410000000002],[-107.2852989999983,39.613365000000009],[-107.28529199999831,39.613320000000002],[-107.28528499999831,39.613275000000002],[-107.28527799999831,39.613230000000009],[-107.2852709999983,39.613185000000001],[-107.28520499999831,39.613145000000003],[-107.28514499999831,39.613150000000012],[-107.2850789999983,39.613111000000011],[-107.28501299999832,39.613071000000005],[-107.28500499999831,39.613025999999998],[-107.2850009999983,39.613],[-107.28499799999831,39.612981000000005],[-107.28499099999831,39.612936000000005],[-107.28493199999831,39.612941000000014],[-107.28492499999831,39.612896000000013],[-107.2848659999983,39.612902000000012],[-107.28480599999831,39.612907],[-107.28478499999831,39.612909000000009],[-107.2847469999983,39.612912000000009],[-107.28468799999831,39.612918000000001],[-107.28455499999831,39.612839000000015],[-107.28449599999831,39.612844000000017],[-107.2844889999983,39.612799000000003],[-107.28442899999831,39.612804000000004],[-107.28442399999831,39.612769],[-107.28442199999832,39.612759000000004],[-107.2844039999983,39.612748000000003],[-107.28435599999831,39.61272000000001],[-107.28428999999831,39.612680000000012],[-107.2842299999983,39.612685000000006],[-107.28421599999831,39.612595000000013],[-107.2841569999983,39.612601000000005],[-107.28414999999831,39.612556000000012],[-107.2840909999983,39.612560999999999],[-107.2840829999983,39.612516000000006],[-107.28407599999831,39.612470999999992],[-107.28406899999831,39.612425999999992],[-107.28406199999831,39.612381000000013],[-107.28411399999831,39.61233099999999],[-107.28410699999831,39.612285999999997],[-107.28415999999831,39.612235000000013],[-107.28415299999831,39.612190000000012],[-107.2841449999983,39.612144999999991],[-107.28413799999829,39.612099999999998],[-107.28413499999832,39.612076000000016],[-107.28413099999831,39.612055000000005],[-107.28412399999831,39.612009999999991],[-107.2841169999983,39.611964999999998],[-107.28410999999831,39.611920000000005],[-107.28410699999831,39.611900000000013],[-107.28410299999831,39.611874999999998],[-107.2840889999983,39.611785000000005],[-107.28408199999831,39.61173999999999],[-107.28407499999831,39.611695000000005],[-107.28401499999831,39.611700000000013],[-107.28400799999831,39.611655000000013],[-107.28400099999831,39.611609999999992],[-107.28399399999832,39.611565000000006],[-107.28398699999831,39.611520000000006],[-107.28397999999831,39.611475000000006],[-107.28390699999831,39.611390999999998],[-107.28389999999831,39.611346000000005],[-107.2838919999983,39.61130099999999],[-107.28387799999831,39.611211000000004],[-107.28387099999831,39.611166000000004],[-107.2838639999983,39.611121000000011],[-107.28385699999831,39.611075999999997],[-107.2838519999983,39.611044999999997],[-107.28384999999831,39.611031000000018],[-107.28384299999831,39.610986000000018],[-107.28377699999831,39.610946000000006],[-107.28376999999831,39.610901000000005],[-107.2837619999983,39.61085600000002],[-107.28375499999831,39.610810999999991],[-107.28371499999831,39.610787000000002],[-107.2836889999983,39.610770999999993],[-107.28368199999831,39.610726],[-107.28367499999831,39.610681000000007],[-107.28366799999831,39.610636],[-107.28360899999831,39.610642000000013],[-107.28360099999831,39.610596999999999],[-107.28353499999832,39.610556999999993],[-107.2835279999983,39.610512000000007],[-107.28346199999831,39.610472000000001],[-107.28345499999833,39.610427000000016],[-107.28344799999833,39.610382000000008],[-107.28343999999831,39.610337000000023],[-107.28342599999833,39.610247000000008],[-107.28336699999832,39.610253000000007],[-107.28336199999832,39.610219999999998],[-107.28335999999832,39.610208000000021],[-107.28335299999833,39.610162999999993],[-107.28332799999832,39.610134000000009],[-107.28327899999832,39.610078000000009],[-107.28327199999831,39.610033000000001],[-107.28326499999832,39.609988000000016],[-107.28325799999831,39.609943000000001],[-107.28325099999833,39.609898000000015],[-107.28324399999832,39.609853000000008],[-107.28322999999833,39.609763000000015],[-107.28322299999832,39.609718000000008],[-107.28321599999832,39.609673000000001],[-107.28320899999832,39.609628000000008],[-107.28320199999833,39.609583000000001],[-107.28319499999833,39.609538000000001],[-107.28318799999832,39.609493000000001],[-107.28323299999832,39.609397000000008],[-107.28322599999832,39.609352000000008],[-107.28321899999831,39.609306999999994],[-107.28327099999832,39.609256999999999],[-107.28332299999832,39.609207000000005],[-107.28336799999832,39.609111000000006],[-107.28336099999832,39.609066000000013],[-107.28341299999832,39.609016000000011],[-107.28344999999833,39.608980000000003],[-107.28346499999832,39.608964999999991],[-107.28345099999831,39.608874999999998],[-107.28345099999832,39.608872000000005],[-107.28344399999833,39.60882999999999],[-107.28331399999831,39.60838600000001],[-107.28330699999832,39.608341000000017],[-107.28329999999832,39.60829600000001],[-107.28328599999833,39.60820600000001],[-107.28333799999832,39.608155000000011],[-107.28333099999833,39.608110000000018],[-107.28332399999832,39.608065000000018],[-107.28331699999832,39.608020000000003],[-107.28330999999832,39.60797500000001],[-107.28330299999831,39.60793000000001],[-107.28334799999831,39.607835000000009],[-107.28339999999832,39.607783999999995],[-107.28337199999832,39.607603999999995],[-107.28336499999833,39.607559000000009],[-107.28335799999833,39.607514000000023],[-107.28335099999831,39.607469000000016],[-107.28340299999832,39.607419000000007],[-107.28339599999831,39.607374000000007],[-107.28344799999833,39.607324000000013],[-107.28348599999831,39.607182999999999],[-107.28352399999831,39.607042999999997],[-107.28351699999831,39.606998000000011],[-107.28356899999831,39.606946999999984],[-107.28356199999831,39.606902000000012],[-107.28361399999831,39.606852000000018],[-107.28365999999831,39.606757000000016],[-107.28365199999831,39.606712000000002],[-107.28369799999831,39.60661600000001],[-107.28369099999831,39.60657100000001],[-107.28368299999831,39.606526000000009],[-107.28374299999831,39.606521000000001],[-107.2837289999983,39.606430999999994],[-107.28372199999831,39.606386000000022],[-107.28371399999831,39.606341],[-107.2836999999983,39.606251000000015],[-107.28369299999831,39.606206000000014],[-107.28368599999831,39.606161],[-107.28367899999832,39.606115999999993],[-107.2836719999983,39.606071000000007],[-107.28366499999831,39.606026],[-107.28359899999832,39.605986000000016],[-107.28352499999831,39.605900999999996],[-107.2834589999983,39.605861999999995],[-107.28338499999832,39.60577700000001],[-107.28332599999831,39.605781999999991],[-107.28331899999833,39.605737000000012],[-107.28325299999833,39.605697999999997],[-107.28323899999832,39.605607999999997],[-107.28323099999832,39.605562999999997],[-107.28322399999833,39.605518000000004],[-107.28321699999832,39.605473000000011],[-107.28315799999832,39.605478000000005],[-107.28315099999833,39.605433000000005],[-107.28314399999832,39.605387999999998],[-107.28313699999831,39.605342999999991],[-107.28312999999832,39.605298000000005],[-107.28306299999832,39.605257999999999],[-107.28304899999831,39.605168000000013],[-107.28304399999833,39.605165000000014],[-107.28298299999832,39.605128999999998],[-107.28290899999833,39.605043999999999],[-107.28282899999833,39.604914000000008],[-107.28282199999832,39.604869000000008],[-107.28276299999833,39.604875000000007],[-107.28270999999832,39.604880000000016],[-107.28270299999831,39.604880000000016],[-107.28270199999832,39.604874000000017],[-107.28270099999831,39.604866000000001],[-107.28269599999832,39.604835000000001],[-107.28257099999833,39.604801000000009],[-107.28250399999833,39.604761000000003],[-107.28237199999832,39.604682000000004],[-107.28236399999832,39.604636999999997],[-107.28235699999831,39.604591999999997],[-107.28234999999832,39.604547000000004],[-107.28234299999832,39.604502000000004],[-107.28239499999832,39.604452000000009],[-107.28238799999832,39.604407000000002],[-107.28249299999833,39.604305999999994],[-107.28248599999831,39.604261000000001],[-107.28253799999833,39.604210000000002],[-107.28253099999833,39.604165000000009],[-107.28258299999833,39.604115000000007],[-107.28261599999833,39.604083000000003],[-107.28263499999832,39.604065000000006],[-107.28269499999831,39.604059000000007],[-107.28268799999832,39.604013999999992],[-107.28273999999831,39.603963999999998],[-107.28273299999832,39.603919000000005],[-107.28279199999832,39.603912999999999],[-107.28278499999831,39.603868000000006],[-107.28277799999832,39.603823000000013],[-107.28283699999832,39.603818000000011],[-107.28282999999831,39.603773000000011],[-107.28288899999832,39.603768000000002],[-107.28294199999833,39.603717000000003],[-107.28293999999832,39.603711000000011],[-107.28293399999832,39.60367200000001],[-107.28295999999833,39.603648000000007],[-107.28298699999833,39.603622000000023],[-107.28303899999833,39.603572000000007],[-107.28303199999833,39.603527],[-107.28309099999832,39.603521000000008],[-107.2831429999983,39.60347100000002],[-107.28313599999832,39.603426000000006],[-107.28319599999833,39.60342],[-107.28318799999832,39.603375],[-107.28318099999832,39.603329999999993],[-107.2832339999983,39.603279999999998],[-107.28329299999831,39.603274999999996],[-107.28333799999831,39.603178999999997],[-107.28344899999831,39.603123000000004],[-107.28350199999831,39.603073000000009],[-107.28356099999831,39.603068000000007],[-107.28361299999831,39.603017000000015],[-107.2836719999983,39.603011999999993],[-107.28373199999831,39.603006999999998],[-107.2837909999983,39.603001000000013],[-107.28384999999831,39.602996000000012],[-107.28391699999831,39.603035000000006],[-107.2839759999983,39.603030000000004],[-107.2840949999983,39.603018999999996],[-107.2842129999983,39.603009000000014],[-107.28433199999832,39.602998000000007],[-107.28444299999829,39.602942000000006],[-107.28450199999831,39.602937000000004],[-107.28452399999831,39.602934999999988],[-107.2845619999983,39.602931000000005],[-107.28462099999831,39.602926000000018],[-107.2846799999983,39.602921000000009],[-107.28473999999831,39.60291500000001],[-107.2847919999983,39.602865000000008],[-107.28484399999832,39.602815],[-107.28495499999831,39.602759000000006],[-107.28500799999831,39.602708000000007],[-107.2851189999983,39.602653000000018],[-107.28517099999831,39.602601999999997],[-107.2851639999983,39.602556999999997],[-107.28522399999831,39.60255200000001],[-107.28521599999831,39.602507000000003],[-107.2852759999983,39.602502000000015],[-107.28526899999831,39.602457000000001],[-107.2852619999983,39.602411000000011],[-107.28532099999831,39.602406000000009],[-107.28537299999832,39.602356000000007],[-107.28542499999831,39.602305000000001],[-107.28541799999832,39.602260000000015],[-107.28541099999831,39.602215000000001],[-107.28546999999831,39.602209999999999],[-107.2854629999983,39.602165000000007],[-107.28545599999831,39.602119999999999],[-107.28551599999831,39.602115000000005],[-107.2855079999983,39.602070000000012],[-107.28556799999831,39.602063999999991],[-107.28555399999831,39.601974000000006],[-107.28561299999831,39.60196899999999],[-107.28560599999831,39.601923999999997],[-107.28565799999831,39.601873000000005],[-107.28565099999831,39.60182799999999],[-107.28570299999829,39.601777999999996],[-107.2857549999983,39.601728000000008],[-107.28581499999829,39.601722000000002],[-107.2858079999983,39.601676999999995],[-107.28585999999829,39.601626999999993],[-107.28591199999829,39.601576000000016],[-107.2859639999983,39.601526000000007],[-107.28595699999829,39.601481],[-107.2860089999983,39.601431000000005],[-107.28600199999829,39.601385999999998],[-107.28611399999829,39.60132999999999],[-107.2861839999983,39.601261999999998],[-107.2862179999983,39.601228999999996],[-107.2862699999983,39.601178999999995],[-107.28632299999829,39.60112800000001],[-107.2863819999983,39.601123000000008],[-107.2863749999983,39.601077999999994],[-107.2864269999983,39.601028000000007],[-107.2864199999983,39.600983000000006],[-107.28647899999829,39.600977000000007],[-107.2864719999983,39.600932000000007],[-107.28653099999829,39.600926999999992],[-107.2865839999983,39.60087699999999],[-107.28657699999829,39.600831000000014],[-107.2866359999983,39.600825999999991],[-107.2866289999983,39.600780999999998],[-107.28668799999829,39.600776000000003],[-107.28673999999829,39.600725000000004],[-107.28673299999829,39.600679999999997],[-107.28678499999829,39.600630000000017],[-107.2868379999983,39.600580000000001],[-107.2868759999983,39.600497999999995],[-107.2868829999983,39.600484000000016],[-107.2868759999983,39.600439000000016],[-107.28693499999829,39.600434],[-107.28698699999829,39.600382999999994],[-107.28703899999829,39.600333000000006],[-107.28703199999829,39.600287999999992],[-107.28707699999829,39.600192999999997],[-107.2871299999983,39.600141999999998],[-107.28715999999829,39.600113000000007],[-107.2871819999983,39.600092000000018],[-107.2871759999983,39.600057999999983],[-107.2871749999983,39.600047000000004],[-107.2871799999983,39.600045999999999],[-107.28723399999829,39.600040999999997],[-107.28728599999829,39.59999100000001],[-107.28727899999829,39.59994600000001],[-107.28733099999829,39.599896000000001],[-107.2873839999983,39.599844999999995],[-107.28743599999829,39.599795000000007],[-107.2874949999983,39.59979000000002],[-107.28748799999829,39.599745000000006],[-107.28748099999829,39.599700000000006],[-107.2875399999983,39.599693999999992],[-107.28753299999829,39.599649000000007],[-107.2875919999983,39.599643999999991],[-107.2875849999983,39.599598999999991],[-107.2876369999983,39.599547999999992],[-107.28768999999829,39.599498000000004],[-107.2876829999983,39.599453000000004],[-107.2876759999983,39.599408000000011],[-107.28766799999829,39.599362999999997],[-107.28766099999829,39.599318000000004],[-107.2876539999983,39.599273000000011],[-107.2876469999983,39.599228000000004],[-107.28763999999829,39.599183000000004],[-107.28763299999829,39.599138000000018],[-107.2876259999983,39.599093000000003],[-107.2876189999983,39.599048000000003],[-107.28760499999829,39.598957999999996],[-107.2875979999983,39.59891300000001],[-107.28758399999829,39.598822999999996],[-107.2875759999983,39.59877800000001],[-107.2875689999983,39.59873300000001],[-107.2874959999983,39.598647999999997],[-107.28748899999829,39.598602999999997],[-107.28748199999829,39.598557999999997],[-107.28733499999829,39.59838899999999],[-107.2873279999983,39.598343999999997],[-107.28731399999829,39.598253999999997],[-107.28723999999829,39.598168999999999],[-107.2872259999983,39.598078999999998],[-107.28713899999829,39.597903999999993],[-107.2871239999983,39.597814000000007],[-107.28711699999829,39.597769],[-107.28710999999829,39.597723999999999],[-107.28704399999829,39.597685000000006],[-107.2870299999983,39.597594999999998],[-107.2870229999983,39.597550000000012],[-107.28701599999829,39.597504999999998],[-107.28700899999829,39.597460000000012],[-107.2870019999983,39.597415000000012],[-107.2869939999983,39.597370000000005],[-107.28698699999829,39.597325000000005],[-107.28697999999829,39.597280000000012],[-107.2869729999983,39.597235000000012],[-107.2869659999983,39.597190000000012],[-107.28695899999829,39.597145000000005],[-107.28695199999829,39.597099999999998],[-107.2869499999983,39.59708599999999],[-107.2869449999983,39.597054999999997],[-107.2869379999983,39.597009999999997],[-107.28693099999829,39.596965000000004],[-107.28692399999829,39.596920000000004],[-107.2869169999983,39.596875000000004],[-107.2870279999983,39.596819000000011],[-107.28702099999829,39.596773999999996],[-107.2870359999983,39.596741000000009],[-107.28706599999829,39.596678000000004],[-107.28705899999829,39.596633000000011],[-107.2870569999983,39.596617999999999],[-107.2870519999983,39.596587999999997],[-107.28706699999829,39.596556999999997],[-107.2870969999983,39.596492999999995],[-107.2870899999983,39.596447999999995],[-107.28708799999829,39.596432],[-107.28708299999829,39.596403000000009],[-107.28707599999829,39.596358000000009],[-107.2870689999983,39.596313000000009],[-107.2870619999983,39.596268000000009],[-107.28705499999829,39.596223000000009],[-107.28704799999829,39.596178000000002],[-107.2870339999983,39.596088000000016],[-107.28702599999829,39.596042999999995],[-107.2870119999983,39.595953000000002],[-107.28700499999829,39.595907999999994],[-107.28699799999829,39.595862999999987],[-107.2869839999983,39.595773000000001],[-107.28697699999829,39.595728000000015],[-107.28696299999829,39.595638000000001],[-107.28693499999829,39.595461999999991],[-107.28693499999829,39.595458000000015],[-107.28691299999829,39.595323000000015],[-107.2869059999983,39.595278000000015],[-107.2868989999983,39.595233000000015],[-107.28689199999829,39.595188],[-107.28688499999829,39.595143000000007],[-107.2868779999983,39.595098000000007],[-107.2869229999983,39.595002000000001],[-107.2869159999983,39.594956999999994],[-107.28690199999829,39.594866999999994],[-107.2868949999983,39.594822000000008],[-107.28695399999829,39.594817000000013],[-107.28694699999829,39.594772000000006],[-107.2869399999983,39.594727000000006],[-107.28699199999829,39.594676000000007],[-107.28704399999829,39.594625999999998],[-107.28703699999829,39.594580999999998],[-107.28708899999829,39.594531000000003],[-107.28708199999829,39.594486000000011],[-107.2870749999983,39.59444100000001],[-107.28706099999829,39.594351000000003],[-107.28705399999829,39.594306000000017],[-107.2870469999983,39.594261000000003],[-107.28703299999829,39.59417100000001],[-107.28702599999829,39.594125999999996],[-107.2870189999983,39.594081000000017],[-107.2870119999983,39.594036000000003],[-107.28700499999829,39.593990999999995],[-107.28699699999829,39.593946000000003],[-107.28693099999829,39.593906000000004],[-107.28692399999829,39.593861000000011],[-107.2869169999983,39.593815999999997],[-107.2869099999983,39.593771000000011],[-107.2868439999983,39.593730999999991],[-107.28683599999829,39.593686000000012],[-107.2867699999983,39.593647000000004],[-107.2866969999983,39.593561999999999],[-107.28667199999829,39.593523000000005],[-107.28661599999829,39.593432],[-107.28660899999829,39.593387],[-107.2866019999983,39.593342000000014],[-107.2865949999983,39.593296999999993],[-107.28658099999829,39.593207000000014],[-107.2865739999983,39.593162000000014],[-107.2865669999983,39.593116999999992],[-107.28655999999829,39.593072000000014],[-107.28655299999829,39.593026999999999],[-107.28654199999829,39.59295800000001],[-107.28653799999829,39.592936999999999],[-107.28653099999829,39.592891999999992],[-107.2865839999983,39.592841999999997],[-107.28657599999829,39.592796999999997],[-107.28656899999829,39.592752000000011],[-107.2865619999983,39.592707000000011],[-107.2865549999983,39.592662000000004],[-107.2866069999983,39.592611000000012],[-107.2865999999983,39.592566000000012],[-107.28659299999829,39.592521000000005],[-107.2866529999983,39.592516000000003],[-107.2866459999983,39.592470999999996],[-107.28663799999829,39.59242600000001],[-107.28663099999829,39.592381000000017],[-107.2866239999983,39.592336000000003],[-107.2866619999983,39.592194999999997],[-107.28665499999829,39.592150000000004],[-107.28664799999829,39.592104999999989],[-107.2866409999983,39.592059999999996],[-107.28669999999829,39.592055000000002],[-107.28669299999829,39.592010000000009],[-107.2866859999983,39.591964999999995],[-107.2866789999983,39.591920000000016],[-107.2867309999983,39.591870000000007],[-107.2867239999983,39.591825],[-107.28671699999829,39.59178],[-107.28670999999829,39.591734999999986],[-107.2867029999983,39.591690000000014],[-107.2866959999983,39.591645000000007],[-107.28668899999829,39.5916],[-107.28668199999829,39.591554999999993],[-107.2866749999983,39.591510000000014],[-107.2866679999983,39.591464999999999],[-107.28666099999829,39.591419999999999],[-107.28665399999829,39.591375000000014],[-107.2866469999983,39.591330000000006],[-107.28663899999829,39.591285000000006],[-107.28663199999829,39.591240000000006],[-107.2866249999983,39.591194000000009],[-107.2866179999983,39.591149000000001],[-107.28660399999829,39.591059000000008],[-107.2865899999983,39.590968999999994],[-107.28658299999829,39.590924000000008],[-107.28657599999829,39.590879000000015],[-107.28656899999829,39.590833999999994],[-107.2865619999983,39.590789000000008],[-107.28661399999829,39.590739000000013],[-107.28660299999829,39.59067000000001],[-107.2865999999983,39.590649000000006],[-107.2866519999983,39.590599000000005],[-107.28671099999829,39.590592999999998],[-107.28670399999829,39.590547999999998],[-107.28668999999829,39.590457999999998],[-107.2867419999983,39.590408000000004],[-107.2867939999983,39.590357000000012],[-107.2867869999983,39.590312000000004],[-107.28684699999829,39.590307000000017],[-107.2868989999983,39.590257000000008],[-107.28689199999829,39.590212000000008],[-107.2869509999983,39.590206000000002],[-107.2869439999983,39.590161000000002],[-107.28693699999829,39.590115999999988],[-107.2869889999983,39.590066],[-107.28698199999829,39.590021],[-107.2870339999983,39.589970000000001],[-107.28702699999829,39.589925000000001],[-107.2870789999983,39.589874999999999],[-107.28707199999829,39.589830000000013],[-107.28706499999829,39.589784999999999],[-107.28711699999829,39.589734999999997],[-107.28710999999829,39.589690000000004],[-107.28713999999829,39.589686999999998],[-107.2871699999983,39.589684000000005],[-107.28715599999829,39.589596],[-107.28715499999829,39.589594000000005],[-107.2871479999983,39.589548999999998],[-107.2871409999983,39.589504000000012],[-107.28713399999829,39.589459000000005],[-107.28712699999829,39.589414000000012],[-107.2870919999983,39.589189000000005],[-107.2870849999983,39.58914399999999],[-107.28706999999829,39.589053999999997],[-107.2870629999983,39.589008999999997],[-107.2870559999983,39.588964000000004],[-107.28704899999829,39.588918999999997],[-107.28704199999829,39.588873999999997],[-107.2870279999983,39.588783999999997],[-107.28701399999829,39.588693999999997],[-107.28698599999829,39.588514000000004],[-107.28697099999829,39.588424000000003],[-107.28696399999829,39.58837900000001],[-107.2869499999983,39.588289000000003],[-107.28694299999829,39.588244000000003],[-107.28693599999829,39.58819900000001],[-107.2869289999983,39.58815400000001],[-107.2869219999983,39.58810900000001],[-107.28691499999829,39.58806400000001],[-107.2869669999983,39.588014000000008],[-107.2870189999983,39.587963000000002],[-107.2870119999983,39.587918000000009],[-107.2870639999983,39.587868],[-107.28711699999829,39.587817000000008],[-107.28710999999829,39.587772000000015],[-107.2871019999983,39.587726999999987],[-107.2871479999983,39.587632000000006],[-107.2871409999983,39.587586999999999],[-107.2871929999983,39.587537000000005],[-107.2871859999983,39.587492000000005],[-107.2872379999983,39.587441000000005],[-107.2872309999983,39.587396000000005],[-107.2872829999983,39.587346000000004],[-107.2872759999983,39.587301000000004],[-107.28726899999829,39.587256000000004],[-107.2873279999983,39.587250000000004],[-107.2873209999983,39.587205000000004],[-107.28731399999829,39.587160000000004],[-107.28730699999829,39.587115000000004],[-107.2872999999983,39.587069999999997],[-107.28735199999829,39.587020000000017],[-107.2873449999983,39.58697500000001],[-107.28732399999829,39.586840000000016],[-107.2873169999983,39.586795000000009],[-107.2873099999983,39.586750000000002],[-107.28730199999829,39.586704999999995],[-107.28729499999829,39.586660000000002],[-107.2872879999983,39.586615000000023],[-107.2876379999983,39.585396000000003],[-107.2876309999983,39.58535100000001],[-107.2876829999983,39.585300999999994],[-107.28767599999829,39.585255999999994],[-107.28766899999827,39.585211000000008],[-107.28766199999828,39.585166000000001],[-107.28771399999827,39.585114999999988],[-107.28770699999829,39.585070000000023],[-107.28775899999829,39.58502],[-107.28775199999829,39.584975000000014],[-107.28780399999827,39.584925000000005],[-107.28779699999828,39.584879999999998],[-107.28784899999827,39.584829000000006],[-107.28784199999828,39.584783999999992],[-107.28783499999828,39.584738999999992],[-107.28789399999827,39.584733999999997],[-107.28788699999828,39.584689000000004],[-107.28793999999829,39.584638000000005],[-107.28793199999828,39.584593000000005],[-107.28792499999828,39.584547999999991],[-107.28791099999827,39.584457999999998],[-107.28790399999828,39.584412999999991],[-107.28789699999828,39.584368000000005],[-107.28788999999828,39.584323000000005],[-107.28788299999827,39.584277999999991],[-107.28787599999828,39.584233000000005],[-107.28781699999828,39.584238999999997],[-107.28780999999827,39.584194000000011],[-107.28780199999828,39.584149000000004],[-107.28779499999828,39.584104000000011],[-107.28778799999829,39.584058999999996],[-107.28772199999828,39.584019000000005],[-107.28765599999829,39.583978999999992],[-107.2876489999983,39.583933999999999],[-107.28758899999829,39.583940000000005],[-107.2875819999983,39.583894999999998],[-107.28751599999829,39.583855000000007],[-107.2873829999983,39.583775999999993],[-107.2873169999983,39.583736000000009],[-107.28725099999829,39.583697000000008],[-107.2871909999983,39.583701999999988],[-107.28718399999829,39.583657000000009],[-107.2871249999983,39.58366199999999],[-107.2871179999983,39.583616999999997],[-107.28705899999829,39.58362300000001],[-107.28699899999829,39.583628000000004],[-107.28699199999829,39.583583000000019],[-107.28687399999829,39.583594000000005],[-107.2867479999983,39.583559000000015],[-107.2866299999983,39.583570000000009],[-107.2865629999983,39.583531000000015],[-107.28650399999829,39.583536000000009],[-107.2864379999983,39.583496000000004],[-107.28637799999829,39.583502000000003],[-107.2863709999983,39.583456999999996],[-107.28630499999829,39.58341699999999],[-107.28623899999829,39.583377000000013],[-107.28616499999829,39.583293000000012],[-107.2861579999983,39.583248000000012],[-107.28609899999829,39.583252999999992],[-107.28609199999829,39.583208000000006],[-107.28601799999829,39.583123000000001],[-107.2860039999983,39.583033],[-107.28599699999829,39.582988000000022],[-107.28598999999829,39.582943000000007],[-107.2859759999983,39.582853],[-107.28596899999829,39.582808000000007],[-107.28596199999829,39.582763],[-107.28601399999829,39.582713000000005],[-107.28600699999829,39.582667999999998],[-107.2860659999983,39.582663000000004],[-107.28612599999829,39.582657000000012],[-107.2861849999983,39.582652000000003],[-107.2863029999983,39.582641000000017],[-107.2865999999983,39.582614000000014],[-107.2867769999983,39.582597999999997],[-107.2869549999983,39.582582000000002],[-107.28701499999829,39.582577000000008],[-107.28713299999829,39.582565999999993],[-107.2872439999983,39.582509999999999],[-107.28736299999829,39.582499000000006],[-107.2875409999983,39.582483000000018],[-107.28794899999828,39.582401000000004],[-107.28823799999829,39.582329000000001],[-107.28835599999827,39.582318000000001],[-107.28834899999829,39.582273000000008],[-107.28840899999828,39.582267999999999],[-107.28840099999827,39.582223000000013],[-107.28845399999828,39.582172000000014],[-107.28850599999828,39.582121999999998],[-107.28849899999828,39.582077000000005],[-107.28849199999829,39.582031999999984],[-107.28847799999829,39.581941999999998],[-107.28852299999829,39.581846000000006],[-107.28850899999829,39.581755999999999],[-107.2885539999983,39.581661000000004],[-107.2885989999983,39.581565999999995],[-107.2886439999983,39.581470000000003],[-107.28863699999827,39.58142500000001],[-107.28862999999828,39.58138000000001],[-107.28862299999828,39.58133500000001],[-107.28860899999829,39.581245000000003],[-107.28860099999829,39.58120000000001],[-107.28859399999828,39.58115500000001],[-107.28858699999829,39.581110000000002],[-107.28857999999828,39.581065000000009],[-107.28857299999828,39.581020000000002],[-107.28856599999828,39.580975000000002],[-107.28855899999829,39.580929999999995],[-107.28861799999828,39.580924999999993],[-107.28861099999828,39.580880000000015],[-107.28859699999828,39.58079],[-107.28858999999828,39.580745],[-107.28858299999828,39.580699999999993],[-107.28857599999829,39.580655],[-107.28856899999828,39.580610000000007],[-107.28861399999828,39.580514000000008],[-107.28860699999829,39.580469000000008],[-107.28859999999828,39.580424000000008],[-107.28859299999829,39.580378999999994],[-107.28864499999828,39.580328999999992],[-107.28863799999829,39.580284000000006],[-107.28867599999828,39.580143000000007],[-107.28866899999828,39.580098000000007],[-107.28866199999828,39.580053000000014],[-107.28871399999828,39.580002999999998],[-107.28870699999828,39.579958000000012],[-107.28876599999828,39.579953000000003],[-107.2888179999983,39.57990199999999],[-107.28881099999828,39.579857000000004],[-107.2888629999983,39.579806999999995],[-107.28885599999828,39.579762000000002],[-107.28884899999828,39.579717000000002],[-107.28884199999828,39.579672000000002],[-107.28890099999828,39.579666999999993],[-107.28889399999828,39.579622000000008],[-107.28888699999828,39.579576000000003],[-107.28887999999829,39.579531000000017],[-107.28887299999828,39.579486000000003],[-107.28886599999828,39.579441000000017],[-107.28896999999829,39.579340999999999],[-107.28902999999828,39.579334999999993],[-107.28902299999828,39.57929],[-107.28908199999829,39.579284999999985],[-107.28907499999828,39.579239999999999],[-107.28906799999828,39.579195000000013],[-107.28917199999829,39.579094000000012],[-107.28916499999828,39.579048999999991],[-107.28920999999828,39.57895400000001],[-107.28926899999828,39.578947999999997],[-107.28926199999829,39.578902999999997],[-107.28925499999828,39.578857999999997],[-107.28931499999828,39.578853000000002],[-107.28930699999827,39.578808000000009],[-107.28935999999828,39.578758000000001],[-107.28935299999829,39.578713000000008],[-107.28941199999828,39.578707000000016],[-107.28945699999828,39.578612000000014],[-107.28950899999828,39.578561000000015],[-107.28955399999828,39.578466000000006],[-107.28960599999829,39.578415999999997],[-107.28959899999828,39.578371000000011],[-107.28959199999828,39.578326000000004],[-107.28964399999828,39.578274999999991],[-107.28963699999828,39.578229999999998],[-107.28962999999828,39.578185000000012],[-107.28962299999829,39.578139999999998],[-107.28961599999828,39.578095000000005],[-107.28960899999828,39.578050000000012],[-107.2896019999983,39.578005000000012],[-107.28959499999829,39.577960000000012],[-107.28958799999828,39.577915000000004],[-107.28958099999828,39.577869999999983],[-107.28957399999828,39.577824999999997],[-107.28955999999827,39.577735000000004],[-107.28955299999828,39.577690000000004],[-107.28954499999828,39.577644999999997],[-107.28953799999827,39.577599999999997],[-107.28953099999828,39.577555000000004],[-107.28958299999827,39.577505000000002],[-107.28956899999828,39.577415000000009],[-107.28956199999828,39.577370000000009],[-107.28955499999827,39.577325000000009],[-107.28960699999828,39.577273999999996],[-107.28959999999827,39.57722900000001],[-107.28959299999828,39.57718400000001],[-107.28958599999828,39.577139000000003],[-107.28957899999828,39.57709400000001],[-107.28957199999829,39.577049000000002],[-107.28956499999828,39.577004000000009],[-107.28961699999829,39.576954000000001],[-107.28960299999828,39.576864],[-107.28964799999828,39.576767999999994],[-107.28969299999828,39.576673],[-107.28974499999828,39.576623000000005],[-107.28979799999829,39.576572000000013],[-107.28979099999827,39.576527000000013],[-107.28978299999828,39.576481999999999],[-107.2897759999983,39.576437000000006],[-107.28976899999829,39.576392000000013],[-107.28976199999828,39.576346999999998],[-107.28975499999828,39.576301999999998],[-107.28974799999828,39.576256999999984],[-107.28974099999829,39.576212000000005],[-107.28973399999828,39.576167000000005],[-107.28972699999828,39.576122000000005],[-107.28971999999828,39.576077000000005],[-107.28971299999829,39.576032000000012],[-107.28969899999828,39.575942000000012],[-107.28969099999829,39.575897000000012],[-107.28968399999827,39.57585199999999],[-107.28967699999826,39.575806999999983],[-107.28966999999828,39.575761999999997],[-107.28966299999828,39.575717000000012],[-107.28964899999829,39.575626999999997],[-107.28964199999828,39.575581999999997],[-107.28963499999828,39.575537000000004],[-107.28962799999827,39.575492000000004],[-107.28962099999828,39.57544699999999],[-107.28961399999828,39.575402000000011],[-107.28960699999828,39.575357000000011],[-107.28959999999827,39.575312000000011],[-107.28959199999828,39.575266999999997],[-107.28957799999829,39.575177000000011],[-107.28957099999828,39.575131999999996],[-107.28956399999828,39.575087000000011],[-107.2895569999983,39.575042000000003],[-107.28954999999829,39.574997000000003],[-107.28954299999828,39.574952000000003],[-107.28953599999828,39.57490700000001],[-107.28952899999828,39.57486200000001],[-107.28952199999829,39.57481700000001],[-107.28951499999827,39.57477200000001],[-107.28950799999828,39.57472700000001],[-107.28956699999829,39.574721000000004],[-107.28954599999828,39.574586000000004],[-107.28959099999828,39.574491000000002],[-107.28963599999828,39.574396000000007],[-107.28962899999829,39.574351000000014],[-107.28968099999828,39.574300000000008],[-107.28967399999829,39.574255000000008],[-107.28966699999827,39.574210000000008],[-107.28972599999828,39.574204999999999],[-107.28971899999829,39.574160000000006],[-107.28971199999827,39.574115000000013],[-107.28970499999828,39.574070000000013],[-107.28969799999828,39.57402500000002],[-107.28973599999829,39.573884000000007],[-107.28978799999828,39.573834000000005],[-107.28977399999826,39.573743999999998],[-107.28983299999827,39.573738999999996],[-107.28982599999827,39.573694000000003],[-107.28981899999829,39.57364900000001],[-107.28981199999826,39.573603999999996],[-107.28987099999829,39.573598000000004],[-107.28992299999827,39.573548000000017],[-107.28997599999826,39.573497000000017],[-107.29002799999829,39.573447000000009],[-107.29002099999826,39.573402000000016],[-107.29007299999829,39.573352],[-107.29012499999827,39.573301000000008],[-107.29017699999828,39.573250999999985],[-107.29022899999826,39.573201000000005],[-107.29026099999828,39.573170000000012],[-107.29028199999827,39.573150000000005],[-107.29034099999828,39.573145000000004],[-107.29033399999827,39.573100000000004],[-107.29037899999827,39.573003999999997],[-107.29037199999827,39.572958999999997],[-107.29041699999829,39.572864000000003],[-107.29040999999826,39.572819000000017],[-107.29044799999826,39.572679000000015],[-107.29043399999827,39.572589000000008],[-107.29042699999827,39.57254300000001],[-107.29041199999827,39.572453000000017],[-107.29040499999827,39.57240800000001],[-107.29039099999827,39.572317999999996],[-107.29038699999826,39.572291999999997],[-107.29038399999828,39.572273000000017],[-107.29037699999827,39.57222800000001],[-107.29036999999826,39.57218300000001],[-107.29031099999827,39.572189000000009],[-107.29029699999826,39.572099000000001],[-107.29020899999827,39.571924000000003],[-107.29020199999826,39.57187900000001],[-107.29014299999827,39.571884000000011],[-107.29013599999827,39.571839000000004],[-107.29012899999826,39.571794000000011],[-107.29006899999827,39.571800000000003],[-107.29006199999827,39.57175500000001],[-107.29003899999826,39.571741000000017],[-107.28999599999827,39.571715000000012],[-107.28992999999826,39.571676000000004],[-107.28991599999827,39.571584999999999],[-107.28990799999826,39.571539999999999],[-107.28990099999828,39.571494999999992],[-107.28988699999826,39.571404999999999],[-107.28987999999826,39.571359999999991],[-107.28987299999827,39.571315000000006],[-107.28986599999828,39.571270000000005],[-107.28985899999827,39.571225000000005],[-107.28985199999826,39.571180000000005],[-107.28983799999828,39.571090000000012],[-107.28983099999827,39.571044999999998],[-107.28982399999828,39.571000000000012],[-107.28981599999828,39.570955000000012],[-107.28980899999827,39.570910000000005],[-107.28980199999828,39.570864999999991],[-107.28979499999826,39.570819999999998],[-107.28978799999827,39.570774999999983],[-107.28978099999827,39.570729999999998],[-107.28977399999826,39.570685000000005],[-107.28976699999826,39.570640000000004],[-107.28981899999829,39.570590000000017],[-107.28981199999828,39.57054500000001],[-107.28980499999827,39.570500000000017],[-107.28986399999829,39.570494000000004],[-107.28991599999829,39.570444000000009],[-107.28990899999827,39.570399000000009],[-107.28989499999827,39.570309000000016],[-107.28988799999827,39.570264000000009],[-107.28988099999826,39.570219000000002],[-107.28987399999828,39.570174000000002],[-107.28987399999828,39.57017299999999],[-107.28986699999827,39.570129000000009],[-107.28985999999828,39.570084000000023],[-107.28985299999826,39.570038999999994],[-107.28983899999827,39.569949000000001],[-107.28983199999828,39.569904000000015],[-107.28982499999827,39.569859000000022],[-107.28981699999829,39.569814000000015],[-107.28980999999827,39.569769000000001],[-107.28980299999827,39.569723999999994],[-107.28973699999828,39.569684000000002],[-107.28967099999828,39.569645000000008],[-107.28961099999827,39.569650000000003],[-107.28949299999827,39.569661000000004],[-107.28943399999828,39.569665999999998],[-107.28944099999828,39.569711000000005],[-107.2893809999983,39.569717000000004],[-107.28921799999829,39.569823000000014],[-107.28917099999828,39.569826999999997],[-107.28909899999827,39.569833000000003],[-107.28903999999828,39.569839000000009],[-107.28892899999828,39.569895000000002],[-107.28887599999828,39.569944999999997],[-107.28875799999828,39.569955999999991],[-107.28870599999829,39.570005999999999],[-107.28864699999828,39.570011000000001],[-107.28860099999829,39.570107],[-107.28854199999829,39.570112000000002],[-107.28848999999828,39.570163000000008],[-107.2884309999983,39.57016800000001],[-107.28837899999829,39.570218000000011],[-107.28826699999829,39.570273999999998],[-107.28827399999828,39.570319000000005],[-107.28821499999827,39.570323999999999],[-107.28816299999828,39.570375000000006],[-107.28811099999828,39.570425000000014],[-107.28799899999829,39.570481000000008],[-107.28776899999828,39.570547000000012],[-107.28770999999828,39.570553000000004],[-107.28770299999827,39.570508000000004],[-107.28764399999828,39.570512999999998],[-107.28757699999828,39.57047399999999],[-107.2875179999983,39.57047900000002],[-107.28751099999828,39.570433999999999],[-107.28745199999828,39.570439000000015],[-107.28744499999829,39.570394000000007],[-107.28738499999828,39.570399999999999],[-107.2873779999983,39.570354999999999],[-107.28731899999828,39.570359999999994],[-107.28731199999829,39.570315000000001],[-107.28724599999829,39.570275000000009],[-107.28723899999829,39.570229999999988],[-107.28717199999829,39.570191000000008],[-107.2871699999983,39.570174000000009],[-107.2871649999983,39.570146000000001],[-107.2871579999983,39.570101000000001],[-107.2870919999983,39.570061000000003],[-107.2870849999983,39.570016000000003],[-107.28702499999829,39.570021000000004],[-107.2870179999983,39.569975999999997],[-107.28695899999829,39.56998200000001],[-107.2868929999983,39.569942000000005],[-107.2868259999983,39.569901999999999],[-107.2867259999983,39.56987500000001],[-107.28670099999829,39.569868000000014],[-107.28669399999829,39.569823000000007],[-107.28662799999829,39.569783999999999],[-107.2865789999983,39.569753999999989],[-107.2865609999983,39.569743999999986],[-107.2864949999983,39.569704000000009],[-107.28643599999829,39.569710000000008],[-107.28642899999829,39.569665000000001],[-107.28636899999829,39.569670000000002],[-107.28636199999829,39.569625000000002],[-107.2863029999983,39.569630000000004],[-107.28629599999829,39.569584999999996],[-107.28626099999829,39.569564000000014],[-107.2862299999983,39.56954600000001],[-107.28616999999829,39.56955099999999],[-107.2861629999983,39.569506000000004],[-107.28609699999829,39.569466000000013],[-107.28603099999829,39.569426999999983],[-107.28602399999829,39.569382000000004],[-107.2859639999983,39.569386999999999],[-107.2858979999983,39.569347999999984],[-107.28583199999829,39.569307999999999],[-107.28576499999829,39.569268000000008],[-107.28569199999829,39.569184000000007],[-107.2856329999983,39.569189000000009],[-107.2855659999983,39.56914900000001],[-107.28550699999829,39.569155000000016],[-107.28526999999829,39.569176000000013],[-107.28515199999829,39.569186999999999],[-107.28503299999829,39.569198000000014],[-107.28491499999831,39.569208000000017],[-107.28485499999829,39.569213999999988],[-107.28480299999831,39.569263999999997],[-107.28475099999831,39.569315000000003],[-107.28469899999831,39.569365000000005],[-107.28458699999831,39.569421000000006],[-107.28453499999831,39.569470999999986],[-107.28451399999831,39.569473000000009],[-107.28441699999831,39.569482000000001],[-107.28435699999831,39.569486999999995],[-107.28429799999832,39.569493000000008],[-107.2842919999983,39.569454],[-107.2842909999983,39.569447999999994],[-107.28422499999832,39.569408000000003],[-107.28421099999831,39.56931800000001],[-107.28420399999831,39.56927300000001],[-107.2841959999983,39.56922800000001],[-107.28418899999831,39.56918300000001],[-107.28418199999831,39.569138000000009],[-107.28417499999831,39.569093000000002],[-107.2841679999983,39.569048000000009],[-107.28416099999831,39.569003000000016],[-107.28415399999831,39.568958000000009],[-107.28414699999831,39.568912999999988],[-107.2841399999983,39.568868000000002],[-107.28413299999831,39.568823000000002],[-107.28412599999831,39.568778000000009],[-107.28411899999831,39.568733000000016],[-107.2841119999983,39.568687999999995],[-107.28410499999831,39.568643000000009],[-107.2840379999983,39.568602999999996],[-107.2839649999983,39.568518000000005],[-107.28390599999831,39.568524000000011],[-107.28389899999831,39.568479000000004],[-107.28383899999831,39.568484000000019],[-107.28383199999831,39.568439000000012],[-107.28374799999831,39.568407000000001],[-107.28363999999831,39.568364999999993],[-107.28357399999831,39.568326000000006],[-107.28356699999831,39.568281000000006],[-107.28350799999831,39.568286000000001],[-107.28350099999831,39.568241],[-107.28343399999831,39.568201000000009],[-107.28337499999832,39.568207000000015],[-107.28330899999831,39.568167000000003],[-107.28324199999831,39.568127000000004],[-107.28323499999831,39.568082000000004],[-107.28317599999831,39.568088000000017],[-107.28316899999831,39.56804300000001],[-107.2831099999983,39.568048000000005],[-107.28304299999832,39.568008000000013],[-107.28297699999831,39.567969000000005],[-107.28291099999831,39.567929000000007],[-107.28284399999831,39.567889999999998],[-107.2827779999983,39.56785],[-107.28271899999831,39.567855000000009],[-107.28265299999831,39.567816000000015],[-107.28259299999831,39.567821000000009],[-107.28258899999831,39.567793000000016],[-107.2825859999983,39.567776000000016],[-107.28251999999831,39.567735999999996],[-107.28245399999832,39.567697000000024],[-107.28238699999831,39.567657000000004],[-107.28232799999833,39.567661999999999],[-107.2823209999983,39.567617000000006],[-107.28225499999833,39.567578000000019],[-107.28218799999833,39.567538000000006],[-107.28212899999832,39.567542999999993],[-107.28206299999832,39.567504000000007],[-107.28200299999831,39.567509000000015],[-107.28199599999833,39.567464000000015],[-107.28192999999833,39.567425000000007],[-107.28186399999832,39.567385000000002],[-107.28180499999833,39.567389999999989],[-107.28173799999833,39.567351000000002],[-107.28167899999832,39.567356000000004],[-107.28162699999832,39.56740600000002],[-107.28156799999832,39.567412000000004],[-107.28133099999832,39.567433000000008],[-107.28127099999833,39.567439000000007],[-107.28114599999833,39.567404000000003],[-107.28108599999833,39.56741000000001],[-107.28102699999832,39.567415000000004],[-107.28090899999832,39.567426000000005],[-107.28078999999832,39.567436999999998],[-107.2806719999983,39.567447000000001],[-107.28055299999832,39.567458000000002],[-107.28037499999833,39.567474000000011],[-107.28025699999833,39.567485000000005],[-107.28001999999832,39.567506000000002],[-107.27990099999833,39.567517000000009],[-107.27978299999833,39.56752800000001],[-107.27960399999834,39.567543999999998],[-107.27936799999833,39.567565000000009],[-107.27924999999834,39.567575999999995],[-107.27919799999832,39.567581000000011],[-107.27907199999834,39.567592000000005],[-107.27889399999833,39.567608000000007],[-107.27877599999833,39.567618999999993],[-107.27871599999834,39.567624000000002],[-107.27865699999833,39.567630000000008],[-107.27860499999834,39.56768000000001],[-107.27855299999834,39.567729999999997],[-107.27849299999833,39.567735999999989],[-107.27850099999834,39.567781000000004],[-107.27844099999832,39.567786000000005],[-107.27838899999834,39.567836999999997],[-107.27832999999832,39.567842000000006],[-107.27827099999833,39.567847000000008],[-107.27815199999833,39.567858000000015],[-107.27803399999834,39.567868999999995],[-107.27797399999832,39.567874000000003],[-107.27791499999833,39.567880000000009],[-107.27773699999834,39.567895999999998],[-107.27770799999833,39.567924000000012],[-107.27768499999836,39.567946000000013],[-107.27763299999833,39.567996000000022],[-107.27757399999834,39.568002000000014],[-107.27758099999834,39.568047000000007],[-107.27752199999834,39.568052000000002],[-107.27752899999835,39.568096999999995],[-107.27746899999835,39.568103000000008],[-107.27740999999835,39.568108000000002],[-107.27735099999835,39.56811299999999],[-107.27728499999836,39.56807400000001],[-107.27722499999834,39.568078999999997],[-107.27715899999833,39.568038999999992],[-107.27697399999835,39.568010000000008],[-107.27691499999835,39.568016000000014],[-107.27684899999835,39.567976000000009],[-107.27678899999833,39.567982000000008],[-107.27678199999835,39.567937000000001],[-107.27671599999834,39.567897000000002],[-107.27665699999835,39.567902000000004],[-107.27658999999834,39.567863000000003],[-107.27653099999834,39.567868000000004],[-107.27647199999835,39.567872999999992],[-107.27646499999834,39.567828000000006],[-107.27639799999834,39.567789000000019],[-107.27639099999836,39.567744000000005],[-107.27633199999833,39.567749000000006],[-107.27626599999836,39.567708999999994],[-107.27619199999835,39.567625000000007],[-107.27612599999836,39.567585000000001],[-107.27605999999834,39.567545000000003],[-107.27605299999836,39.56750000000001],[-107.27599299999835,39.567506000000016],[-107.27598599999834,39.567461000000016],[-107.27591999999835,39.56742100000001],[-107.27586099999836,39.567425999999998],[-107.27579499999835,39.567386999999997],[-107.27560999999835,39.567358000000006],[-107.27548399999836,39.567324000000013],[-107.27536599999834,39.567334000000002],[-107.27529899999836,39.567295000000001],[-107.27523999999835,39.567299999999996],[-107.27518099999837,39.567305000000012],[-107.27517399999836,39.567260000000012],[-107.27510699999836,39.567220999999989],[-107.27504799999836,39.567226000000005],[-107.27498199999836,39.567187000000004],[-107.27490899999835,39.567102000000006],[-107.27484199999836,39.567062000000014],[-107.27477599999835,39.567022999999999],[-107.27476899999837,39.566978000000006],[-107.27470299999835,39.566938000000007],[-107.27463599999837,39.566898000000016],[-107.27462899999836,39.566852999999995],[-107.27462199999836,39.566808000000009],[-107.27461999999836,39.566795000000006],[-107.27418899999836,39.566712000000017],[-107.27300299999837,39.566822000000016],[-107.27178299999836,39.566988000000009],[-107.27039999999836,39.566702999999997],[-107.26943199999839,39.566151000000019],[-107.26849299999839,39.565255000000001],[-107.26771599999837,39.564201000000011],[-107.2670349999984,39.563605000000017],[-107.26594999999841,39.563215999999997],[-107.26383999999841,39.562966000000003],[-107.26251099999841,39.562967999999998],[-107.26102499999843,39.562930000000001],[-107.25959499999844,39.562905000000008],[-107.25576599999845,39.561733999999994],[-107.25217199999847,39.561256],[-107.24925599999848,39.560578],[-107.24742099999848,39.558719000000004],[-107.2458219999985,39.557504000000002],[-107.2447249999985,39.557364000000007],[-107.24472599999851,39.557366999999985],[-107.24469199999849,39.557398999999997],[-107.2446539999985,39.557402999999994],[-107.24461599999849,39.557406000000007],[-107.2445449999985,39.557442000000002],[-107.24451199999849,39.557473999999992],[-107.24443999999849,39.557510000000008],[-107.24433099999851,39.557549000000002],[-107.24425999999849,39.55758500000001],[-107.24426399999849,39.557613000000003],[-107.24422599999849,39.557617000000008],[-107.24418799999849,39.55762],[-107.24415099999851,39.557624000000004],[-107.24411299999849,39.557627000000004],[-107.2441169999985,39.557656000000001],[-107.24407899999851,39.557659000000015],[-107.24404099999849,39.557662999999984],[-107.2440029999985,39.557665999999998],[-107.24400799999849,39.55769500000001],[-107.2439699999985,39.557698000000002],[-107.24389399999849,39.557704999999991],[-107.2438559999985,39.55770900000001],[-107.2438179999985,39.557712000000002],[-107.24377999999851,39.557715000000002],[-107.24374699999851,39.557748000000004],[-107.2437089999985,39.55775100000001],[-107.24367099999851,39.557755000000007],[-107.2436759999985,39.557783000000001],[-107.2436419999985,39.557816000000017],[-107.24364699999852,39.557844000000017],[-107.24360899999851,39.557848000000007],[-107.24357499999851,39.557880000000004],[-107.24353699999851,39.557883000000004],[-107.24350399999852,39.557915999999999],[-107.24347499999851,39.557977000000008],[-107.24344199999851,39.558008999999991],[-107.24336999999851,39.558045],[-107.24337499999852,39.558073000000014],[-107.2433369999985,39.558077000000004],[-107.2433039999985,39.558109000000009],[-107.2432699999985,39.558141000000006],[-107.2432369999985,39.558174000000001],[-107.24320299999852,39.558205999999998],[-107.24316999999851,39.55823800000001],[-107.24313699999851,39.558270000000007],[-107.24309899999851,39.558274000000004],[-107.24310299999851,39.558302999999988],[-107.24306999999853,39.558335000000007],[-107.24307399999851,39.55836399999999],[-107.24304099999851,39.558396000000009],[-107.24300299999851,39.558398999999994],[-107.24300699999851,39.558427999999992],[-107.24297399999851,39.558459999999997],[-107.2429779999985,39.558489000000002],[-107.24294499999853,39.558520999999999],[-107.2429499999985,39.558550000000004],[-107.24295399999851,39.558579000000009],[-107.24295899999851,39.558608000000007],[-107.2429209999985,39.558610999999992],[-107.2428869999985,39.558643000000011],[-107.24289199999851,39.558672000000001],[-107.2428539999985,39.558676000000013],[-107.24285799999851,39.558704000000006],[-107.2428249999985,39.558737000000001],[-107.24275399999851,39.558771999999998],[-107.2427579999985,39.558800999999995],[-107.24271999999853,39.558805000000007],[-107.2427249999985,39.558833000000007],[-107.2427289999985,39.558862000000005],[-107.24269099999852,39.558866000000002],[-107.24265799999851,39.558897999999999],[-107.24261999999851,39.558901000000006],[-107.24255299999851,39.558966000000005],[-107.24251499999852,39.558969000000005],[-107.24251999999851,39.558998000000003],[-107.24248199999852,39.559001000000009],[-107.24248599999851,39.559030000000007],[-107.24240999999851,39.559036999999989],[-107.2424149999985,39.559065999999994],[-107.24222999999851,39.559111999999999],[-107.24215899999852,39.559146999999996],[-107.24208699999852,39.559182999999997],[-107.24205799999851,39.559243999999985],[-107.2419869999985,39.559280000000008],[-107.24194899999851,39.559283000000008],[-107.24195399999853,39.559311999999998],[-107.24191599999851,39.559314999999998],[-107.2419199999985,39.55934400000001],[-107.24188199999851,39.559348000000007],[-107.24184899999851,39.559380000000004],[-107.24181499999852,39.559412000000002],[-107.24178199999852,39.559443999999992],[-107.24171499999851,39.559509000000006],[-107.2416769999985,39.559512000000005],[-107.24168199999852,39.559541000000003],[-107.2416439999985,39.559544000000002],[-107.24164799999851,39.559573000000007],[-107.24160999999852,39.559576999999997],[-107.24157299999851,39.559580000000004],[-107.24153499999851,39.559584000000001],[-107.2414969999985,39.559587000000001],[-107.24145899999851,39.559590000000007],[-107.24142099999851,39.559593999999997],[-107.24137799999851,39.559568000000013],[-107.24134099999851,39.55957200000001],[-107.24133599999853,39.559543000000005],[-107.24129799999851,39.559546000000005],[-107.24125599999853,39.559520999999997],[-107.24121299999852,39.55949600000001],[-107.24120899999852,39.559466999999998],[-107.24117099999852,39.559469999999997],[-107.24116599999853,39.55944199999999],[-107.24108999999852,39.559448000000003],[-107.24104799999851,39.559423000000002],[-107.24100599999852,39.559398000000009],[-107.24100099999852,39.55936899999999],[-107.24096299999852,39.559372000000003],[-107.24092499999853,39.559376000000007],[-107.24084499999852,39.559353999999999],[-107.24079799999852,39.55929900000001],[-107.24075999999852,39.559303000000014],[-107.24072199999853,39.559305999999985],[-107.24068399999852,39.559309999999996],[-107.24064599999853,39.559312999999996],[-107.24060799999852,39.559317],[-107.24057099999852,39.559319999999992],[-107.24056599999852,39.559291000000016],[-107.24052799999852,39.559295000000006],[-107.24048599999853,39.559269],[-107.24048099999852,39.55924000000001],[-107.24047699999852,39.559211999999995],[-107.24047199999853,39.559182999999997],[-107.24050999999852,39.559178999999993],[-107.24053899999852,39.559117999999998],[-107.24060599999852,39.559054000000003],[-107.24059699999852,39.558996000000008],[-107.24063499999852,39.558993000000008],[-107.24066399999852,39.558932000000006],[-107.24065899999852,39.558903000000001],[-107.24072599999852,39.558838999999999],[-107.24072099999852,39.558810000000001],[-107.24075499999852,39.558777000000006],[-107.24078799999852,39.558745000000002],[-107.24078399999853,39.558716000000004],[-107.24082199999853,39.558713000000004],[-107.24085499999852,39.558681],[-107.24085099999853,39.558651999999995],[-107.24088399999852,39.558619999999998],[-107.24087899999853,39.558590999999993],[-107.24091299999853,39.55855900000001],[-107.24094599999852,39.558526000000008],[-107.24098399999852,39.558523000000008],[-107.2409799999985,39.558494000000017],[-107.24105099999852,39.558459000000006],[-107.24108399999852,39.558425999999997],[-107.24111799999852,39.558394000000021],[-107.24115099999851,39.558362000000002],[-107.24121799999851,39.55829700000001],[-107.24125199999852,39.558264999999999],[-107.2412889999985,39.558262000000013],[-107.24128499999851,39.558233000000001],[-107.2413559999985,39.558197],[-107.24135199999851,39.558168999999999],[-107.24138999999852,39.558165000000017],[-107.24142299999851,39.558132999999998],[-107.24146099999851,39.558129000000008],[-107.24149399999851,39.558096999999997],[-107.24156599999851,39.558062000000007],[-107.2415989999985,39.558029000000005],[-107.24163699999851,39.558025999999998],[-107.2416329999985,39.557997000000007],[-107.24170399999851,39.557960999999999],[-107.24173699999852,39.557928999999994],[-107.24177099999851,39.557897000000004],[-107.24180399999851,39.557865000000007],[-107.24179999999851,39.557836000000009],[-107.24183799999851,39.557832000000005],[-107.24187099999851,39.5578],[-107.24190399999851,39.55776800000001],[-107.2419419999985,39.557765000000011],[-107.24193799999853,39.557735999999991],[-107.2420089999985,39.557699999999997],[-107.24200499999851,39.557670999999999],[-107.24203799999852,39.557638999999995],[-107.24207599999851,39.557636000000009],[-107.2420709999985,39.557607000000004],[-107.24210899999851,39.557603000000015],[-107.24214299999851,39.557570999999989],[-107.2421379999985,39.557541999999998],[-107.2421719999985,39.557510000000015],[-107.24220499999851,39.55747800000001],[-107.24223799999851,39.557446000000013],[-107.24227199999851,39.557413000000004],[-107.24230499999851,39.557381000000007],[-107.24233899999852,39.557349000000009],[-107.24237199999853,39.557317000000005],[-107.24240999999851,39.557313000000008],[-107.24240599999851,39.557285000000007],[-107.2424429999985,39.557281000000003],[-107.24243899999851,39.557252000000005],[-107.24247199999853,39.557220000000008],[-107.24246799999852,39.557191000000003],[-107.2425389999985,39.557156000000006],[-107.24256799999851,39.557095000000004],[-107.24256399999852,39.557065999999999],[-107.24263499999851,39.557029999999997],[-107.24262999999853,39.557000999999993],[-107.24262599999851,39.556972000000002],[-107.24262099999851,39.556944000000001],[-107.2426169999985,39.556915000000004],[-107.2426119999985,39.556885999999999],[-107.24260799999851,39.556857000000008],[-107.24255199999853,39.556745000000006],[-107.24250899999852,39.556720000000006],[-107.2425049999985,39.556691000000001],[-107.24245799999851,39.556636999999995],[-107.2424539999985,39.55660799999999],[-107.2424489999985,39.556578999999999],[-107.24243999999851,39.556522000000008],[-107.24243799999851,39.556509999999996],[-107.24243599999851,39.556493000000003],[-107.24243099999852,39.556463999999998],[-107.2424259999985,39.556435000000008],[-107.24242199999851,39.556406999999993],[-107.24241699999853,39.556378000000002],[-107.24241299999851,39.556348999999997],[-107.24240799999851,39.556320000000007],[-107.2424039999985,39.556291000000009],[-107.24239899999851,39.556263000000008],[-107.24236199999851,39.556266000000008],[-107.24235699999851,39.556237000000003],[-107.24235299999852,39.556208000000005],[-107.24234799999851,39.556180000000005],[-107.24234399999851,39.556151000000007],[-107.24233899999852,39.556122000000002],[-107.2422969999985,39.556097000000001],[-107.24229199999853,39.556068000000003],[-107.24228799999852,39.556038999999998],[-107.24228299999851,39.556010000000008],[-107.2422789999985,39.555981000000003],[-107.2422739999985,39.555953000000017],[-107.24223199999851,39.555927000000004],[-107.24222699999851,39.555898000000006],[-107.24218499999851,39.555872999999991],[-107.24217999999851,39.555844],[-107.24214199999851,39.555848000000005],[-107.2421379999985,39.555819000000007],[-107.2421329999985,39.555790000000016],[-107.24212899999851,39.555761000000011],[-107.24212399999853,39.555731999999992],[-107.24211999999852,39.555703999999999],[-107.24211499999851,39.555675000000001],[-107.2421109999985,39.555646000000003],[-107.24210599999851,39.555617000000005],[-107.24210199999851,39.555588000000007],[-107.24209699999851,39.555559000000009],[-107.2420929999985,39.555531000000009],[-107.24212599999852,39.555498000000007],[-107.24212199999852,39.55547],[-107.2421169999985,39.555441000000009],[-107.24211299999851,39.555412000000004],[-107.24210399999851,39.555354000000008],[-107.2420989999985,39.555326000000008],[-107.24209499999851,39.555297000000003],[-107.24208999999851,39.555268000000005],[-107.24208599999851,39.555239000000007],[-107.2420429999985,39.555213999999999],[-107.24203899999851,39.555185000000009],[-107.24203399999853,39.555155999999997],[-107.2419919999985,39.555130999999996],[-107.2419869999985,39.555102000000005],[-107.24193999999851,39.555047999999999],[-107.24189799999851,39.555022000000001],[-107.24185499999851,39.554997],[-107.2418509999985,39.554968000000009],[-107.2418459999985,39.554938999999997],[-107.24180799999851,39.554943000000002],[-107.24180399999851,39.554913999999997],[-107.2417619999985,39.55488900000001],[-107.24171899999851,39.554862999999997],[-107.2416769999985,39.554837999999997],[-107.2416719999985,39.554808999999992],[-107.24163399999851,39.554811999999998],[-107.24162999999851,39.554783999999991],[-107.24162499999851,39.554755000000007],[-107.2416209999985,39.554726000000002],[-107.24158299999851,39.554729000000009],[-107.24157799999851,39.554700999999994],[-107.2415359999985,39.554675000000003],[-107.24149399999851,39.554650000000002],[-107.24148899999851,39.554621000000012],[-107.24145099999851,39.554624000000011],[-107.24144199999851,39.554567000000006],[-107.24143799999852,39.554538000000008],[-107.24147099999853,39.554506000000011],[-107.24150399999853,39.554473999999999],[-107.24152899999851,39.554383999999999],[-107.24156199999851,39.554352000000002],[-107.24155799999851,39.554323000000004],[-107.24155299999852,39.554293999999992],[-107.24159099999851,39.554289999999995],[-107.2415869999985,39.554262000000016],[-107.24161999999851,39.554229000000014],[-107.2416149999985,39.554201000000006],[-107.24161199999851,39.554177000000003],[-107.24161099999851,39.554172000000001],[-107.24164899999852,39.554167999999997],[-107.2416439999985,39.554140000000004],[-107.2416779999985,39.554107000000002],[-107.24170699999851,39.554045999999992],[-107.24174499999852,39.554042999999993],[-107.2417399999985,39.554014000000002],[-107.24177799999852,39.554011000000003],[-107.24181099999851,39.553977999999994],[-107.24184899999851,39.553975000000015],[-107.24187799999851,39.553913999999999],[-107.24191599999851,39.553911000000006],[-107.24194999999852,39.553878000000005],[-107.24194499999851,39.553849999999997],[-107.24198299999853,39.553846],[-107.24201599999851,39.553814000000003],[-107.24201199999851,39.553784999999998],[-107.24204999999851,39.553781999999998],[-107.2420879999985,39.553778000000001],[-107.24208299999852,39.55374900000001],[-107.24212099999851,39.55374599999999],[-107.2421169999985,39.553717000000006],[-107.24214599999851,39.553656000000004],[-107.24218299999851,39.553653000000004],[-107.2422169999985,39.553620000000009],[-107.24220799999853,39.553562999999997],[-107.2422459999985,39.553559000000014],[-107.24224099999853,39.553531000000007],[-107.24227499999851,39.553498000000005],[-107.24230399999851,39.55343700000001],[-107.24234099999852,39.55343400000001],[-107.24233699999853,39.553404999999998],[-107.2423699999985,39.553372999999993],[-107.24236599999851,39.553344000000017],[-107.24239899999851,39.553311999999998],[-107.24243299999851,39.553280000000001],[-107.2424709999985,39.553276000000004],[-107.24246599999852,39.553247000000006],[-107.24249999999851,39.553215000000002],[-107.24249499999851,39.553186000000004],[-107.2425329999985,39.553183000000004],[-107.24256599999852,39.553150999999993],[-107.2425939999985,39.553124000000004],[-107.2425999999985,39.553118000000005],[-107.24266699999851,39.553054000000003],[-107.2426619999985,39.553025000000005],[-107.24269999999851,39.553021999999999],[-107.24273299999851,39.552989000000004],[-107.24276699999852,39.552956999999999],[-107.24279999999851,39.552925000000016],[-107.24279599999851,39.55289599999999],[-107.24282899999851,39.552864],[-107.24286699999851,39.552860999999993],[-107.24289999999853,39.552827999999991],[-107.24289599999852,39.552800000000005],[-107.24292899999851,39.552766999999996],[-107.2429669999985,39.552764000000003],[-107.24300099999851,39.552731999999999],[-107.2430339999985,39.552699000000004],[-107.2430669999985,39.552666999999992],[-107.24306299999851,39.552638000000002],[-107.2431009999985,39.552635000000009],[-107.24313399999851,39.552602999999998],[-107.24312499999853,39.552544999999995],[-107.24312099999852,39.552515999999997],[-107.24311599999851,39.552486999999999],[-107.24314499999851,39.55242599999999],[-107.2431409999985,39.552397999999997],[-107.24313599999851,39.552369000000013],[-107.24312699999852,39.55231100000001],[-107.24312499999853,39.552300000000002],[-107.24312299999852,39.552282000000005],[-107.2431179999985,39.552253999999998],[-107.24311399999851,39.552225000000007],[-107.24310899999853,39.552196000000009],[-107.24309999999851,39.552138000000006],[-107.2430959999985,39.552110000000006],[-107.24309099999851,39.552081000000015],[-107.24312499999853,39.552048999999997],[-107.24311999999851,39.552020000000006],[-107.24311499999853,39.551991000000008],[-107.24314399999851,39.551930000000013],[-107.2431399999985,39.551901000000008],[-107.2431349999985,39.551872000000017],[-107.24316399999852,39.551811000000001],[-107.24315999999853,39.55178200000001],[-107.24315499999851,39.551754000000003],[-107.2431459999985,39.551696],[-107.24314199999851,39.551667000000002],[-107.2431399999985,39.551658000000003],[-107.24313699999851,39.551637999999997],[-107.24313299999851,39.551609999999997],[-107.24312799999851,39.551580999999992],[-107.2431239999985,39.551552000000001],[-107.24311899999852,39.55152300000001],[-107.24311499999853,39.551493999999998],[-107.24310999999851,39.551465],[-107.24310599999851,39.551437000000014],[-107.2431009999985,39.551408000000009],[-107.24309699999851,39.551378999999997],[-107.24305399999851,39.551354000000011],[-107.2430119999985,39.551328000000005],[-107.24300699999851,39.551299000000007],[-107.24296499999851,39.551274000000006],[-107.2429219999985,39.551248999999999],[-107.24287999999851,39.551223000000007],[-107.2428419999985,39.551227000000004],[-107.24279999999851,39.551201000000006],[-107.24276199999851,39.551204999999996],[-107.24268599999851,39.551212000000007],[-107.24264799999852,39.551214999999999],[-107.24260999999851,39.551217999999999],[-107.2425719999985,39.551222000000003],[-107.24253399999851,39.551225000000009],[-107.24249199999851,39.551200000000001],[-107.2424869999985,39.551171000000004],[-107.24241199999851,39.551177999999993],[-107.24237399999851,39.551181],[-107.24225999999851,39.551192],[-107.2421839999985,39.551199000000004],[-107.24214599999851,39.551202000000004],[-107.24210799999851,39.55120500000001],[-107.24206999999851,39.551209],[-107.24202799999853,39.551183000000016],[-107.24198999999851,39.551187000000006],[-107.24195199999852,39.551190000000005],[-107.24194799999852,39.551161000000015],[-107.24190999999851,39.551165000000005],[-107.24186699999851,39.551140000000011],[-107.2418629999985,39.551111000000006],[-107.24182499999853,39.551113999999991],[-107.24178199999852,39.551089000000012],[-107.2417399999985,39.551062999999999],[-107.24173499999853,39.551035000000006],[-107.24173099999852,39.551006000000008],[-107.2416889999985,39.550980000000017],[-107.24167999999852,39.550922999999997],[-107.2416329999985,39.550868999999999],[-107.24158999999851,39.550843000000008],[-107.24158599999851,39.55081400000001],[-107.2415809999985,39.550786000000016],[-107.24153899999851,39.550759999999997],[-107.24153399999851,39.550731000000013],[-107.24147799999851,39.550620000000016],[-107.24143599999852,39.550593999999997],[-107.24139299999852,39.55056900000001],[-107.24138899999852,39.550540000000005],[-107.2413839999985,39.550511000000007],[-107.24137999999851,39.550482000000002],[-107.24133799999852,39.550456999999994],[-107.2413289999985,39.550399000000006],[-107.24132399999851,39.550370999999998],[-107.24131999999851,39.550342000000001],[-107.24131499999851,39.550312999999996],[-107.2413059999985,39.550255000000007],[-107.24130199999851,39.550226000000009],[-107.24125899999851,39.550201000000008],[-107.2412499999985,39.550142999999998],[-107.24121199999851,39.550147000000017],[-107.24120799999851,39.550118000000012],[-107.2411649999985,39.550092999999997],[-107.24116099999851,39.550063999999992],[-107.24115599999851,39.550035000000008],[-107.2411139999985,39.55001],[-107.24107099999851,39.549984000000009],[-107.24106699999851,39.549956000000002],[-107.24102899999852,39.549959000000001],[-107.24102399999852,39.54993000000001],[-107.24098199999851,39.549905000000017],[-107.24097799999851,39.549876000000005],[-107.2409349999985,39.549851000000004],[-107.24093099999851,39.549822000000006],[-107.24088799999851,39.549795999999986],[-107.2408839999985,39.549768],[-107.24084099999851,39.549742000000002],[-107.2407989999985,39.549716999999994],[-107.2407939999985,39.54968800000001],[-107.24075199999852,39.549663000000002],[-107.24071399999852,39.549666000000002],[-107.24070999999853,39.549637000000011],[-107.24066699999852,39.549612000000003],[-107.24062499999852,39.549586000000005],[-107.24061999999853,39.549558000000005],[-107.24061599999852,39.549529000000007],[-107.24057299999852,39.549503000000009],[-107.24053499999852,39.549507000000006],[-107.24049699999853,39.549509999999998],[-107.24045499999852,39.549485000000004],[-107.24041699999852,39.549488000000011],[-107.24041299999853,39.54946000000001],[-107.24036999999852,39.549433999999998],[-107.24033199999852,39.549438000000009],[-107.24028999999852,39.549411999999997],[-107.24025199999852,39.549415999999994],[-107.24020499999853,39.549361000000012],[-107.24016699999854,39.549364999999995],[-107.24016299999852,39.549335999999983],[-107.24012499999853,39.54933900000001],[-107.24008699999852,39.549343],[-107.24008199999852,39.549314000000003],[-107.24003999999853,39.549289000000009],[-107.24000199999853,39.549292000000008],[-107.23995899999852,39.549267],[-107.23984099999852,39.549247999999999],[-107.23976499999853,39.549255000000009],[-107.23976099999852,39.549226000000004],[-107.23972299999852,39.549230000000009],[-107.23968499999852,39.549233000000001],[-107.23956199999853,39.549186000000006],[-107.23940599999852,39.549171000000001],[-107.23932599999853,39.549149000000014],[-107.23932099999853,39.549120000000002],[-107.23927899999852,39.549093999999997],[-107.23923699999852,39.54906900000001],[-107.23923199999852,39.549040000000012],[-107.23918999999852,39.549015000000004],[-107.23918499999853,39.548985999999992],[-107.23918099999852,39.548956999999994],[-107.23917599999854,39.548928000000004],[-107.23917199999853,39.548900000000017],[-107.23916699999852,39.548870999999998],[-107.23916299999853,39.548842000000008],[-107.23915799999853,39.548812999999996],[-107.23914899999852,39.548755999999997],[-107.23914499999852,39.548726999999992],[-107.23913999999853,39.548698000000009],[-107.23913599999852,39.548669000000004],[-107.23909799999852,39.548673000000008],[-107.23909299999852,39.548644000000003],[-107.23908899999853,39.548614999999991],[-107.23908399999854,39.548586000000014],[-107.23907999999854,39.54855700000001],[-107.23907099999852,39.548499999999997],[-107.23906599999852,39.548470999999992],[-107.23905699999852,39.548412999999996],[-107.23904799999852,39.548356000000005],[-107.23904399999853,39.548327000000008],[-107.23903899999854,39.54829800000001],[-107.23903499999852,39.548268999999998],[-107.23902999999852,39.548240000000014],[-107.23902599999852,39.548212000000007],[-107.23898299999853,39.548186000000001],[-107.23897899999852,39.54815700000001],[-107.23893199999853,39.548103000000005],[-107.23892699999853,39.548074000000007],[-107.23887999999852,39.548020000000001],[-107.23887599999853,39.547991000000003],[-107.23883799999852,39.547995],[-107.23883299999852,39.547966000000002],[-107.23879099999853,39.547941000000009],[-107.23878599999853,39.547911999999982],[-107.23874399999853,39.547886000000013],[-107.23866399999852,39.547865000000002],[-107.23862099999852,39.547838999999996],[-107.23854099999852,39.547817000000009],[-107.23849899999853,39.547792000000001],[-107.23846099999852,39.547795000000001],[-107.23841799999852,39.547770000000007],[-107.23837599999852,39.547744000000009],[-107.23837099999852,39.547716000000001],[-107.23833299999852,39.547719000000001],[-107.23831499999852,39.547720999999996],[-107.23829499999852,39.547721999999993],[-107.23825799999852,39.547725999999997],[-107.23825299999852,39.547697000000007],[-107.23817299999854,39.547674999999998],[-107.23813499999852,39.547679000000002],[-107.23809199999852,39.547653000000004],[-107.23805399999854,39.547657000000001],[-107.23804999999854,39.547627999999996],[-107.23796999999853,39.547606000000002],[-107.23793199999854,39.547609000000016],[-107.23792699999854,39.547580000000011],[-107.23788899999853,39.547584000000001],[-107.23788499999854,39.54755500000001],[-107.23784699999854,39.547558000000016],[-107.23784599999854,39.547559],[-107.23780899999853,39.547561999999992],[-107.23780399999852,39.547533000000001],[-107.23776699999854,39.547537000000013],[-107.23772399999854,39.547511],[-107.23760599999854,39.54749300000001],[-107.23756299999853,39.547467000000012],[-107.23752599999854,39.547471000000002],[-107.23748799999854,39.547474000000008],[-107.23744999999853,39.547477000000001],[-107.23741199999854,39.547480999999998],[-107.23737399999854,39.547484000000004],[-107.23733599999854,39.547487999999987],[-107.23729799999853,39.547491000000008],[-107.23725999999854,39.547495000000012],[-107.23722199999854,39.547498000000004],[-107.23718399999854,39.547500999999997],[-107.23714599999853,39.547505000000008],[-107.23710899999854,39.547507999999993],[-107.23707099999854,39.54751199999999],[-107.23699499999853,39.547518999999994],[-107.23695699999854,39.547522000000015],[-107.23688099999853,39.547528999999997],[-107.23684299999853,39.547531999999997],[-107.23676699999854,39.547539000000008],[-107.23672899999853,39.547542000000007],[-107.23665399999854,39.547549000000004],[-107.23661599999853,39.547553000000008],[-107.23657799999853,39.547556000000007],[-107.23653999999854,39.547559999999997],[-107.23650199999854,39.547563000000018],[-107.23646399999853,39.54756600000001],[-107.23642599999853,39.54757],[-107.23634999999854,39.547576999999997],[-107.23631199999853,39.547580000000004],[-107.23627399999853,39.547584000000001],[-107.23623699999854,39.547587000000014],[-107.23619899999854,39.547590000000007],[-107.23616099999853,39.547594000000004],[-107.23608499999854,39.547601000000007],[-107.23597099999854,39.547610999999996],[-107.23585699999853,39.547620999999999],[-107.23581899999854,39.547625000000011],[-107.23574399999853,39.547631000000003],[-107.23566799999854,39.547638000000006],[-107.23562999999854,39.54764200000001],[-107.23559199999853,39.547645000000003],[-107.23551599999855,39.547651999999999],[-107.23547799999854,39.547655000000006],[-107.23543999999853,39.547659000000003],[-107.23540199999853,39.547662000000003],[-107.23532699999853,39.547669000000006],[-107.23533099999855,39.547698000000004],[-107.23529299999855,39.547701000000004],[-107.23525499999853,39.547705000000001],[-107.23521699999856,39.547708],[-107.23517899999855,39.547711999999997],[-107.23510399999856,39.547718000000003],[-107.23506999999854,39.547750999999998],[-107.23499399999855,39.547758000000002],[-107.23491899999856,39.547764000000008],[-107.23476699999856,39.547778000000008],[-107.23469599999855,39.547813999999988],[-107.23465799999855,39.547817000000009],[-107.23461999999856,39.547820999999999],[-107.23454799999855,39.54785600000001],[-107.23451099999855,39.547860000000007],[-107.23447299999854,39.547862999999992],[-107.23442999999855,39.547838000000013],[-107.23439199999855,39.547840999999998],[-107.23434999999856,39.547815999999997],[-107.23430699999855,39.547790000000006],[-107.23428999999855,39.547792000000008],[-107.23419399999855,39.547800999999993],[-107.23414699999854,39.547746000000004],[-107.23410899999855,39.547750000000001],[-107.23407099999855,39.547727000000009],[-107.23406599999855,39.547724000000002],[-107.23398199999855,39.547674000000008],[-107.23390599999856,39.54768],[-107.23386299999855,39.547655000000006],[-107.23386199999855,39.547653999999987],[-107.23382099999856,39.547629999999998],[-107.23377899999855,39.547604],[-107.23374099999855,39.547608000000004],[-107.23373599999854,39.547578999999999],[-107.23373199999855,39.547550000000001],[-107.23372699999855,39.547521000000003],[-107.23372299999855,39.547493000000017],[-107.23371799999855,39.547464000000005],[-107.23375599999855,39.547460000000008],[-107.23375199999855,39.547431000000003],[-107.23374699999854,39.54740300000001],[-107.23377999999855,39.547370000000008],[-107.23380099999855,39.547369000000003],[-107.23381799999855,39.547367000000001],[-107.23385199999855,39.547335000000004],[-107.23384699999855,39.547305999999999],[-107.23388099999855,39.547274000000009],[-107.23391399999855,39.547241999999997],[-107.23390999999855,39.547213000000006],[-107.23394299999855,39.547180000000004],[-107.23393899999856,39.547151999999997],[-107.23396699999856,39.547091000000002],[-107.23396299999855,39.547061999999997],[-107.23400099999856,39.547058],[-107.23399199999855,39.547000999999995],[-107.23402499999855,39.546968999999997],[-107.23401599999855,39.546910999999994],[-107.23401199999856,39.546882000000004],[-107.23399799999855,39.546796000000001],[-107.23398899999854,39.546738000000005],[-107.23394699999855,39.546713000000018],[-107.23394199999855,39.546684000000013],[-107.23389999999856,39.546658000000008],[-107.23387699999856,39.54663200000001],[-107.23385299999855,39.546604000000009],[-107.23384799999855,39.546575000000004],[-107.23384399999856,39.546547000000004],[-107.23380599999855,39.546550000000011],[-107.23380199999855,39.546521000000006],[-107.23341299999855,39.546498],[-107.23337999999855,39.546529999999997],[-107.23326599999855,39.546539999999993],[-107.23323299999855,39.546573000000009],[-107.23315699999856,39.546579000000015],[-107.23311899999855,39.546582999999998],[-107.23308099999855,39.546585999999998],[-107.23304499999855,39.546589999999988],[-107.23304299999855,39.546590000000002],[-107.23300499999856,39.546593000000001],[-107.23296699999855,39.546596999999991],[-107.23292999999855,39.546600000000012],[-107.23289199999856,39.546603000000012],[-107.23273499999856,39.546588],[-107.23269799999855,39.546591999999997],[-107.23269299999855,39.546562999999992],[-107.23265499999856,39.546566000000006],[-107.23261299999855,39.546541000000005],[-107.23253199999857,39.546519000000004],[-107.23229999999856,39.546511000000002],[-107.23222499999856,39.546518000000013],[-107.23219099999855,39.546550000000003],[-107.23215299999856,39.54655300000001],[-107.23211499999856,39.546557000000007],[-107.23207699999857,39.546559999999999],[-107.23200399999857,39.546608000000006],[-107.23197299999856,39.546628000000005],[-107.23193499999854,39.546630999999998],[-107.23190099999856,39.546664],[-107.23186399999857,39.546667000000014],[-107.23182599999856,39.546669999999999],[-107.23178799999856,39.54667400000001],[-107.23174999999857,39.546677000000003],[-107.23171199999855,39.546681],[-107.23167399999856,39.546684000000006],[-107.23166699999855,39.546685000000004],[-107.23163599999856,39.546686999999991],[-107.23156499999857,39.546723],[-107.23154099999857,39.546746000000013],[-107.23153099999857,39.546755000000005],[-107.23149299999855,39.546759000000009],[-107.23145499999856,39.546762000000015],[-107.23142699999856,39.546765000000008],[-107.23141799999857,39.546765999999998],[-107.23137999999857,39.546768999999998],[-107.23134199999856,39.546772000000004],[-107.23130399999856,39.546776000000023],[-107.23126599999857,39.546779000000001],[-107.23118999999855,39.546786000000004],[-107.23115199999856,39.546790000000001],[-107.23107599999857,39.546796000000008],[-107.23104399999856,39.546799],[-107.23103799999856,39.546800000000005],[-107.23096299999857,39.546806999999994],[-107.23092499999856,39.546809999999994],[-107.23088699999855,39.546813999999998],[-107.23087099999856,39.546814999999995],[-107.23077299999856,39.546824000000001],[-107.23069699999857,39.546831000000005],[-107.23062099999856,39.546837000000004],[-107.23058299999856,39.546841000000001],[-107.23054599999857,39.546844000000007],[-107.23046499999856,39.546822000000006],[-107.23042699999857,39.546826000000003],[-107.23035199999856,39.546832999999992],[-107.23030499999857,39.546778000000003],[-107.23026699999856,39.546782000000015],[-107.23022899999856,39.546785000000014],[-107.23019099999856,39.54678899999999],[-107.23015299999857,39.546791999999996],[-107.23007699999856,39.546799],[-107.23003899999857,39.546802],[-107.23000099999857,39.546805999999997],[-107.22996299999856,39.546809000000017],[-107.22992499999856,39.546813000000007],[-107.22988299999857,39.546787000000009],[-107.22984499999855,39.546790999999999],[-107.22984099999856,39.546762000000015],[-107.22980299999857,39.546765000000001],[-107.22976499999855,39.546768999999998],[-107.22972699999858,39.546772000000018],[-107.22968899999857,39.546776000000015],[-107.22968399999858,39.546747000000011],[-107.22967999999858,39.546717999999991],[-107.22963799999856,39.546693000000005],[-107.22959999999858,39.546696000000004],[-107.22956199999858,39.546699000000004],[-107.22951899999858,39.54667400000001],[-107.22947199999858,39.546620000000004],[-107.22943499999857,39.546622999999997],[-107.22942999999857,39.546593999999999],[-107.22938799999858,39.546568999999991],[-107.22934499999857,39.546543999999997],[-107.22934099999858,39.546514999999999],[-107.22929799999858,39.546489000000001],[-107.22925599999859,39.546464],[-107.22917599999857,39.546442000000006],[-107.22913799999858,39.546444999999999],[-107.22909999999857,39.546449000000003],[-107.22901899999857,39.546426999999994],[-107.22897699999857,39.546402000000008],[-107.22897199999858,39.546373000000003],[-107.22893499999859,39.546376000000002],[-107.22885899999858,39.546383000000006],[-107.22881599999857,39.546357999999991],[-107.22877399999858,39.546332000000007],[-107.22873599999858,39.546335999999997],[-107.22865599999858,39.546313999999995],[-107.22861799999858,39.546317000000002],[-107.22857499999859,39.546292000000001],[-107.22853299999856,39.546266000000003],[-107.22849099999858,39.546241000000002],[-107.22848599999857,39.546212000000004],[-107.22844799999858,39.546216000000008],[-107.22840599999857,39.546190000000003],[-107.22836299999857,39.546164999999995],[-107.22832099999857,39.546139000000004],[-107.22828299999857,39.546143000000008],[-107.22824099999858,39.546116999999995],[-107.22819399999858,39.546063000000004],[-107.22815599999856,39.546067000000015],[-107.22799999999857,39.546050999999999],[-107.22792399999858,39.546058000000002],[-107.22785099999857,39.546038000000017],[-107.22784299999857,39.546035999999994],[-107.22780599999857,39.546039999999998],[-107.22776299999856,39.546014],[-107.22772499999859,39.546017999999997],[-107.22772099999858,39.545989000000006],[-107.22768299999856,39.545992000000005],[-107.22764499999857,39.545996000000009],[-107.22756899999858,39.546002999999992],[-107.22753099999858,39.546005999999991],[-107.22749299999857,39.546008999999998],[-107.22741699999857,39.546016000000002],[-107.22737899999858,39.546019999999999],[-107.22733699999858,39.545994000000007],[-107.22729899999858,39.545998000000004],[-107.22721899999858,39.545976000000003],[-107.22718099999858,39.54597900000001],[-107.22714499999857,39.545957999999999],[-107.22713799999858,39.545953999999995],[-107.22709599999858,39.545928000000018],[-107.22705399999857,39.545903000000017],[-107.22701099999858,39.545878000000002],[-107.22696899999858,39.545852000000004],[-107.22692599999857,39.545826999999996],[-107.22688899999858,39.545830000000002],[-107.22684599999857,39.545804999999994],[-107.22673199999859,39.545815000000005],[-107.22669399999859,39.545819000000016],[-107.22661899999858,39.545825000000008],[-107.22658099999859,39.545828999999998],[-107.22654299999859,39.545832000000019],[-107.22649999999858,39.545806999999996],[-107.22641999999858,39.545785000000009],[-107.22638199999859,39.545788000000002],[-107.22634399999858,39.545792000000006],[-107.2263019999986,39.545766],[-107.22625899999859,39.545741000000007],[-107.22622199999859,39.545743999999992],[-107.22617499999859,39.545690000000008],[-107.22613699999859,39.545694000000005],[-107.2260939999986,39.545667999999992],[-107.22605199999859,39.545643000000013],[-107.2260139999986,39.545646000000005],[-107.22600899999858,39.545617],[-107.22596699999859,39.545591999999999],[-107.22592899999857,39.545595000000006],[-107.22588699999859,39.545569999999998],[-107.22584899999858,39.545574000000002],[-107.22581099999859,39.545577000000009],[-107.22577299999858,39.545580000000001],[-107.22573499999859,39.545583999999998],[-107.22569699999859,39.545587000000005],[-107.22566399999859,39.545619000000009],[-107.22562599999858,39.545622999999999],[-107.2255919999986,39.545654999999989],[-107.2255639999986,39.545716000000006],[-107.22552999999859,39.54574800000001],[-107.2254629999986,39.545813000000003],[-107.2254299999986,39.545845],[-107.22543899999859,39.54590300000001],[-107.22540099999858,39.545906000000002],[-107.22536799999858,39.545938000000007],[-107.2253339999986,39.545969999999983],[-107.22530099999859,39.546002999999999],[-107.22522899999859,39.546038000000017],[-107.22523399999859,39.546067000000001],[-107.22519599999858,39.546070999999991],[-107.22519999999858,39.546099000000005],[-107.22516699999858,39.546131999999993],[-107.22513399999859,39.546164000000005],[-107.22509999999859,39.546196000000009],[-107.22506199999859,39.546199999999992],[-107.22506699999857,39.546228000000006],[-107.22503299999859,39.546261000000001],[-107.22503799999858,39.546289000000002],[-107.22500399999859,39.546322000000011],[-107.22497099999859,39.546354000000001],[-107.22497599999859,39.546382999999992],[-107.22493799999857,39.546385999999998],[-107.22494199999858,39.54641500000001],[-107.22490899999858,39.546447000000001],[-107.22487999999859,39.546507999999996],[-107.22484599999858,39.54654],[-107.22481299999858,39.546573000000009],[-107.22481699999858,39.546601000000003],[-107.22478399999859,39.546633999999997],[-107.22478899999859,39.546661999999998],[-107.2247979999986,39.546720000000001],[-107.22476399999857,39.546751999999998],[-107.22476899999859,39.546781000000003],[-107.22473099999858,39.546784000000009],[-107.22473499999857,39.546813],[-107.2246969999986,39.546816999999997],[-107.22470199999859,39.546846000000023],[-107.22470599999859,39.54687400000001],[-107.22466799999859,39.546878],[-107.22467299999859,39.546906999999997],[-107.22463499999859,39.546909999999997],[-107.22463999999859,39.546939000000009],[-107.22460599999857,39.546970999999999],[-107.22461099999859,39.547000000000018],[-107.2245729999986,39.547003000000004],[-107.22457699999859,39.547027999999997],[-107.22457699999859,39.547031999999994],[-107.2245619999986,39.547032999999992],[-107.22453899999859,39.547035000000001],[-107.2245399999986,39.547041],[-107.22454399999859,39.547064000000006],[-107.22454799999859,39.54709299999999],[-107.22450999999857,39.547097000000001],[-107.22451499999859,39.547124999999994],[-107.22451899999859,39.547154000000013],[-107.22448099999858,39.54715800000001],[-107.22444799999859,39.547190000000001],[-107.22445299999858,39.547218999999998],[-107.22441899999859,39.547251000000003],[-107.22442399999858,39.547280000000008],[-107.22442799999858,39.547308000000001],[-107.2244329999986,39.547336999999992],[-107.22443699999859,39.54736599999999],[-107.22444199999859,39.547395000000009],[-107.22444599999859,39.547424000000007],[-107.22445099999858,39.547451999999993],[-107.22445499999858,39.547480999999998],[-107.22445999999859,39.54751000000001],[-107.22446399999859,39.547539],[-107.22446899999858,39.547567999999998],[-107.22447299999858,39.54759700000001],[-107.22451499999859,39.547621999999997],[-107.22451999999858,39.547651000000002],[-107.2245619999986,39.547675999999996],[-107.22456699999857,39.547705000000001],[-107.22457099999859,39.547733999999998],[-107.2246139999986,39.547759000000006],[-107.2246519999986,39.547756],[-107.22468999999857,39.54775200000001],[-107.22469399999858,39.547781000000008],[-107.2247319999986,39.547778000000008],[-107.22481699999858,39.54782800000001],[-107.22485899999859,39.547853999999994],[-107.22490199999859,39.547879000000016],[-107.22494399999857,39.547905000000014],[-107.22498199999859,39.547901000000003],[-107.22498699999858,39.547929999999987],[-107.22502399999858,39.547927000000001],[-107.22506199999859,39.547922999999997],[-107.22510499999859,39.54794900000001],[-107.22514299999858,39.547944999999999],[-107.22518999999858,39.54799899999999],[-107.22522799999859,39.547995999999998],[-107.22526999999859,39.54802100000002],[-107.22530799999859,39.548018000000013],[-107.2253499999986,39.548043],[-107.22543099999858,39.548065000000001],[-107.22546799999859,39.548061999999994],[-107.22551099999858,39.548087000000002],[-107.22551499999858,39.548116000000007],[-107.2255529999986,39.548113000000008],[-107.22559099999857,39.548108999999997],[-107.22563399999858,39.548135000000016],[-107.2256719999986,39.548130999999998],[-107.2256759999986,39.548160000000003],[-107.2257559999986,39.548181999999997],[-107.22576099999858,39.548211000000002],[-107.22579899999859,39.548206999999998],[-107.22584099999858,39.548233000000003],[-107.2258459999986,39.548262000000008],[-107.22584999999859,39.548290000000009],[-107.22585499999857,39.548318999999992],[-107.22585899999858,39.548347999999997],[-107.22586399999859,39.548376999999995],[-107.2258679999986,39.548406],[-107.2258729999986,39.548434000000007],[-107.22587699999859,39.548462999999998],[-107.22588599999858,39.548521000000008],[-107.22585299999858,39.548553000000005],[-107.22585699999858,39.548581999999996],[-107.2258239999986,39.548614000000001],[-107.2258279999986,39.548643000000006],[-107.2257949999986,39.54867500000001],[-107.2257619999986,39.548707000000014],[-107.22572799999858,39.548740000000009],[-107.2257329999986,39.548768000000003],[-107.22573699999859,39.548797000000008],[-107.2256989999986,39.548800999999997],[-107.22570399999859,39.548828999999998],[-107.2256659999986,39.548833000000016],[-107.22563199999858,39.548864999999992],[-107.22559399999859,39.548868000000006],[-107.22559899999858,39.548897000000004],[-107.22556599999859,39.548929999999999],[-107.22553199999858,39.548962000000003],[-107.22545599999857,39.548969],[-107.22546099999859,39.548997000000007],[-107.22542299999859,39.549001000000004],[-107.2253889999986,39.549033000000001],[-107.22535599999858,39.549064999999999],[-107.22527999999858,39.549072000000017],[-107.2252089999986,39.54910799999999],[-107.22499499999859,39.549214999999997],[-107.2249619999986,39.549247000000001],[-107.22492399999859,39.549250000000008],[-107.2248899999986,39.549282999999996],[-107.22485699999859,39.549315000000007],[-107.22482299999858,39.549347000000004],[-107.22478499999859,39.549350000000004],[-107.22475199999859,39.549383000000013],[-107.2247139999986,39.549385999999998],[-107.22464699999858,39.549451000000012],[-107.22460899999859,39.549453999999997],[-107.22457099999859,39.549456999999997],[-107.22449999999859,39.549492999999991],[-107.22446699999858,39.549525000000017],[-107.2244329999986,39.549557000000014],[-107.22439499999859,39.549561000000011],[-107.2241339999986,39.549613999999998],[-107.22402099999859,39.549624000000009],[-107.22391099999861,39.54966300000001],[-107.22383599999861,39.54967000000002],[-107.2238399999986,39.549698999999997],[-107.22384499999859,39.54972699999999],[-107.2238069999986,39.549731000000008],[-107.22373099999861,39.549738000000005],[-107.22369699999859,39.549770000000017],[-107.22365999999859,39.549772999999995],[-107.22358399999861,39.549780000000005],[-107.22354599999859,39.54978400000001],[-107.2235079999986,39.549787000000002],[-107.22350299999859,39.549758000000011],[-107.2234989999986,39.549729000000006],[-107.22346099999861,39.549732999999996],[-107.2234569999986,39.549703999999991],[-107.22341399999861,39.549678999999998],[-107.2233669999986,39.549624000000009],[-107.22336299999861,39.549596000000008],[-107.2233579999986,39.549567000000003],[-107.2233159999986,39.549541000000005],[-107.2233109999986,39.54951299999999],[-107.22330699999861,39.549484000000007],[-107.22326399999861,39.549458000000016],[-107.2232599999986,39.549430000000001],[-107.22325499999859,39.54940100000001],[-107.2232509999986,39.549371999999998],[-107.22324599999861,39.549343],[-107.22324199999861,39.549314000000003],[-107.22323699999859,39.549285999999995],[-107.22323299999859,39.549256999999997],[-107.22322799999861,39.549227999999999],[-107.2232659999986,39.549224000000009],[-107.2232949999986,39.549163000000007],[-107.22329099999861,39.549134999999993],[-107.2233579999986,39.549070000000007],[-107.2233949999986,39.549067000000022],[-107.22339099999861,39.549038000000003],[-107.22346199999859,39.549002000000009],[-107.22345799999859,39.548972999999997],[-107.22349099999859,39.548941000000006],[-107.22352499999859,39.548909000000009],[-107.2235199999986,39.548879999999997],[-107.22355799999859,39.548876999999997],[-107.22355399999859,39.548848],[-107.22358699999859,39.548816000000009],[-107.2235819999986,39.548787000000004],[-107.22361099999861,39.548725999999995],[-107.22360699999859,39.548697000000004],[-107.22364499999861,39.54869399999999],[-107.2236399999986,39.548665],[-107.22367399999861,39.548632999999995],[-107.2237119999986,39.548628999999998],[-107.22374099999861,39.548568000000003],[-107.22377399999861,39.548536000000006],[-107.22380299999861,39.548474999999996],[-107.22383199999861,39.548414000000001],[-107.22389899999861,39.548349000000002],[-107.22392799999861,39.548288000000007],[-107.22392299999859,39.548259999999999],[-107.22395599999861,39.548226999999997],[-107.22398999999859,39.548195000000007],[-107.2240229999986,39.548163000000002],[-107.22401899999858,39.548133999999997],[-107.22405199999859,39.548102],[-107.2240479999986,39.548073000000002],[-107.22408599999859,39.54807000000001],[-107.22408099999859,39.548041000000005],[-107.22411499999858,39.548009000000008],[-107.22410999999859,39.54798000000001],[-107.22414799999858,39.547975999999998],[-107.22414299999859,39.547947999999998],[-107.2241389999986,39.547919],[-107.22417199999857,39.547887000000003],[-107.22420599999859,39.547853999999994],[-107.22423899999859,39.547821999999996],[-107.22427699999858,39.547818999999997],[-107.22427299999859,39.547789999999999],[-107.22430199999859,39.547729000000004],[-107.22433499999859,39.547697000000007],[-107.22432999999857,39.547668000000016],[-107.22432599999858,39.547639000000018],[-107.2243549999986,39.547578000000001],[-107.22434999999859,39.547548999999997],[-107.22434599999858,39.547520000000006],[-107.2243369999986,39.547463],[-107.22436999999859,39.547429999999999],[-107.2243659999986,39.547401999999998],[-107.22436099999859,39.547373000000015],[-107.22435699999859,39.54734400000001],[-107.22438599999859,39.547283000000014],[-107.22437699999858,39.547224999999997],[-107.22435899999859,39.547109999999996],[-107.22434999999859,39.547052999999991],[-107.22434499999859,39.547024],[-107.22434099999859,39.54699500000001],[-107.22433199999858,39.546937000000007],[-107.22432799999858,39.546910999999994],[-107.2243269999986,39.546909000000007],[-107.22432299999859,39.546880000000002],[-107.22436099999859,39.546876000000012],[-107.22435599999859,39.546847000000007],[-107.22434699999859,39.546790000000001],[-107.2243759999986,39.546729000000013],[-107.2243719999986,39.546699999999994],[-107.22436699999858,39.546671000000018],[-107.22436299999859,39.546642000000006],[-107.22435799999859,39.546614000000005],[-107.2243489999986,39.546556000000017],[-107.22430699999857,39.546531000000002],[-107.2242639999986,39.546504999999996],[-107.22425499999861,39.546448000000005],[-107.22421699999857,39.546450999999998],[-107.22421299999858,39.546422000000007],[-107.2242079999986,39.546392999999995],[-107.22420399999859,39.546365000000002],[-107.22419899999858,39.546335999999997],[-107.2241569999986,39.546310000000005],[-107.22415199999858,39.546281999999991],[-107.22414799999858,39.546253000000014],[-107.22414299999859,39.546224000000002],[-107.22410499999859,39.546227000000002],[-107.22410299999859,39.546208999999998],[-107.2241009999986,39.546199000000001],[-107.22405899999859,39.54617300000001],[-107.22405399999859,39.546143999999998],[-107.2240499999986,39.546115999999998],[-107.22404499999861,39.546087000000007],[-107.22400699999859,39.54609],[-107.2240029999986,39.546061000000009],[-107.22399799999857,39.546033000000008],[-107.2239939999986,39.546004000000018],[-107.22398899999861,39.545974999999999],[-107.22398499999861,39.545945999999994],[-107.22398399999859,39.545940999999985],[-107.22397999999858,39.54591700000001],[-107.2239419999986,39.545920999999993],[-107.22393799999861,39.545892000000016],[-107.22389499999861,39.545867000000001],[-107.22381499999861,39.545845000000007],[-107.22381099999861,39.545816000000009],[-107.22377299999859,39.545819000000002],[-107.22376799999861,39.54578999999999],[-107.22368299999859,39.545740000000009],[-107.2236789999986,39.545710999999997],[-107.22364099999861,39.545713999999997],[-107.22363599999859,39.545685000000006],[-107.22359399999861,39.545660000000005],[-107.22355199999859,39.545634999999997],[-107.2235469999986,39.545606000000006],[-107.2235089999986,39.545608999999999],[-107.2235049999986,39.545580000000001],[-107.22346699999861,39.545583999999998],[-107.22342899999859,39.545587000000005],[-107.22339099999861,39.545591000000009],[-107.22335299999861,39.545593999999994],[-107.22331499999859,39.545597000000015],[-107.2232769999986,39.545601000000005],[-107.2232439999986,39.545633000000009],[-107.2232059999986,39.545637000000006],[-107.22320999999859,39.545665000000007],[-107.22317199999861,39.545669000000004],[-107.22309699999859,39.545676000000007],[-107.2229449999986,39.545689000000017],[-107.22283099999859,39.545700000000011],[-107.2227929999986,39.54570300000001],[-107.22275499999861,39.545706000000003],[-107.22272199999861,39.545739000000012],[-107.22268399999859,39.545741999999997],[-107.2226129999986,39.545777999999991],[-107.22257499999861,39.545780999999991],[-107.2225789999986,39.545809999999996],[-107.2225409999986,39.545813000000003],[-107.2224659999986,39.545819999999999],[-107.22246999999861,39.545849000000004],[-107.22243199999859,39.545852000000004],[-107.2223939999986,39.545856000000008],[-107.22231799999859,39.545863000000011],[-107.22228099999859,39.545866000000004],[-107.22224299999861,39.545868999999996],[-107.2222049999986,39.545873],[-107.22216699999861,39.545876000000007],[-107.22212899999859,39.54587999999999],[-107.22213299999859,39.545909000000002],[-107.2220579999986,39.545914999999994],[-107.22206199999859,39.545943999999992],[-107.22202399999861,39.54594800000001],[-107.22199099999861,39.54598],[-107.22195299999859,39.545983000000007],[-107.2219149999986,39.545987000000004],[-107.22191899999861,39.546015000000004],[-107.2218819999986,39.546019000000001],[-107.2218479999986,39.546050999999999],[-107.22181499999861,39.546082999999996],[-107.2217769999986,39.546087000000007],[-107.22173899999861,39.54609],[-107.22174299999861,39.546119000000004],[-107.22170499999859,39.546122000000004],[-107.22170999999859,39.546151000000016],[-107.22167199999861,39.546154999999999],[-107.2216389999986,39.546187000000003],[-107.22164299999861,39.546216000000001],[-107.22160999999861,39.546247999999999],[-107.22157599999859,39.54628000000001],[-107.22158099999859,39.546309000000001],[-107.2215849999986,39.546337999999999],[-107.22154699999861,39.546340999999998],[-107.22151399999861,39.546373000000003],[-107.2214809999986,39.546406000000005],[-107.22148499999861,39.546433999999998],[-107.22145199999859,39.546467],[-107.22141799999861,39.546499000000011],[-107.22138499999861,39.546531000000002],[-107.22138899999861,39.546559999999999],[-107.22139399999861,39.546589000000004],[-107.22135599999861,39.546592000000011],[-107.22135999999861,39.546621000000002],[-107.2213269999986,39.546653000000006],[-107.22129399999861,39.546685000000004],[-107.2212979999986,39.546714000000001],[-107.22125999999862,39.546718000000006],[-107.22126499999861,39.546746000000006],[-107.2212689999986,39.54677499999999],[-107.22123099999861,39.546779000000008],[-107.22123599999861,39.546806999999994],[-107.22123999999862,39.546835999999999],[-107.2212449999986,39.546865000000004],[-107.22124899999859,39.546894000000009],[-107.2212109999986,39.546897000000001],[-107.22121599999859,39.546925999999999],[-107.22122499999861,39.546984000000002],[-107.2212289999986,39.547013],[-107.22123399999859,39.547041],[-107.22123799999861,39.547069999999998],[-107.22124299999861,39.54709900000001],[-107.22120499999862,39.547102000000002],[-107.22117099999861,39.547134999999997],[-107.2211379999986,39.547167000000002],[-107.22109999999861,39.547170000000008],[-107.22106699999861,39.547202000000006],[-107.2210709999986,39.547230999999996],[-107.22103299999863,39.547235000000008],[-107.22099999999863,39.547266999999998],[-107.22096199999861,39.547270000000005],[-107.22096599999861,39.547299000000002],[-107.22093799999861,39.547359999999998],[-107.22089999999862,39.547364000000016],[-107.22090399999863,39.547392000000002],[-107.22086599999861,39.547396000000006],[-107.22083299999861,39.547428000000011],[-107.22079899999861,39.547460000000008],[-107.2207659999986,39.54749300000001],[-107.2207329999986,39.547525000000007],[-107.22073699999861,39.547554000000005],[-107.22069899999862,39.547556999999998],[-107.22070399999861,39.547585999999995],[-107.22063199999862,39.547621000000007],[-107.2206369999986,39.547649999999997],[-107.22060299999862,39.547682000000002],[-107.2205649999986,39.547685999999992],[-107.22057399999861,39.547742999999997],[-107.2205369999986,39.547746999999994],[-107.22050299999862,39.547778999999998],[-107.2205079999986,39.547808000000018],[-107.22046999999863,39.547811000000003],[-107.22047399999862,39.547840000000001],[-107.2204789999986,39.547868999999984],[-107.22044099999862,39.547872000000005],[-107.22044499999861,39.54790100000001],[-107.2204119999986,39.547933000000008],[-107.22037399999863,39.547937000000005],[-107.22037799999862,39.547966000000002],[-107.22034499999862,39.547998000000007],[-107.22031199999861,39.548029999999997],[-107.2202779999986,39.548061999999994],[-107.2202829999986,39.548091000000007],[-107.22021099999861,39.548127000000008],[-107.22017799999861,39.548159000000005],[-107.2201819999986,39.548187999999996],[-107.2201869999986,39.548217000000001],[-107.22019099999861,39.548245000000009],[-107.22019599999862,39.548274000000006],[-107.22019999999863,39.548302999999997],[-107.22020499999861,39.548331999999995],[-107.2202089999986,39.548360999999993],[-107.22021399999862,39.548389000000007],[-107.22021799999862,39.548418000000005],[-107.22022299999861,39.548447000000003],[-107.2202269999986,39.548475999999994],[-107.2202319999986,39.548505000000006],[-107.22027899999861,39.548558999999997],[-107.2202829999986,39.548588000000017],[-107.22028799999862,39.548617],[-107.22029199999862,39.548645],[-107.22029699999861,39.548673999999998],[-107.22030099999861,39.548703000000003],[-107.2203439999986,39.548728000000004],[-107.22034799999861,39.548757000000009],[-107.22035299999862,39.548786000000007],[-107.22035699999861,39.548815000000005],[-107.22040399999861,39.54886900000001],[-107.22040899999863,39.548897999999994],[-107.22041299999862,39.548926999999999],[-107.2204179999986,39.548954999999999],[-107.22042199999861,39.548984000000004],[-107.22046399999863,39.549010000000003],[-107.2204689999986,39.54903800000001],[-107.22047299999861,39.549067000000008],[-107.22051599999861,39.549092999999999],[-107.2205199999986,39.549121000000007],[-107.22052499999862,39.549150000000012],[-107.22052899999862,39.549179000000017],[-107.22053399999861,39.549208000000007],[-107.22053799999863,39.549236999999991],[-107.2205809999986,39.549261999999999],[-107.22058499999862,39.54929099999999],[-107.22058999999861,39.549320000000009],[-107.22059399999861,39.549348000000002],[-107.2206369999986,39.549374],[-107.22064099999861,39.549403000000005],[-107.2206879999986,39.549456999999983],[-107.22073099999861,39.549481999999998],[-107.22073499999861,39.549510999999995],[-107.22077699999862,39.549536000000003],[-107.22081999999862,39.549562000000009],[-107.2208619999986,39.549587000000002],[-107.22089999999862,39.54958400000001],[-107.22094299999863,39.549608999999997],[-107.22098499999861,39.549634999999995],[-107.22098899999861,39.549663000000017],[-107.22106999999862,39.549685000000004],[-107.22107399999862,39.549714000000002],[-107.22107899999861,39.549742999999999],[-107.22112099999862,39.549768],[-107.22112599999861,39.549797000000005],[-107.22112999999861,39.549826000000003],[-107.22113499999861,39.549855000000001],[-107.22118199999861,39.549909000000007],[-107.22118599999861,39.549938000000012],[-107.22119099999863,39.549967000000009],[-107.22119499999862,39.54999500000001],[-107.2211999999986,39.550023999999993],[-107.22120899999862,39.550081999999996],[-107.22121299999861,39.550111000000001],[-107.2212219999986,39.550168000000006],[-107.22123099999861,39.550226000000009],[-107.22123599999863,39.550255000000007],[-107.2212449999986,39.550312000000005],[-107.22124899999859,39.550340999999989],[-107.22125799999863,39.550398999999999],[-107.2212629999986,39.550427999999989],[-107.2212669999986,39.550455999999997],[-107.22127199999861,39.550484999999995],[-107.22127599999861,39.550514000000007],[-107.22128099999861,39.55054299999999],[-107.22128499999862,39.550571999999995],[-107.2212899999986,39.55060000000001],[-107.22125599999862,39.550633000000005],[-107.22126099999861,39.550662000000017],[-107.22122699999861,39.550694000000007],[-107.2211939999986,39.550725999999997],[-107.22119799999861,39.550755000000009],[-107.22120299999862,39.550784000000014],[-107.22116499999861,39.550787],[-107.22116899999861,39.550816000000005],[-107.22113599999861,39.550847999999995],[-107.22109799999861,39.550851000000002],[-107.22110299999862,39.550880000000006],[-107.22110699999863,39.550909000000004],[-107.22106899999861,39.550911999999997],[-107.22107399999862,39.550941000000002],[-107.22103599999861,39.550944999999999],[-107.22103999999861,39.550974000000004],[-107.22100199999862,39.55097700000001],[-107.22100699999861,39.551006000000001],[-107.22097299999861,39.551037999999998],[-107.22097799999862,39.551067000000018],[-107.22098199999863,39.551095999999994],[-107.22094899999863,39.551127999999999],[-107.22095299999862,39.551157000000003],[-107.2209579999986,39.551184999999997],[-107.22096199999861,39.551214000000002],[-107.22096699999861,39.551242999999999],[-107.22093399999861,39.551275000000004],[-107.22089599999862,39.551279000000008],[-107.22085299999863,39.551253000000003],[-107.22084899999862,39.551225000000009],[-107.2208109999986,39.551228000000009],[-107.22080599999862,39.551198999999997],[-107.22080199999863,39.551170000000006],[-107.22075899999862,39.551144999999998],[-107.22067899999863,39.551123000000011],[-107.22067499999862,39.551093999999999],[-107.22064799999862,39.551087000000017],[-107.22059399999861,39.551071999999998],[-107.22058999999861,39.551043000000014],[-107.22058499999862,39.551015],[-107.22050899999863,39.551020999999999],[-107.22050499999862,39.550992999999998],[-107.22049999999861,39.550964],[-107.2204629999986,39.550966999999986],[-107.22045799999862,39.550938000000009],[-107.22041599999861,39.550913000000001],[-107.22037799999862,39.550916000000008],[-107.2203729999986,39.550888000000008],[-107.22033099999862,39.550862000000002],[-107.22032599999861,39.55083299999999],[-107.2203219999986,39.550805000000004],[-107.2203169999986,39.550776000000006],[-107.22031299999861,39.550746999999994],[-107.22030799999862,39.550718000000003],[-107.22030399999862,39.550688999999998],[-107.2202989999986,39.550660999999991],[-107.2202949999986,39.550632000000007],[-107.22028999999863,39.550603000000002],[-107.22028599999862,39.550573999999997],[-107.22028099999861,39.550545],[-107.2202769999986,39.550516000000002],[-107.22023899999863,39.550519999999999],[-107.22023399999861,39.550490999999994],[-107.22022999999861,39.55046200000001],[-107.22022499999861,39.550433000000005],[-107.22018299999861,39.550407999999997],[-107.22017799999861,39.550379],[-107.22017399999861,39.550350000000009],[-107.22016899999862,39.550322000000001],[-107.22016499999862,39.550293000000003],[-107.22015999999861,39.550264000000006],[-107.22011799999862,39.550239000000005],[-107.2201089999986,39.550181000000009],[-107.22006699999862,39.550156000000015],[-107.22006199999861,39.55012700000001],[-107.2200579999986,39.550097999999998],[-107.22001499999861,39.55007299999999],[-107.22001099999861,39.550044],[-107.22000599999861,39.550015000000002],[-107.2200019999986,39.549985999999997],[-107.21999699999863,39.549957000000006],[-107.21995499999861,39.549932000000005],[-107.21994999999862,39.549902999999986],[-107.21994599999861,39.54987400000001],[-107.21991499999862,39.549838999999999],[-107.21989899999862,39.549819999999997],[-107.21988399999861,39.549821999999999],[-107.2198609999986,39.549824000000008],[-107.21985799999862,39.549807000000015],[-107.21985699999861,39.54979500000001],[-107.21981399999861,39.549768999999998],[-107.2198099999986,39.549741000000004],[-107.2198049999986,39.549711999999992],[-107.21976299999861,39.549686000000008],[-107.21975799999861,39.549657999999994],[-107.2197539999986,39.549628999999996],[-107.21974899999861,39.549599999999998],[-107.21974499999862,39.549571000000007],[-107.21970199999862,39.549545999999999],[-107.21969799999862,39.549517000000002],[-107.21969299999861,39.549488000000004],[-107.21968899999861,39.549458999999999],[-107.21968399999862,39.549430999999998],[-107.21967999999862,39.549402000000008],[-107.2196749999986,39.54937300000001],[-107.21967099999861,39.549343999999998],[-107.21963299999862,39.54934699999999],[-107.21962799999861,39.549318999999997],[-107.21958199999861,39.549263999999994],[-107.21957699999861,39.549236000000001],[-107.21957299999862,39.549207000000017],[-107.21952999999861,39.549180999999997],[-107.21952599999862,39.549152999999997],[-107.21952099999861,39.549124000000006],[-107.21947899999863,39.549097999999994],[-107.21943199999862,39.549044000000009],[-107.2194269999986,39.549014999999997],[-107.21942299999861,39.548987000000011],[-107.21937999999861,39.548960999999991],[-107.2193759999986,39.548931999999994],[-107.21932899999861,39.548878000000002],[-107.21932499999861,39.54884899999999],[-107.21923999999862,39.54879900000001],[-107.2191969999986,39.548772999999997],[-107.21919299999863,39.548743999999999],[-107.21914999999861,39.548718999999998],[-107.21909899999861,39.548636000000002],[-107.21905199999861,39.548582000000003],[-107.2190049999986,39.54852799999999],[-107.21891999999862,39.548477000000013],[-107.21891099999861,39.548419000000003],[-107.2188639999986,39.548365000000004],[-107.21881799999862,39.548311000000005],[-107.21881799999862,39.548311000000005],[-107.21877099999863,39.548257],[-107.21876599999861,39.548228000000002],[-107.21872799999862,39.548231000000001],[-107.21872399999862,39.548202000000011],[-107.21868599999861,39.548206],[-107.21868099999863,39.548177000000003],[-107.2186389999986,39.548152000000016],[-107.2186339999986,39.54812299999999],[-107.21859199999861,39.548096999999991],[-107.21854999999861,39.548072000000005],[-107.21854499999861,39.548043000000007],[-107.21850699999862,39.548046999999997],[-107.21850299999862,39.548018000000006],[-107.21845999999861,39.547991999999994],[-107.21841799999862,39.547967000000007],[-107.21841299999862,39.547937999999995],[-107.21837099999863,39.547913000000001],[-107.21836599999862,39.54788400000001],[-107.2183289999986,39.547887000000003],[-107.21832399999862,39.547859000000003],[-107.21828199999862,39.547832999999997],[-107.21823899999862,39.547808000000018],[-107.21820099999861,39.54781100000001],[-107.21816299999864,39.547814999999993],[-107.21812499999862,39.547818000000007],[-107.21804999999863,39.547824999999996],[-107.21797399999862,39.547832000000007],[-107.21789799999863,39.54783900000001],[-107.21785599999863,39.547813000000012],[-107.21781799999862,39.547817000000016],[-107.21777999999864,39.547820000000002],[-107.21773699999864,39.547794999999994],[-107.21769899999862,39.547797999999993],[-107.21766199999863,39.547801999999997],[-107.21762399999862,39.547804999999997],[-107.21758599999862,39.547808000000018],[-107.21754799999862,39.547812000000008],[-107.21750999999864,39.547815000000007],[-107.21747199999862,39.547818999999997],[-107.21743399999863,39.547821999999996],[-107.21739599999862,39.54782500000001],[-107.21735799999863,39.547829000000007],[-107.21731999999862,39.547832000000007],[-107.21728199999862,39.54783599999999],[-107.21724399999862,39.54783900000001],[-107.21720699999864,39.547843000000015],[-107.21716899999862,39.547845999999993],[-107.21713499999863,39.547878000000004],[-107.21709699999862,39.547882000000008],[-107.21705899999863,39.547885000000001],[-107.21698399999862,39.54789199999999],[-107.21694599999861,39.547895000000011],[-107.21690799999864,39.547899000000001],[-107.21686999999862,39.547902000000015],[-107.21683199999863,39.547905000000014],[-107.21679399999861,39.547909000000004],[-107.21675599999863,39.547912000000004],[-107.21671799999862,39.547915999999994],[-107.21667999999862,39.547919],[-107.21659599999862,39.547927000000008],[-107.21656699999862,39.547929000000011],[-107.21652899999863,39.547933],[-107.21649499999862,39.547965000000005],[-107.21646199999864,39.547997000000009],[-107.21642399999863,39.548000999999978],[-107.21642799999861,39.548029000000007],[-107.21638999999864,39.548032999999997],[-107.21639499999863,39.548062000000002],[-107.21639899999862,39.548091000000007],[-107.21636199999863,39.548093999999992],[-107.21636599999862,39.548122999999997],[-107.21636999999862,39.548152000000009],[-107.21633299999864,39.548155000000001],[-107.21633699999862,39.548183999999999],[-107.21630399999863,39.548215999999996],[-107.21630799999863,39.548245000000016],[-107.21631299999862,39.548274000000006],[-107.21627899999862,39.548305999999997],[-107.21624099999862,39.548309000000003],[-107.21624599999862,39.548338000000008],[-107.21624999999862,39.548366999999992],[-107.21621199999863,39.548370000000006],[-107.21622099999863,39.548427999999994],[-107.21618299999864,39.548431000000001],[-107.21618799999862,39.548459999999999],[-107.21619199999863,39.548488999999996],[-107.21619699999862,39.548518000000008],[-107.21620099999862,39.548546999999999],[-107.21620599999864,39.548575000000007],[-107.21620999999864,39.548603999999997],[-107.21625299999863,39.54863000000001],[-107.21625699999863,39.54865800000001],[-107.21626199999862,39.548686999999994],[-107.21626599999863,39.548715999999992],[-107.21627099999863,39.548744999999997],[-107.21627499999863,39.548774000000002],[-107.21627999999862,39.548802000000002],[-107.21628399999862,39.548831],[-107.21628899999862,39.548860000000005],[-107.21629599999864,39.548908000000004],[-107.21629799999863,39.548918],[-107.21630199999863,39.548946000000008],[-107.21630699999862,39.548975000000006],[-107.21631099999863,39.549004000000004],[-107.21631999999863,39.549061999999992],[-107.21632499999862,39.549091000000004],[-107.21632899999862,39.549119000000012],[-107.21633399999862,39.54914800000001],[-107.21633799999861,39.549176999999993],[-107.21634299999863,39.549206000000005],[-107.21634699999863,39.54923500000001],[-107.21638499999862,39.549231000000006],[-107.21638999999864,39.549259999999997],[-107.21639399999863,39.549289000000009],[-107.21639899999862,39.549318000000014],[-107.21640299999862,39.549346000000007],[-107.21640799999862,39.549374999999991],[-107.21641199999863,39.549403999999996],[-107.21641699999863,39.549433000000008],[-107.21645899999862,39.549457999999994],[-107.21646399999864,39.549486999999999],[-107.21646799999864,39.549516000000004],[-107.21650999999862,39.549540999999991],[-107.21655299999863,39.549567000000003],[-107.21659499999862,39.549592000000004],[-107.21663799999864,39.549616999999998],[-107.21667999999862,39.549643000000003],[-107.21668499999863,39.549672000000001],[-107.21676499999862,39.549694000000002],[-107.21681199999864,39.549748000000008],[-107.21685399999862,39.549773000000002],[-107.21687799999862,39.549801000000009],[-107.21690099999861,39.549827000000008],[-107.21693899999862,39.549824000000001],[-107.21694399999862,39.549852999999999],[-107.21698599999864,39.549878000000007],[-107.21702799999862,39.549903999999998],[-107.21706599999862,39.549900000000015],[-107.21707099999863,39.549929000000006],[-107.21707499999862,39.549957999999997],[-107.21707999999863,39.549987000000009],[-107.21711799999862,39.549982999999997],[-107.21712199999862,39.550012000000009],[-107.21712699999864,39.550041],[-107.21713099999863,39.550070000000005],[-107.21716899999862,39.550066000000001],[-107.21717399999864,39.550095000000006],[-107.21717799999864,39.550124000000004],[-107.21718299999863,39.550153000000002],[-107.21714499999862,39.550156000000008],[-107.21714899999863,39.550185000000013],[-107.21715399999862,39.550213999999983],[-107.21711599999863,39.550217000000004],[-107.21711999999862,39.550245999999994],[-107.21708199999864,39.550249000000008],[-107.21705299999863,39.550310000000003],[-107.21701499999863,39.550314],[-107.21698199999862,39.55034599999999],[-107.21694899999864,39.550378000000009],[-107.21687299999864,39.550384999999999],[-107.21680099999863,39.550420999999993],[-107.21668799999863,39.550431000000003],[-107.21664999999864,39.55043400000001],[-107.21661599999862,39.550466999999998],[-107.21657799999863,39.550470000000011],[-107.21654099999863,39.55047299999999],[-107.21650299999862,39.550477000000008],[-107.21643099999864,39.550511999999998],[-107.21639799999863,39.550545],[-107.21635999999862,39.550548000000006],[-107.21636399999862,39.550576999999997],[-107.21632699999863,39.550579999999997],[-107.21628899999862,39.550584000000008],[-107.21625099999864,39.550587000000014],[-107.21625499999864,39.550615999999998],[-107.21621699999862,39.55061899999999],[-107.21617899999863,39.550623000000009],[-107.21614099999861,39.550626000000001],[-107.21614599999863,39.550654999999999],[-107.21610799999863,39.550657999999999],[-107.21611299999863,39.550687000000003],[-107.21607799999862,39.550690000000003],[-107.21607499999864,39.550691000000008],[-107.21599899999863,39.550697000000014],[-107.21596099999861,39.550701000000004],[-107.21592299999864,39.550704000000003],[-107.21588499999862,39.550708],[-107.21584699999863,39.550711000000007],[-107.21580899999861,39.550715000000004],[-107.21577099999863,39.550717999999996],[-107.21573299999864,39.550720999999996],[-107.21569599999863,39.550725],[-107.21565799999863,39.550727999999999],[-107.21561999999864,39.550731999999996],[-107.21558199999863,39.550735000000003],[-107.21554399999863,39.550738000000003],[-107.21550599999864,39.550742],[-107.21542999999865,39.550749000000003],[-107.21543499999864,39.550777999999994],[-107.21539699999865,39.550781000000001],[-107.21535899999864,39.550784000000007],[-107.21532499999864,39.550817000000009],[-107.21529199999864,39.550848999999999],[-107.21529599999863,39.55087799999999],[-107.21525799999866,39.550880999999997],[-107.21522499999864,39.550913000000001],[-107.21522999999864,39.550941999999992],[-107.21519199999864,39.550944999999999],[-107.21519599999864,39.550973999999997],[-107.21516299999864,39.551006999999991],[-107.21516699999863,39.551035000000006],[-107.21517199999865,39.55106399999999],[-107.21513799999863,39.551096000000001],[-107.21510499999863,39.551129000000003],[-107.21507099999863,39.551161000000015],[-107.21503799999864,39.551192999999991],[-107.21499999999865,39.551196000000004],[-107.21500499999864,39.551225000000002],[-107.21500899999863,39.551254000000007],[-107.21497099999864,39.551257],[-107.21493299999864,39.551260999999997],[-107.21489499999863,39.55126400000001],[-107.21481099999863,39.551214000000002],[-107.21472999999864,39.551192000000007],[-107.21469199999864,39.551195],[-107.21464999999866,39.551170000000006],[-107.21460699999865,39.551144000000015],[-107.21456499999863,39.551119],[-107.21448499999863,39.551097000000006],[-107.21447999999864,39.551067999999994],[-107.21443799999864,39.551043000000007],[-107.21443299999865,39.551014000000009],[-107.21439099999864,39.550987999999997],[-107.21435299999865,39.550992000000008],[-107.21434899999865,39.55096300000001],[-107.21431099999863,39.55096600000001],[-107.21426799999864,39.550941000000002],[-107.21426399999864,39.550911999999997],[-107.21422099999863,39.550887000000017],[-107.21425899999865,39.550883000000006],[-107.21429299999863,39.550851000000002],[-107.21432199999863,39.550789999999992],[-107.21435899999864,39.550787],[-107.21439299999864,39.550755000000009],[-107.21446399999864,39.550719000000008],[-107.21449799999864,39.550687000000011],[-107.21456899999863,39.550651000000009],[-107.21460199999864,39.55061899999999],[-107.21463599999863,39.550586999999993],[-107.21463099999863,39.550558000000009],[-107.21466899999864,39.550554000000005],[-107.21466499999863,39.550525999999998],[-107.21470299999865,39.550522000000008],[-107.21474099999864,39.550519000000001],[-107.21477799999863,39.550514999999997],[-107.21481599999863,39.550512000000005],[-107.21489199999864,39.550504999999994],[-107.21492599999864,39.55047299999999],[-107.21496399999863,39.550469],[-107.21502999999863,39.550405000000005],[-107.21506799999864,39.550401999999998],[-107.21506399999863,39.550373000000008],[-107.21509699999864,39.550339999999998],[-107.21513099999865,39.550308000000008],[-107.21516399999864,39.550276000000004],[-107.21519299999864,39.550215000000001],[-107.21525499999863,39.550122000000002],[-107.21528899999863,39.550089999999997],[-107.21532199999864,39.55005700000001],[-107.21531799999863,39.550028000000012],[-107.21531299999864,39.54999999999999],[-107.21530899999864,39.549970999999992],[-107.21530399999864,39.549942000000001],[-107.21529999999863,39.549913000000004],[-107.21529499999863,39.549883999999999],[-107.21528599999864,39.549827000000001],[-107.21528199999864,39.549798000000003],[-107.21523899999863,39.549772999999981],[-107.21519699999864,39.549747000000011],[-107.21519199999864,39.549718000000006],[-107.21514999999863,39.549692999999998],[-107.21514599999864,39.549664],[-107.21514099999864,39.549635000000009],[-107.21513699999865,39.549607000000009],[-107.21513199999863,39.54957799999999],[-107.21512799999864,39.549548999999999],[-107.21512299999866,39.549520000000001],[-107.21508099999863,39.549495],[-107.21507599999863,39.549465999999995],[-107.21507199999864,39.549437000000005],[-107.21506699999864,39.549407999999993],[-107.21502499999863,39.549382999999999],[-107.21502099999863,39.549362000000016],[-107.21501599999864,39.549324999999996],[-107.21500699999864,39.549268000000005],[-107.21500199999865,39.549239],[-107.21499799999864,39.549209999999995],[-107.21499299999864,39.549180999999997],[-107.21498899999864,39.549151999999999],[-107.21497999999863,39.549094999999994],[-107.21497499999863,39.549065999999989],[-107.21497099999864,39.549037000000006],[-107.21496599999864,39.549008000000008],[-107.21496199999864,39.54898],[-107.21495699999865,39.548951000000002],[-107.21495299999863,39.548922000000005],[-107.21494799999864,39.548893000000007],[-107.21494399999864,39.548863999999995],[-107.21493899999864,39.548836000000001],[-107.21493499999863,39.548807000000004],[-107.21496799999863,39.548774999999992],[-107.21495899999864,39.548717000000003],[-107.21495499999865,39.548688000000006],[-107.21498799999864,39.548656000000001],[-107.21498399999864,39.54862700000001],[-107.21497899999864,39.548598000000005],[-107.21501299999863,39.548565999999994],[-107.21504599999864,39.548534000000004],[-107.21507499999863,39.548473000000001],[-107.21506999999863,39.548444000000011],[-107.21510399999863,39.548412000000006],[-107.21514199999864,39.548408000000016],[-107.21517499999864,39.548376000000005],[-107.21520899999865,39.548343999999993],[-107.21520399999864,39.548315000000009],[-107.21524199999864,39.548312000000003],[-107.21523799999864,39.548282999999998],[-107.21527499999864,39.548279000000001],[-107.21530899999864,39.548247000000003],[-107.21534199999866,39.548214999999999],[-107.21533799999865,39.548186000000001],[-107.21537599999864,39.548183000000009],[-107.21540899999863,39.548151000000004],[-107.21544699999862,39.548146999999986],[-107.21544299999861,39.548118000000002],[-107.21547999999864,39.54811500000001],[-107.21547599999863,39.548086000000005],[-107.21551399999865,39.548082999999998],[-107.21550899999862,39.548054],[-107.21550499999863,39.548025000000017],[-107.21557599999862,39.547988999999994],[-107.21560499999863,39.547928000000006],[-107.21564299999864,39.547924999999999],[-107.21563999999861,39.547902000000001],[-107.21563899999862,39.547896000000001],[-107.21567699999862,39.547892999999995],[-107.21570999999862,39.547861000000012],[-107.21574799999863,39.547857],[-107.21578099999863,39.547825000000003],[-107.21577699999862,39.547796000000005],[-107.21580999999863,39.547764000000001],[-107.21584399999863,39.547732000000003],[-107.21588199999863,39.547728000000006],[-107.21587699999863,39.547698999999994],[-107.21587299999862,39.547671000000015],[-107.21590999999862,39.547667000000004],[-107.21590599999863,39.547637999999999],[-107.21594399999861,39.547635],[-107.21593899999863,39.547605999999995],[-107.21593499999862,39.547576999999997],[-107.21596799999864,39.547545000000007],[-107.21600199999862,39.547513000000009],[-107.21600699999864,39.547508000000001],[-107.21603499999863,39.547480999999998],[-107.21603099999862,39.547452],[-107.21606399999862,39.547419999999995],[-107.21605999999862,39.547390999999998],[-107.21605499999862,39.547362],[-107.21605099999861,39.547333000000016],[-107.21604599999864,39.547304000000004],[-107.21604199999864,39.547275999999997],[-107.21603699999862,39.547246999999999],[-107.21599899999863,39.547250000000005],[-107.21599499999864,39.547221000000015],[-107.21598999999863,39.547193000000007],[-107.21598599999862,39.547164000000009],[-107.21594799999863,39.547167000000002],[-107.21594299999862,39.547137999999997],[-107.21590499999864,39.547142000000001],[-107.21586699999862,39.547145000000008],[-107.21582999999862,39.547149000000012],[-107.21579199999863,39.547151999999997],[-107.21575399999863,39.547155000000004],[-107.21571599999862,39.547158999999994],[-107.21567799999862,39.547161999999993],[-107.21563999999863,39.547165999999997],[-107.21548799999862,39.547179],[-107.21541199999862,39.547186000000004],[-107.21522299999864,39.547202999999996],[-107.21518499999864,39.547207000000007],[-107.21514699999864,39.547210000000014],[-107.21510899999863,39.547212999999999],[-107.21507099999863,39.547217000000003],[-107.21503299999866,39.54722000000001],[-107.21499499999864,39.547224000000007],[-107.21495299999863,39.547227999999997],[-107.21488199999864,39.54723400000001],[-107.21480099999863,39.547212000000002],[-107.21472599999863,39.547219000000005],[-107.21464499999864,39.547197000000011],[-107.21460699999865,39.547200000000004],[-107.21456899999863,39.547204000000001],[-107.21453099999864,39.547207],[-107.21449399999864,39.547211000000004],[-107.21445599999863,39.547213999999997],[-107.21442199999863,39.547246000000008],[-107.21438899999863,39.547278000000006],[-107.21439299999864,39.547307000000004],[-107.21435499999865,39.547311000000001],[-107.21432199999863,39.547342999999991],[-107.21428399999864,39.547346000000005],[-107.21428899999863,39.547375000000009],[-107.21425099999864,39.547378000000009],[-107.21421699999864,39.547410999999997],[-107.21422199999866,39.547440000000002],[-107.21418799999863,39.547472000000006],[-107.21419299999863,39.547501000000004],[-107.21415899999863,39.547533000000008],[-107.21412599999863,39.547565000000006],[-107.21409299999866,39.54759700000001],[-107.21405899999864,39.547628999999993],[-107.21406399999863,39.547658000000006],[-107.21398799999864,39.547665000000002],[-107.21391599999863,39.547701000000004],[-107.21388299999863,39.547733000000008],[-107.21384499999864,39.547736],[-107.21384999999863,39.547765000000012],[-107.21381199999864,39.547769000000017],[-107.21377799999865,39.547800999999993],[-107.21373999999864,39.547804000000006],[-107.21370699999864,39.54783599999999],[-107.21367399999863,39.547869000000006],[-107.21356399999864,39.547908000000014],[-107.21353099999864,39.547940000000011],[-107.21338799999863,39.54801100000001],[-107.21335499999864,39.548043],[-107.21332099999864,39.548076000000009],[-107.21332599999863,39.548105],[-107.21328799999864,39.548108000000006],[-107.21329199999863,39.548136999999997],[-107.21325499999864,39.548139999999989],[-107.21322099999865,39.548172000000001],[-107.21315399999864,39.548237000000007],[-107.21315899999864,39.548266000000005],[-107.21312099999864,39.548268999999998],[-107.21311599999864,39.54824],[-107.21307399999864,39.548215000000006],[-107.21303199999863,39.548189000000008],[-107.21298899999863,39.548164],[-107.21294199999863,39.548110000000001],[-107.21289999999864,39.548084000000003],[-107.21285699999864,39.548059000000002],[-107.21285299999863,39.548029999999997],[-107.21281499999866,39.548034000000008],[-107.21280999999864,39.548005000000003],[-107.21276799999863,39.547979000000005],[-107.21276399999864,39.547950999999991],[-107.21275899999864,39.547922],[-107.21271699999863,39.547896000000009],[-107.21271199999863,39.547868000000015],[-107.21270799999864,39.547839000000003],[-107.21266999999864,39.54784200000001],[-107.21262699999863,39.547816999999995],[-107.21262299999864,39.547788000000004],[-107.21258499999865,39.547791000000004],[-107.21257599999865,39.547733999999998],[-107.21252899999865,39.54768],[-107.21252499999866,39.547651000000002],[-107.21251999999865,39.547621999999997],[-107.21251599999864,39.547593000000006],[-107.21246899999865,39.547538999999993],[-107.21246399999865,39.54751000000001],[-107.21245499999864,39.54745299999999],[-107.21245099999865,39.547423999999999],[-107.21244599999865,39.547395000000002],[-107.21244199999863,39.54736599999999],[-107.21247099999863,39.547304999999994],[-107.21246199999865,39.547246999999999],[-107.21244399999865,39.547131999999998],[-107.21247699999864,39.5471],[-107.21247299999865,39.547071000000003],[-107.21250599999865,39.547039000000005],[-107.21253899999864,39.547006999999994],[-107.21257299999864,39.54697500000001],[-107.21260599999864,39.546942000000001],[-107.21264399999865,39.546939000000016],[-107.21263999999863,39.546910000000004],[-107.21267299999863,39.546878000000007],[-107.21270699999864,39.546846000000002],[-107.21270199999863,39.546816999999997],[-107.21273499999864,39.546785000000014],[-107.21277299999863,39.546781000000003],[-107.21276899999863,39.546751999999998],[-107.21280199999863,39.546719999999993],[-107.21279799999864,39.54669100000001],[-107.21283099999863,39.546658999999998],[-107.21282699999864,39.546630000000007],[-107.21281799999863,39.546573000000009],[-107.21281299999863,39.546543999999997],[-107.21280899999863,39.546514999999999],[-107.21280399999864,39.546486000000009],[-107.21279499999865,39.546429000000003],[-107.21279099999865,39.546399999999998],[-107.21274799999865,39.546374],[-107.21273899999863,39.546317000000016],[-107.21273499999864,39.54628799999999],[-107.21272599999864,39.546230000000001],[-107.21271699999863,39.54617300000001],[-107.21271199999865,39.546144000000005],[-107.21266999999864,39.546119000000004],[-107.21266599999865,39.54609],[-107.21265699999863,39.546032000000004],[-107.21261899999865,39.546036000000001],[-107.21261399999864,39.546006999999996],[-107.21260999999863,39.545978000000005],[-107.21260099999864,39.545919999999995],[-107.21256299999865,39.545923999999999],[-107.21255799999864,39.545895000000002],[-107.21255399999863,39.54586599999999],[-107.21249799999865,39.545754000000009],[-107.21249299999863,39.545726000000009],[-107.21248899999864,39.54569699999999],[-107.21244199999865,39.545642000000008],[-107.21239099999863,39.545558999999997],[-107.21238599999865,39.54553099999999],[-107.21233899999865,39.545476000000008],[-107.21233499999865,39.545448],[-107.21229199999866,39.545422000000009],[-107.21228299999865,39.545365000000004],[-107.21227899999865,39.545335999999999],[-107.21227399999864,39.545307000000008],[-107.21226999999865,39.545278000000003],[-107.21226099999865,39.545220999999991],[-107.21225599999865,39.545192000000007],[-107.21225199999866,39.545163000000009],[-107.21224699999865,39.54513399999999],[-107.21219999999865,39.545080000000013],[-107.21219599999866,39.545051000000001],[-107.21219099999865,39.545021999999996],[-107.21218699999865,39.54499400000001],[-107.21213999999866,39.544938999999992],[-107.21213599999867,39.544911000000006],[-107.21213099999865,39.544882000000001],[-107.21212699999865,39.544852999999996],[-107.21212199999864,39.544823999999991],[-107.21207999999865,39.544798999999998],[-107.21207499999865,39.54477],[-107.21207099999864,39.544741000000009],[-107.21202799999865,39.544716000000008],[-107.21198099999864,39.544660999999998],[-107.21197699999865,39.544633000000005],[-107.21197199999865,39.544604000000007],[-107.21196799999865,39.544574999999995],[-107.21192999999865,39.544578000000008],[-107.21192499999866,39.544550000000001],[-107.21187899999865,39.544494999999998],[-107.21183599999866,39.544470000000004],[-107.21179799999865,39.544472999999996],[-107.21179399999865,39.54444500000001],[-107.21174699999865,39.544390000000007],[-107.21174199999865,39.544362],[-107.21173799999865,39.544333000000002],[-107.21169499999866,39.544306999999989],[-107.21165299999865,39.544282000000024],[-107.21161099999865,39.544256999999995],[-107.21160599999865,39.544228000000004],[-107.21156799999865,39.544231000000011],[-107.21156399999865,39.544201999999999],[-107.21151699999865,39.544148],[-107.21147399999865,39.54412300000002],[-107.21146999999866,39.544094000000008],[-107.21146499999865,39.544065000000003],[-107.21142799999865,39.544069],[-107.21138099999865,39.544013999999997],[-107.21134299999865,39.544017999999994],[-107.21133799999865,39.54398900000001],[-107.21133399999864,39.543960000000013],[-107.21129099999865,39.543934999999998],[-107.21124899999865,39.543908999999992],[-107.21124399999864,39.543880999999999],[-107.21120199999865,39.543854999999994],[-107.21115499999866,39.543801000000002],[-107.21115099999865,39.543771999999997],[-107.21114599999865,39.543742999999992],[-107.21114199999865,39.543715000000006],[-107.21113699999864,39.543685999999994],[-107.21113299999865,39.543657000000003],[-107.21112799999865,39.543627999999998],[-107.21111899999865,39.543571],[-107.21115699999865,39.54356700000001],[-107.21115299999865,39.543537999999984],[-107.21118599999866,39.543506000000008],[-107.21118199999864,39.543476999999996],[-107.21121499999865,39.543444999999991],[-107.21124799999865,39.543413000000008],[-107.21123499999865,39.543326000000008],[-107.21122999999865,39.543298],[-107.21122599999865,39.543269000000009],[-107.21122099999864,39.543240000000004],[-107.21121699999865,39.543211000000007],[-107.21121199999865,39.543182000000016],[-107.21120299999865,39.543125000000011],[-107.21119399999866,39.543067000000001],[-107.21114799999864,39.543013000000009],[-107.21110099999865,39.542958999999996],[-107.21109199999864,39.542901000000001],[-107.21100199999864,39.542822000000001],[-107.21095999999865,39.54279600000001],[-107.21087499999865,39.542744999999989],[-107.21087099999865,39.542717000000003],[-107.21083299999864,39.542720000000003],[-107.21079499999865,39.542723000000002],[-107.21075699999865,39.542727000000014],[-107.21071899999865,39.542729999999999],[-107.21071499999864,39.542700999999994],[-107.21067699999865,39.542704999999991],[-107.21063399999865,39.542678999999993],[-107.21059599999865,39.542683000000011],[-107.21055799999866,39.54268600000001],[-107.21052099999865,39.542690000000007],[-107.21044499999866,39.542695999999992],[-107.21040699999865,39.542700000000004],[-107.21036899999865,39.54270300000001],[-107.21028899999865,39.542681000000009],[-107.21024599999865,39.542656000000001],[-107.21024199999864,39.542626999999996],[-107.21019899999865,39.542602000000009],[-107.21016099999865,39.542604999999995],[-107.21015699999865,39.542576000000004],[-107.21011399999865,39.542551000000003],[-107.21007199999865,39.542525999999995],[-107.21003399999864,39.542529000000009],[-107.20999199999865,39.542503999999994],[-107.20995399999865,39.542507000000001],[-107.20991099999866,39.542482000000014],[-107.20986899999865,39.542456000000001],[-107.20983099999864,39.542460000000005],[-107.20978899999865,39.542434000000007],[-107.20975099999865,39.542437999999983],[-107.20971299999864,39.542440999999997],[-107.20967499999865,39.54244400000001],[-107.20956099999864,39.54245499999999],[-107.20951899999866,39.542429000000006],[-107.20948099999866,39.542433000000017],[-107.20944299999866,39.542436000000002],[-107.20936299999866,39.542414000000001],[-107.20928699999867,39.542420999999997],[-107.20920699999867,39.542399000000017],[-107.20920199999867,39.542370000000005],[-107.20916399999867,39.542374000000002],[-107.20908399999867,39.542352000000001],[-107.20896099999867,39.542304000000009],[-107.20892299999866,39.542308000000006],[-107.20888499999866,39.542311000000005],[-107.20880499999866,39.542289000000004],[-107.20876699999866,39.542292000000003],[-107.20872499999867,39.542267000000017],[-107.20856899999866,39.542251999999998],[-107.20848799999867,39.542230000000011],[-107.20836999999867,39.542211000000009],[-107.20832799999866,39.542186000000001],[-107.20820499999867,39.542139000000013],[-107.20816699999867,39.542142000000005],[-107.20809099999866,39.542149000000002],[-107.20801499999867,39.542155999999991],[-107.20797699999866,39.542159000000005],[-107.20789699999867,39.542137000000004],[-107.20781699999867,39.542115000000003],[-107.20777899999867,39.542119000000007],[-107.20774099999866,39.542121999999992],[-107.20773599999866,39.542092999999994],[-107.20765599999866,39.542070999999993],[-107.20761799999866,39.542074999999997],[-107.20757599999867,39.542048999999999],[-107.20753299999866,39.542024000000005],[-107.20741499999866,39.542005000000003],[-107.20733499999866,39.541983000000002],[-107.20725499999867,39.541961000000001],[-107.20713199999867,39.541913999999998],[-107.20709399999866,39.541916999999998],[-107.20708899999866,39.541888],[-107.20704699999867,39.541862999999999],[-107.20700899999866,39.541865999999992],[-107.20696699999867,39.541840999999998],[-107.20692399999866,39.541816000000004],[-107.20687699999867,39.541761000000001],[-107.20683999999866,39.541765000000005],[-107.20683099999866,39.541707000000009],[-107.20678799999867,39.541682000000002],[-107.20674099999866,39.541628000000017],[-107.20670299999867,39.541631000000002],[-107.20666099999868,39.541606000000009],[-107.20665699999867,39.541581000000001],[-107.20645599999867,39.54159099999999],[-107.20629999999868,39.541589000000009],[-107.20618799999868,39.541505000000008],[-107.20618699999868,39.541505999999998],[-107.20577999999868,39.541491000000008],[-107.20549899999867,39.54147600000001],[-107.20544199999868,39.541564999999991],[-107.20540899999868,39.541618000000007],[-107.20515499999868,39.541723000000005],[-107.20492199999867,39.541692000000012],[-107.20467599999867,39.541719999999998],[-107.20448199999868,39.541730000000001],[-107.20429699999868,39.541779999999996],[-107.20410399999868,39.541874000000007],[-107.20312199999867,39.541702999999998],[-107.20222999999869,39.541762999999996],[-107.20142699999867,39.541494999999991],[-107.20113799999869,39.541444000000006],[-107.2011409999987,39.541459999999987],[-107.20114499999869,39.541489000000006],[-107.20114999999869,39.541516999999992],[-107.2011539999987,39.541546000000004],[-107.20119699999869,39.541572000000009],[-107.20123499999869,39.541567999999998],[-107.20123899999869,39.54159700000001],[-107.2012819999987,39.54162199999999],[-107.20132399999869,39.541648000000002],[-107.20136599999869,39.541673000000017],[-107.2014849999987,39.541691999999998],[-107.20164099999869,39.541707000000009],[-107.20168299999868,39.541732000000003],[-107.2016879999987,39.541760999999994],[-107.20176799999869,39.541783000000009],[-107.20180999999869,39.541809000000008],[-107.20184799999869,39.541804999999997],[-107.20185299999868,39.541834000000009],[-107.20192799999869,39.541826999999998],[-107.20228299999869,39.541882999999999],[-107.20240099999869,39.541901000000003],[-107.20247699999869,39.541894999999997],[-107.2025149999987,39.541891],[-107.20255299999867,39.541888000000007],[-107.20259099999869,39.541884000000003],[-107.20270499999869,39.541874000000007],[-107.20278099999869,39.541867000000011],[-107.20281799999869,39.54186399999999],[-107.20286099999869,39.541888999999991],[-107.2029029999987,39.54191500000001],[-107.20294099999869,39.541910999999999],[-107.20306399999869,39.541959000000006],[-107.20306799999869,39.541988000000003],[-107.20314899999869,39.542010000000012],[-107.2031909999987,39.542034999999991],[-107.20322899999869,39.542031000000001],[-107.20327099999869,39.542056999999986],[-107.2033089999987,39.542053000000003],[-107.20334699999869,39.542050000000003],[-107.20350299999868,39.542065000000001],[-107.20354599999868,39.542090999999999],[-107.2035839999987,39.542087000000009],[-107.20362599999868,39.542113000000008],[-107.20366799999867,39.542138000000008],[-107.20367299999867,39.542167000000006],[-107.20363999999867,39.542198999999997],[-107.20364399999868,39.542228000000001],[-107.20364799999869,39.542257000000006],[-107.2036529999987,39.542284999999993],[-107.20365699999869,39.542313999999998],[-107.20366199999867,39.542343000000002],[-107.20366599999868,39.542371999999986],[-107.20367099999868,39.542401000000005],[-107.20367499999868,39.542430000000003],[-107.20367999999868,39.542458000000003],[-107.20368899999868,39.542515999999985],[-107.20369299999868,39.54254499999999],[-107.20369799999868,39.542573999999995],[-107.20370199999869,39.542602000000009],[-107.20370699999869,39.542631000000007],[-107.20367299999867,39.54266299999999],[-107.20359799999868,39.542669999999994],[-107.20352599999869,39.54270600000001],[-107.20337899999869,39.542748000000017],[-107.2032699999987,39.542787000000004],[-107.20323199999869,39.542791000000001],[-107.20316499999868,39.542855000000003],[-107.20316999999869,39.542884000000001],[-107.20313199999869,39.542887000000007],[-107.20313599999869,39.542916000000005],[-107.20310299999869,39.542948000000003],[-107.20306499999869,39.542952000000007],[-107.2030269999987,39.542955000000006],[-107.20298899999868,39.542959000000003],[-107.20295099999869,39.54296200000001],[-107.20281299999868,39.543062000000013],[-107.2027749999987,39.543065999999996],[-107.20274199999869,39.543098000000008],[-107.20270399999869,39.543101],[-107.20266999999869,39.543133000000005],[-107.20267499999869,39.543161999999995],[-107.20264099999868,39.543195000000004],[-107.20260299999869,39.543197999999997],[-107.2025659999987,39.543201000000003],[-107.20245199999869,39.543211999999997],[-107.20241399999868,39.543215000000004],[-107.20237599999869,39.54321800000001],[-107.20213999999869,39.543181000000004],[-107.20210199999869,39.543185000000015],[-107.20202099999869,39.543163],[-107.20198299999869,39.543165999999985],[-107.20182699999869,39.543151000000009],[-107.20175099999869,39.543158000000005],[-107.2016709999987,39.543135999999997],[-107.20159099999869,39.543114000000003],[-107.2015529999987,39.543117000000002],[-107.20151499999868,39.543121000000006],[-107.20147299999869,39.543094999999994],[-107.20142999999869,39.54307],[-107.20135399999869,39.543077000000004],[-107.20131199999869,39.543051000000013],[-107.20127399999869,39.54305500000001],[-107.2012319999987,39.543028999999997],[-107.20119399999869,39.543033000000001],[-107.20115099999869,39.54300700000001],[-107.2011469999987,39.542978000000005],[-107.2011089999987,39.542982000000002],[-107.20107099999868,39.542985000000009],[-107.20106599999869,39.542955999999997],[-107.2010289999987,39.542960000000008],[-107.20102399999868,39.54293100000001],[-107.20101999999869,39.542901999999998],[-107.20101499999869,39.542872999999986],[-107.20101099999869,39.542845000000007],[-107.2010059999987,39.542816000000002],[-107.2010019999987,39.542786999999997],[-107.20099699999868,39.542757999999999],[-107.20099299999868,39.542729000000001],[-107.20098799999869,39.542701000000001],[-107.20102199999869,39.542667999999992],[-107.20101699999869,39.54264000000002],[-107.2010129999987,39.542611000000001],[-107.20100799999869,39.54258200000001],[-107.20100399999869,39.542552999999991],[-107.20099899999867,39.542523999999993],[-107.2009279999987,39.542560000000002],[-107.20085199999869,39.542566999999998],[-107.20070499999869,39.542608999999992],[-107.2006289999987,39.542615999999988],[-107.2005959999987,39.542648],[-107.20059999999867,39.542677000000005],[-107.20056199999871,39.542679999999997],[-107.20037299999869,39.542698000000001],[-107.20022099999871,39.542711000000011],[-107.2001879999987,39.542743000000002],[-107.2001499999987,39.542746999999991],[-107.20011199999871,39.542749999999998],[-107.20004499999871,39.542815000000004],[-107.19990199999869,39.542885999999996],[-107.19986899999871,39.542917999999993],[-107.19979299999871,39.542925000000004],[-107.1997599999987,39.542957000000008],[-107.19976399999871,39.542985999999999],[-107.19972599999869,39.542988999999999],[-107.1996879999987,39.542993000000003],[-107.19969299999869,39.543021999999993],[-107.1996589999987,39.543053999999991],[-107.1996259999987,39.54308600000001],[-107.19955499999871,39.543122000000004],[-107.1995209999987,39.543154000000001],[-107.19952599999871,39.543182999999999],[-107.19948799999871,39.543186000000006],[-107.19945399999871,39.54321800000001],[-107.19945899999871,39.543247000000001],[-107.19942099999869,39.543251000000005],[-107.1994249999987,39.543278999999991],[-107.19942999999871,39.543308000000017],[-107.1994339999987,39.543337000000001],[-107.19939599999869,39.543340000000001],[-107.19940499999871,39.543398000000003],[-107.1993379999987,39.543461999999998],[-107.1993049999987,39.543494999999993],[-107.19930999999869,39.543524000000019],[-107.1992759999987,39.543556000000002],[-107.19928099999871,39.543585],[-107.19928499999871,39.543613000000008],[-107.19925199999871,39.543646000000003],[-107.19925599999871,39.543673999999996],[-107.19926099999871,39.543703000000008],[-107.19922299999871,39.543707000000012],[-107.19918899999871,39.543739000000009],[-107.19915999999871,39.543799999999997],[-107.1991219999987,39.543803000000004],[-107.19912699999871,39.543832000000002],[-107.19909399999871,39.543864000000006],[-107.19905599999871,39.54386800000001],[-107.1990179999987,39.543871000000003],[-107.19897999999871,39.543875],[-107.19894199999869,39.543878000000007],[-107.19890399999871,39.543880999999999],[-107.19886599999869,39.543885000000003],[-107.19882799999871,39.54388800000001],[-107.19878999999871,39.543891999999992],[-107.19875199999871,39.543894999999992],[-107.1987139999987,39.543897999999999],[-107.19867699999871,39.543901999999996],[-107.19863899999869,39.543905000000002],[-107.1986009999987,39.543908999999999],[-107.19856699999869,39.543941000000011],[-107.1985289999987,39.543944000000003],[-107.19849599999871,39.543976999999998],[-107.19845799999871,39.543979999999983],[-107.19842499999871,39.544012000000002],[-107.19838699999869,39.544015999999992],[-107.19839099999869,39.544044000000007],[-107.1983529999987,39.544047999999997],[-107.1983199999987,39.544079999999994],[-107.19832399999871,39.544108999999985],[-107.19829099999869,39.544141000000003],[-107.19829499999869,39.544170000000001],[-107.1982569999987,39.544173000000001],[-107.19826199999869,39.544201999999991],[-107.1982659999987,39.544230999999996],[-107.19827099999871,39.544260000000008],[-107.1982749999987,39.544287999999995],[-107.19823799999871,39.544291999999999],[-107.19824599999869,39.544350000000009],[-107.19825099999871,39.544377999999995],[-107.1982179999987,39.544411000000004],[-107.19818899999871,39.544472000000013],[-107.19819299999871,39.544499999999999],[-107.19819799999871,39.544528999999997],[-107.19820699999869,39.544587],[-107.19821099999869,39.544615999999991],[-107.19821599999871,39.544643999999998],[-107.19821999999871,39.544673000000003],[-107.19822499999869,39.544702000000001],[-107.1982289999987,39.544730999999992],[-107.19827099999871,39.544756000000007],[-107.19827599999871,39.544784999999997],[-107.1982799999987,39.544813999999995],[-107.19832299999871,39.544838999999996],[-107.19832699999871,39.544868000000008],[-107.1983649999987,39.544864999999994],[-107.1983699999987,39.544893000000009],[-107.19841199999871,39.544919],[-107.19841699999871,39.544947999999998],[-107.19845899999871,39.544972999999992],[-107.1984629999987,39.545002000000004],[-107.19846799999871,39.545031000000002],[-107.19850999999869,39.545056000000002],[-107.19851499999871,39.545085],[-107.1985909999987,39.545078000000011],[-107.1985949999987,39.545107000000009],[-107.19863299999871,39.545103000000005],[-107.1986749999987,39.54512900000001],[-107.1987129999987,39.545125000000006],[-107.19875599999871,39.545150999999983],[-107.19879399999871,39.545147000000007],[-107.19887799999869,39.545197999999999],[-107.19895899999871,39.54522],[-107.1989969999987,39.545217000000001],[-107.19903899999871,39.545241999999995],[-107.19908199999871,39.545268000000007],[-107.19912399999869,39.545293000000015],[-107.1991999999987,39.545285999999997],[-107.1992379999987,39.545283000000005],[-107.1992419999987,39.545312000000017],[-107.19927999999871,39.545308000000006],[-107.19928499999871,39.545337000000011],[-107.1993219999987,39.545333999999997],[-107.19936499999871,39.545358999999998],[-107.19936899999871,39.545387999999996],[-107.1994069999987,39.545383999999999],[-107.19944999999871,39.545409999999997],[-107.19945399999871,39.545438999999995],[-107.19945899999871,39.545467000000009],[-107.1994629999987,39.545495999999993],[-107.19946799999869,39.545525000000005],[-107.19947199999869,39.545554000000003],[-107.19947699999871,39.545583000000001],[-107.19948099999871,39.545611000000008],[-107.19948599999869,39.545639999999999],[-107.1994899999987,39.545669000000004],[-107.19949499999871,39.545697999999994],[-107.1994989999987,39.545726999999985],[-107.19946099999871,39.545730000000006],[-107.1994279999987,39.545762000000011],[-107.19943199999871,39.545791000000008],[-107.19939399999869,39.545795000000005],[-107.19939899999871,39.545822999999999],[-107.19940299999871,39.545852000000004],[-107.19940799999871,39.545881000000008],[-107.1993789999987,39.545941999999997],[-107.19934499999869,39.545974000000001],[-107.19931199999871,39.546005999999991],[-107.19927899999871,39.546039],[-107.19924099999869,39.546042000000014],[-107.1992119999987,39.546103000000002],[-107.19917399999871,39.546106999999999],[-107.19917799999871,39.546135],[-107.19913999999871,39.546139000000004],[-107.1991069999987,39.546170999999987],[-107.19907799999871,39.546232000000003],[-107.19903999999869,39.546234999999996],[-107.1990449999987,39.546264000000008],[-107.19900699999869,39.546268000000012],[-107.1989729999987,39.546300000000009],[-107.1989779999987,39.546329000000007],[-107.19898199999871,39.546357],[-107.19894899999871,39.546390000000002],[-107.19895299999871,39.546418999999993],[-107.1989579999987,39.546447000000001],[-107.19896199999869,39.546475999999991],[-107.1989669999987,39.546504999999996],[-107.19897099999871,39.546533999999994],[-107.19897599999871,39.546563000000013],[-107.19897999999871,39.546591000000006],[-107.19902699999871,39.54664600000001],[-107.1990689999987,39.546671000000003],[-107.1990739999987,39.546700000000008],[-107.1991159999987,39.546725000000009],[-107.19912099999871,39.546754000000014],[-107.1991249999987,39.546782999999991],[-107.19916299999869,39.546779000000022],[-107.19916799999871,39.546808000000006],[-107.19917199999871,39.546837000000004],[-107.19917699999871,39.546866000000001],[-107.19918099999869,39.546895000000006],[-107.19921899999871,39.546891000000009],[-107.19922399999871,39.546920000000007],[-107.1992659999987,39.546945000000008],[-107.19930799999871,39.546970999999999],[-107.19931299999871,39.546999999999997],[-107.19935099999869,39.546995999999993],[-107.1993549999987,39.547024999999998],[-107.19943599999871,39.547046999999999],[-107.19955799999869,39.547094000000008],[-107.19960099999869,39.547120000000007],[-107.1996049999987,39.547148999999997],[-107.1996429999987,39.547145000000008],[-107.19972299999871,39.547167000000002],[-107.1997659999987,39.547193],[-107.1998079999987,39.547218000000015],[-107.19981299999871,39.547246999999999],[-107.19985099999869,39.547243000000002],[-107.19989299999871,39.547268999999993],[-107.1998979999987,39.547297999999991],[-107.1999359999987,39.547294000000015],[-107.2000539999987,39.547313000000003],[-107.20005799999871,39.547342000000008],[-107.20009599999871,39.547338000000003],[-107.20013399999871,39.547334999999997],[-107.20020999999871,39.547328],[-107.20024799999869,39.547325000000001],[-107.20028599999871,39.547321000000004],[-107.20036599999871,39.547342999999991],[-107.2005179999987,39.547329000000012],[-107.2005599999987,39.547355000000017],[-107.20067799999869,39.547373000000007],[-107.20079699999869,39.547391999999995],[-107.20095299999869,39.547406999999993],[-107.2009949999987,39.547432999999991],[-107.20103299999869,39.547429000000008],[-107.20103799999868,39.547457999999999],[-107.20111799999867,39.547480000000007],[-107.20115599999869,39.547477000000001],[-107.20123599999869,39.547499000000009],[-107.20127399999869,39.547495000000005],[-107.20131199999869,39.547492000000005],[-107.2013499999987,39.547488000000001],[-107.20139199999869,39.547514],[-107.2014349999987,39.547539000000008],[-107.20150999999869,39.547531999999997],[-107.20154799999868,39.547529000000004],[-107.2015859999987,39.547525000000007],[-107.20166199999869,39.547519000000001],[-107.20181799999868,39.547533999999999],[-107.20186099999867,39.547558999999993],[-107.20189899999869,39.547556000000007],[-107.20194099999868,39.547580999999994],[-107.20194499999867,39.547609999999992],[-107.20198799999868,39.547635000000007],[-107.2019969999987,39.547692999999988],[-107.20203899999869,39.547718000000003],[-107.20208599999869,39.547772999999992],[-107.20212899999869,39.547798],[-107.2021329999987,39.547826999999991],[-107.2021709999987,39.547823000000008],[-107.20217499999869,39.547851999999992],[-107.20217999999869,39.547880999999997],[-107.20221799999869,39.547877999999997],[-107.20229799999869,39.547899999999991],[-107.2023409999987,39.547924999999999],[-107.20238299999868,39.547950000000007],[-107.20242099999869,39.547947000000008],[-107.20246299999867,39.547971999999994],[-107.20265299999869,39.547955000000002],[-107.20280899999868,39.547970000000014],[-107.2028139999987,39.547998999999997],[-107.20285099999869,39.547995999999998],[-107.20289399999869,39.54802100000002],[-107.20293199999868,39.548018000000006],[-107.20296999999869,39.548013999999995],[-107.20301199999869,39.548040000000007],[-107.2030499999987,39.548036000000018],[-107.20305399999869,39.548065000000008],[-107.20309199999869,39.548062000000002],[-107.2031349999987,39.548087000000002],[-107.20317699999869,39.548113000000001],[-107.20321999999869,39.548138000000002],[-107.2032239999987,39.548166999999999],[-107.20322899999869,39.548196000000004],[-107.20323299999869,39.548224000000005],[-107.20324699999868,39.548310999999991],[-107.20325099999867,39.548340000000003],[-107.20325999999869,39.548397000000001],[-107.2032639999987,39.548425999999999],[-107.2032689999987,39.548455000000004],[-107.2032359999987,39.548487000000009],[-107.20323999999869,39.548515999999992],[-107.20324499999867,39.54854499999999],[-107.2032069999987,39.548547999999997],[-107.20321099999869,39.548577000000009],[-107.20317799999869,39.548609000000006],[-107.20318199999869,39.548638000000004],[-107.20314899999869,39.548669999999994],[-107.2031109999987,39.548673999999998],[-107.20311499999869,39.548701999999999],[-107.20311999999868,39.548730999999989],[-107.2031239999987,39.548760000000001],[-107.20304799999869,39.548766999999991],[-107.20305299999869,39.548795999999996],[-107.20301499999869,39.54879900000001],[-107.20301999999869,39.548828],[-107.20298599999869,39.548859999999998],[-107.20295299999869,39.548892000000002],[-107.20291899999869,39.54892499999999],[-107.20288999999869,39.548985999999999],[-107.20285699999869,39.549017999999997],[-107.20286099999869,39.549047000000002],[-107.20282799999869,39.549078999999992],[-107.20279499999869,39.549111000000003],[-107.20279899999869,39.549140000000008],[-107.20276099999869,39.549142999999994],[-107.20276599999868,39.549172000000013],[-107.20273199999869,39.54920400000001],[-107.20273699999869,39.549232999999994],[-107.2027409999987,39.549261999999999],[-107.2027459999987,39.549290999999997],[-107.20274999999869,39.549320000000009],[-107.20271699999869,39.549351999999999],[-107.20268799999867,39.549413000000015],[-107.20269199999869,39.549441999999999],[-107.20269699999869,39.549469999999999],[-107.20271899999868,39.54961500000001],[-107.20276599999868,39.549669000000009],[-107.20280399999869,39.549664999999997],[-107.20284599999869,39.549690999999996],[-107.20288399999869,39.549687000000006],[-107.2029649999987,39.549709000000014],[-107.20311599999867,39.549696000000004],[-107.20315399999869,39.549692],[-107.20319199999868,39.549689000000001],[-107.20326799999869,39.549682000000018],[-107.2033479999987,39.549703999999991],[-107.20342899999869,39.549726000000007],[-107.20350399999869,39.549718999999996],[-107.2036179999987,39.549709],[-107.20366099999869,39.549734000000001],[-107.2037029999987,39.549759999999999],[-107.20374099999869,39.549756000000009],[-107.20377899999869,39.549753000000017],[-107.20393099999868,39.549738999999995],[-107.20400599999869,39.549731999999992],[-107.20408199999868,39.549726000000007],[-107.20419599999867,39.549714999999999],[-107.20438599999868,39.549697999999999],[-107.20442299999868,39.549695000000007],[-107.20446099999867,39.54969100000001],[-107.20449499999867,39.549658999999998],[-107.20452799999867,39.549627000000015],[-107.20456199999867,39.549595000000004],[-107.20455699999867,39.549566000000006],[-107.20462799999868,39.54952999999999],[-107.20466199999868,39.549498],[-107.20465699999868,39.549469000000002],[-107.20469499999868,39.549466000000002],[-107.20476199999867,39.549401000000003],[-107.20479999999868,39.549398000000004],[-107.20479599999868,39.549368999999999],[-107.20483399999868,39.549365999999992],[-107.20489999999867,39.549301],[-107.20493799999866,39.549297999999993],[-107.20493399999867,39.549268999999995],[-107.20497199999868,39.549266000000017],[-107.20500999999868,39.549261999999992],[-107.20508099999869,39.549226999999995],[-107.20515199999868,39.549191000000008],[-107.20522799999868,39.549184000000011],[-107.20526599999867,39.549180999999997],[-107.20529899999867,39.549149000000014],[-107.20537099999868,39.549112999999998],[-107.20540899999868,39.549110000000013],[-107.20544199999868,39.549077000000004],[-107.20547999999867,39.549073999999997],[-107.20550899999868,39.549013000000002],[-107.20554199999867,39.548981000000005],[-107.20557999999868,39.548977000000001],[-107.20560899999867,39.548915999999998],[-107.20560499999868,39.548886999999993],[-107.20564299999867,39.548884000000015],[-107.20563799999866,39.548854999999996],[-107.20562499999868,39.548769],[-107.20569199999868,39.548704000000001],[-107.20568699999868,39.548675000000003],[-107.20586799999867,39.548600999999998],[-107.20593899999868,39.548565000000004],[-107.20620399999868,39.548541],[-107.20624199999868,39.548538000000008],[-107.20627999999869,39.548534000000004],[-107.20631799999867,39.548530999999997],[-107.20632299999868,39.548559999999995],[-107.20636499999867,39.54858500000001],[-107.20636999999869,39.548614000000001],[-107.20637399999868,39.548643000000006],[-107.20633599999867,39.548645999999998],[-107.20634099999867,39.548674999999996],[-107.20634499999868,39.548704000000008],[-107.20634999999866,39.548732999999984],[-107.20635899999868,39.548790000000004],[-107.20636299999867,39.548818999999995],[-107.20636799999868,39.548848],[-107.20637199999868,39.548876999999997],[-107.20633899999868,39.548909000000009],[-107.20634299999868,39.548938000000007],[-107.20634799999868,39.548967000000005],[-107.20630999999868,39.548970000000004],[-107.20627599999868,39.549001999999994],[-107.20628099999867,39.549030999999992],[-107.20628499999866,39.549059999999997],[-107.20625199999868,39.549092000000002],[-107.20622299999867,39.549153000000004],[-107.20622699999868,39.549182000000002],[-107.20623199999868,39.549211000000007],[-107.20624099999868,39.549268000000012],[-107.20624499999867,39.549297000000003],[-107.20624999999868,39.549326000000001],[-107.20625399999868,39.549355000000006],[-107.20625899999868,39.549384000000018],[-107.20626299999869,39.549411999999997],[-107.20627199999868,39.549469999999999],[-107.20627699999868,39.549499000000004],[-107.20628099999867,39.549528000000009],[-107.20628599999868,39.549556000000003],[-107.20629499999868,39.549613999999998],[-107.20629899999868,39.54964300000001],[-107.20630399999868,39.549672000000008],[-107.20635099999868,39.549726000000007],[-107.20639299999868,39.549751000000008],[-107.20643499999868,39.549777000000006],[-107.20648199999867,39.549831000000005],[-107.20652499999868,39.549855999999998],[-107.20656699999869,39.549882000000004],[-107.20660999999868,39.549906999999997],[-107.20668999999867,39.549929000000006],[-107.20672799999866,39.549926000000006],[-107.20684199999866,39.549914999999999],[-107.20692599999866,39.549966000000012],[-107.20696399999866,39.549963000000005],[-107.20700699999867,39.549987999999999],[-107.20704499999866,39.549985000000007],[-107.20704899999866,39.550014000000004],[-107.20708699999867,39.55001],[-107.20709199999867,39.550038999999998],[-107.20709599999867,39.55006800000001],[-107.20710499999866,39.550125000000001],[-107.20710899999867,39.550154000000006],[-107.20711799999866,39.550212000000009],[-107.20712699999866,39.550269],[-107.20713199999867,39.550298000000005],[-107.20713599999867,39.550327000000003],[-107.20714099999866,39.550356000000008],[-107.20714499999866,39.550385000000006],[-107.20714999999866,39.550414000000011],[-107.20715399999867,39.550442000000004],[-107.20715899999867,39.550471000000002],[-107.20716799999866,39.550529000000004],[-107.20717699999867,39.55058600000001],[-107.20718099999867,39.550615000000001],[-107.20718599999866,39.550643999999998],[-107.20718999999866,39.550673000000003],[-107.20719499999866,39.550702000000001],[-107.20719899999867,39.550730000000009],[-107.20720399999867,39.550758999999999],[-107.20720799999866,39.550787999999997],[-107.20721299999866,39.550816999999995],[-107.20721699999866,39.550846],[-107.20722199999867,39.550874],[-107.20722599999867,39.550902999999998],[-107.20723099999866,39.550931999999989],[-107.20723499999866,39.550960999999994],[-107.20723999999866,39.550989999999992],[-107.20720599999866,39.55102200000001],[-107.20721099999867,39.551050999999994],[-107.20721999999867,39.551108000000013],[-107.20722399999866,39.55113699999999],[-107.20722899999866,39.551166000000002],[-107.20723299999867,39.551195000000007],[-107.20723799999867,39.551223999999998],[-107.20724199999866,39.551251999999998],[-107.20724699999866,39.551281000000003],[-107.20725099999866,39.551309999999994],[-107.20721799999866,39.551341999999998],[-107.20722699999867,39.551400000000008],[-107.20723099999866,39.551429000000006],[-107.20723599999866,39.551456999999999],[-107.20723999999866,39.551486000000004],[-107.20724499999866,39.551515000000002],[-107.20724899999867,39.551544000000007],[-107.20725399999867,39.551572999999998],[-107.20725799999866,39.551602000000003],[-107.20726299999866,39.55163000000001],[-107.20726699999867,39.551658999999994],[-107.20727199999867,39.551688000000006],[-107.20727599999866,39.551716999999996],[-107.20728499999866,39.551773999999995],[-107.20725199999866,39.55180699999999],[-107.20725599999867,39.551835000000004],[-107.20726099999867,39.551864000000016],[-107.20726499999867,39.551893000000007],[-107.20726999999866,39.551922000000005],[-107.20727399999866,39.551951000000003],[-107.20727899999866,39.55197900000001],[-107.20725399999867,39.55206900000001],[-107.20725899999866,39.552097999999994],[-107.20726299999866,39.552127000000006],[-107.20722499999866,39.552129999999991],[-107.20722999999866,39.55215900000001],[-107.20719599999866,39.552191000000001],[-107.20720499999867,39.552249000000003],[-107.20716699999866,39.552252000000003],[-107.20713399999866,39.552284999999998],[-107.20710099999866,39.552317000000002],[-107.20706299999867,39.552320000000009],[-107.20706699999866,39.552349000000007],[-107.20702899999867,39.552351999999999],[-107.20699599999867,39.552385000000008],[-107.20699999999866,39.552413999999992],[-107.20696199999867,39.552417000000005],[-107.20696699999867,39.552446000000003],[-107.20692899999867,39.552449000000003],[-107.20689599999866,39.552481],[-107.20682399999866,39.552517000000002],[-107.20675299999867,39.552552999999996],[-107.20671999999867,39.552585000000001],[-107.20668599999868,39.552616999999998],[-107.20664799999868,39.552621000000009],[-107.20661499999868,39.552653000000007],[-107.20657699999867,39.552655999999999],[-107.20654299999866,39.552688000000011],[-107.20650999999867,39.552721000000005],[-107.20647199999868,39.552724000000005],[-107.20643899999868,39.552756000000002],[-107.20640499999868,39.552788000000007],[-107.20636699999866,39.552791999999997],[-107.20633399999868,39.552824000000001],[-107.20633799999868,39.552852999999999],[-107.20619099999867,39.552894999999992],[-107.20608199999867,39.552933999999993],[-107.20601099999868,39.552970000000009],[-107.20601499999867,39.552999],[-107.20597699999868,39.553002000000006],[-107.20594399999868,39.553034000000004],[-107.20587199999868,39.553069999999998],[-107.20579699999868,39.553077000000002],[-107.20572499999868,39.55311300000001],[-107.20568699999868,39.55311600000001],[-107.20565399999867,39.553148000000007],[-107.20557799999868,39.55315499999999],[-107.20558299999867,39.553184000000002],[-107.20554899999868,39.553215999999992],[-107.20555399999868,39.553245000000004],[-107.20551599999868,39.553248000000004],[-107.20551999999869,39.553277000000001],[-107.20552499999867,39.553306000000006],[-107.20548699999868,39.553308999999999],[-107.20545799999867,39.553370000000008],[-107.20546199999866,39.553398999999992],[-107.20546699999868,39.553427999999997],[-107.20542899999867,39.55343100000001],[-107.20543299999868,39.553460000000001],[-107.20539999999868,39.553492000000006],[-107.20536699999867,39.553525],[-107.20533299999866,39.553557000000005],[-107.20529999999867,39.553589000000009],[-107.20526599999867,39.553621],[-107.20527099999867,39.55364999999999],[-107.20520399999866,39.55371499999999],[-107.20516999999867,39.553747000000001],[-107.20514199999867,39.553807999999997],[-107.20510799999867,39.553840000000001],[-107.20511699999868,39.55389799999999],[-107.20512199999868,39.553925999999997],[-107.20512599999869,39.553955000000002],[-107.20513499999868,39.554013000000005],[-107.20513999999868,39.55404200000001],[-107.20517699999868,39.554038000000006],[-107.20518199999867,39.554066999999989],[-107.20519099999868,39.554124999999999],[-107.20522899999868,39.554121000000002],[-107.20527099999867,39.554146999999993],[-107.20539799999868,39.554223],[-107.20544099999867,39.554248000000001],[-107.20548299999868,39.554274000000007],[-107.20552599999868,39.554299],[-107.20556399999867,39.554296000000015],[-107.20556799999868,39.554324000000001],[-107.20557299999868,39.554352999999992],[-107.20561099999868,39.554349999999999],[-107.20561499999867,39.55437899999999],[-107.20565299999868,39.554374999999993],[-107.20569499999868,39.554400999999999],[-107.20573299999867,39.554397000000009],[-107.20573799999868,39.554425999999999],[-107.20577999999868,39.554451],[-107.20582299999867,39.554477000000006],[-107.20582699999868,39.554506000000003],[-107.20591199999868,39.554555999999998],[-107.20591599999868,39.55458500000001],[-107.20595899999867,39.554611000000008],[-107.20600599999868,39.554664999999993],[-107.20604399999868,39.554660999999996],[-107.20608599999868,39.554687000000001],[-107.20612799999869,39.554712000000002],[-107.20617099999868,39.554737999999993],[-107.20621299999868,39.554762999999994],[-107.20625099999867,39.554760000000009],[-107.20636499999867,39.554749000000001],[-107.20640299999867,39.554745999999994],[-107.20652099999867,39.554765000000003],[-107.20655899999868,39.554760999999999],[-107.20664399999868,39.554811999999998],[-107.20668199999866,39.554808999999992],[-107.20671999999868,39.554804999999995],[-107.20679499999866,39.554797999999991],[-107.20679999999868,39.554827000000017],[-107.20683799999868,39.554824000000004],[-107.20684699999867,39.554881000000009],[-107.20685099999868,39.554909999999992],[-107.20685599999868,39.554939000000005],[-107.20685999999868,39.554968000000002],[-107.20686499999866,39.554996999999993],[-107.20686899999868,39.555025000000001],[-107.20687399999868,39.555053999999998],[-107.20683999999868,39.55508600000001],[-107.20684499999868,39.555115000000001],[-107.20684899999868,39.555143999999999],[-107.20685399999867,39.555173000000003],[-107.20681999999867,39.555205000000015],[-107.20682499999867,39.555234000000006],[-107.20679199999866,39.555265999999996],[-107.20679599999868,39.555295000000001],[-107.20675799999867,39.555298000000008],[-107.20672499999868,39.55533100000001],[-107.20669099999868,39.555363],[-107.20669599999867,39.555391999999991],[-107.20666199999867,39.555424000000002],[-107.20662399999868,39.555427000000009],[-107.20658599999867,39.555430999999999],[-107.20659099999868,39.555458999999999],[-107.20655299999868,39.55546300000001],[-107.20655799999868,39.555492000000008],[-107.20652399999868,39.555523999999998],[-107.20649099999868,39.55555600000001],[-107.20645299999867,39.555559000000009],[-107.20645699999866,39.555588],[-107.20642399999868,39.555620999999988],[-107.20638999999868,39.555653000000014],[-107.20631499999868,39.555660000000003],[-107.20631899999867,39.555688000000004],[-107.20628099999867,39.555692000000015],[-107.20628599999868,39.555720999999998],[-107.20621399999868,39.555756000000009],[-107.20618099999868,39.555788000000007],[-107.20610999999867,39.555824000000015],[-107.20603399999868,39.555831000000012],[-107.20596199999868,39.555866999999999],[-107.20592899999868,39.555898999999997],[-107.20593299999867,39.555928000000009],[-107.20589999999868,39.555959999999999],[-107.20590399999868,39.555988999999997],[-107.20587099999868,39.556021000000001],[-107.20587599999868,39.556049999999999],[-107.20587999999867,39.556077999999999],[-107.20588499999867,39.556107000000004],[-107.20588899999868,39.556136000000002],[-107.20585599999868,39.556168],[-107.20585999999868,39.556196999999997],[-107.20586499999868,39.556226000000002],[-107.20582699999868,39.556229000000009],[-107.20583099999868,39.556258],[-107.20583599999868,39.556286999999998],[-107.20583999999867,39.556316000000002],[-107.20580699999867,39.556348000000007],[-107.20577299999867,39.556380000000011],[-107.20577799999867,39.556409000000002],[-107.20574899999868,39.556470000000004],[-107.20575299999868,39.556499000000002],[-107.20571999999866,39.556531],[-107.20572399999868,39.556559999999998],[-107.20572899999868,39.55658900000001],[-107.20573299999867,39.556618],[-107.20569499999868,39.556621000000014],[-107.20569999999867,39.556650000000005],[-107.20570399999868,39.55667900000001],[-107.20570899999868,39.556706999999996],[-107.20571299999868,39.556736000000008],[-107.20571799999868,39.556765000000006],[-107.20572699999867,39.556823000000009],[-107.20573099999868,39.556851000000009],[-107.20573599999868,39.556880000000014],[-107.20573999999868,39.556909000000005],[-107.20574499999867,39.556938000000009],[-107.20574899999868,39.556967],[-107.20578699999868,39.55696300000001],[-107.20579199999868,39.556992000000015],[-107.20580099999867,39.55704999999999],[-107.20580499999868,39.55707799999999],[-107.20584299999868,39.557075000000012],[-107.20584799999868,39.557104000000002],[-107.20585199999867,39.557133000000007],[-107.20589499999868,39.557158000000001],[-107.20589899999868,39.557187000000006],[-107.20594599999868,39.557240999999998],[-107.20599299999868,39.557294999999996],[-107.20600199999868,39.557352999999999],[-107.20600599999868,39.557382000000004],[-107.20601099999868,39.557411000000002],[-107.20601499999867,39.557438999999995],[-107.20605799999868,39.557464999999993],[-107.20606199999867,39.557494000000005],[-107.20610499999867,39.557518999999999],[-107.20610899999866,39.55754799999999],[-107.20615199999867,39.557572999999991],[-107.20619799999868,39.557626999999997],[-107.20620299999868,39.557656000000001],[-107.20620699999868,39.557684999999999],[-107.20624999999868,39.557709999999993],[-107.20629199999868,39.557735999999991],[-107.20633499999867,39.557760999999999],[-107.20638199999868,39.557815000000012],[-107.20642399999868,39.557840999999996],[-107.20646199999868,39.557837000000006],[-107.20650399999866,39.557863000000005],[-107.20654699999868,39.557888000000005],[-107.20658899999867,39.557913999999997],[-107.20659399999867,39.557941999999997],[-107.20667399999869,39.557963999999991],[-107.20671599999868,39.55798999999999],[-107.20672099999868,39.558019000000009],[-107.20676299999867,39.558043999999995],[-107.20680099999866,39.558041000000003],[-107.20680599999868,39.55806900000001],[-107.20684399999867,39.558065999999997],[-107.20685299999867,39.558123999999992],[-107.20689499999868,39.558149000000007],[-107.20689899999869,39.558178000000012],[-107.20690399999867,39.558207000000003],[-107.20690799999868,39.55823500000001],[-107.20691299999868,39.558264000000008],[-107.20691699999868,39.558293000000006],[-107.20692199999868,39.558321999999997],[-107.20692599999867,39.558351000000002],[-107.20693499999868,39.558408],[-107.20693999999867,39.558436999999991],[-107.20694399999867,39.55846600000001],[-107.20691099999867,39.558498000000007],[-107.20691499999867,39.558527000000005],[-107.20691999999868,39.558556000000003],[-107.20688699999866,39.558587999999993],[-107.20685299999867,39.558620000000005],[-107.20685799999868,39.558649000000003],[-107.20686199999868,39.558678],[-107.20682899999868,39.558709999999998],[-107.20683299999867,39.558739000000003],[-107.20679499999868,39.558742000000002],[-107.20679999999867,39.558770999999993],[-107.20676599999868,39.55880299999999],[-107.20677099999868,39.55883200000001],[-107.20673699999868,39.558864000000007],[-107.20674199999868,39.558893000000005],[-107.20670799999868,39.558925000000002],[-107.20671299999867,39.558954000000007],[-107.20671699999866,39.558982999999998],[-107.20667999999868,39.558986000000004],[-107.20652799999868,39.558999999999997],[-107.20649399999867,39.559032000000002],[-107.20645599999868,39.559035999999992],[-107.20642299999868,39.559067999999996],[-107.20638499999868,39.559071000000017],[-107.20634699999867,39.559075],[-107.20627599999868,39.559109999999997],[-107.20620499999868,39.559145999999998],[-107.20612899999868,39.559153000000002],[-107.20613299999867,39.559181999999993],[-107.20605699999868,39.559188000000006],[-107.20598599999867,39.559224],[-107.20587699999868,39.559263000000009],[-107.20580099999867,39.559270000000005],[-107.20572499999868,39.559277000000009],[-107.20568299999867,39.559251000000017],[-107.20563999999868,39.55922600000001],[-107.20559799999867,39.559201000000009],[-107.20559299999866,39.559171999999997],[-107.20555099999868,39.559146000000005],[-107.20550799999867,39.559120999999998],[-107.20550399999868,39.559092000000014],[-107.20546199999866,39.559066999999999],[-107.20545699999867,39.559038000000008],[-107.20540999999868,39.558983999999995],[-107.20537199999866,39.558987000000002],[-107.20536799999867,39.558957999999997],[-107.20532499999867,39.558933000000003],[-107.20532099999868,39.558903999999998],[-107.20531599999867,39.558874999999986],[-107.20527799999867,39.558878999999997],[-107.20523199999867,39.558825000000006],[-107.20522699999867,39.558796000000001],[-107.20522299999868,39.558767000000003],[-107.20517999999868,39.558741999999988],[-107.20517599999867,39.558713000000004],[-107.20517099999869,39.558684000000007],[-107.20516699999868,39.558655000000009],[-107.20515799999868,39.558597000000013],[-107.20515299999867,39.558568999999999],[-107.20514899999867,39.558540000000001],[-107.20518199999867,39.55850800000001],[-107.20517799999868,39.558478999999998],[-107.20517299999868,39.558450000000001],[-107.20516899999868,39.55842100000001],[-107.20516399999867,39.558391999999998],[-107.20515999999868,39.55836399999999],[-107.20519299999867,39.558331000000003],[-107.20518899999868,39.558302999999995],[-107.20518399999868,39.558274000000004],[-107.20517999999868,39.558244999999999],[-107.20521299999868,39.558213000000002],[-107.20520399999866,39.558154999999999],[-107.20519999999868,39.558126000000001],[-107.20519099999868,39.55806900000001],[-107.20518599999868,39.558039999999998],[-107.20518199999867,39.558011000000008],[-107.20517299999868,39.557952999999991],[-107.20515899999866,39.557866999999995],[-107.20515499999868,39.55783799999999],[-107.20514599999868,39.557781000000006],[-107.20514099999868,39.557751999999986],[-107.20513699999867,39.557723000000003],[-107.20513199999868,39.557693999999998],[-107.20508999999868,39.55766899999999],[-107.20508499999868,39.557640000000006],[-107.20507599999868,39.557582000000004],[-107.20507199999868,39.557552999999999],[-107.20506699999866,39.557525000000005],[-107.20506299999867,39.557496],[-107.20505799999867,39.55746700000001],[-107.20505399999868,39.557438000000012],[-107.20504899999868,39.557409],[-107.20504499999868,39.557381000000007],[-107.20503999999868,39.557352000000002],[-107.20507399999867,39.557319999999997],[-107.20510699999868,39.557287000000009],[-107.20510299999867,39.557259000000016],[-107.20512699999868,39.557169000000002],[-107.20512299999868,39.55713999999999],[-107.20511399999866,39.557082000000008],[-107.20510899999867,39.55705300000001],[-107.20509999999868,39.556996000000005],[-107.20509599999868,39.556967],[-107.20513399999868,39.556964000000001],[-107.20512899999868,39.556934999999996],[-107.20516299999868,39.556902999999991],[-107.20515799999868,39.556874000000008],[-107.20515399999867,39.556845000000003],[-107.20514899999867,39.556816000000012],[-107.20511099999868,39.556819999999995],[-107.20510199999867,39.556762000000006],[-107.20505999999868,39.556736999999998],[-107.20505499999868,39.556707999999993],[-107.20505099999868,39.55667900000001],[-107.20501299999867,39.556682000000009],[-107.20497099999868,39.556657000000008],[-107.20492799999867,39.556632],[-107.20488599999868,39.556606000000009],[-107.20484299999868,39.556581000000001],[-107.20480499999867,39.556584000000008],[-107.20480099999868,39.556554999999996],[-107.20476299999868,39.556559000000007],[-107.20472499999866,39.556562000000007],[-107.20468699999869,39.556565999999997],[-107.20460699999867,39.556544000000002],[-107.20456899999868,39.556547000000002],[-107.20453099999868,39.556550000000016],[-107.20448899999867,39.556525000000001],[-107.20445099999868,39.556528],[-107.20437499999866,39.556534999999997],[-107.20433199999867,39.556509999999996],[-107.20429399999868,39.556513000000002],[-107.20425699999868,39.556516999999992],[-107.20421899999867,39.556519999999999],[-107.20409599999869,39.556472999999997],[-107.20390199999868,39.556460999999999],[-107.20386399999867,39.556463999999991],[-107.20385899999867,39.556436000000005],[-107.20377899999868,39.556414000000004],[-107.20377499999867,39.556385000000006],[-107.20373199999869,39.556359000000008],[-107.20372799999868,39.556331000000007],[-107.20368099999868,39.556276000000004],[-107.20363799999868,39.556251000000003],[-107.2035959999987,39.556226000000009],[-107.20359099999868,39.556196999999997],[-107.20358699999868,39.556167999999992],[-107.20354899999869,39.556170999999999],[-107.2035449999987,39.556142999999999],[-107.20353999999868,39.556114000000008],[-107.20353099999869,39.556055999999998],[-107.20349299999869,39.556060000000009],[-107.2034889999987,39.556031000000004],[-107.20345099999869,39.556034000000004],[-107.20344599999869,39.556004999999999],[-107.20344199999869,39.555977000000006],[-107.2033989999987,39.555951000000007],[-107.20338599999869,39.555864999999997],[-107.2033429999987,39.555838999999999],[-107.2032969999987,39.555784999999993],[-107.20325399999869,39.555760000000006],[-107.20324999999869,39.555730999999994],[-107.2032069999987,39.555706000000015],[-107.2031689999987,39.555708999999993],[-107.20316499999868,39.555680000000009],[-107.20312699999869,39.555683999999999],[-107.20308499999869,39.555657999999994],[-107.20304199999869,39.555633],[-107.2030039999987,39.555636],[-107.20296199999869,39.555610999999999],[-107.20291899999869,39.555585000000001],[-107.2029149999987,39.555556999999993],[-107.20287699999869,39.555559999999993],[-107.20287199999869,39.555531000000009],[-107.20283499999869,39.555534999999992],[-107.20275399999869,39.555512999999998],[-107.20274999999869,39.555484],[-107.2027119999987,39.555487000000007],[-107.2027069999987,39.555458000000002],[-107.20266499999869,39.555433000000001],[-107.20265999999869,39.555404000000003],[-107.2026219999987,39.555408000000007],[-107.20257599999869,39.555352999999982],[-107.2025329999987,39.555328000000003],[-107.20252899999869,39.555298999999998],[-107.20252399999869,39.55527],[-107.20248599999869,39.55527399999999],[-107.20244399999869,39.555248000000013],[-107.20240099999869,39.555223000000005],[-107.2023969999987,39.555194],[-107.20235499999869,39.555169000000006],[-107.2023119999987,39.555143000000008],[-107.20219799999869,39.555154000000002],[-107.20215599999868,39.555128000000011],[-107.20215199999869,39.555098999999991],[-107.20214699999869,39.555070999999998],[-107.2021429999987,39.555042000000007],[-107.2021379999987,39.555012999999995],[-107.20212899999869,39.554955],[-107.20212499999867,39.554926999999999],[-107.2021159999987,39.554868999999989],[-107.20211099999868,39.554840000000006],[-107.20210699999869,39.554811000000001],[-107.20210199999869,39.554782000000003],[-107.2020979999987,39.554754000000003],[-107.20208899999869,39.554695999999993],[-107.20208399999869,39.554667000000002],[-107.20207999999867,39.55463799999999],[-107.20207499999869,39.554609999999997],[-107.2020709999987,39.554580999999999],[-107.20206599999868,39.554552000000001],[-107.20201899999869,39.554498000000009],[-107.2019809999987,39.554500999999988],[-107.20197199999869,39.554443999999997],[-107.20188799999869,39.554393000000005],[-107.20184999999869,39.55439599999999],[-107.2018449999987,39.554366999999999],[-107.20179799999869,39.554313000000008],[-107.2017939999987,39.554284000000003],[-107.20175099999869,39.554259000000002],[-107.2017039999987,39.55420500000001],[-107.2016999999987,39.554175999999998],[-107.20169499999869,39.554146999999993],[-107.20169099999868,39.554118000000003],[-107.2016869999987,39.554090000000009],[-107.20164399999868,39.55406399999999],[-107.20163999999868,39.554035000000006],[-107.20163499999869,39.554006999999999],[-107.2016309999987,39.553978000000001],[-107.20158799999869,39.553952000000002],[-107.20154599999869,39.553926999999995],[-107.20153699999869,39.553868999999985],[-107.20149399999869,39.553843999999991],[-107.2014519999987,39.553818],[-107.20144799999869,39.553790000000006],[-107.20140499999869,39.553764000000001],[-107.20136299999869,39.553739],[-107.20131999999869,39.553713000000002],[-107.20127299999869,39.553658999999996],[-107.20126399999869,39.553601999999998],[-107.2012269999987,39.553604999999997],[-107.20118399999869,39.553580000000004],[-107.20109899999869,39.553528999999997],[-107.20109499999869,39.553499999999993],[-107.2010569999987,39.553503000000006],[-107.20100999999869,39.553448999999986],[-107.2010009999987,39.553392000000002],[-107.20099699999868,39.553362999999997],[-107.20103399999869,39.553359],[-107.20102999999868,39.553331000000007],[-107.20102499999869,39.553302000000016],[-107.2010629999987,39.553297999999998],[-107.20105899999869,39.553269999999998],[-107.20105399999869,39.553241],[-107.20104999999869,39.553211999999995],[-107.20104499999869,39.553183000000011],[-107.2010409999987,39.553153999999992],[-107.20103599999868,39.553125999999999],[-107.20103199999868,39.553097000000008],[-107.2010269999987,39.553068000000017],[-107.2010229999987,39.553038999999998],[-107.20101399999869,39.55298100000001],[-107.20100899999869,39.552953000000002],[-107.20096299999869,39.552897999999999],[-107.20092499999869,39.552901999999996],[-107.20091999999869,39.552872999999991],[-107.2008779999987,39.55284799999999],[-107.20087299999869,39.552819],[-107.2008689999987,39.552790000000002],[-107.20078799999871,39.552768000000007],[-107.20078399999871,39.55273900000001],[-107.20074199999871,39.552714000000009],[-107.2007369999987,39.55268499999999],[-107.2006949999987,39.55266000000001],[-107.20068999999869,39.552631000000012],[-107.20064799999869,39.552605],[-107.20064299999869,39.552577000000014],[-107.2006049999987,39.552579999999992],[-107.20060099999871,39.552551000000008],[-107.20055799999871,39.552526],[-107.2005119999987,39.552472000000002],[-107.20047399999871,39.552475000000001],[-107.20046499999869,39.552417000000005],[-107.20042699999871,39.552421000000002],[-107.2004219999987,39.552391999999998],[-107.2003799999987,39.552367000000011],[-107.20029499999869,39.552315999999998],[-107.2002569999987,39.552319000000004],[-107.20025299999871,39.552289999999999],[-107.20021499999869,39.552294000000003],[-107.20020999999871,39.552264999999998],[-107.2002059999987,39.552235999999994],[-107.2001679999987,39.552239999999991],[-107.20016299999871,39.552211],[-107.20012499999869,39.552213999999999],[-107.20012099999869,39.552185000000009],[-107.20008299999871,39.552188999999991],[-107.20004099999869,39.552163],[-107.2000029999987,39.55216699999999],[-107.19995999999871,39.552141000000006],[-107.19995599999871,39.552112999999999],[-107.1999179999987,39.552116000000005],[-107.1999129999987,39.552086999999993],[-107.19987099999871,39.552062000000006],[-107.1998289999987,39.552036000000001],[-107.19979099999871,39.552039999999991],[-107.19978599999871,39.552011],[-107.19974399999869,39.551985999999999],[-107.1997389999987,39.551957000000009],[-107.19973499999871,39.55192799999999],[-107.19969699999869,39.551931000000017],[-107.1996879999987,39.551874000000012],[-107.1996499999987,39.551876999999998],[-107.1996079999987,39.551852000000004],[-107.19956499999871,39.551826000000005],[-107.19956099999871,39.551797999999998],[-107.19952299999869,39.551801000000005],[-107.1994849999987,39.55180399999999],[-107.19944199999871,39.551779000000003],[-107.1993999999987,39.55175400000001],[-107.19935799999871,39.551728000000004],[-107.19935299999871,39.551699000000006],[-107.19931499999871,39.551702999999996],[-107.1992769999987,39.551706000000003],[-107.19927299999871,39.551676999999991],[-107.19922999999871,39.551651999999997],[-107.1992259999987,39.551622999999985],[-107.19918399999871,39.551597999999991],[-107.19917899999871,39.551569000000008],[-107.1991409999987,39.551571999999993],[-107.1991029999987,39.551575999999997],[-107.19909899999871,39.551546999999999],[-107.19906099999871,39.551549999999992],[-107.19905599999871,39.551521999999999],[-107.19901399999871,39.551496],[-107.19900899999871,39.551467000000009],[-107.1989719999987,39.551471000000006],[-107.19892899999871,39.551444999999994],[-107.19888699999871,39.551420000000007],[-107.1988439999987,39.551394999999999],[-107.19883999999871,39.551366000000009],[-107.19879699999871,39.551339999999996],[-107.1987589999987,39.551344],[-107.19875499999871,39.551314999999995],[-107.19875099999871,39.551286000000005],[-107.19874599999871,39.551257],[-107.1987419999987,39.551228999999992],[-107.19873699999869,39.551200000000001],[-107.1987329999987,39.551170999999997],[-107.19872399999871,39.551112999999994],[-107.19871499999871,39.551055999999996],[-107.19870099999871,39.550969000000002],[-107.19869199999869,39.550912000000004],[-107.19868299999871,39.550854000000001],[-107.1986359999987,39.550799999999995],[-107.19863199999871,39.550770999999997],[-107.19862699999871,39.550741999999993],[-107.1986229999987,39.550713000000016],[-107.19860899999871,39.550627000000006],[-107.19860499999871,39.550598000000008],[-107.19859999999869,39.550569000000003],[-107.1985909999987,39.550511999999998],[-107.19854899999869,39.550486000000006],[-107.1985399999987,39.550428999999994],[-107.1985019999987,39.550432000000008],[-107.19849799999871,39.550403000000003],[-107.19849299999871,39.550375000000017],[-107.1984549999987,39.550378000000009],[-107.19840799999871,39.550324000000003],[-107.1983659999987,39.550298000000005],[-107.19827699999871,39.550218999999991],[-107.1982299999987,39.550165000000007],[-107.19818699999871,39.550139000000001],[-107.19810299999871,39.550088000000017],[-107.1980599999987,39.550063000000009],[-107.1980559999987,39.550033999999997],[-107.19801799999871,39.550038000000001],[-107.19801299999871,39.550009000000003],[-107.1979709999987,39.549983000000005],[-107.19792799999871,39.549958000000004],[-107.1978859999987,39.54993300000001],[-107.19780099999871,39.549882000000004],[-107.19775899999871,39.549856000000005],[-107.19767399999873,39.549805999999997],[-107.1975889999987,39.549755000000005],[-107.19746199999871,39.549679000000005],[-107.19742399999872,39.549681999999997],[-107.19741999999871,39.549652999999992],[-107.19741499999871,39.549624000000016],[-107.19737699999872,39.549627999999998],[-107.1973349999987,39.549602],[-107.19729199999871,39.549577000000006],[-107.1972119999987,39.549555000000005],[-107.1971319999987,39.549533000000004],[-107.19704699999872,39.549481999999998],[-107.19687699999872,39.549380999999997],[-107.19680099999871,39.549387000000003],[-107.19671699999871,39.549336999999987],[-107.19667399999871,39.549311000000003],[-107.19663199999871,39.549286000000002],[-107.19655199999872,39.549263999999994],[-107.19647099999871,39.549241999999992],[-107.1963949999987,39.549249000000003],[-107.19631499999871,39.549226999999995],[-107.19619699999872,39.549207999999993],[-107.19607899999872,39.549188999999998],[-107.19600299999873,39.549196000000009],[-107.19599799999871,39.54916699999999],[-107.1959219999987,39.549174000000001],[-107.19588499999873,39.549178000000005],[-107.19584199999871,39.549151999999992],[-107.19576199999872,39.549129999999998],[-107.19564399999871,39.549112000000015],[-107.19556299999873,39.549090000000007],[-107.19548299999872,39.549067999999998],[-107.19540299999872,39.549045999999997],[-107.19535999999871,39.549019999999992],[-107.19532199999873,39.549024000000003],[-107.19531799999871,39.548995000000005],[-107.19527999999872,39.54899799999999],[-107.1952749999987,39.548970000000004],[-107.19523299999872,39.548943999999985],[-107.1951909999987,39.548918999999998],[-107.19514799999872,39.548893000000007],[-107.19513899999872,39.548836000000001],[-107.19509699999871,39.548809999999996],[-107.19505399999871,39.548785000000002],[-107.19501199999873,39.548760000000001],[-107.1949699999987,39.548734000000003],[-107.19496499999872,39.548704999999998],[-107.19492699999871,39.548709000000002],[-107.19488499999872,39.548683000000004],[-107.19483799999873,39.548629000000005],[-107.1947959999987,39.54860399999999],[-107.19474899999871,39.548550000000013],[-107.19474399999874,39.548521000000008],[-107.19469699999873,39.548466999999995],[-107.19461699999871,39.548445000000022],[-107.19461199999871,39.548416000000003],[-107.19456599999872,39.548361],[-107.19451899999873,39.548307000000001],[-107.19448099999872,39.548311000000005],[-107.19447599999873,39.548281999999993],[-107.19447199999874,39.548253000000003],[-107.19446699999872,39.548224000000005],[-107.19442899999873,39.548228000000002],[-107.19442499999873,39.548199000000004],[-107.19438199999874,39.548173000000006],[-107.19429799999874,39.548122999999997],[-107.19421299999873,39.548071999999991],[-107.19420799999874,39.548042999999993],[-107.19416099999873,39.547988999999994],[-107.19412399999874,39.547992000000015],[-107.19408099999873,39.547967],[-107.19403899999872,39.547941000000002],[-107.19387799999873,39.547896999999999],[-107.19387399999873,39.547869000000006],[-107.19379299999872,39.547846999999997],[-107.19375499999873,39.547850000000004],[-107.19375099999874,39.547821000000006],[-107.19370899999872,39.547796000000005],[-107.19366599999871,39.54777],[-107.19362799999874,39.547774000000004],[-107.19342999999874,39.547733000000008],[-107.19338699999874,39.547708000000007],[-107.19331099999873,39.547714999999997],[-107.19327399999874,39.54771800000001],[-107.19323599999872,39.547722000000007],[-107.19315999999874,39.547728000000006],[-107.19304599999872,39.547739000000007],[-107.19289399999872,39.547752000000003],[-107.19289899999872,39.547781000000008],[-107.19286499999873,39.547813000000005],[-107.19282799999874,39.547817000000016],[-107.19278999999872,39.547820000000002],[-107.19271399999872,39.547826999999991],[-107.19263799999874,39.547833999999995],[-107.19256699999872,39.547868999999999],[-107.19249099999872,39.547876000000009],[-107.19241899999872,39.54791199999999],[-107.19238199999873,39.547915000000003],[-107.19234799999872,39.547947000000001],[-107.19227699999874,39.547983000000016],[-107.19216699999873,39.548021999999989],[-107.19209599999873,39.548058000000005],[-107.19201999999872,39.548065000000008],[-107.19198699999872,39.548096999999999],[-107.19195299999872,39.548129000000003],[-107.19191599999873,39.548132000000003],[-107.19191999999872,39.548161],[-107.19188199999874,39.548165000000012],[-107.19188699999872,39.548193000000012],[-107.19189099999872,39.548221999999996],[-107.19185799999872,39.548254],[-107.19186199999874,39.548282999999998],[-107.19182399999872,39.548287000000009],[-107.19179099999872,39.548318999999999],[-107.19175299999874,39.548321999999999],[-107.19171499999872,39.54832600000001],[-107.19167699999873,39.548328999999988],[-107.19163899999872,39.548332000000009],[-107.19163499999873,39.548303999999995],[-107.19155899999873,39.548310000000001],[-107.19147399999872,39.548260000000006],[-107.19139799999873,39.548267000000003],[-107.19139399999872,39.548237999999998],[-107.19131799999873,39.548245000000001],[-107.19127499999874,39.54821900000001],[-107.19119099999874,39.54816799999999],[-107.19110999999874,39.548145999999996],[-107.19107199999874,39.548150000000014],[-107.19106799999874,39.548121000000002],[-107.19102999999873,39.548123999999994],[-107.19099199999873,39.548127999999998],[-107.19098799999875,39.548099000000001],[-107.19094499999873,39.548073999999993],[-107.19090299999874,39.548048000000009],[-107.19089799999874,39.548019000000004],[-107.19093599999874,39.54801599999999],[-107.19096999999873,39.547984],[-107.19096499999876,39.547955000000009],[-107.19100299999873,39.547950999999991],[-107.19099899999874,39.54792299999999],[-107.19103699999873,39.547919],[-107.19107399999874,39.547915999999994],[-107.19106999999873,39.547887000000003],[-107.19114099999875,39.547851000000001],[-107.19117499999874,39.547818999999983],[-107.19121299999875,39.547816000000005],[-107.19120799999874,39.547786999999992],[-107.19127999999874,39.547751000000005],[-107.19131299999873,39.547719000000001],[-107.19134599999875,39.547687000000003],[-107.19138399999872,39.547682999999999],[-107.19137999999873,39.547655000000006],[-107.19141799999873,39.547651000000002],[-107.19141299999875,39.547622000000004],[-107.19145099999874,39.547618999999997],[-107.19144699999873,39.54759],[-107.19148499999874,39.547587],[-107.19151799999874,39.547554999999996],[-107.19151399999875,39.547526000000005],[-107.19155099999873,39.547522000000001],[-107.19158499999874,39.54749000000001],[-107.19157999999872,39.547461000000006],[-107.19157599999872,39.547432999999991],[-107.19164699999874,39.547396999999997],[-107.19168099999872,39.547365000000006],[-107.19171399999874,39.54733199999999],[-107.19170999999875,39.547304000000011],[-107.19173899999873,39.547242999999995],[-107.19177199999874,39.547210000000007],[-107.19176699999873,39.547182000000006],[-107.19176299999873,39.547153000000002],[-107.19179199999874,39.547091999999992],[-107.19182999999872,39.547087999999995],[-107.19182499999873,39.547059999999995],[-107.19182099999874,39.547031000000004],[-107.19181599999872,39.547001999999985],[-107.19184999999872,39.546970000000002],[-107.19184499999874,39.546941000000004],[-107.19187899999872,39.546909000000007],[-107.19190799999872,39.546847999999997],[-107.19193699999873,39.546787000000009],[-107.19193199999872,39.546758000000004],[-107.19192799999873,39.546728999999999],[-107.19196599999873,39.546726000000007],[-107.19196099999873,39.546697000000009],[-107.19198599999872,39.546607000000009],[-107.19201899999874,39.546574999999997],[-107.19205199999874,39.546542999999993],[-107.19208099999874,39.546481000000007],[-107.19211899999873,39.546478000000015],[-107.19211499999872,39.54644900000001],[-107.19215299999873,39.546446000000003],[-107.19214799999874,39.546416999999998],[-107.19221499999873,39.546353000000003],[-107.19221099999872,39.546323999999998],[-107.19224899999874,39.546320000000001],[-107.19224399999872,39.546292000000008],[-107.19228199999873,39.546288000000004],[-107.19227699999874,39.546259000000013],[-107.19231099999872,39.546227000000009],[-107.19234899999873,39.546224000000009],[-107.19234399999873,39.546195000000004],[-107.19233999999872,39.546165999999999],[-107.19233499999874,39.546137000000016],[-107.19233099999872,39.546107999999997],[-107.19232599999873,39.546080000000011],[-107.19232199999874,39.546050999999999],[-107.19227899999873,39.546025],[-107.19223699999873,39.545999999999999],[-107.19222799999874,39.545941999999997],[-107.19218099999874,39.545887999999998],[-107.19209599999873,39.545836999999999],[-107.19204999999873,39.545783],[-107.19200699999874,39.545757999999999],[-107.19196899999872,39.545761000000006],[-107.19196499999872,39.545732000000015],[-107.19192699999874,39.545735999999998],[-107.19188399999874,39.545709999999993],[-107.19184199999872,39.545684999999992],[-107.19180399999874,39.545688000000006],[-107.19132899999873,39.545847999999999],[-107.19132499999874,39.545819000000009],[-107.19131999999873,39.54578999999999],[-107.19128199999874,39.545794000000001],[-107.19124399999873,39.545797000000007],[-107.19120599999873,39.545800999999997],[-107.19116899999874,39.545804000000004],[-107.19113099999875,39.545807000000011],[-107.19109299999873,39.545811],[-107.19105499999876,39.545814000000007],[-107.19097899999875,39.545820999999997],[-107.19094599999873,39.545853000000008],[-107.19094999999874,39.545881999999992],[-107.19087399999873,39.545889000000003],[-107.19084099999874,39.545920999999993],[-107.19080299999875,39.545925000000004],[-107.19076499999873,39.545928000000004],[-107.19072699999873,39.54593100000001],[-107.19065599999875,39.545967000000005],[-107.19065999999874,39.545996000000002],[-107.19062199999874,39.545999000000002],[-107.19058399999875,39.546002999999992],[-107.19054599999873,39.546006000000006],[-107.19047099999874,39.546013000000002],[-107.19043299999875,39.546016000000002],[-107.19039499999873,39.546020000000006],[-107.19035699999876,39.546023000000012],[-107.19031899999874,39.546025999999998],[-107.19028099999875,39.546030000000002],[-107.19027099999875,39.546030999999999],[-107.19024299999873,39.546033000000008],[-107.19020499999874,39.546036999999991],[-107.19009099999874,39.546047000000002],[-107.18997799999875,39.546056999999998],[-107.18994399999873,39.546089000000009],[-107.18986799999875,39.546096000000006],[-107.18983499999875,39.546128000000003],[-107.18983999999874,39.546157000000001],[-107.18980199999875,39.546161000000005],[-107.18969199999873,39.546199999999992],[-107.18962099999874,39.546234999999996],[-107.18954499999873,39.546241999999992],[-107.18943099999873,39.546251999999996],[-107.18932699999876,39.546320000000009],[-107.18928899999874,39.546323999999998],[-107.18921299999873,39.54632999999999],[-107.18917999999874,39.546362999999999],[-107.18918399999875,39.546391],[-107.18914599999873,39.54639499999999],[-107.18911299999874,39.546427000000008],[-107.18907499999874,39.546430000000015],[-107.18900299999873,39.546466000000002],[-107.18896499999875,39.546469000000009],[-107.18888999999874,39.546476000000013],[-107.18882899999873,39.54649400000001],[-107.18874199999875,39.546519000000004],[-107.18862899999876,39.546529000000007],[-107.18859099999874,39.546532000000006],[-107.18855299999873,39.546536000000003],[-107.18851499999873,39.546539000000003],[-107.18847699999876,39.546543000000007],[-107.18843899999875,39.546545999999992],[-107.18840099999875,39.546549000000006],[-107.18835899999875,39.546523999999991],[-107.18832099999875,39.546527000000005],[-107.18827899999874,39.546501999999997],[-107.18824099999875,39.546505000000003],[-107.18819399999873,39.54645099999999],[-107.18815099999875,39.54642599999999],[-107.18810899999876,39.546400000000006],[-107.18810399999875,39.546371999999984],[-107.18806699999875,39.546375000000012],[-107.18802399999875,39.546349999999997],[-107.18798599999874,39.546352999999996],[-107.18797699999875,39.546295000000001],[-107.18793499999876,39.546269999999986],[-107.18789699999876,39.546272999999999],[-107.18789199999875,39.546244999999999],[-107.18784999999875,39.546218999999994],[-107.18781199999874,39.546223000000012],[-107.18776999999875,39.546196999999992],[-107.18772699999874,39.546171999999999],[-107.18768899999876,39.546174999999977],[-107.18768499999875,39.546145999999993],[-107.18764699999875,39.546149999999997],[-107.18760899999874,39.546152999999997],[-107.18756699999875,39.546128000000003],[-107.18752899999875,39.546130999999995],[-107.18748599999876,39.546106000000009],[-107.18744799999877,39.546109000000008],[-107.18736799999876,39.546087000000007],[-107.18732599999875,39.546061999999999],[-107.18732099999876,39.546033000000001],[-107.18728299999874,39.546036000000001],[-107.18727899999875,39.546008000000008],[-107.18723699999876,39.545982000000002],[-107.18719899999876,39.545986000000006],[-107.18715599999875,39.545960000000001],[-107.18711799999875,39.545964000000012],[-107.18707999999874,39.545967000000005],[-107.18704199999875,39.545970000000004],[-107.18696699999876,39.545977000000001],[-107.18692899999876,39.545981000000005],[-107.18689099999877,39.54598399999999],[-107.18685299999875,39.545986999999982],[-107.18680999999874,39.545962000000003],[-107.18672999999875,39.545940000000002],[-107.18665399999875,39.545946999999998],[-107.18661599999875,39.545949999999998],[-107.18654099999877,39.545957000000008],[-107.18645999999875,39.545935],[-107.18642199999876,39.545937999999992],[-107.18638399999875,39.545941999999982],[-107.18630899999874,39.545948999999993],[-107.18622799999876,39.545926999999992],[-107.18618599999876,39.545901000000008],[-107.18614799999877,39.545905000000005],[-107.18610999999875,39.545907999999997],[-107.18610599999874,39.545878999999999],[-107.18606799999877,39.545882999999996],[-107.18602499999876,39.545856999999991],[-107.18598699999875,39.545860999999995],[-107.18594899999874,39.545863999999995],[-107.18594499999875,39.54583499999999],[-107.18590299999875,39.545810000000003],[-107.18582699999875,39.545817000000007],[-107.18582199999875,39.545788000000002],[-107.18578399999875,39.545791000000008],[-107.18574599999874,39.545794999999998],[-107.18570899999875,39.545797999999998],[-107.18566599999875,39.545773000000004],[-107.18562799999876,39.545776000000004],[-107.18562399999877,39.545747000000013],[-107.18558599999875,39.54575100000001],[-107.18554799999876,39.545754000000002],[-107.18554399999876,39.545729000000001],[-107.18554299999875,39.545724999999997],[-107.18550599999875,39.545729000000001],[-107.18546799999875,39.545732000000008],[-107.18546299999875,39.545702999999996],[-107.18545899999874,39.54567500000001],[-107.18545399999876,39.545645999999998],[-107.18541199999875,39.54562],[-107.18537399999876,39.545623999999989],[-107.18536899999874,39.545594999999999],[-107.18532699999876,39.545568999999993],[-107.18524199999877,39.545519000000006],[-107.18519999999876,39.545493000000008],[-107.18515699999877,39.545468],[-107.18511499999875,39.545442000000001],[-107.18502999999876,39.545392],[-107.18499699999876,39.545394999999999],[-107.18499199999876,39.545394999999999],[-107.18494999999876,39.545370000000005],[-107.18486999999877,39.545347999999997],[-107.18483199999876,39.545351000000004],[-107.18479399999876,39.54535400000001],[-107.18475599999876,39.545358],[-107.18471799999877,39.545360999999993],[-107.18467999999876,39.545364999999997],[-107.18468399999877,39.545394000000002],[-107.18465099999877,39.545426000000006],[-107.18461799999876,39.545458000000011],[-107.18454599999876,39.545494000000005],[-107.18451299999876,39.545526000000002],[-107.18443699999877,39.545533000000006],[-107.18440399999876,39.545564999999996],[-107.18436599999876,39.545568000000003],[-107.18433199999876,39.545600000000007],[-107.18429899999876,39.545632999999995],[-107.18426099999877,39.545636000000009],[-107.18422299999877,39.545639000000008],[-107.18422699999877,39.545667999999992],[-107.18418999999876,39.545672000000003],[-107.18415199999878,39.545675000000017],[-107.18411799999876,39.545707000000007],[-107.18412299999876,39.545736000000005],[-107.18408499999876,39.545740000000002],[-107.18408899999876,39.545767999999995],[-107.18405599999876,39.545800999999997],[-107.18401799999876,39.545804000000004],[-107.18402199999876,39.545833000000002],[-107.18398899999876,39.545864999999992],[-107.18399299999876,39.545894000000004],[-107.18395599999876,39.545897000000018],[-107.18396399999877,39.545954999999999],[-107.18393099999878,39.54598699999999],[-107.18393599999877,39.546016000000002],[-107.18393999999877,39.546044999999999],[-107.18394399999876,39.546073],[-107.18394899999876,39.546101999999991],[-107.18391099999876,39.546105999999995],[-107.18387299999877,39.546109000000008],[-107.18380199999878,39.54614500000001],[-107.18376399999876,39.546148000000009],[-107.18372599999877,39.546151999999999],[-107.18368799999877,39.546154999999999],[-107.18361199999876,39.546162000000002],[-107.18357399999876,39.546164999999995],[-107.18353599999877,39.546168999999999],[-107.18349799999876,39.546171999999991],[-107.18346099999876,39.546174999999991],[-107.18342299999877,39.546179000000009],[-107.18336199999877,39.546183999999997],[-107.18334699999876,39.546186000000006],[-107.18327099999877,39.546192000000005],[-107.18319499999876,39.546199000000001],[-107.18311899999877,39.546206000000005],[-107.18308099999877,39.546209000000005],[-107.18308599999877,39.54623800000001],[-107.18304799999876,39.546242000000014],[-107.18297199999877,39.54624800000002],[-107.18289599999876,39.546255000000002],[-107.18285799999877,39.546259000000006],[-107.18281999999877,39.546261999999999],[-107.18278299999876,39.546266000000003],[-107.18274499999876,39.546269000000009],[-107.18266899999877,39.546275999999999],[-107.18263099999878,39.546278999999998],[-107.18259699999876,39.54631100000001],[-107.18255999999876,39.546314999999986],[-107.18252399999876,39.546317999999992],[-107.18252199999877,39.546317999999999],[-107.18248399999877,39.546321999999996],[-107.18244599999876,39.54632500000001],[-107.18236999999877,39.546332],[-107.18233199999878,39.546334999999999],[-107.18221799999877,39.546345000000002],[-107.18214299999877,39.546351999999999],[-107.18206699999877,39.546359000000002],[-107.18199099999876,39.546366000000013],[-107.18199499999876,39.54639499999999],[-107.18195699999877,39.546397999999996],[-107.18191999999878,39.546401000000003],[-107.18184399999878,39.546408],[-107.18180599999877,39.546412000000004],[-107.18172999999878,39.546418000000017],[-107.18165399999877,39.546424999999992],[-107.18157799999878,39.546432000000017],[-107.18150199999877,39.546438999999985],[-107.18146499999878,39.546442000000006],[-107.18138899999877,39.54644900000001],[-107.18138399999877,39.546419999999991],[-107.18134599999878,39.546423999999995],[-107.18130799999878,39.546427000000008],[-107.18130399999878,39.546398000000003],[-107.18122399999878,39.546376000000009],[-107.18110499999878,39.546357999999991],[-107.18106699999878,39.546361000000005],[-107.18099199999878,39.546367999999994],[-107.18083999999878,39.546382000000001],[-107.18072599999878,39.546391999999997],[-107.18068799999878,39.54639499999999],[-107.18064999999878,39.546399000000008],[-107.18061199999877,39.546401999999993],[-107.18061699999878,39.546431000000005],[-107.18057899999877,39.546433999999998],[-107.18046499999878,39.546444000000001],[-107.18042699999877,39.546447999999998],[-107.18035199999878,39.546455000000009],[-107.18031399999877,39.546457999999994],[-107.18023799999878,39.546464999999998],[-107.18020399999878,39.546497000000009],[-107.18016599999878,39.546500000000002],[-107.18012899999877,39.546503999999999],[-107.18009499999877,39.546536000000003],[-107.18006199999878,39.546568000000008],[-107.18002399999878,39.546571999999991],[-107.17998599999878,39.546574999999997],[-107.17998999999878,39.546604000000009],[-107.17995199999878,39.546607000000009],[-107.17991899999878,39.546640000000011],[-107.17988099999877,39.546642999999996],[-107.17984299999878,39.54664600000001],[-107.17977199999878,39.546681999999997],[-107.17977599999878,39.546711000000002],[-107.17973799999878,39.546714000000001],[-107.17970499999878,39.546745999999992],[-107.17967199999877,39.546779000000001],[-107.17963399999877,39.546782],[-107.17959999999877,39.546814000000005],[-107.17960499999877,39.546843000000003],[-107.17956699999878,39.546846000000002],[-107.17953299999878,39.546879000000004],[-107.17946199999878,39.546914000000001],[-107.17946599999878,39.546943000000006],[-107.17943299999878,39.546974999999989],[-107.17943699999877,39.547004000000015],[-107.17939999999878,39.547007999999998],[-107.17936599999878,39.547040000000003],[-107.17933299999878,39.547072000000007],[-107.17929899999878,39.547103999999997],[-107.17922299999877,39.547111000000001],[-107.17918999999878,39.547142999999998],[-107.17911399999878,39.547150000000016],[-107.17904299999877,39.547186000000004],[-107.17900499999878,39.54718900000001],[-107.17900899999877,39.547218000000008],[-107.1789709999988,39.547221000000008],[-107.17893799999878,39.547253000000005],[-107.17889999999878,39.547257000000002],[-107.17886199999877,39.547260000000001],[-107.17882399999878,39.547263999999998],[-107.17878599999878,39.547266999999998],[-107.17874799999879,39.547270999999995],[-107.17871499999879,39.547302999999999],[-107.17867699999879,39.547305999999992],[-107.1786389999988,39.547310000000003],[-107.17856799999879,39.547345],[-107.1784919999988,39.547351999999997],[-107.1784589999988,39.547384000000001],[-107.17842099999879,39.547387999999998],[-107.17838299999879,39.54739099999999],[-107.17834499999879,39.547393999999997],[-107.1783069999988,39.547398000000001],[-107.17826899999879,39.547401000000001],[-107.1781889999988,39.547378999999992],[-107.17818399999879,39.547350000000016],[-107.17817999999879,39.547322000000008],[-107.17814199999879,39.547325000000008],[-107.1781369999988,39.54729600000001],[-107.17808999999879,39.547242000000004],[-107.1780529999988,39.547244999999997],[-107.17800999999879,39.547220000000003],[-107.17800599999879,39.547190999999998],[-107.1779679999988,39.547195000000016],[-107.1779629999988,39.547165999999983],[-107.17795899999879,39.547136999999999],[-107.17795399999879,39.547108000000001],[-107.17791599999879,39.547111999999998],[-107.1778779999988,39.547114999999998],[-107.17780299999879,39.547121999999995],[-107.17776499999879,39.547125000000008],[-107.1777269999988,39.547129000000005],[-107.17761299999879,39.547139000000001],[-107.17749899999879,39.547149000000005],[-107.17746099999879,39.547151999999997],[-107.17746599999879,39.547181000000009],[-107.1774279999988,39.547184999999999],[-107.17738999999879,39.547187999999998],[-107.17735199999879,39.547191000000005],[-107.17731399999879,39.547195000000009],[-107.1772759999988,39.547197999999995],[-107.17728099999879,39.547227000000007],[-107.1772429999988,39.547229999999992],[-107.17720499999879,39.54723400000001],[-107.17716699999879,39.547237000000003],[-107.17712899999879,39.547240999999993],[-107.1770959999988,39.547272999999997],[-107.17705799999879,39.547275999999997],[-107.17701999999879,39.547280000000008],[-107.1769439999988,39.547285999999993],[-107.17690599999879,39.547289999999997],[-107.17686799999879,39.54729300000001],[-107.17682999999879,39.547296999999993],[-107.17675399999879,39.547303000000007],[-107.17671699999879,39.547307000000004],[-107.17667899999879,39.547309999999996],[-107.17660299999879,39.547317],[-107.17656499999879,39.547320999999997],[-107.17652699999879,39.547323999999996],[-107.17645599999879,39.547359999999991],[-107.17641799999879,39.547363000000004],[-107.17637999999879,39.54736599999999],[-107.1763419999988,39.547369999999994],[-107.17626599999879,39.547377000000019],[-107.17622799999879,39.547380000000004],[-107.1761899999988,39.547383000000004],[-107.1760429999988,39.547426000000009],[-107.1760049999988,39.547429000000001],[-107.17593399999879,39.547464999999995],[-107.17589999999879,39.547497],[-107.17586199999879,39.547499999999999],[-107.17582899999879,39.547533000000001],[-107.1757959999988,39.547564999999985],[-107.17579999999879,39.547593999999997],[-107.1757619999988,39.547597000000003],[-107.17576699999879,39.547625999999994],[-107.1757709999988,39.547655000000006],[-107.17577599999879,39.547683999999997],[-107.17573799999879,39.547686999999996],[-107.17574199999879,39.547716000000008],[-107.17570399999879,39.547718999999994],[-107.17570899999879,39.547747999999999],[-107.17571299999879,39.547777000000004],[-107.1757179999988,39.547806000000008],[-107.17572199999879,39.547833999999995],[-107.17572699999879,39.547863],[-107.17573099999879,39.54789199999999],[-107.17573599999879,39.547921000000002],[-107.1757399999988,39.54795],[-107.17574399999879,39.547978000000008],[-107.17574899999879,39.548006999999998],[-107.17575299999881,39.548036000000018],[-107.1757909999988,39.548032999999997],[-107.1757959999988,39.548060999999997],[-107.17583399999879,39.548058000000019],[-107.17583799999879,39.548087000000002],[-107.17587599999879,39.548082999999998],[-107.1758809999988,39.548112000000003],[-107.17592299999879,39.548138000000002],[-107.1759649999988,39.548163000000002],[-107.1759699999988,39.548192000000007],[-107.17600799999879,39.548187999999996],[-107.1760549999988,39.548243000000006],[-107.17605899999879,39.548271999999997],[-107.17606399999879,39.548299999999998],[-107.17606799999879,39.548329000000003],[-107.17607299999879,39.548358],[-107.1760769999988,39.548387000000005],[-107.17608199999879,39.548416000000003],[-107.17608599999879,39.548444000000011],[-107.17609099999879,39.548473000000001],[-107.1760949999988,39.54850200000002],[-107.17605699999879,39.548504999999999],[-107.17606199999879,39.548534000000004],[-107.1760659999988,39.548563000000001],[-107.17607099999879,39.548592000000014],[-107.1760329999988,39.548594999999992],[-107.17603699999879,39.548624000000004],[-107.17604599999879,39.548681999999999],[-107.17605099999879,39.548710000000007],[-107.1760549999988,39.548738999999991],[-107.17609699999879,39.548764999999996],[-107.17610199999879,39.548794000000015],[-107.1761399999988,39.548789999999997],[-107.17614399999879,39.548819000000009],[-107.17614899999879,39.548848],[-107.17615299999879,39.548876999999997],[-107.17619099999879,39.548873],[-107.17619999999879,39.548931000000003],[-107.17620499999879,39.548960000000001],[-107.17621399999879,39.549016999999992],[-107.1762179999988,39.54904599999999],[-107.17622299999879,39.549074999999995],[-107.17622699999879,39.549104],[-107.17623099999879,39.549132000000007],[-107.1762359999988,39.549160999999998],[-107.1762399999988,39.549190000000017],[-107.17624499999879,39.549219000000001],[-107.17624899999879,39.549247999999992],[-107.17625399999879,39.549276000000006],[-107.1762579999988,39.549304999999997],[-107.17630499999879,39.549359999999993],[-107.17630999999879,39.549388],[-107.1763139999988,39.549416999999991],[-107.1763189999988,39.549445999999996],[-107.17632299999879,39.549474999999994],[-107.17636099999879,39.549470999999997],[-107.1763699999988,39.549529],[-107.17641199999879,39.549553999999993],[-107.17641699999879,39.549583000000005],[-107.17645899999879,39.549608999999997],[-107.17650199999879,39.549634000000005],[-107.1765439999988,39.549658999999998],[-107.17654899999879,39.549688000000003],[-107.17655299999879,39.549717000000001],[-107.17659099999879,39.549714000000009],[-107.1765949999988,39.549742000000002],[-107.17659999999879,39.549771],[-107.17660899999879,39.549829000000003],[-107.1766129999988,39.549858],[-107.1766179999988,39.549886000000001],[-107.17662199999879,39.549914999999999],[-107.17662699999879,39.549944000000004],[-107.17663099999879,39.549973000000001],[-107.17663599999879,39.550001999999992],[-107.1766399999988,39.550030999999997],[-107.17664499999879,39.550059000000005],[-107.17661099999879,39.550092000000006],[-107.17661599999879,39.550120000000014],[-107.17661999999879,39.55014899999999],[-107.17658699999879,39.550181000000009],[-107.17659099999879,39.550210000000007],[-107.1765959999988,39.550239000000005],[-107.17659999999879,39.550267999999996],[-107.17660499999879,39.550296999999993],[-107.1765669999988,39.550299999999993],[-107.1765329999988,39.550331999999997],[-107.1764999999988,39.550363999999995],[-107.1764709999988,39.550426000000002],[-107.1764329999988,39.550429000000001],[-107.17639999999879,39.550460999999999],[-107.17636599999879,39.550493000000003],[-107.17632799999879,39.550497000000007],[-107.17633299999879,39.550525999999998],[-107.17629899999879,39.550558000000009],[-107.17626099999879,39.550561000000009],[-107.17622799999879,39.550593000000006],[-107.1761899999988,39.550596999999989],[-107.1761569999988,39.550628999999994],[-107.17608499999879,39.550665000000009],[-107.17605199999879,39.550697000000007],[-107.17598499999879,39.550761000000001],[-107.17598899999879,39.550789999999992],[-107.17595199999879,39.550793000000006],[-107.17591799999879,39.550826000000001],[-107.1758469999988,39.550860999999998],[-107.1758129999988,39.550893999999992],[-107.17577499999879,39.550896999999999],[-107.1756999999988,39.55090400000001],[-107.17566199999879,39.550907000000002],[-107.17550499999881,39.550891999999997],[-107.1754249999988,39.55087000000001],[-107.17534899999879,39.550876999999993],[-107.17515499999881,39.550865000000002],[-107.1750789999988,39.550872000000005],[-107.17500399999881,39.550879000000009],[-107.1749659999988,39.550881999999994],[-107.1749279999988,39.550885000000001],[-107.17488999999881,39.550888999999991],[-107.17485199999881,39.550891999999997],[-107.17477199999881,39.550869999999996],[-107.17473399999881,39.550873999999993],[-107.17461099999881,39.550826000000001],[-107.17457299999879,39.550829999999991],[-107.17449699999881,39.550836000000011],[-107.1744209999988,39.550842999999986],[-107.17434599999879,39.550849999999983],[-107.1743079999988,39.550852999999989],[-107.17426999999881,39.550857000000001],[-107.17423199999881,39.55086],[-107.17419399999881,39.550863999999997],[-107.1741559999988,39.550867000000004],[-107.17411799999881,39.55087000000001],[-107.17407999999881,39.550874000000007],[-107.17408499999881,39.550902999999991],[-107.17404699999879,39.550906000000005],[-107.1740089999988,39.55090899999999],[-107.17401299999881,39.550938000000009],[-107.1739369999988,39.550944999999999],[-107.17389899999881,39.550947999999998],[-107.17382799999879,39.550984000000007],[-107.1737899999988,39.550986999999999],[-107.17371899999881,39.551023000000001],[-107.17368099999881,39.551026999999998],[-107.1736429999988,39.551030000000004],[-107.1736049999988,39.55103299999999],[-107.17352899999879,39.55104],[-107.1734909999988,39.551043999999997],[-107.1734869999988,39.551014999999992],[-107.17344899999881,39.551018000000006],[-107.17344399999881,39.550988999999994],[-107.17340199999879,39.550964000000008],[-107.17339799999881,39.55093500000001],[-107.17339299999881,39.550905999999998],[-107.17338899999881,39.550876999999986],[-107.1733839999988,39.550848999999999],[-107.1733749999988,39.550791000000004],[-107.17337099999881,39.550762000000006],[-107.17336599999881,39.550733000000001],[-107.1733239999988,39.550707999999993],[-107.17328099999881,39.550682999999999],[-107.17327299999879,39.550624999999989],[-107.17322999999881,39.550600000000003],[-107.1731789999988,39.550516999999999],[-107.17314099999881,39.550519999999999],[-107.17313599999879,39.550491000000001],[-107.17309399999881,39.550466000000007],[-107.17305599999881,39.550469000000007],[-107.17297099999881,39.550418000000008],[-107.17285299999881,39.550400000000003],[-107.17284899999881,39.550371000000005],[-107.1728109999988,39.550373999999991],[-107.1728059999988,39.550344999999986],[-107.17198299999882,39.550244000000006],[-107.17194499999881,39.550246999999999],[-107.17190699999882,39.550251000000003],[-107.17186899999881,39.550254000000002],[-107.17183099999882,39.550257999999999],[-107.1717929999988,39.550260999999999],[-107.17171799999882,39.55026800000001],[-107.17167999999882,39.550271000000002],[-107.17164199999883,39.550274999999992],[-107.17163699999882,39.550245999999987],[-107.17155699999883,39.550224000000014],[-107.17151899999881,39.550227],[-107.1714429999988,39.550234000000003],[-107.17143899999881,39.550204999999991],[-107.17140099999882,39.550209000000002],[-107.17132099999883,39.550186999999994],[-107.17127799999882,39.550160999999996],[-107.17123999999882,39.550165],[-107.17120199999881,39.550168000000006],[-107.17116399999883,39.550170999999999],[-107.17112599999882,39.550175000000003],[-107.17105099999883,39.550182],[-107.17101299999881,39.550184999999999],[-107.17097499999882,39.550187999999999],[-107.17093699999882,39.55019200000001],[-107.17089899999883,39.550195000000002],[-107.17086099999882,39.550198999999999],[-107.17082299999882,39.550201999999992],[-107.17074699999881,39.550209000000009],[-107.1706709999988,39.550216000000006],[-107.17059999999881,39.550251000000003],[-107.17056199999882,39.550255],[-107.1704909999988,39.550290000000004],[-107.17041899999882,39.550326000000005],[-107.17041599999882,39.550325999999998],[-107.17038199999882,39.550328999999991],[-107.17034799999881,39.550361999999993],[-107.17034799999881,39.550361999999993],[-107.17027699999882,39.550396999999997],[-107.17020499999882,39.550433000000005],[-107.17017199999881,39.55046500000001],[-107.17013899999881,39.550497000000007],[-107.17006699999882,39.550532999999994],[-107.17003399999882,39.550564999999999],[-107.17003799999883,39.550594000000004],[-107.16996199999882,39.550600999999986],[-107.1699239999988,39.550604],[-107.16992899999882,39.550632999999983],[-107.16989099999883,39.550636000000004],[-107.16985799999883,39.550668999999999],[-107.16986199999882,39.550697000000007],[-107.16982399999883,39.550701000000004],[-107.16979099999881,39.550732999999994],[-107.16975699999882,39.550764999999998],[-107.16972399999882,39.55079700000001],[-107.16972799999883,39.550826000000001],[-107.16973299999881,39.550854999999999],[-107.16969499999882,39.550858000000005],[-107.16966099999883,39.550891000000007],[-107.16966599999881,39.550918999999993],[-107.16963199999881,39.550952000000009],[-107.16963699999881,39.550980000000003],[-107.16960299999882,39.551013000000005],[-107.16956999999881,39.551045000000002],[-107.1695739999988,39.551074000000007],[-107.16957899999882,39.551101999999986],[-107.16954599999882,39.551135000000016],[-107.16954999999882,39.551164000000007],[-107.16951699999882,39.551196000000004],[-107.16952099999882,39.551225000000009],[-107.16952599999883,39.551252999999996],[-107.16949199999881,39.551286000000012],[-107.1694629999988,39.551347],[-107.16946799999882,39.551375000000007],[-107.16943399999882,39.551408000000009],[-107.16943899999882,39.551435999999995],[-107.16940099999881,39.551439999999992],[-107.16940499999882,39.551468999999997],[-107.16937199999882,39.551501000000002],[-107.16937599999882,39.551530000000007],[-107.16934299999882,39.551562000000004],[-107.16934699999882,39.551591000000002],[-107.16935199999882,39.551618999999995],[-107.16931799999881,39.551651999999997],[-107.16928499999882,39.551684000000009],[-107.16925099999882,39.551715999999992],[-107.16925599999882,39.551744999999997],[-107.16925999999883,39.551774000000002],[-107.16922199999883,39.551777000000008],[-107.16922699999883,39.551805999999999],[-107.16923099999882,39.55183499999999],[-107.16919799999881,39.551867000000001],[-107.16920199999882,39.551895999999999],[-107.16916899999883,39.551927999999997],[-107.16913099999883,39.55193100000001],[-107.16913599999882,39.551960000000001],[-107.16913999999881,39.551988999999999],[-107.16914499999882,39.55201799999999],[-107.16914899999882,39.552046999999995],[-107.16911099999882,39.552049999999994],[-107.16911599999884,39.552079000000006],[-107.16911999999884,39.552108000000004],[-107.16908199999884,39.552111000000011],[-107.16908699999883,39.552140000000001],[-107.16904899999882,39.552142999999994],[-107.16901499999882,39.552176000000003],[-107.16898199999882,39.552208000000007],[-107.16898599999884,39.552236999999998],[-107.16894799999884,39.552239999999991],[-107.16891499999882,39.552272000000002],[-107.16891899999882,39.552301],[-107.16884799999883,39.552337000000001],[-107.16885299999882,39.552365000000009],[-107.16881899999883,39.55239799999999],[-107.16882399999884,39.55242599999999],[-107.16878599999882,39.552430000000001],[-107.16878999999882,39.552459000000006],[-107.16868999999883,39.552555000000005],[-107.16865599999883,39.552587000000003],[-107.16866099999882,39.552616],[-107.16866499999882,39.552644999999984],[-107.16866999999884,39.552674000000003],[-107.16867399999883,39.552703000000008],[-107.16867899999882,39.552731999999999],[-107.16868299999884,39.552759999999999],[-107.16868799999884,39.55278899999999],[-107.16869199999883,39.552818000000009],[-107.16869699999883,39.552847],[-107.16870099999883,39.552875999999998],[-107.16870599999882,39.552903999999998],[-107.16870999999882,39.552932999999996],[-107.16874799999883,39.552930000000011],[-107.16879499999884,39.552984000000002],[-107.16879899999884,39.553013000000007],[-107.16880799999882,39.553069999999991],[-107.16881299999883,39.553099000000003],[-107.16881699999884,39.553128000000001],[-107.16885999999883,39.553152999999995],[-107.16886399999883,39.553182],[-107.16894399999883,39.553203999999994],[-107.16894899999883,39.553232999999999],[-107.16898699999884,39.553229999999999],[-107.16904299999884,39.553342000000001],[-107.16908099999883,39.553338000000004],[-107.16908499999883,39.553367000000001],[-107.16909399999884,39.553424999999997],[-107.16909799999883,39.55345299999999],[-107.16910299999883,39.553481999999995],[-107.16914099999883,39.55347900000001],[-107.16917899999881,39.553474999999999],[-107.16921699999882,39.553472000000006],[-107.16925499999883,39.553469000000014],[-107.16929299999882,39.553464999999996],[-107.16940199999881,39.553426000000002],[-107.16939699999882,39.55339699999999],[-107.16943499999881,39.553394000000004],[-107.16946899999883,39.553362],[-107.16950699999882,39.553358000000003],[-107.16953999999882,39.553325999999991],[-107.16957799999881,39.553323000000006],[-107.16961599999883,39.553318999999995],[-107.16964899999883,39.55328699999999],[-107.16972499999882,39.553279999999994],[-107.16979699999881,39.55324499999999],[-107.16987199999882,39.553237999999993],[-107.16990599999882,39.55320600000001],[-107.16993499999882,39.553145000000001],[-107.16997299999881,39.553140999999997],[-107.17000599999881,39.553109000000006],[-107.17004399999882,39.553106],[-107.17007799999882,39.553073000000005],[-107.17011499999882,39.553069999999991],[-107.17015299999882,39.553067000000013],[-107.1701489999988,39.553038000000008],[-107.1701819999988,39.553006000000011],[-107.17021499999882,39.552974000000006],[-107.17021599999882,39.552973000000001],[-107.17025399999882,39.552970000000002],[-107.17029199999882,39.552966999999995],[-107.17032499999883,39.552934],[-107.17039599999882,39.552898999999996],[-107.17039199999883,39.552869999999999],[-107.17046799999882,39.552863000000002],[-107.17050099999882,39.552831000000005],[-107.17053899999883,39.552827999999991],[-107.17053499999882,39.552799000000014],[-107.17060199999882,39.552734000000008],[-107.17063499999882,39.552701999999989],[-107.17066799999883,39.552669999999999],[-107.17070199999881,39.552638000000002],[-107.17073499999881,39.552605],[-107.17076899999883,39.55257300000001],[-107.17079799999881,39.552511999999993],[-107.17083599999881,39.552508999999993],[-107.17086899999882,39.552477000000003],[-107.17090199999882,39.552443999999987],[-107.17093599999882,39.552411999999997],[-107.17096899999882,39.552379999999999],[-107.17100299999881,39.552347999999988],[-107.17103599999882,39.552316000000005],[-107.17106999999882,39.552283000000003],[-107.17114099999883,39.552247999999999],[-107.17121199999882,39.552211999999997],[-107.17128399999882,39.552175999999996],[-107.17131699999882,39.552144000000006],[-107.17135099999881,39.552111999999994],[-107.17138899999883,39.552109000000002],[-107.17142199999883,39.552076000000007],[-107.17142099999882,39.552067000000008],[-107.17141799999882,39.552047999999999],[-107.17145099999883,39.552015000000004],[-107.17148899999881,39.552011999999998],[-107.17148399999881,39.551983],[-107.17152199999882,39.55198],[-107.17155999999882,39.551976000000003],[-107.17163599999883,39.551969999999997],[-107.17167399999882,39.551966000000007],[-107.17171199999882,39.551963000000001],[-107.17179199999882,39.551985000000009],[-107.17183499999882,39.552010000000003],[-107.17187299999881,39.552007000000003],[-107.17191499999882,39.55203199999999],[-107.17195299999881,39.552028999999997],[-107.17195699999881,39.552057999999995],[-107.1719999999988,39.552082999999996],[-107.17204199999883,39.552107999999997],[-107.1720849999988,39.552133999999995],[-107.17212199999882,39.552129999999991],[-107.17216899999882,39.552184999999994],[-107.17220699999882,39.552180999999983],[-107.17224999999883,39.55220700000001],[-107.17229199999881,39.552231999999997],[-107.17236799999883,39.552225000000014],[-107.17244799999881,39.552246999999994],[-107.17252799999879,39.552269000000003],[-107.17253299999882,39.552298],[-107.1726089999988,39.552290999999983],[-107.17266799999881,39.552306999999992],[-107.17267399999881,39.552308999999994],[-107.17268899999881,39.552312999999991],[-107.17269099999881,39.552328000000003],[-107.1726939999988,39.552342000000003],[-107.17271899999881,39.552357000000001],[-107.17273599999881,39.552367000000011],[-107.1727779999988,39.552392999999995],[-107.17282099999881,39.552417999999996],[-107.17286299999881,39.552443999999994],[-107.1729009999988,39.552439999999997],[-107.17293899999881,39.552437000000005],[-107.1729809999988,39.552462000000006],[-107.1730189999988,39.552459000000013],[-107.17305699999881,39.552455000000009],[-107.1730949999988,39.552452000000009],[-107.17313299999881,39.552448999999996],[-107.1731709999988,39.552445000000013],[-107.17328499999881,39.55243500000001],[-107.1733229999988,39.552431999999996],[-107.17339899999881,39.552425000000007],[-107.17347399999881,39.552417999999996],[-107.17351199999881,39.552415000000011],[-107.17354999999881,39.552410999999999],[-107.1735879999988,39.552408],[-107.17362599999881,39.552404000000003],[-107.17366399999881,39.552401000000003],[-107.1737779999988,39.552391],[-107.17381599999881,39.552386999999996],[-107.17389599999881,39.552408999999997],[-107.17393399999881,39.552405999999998],[-107.17400999999879,39.552399000000008],[-107.17404799999881,39.552396000000002],[-107.17408999999881,39.55242100000001],[-107.1741279999988,39.552417999999996],[-107.17416599999881,39.552413999999999],[-107.1741699999988,39.552442999999997],[-107.1742129999988,39.552469000000002],[-107.17425499999881,39.552493999999996],[-107.17429299999881,39.552491000000011],[-107.1742979999988,39.552519000000004],[-107.1743439999988,39.552574000000007],[-107.17434899999881,39.552602],[-107.1743529999988,39.552631000000005],[-107.17439099999879,39.552627999999999],[-107.17439599999881,39.552656999999989],[-107.17439999999881,39.552685999999994],[-107.1744429999988,39.552710999999988],[-107.17448499999881,39.552735999999996],[-107.1745269999988,39.552762000000001],[-107.17456499999879,39.55275799999999],[-107.1745609999988,39.552730000000004],[-107.17459899999881,39.552726],[-107.17463699999881,39.552722999999993],[-107.17466999999881,39.552689999999998],[-107.17474099999879,39.552655000000009],[-107.17481699999881,39.552648000000005],[-107.1749269999988,39.55260899999999],[-107.17499799999881,39.552572999999995],[-107.17504899999881,39.552554999999991],[-107.1751069999988,39.552534000000009],[-107.1751409999988,39.55250199999999],[-107.17513599999879,39.552472999999999],[-107.1751739999988,39.552470000000007],[-107.1751699999988,39.552441000000002],[-107.1752029999988,39.55240899999999],[-107.17527399999881,39.55237300000001],[-107.17530799999881,39.552340999999998],[-107.17530299999881,39.552312000000008],[-107.17530199999879,39.552306000000009],[-107.1752989999988,39.55228300000001],[-107.17533699999881,39.55228000000001],[-107.17536999999881,39.552247999999999],[-107.17540799999881,39.552243999999988],[-107.17547999999879,39.552208999999991],[-107.17551699999879,39.552205000000001],[-107.17555099999879,39.55217300000001],[-107.17558899999881,39.552169999999997],[-107.17562699999881,39.552166],[-107.17566899999881,39.552191999999998],[-107.1757119999988,39.552216999999992],[-107.17575399999879,39.552243000000011],[-107.17575799999879,39.55227099999999],[-107.1757629999988,39.552300000000002],[-107.1757669999988,39.552329000000007],[-107.17577199999879,39.552357999999998],[-107.17577599999879,39.552387000000003],[-107.17578099999879,39.552415999999994],[-107.1757849999988,39.552443999999994],[-107.1757899999988,39.552472999999999],[-107.17579399999879,39.552501999999997],[-107.17579899999879,39.552531000000009],[-107.17580299999879,39.55256],[-107.17580799999881,39.552587999999993],[-107.1757789999988,39.552649000000002],[-107.1757119999988,39.552714000000002],[-107.17571599999879,39.552743],[-107.1756829999988,39.552775000000004],[-107.17564899999881,39.552807000000008],[-107.17565799999879,39.552864999999997],[-107.1756199999988,39.552867999999989],[-107.1756249999988,39.552897000000002],[-107.17563399999881,39.552955000000004],[-107.17563799999881,39.552983000000005],[-107.17559999999881,39.552987000000002],[-107.1756049999988,39.553016000000007],[-107.17556699999881,39.553018999999999],[-107.17553799999881,39.553080000000008],[-107.17549999999879,39.553082999999994],[-107.17550499999881,39.553111999999992],[-107.1754759999988,39.553173000000008],[-107.17543799999881,39.553176999999998],[-107.17544199999881,39.553204999999998],[-107.1753709999988,39.553241],[-107.17533699999881,39.55327299999999],[-107.17530399999879,39.553305000000002],[-107.17530799999881,39.553334000000007],[-107.1752709999988,39.553337999999997],[-107.1752369999988,39.553370000000008],[-107.1752419999988,39.553399000000006],[-107.17524599999881,39.553427999999997],[-107.17525099999881,39.553455999999997],[-107.17521299999881,39.553460000000001],[-107.17517899999881,39.553491999999991],[-107.1751459999988,39.553524000000003],[-107.17514999999881,39.553553000000008],[-107.1751119999988,39.553556],[-107.17511699999881,39.553585000000005],[-107.1750789999988,39.553589000000009],[-107.17508299999879,39.553617000000003],[-107.17504999999881,39.553649999999998],[-107.17501599999881,39.553681999999988],[-107.1749829999988,39.553714000000006],[-107.17491199999881,39.553750000000001],[-107.1749159999988,39.553778000000001],[-107.17487799999881,39.553781999999991],[-107.1748829999988,39.553810999999996],[-107.17484499999881,39.553814000000003],[-107.1748489999988,39.553842999999993],[-107.1747779999988,39.553878999999995],[-107.17474499999881,39.553910999999999],[-107.17471099999881,39.553942999999997],[-107.1746729999988,39.553945999999996],[-107.17467799999881,39.553975000000001],[-107.1746399999988,39.553978999999991],[-107.17464399999881,39.554006999999991],[-107.17461099999881,39.554039999999993],[-107.17457299999879,39.554042999999993],[-107.17450099999881,39.554079000000016],[-107.17446799999881,39.554111000000006],[-107.17443499999881,39.554143000000003],[-107.17443899999881,39.554172000000008],[-107.17444399999879,39.554200999999992],[-107.1744099999988,39.554233000000018],[-107.1744149999988,39.554262000000016],[-107.1743809999988,39.554293999999999],[-107.1743479999988,39.554325999999996],[-107.1743139999988,39.554357999999993],[-107.17427599999881,39.554362000000012],[-107.17424299999881,39.554394000000002],[-107.1741719999988,39.554430000000011],[-107.17413799999881,39.554462000000001],[-107.17414299999881,39.554490999999999],[-107.1740709999988,39.554526000000003],[-107.1740379999988,39.554558000000007],[-107.17400399999879,39.554591000000002],[-107.1739659999988,39.554594000000009],[-107.1739709999988,39.554622999999992],[-107.1739369999988,39.55465499999999],[-107.17389999999881,39.554658000000003],[-107.1739039999988,39.554686999999987],[-107.17386599999881,39.554691000000005],[-107.17383299999881,39.554723000000003],[-107.17379899999881,39.554755000000007],[-107.17376599999881,39.554787000000005],[-107.17376999999881,39.554815999999995],[-107.17373199999881,39.554819999999999],[-107.17373699999881,39.554847999999986],[-107.17369899999879,39.554852000000004],[-107.17366499999881,39.554884000000001],[-107.17366999999881,39.554912999999992],[-107.1736319999988,39.554915999999984],[-107.1735989999988,39.55494800000001],[-107.17360299999881,39.554977000000001],[-107.17356999999879,39.555008999999991],[-107.1735359999988,39.555042000000007],[-107.17354099999881,39.555070000000001],[-107.1735029999988,39.555074000000005],[-107.17347399999881,39.555135],[-107.1734359999988,39.555138000000007],[-107.17343999999881,39.55516699999999],[-107.17344499999881,39.555195999999988],[-107.17344899999881,39.555225],[-107.17341099999881,39.555228000000014],[-107.17341599999881,39.555256999999997],[-107.1734199999988,39.555286000000002],[-107.1734199999988,39.555287],[-107.1734249999988,39.555315],[-107.17342899999881,39.555343000000001],[-107.17343799999881,39.55540100000001],[-107.17343899999879,39.555406000000005],[-107.17344299999881,39.555430000000015],[-107.17340499999881,39.555433000000001],[-107.17340899999881,39.555461999999999],[-107.1734139999988,39.555491000000004],[-107.1734179999988,39.555520000000001],[-107.17342299999881,39.555548000000016],[-107.17342699999881,39.555577],[-107.17343199999881,39.555605999999997],[-107.1734029999988,39.555667000000007],[-107.1734069999988,39.555696000000005],[-107.1733739999988,39.555728000000002],[-107.17337799999881,39.555757],[-107.17338299999881,39.555785999999998],[-107.17338699999881,39.555815000000017],[-107.1733919999988,39.555843000000003],[-107.17339599999879,39.555872000000001],[-107.1734009999988,39.555901000000006],[-107.17340499999881,39.555929999999989],[-107.17340999999881,39.555958999999994],[-107.1734139999988,39.555987000000002],[-107.1734189999988,39.556015999999993],[-107.17342299999881,39.556045000000005],[-107.1734249999988,39.556059000000005],[-107.17342799999881,39.55607400000001],[-107.1734649999988,39.556070000000005],[-107.1734699999988,39.55609900000001],[-107.17347399999881,39.556128000000001],[-107.17347899999881,39.556156999999999],[-107.17351699999881,39.556153000000009],[-107.1735209999988,39.556182],[-107.1735259999988,39.55621099999999],[-107.17352999999881,39.556240000000003],[-107.17357299999881,39.556264999999996],[-107.1735769999988,39.556294000000015],[-107.17358499999881,39.556299000000003],[-107.17361899999881,39.556319999999999],[-107.17362399999881,39.556348],[-107.1736279999988,39.556376999999991],[-107.1736659999988,39.556373999999998],[-107.17367099999881,39.556403000000003],[-107.17371299999881,39.556428000000004],[-107.1737179999988,39.556457000000002],[-107.1737559999988,39.556452999999998],[-107.17375999999881,39.556482000000003],[-107.17379799999881,39.556479000000017],[-107.17380299999881,39.556507999999994],[-107.1738399999988,39.556503999999997],[-107.17388299999881,39.556530000000002],[-107.17392899999881,39.556542],[-107.17396299999879,39.556552000000011],[-107.17400599999881,39.556576999999997],[-107.17408599999879,39.556598999999984],[-107.1741619999988,39.556592000000002],[-107.17416599999881,39.556621000000014],[-107.17417099999881,39.556650000000005],[-107.17417499999881,39.556679000000003],[-107.17417999999881,39.556707000000003],[-107.1741889999988,39.556765000000013],[-107.17419299999881,39.556793999999989],[-107.17419799999881,39.556823000000001],[-107.1742019999988,39.556851999999992],[-107.1742069999988,39.556880000000007],[-107.17421099999881,39.556908999999997],[-107.17421999999881,39.556967000000007],[-107.1742239999988,39.556995999999991],[-107.1742289999988,39.557023999999998],[-107.17423299999881,39.55705300000001],[-107.17423799999881,39.557082000000008],[-107.17424199999881,39.557111000000006],[-107.1742469999988,39.557139999999983],[-107.17425599999881,39.557197000000002],[-107.1742599999988,39.557226],[-107.17426499999881,39.557255000000005],[-107.1742689999988,39.55728400000001],[-107.1742739999988,39.55731200000001],[-107.17427799999881,39.557341000000001],[-107.17428299999881,39.557369999999999],[-107.17428699999881,39.55739899999999],[-107.1743299999988,39.557423999999997],[-107.17433399999881,39.557453000000017],[-107.1743809999988,39.557507000000001],[-107.17438499999881,39.557535999999999],[-107.17439399999881,39.557594000000002],[-107.1744319999988,39.557589999999998],[-107.1744369999988,39.55761900000001],[-107.17444099999881,39.557648],[-107.17444599999881,39.557676999999998],[-107.1744879999988,39.557701999999992],[-107.1744929999988,39.557730999999997],[-107.17449699999881,39.557760000000016],[-107.17450199999881,39.557789000000007],[-107.1745389999988,39.557785000000003],[-107.1745439999988,39.557813999999993],[-107.17454799999881,39.557842999999998],[-107.17455299999881,39.557871999999996],[-107.1745569999988,39.557901000000008],[-107.1745949999988,39.557896999999997],[-107.1745999999988,39.557926000000009],[-107.17460399999879,39.557955],[-107.17460899999881,39.557983999999998],[-107.1746129999988,39.558012000000005],[-107.1746179999988,39.55804100000001],[-107.17462199999881,39.558070000000001],[-107.17462699999881,39.558098999999999],[-107.17463099999881,39.558128000000004],[-107.17463599999881,39.55815599999999],[-107.1746399999988,39.558185000000002],[-107.17464899999879,39.558242999999997],[-107.17465399999881,39.558272000000002],[-107.1746579999988,39.558300000000003],[-107.1746629999988,39.558328999999993],[-107.17466699999881,39.558357999999991],[-107.17467099999881,39.558387000000003],[-107.17467599999881,39.558416000000008],[-107.1746799999988,39.558444999999999],[-107.1746469999988,39.558476999999996],[-107.17465099999879,39.558506000000015],[-107.17465599999881,39.558534000000002],[-107.17465999999881,39.558562999999999],[-107.17462699999881,39.558595000000004],[-107.17463099999881,39.558619000000007],[-107.17463099999881,39.558624000000002],[-107.17463599999881,39.558653],[-107.17459799999881,39.558655999999992],[-107.17460299999881,39.55868499999999],[-107.17456899999881,39.558716999999987],[-107.17457399999881,39.558745999999992],[-107.1745779999988,39.558774999999997],[-107.17458199999881,39.558804000000009],[-107.17458699999881,39.558833000000007],[-107.17459099999881,39.558861000000014],[-107.1745959999988,39.558889999999998],[-107.1745999999988,39.558919000000003],[-107.17460499999881,39.558948000000015],[-107.17460899999881,39.558976999999999],[-107.17461399999881,39.559006000000004],[-107.1746179999988,39.559034000000004],[-107.1746229999988,39.559062999999995],[-107.17462699999881,39.559092000000014],[-107.17463199999881,39.559120999999998],[-107.1746739999988,39.559145999999991],[-107.17471699999881,39.559172000000011],[-107.17472099999881,39.559200000000011],[-107.1747299999988,39.559257999999986],[-107.17473899999879,39.55931600000001],[-107.1747809999988,39.559341000000003],[-107.17478599999879,39.559370000000001],[-107.17478899999881,39.55939],[-107.17568999999881,39.559882000000002],[-107.1761669999988,39.560335000000009],[-107.1773049999988,39.560236000000003],[-107.17731799999879,39.560234000000001],[-107.17838199999879,39.560740999999993],[-107.17838299999879,39.560740999999993],[-107.17842099999879,39.560738000000008],[-107.17853499999879,39.560727999999997],[-107.1786099999988,39.560721000000001],[-107.17864799999879,39.560716999999997],[-107.17868599999879,39.56071399999999],[-107.1787619999988,39.560707000000001],[-107.1788419999988,39.560728999999995],[-107.1788799999988,39.56072600000001],[-107.17895599999879,39.560718999999999],[-107.17896099999879,39.560747999999997],[-107.1789989999988,39.560743999999993],[-107.17903699999877,39.560740999999993],[-107.17904099999878,39.560770000000005],[-107.17904499999879,39.560799000000003],[-107.1790499999988,39.560827000000003],[-107.17905399999879,39.560856000000008],[-107.17905899999879,39.560885000000006],[-107.17906299999878,39.560913999999997],[-107.17906799999878,39.560942999999995],[-107.1790719999988,39.560971999999992],[-107.1790769999988,39.561000000000007],[-107.17908099999877,39.561029000000005],[-107.17908599999878,39.56105800000001],[-107.17908999999878,39.561087000000001],[-107.17909899999879,39.561143999999999],[-107.17910399999879,39.561173000000004],[-107.17910799999879,39.561202000000002],[-107.17911299999879,39.561230999999999],[-107.17915499999877,39.561255999999986],[-107.17916399999878,39.561314000000003],[-107.17920599999877,39.561339000000011],[-107.17921099999877,39.561367999999995],[-107.17925299999878,39.561392999999995],[-107.17929599999877,39.561418999999994],[-107.17933799999878,39.561444000000002],[-107.17934699999878,39.561502000000004],[-107.17938999999878,39.561526999999991],[-107.17943199999878,39.561553000000004],[-107.17947399999878,39.56157799999999],[-107.17951699999878,39.561604000000003],[-107.17952099999877,39.561632000000017],[-107.17956399999878,39.561658000000008],[-107.17956799999878,39.561687000000006],[-107.17964799999878,39.561709],[-107.17965299999878,39.561737000000008],[-107.17965699999878,39.561765999999999],[-107.17966199999877,39.561794999999989],[-107.17966599999878,39.561824000000001],[-107.17967099999878,39.561853000000006],[-107.17967499999878,39.561881],[-107.17967999999878,39.56190999999999],[-107.17964599999878,39.561942000000009],[-107.17960799999878,39.561945999999999],[-107.17957499999878,39.561978000000003],[-107.17954599999878,39.562038999999999],[-107.1795169999988,39.562100000000008],[-107.17948399999878,39.562131999999998],[-107.17948799999878,39.562160999999996],[-107.17942599999878,39.562253999999996],[-107.17942999999877,39.562283000000001],[-107.17939699999877,39.562315000000005],[-107.17940099999878,39.562344000000003],[-107.17936299999877,39.562347999999993],[-107.17932999999877,39.56237999999999],[-107.17929599999877,39.562412000000002],[-107.17926299999878,39.562443999999999],[-107.17923399999879,39.562505000000002],[-107.1792009999988,39.562538000000011],[-107.17916299999878,39.562540999999996],[-107.1791669999988,39.562570000000001],[-107.1791289999988,39.562572999999993],[-107.1791339999988,39.562601999999998],[-107.1791289999988,39.562606000000002],[-107.1790999999988,39.562634000000003],[-107.17906199999879,39.562637999999993],[-107.17903599999879,39.562663000000001],[-107.17902899999879,39.562670000000004],[-107.1790099999988,39.562671999999999],[-107.17899099999879,39.562672999999997],[-107.17898499999879,39.562679000000003],[-107.17895799999879,39.562704999999994],[-107.17892399999879,39.562738000000017],[-107.1788859999988,39.562740999999995],[-107.17889099999879,39.562770000000008],[-107.1788529999988,39.562773000000007],[-107.1788189999988,39.562804999999997],[-107.17878099999879,39.562809000000009],[-107.17874799999879,39.562841000000006],[-107.17870999999879,39.562843999999991],[-107.17871399999879,39.562873000000003],[-107.17864299999879,39.562908999999991],[-107.17864799999879,39.562938000000003],[-107.1786099999988,39.562941000000002],[-107.17861399999879,39.562970000000007],[-107.1785429999988,39.563005999999994],[-107.1785089999988,39.563038000000006],[-107.1784759999988,39.56307000000001],[-107.17843799999879,39.56307300000001],[-107.1784419999988,39.563101999999994],[-107.17829999999879,39.563172999999999],[-107.1782619999988,39.563176999999996],[-107.17819499999879,39.563240999999998],[-107.1781989999988,39.56327000000001],[-107.17816099999879,39.563274000000007],[-107.17812799999879,39.563306000000004],[-107.17813299999879,39.563335000000009],[-107.1781369999988,39.563363000000003],[-107.17814199999879,39.563392000000007],[-107.17814599999879,39.563420999999998],[-107.17814999999879,39.56345000000001],[-107.1781549999988,39.563479000000001],[-107.17815899999879,39.563507000000001],[-107.17816399999879,39.563536000000013],[-107.17816799999879,39.563564999999997],[-107.1782059999988,39.563561999999997],[-107.1782109999988,39.563590000000005],[-107.17821499999879,39.563618999999996],[-107.17821999999879,39.563648000000001],[-107.17822399999879,39.563677000000006],[-107.1782619999988,39.563673000000009],[-107.1782669999988,39.563701999999999],[-107.17830899999879,39.563727999999998],[-107.17831399999879,39.563756000000005],[-107.1783179999988,39.563785000000003],[-107.17832199999879,39.563814000000001],[-107.17835999999879,39.563811000000008],[-107.17836499999879,39.563840000000013],[-107.1783689999988,39.563867999999999],[-107.1783739999988,39.563896999999997],[-107.17837799999879,39.563926000000002],[-107.17838299999879,39.563955],[-107.17838699999879,39.563983999999998],[-107.17839199999879,39.564011999999998],[-107.1783959999988,39.56404100000001],[-107.17840099999879,39.564070000000001],[-107.17840499999879,39.564099000000006],[-107.17840999999879,39.564127999999997],[-107.1784139999988,39.564156000000004],[-107.1784189999988,39.564185000000002],[-107.17842299999879,39.564214000000007],[-107.17842799999879,39.564242999999991],[-107.17843199999879,39.564272000000003],[-107.17843699999879,39.564300000000003],[-107.1784409999988,39.564329000000001],[-107.17844599999879,39.564357999999999],[-107.17844999999879,39.564387000000011],[-107.17845499999879,39.564416000000008],[-107.17842099999879,39.564447999999992],[-107.17842599999879,39.564476999999997],[-107.1784299999988,39.564506000000009],[-107.17843499999879,39.564534000000002],[-107.1783969999988,39.564537999999992],[-107.17840099999879,39.564566999999997],[-107.17832999999879,39.564602000000008],[-107.1783339999988,39.564631000000013],[-107.17821999999879,39.564641000000009],[-107.17814499999879,39.564648000000005],[-107.17810699999879,39.564650999999991],[-107.17806899999879,39.564654999999995],[-107.1780309999988,39.564657999999994],[-107.1779129999988,39.56463999999999],[-107.17787499999879,39.564642999999997],[-107.17783699999879,39.564646000000018],[-107.17779899999879,39.56465],[-107.1777609999988,39.564653000000007],[-107.17771799999879,39.564627999999999],[-107.1776809999988,39.564631000000006],[-107.17759999999879,39.564609000000011],[-107.1775579999988,39.564584000000011],[-107.17751999999879,39.564587000000003],[-107.17747699999879,39.564562000000002],[-107.17743099999879,39.564507999999996],[-107.17739299999879,39.564511000000003],[-107.1773499999988,39.564486000000002],[-107.17730799999879,39.564460000000004],[-107.17730299999879,39.564430999999999],[-107.1772989999988,39.564402999999992],[-107.1772939999988,39.564374000000001],[-107.17725599999879,39.564377],[-107.17725199999879,39.56434800000001],[-107.1772479999988,39.564319999999988],[-107.1772429999988,39.56429099999999],[-107.17723899999879,39.564262000000006],[-107.17720099999879,39.564264999999999],[-107.1771579999988,39.564239999999998],[-107.17715399999879,39.564211],[-107.17711099999879,39.564185999999999],[-107.1771069999988,39.564157000000002],[-107.1770689999988,39.564160000000008],[-107.17706399999879,39.564132000000001],[-107.17705999999879,39.564103000000003],[-107.1770179999988,39.564076999999997],[-107.17697999999879,39.564081000000002],[-107.17697499999879,39.564052000000004],[-107.17697099999879,39.564022999999992],[-107.17696599999879,39.563994000000001],[-107.1769279999988,39.563997999999998],[-107.17692399999879,39.563969],[-107.17688099999879,39.563943000000002],[-107.1768769999988,39.563915000000009],[-107.1768719999988,39.563885999999997],[-107.17686799999879,39.563856999999992],[-107.17686299999879,39.563827999999994],[-107.1768259999988,39.563832000000005],[-107.1768209999988,39.563802999999993],[-107.17681699999879,39.563774000000002],[-107.17677399999879,39.563748999999994],[-107.1767699999988,39.563720000000011],[-107.17675599999879,39.56363300000001],[-107.1767139999988,39.563608000000002],[-107.17670899999879,39.563579000000004],[-107.17670499999879,39.563549999999985],[-107.17669999999879,39.563521999999992],[-107.1766959999988,39.563493000000008],[-107.17664899999879,39.563437999999991],[-107.1766399999988,39.563381000000014],[-107.17663599999879,39.563352000000009],[-107.1765509999988,39.56330100000001],[-107.17651499999879,39.563260000000007],[-107.17650399999879,39.563246999999997],[-107.17644799999879,39.563135000000003],[-107.1764439999988,39.563105999999991],[-107.17643899999879,39.563077999999997],[-107.17643499999879,39.563048999999999],[-107.1764259999988,39.56299099999999],[-107.17641699999879,39.562933999999998],[-107.1763699999988,39.562879000000009],[-107.17632299999879,39.562824999999989],[-107.1763139999988,39.562767000000001],[-107.17631099999879,39.562750000000015],[-107.17630499999879,39.562709999999996],[-107.1762629999988,39.562684000000004],[-107.17621599999879,39.562629999999999],[-107.1761729999988,39.562605000000005],[-107.17616899999881,39.562576],[-107.17616399999879,39.562547000000016],[-107.17612599999879,39.562551000000006],[-107.1761219999988,39.562522000000001],[-107.1760419999988,39.562499999999993],[-107.1759989999988,39.562474000000002],[-107.17599499999881,39.562446000000008],[-107.1759519999988,39.562419999999996],[-107.1759139999988,39.562424],[-107.17587599999881,39.562427],[-107.1758339999988,39.562402000000006],[-107.1757959999988,39.562404999999984],[-107.17580099999881,39.56243400000001],[-107.17572499999881,39.562441000000007],[-107.17564899999881,39.562446999999999],[-107.17561099999881,39.562451000000003],[-107.1755399999988,39.562486],[-107.1755019999988,39.562489999999997],[-107.1755059999988,39.562519000000009],[-107.1754679999988,39.562521999999987],[-107.17543499999879,39.562553999999992],[-107.1754009999988,39.562586000000003],[-107.17536799999881,39.562619000000005],[-107.17532999999881,39.562621999999998],[-107.17529699999881,39.562654000000002],[-107.17530099999881,39.562683000000007],[-107.17526799999881,39.562714999999997],[-107.17527199999881,39.562744000000002],[-107.17523899999881,39.562775999999992],[-107.1752429999988,39.56280499999999],[-107.1751759999988,39.562869999999997],[-107.17518099999879,39.562898000000004],[-107.17514299999881,39.562902000000001],[-107.1751469999988,39.562930999999992],[-107.17515599999881,39.562988000000004],[-107.1751179999988,39.562992000000001],[-107.17508899999879,39.563052999999996],[-107.1750559999988,39.563084999999994],[-107.17505999999881,39.563113999999999],[-107.17502699999881,39.563145999999996],[-107.1749939999988,39.563177999999994],[-107.17495999999879,39.563209999999991],[-107.17496399999881,39.563235999999996],[-107.17496499999881,39.563239000000003],[-107.17496899999881,39.563268000000001],[-107.1749729999988,39.563297000000006],[-107.17493999999881,39.563329000000003],[-107.1749489999988,39.563387000000006],[-107.1749159999988,39.56341900000001],[-107.17491999999881,39.563448000000008],[-107.17492499999881,39.563476000000001],[-107.17492499999881,39.563479999999991],[-107.17492899999881,39.563505000000006],[-107.1749329999988,39.563534000000004],[-107.1749379999988,39.563563000000002],[-107.17494199999881,39.563591999999993],[-107.17494699999881,39.56362],[-107.1749509999988,39.563648999999998],[-107.17495599999879,39.563678000000003],[-107.17496499999881,39.563735999999999],[-107.17496899999881,39.563764999999997],[-107.17497399999881,39.563793000000004],[-107.17497399999881,39.563793000000004],[-107.17497499999881,39.563801000000005],[-107.1749829999988,39.563851],[-107.17498699999881,39.563880000000012],[-107.1749959999988,39.563936999999996],[-107.17500099999879,39.563966000000001],[-107.17500499999881,39.563994999999998],[-107.17501399999881,39.564053000000001],[-107.17501899999881,39.564081000000002],[-107.1750279999988,39.564139000000004],[-107.17503199999881,39.564168000000002],[-107.17503699999881,39.564196999999993],[-107.1750449999988,39.564254000000005],[-107.17505399999881,39.564312000000001],[-107.17505899999881,39.564340999999992],[-107.17507199999881,39.564427000000002],[-107.17507699999881,39.564455999999993],[-107.1750809999988,39.564484999999998],[-107.1750859999988,39.564514000000003],[-107.1750899999988,39.564542000000003],[-107.17509499999881,39.564571000000001],[-107.17509899999881,39.564600000000006],[-107.17510399999881,39.564628999999996],[-107.1750789999988,39.564631000000006],[-107.17506599999881,39.564632000000003],[-107.17506999999881,39.564661000000001],[-107.17507499999881,39.564689999999992],[-107.1750789999988,39.56471899999999],[-107.17504599999879,39.564750999999994],[-107.1750169999988,39.564811999999996],[-107.1749789999988,39.564815000000003],[-107.17495299999881,39.564870000000006],[-107.1749499999988,39.564875999999998],[-107.17495399999879,39.564905000000003],[-107.17491699999879,39.564909000000007],[-107.1749209999988,39.564937000000008],[-107.1748829999988,39.564940999999997],[-107.17484499999881,39.56494399999999],[-107.17484999999881,39.564973000000009],[-107.17481599999881,39.565004999999999],[-107.17478299999881,39.565037000000004],[-107.17474899999881,39.565070000000006],[-107.17471099999881,39.565072999999998],[-107.17471599999881,39.565102000000003],[-107.17467799999881,39.56510500000001],[-107.17468199999881,39.565134000000008],[-107.17464399999881,39.565137000000007],[-107.17464899999879,39.565165999999998],[-107.17461099999881,39.565170000000009],[-107.17461599999881,39.565199000000007],[-107.1745779999988,39.565201999999999],[-107.1745439999988,39.565233999999997],[-107.1745059999988,39.565238000000001],[-107.1745109999988,39.565266000000008],[-107.17443499999881,39.565273000000005],[-107.1743259999988,39.565311999999999],[-107.17424999999881,39.565319000000009],[-107.1742119999988,39.565321999999995],[-107.1741739999988,39.565326000000006],[-107.17409799999881,39.56533300000001],[-107.1739929999988,39.56539999999999],[-107.17391699999881,39.565406999999993],[-107.1738459999988,39.565443000000009],[-107.17376999999881,39.565449999999998],[-107.17373199999881,39.565452999999984],[-107.1736939999988,39.565456000000012],[-107.17361799999881,39.565463000000008],[-107.1735429999988,39.565469999999998],[-107.17350499999881,39.565472999999997],[-107.17346199999881,39.565448000000025],[-107.17341499999881,39.565393999999998],[-107.1733729999988,39.565368000000007],[-107.17333099999881,39.565342999999991],[-107.17332199999881,39.565285000000003],[-107.1732839999988,39.565289000000007],[-107.17323699999881,39.565234999999994],[-107.17323199999881,39.565206000000003],[-107.17318999999881,39.565179999999998],[-107.17318499999881,39.565151999999991],[-107.17318099999879,39.565123],[-107.17313899999881,39.565096999999994],[-107.17309599999881,39.565072000000001],[-107.1730919999988,39.56504300000001],[-107.17304899999881,39.565017999999995],[-107.17304499999881,39.56498899999999],[-107.17300699999879,39.56499199999999],[-107.1730019999988,39.564964000000003],[-107.1729599999988,39.564937999999998],[-107.1728279999988,39.564832999999986],[-107.17278599999879,39.564808000000006],[-107.1727429999988,39.564782000000008],[-107.1727389999988,39.56475300000001],[-107.17270099999882,39.564757],[-107.17269699999881,39.564728000000009],[-107.17264999999881,39.564673999999997],[-107.17261199999879,39.564677000000003],[-107.17260699999881,39.564647999999998],[-107.17256499999881,39.564622999999997],[-107.17255999999882,39.564594000000007],[-107.17252199999881,39.564597999999989],[-107.17247599999882,39.564542999999993],[-107.17243299999882,39.564518000000007],[-107.17242899999881,39.564488999999995],[-107.17239099999881,39.564493000000013],[-107.17238599999882,39.564464000000001],[-107.17234799999881,39.564467],[-107.17230599999883,39.564441999999993],[-107.1722639999988,39.564416000000001],[-107.17225899999882,39.564387999999994],[-107.17225499999883,39.564359000000003],[-107.17221199999882,39.564332999999998],[-107.17220799999882,39.564304],[-107.17216499999883,39.564279000000006],[-107.17211799999882,39.564225000000015],[-107.17210899999883,39.564166999999991],[-107.17210099999882,39.564109999999999],[-107.17205799999883,39.564084000000001],[-107.17205399999882,39.56405500000001],[-107.17200699999881,39.564000999999998],[-107.17200199999881,39.563972000000007],[-107.17199799999881,39.563943999999999],[-107.17195999999882,39.563947000000013],[-107.1719549999988,39.563918000000008],[-107.17195099999881,39.563889000000003],[-107.17194599999883,39.56386100000001],[-107.17189999999881,39.563805999999992],[-107.17185699999882,39.563780999999999],[-107.17184799999882,39.56372300000001],[-107.17180099999882,39.563668999999997],[-107.17174999999881,39.563586000000008],[-107.17174099999882,39.563527999999998],[-107.17169399999882,39.563473999999999],[-107.17165199999882,39.563448999999999],[-107.17164699999881,39.563420000000001],[-107.17159599999881,39.563337000000004],[-107.17155799999883,39.56333999999999],[-107.17151599999882,39.56331500000001],[-107.17147299999883,39.563290000000009],[-107.17142599999882,39.563234999999999],[-107.17137899999882,39.563181],[-107.17133699999881,39.563155999999985],[-107.17129499999882,39.563130000000008],[-107.17128999999882,39.56310100000001],[-107.17124799999883,39.563076000000002],[-107.17120999999882,39.563079000000002],[-107.17116699999882,39.563053999999994],[-107.17111999999882,39.563000000000009],[-107.17103999999881,39.562978000000001],[-107.17095499999883,39.562927000000002],[-107.17095099999882,39.562897999999997],[-107.17090399999881,39.562843999999998],[-107.17086599999881,39.562846999999991],[-107.17082399999882,39.56282199999999],[-107.17078599999881,39.562824999999989],[-107.17073899999882,39.562771000000005],[-107.17069599999881,39.562745999999997],[-107.17069199999882,39.562716999999999],[-107.17065399999882,39.562719999999992],[-107.17061199999881,39.562695000000005],[-107.17056899999881,39.562669999999997],[-107.17052699999883,39.562643999999985],[-107.17048399999882,39.562618999999998],[-107.1704419999988,39.562592999999993],[-107.17040399999883,39.562596999999997],[-107.1702719999988,39.562492000000013],[-107.1702679999988,39.562462999999994],[-107.17014999999883,39.562443999999992],[-107.17014099999881,39.562386999999994],[-107.17005599999882,39.562336000000009],[-107.1700139999988,39.562309999999997],[-107.17000899999881,39.562282000000003],[-107.16996699999881,39.562255999999998],[-107.1699239999988,39.562231000000011],[-107.16988199999882,39.562205000000006],[-107.16983499999883,39.562150999999993],[-107.16978799999882,39.562096999999994],[-107.16978399999883,39.562067999999996],[-107.16973699999882,39.562013999999991],[-107.16969399999883,39.561987999999992],[-107.16965199999882,39.561963000000006],[-107.16960999999883,39.561937999999998],[-107.16956299999882,39.561882999999995],[-107.16952499999881,39.561886999999999],[-107.16948199999881,39.561861],[-107.16943999999881,39.561836000000007],[-107.16939299999882,39.561781999999994],[-107.16935499999882,39.561785],[-107.16931699999884,39.561788999999997],[-107.16927499999882,39.561763000000006],[-107.16923699999883,39.561766999999996],[-107.16919899999884,39.56177000000001],[-107.16915699999883,39.561745000000016],[-107.16911399999883,39.561718999999989],[-107.16903399999883,39.561697000000002],[-107.16895399999882,39.561675000000008],[-107.16883499999882,39.561656999999997],[-107.16875599999884,39.561664],[-107.16872199999884,39.561666999999993],[-107.16852299999883,39.561626000000004],[-107.16844699999884,39.561633],[-107.16840499999883,39.561608],[-107.16832399999883,39.561586000000005],[-107.16828599999882,39.561589000000005],[-107.16827299999883,39.56159000000001],[-107.16824899999884,39.561592000000005],[-107.16821099999883,39.561596000000009],[-107.16816799999883,39.561570000000003],[-107.16805399999883,39.561581000000004],[-107.16793599999882,39.561562000000009],[-107.16789799999883,39.561565000000002],[-107.16782199999884,39.561571999999998],[-107.16774199999882,39.561549999999983],[-107.16770399999884,39.561553999999987],[-107.16766599999882,39.561557000000015],[-107.16762799999883,39.561559999999993],[-107.16758999999882,39.561563999999997],[-107.16743899999882,39.561576999999993],[-107.16740499999884,39.561610000000002],[-107.16736699999882,39.561613000000001],[-107.16732899999883,39.561615999999994],[-107.16706299999883,39.561686999999999],[-107.16699699999883,39.561705000000011],[-107.16692599999884,39.56174],[-107.16681199999881,39.561750000000011],[-107.16669799999883,39.561761000000004],[-107.16665999999883,39.561763999999997],[-107.16647099999884,39.561780999999989],[-107.16643299999883,39.561784000000003],[-107.16635699999884,39.561791000000007],[-107.16631899999882,39.561794999999996],[-107.16628099999883,39.561798000000024],[-107.16624299999883,39.561801000000003],[-107.16620499999884,39.561805000000007],[-107.16616699999884,39.561807999999999],[-107.16612899999883,39.56181200000001],[-107.16612499999884,39.561783000000005],[-107.16608699999885,39.561785999999998],[-107.16604399999883,39.561761000000004],[-107.16596899999884,39.561768000000001],[-107.16593099999885,39.561771],[-107.16589299999883,39.561773999999993],[-107.16581199999885,39.561751999999998],[-107.16569399999885,39.561734000000001],[-107.16565599999883,39.561736999999994],[-107.16545799999885,39.561697000000009],[-107.16534399999885,39.561706999999991],[-107.16532299999885,39.561709],[-107.16526799999885,39.561714000000009],[-107.16511599999885,39.561726999999983],[-107.16504099999885,39.561734000000008],[-107.16500299999883,39.561736999999987],[-107.16488899999885,39.561748000000001],[-107.16485099999883,39.561751000000001],[-107.16469899999885,39.561765000000022],[-107.16466099999883,39.561768000000001],[-107.16447199999884,39.561784999999993],[-107.16432899999883,39.561856000000006],[-107.16430699999884,39.561858000000008],[-107.16421499999885,39.561865999999995],[-107.16417699999884,39.561869999999999],[-107.16411499999884,39.561963000000006],[-107.16408099999883,39.56199500000001],[-107.16401499999886,39.562059999999995],[-107.16401899999885,39.56208800000001],[-107.16398599999884,39.562120999999998],[-107.16400299999883,39.562235999999992],[-107.16400799999883,39.562264999999996],[-107.16401699999885,39.562321999999995],[-107.16402999999883,39.562409000000017],[-107.16403499999885,39.562438],[-107.16403699999884,39.562452999999991],[-107.16405299999883,39.562553000000001],[-107.16398599999884,39.562617000000003],[-107.16395199999883,39.562648999999993],[-107.16380499999883,39.562692000000006],[-107.16366199999884,39.56276299999999],[-107.16366699999885,39.562791999999995],[-107.16359999999884,39.562855999999996],[-107.16356599999885,39.562888999999998],[-107.16349499999885,39.562923999999995],[-107.16346199999884,39.562956],[-107.16342399999884,39.562960000000004],[-107.16338599999885,39.562963000000003],[-107.16338999999886,39.562992000000008],[-107.16327699999883,39.563001999999997],[-107.16309999999885,39.563105999999998],[-107.16306699999885,39.563138000000002],[-107.16303299999883,39.563170000000007],[-107.16284799999885,39.56321599999999],[-107.16281499999884,39.563247999999994],[-107.16273899999885,39.563255000000005],[-107.16266799999886,39.563291000000007],[-107.16259199999885,39.563297000000006],[-107.16255399999885,39.56330100000001],[-107.16251599999886,39.563303999999995],[-107.16247799999884,39.563307999999999],[-107.16243999999885,39.563310999999992],[-107.16240199999886,39.563313999999998],[-107.16235999999886,39.56328899999999],[-107.16232199999887,39.563291999999997],[-107.16197599999886,39.563293999999999],[-107.16189599999886,39.563271999999998],[-107.16181999999887,39.563279000000001],[-107.16174399999885,39.563285999999998],[-107.16170599999884,39.563289000000005],[-107.16166799999885,39.563292000000004],[-107.16154999999887,39.563274000000007],[-107.16143199999885,39.563254999999991],[-107.16138899999885,39.563230000000004],[-107.16134699999886,39.563204000000006],[-107.16133599999885,39.563198],[-107.16126199999884,39.563154000000004],[-107.16122399999885,39.563156999999997],[-107.16121999999885,39.563128000000006],[-107.16117699999886,39.563102999999991],[-107.16113899999887,39.563105999999991],[-107.16113499999885,39.563077000000007],[-107.16099399999885,39.563090000000003],[-107.16098299999886,39.563090999999993],[-107.16097999999884,39.563071999999991],[-107.16097899999886,39.563062000000009],[-107.16097399999884,39.56303299999999],[-107.16095499999885,39.563035000000006],[-107.16089799999885,39.563040000000001],[-107.16082299999886,39.563046999999997],[-107.16078499999885,39.563049999999997],[-107.16070899999885,39.563057000000001],[-107.16067099999884,39.56306099999999],[-107.16063299999887,39.563064000000004],[-107.16059499999885,39.563066999999997],[-107.16055699999886,39.563071000000001],[-107.16051499999885,39.563045000000002],[-107.16047699999886,39.563048999999999],[-107.16043899999885,39.563051999999999],[-107.16040099999886,39.563055999999996],[-107.16036299999887,39.563059000000003],[-107.16032099999885,39.563032999999997],[-107.16028299999887,39.563037000000001],[-107.16027799999885,39.563008000000004],[-107.16027399999885,39.562978999999999],[-107.16024699999885,39.562981999999991],[-107.16023599999886,39.56298300000001],[-107.16019799999884,39.562986000000002],[-107.16015499999885,39.562961000000008],[-107.16007099999885,39.562910000000002],[-107.16006599999886,39.56288099999999],[-107.16002799999885,39.562883999999997],[-107.15998599999887,39.562859000000003],[-107.15994799999885,39.562861999999988],[-107.15994299999886,39.562833999999988],[-107.15990599999887,39.562837000000009],[-107.15986799999885,39.562839999999994],[-107.15979199999884,39.562846999999991],[-107.15959299999886,39.562806999999999],[-107.15944099999886,39.562820000000002],[-107.15940399999886,39.562824000000006],[-107.15931899999886,39.562772999999993],[-107.15928099999886,39.562775999999999],[-107.15920499999886,39.56278300000001],[-107.15916699999887,39.562785999999996],[-107.15912899999886,39.56279],[-107.15909199999886,39.562784000000015],[-107.15901099999887,39.562770999999998],[-107.15889699999887,39.562781000000001],[-107.15885499999887,39.562756],[-107.15881699999888,39.562759],[-107.15877899999886,39.562763000000004],[-107.15874099999887,39.562766000000011],[-107.15869899999886,39.562740999999995],[-107.15866099999886,39.562744000000009],[-107.15865599999886,39.562714999999997],[-107.15861399999886,39.562690000000003],[-107.15860899999886,39.562661000000006],[-107.15864299999888,39.562628999999994],[-107.15863799999886,39.562599999999996],[-107.15863399999887,39.562571000000005],[-107.15862899999888,39.562542000000001],[-107.15862499999886,39.562514000000014],[-107.15861999999886,39.562485000000002],[-107.15861599999886,39.562455999999997],[-107.15860699999887,39.562398000000009],[-107.15860199999888,39.562370000000001],[-107.15859799999888,39.562341000000011],[-107.15859399999887,39.562311999999999],[-107.15858899999887,39.562282999999994],[-107.15858499999887,39.562254000000003],[-107.15857999999886,39.562225000000012],[-107.15853799999886,39.562200000000011],[-107.15852899999886,39.562141999999994],[-107.15852699999887,39.562130999999994],[-107.15852399999886,39.562114000000008],[-107.15851999999887,39.562084999999996],[-107.15843899999886,39.562063000000002],[-107.15843499999886,39.562033999999997],[-107.15834999999888,39.561982999999998],[-107.15834099999886,39.561925999999993],[-107.15829899999888,39.561900000000009],[-107.15825599999887,39.561875000000015],[-107.15825199999888,39.561846000000003],[-107.15820999999886,39.561820000000004],[-107.15820499999887,39.56179199999999],[-107.15815799999888,39.561736999999994],[-107.15811999999886,39.561740999999998],[-107.15807299999886,39.561686999999992],[-107.15806899999886,39.561658000000023],[-107.15802699999888,39.561631999999996],[-107.15802199999887,39.561603999999996],[-107.15801799999886,39.561574999999998],[-107.15801299999886,39.561546],[-107.15800899999887,39.561517000000002],[-107.15800399999887,39.561487999999997],[-107.15799999999888,39.561460000000004],[-107.15799499999886,39.561430999999992],[-107.15798199999888,39.561343999999991],[-107.15796799999886,39.561258000000009],[-107.15799699999886,39.561197],[-107.15799599999887,39.561186000000006],[-107.15799299999887,39.561168000000002],[-107.15802599999887,39.561135999999998],[-107.15805999999888,39.561104000000007],[-107.15809799999886,39.56110000000001],[-107.15813099999887,39.561067999999992],[-107.15812699999887,39.561038999999987],[-107.15815999999887,39.561006999999996],[-107.15819399999886,39.560974999999999],[-107.15826099999886,39.56091],[-107.15829799999887,39.560907000000014],[-107.15828999999886,39.560848999999997],[-107.15832699999886,39.560845999999998],[-107.15832299999886,39.560817000000014],[-107.15836099999886,39.560814000000001],[-107.15835599999886,39.560784999999996],[-107.15838999999886,39.560753000000012],[-107.15842299999886,39.560720000000003],[-107.15845699999888,39.560687999999999],[-107.15845199999886,39.560659000000008],[-107.15844799999887,39.560630999999994],[-107.15843899999886,39.560572999999998],[-107.15840099999886,39.560575999999998],[-107.15839599999886,39.56054799999999],[-107.15839199999887,39.560519000000006],[-107.15838799999887,39.560490000000009],[-107.15834499999886,39.560464999999994],[-107.15834099999886,39.560435999999996],[-107.15829799999887,39.56040999999999],[-107.15825099999887,39.560355999999999],[-107.15820499999887,39.560302000000007],[-107.15815299999886,39.560219000000004],[-107.15806399999886,39.560138999999985],[-107.15805499999887,39.560082000000008],[-107.15801699999886,39.560085000000001],[-107.15801299999886,39.560056000000003],[-107.15797499999886,39.560060000000007],[-107.15793699999888,39.560062999999992],[-107.15789899999886,39.560065999999999],[-107.15786099999887,39.560070000000003],[-107.15782699999886,39.560102000000001],[-107.15775199999887,39.560109000000004],[-107.15771799999888,39.560141000000002],[-107.15764699999886,39.560176999999996],[-107.15757099999887,39.560182999999995],[-107.15753299999886,39.560186999999992],[-107.15745699999886,39.560194000000017],[-107.15730999999887,39.56023600000001],[-107.15727599999886,39.560268000000001],[-107.15723899999888,39.560271999999998],[-107.15720099999886,39.560275000000004],[-107.15712899999886,39.560310999999999],[-107.15705299999887,39.560316999999998],[-107.15701999999887,39.56035],[-107.15698199999886,39.560352999999999],[-107.15698699999888,39.56038199999999],[-107.15694899999886,39.560385000000011],[-107.15691099999887,39.560389000000008],[-107.15680599999887,39.560456000000009],[-107.15676799999888,39.560459999999999],[-107.15673399999886,39.560491999999996],[-107.15673899999888,39.560520999999987],[-107.15670499999887,39.560552999999999],[-107.15666799999886,39.560555999999998],[-107.15663399999886,39.560589000000007],[-107.15660099999886,39.560621000000005],[-107.15660499999886,39.560650000000003],[-107.15656699999887,39.560653000000002],[-107.15653799999886,39.560713999999983],[-107.15650499999886,39.560746000000002],[-107.15647099999887,39.560778999999982],[-107.15647599999886,39.560806999999997],[-107.15644199999888,39.560839999999992],[-107.15640899999886,39.560872000000003],[-107.15641299999886,39.560900999999994],[-107.15641799999888,39.560929000000002],[-107.15642199999888,39.560958000000007],[-107.15642699999886,39.560986999999997],[-107.15643099999886,39.561016000000002],[-107.15643599999888,39.561045000000007],[-107.15643999999888,39.561072999999993],[-107.15648299999887,39.561098999999992],[-107.15652499999887,39.561124],[-107.15652899999887,39.561153000000004],[-107.15653399999887,39.561182000000002],[-107.15653799999886,39.561210999999993],[-107.15654299999886,39.561240000000005],[-107.15650499999886,39.56124299999999],[-107.15650899999886,39.561272000000002],[-107.15647599999886,39.561304],[-107.15644299999886,39.561336000000011],[-107.15640899999886,39.561367999999995],[-107.15633799999888,39.56140400000001],[-107.15634199999887,39.561433000000008],[-107.15630399999887,39.561436],[-107.15626599999888,39.561439999999997],[-107.15623999999886,39.561441999999992],[-107.15622799999886,39.561442999999997],[-107.15619099999887,39.561445999999997],[-107.15615299999887,39.561449999999994],[-107.15607699999886,39.561457000000004],[-107.15600099999887,39.561463000000003],[-107.15596299999888,39.561467000000007],[-107.15592499999887,39.56147],[-107.15588699999887,39.561473999999983],[-107.15584899999888,39.561476999999996],[-107.15581099999886,39.561480000000003],[-107.15565999999887,39.561494000000017],[-107.15562199999887,39.561497000000003],[-107.15554599999888,39.561504000000006],[-107.15550799999887,39.561508000000011],[-107.15546999999889,39.56151100000001],[-107.15545499999888,39.561512],[-107.15543199999888,39.56151400000001],[-107.15539399999888,39.561518000000007],[-107.15535599999887,39.561520999999992],[-107.15527999999888,39.561528000000003],[-107.15523799999887,39.561503000000002],[-107.15519999999887,39.561506000000001],[-107.15516199999888,39.561508999999994],[-107.15511999999887,39.561484000000007],[-107.15508199999887,39.561487],[-107.1550439999989,39.561490999999997],[-107.15500599999888,39.561494000000003],[-107.15500099999889,39.561464999999991],[-107.15496599999888,39.561467999999998],[-107.15496399999888,39.561469000000002],[-107.15495899999888,39.561439999999997],[-107.15492099999888,39.561442999999997],[-107.15491699999889,39.561413999999999],[-107.15486199999887,39.561402999999999],[-107.15471799999888,39.561374000000008],[-107.15467599999887,39.56134800000001],[-107.15463799999888,39.561351999999999],[-107.15459999999889,39.561355000000013],[-107.15455699999887,39.561329999999991],[-107.15452199999889,39.561332999999991],[-107.1545199999989,39.561333000000012],[-107.15449199999888,39.561336000000004],[-107.15448199999888,39.561337000000002],[-107.15444399999888,39.561340000000008],[-107.15436299999888,39.561318],[-107.15432099999887,39.561292999999992],[-107.15424099999888,39.561271000000005],[-107.15423599999887,39.561242],[-107.15415999999888,39.561249000000004],[-107.15415599999888,39.561219999999999],[-107.15411799999887,39.561222999999991],[-107.15407999999887,39.561225999999998],[-107.15404199999888,39.561230000000009],[-107.15399999999889,39.561203999999996],[-107.15396199999888,39.561208000000008],[-107.1539569999989,39.56117900000001],[-107.15392999999888,39.561162000000003],[-107.15391499999888,39.561154000000002],[-107.15387699999889,39.561156999999994],[-107.1538729999989,39.561127999999997],[-107.15383499999888,39.561131999999994],[-107.15382999999889,39.561103000000003],[-107.15378799999888,39.561077000000004],[-107.15374499999888,39.561051999999989],[-107.15370699999887,39.561054999999996],[-107.15370299999888,39.561027000000003],[-107.15366499999888,39.561030000000002],[-107.15366099999888,39.561000999999997],[-107.15362299999887,39.561004999999994],[-107.15361799999887,39.560975999999997],[-107.15357599999888,39.560949999999998],[-107.15353299999889,39.560925000000005],[-107.15352899999888,39.560895999999993],[-107.15348599999889,39.560871000000006],[-107.1534779999989,39.560813000000003],[-107.15343499999889,39.560788000000002],[-107.15343099999889,39.560759000000004],[-107.1533879999989,39.560732999999999],[-107.15338399999889,39.560704999999999],[-107.15334599999888,39.560707999999991],[-107.15334099999887,39.560678999999993],[-107.15333699999887,39.560650000000003],[-107.15329899999888,39.560654],[-107.15328599999887,39.560567000000006],[-107.15328099999888,39.560538999999991],[-107.15327699999888,39.560509999999994],[-107.15327199999888,39.56048100000001],[-107.15326799999887,39.560451999999998],[-107.15322999999889,39.560456000000009],[-107.15322499999888,39.560426999999997],[-107.15322099999888,39.560398000000006],[-107.15321599999889,39.560368999999987],[-107.15317399999888,39.560344000000001],[-107.15316999999888,39.560315000000003],[-107.15316499999888,39.560285999999991],[-107.15316099999887,39.560257000000007],[-107.15315599999887,39.560228000000002],[-107.15315199999888,39.560200000000002],[-107.15314699999888,39.560170999999997],[-107.15314299999888,39.560142000000006],[-107.15313399999889,39.560084000000003],[-107.15313199999889,39.560072999999996],[-107.15312899999888,39.560056000000017],[-107.15312499999888,39.560026999999998],[-107.15311599999887,39.559969000000017],[-107.15311099999887,39.559940000000005],[-107.15314899999888,39.559937000000005],[-107.15317399999888,39.559846999999991],[-107.1531689999989,39.559818],[-107.15315999999888,39.559761000000002],[-107.15319799999888,39.559757000000005],[-107.15319399999888,39.559728],[-107.15318899999887,39.559700000000007],[-107.15318499999889,39.559671000000009],[-107.15322299999887,39.559666999999997],[-107.15321799999889,39.559639000000004],[-107.15325199999887,39.559605999999988],[-107.15324699999887,39.559578000000009],[-107.15324299999888,39.559548999999997],[-107.15323799999888,39.559519999999999],[-107.15326699999889,39.559458999999997],[-107.15326299999889,39.559429999999999],[-107.15325799999887,39.559400999999994],[-107.15325399999888,39.55937200000001],[-107.15332499999887,39.559336999999992],[-107.15332099999888,39.559308000000001],[-107.15335899999889,39.559305000000002],[-107.15335399999887,39.559275999999997],[-107.15339199999889,39.559272],[-107.15349299999887,39.559176000000001],[-107.15352599999888,39.559143999999996],[-107.15352199999887,39.559114999999991],[-107.15354799999888,39.559111999999999],[-107.15355999999889,39.559111000000016],[-107.15355499999887,39.559083000000008],[-107.15359299999888,39.559078999999983],[-107.15362599999888,39.559046999999993],[-107.15366399999888,39.559044000000007],[-107.15369799999888,39.559011000000005],[-107.15376499999888,39.558947000000003],[-107.15375999999888,39.558917999999991],[-107.15379799999887,39.558914999999999],[-107.15382699999888,39.55885399999999],[-107.1538609999989,39.558822000000006],[-107.15389799999888,39.558818000000009],[-107.15389399999887,39.558789000000012],[-107.15393199999887,39.558785999999991],[-107.15396499999888,39.558754],[-107.15399899999888,39.558722000000003],[-107.15403199999888,39.558689000000008],[-107.15410399999888,39.558653999999997],[-107.15413699999888,39.558621000000009],[-107.15417499999887,39.558618000000003],[-107.15420799999887,39.558585999999991],[-107.15424199999887,39.558554000000008],[-107.15427499999888,39.558521000000006],[-107.15431299999888,39.558518000000007],[-107.15430899999889,39.558492000000001],[-107.15430899999889,39.558488999999994],[-107.15434199999889,39.558457000000011],[-107.15441399999888,39.55842100000001],[-107.15440899999888,39.558393000000002],[-107.15459399999888,39.558347000000005],[-107.15462799999888,39.558315],[-107.15466599999888,39.55831100000001],[-107.15473699999889,39.558275999999999],[-107.15477099999887,39.558242999999997],[-107.15480799999888,39.558239999999991],[-107.15484199999888,39.558208],[-107.15487499999888,39.558176000000003],[-107.15487099999888,39.558146999999998],[-107.15490399999888,39.558114999999994],[-107.15489499999887,39.558056999999998],[-107.15489099999888,39.558028000000007],[-107.15488699999888,39.558002000000009],[-107.15488599999888,39.557998999999995],[-107.15488199999888,39.557971000000002],[-107.15487799999887,39.557942000000004],[-107.15487299999887,39.557912999999992],[-107.15486899999888,39.557884000000001],[-107.15485999999889,39.557826000000006],[-107.15485599999887,39.5578],[-107.15485499999888,39.557798000000005],[-107.1548129999989,39.557772000000007],[-107.15480799999888,39.557743000000009],[-107.15480399999888,39.557715000000002],[-107.15479899999887,39.557685999999997],[-107.15476099999887,39.557688999999996],[-107.15471899999888,39.557664000000003],[-107.15471499999887,39.557634999999998],[-107.15467199999888,39.557610000000004],[-107.15466799999888,39.557580999999999],[-107.15462499999887,39.557555000000001],[-107.15462099999888,39.557527000000007],[-107.15457799999888,39.557500999999995],[-107.15457399999887,39.557471999999983],[-107.15453199999888,39.557447000000003],[-107.15452699999888,39.557418000000006],[-107.15448499999889,39.557393000000005],[-107.15447599999888,39.557335000000002],[-107.15443799999889,39.557338000000001],[-107.1543909999989,39.557284000000003],[-107.15435299999888,39.557288],[-107.15434899999887,39.557259000000002],[-107.15430199999888,39.557205000000003],[-107.15422099999888,39.557183000000002],[-107.15421699999889,39.557154000000004],[-107.15417899999888,39.557157000000004],[-107.15409399999889,39.557106000000005],[-107.15405599999887,39.557109999999994],[-107.15401799999887,39.557112999999994],[-107.15397999999888,39.557116000000001],[-107.15394299999888,39.557119999999998],[-107.15390899999888,39.557152000000002],[-107.15383299999888,39.557158999999999],[-107.15372399999887,39.557198000000007],[-107.1536479999989,39.55720500000001],[-107.15357199999889,39.557211000000009],[-107.15353399999887,39.557214999999999],[-107.15349599999888,39.557217999999992],[-107.15345799999888,39.557222000000003],[-107.15342099999887,39.557225000000003],[-107.15334499999889,39.557232000000006],[-107.15330199999889,39.557205999999994],[-107.15326399999887,39.557209999999991],[-107.15322599999888,39.557212999999997],[-107.15318399999887,39.557187999999989],[-107.15314199999888,39.557161999999998],[-107.15309899999889,39.557136999999997],[-107.15309499999888,39.557107999999999],[-107.15305699999888,39.557111999999996],[-107.15301499999887,39.557085999999991],[-107.15297699999888,39.557090000000009],[-107.15297199999888,39.557061000000004],[-107.15293399999888,39.55706399999999],[-107.15289199999887,39.55703900000001],[-107.15288699999888,39.557009999999998],[-107.15284899999888,39.557013000000005],[-107.15284499999888,39.55698499999999],[-107.15280299999888,39.556958999999992],[-107.15279399999889,39.556901000000003],[-107.15278899999888,39.55687300000001],[-107.15278499999887,39.556843999999991],[-107.1527799999989,39.556815],[-107.15277599999888,39.556786000000002],[-107.15277099999888,39.556756999999998],[-107.15276699999887,39.556729000000011],[-107.15276199999887,39.556699999999999],[-107.15279599999889,39.556667999999995],[-107.15282899999889,39.556634999999993],[-107.15289599999888,39.556571000000012],[-107.15292999999888,39.556539000000001],[-107.15292499999889,39.556509999999996],[-107.15292099999888,39.556480999999998],[-107.15291599999888,39.556452],[-107.1529499999989,39.556420000000003],[-107.15294499999888,39.556390999999998],[-107.15297899999888,39.556359000000015],[-107.15301199999888,39.556327000000003],[-107.15300799999888,39.556297999999991],[-107.15303699999887,39.556237000000003],[-107.15303199999887,39.556208000000005],[-107.15302799999888,39.556179000000007],[-107.15302299999888,39.556150999999993],[-107.15301899999888,39.556122000000002],[-107.15301399999888,39.556092999999997],[-107.15300999999887,39.556064000000006],[-107.15300499999888,39.556034999999994],[-107.15296299999888,39.556010000000001],[-107.15295799999889,39.555981000000003],[-107.15291199999888,39.555927000000011],[-107.15286899999887,39.555901999999996],[-107.15286499999888,39.555872999999991],[-107.15282699999889,39.555875999999991],[-107.15278399999889,39.55585099999999],[-107.15274199999888,39.555824999999999],[-107.15269999999889,39.555800000000005],[-107.15269499999887,39.555771000000021],[-107.1526569999989,39.555773999999992],[-107.15261499999887,39.555748999999999],[-107.15257199999888,39.555723999999998],[-107.15252599999889,39.555669000000009],[-107.15244999999888,39.555675999999998],[-107.15240699999889,39.555651000000005],[-107.15236499999888,39.555624999999992],[-107.15232699999889,39.555629000000003],[-107.1522799999989,39.555574999999997],[-107.15224199999889,39.555577999999997],[-107.15223799999887,39.555548999999999],[-107.1521619999989,39.55555600000001],[-107.15212399999889,39.555559000000009],[-107.15208599999889,39.555562999999992],[-107.15204799999889,39.555566000000006],[-107.1520099999989,39.555569000000006],[-107.15197199999889,39.555573000000003],[-107.15190099999889,39.555607999999999],[-107.1518629999989,39.555612000000004],[-107.15186699999889,39.555640999999994],[-107.1518339999989,39.555672999999985],[-107.1517959999989,39.555675999999998],[-107.15175799999889,39.555680000000002],[-107.15176299999889,39.555709000000014],[-107.15172499999889,39.555712],[-107.15169099999889,39.555743999999997],[-107.15168099999889,39.555753999999993],[-107.1516579999989,39.555775999999994],[-107.15162899999889,39.55583699999999],[-107.15163099999889,39.555852999999999],[-107.1516329999989,39.555865999999995],[-107.1516379999989,39.555895],[-107.1516039999989,39.555926999999997],[-107.15160899999888,39.555956000000009],[-107.1515879999989,39.555957999999997],[-107.1515709999989,39.555959000000009],[-107.15157499999889,39.555988000000006],[-107.1515419999989,39.556020000000004],[-107.1515079999989,39.556052999999999],[-107.15151299999889,39.556080999999999],[-107.15151299999889,39.556083000000015],[-107.15151699999889,39.556110000000004],[-107.15152199999889,39.556139000000002],[-107.1515259999989,39.556167999999992],[-107.1515309999989,39.556196999999997],[-107.15153499999889,39.556224999999998],[-107.15153999999889,39.556254000000017],[-107.15150599999889,39.556286],[-107.15151099999889,39.556314999999991],[-107.15151499999889,39.556344000000003],[-107.15148199999891,39.556376],[-107.1514859999989,39.556404999999991],[-107.15149099999888,39.556434000000017],[-107.1514529999989,39.556437000000003],[-107.15141499999889,39.556441],[-107.15137699999889,39.556443999999999],[-107.15133499999889,39.556418999999991],[-107.1512499999989,39.556367999999992],[-107.15120699999889,39.556341999999994],[-107.1511649999989,39.556317],[-107.15108499999889,39.556294999999992],[-107.15107999999888,39.556265999999994],[-107.15103799999889,39.556241],[-107.15099499999889,39.556214999999995],[-107.15095299999889,39.556190000000008],[-107.15091499999889,39.556193000000007],[-107.15087699999889,39.556196999999997],[-107.15075899999889,39.556178000000003],[-107.1507209999989,39.556182000000007],[-107.15068299999889,39.556184999999999],[-107.15053099999889,39.556199000000007],[-107.1503709999989,39.556153999999999],[-107.15033599999889,39.556145000000008],[-107.15028999999889,39.556132000000005],[-107.1502529999989,39.556135999999995],[-107.1502479999989,39.556107000000011],[-107.15020999999889,39.55610999999999],[-107.15013399999889,39.556117],[-107.15002099999889,39.556126999999996],[-107.14990699999889,39.55613799999999],[-107.14979299999891,39.556148],[-107.1496789999989,39.556158000000003],[-107.14956599999888,39.556167999999992],[-107.14945199999889,39.55617800000001],[-107.1493759999989,39.556184999999999],[-107.1492959999989,39.556162999999991],[-107.14921999999889,39.556169999999987],[-107.14918199999889,39.556172999999994],[-107.1491439999989,39.556176999999991],[-107.14906799999889,39.556184000000009],[-107.14899199999891,39.556190000000008],[-107.14895399999889,39.556194000000005],[-107.1488779999989,39.556199999999997],[-107.1485749999989,39.556228000000011],[-107.14849899999891,39.556234000000003],[-107.1484229999989,39.556241],[-107.14838999999891,39.556273000000004],[-107.14835199999891,39.556276999999994],[-107.1483139999989,39.556280000000008],[-107.1482759999989,39.556283999999998],[-107.1482429999989,39.556316000000002],[-107.1482089999989,39.556348000000007],[-107.14813299999891,39.556354999999996],[-107.1480959999989,39.556357999999996],[-107.1480619999989,39.55639],[-107.14802399999891,39.556393999999983],[-107.1480289999989,39.556422999999995],[-107.1479949999989,39.556454999999993],[-107.1479999999989,39.556483999999998],[-107.1479659999989,39.556516000000016],[-107.1479279999989,39.556519000000002],[-107.14789499999891,39.556551000000013],[-107.14786099999891,39.556584000000001],[-107.1478659999989,39.556612999999999],[-107.14782799999891,39.556616000000005],[-107.1478319999989,39.556645000000003],[-107.14779399999891,39.556648000000003],[-107.14779899999891,39.556677000000001],[-107.14776499999891,39.556708999999998],[-107.1477699999989,39.55673800000001],[-107.1477409999989,39.556798999999998],[-107.1477069999989,39.55683100000001],[-107.1477119999989,39.55686],[-107.14768299999891,39.556921000000003],[-107.1476499999989,39.556952999999993],[-107.14761599999891,39.556984999999997],[-107.1475779999989,39.556989000000009],[-107.14753999999891,39.556991999999994],[-107.14750199999891,39.556996000000005],[-107.14738899999891,39.557006000000008],[-107.1472789999989,39.557045000000002],[-107.14720299999891,39.557051999999999],[-107.1471279999989,39.557057999999991],[-107.14705599999891,39.557094000000006],[-107.14701799999891,39.557097000000006],[-107.1469799999989,39.55710100000001],[-107.14698499999891,39.557129999999987],[-107.1469469999989,39.557133],[-107.1469089999989,39.557136],[-107.14687099999891,39.55713999999999],[-107.14683299999891,39.557142999999996],[-107.1467949999989,39.557147000000001],[-107.1467569999989,39.55715],[-107.14671899999891,39.557153],[-107.14668099999891,39.557156999999997],[-107.1466439999989,39.557159999999996],[-107.14660599999891,39.557163999999993],[-107.14654999999891,39.557147999999991],[-107.1465249999989,39.557141000000001],[-107.1464869999989,39.557144999999998],[-107.1464069999989,39.557122999999997],[-107.14636899999891,39.557125999999997],[-107.14636499999891,39.557097000000006],[-107.14632699999891,39.55710100000001],[-107.1462889999989,39.55710400000001],[-107.1462839999989,39.557075000000005],[-107.14627999999891,39.557046999999997],[-107.14624199999891,39.557049999999997],[-107.1461999999989,39.55702500000001],[-107.14615699999891,39.556998999999998],[-107.1461189999989,39.557003000000002],[-107.14607699999891,39.556977000000003],[-107.14607199999891,39.556947999999998],[-107.14603399999891,39.55695200000001],[-107.14599199999891,39.556925999999997],[-107.1459499999989,39.556901000000011],[-107.1459449999989,39.556871999999998],[-107.14590299999891,39.556846999999998],[-107.1458599999989,39.556820999999999],[-107.1458229999989,39.556824999999996],[-107.14577999999891,39.556798999999998],[-107.1457379999989,39.556773999999997],[-107.14573299999891,39.556745000000006],[-107.14569499999891,39.556747999999992],[-107.14565699999891,39.556752000000003],[-107.1456199999989,39.55675500000001],[-107.14557699999891,39.556730000000002],[-107.14553899999891,39.556733000000008],[-107.1455349999989,39.556704000000003],[-107.14549699999891,39.556708],[-107.14545399999891,39.556682000000002],[-107.1454499999989,39.556654000000009],[-107.14541199999891,39.556656999999994],[-107.14536999999892,39.55663100000001],[-107.14533199999892,39.556635000000014],[-107.14528899999893,39.556608999999995],[-107.14528499999892,39.556581000000001],[-107.1452419999989,39.556555000000003],[-107.14520499999892,39.556559],[-107.1451619999989,39.556533000000002],[-107.14511999999893,39.556508000000001],[-107.14507699999892,39.556482000000003],[-107.14507299999892,39.556454000000002],[-107.14503499999891,39.556457000000002],[-107.14499299999892,39.556431999999994],[-107.14498799999892,39.556403000000003],[-107.14494999999891,39.55640600000001],[-107.14490799999892,39.556381000000016],[-107.14486999999892,39.556384000000001],[-107.14483199999891,39.556387999999991],[-107.14479399999892,39.556390999999998],[-107.14479899999893,39.556420000000003],[-107.14476499999893,39.556452],[-107.14476999999891,39.556480999999998],[-107.14473599999891,39.556512999999995],[-107.14474099999892,39.556542],[-107.14474499999892,39.556571000000012],[-107.14474899999892,39.556599000000006],[-107.14475399999893,39.556628000000003],[-107.14475799999892,39.556657000000008],[-107.1447629999989,39.556685999999999],[-107.14476699999892,39.55671499999999],[-107.14477199999892,39.556742999999983],[-107.14477599999891,39.556771999999988],[-107.14478099999891,39.556800999999993],[-107.14474699999892,39.556832999999997],[-107.14475199999892,39.556862000000002],[-107.14471399999891,39.556865000000002],[-107.14471799999892,39.556894],[-107.14472299999892,39.556922999999998],[-107.14472699999892,39.556952000000003],[-107.14473199999892,39.556981000000007],[-107.14473599999891,39.557009999999998],[-107.14474099999892,39.557037999999991],[-107.14474499999892,39.557067000000004],[-107.14470699999892,39.557071000000001],[-107.14471199999892,39.557098999999994],[-107.14467799999892,39.557131999999996],[-107.14468299999892,39.557160000000003],[-107.14468699999892,39.557189000000001],[-107.14464899999892,39.557192999999998],[-107.14465399999892,39.557220999999998],[-107.14466299999891,39.557278999999994],[-107.14466699999892,39.557307999999992],[-107.1446339999989,39.557340000000003],[-107.14463799999892,39.557368999999994],[-107.14464299999892,39.557397999999999],[-107.14464699999893,39.557425999999992],[-107.14461399999892,39.557458999999994],[-107.14461799999891,39.557487000000002],[-107.14458499999891,39.557519999999997],[-107.1445889999989,39.557548999999995],[-107.14459399999892,39.557577000000009],[-107.14459799999892,39.557606],[-107.14455999999892,39.557609999999997],[-107.14456499999892,39.557637999999997],[-107.14453099999892,39.557670999999992],[-107.14453599999892,39.557698999999992],[-107.14450699999892,39.557760000000002],[-107.14446899999892,39.557764000000006],[-107.14443499999892,39.557795999999996],[-107.14439699999892,39.557799000000003],[-107.14440199999892,39.557828000000008],[-107.14436799999892,39.557859999999991],[-107.14437099999893,39.55787999999999],[-107.14437299999892,39.557888999999996],[-107.14437699999893,39.557918000000001],[-107.14433899999892,39.557921],[-107.14430599999892,39.557953999999995],[-107.14430999999892,39.557982000000017],[-107.14427699999892,39.55801499999999],[-107.14424299999892,39.558047000000009],[-107.14420999999892,39.558078999999999],[-107.14417199999892,39.558081999999999],[-107.14418099999892,39.558140000000002],[-107.14418499999891,39.558168999999992],[-107.14414799999892,39.558172000000006],[-107.14415199999893,39.55820099999999],[-107.14415599999892,39.558229999999995],[-107.14416099999892,39.558258999999993],[-107.14416499999892,39.558288000000012],[-107.14416999999892,39.558315999999998],[-107.14414099999892,39.558377000000021],[-107.14414999999892,39.55843500000001],[-107.14415899999892,39.558492999999991],[-107.14416299999893,39.558520999999999],[-107.14417199999892,39.558579000000002],[-107.14417699999892,39.558607999999992],[-107.14418099999892,39.558637000000004],[-107.14414799999892,39.558669000000002],[-107.14415199999893,39.558698],[-107.14415699999893,39.558726000000007],[-107.14416999999892,39.558813000000008],[-107.14417399999893,39.558842000000006],[-107.14417599999892,39.558855000000001],[-107.14418299999892,39.558898999999997],[-107.14419199999892,39.558956999999999],[-107.14419699999893,39.558985999999997],[-107.14420099999892,39.559014999999995],[-107.14420599999892,39.559043000000003],[-107.14420999999892,39.559071999999986],[-107.14425699999892,39.559125999999999],[-107.14429899999892,39.55915199999999],[-107.14430399999893,39.559181000000002],[-107.14430799999892,39.559209000000003],[-107.14431699999892,39.559266999999998],[-107.14432599999893,39.559325000000008],[-107.1443309999989,39.559353999999999],[-107.14433999999892,39.559410999999997],[-107.14437799999892,39.559407999999998],[-107.14441999999892,39.559432999999991],[-107.14446699999893,39.55948699999999],[-107.14450899999892,39.55951300000001],[-107.14455199999892,39.559538000000011],[-107.14455599999891,39.559566999999994],[-107.14459799999892,39.559593],[-107.14460299999892,39.559621],[-107.14464099999891,39.559618],[-107.14464499999892,39.559647000000005],[-107.14468799999892,39.559672000000006],[-107.14472999999892,39.559697999999997],[-107.14476799999892,39.559694],[-107.14480999999893,39.559719999999999],[-107.14481499999891,39.559747999999999],[-107.14489499999893,39.559770000000007],[-107.14489999999893,39.559798999999991],[-107.14493799999892,39.559795999999999],[-107.14497999999892,39.559821000000007],[-107.1449839999989,39.559850000000012],[-107.14506499999892,39.559872000000006],[-107.14506899999893,39.559900999999989],[-107.14510699999892,39.559898000000004],[-107.14511199999892,39.559926000000011],[-107.14514999999891,39.559923000000005],[-107.14515799999891,39.559981000000022],[-107.14519599999892,39.559977000000003],[-107.14520099999892,39.560006000000008],[-107.14523899999892,39.560002999999988],[-107.14524299999891,39.560031000000002],[-107.14528599999892,39.560057000000015],[-107.14528999999892,39.560085999999998],[-107.14529499999892,39.560113999999999],[-107.14529899999891,39.560142999999997],[-107.14530299999892,39.560172000000001],[-107.14531199999891,39.560229999999997],[-107.14531699999893,39.560257999999997],[-107.14532099999892,39.560286999999995],[-107.1453259999989,39.560316000000022],[-107.14532999999891,39.560344999999991],[-107.14533499999892,39.560374000000003],[-107.14534399999891,39.560431000000001],[-107.14535299999891,39.560488999999997],[-107.14535699999891,39.560517999999988],[-107.14536199999891,39.560546999999993],[-107.1453659999989,39.560575],[-107.1453709999989,39.560603999999998],[-107.14537499999892,39.560632999999996],[-107.14537899999891,39.560662000000001],[-107.14538399999893,39.560691000000006],[-107.14543099999892,39.560744999999997],[-107.14543499999893,39.560774000000009],[-107.14547299999892,39.560770000000005],[-107.14547799999892,39.560798999999996],[-107.14548199999891,39.560828000000008],[-107.14551999999891,39.560825000000001],[-107.14552499999893,39.560852999999987],[-107.14556199999892,39.560850000000002],[-107.14556699999891,39.560879],[-107.14560499999891,39.560875000000003],[-107.1456089999989,39.560903999999994],[-107.14569399999893,39.560955000000014],[-107.1456989999989,39.560983999999998],[-107.14573599999891,39.560979999999994],[-107.1457829999989,39.56103499999999],[-107.14582599999891,39.561059999999998],[-107.1458679999989,39.561086000000003],[-107.14591499999891,39.561140000000009],[-107.14591899999891,39.561169000000014],[-107.1459619999989,39.561193999999993],[-107.14599999999891,39.561190999999994],[-107.1460419999989,39.561216000000009],[-107.14608499999891,39.56124100000001],[-107.14608899999891,39.56127],[-107.14612699999891,39.561267000000001],[-107.1461309999989,39.561295999999992],[-107.14616899999891,39.561291999999995],[-107.14621199999891,39.561317999999993],[-107.14629199999891,39.561340000000001],[-107.14637199999891,39.561361999999995],[-107.14641499999891,39.561387000000011],[-107.1464529999989,39.561383999999997],[-107.1465709999989,39.561402000000001],[-107.14664699999891,39.561396000000002],[-107.1467229999989,39.561389000000005],[-107.14679799999891,39.561382000000002],[-107.1468359999989,39.561378999999988],[-107.1468739999989,39.561374999999998],[-107.14691199999891,39.561371999999992],[-107.1469929999989,39.561394],[-107.14702999999891,39.561390000000003],[-107.14703499999891,39.561419000000001],[-107.1470769999989,39.561444999999999],[-107.14711499999891,39.561441000000002],[-107.1472289999989,39.561430999999992],[-107.14723299999891,39.561460000000011],[-107.14730899999891,39.561452999999993],[-107.14738499999891,39.561445999999989],[-107.1474659999989,39.561467999999998],[-107.14754599999891,39.561489999999992],[-107.1475839999989,39.561487],[-107.1476219999989,39.561484000000007],[-107.14765999999891,39.561480000000003],[-107.14766399999891,39.561508999999994],[-107.1477019999989,39.561506000000001],[-107.14778199999891,39.56152800000001],[-107.1478249999989,39.561553000000004],[-107.14786299999891,39.561549999999983],[-107.14789699999891,39.561570000000003],[-107.1479049999989,39.561574999999991],[-107.1479429999989,39.561571999999998],[-107.14798099999891,39.561568000000001],[-107.1480609999989,39.561589999999995],[-107.14809899999891,39.56158700000001],[-107.14810399999891,39.561615999999994],[-107.14814199999891,39.561611999999982],[-107.1481789999989,39.561608999999997],[-107.14822199999891,39.561633999999998],[-107.1482599999989,39.561630999999998],[-107.1482979999989,39.561627999999999],[-107.14833599999891,39.561624000000002],[-107.1483779999989,39.561649999999986],[-107.1484159999989,39.561646000000003],[-107.14845399999891,39.561642999999997],[-107.14846299999891,39.561700000000002],[-107.1485009999989,39.561697000000002],[-107.14854299999891,39.561722000000003],[-107.14862299999891,39.561743999999997],[-107.1486699999989,39.561799000000008],[-107.14872399999891,39.561794000000006],[-107.14874599999891,39.561792000000011],[-107.14878399999891,39.561788],[-107.1488219999989,39.561785],[-107.1489359999989,39.561774999999997],[-107.1489739999989,39.561771],[-107.14901199999889,39.561767999999994],[-107.14904999999891,39.561765000000001],[-107.14912099999889,39.561729],[-107.14919699999889,39.561721999999996],[-107.1492679999989,39.561687000000006],[-107.14938199999889,39.561675999999999],[-107.1494199999989,39.561672999999999],[-107.1494149999989,39.561644000000008],[-107.14945299999889,39.561641000000002],[-107.14949099999889,39.56163699999999],[-107.14952499999889,39.561605],[-107.14955799999889,39.561573000000003],[-107.14959599999889,39.561570000000003],[-107.14973899999889,39.561498000000007],[-107.1498479999989,39.561458999999992],[-107.1498819999989,39.561427000000002],[-107.14991899999889,39.561424000000002],[-107.14991499999888,39.561394999999997],[-107.14994799999889,39.561363],[-107.14998599999889,39.56135900000001],[-107.14998199999889,39.561330999999988],[-107.1499769999989,39.561301999999998],[-107.15001499999889,39.561298000000015],[-107.15005299999891,39.561295000000001],[-107.15009099999889,39.561292000000002],[-107.15016699999889,39.561284999999998],[-107.1502809999989,39.561275000000009],[-107.15035699999889,39.561268000000005],[-107.15038999999889,39.561236000000015],[-107.1504279999989,39.561231999999997],[-107.15047999999889,39.561228],[-107.15054199999889,39.561222000000001],[-107.15076899999889,39.561202000000002],[-107.15088299999888,39.561191999999991],[-107.1509209999989,39.561187999999994],[-107.15095899999889,39.561185000000002],[-107.15098699999889,39.561182000000002],[-107.1509969999989,39.561180999999991],[-107.15099799999889,39.561187999999994],[-107.15100099999889,39.561210000000003],[-107.15100599999889,39.561239],[-107.15100999999889,39.561267999999998],[-107.15101499999889,39.561297000000003],[-107.1510189999989,39.561324999999997],[-107.1510239999989,39.561354000000001],[-107.15102799999889,39.561382999999999],[-107.15103299999889,39.56141199999999],[-107.1510419999989,39.561469000000002],[-107.15104599999889,39.561498],[-107.15105099999889,39.561526999999984],[-107.15105499999889,39.56155600000001],[-107.15105999999889,39.561585000000001],[-107.1510639999989,39.561613000000001],[-107.15106799999889,39.561641999999999],[-107.1511199999989,39.561725000000003],[-107.15112399999889,39.561754000000008],[-107.15112899999889,39.561782999999991],[-107.15116699999889,39.561779999999992],[-107.1511759999989,39.561837000000011],[-107.15121399999889,39.561833999999998],[-107.1512559999989,39.561858999999991],[-107.15125999999889,39.561888000000003],[-107.15130299999889,39.561912999999983],[-107.15134999999889,39.561968],[-107.15135399999889,39.561996000000008],[-107.15135899999889,39.562025000000006],[-107.1514009999989,39.562050999999997],[-107.15140499999889,39.562079999999995],[-107.15140999999889,39.562108000000002],[-107.1514519999989,39.562134],[-107.15149499999889,39.562158999999994],[-107.15149899999889,39.562188000000013],[-107.15150399999889,39.562216999999997],[-107.1515419999989,39.562213000000007],[-107.15155099999889,39.562271000000003],[-107.15155499999889,39.5623],[-107.15159699999889,39.562325000000001],[-107.15160199999889,39.562353999999992],[-107.15160599999889,39.562383000000004],[-107.1516489999989,39.562408000000005],[-107.15165299999889,39.562437000000017],[-107.15166199999889,39.562494999999998],[-107.15167599999889,39.562580999999987],[-107.15167999999889,39.562609999999999],[-107.1516889999989,39.562667999999988],[-107.15169499999891,39.562704000000004],[-107.15169799999889,39.562725000000007],[-107.15170199999889,39.562753999999998],[-107.15170699999889,39.56278300000001],[-107.1517109999989,39.562812000000008],[-107.15171599999888,39.562840000000008],[-107.15171999999889,39.562868999999992],[-107.15172499999889,39.562897999999997],[-107.15172899999889,39.562927000000016],[-107.15169599999889,39.562958999999999],[-107.1516999999989,39.562987999999997],[-107.15166199999889,39.562990999999997],[-107.15167099999888,39.563048999999992],[-107.1516379999989,39.56308099999999],[-107.1516039999989,39.563112999999994],[-107.1515709999989,39.563145999999996],[-107.15157499999889,39.563173999999997],[-107.1515369999989,39.563178000000008],[-107.15150399999889,39.563209999999991],[-107.15146999999889,39.563242000000002],[-107.1514749999989,39.563271],[-107.15144199999889,39.563303000000005],[-107.1514459999989,39.56333200000001],[-107.1514079999989,39.563335000000009],[-107.15137499999889,39.563367999999997],[-107.15134099999889,39.563400000000009],[-107.15126999999889,39.563434999999998],[-107.1511649999989,39.563502999999997],[-107.1510979999989,39.563567999999989],[-107.15106499999889,39.563600000000008],[-107.15103099999889,39.563631999999998],[-107.15099299999889,39.563634999999991],[-107.15099799999889,39.563664000000003],[-107.1510019999989,39.563693000000001],[-107.15096399999889,39.563696],[-107.1509689999989,39.563725000000005],[-107.15093099999889,39.563729000000009],[-107.1509349999989,39.563757000000024],[-107.15089699999889,39.563760999999992],[-107.15086399999889,39.563792999999997],[-107.15082999999889,39.563825000000001],[-107.15083499999889,39.563853999999999],[-107.15079699999889,39.563857999999996],[-107.15080099999889,39.563885999999997],[-107.15076799999889,39.563918999999991],[-107.1507719999989,39.563947000000006],[-107.1507769999989,39.563975999999997],[-107.15073899999889,39.563980000000001],[-107.15070599999889,39.564012000000005],[-107.1507099999989,39.56404100000001],[-107.15071399999889,39.564069000000003],[-107.15071899999889,39.564098000000001],[-107.15072299999889,39.564126999999999],[-107.15072799999889,39.564155999999997],[-107.1507319999989,39.564185000000009],[-107.15076999999889,39.564180999999991],[-107.15077499999889,39.564210000000017],[-107.1508169999989,39.564234999999996],[-107.1508549999989,39.564232000000004],[-107.15089699999889,39.564256999999991],[-107.1509399999989,39.564283000000003],[-107.15097799999889,39.564279999999997],[-107.15101999999889,39.564305000000004],[-107.15109999999889,39.564326999999984],[-107.15110499999889,39.564355999999989],[-107.1511429999989,39.564352],[-107.15118499999889,39.564378000000005],[-107.15122299999889,39.564373999999994],[-107.15126999999889,39.56442899999999],[-107.15130799999891,39.564425],[-107.15134999999889,39.564451000000005],[-107.15138799999889,39.564447000000008],[-107.15139299999889,39.564475999999999],[-107.15143099999889,39.564473000000007],[-107.15143499999891,39.564500999999993],[-107.15147299999889,39.564498],[-107.15147799999889,39.564526999999998],[-107.15151599999889,39.564523000000008],[-107.1515529999989,39.564519999999995],[-107.15159099999889,39.564517000000002],[-107.1517049999989,39.564506000000002],[-107.15178099999889,39.564500000000002],[-107.15197499999888,39.564512000000008],[-107.1520889999989,39.564500999999993],[-107.15220299999889,39.564490999999997],[-107.1522409999989,39.564487999999997],[-107.15227799999889,39.564484],[-107.15235399999889,39.564478000000001],[-107.15242999999889,39.564471000000005],[-107.15258599999888,39.564486000000002],[-107.15281399999888,39.564466000000003],[-107.15292799999888,39.564455000000009],[-107.15300399999887,39.56444900000001],[-107.15299899999887,39.564419999999998],[-107.15303699999887,39.564416000000008],[-107.15303299999887,39.564388000000008],[-107.15306999999888,39.564384000000004],[-107.15318399999887,39.564374000000008],[-107.15325599999888,39.564337999999999],[-107.15344499999888,39.564320999999993],[-107.15347899999888,39.564288999999988],[-107.15351699999887,39.564285999999996],[-107.15362999999888,39.564276000000007],[-107.15378199999888,39.564262000000006],[-107.15386199999888,39.564284000000008],[-107.15394299999888,39.564306000000002],[-107.15402299999887,39.56432800000001],[-107.15402799999887,39.564357000000001],[-107.15406499999888,39.564353999999994],[-107.15406999999888,39.564382000000009],[-107.15411199999888,39.564408],[-107.15414999999888,39.564404000000003],[-107.15415499999888,39.564433000000008],[-107.15415899999888,39.564461999999992],[-107.15419699999887,39.564458999999999],[-107.15423999999888,39.564484],[-107.15427699999887,39.564480999999994],[-107.15431499999887,39.564476999999997],[-107.1543909999989,39.56447],[-107.15450499999888,39.56445999999999],[-107.15469499999888,39.564442999999997],[-107.15492199999888,39.564422999999991],[-107.15521699999887,39.564337999999999],[-107.15536799999887,39.564324000000006],[-107.15540599999888,39.564320999999993],[-107.15540199999887,39.564292000000002],[-107.15539699999887,39.564262999999997],[-107.15539299999888,39.564234999999996],[-107.15543099999888,39.564230999999992],[-107.15542599999888,39.564201999999995],[-107.15545999999888,39.564169999999997],[-107.15545499999888,39.564141000000014],[-107.15545099999888,39.564113000000013],[-107.15548399999888,39.564079999999997],[-107.15547999999889,39.564052000000004],[-107.15551299999889,39.564019000000002],[-107.15550899999887,39.563991000000001],[-107.15557999999888,39.563955],[-107.15561399999888,39.56392300000001],[-107.15565199999888,39.563919000000006],[-107.1556849999989,39.563887000000008],[-107.15572299999886,39.563883999999995],[-107.15571799999887,39.563855000000004],[-107.15575599999886,39.563851],[-107.15582799999888,39.56381600000001],[-107.15586099999888,39.563783999999998],[-107.15589899999887,39.563780000000001],[-107.15593299999888,39.563748000000004],[-107.15592799999887,39.563719000000013],[-107.15596599999887,39.563715999999992],[-107.15599899999887,39.563684000000009],[-107.15603299999887,39.563651],[-107.15607099999886,39.563648000000001],[-107.15606599999887,39.563619000000003],[-107.15609999999887,39.563587000000005],[-107.15613799999886,39.563583999999999],[-107.15621399999887,39.563577000000009],[-107.15628899999888,39.563569999999999],[-107.15636499999886,39.563562999999995],[-107.15644099999886,39.563556000000005],[-107.15647899999888,39.563552999999992],[-107.15651699999886,39.563549999999985],[-107.15652099999886,39.563578],[-107.15655899999888,39.563575],[-107.15659699999887,39.563572000000001],[-107.15667799999886,39.563594000000002],[-107.15671599999887,39.563589999999998],[-107.15671999999887,39.563619000000003],[-107.15675799999886,39.563615999999996],[-107.15676199999886,39.563643999999996],[-107.15679999999887,39.563640999999997],[-107.15683799999886,39.563637999999997],[-107.15688099999886,39.563663000000005],[-107.15692299999887,39.563688999999997],[-107.15696099999886,39.563684999999978],[-107.15700299999888,39.563710999999998],[-107.15704099999887,39.563707000000008],[-107.15704599999887,39.563735999999999],[-107.15708399999886,39.563732999999992],[-107.15712599999888,39.563758000000007],[-107.15716399999886,39.563755],[-107.15720599999888,39.563780000000001],[-107.15724899999887,39.563805000000016],[-107.15728699999886,39.563802000000003],[-107.15732899999888,39.563826999999996],[-107.15736699999886,39.563823999999997],[-107.15740499999886,39.563821000000004],[-107.15744299999886,39.563816999999993],[-107.15744699999887,39.563845999999984],[-107.15748499999886,39.563843000000006],[-107.15748999999886,39.563871000000006],[-107.15753199999887,39.563897000000004],[-107.15757499999886,39.563921999999998],[-107.15757899999886,39.56395100000001],[-107.15758399999886,39.563979999999994],[-107.15758799999887,39.564009000000006],[-107.15759699999887,39.56406599999999],[-107.15760099999888,39.564094999999995],[-107.15760599999886,39.564124],[-107.15761499999887,39.56418200000001],[-107.15758099999886,39.564214000000007],[-107.15758599999886,39.564243000000005],[-107.15758999999886,39.564270999999998],[-107.15759499999888,39.564300000000003],[-107.15759899999888,39.564329000000001],[-107.15756099999886,39.564332000000007],[-107.15752799999886,39.564364999999995],[-107.15753199999887,39.56439300000001],[-107.15753699999887,39.564422],[-107.15749899999886,39.56442599999999],[-107.15750299999888,39.564454000000005],[-107.15746599999888,39.564457999999995],[-107.15746999999888,39.564487],[-107.15747399999887,39.564515],[-107.15747899999886,39.564544000000005],[-107.15748299999886,39.564573000000003],[-107.15748799999886,39.564602000000008],[-107.15749199999887,39.564630999999999],[-107.15749699999888,39.564660000000011],[-107.15750099999886,39.564688000000004],[-107.15753899999886,39.564685000000004],[-107.15754399999888,39.564714000000009],[-107.15754799999888,39.564743],[-107.15755299999886,39.564770999999993],[-107.15759999999887,39.564825999999989],[-107.15764599999888,39.564879999999988],[-107.15765099999886,39.564909000000007],[-107.15765499999887,39.564937000000008],[-107.15765999999887,39.564966000000005],[-107.15770199999886,39.564991999999997],[-107.15770699999887,39.565019999999997],[-107.15771099999887,39.565048999999995],[-107.15771599999886,39.565078],[-107.15775799999886,39.565103999999998],[-107.15776199999887,39.565131999999998],[-107.15779999999886,39.565128999999999],[-107.15788099999887,39.565150999999993],[-107.15788499999886,39.565179999999998],[-107.15792799999886,39.565204999999999],[-107.15796599999886,39.565201999999999],[-107.15800299999886,39.565198000000002],[-107.15804599999886,39.565224000000001],[-107.15804999999887,39.565252999999998],[-107.15808799999887,39.565249000000001],[-107.15821099999887,39.565297000000001],[-107.15824899999886,39.565293000000004],[-107.15829099999888,39.565319000000002],[-107.15833399999887,39.56534400000001],[-107.15837599999887,39.565368999999997],[-107.15845599999886,39.565390999999998],[-107.15849899999887,39.565416999999997],[-107.15853699999886,39.565413999999997],[-107.15854099999886,39.565442000000012],[-107.15857899999887,39.565438999999991],[-107.15858399999888,39.565468000000003],[-107.15866399999886,39.565489999999997],[-107.15870599999886,39.565514999999998],[-107.15874899999886,39.565541000000003],[-107.15878699999887,39.565536999999999],[-107.15879099999886,39.565566000000004],[-107.15882899999887,39.565562999999997],[-107.15883399999886,39.565591000000005],[-107.15887099999887,39.565588000000005],[-107.15898499999888,39.565578000000002],[-107.15906599999886,39.565600000000003],[-107.15910399999886,39.565595999999992],[-107.15914099999887,39.565593000000007],[-107.15917899999886,39.56559],[-107.15921699999886,39.565586000000003],[-107.15925499999888,39.565582999999997],[-107.15929299999887,39.565579],[-107.15933099999886,39.565575999999993],[-107.15936899999886,39.565572999999993],[-107.15940699999888,39.565569000000011],[-107.15944499999887,39.565565999999997],[-107.15948299999884,39.565561999999993],[-107.15952099999886,39.565558999999993],[-107.15955899999886,39.565556000000015],[-107.15960099999886,39.565580999999995],[-107.15964299999885,39.565606000000002],[-107.15968099999887,39.565603000000003],[-107.15972399999886,39.565628000000004],[-107.15976199999885,39.565624999999997],[-107.15980399999886,39.565649999999998],[-107.15984599999885,39.565676000000011],[-107.15988899999886,39.56570099999999],[-107.15993099999886,39.565727000000003],[-107.16001199999884,39.565748999999997],[-107.16005399999885,39.565773999999998],[-107.16013399999885,39.565795999999999],[-107.16017199999887,39.565792999999999],[-107.16020999999886,39.565789000000002],[-107.16024799999886,39.56578600000001],[-107.16028599999885,39.565783000000003],[-107.16036199999886,39.565776],[-107.16039499999886,39.565743999999995],[-107.16042899999884,39.565711000000015],[-107.16046699999886,39.565708000000001],[-107.16046199999884,39.565679000000003],[-107.16049999999886,39.565675999999996],[-107.16049599999886,39.565647000000006],[-107.16053399999885,39.565643999999999],[-107.16052899999885,39.565615000000001],[-107.16056299999886,39.565581999999999],[-107.16059599999886,39.565550000000009],[-107.16062899999886,39.565517999999997],[-107.16066699999885,39.565515000000012],[-107.16066299999885,39.565486],[-107.16070099999885,39.565482000000003],[-107.16069599999886,39.565454000000003],[-107.16072999999885,39.565421000000008],[-107.16076799999887,39.565418000000001],[-107.16076299999885,39.565389000000003],[-107.16079699999887,39.565357000000013],[-107.16082999999885,39.565325000000001],[-107.16086399999887,39.565293000000004],[-107.16089699999887,39.565260000000009],[-107.16093099999885,39.565228000000005],[-107.16096399999886,39.565196000000007],[-107.16099699999886,39.565164000000003],[-107.16103099999884,39.565131999999998],[-107.16102599999887,39.565103000000001],[-107.16106399999885,39.565099000000004],[-107.16110199999886,39.565096000000004],[-107.16113599999885,39.565063999999985],[-107.16124999999884,39.565054000000011],[-107.16132499999887,39.565046999999993],[-107.16147699999885,39.565033],[-107.16155299999885,39.565025999999996],[-107.16159099999886,39.565022999999989],[-107.16159499999887,39.565052000000001],[-107.16159999999886,39.565081000000006],[-107.16160399999885,39.565109000000007],[-107.16160899999886,39.565137999999997],[-107.16161299999885,39.565166999999995],[-107.16165099999886,39.56516400000001],[-107.16165599999886,39.565192000000003],[-107.16165999999885,39.565220999999994],[-107.16166499999886,39.565250000000006],[-107.16170699999886,39.565275],[-107.16171099999885,39.565303999999998],[-107.16171599999886,39.565333000000003],[-107.16171999999887,39.565362],[-107.16172499999885,39.565390999999998],[-107.16172899999884,39.565419000000013],[-107.16173799999886,39.565477000000001],[-107.16178499999886,39.565531],[-107.16178999999885,39.565560000000005],[-107.16179899999885,39.565618000000001],[-107.16180799999886,39.565674999999999],[-107.16181199999886,39.565704000000004],[-107.16182099999885,39.565761999999999],[-107.16185899999887,39.565758000000002],[-107.16186299999886,39.565787],[-107.16190599999887,39.565813000000006],[-107.16190999999885,39.565840999999992],[-107.16191499999884,39.565870000000004],[-107.16191899999885,39.565899000000002],[-107.16196199999887,39.56592400000001],[-107.16200799999885,39.565978999999992],[-107.16201299999886,39.566007999999997],[-107.16205499999884,39.566032999999997],[-107.16205999999886,39.566062000000002],[-107.16206399999886,39.566091000000007],[-107.16207299999886,39.566147999999998],[-107.16207799999886,39.56617700000001],[-107.16208699999885,39.566234999999999],[-107.16209599999885,39.566291999999997],[-107.16209999999884,39.566321000000002],[-107.16206199999887,39.566324000000002],[-107.16207599999886,39.566410999999988],[-107.16208499999885,39.566468999999998],[-107.16208899999884,39.566497000000012],[-107.16210199999885,39.566584000000013],[-107.16210699999887,39.566612999999997],[-107.16211599999885,39.566670000000009],[-107.16211999999885,39.566699],[-107.16212499999887,39.566727999999998],[-107.16212899999886,39.566757000000003],[-107.16213399999884,39.566785000000003],[-107.16214299999885,39.566842999999992],[-107.16214699999885,39.566871999999996],[-107.16210899999886,39.566874999999996],[-107.16211799999886,39.566933000000013],[-107.16207999999887,39.566935999999991],[-107.16208499999885,39.566965000000003],[-107.16209399999885,39.567022999999992],[-107.16209799999885,39.567051999999997],[-107.16210299999887,39.567080000000004],[-107.16206499999885,39.567084000000001],[-107.16206899999885,39.567113000000006],[-107.16207399999887,39.567140999999992],[-107.16207799999886,39.56716999999999],[-107.16203999999885,39.567174000000001],[-107.16204499999886,39.567202000000009],[-107.16201099999887,39.567234999999989],[-107.16201999999885,39.567292000000009],[-107.16202499999886,39.567321],[-107.16202899999887,39.567349999999983],[-107.16203399999885,39.567378999999995],[-107.16203799999884,39.567407000000003],[-107.16204299999886,39.567436000000008],[-107.16204699999885,39.567464999999999],[-107.16205199999887,39.567494000000003],[-107.16205599999887,39.567523000000001],[-107.16214999999886,39.567631000000006],[-107.16219699999887,39.567685000000004],[-107.16220599999885,39.567743000000007],[-107.16225199999886,39.567797000000006],[-107.16229499999886,39.567822999999997],[-107.16230399999885,39.567880000000002],[-107.16235099999885,39.567933999999994],[-107.16239299999886,39.567959999999999],[-107.16243599999885,39.567985000000007],[-107.16243999999885,39.568013999999998],[-107.16244399999884,39.568043000000003],[-107.16252499999885,39.568065000000004],[-107.16252899999887,39.568093999999995],[-107.16253399999884,39.568123000000014],[-107.16257199999886,39.568118999999996],[-107.16258099999885,39.568177000000013],[-107.16258499999886,39.568206000000011],[-107.16262299999885,39.568201999999992],[-107.16262799999885,39.568231000000004],[-107.16266999999887,39.568255999999998],[-107.16272099999885,39.568339000000009],[-107.16272599999886,39.568367999999992],[-107.16272999999885,39.568396999999997],[-107.16277299999885,39.568422000000005],[-107.16277699999884,39.568451000000003],[-107.16278199999886,39.568480000000001],[-107.16278599999885,39.568508999999999],[-107.16283299999886,39.568563000000012],[-107.16287499999885,39.56858900000001],[-107.16287999999885,39.56861700000001],[-107.16288399999885,39.568646000000001],[-107.16288899999887,39.568674999999999],[-107.16289299999885,39.568704000000004],[-107.16289799999883,39.568733000000002],[-107.16290199999884,39.568761000000002],[-107.16290699999885,39.56879],[-107.16291099999884,39.568818999999991],[-107.16291599999883,39.568848000000003],[-107.16292499999885,39.568905000000008],[-107.16292899999884,39.568933999999999],[-107.16290499999884,39.569023999999999],[-107.16290899999886,39.569053000000011],[-107.16287599999885,39.569085000000015],[-107.16287999999885,39.569114000000006],[-107.16288499999887,39.569142999999997],[-107.16285099999885,39.569175000000008],[-107.16285599999885,39.569203999999992],[-107.16286399999886,39.569261000000004],[-107.16286899999885,39.569290000000002],[-107.16283599999886,39.569322000000007],[-107.16283999999885,39.56935099999999],[-107.16284399999886,39.569380000000002],[-107.16284899999884,39.569408999999993],[-107.16285299999885,39.569438000000005],[-107.16281999999885,39.56947000000001],[-107.16282399999884,39.569499],[-107.16278699999883,39.569502000000021],[-107.16279099999886,39.569530999999998],[-107.16279499999887,39.56956000000001],[-107.16279999999884,39.569589000000001],[-107.16276199999886,39.569592000000014],[-107.16276599999887,39.569620999999998],[-107.16273299999885,39.569653000000002],[-107.16269999999885,39.569684999999993],[-107.16266199999886,39.569689000000004],[-107.16262399999884,39.569692000000011],[-107.16258599999887,39.569695000000017],[-107.16254799999885,39.569699000000007],[-107.16250999999886,39.569701999999992],[-107.16247199999884,39.569705999999989],[-107.16242999999886,39.569679999999991],[-107.16239199999885,39.569684000000009],[-107.16235399999884,39.569686999999995],[-107.16234899999885,39.56965799999999],[-107.16231099999885,39.569662000000008],[-107.16227299999886,39.569665000000008],[-107.16226899999884,39.569635999999996],[-107.16223099999885,39.569640000000007],[-107.16219299999887,39.569642999999999],[-107.16218899999886,39.569613999999994],[-107.16215099999884,39.569617999999984],[-107.16211299999887,39.569620999999991],[-107.16207499999885,39.569624000000005],[-107.16203699999886,39.569628000000002],[-107.16199899999884,39.569631000000001],[-107.16196099999885,39.569634999999998],[-107.16188499999885,39.569640999999997],[-107.16184699999886,39.569645000000001],[-107.16180899999885,39.569648000000008],[-107.16169599999886,39.569657999999997],[-107.16165799999885,39.569661999999994],[-107.16161999999886,39.569665000000001],[-107.16158199999884,39.569668999999998],[-107.16154399999887,39.569671999999997],[-107.16150599999885,39.569674999999989],[-107.16146799999886,39.569679000000001],[-107.16135899999885,39.569718000000016],[-107.16132099999886,39.569721000000001],[-107.16124899999886,39.56975700000001],[-107.16117399999885,39.569763999999999],[-107.16109799999884,39.569769999999998],[-107.16102599999887,39.569806000000007],[-107.16094999999886,39.569813000000003],[-107.16087899999884,39.569848],[-107.16084099999885,39.56985199999999],[-107.16080299999886,39.569854999999997],[-107.16076499999885,39.569859000000001],[-107.16069399999887,39.569893999999998],[-107.16058499999885,39.569932999999999],[-107.16043699999885,39.569975999999997],[-107.16036599999885,39.570011000000001],[-107.16033199999886,39.570043000000005],[-107.16022299999885,39.570081999999992],[-107.16018499999885,39.570085999999996],[-107.16014699999884,39.570088999999996],[-107.16011399999884,39.570120999999993],[-107.16004199999885,39.570157000000002],[-107.16000499999885,39.570159999999994],[-107.15996699999886,39.570164000000005],[-107.15989099999885,39.570171000000002],[-107.15981899999885,39.570205999999992],[-107.15978599999885,39.570237999999996],[-107.15974799999886,39.570242000000007],[-107.15971499999885,39.570274000000005],[-107.15967699999888,39.570277000000004],[-107.15963899999886,39.570281000000001],[-107.15964299999887,39.570310000000006],[-107.15960499999886,39.570313000000006],[-107.15953399999884,39.570349],[-107.15949599999887,39.570352],[-107.15946199999888,39.570383999999997],[-107.15942499999888,39.570388000000008],[-107.15938699999884,39.570391000000001],[-107.15937399999888,39.570391999999998],[-107.15934899999887,39.570394],[-107.15935299999886,39.570423000000012],[-107.15931499999887,39.570426999999995],[-107.15928199999888,39.570458999999992],[-107.15928599999887,39.57048799999999],[-107.15920999999888,39.570495000000001],[-107.15917699999886,39.570527000000006],[-107.15918099999887,39.570556000000003],[-107.15914299999886,39.570559000000003],[-107.15914799999886,39.570588000000001],[-107.15914499999886,39.570590000000017],[-107.15911499999886,39.570619999999998],[-107.15907699999887,39.570622999999998],[-107.15908099999888,39.570651999999995],[-107.15904299999886,39.570656000000007],[-107.15900999999886,39.570687999999983],[-107.15897599999886,39.570720000000009],[-107.15894299999886,39.570752000000013],[-107.15890499999888,39.57075600000001],[-107.15890899999887,39.57078400000001],[-107.15887099999887,39.570788],[-107.15883799999887,39.570819999999998],[-107.15884199999888,39.570848999999995],[-107.15880399999887,39.570852000000002],[-107.15880899999888,39.570880999999993],[-107.15877499999887,39.570913000000004],[-107.15877999999887,39.570941999999995],[-107.15874199999887,39.570944999999995],[-107.15870899999886,39.570977999999997],[-107.15867499999887,39.571009999999994],[-107.15867999999888,39.571038999999992],[-107.15864599999887,39.571071000000011],[-107.15865099999887,39.571100000000001],[-107.15865499999887,39.571128999999999],[-107.15865999999886,39.571157000000007],[-107.15866399999886,39.571186000000004],[-107.15862599999886,39.571190000000001],[-107.15859299999886,39.571221999999992],[-107.15859699999886,39.571250999999997],[-107.15856399999886,39.571282999999987],[-107.15856799999887,39.571311999999999],[-107.15853499999886,39.571344000000011],[-107.15853899999888,39.571372999999994],[-107.15854399999887,39.571401000000002],[-107.15854799999886,39.571429999999999],[-107.15851499999886,39.571461999999997],[-107.15851899999886,39.571491000000009],[-107.15852399999886,39.57152],[-107.15848599999886,39.571522999999999],[-107.15845199999886,39.571556000000001],[-107.15841899999886,39.571587999999998],[-107.15838499999887,39.57162000000001],[-107.15834699999887,39.571624],[-107.15835199999887,39.571652],[-107.15831399999887,39.57165599999999],[-107.15827999999887,39.571687999999995],[-107.15824699999887,39.571719999999999],[-107.15820899999888,39.57172400000001],[-107.15817599999887,39.571756000000008],[-107.15814199999886,39.571787999999998],[-107.15814699999886,39.571816999999996],[-107.15810899999886,39.571819999999995],[-107.15811299999888,39.571849000000007],[-107.15807499999886,39.571852],[-107.15793299999886,39.571924000000003],[-107.15785699999888,39.571929999999995],[-107.15767599999886,39.57200499999999],[-107.15757099999887,39.57207300000001],[-107.15753299999886,39.572075999999996],[-107.15753799999887,39.572105000000001],[-107.15754199999888,39.572133999999998],[-107.15750399999887,39.572136999999998],[-107.15750899999888,39.572165999999996],[-107.15747499999887,39.572198000000007],[-107.15743699999888,39.572201999999997],[-107.15739899999886,39.57220499999999],[-107.15721899999886,39.572279999999999],[-107.15718499999886,39.572312000000004],[-107.15718999999886,39.572341000000002],[-107.15715199999886,39.572344000000001],[-107.15715599999886,39.572372999999999],[-107.15711799999887,39.572375999999991],[-107.15707999999886,39.57238000000001],[-107.15708499999887,39.572409],[-107.15704699999887,39.572412],[-107.15700899999887,39.572414999999992],[-107.15701299999887,39.57244399999999],[-107.15697599999886,39.572448000000001],[-107.15694199999888,39.572479999999999],[-107.15690399999886,39.572482999999998],[-107.15682799999887,39.572489999999995],[-107.15678999999888,39.572492999999994],[-107.15671899999886,39.572529000000003],[-107.15668099999887,39.572531999999995],[-107.15664799999887,39.572564999999997],[-107.15660999999888,39.572567999999997],[-107.15657199999886,39.572571000000003],[-107.15657599999886,39.572599999999994],[-107.15653799999886,39.572603999999998],[-107.15649999999886,39.572606999999991],[-107.15646199999887,39.572609999999997],[-107.15646699999888,39.572639000000002],[-107.15642899999887,39.572642999999992],[-107.15639099999889,39.572646000000006],[-107.15635299999886,39.572648999999998],[-107.15631999999886,39.572681999999993],[-107.15628199999887,39.572685000000007],[-107.15628599999887,39.572713999999984],[-107.15625299999887,39.572746000000002],[-107.15621499999889,39.572748999999995],[-107.15618099999887,39.572782000000004],[-107.15614299999888,39.572784999999996],[-107.15607199999887,39.572821000000005],[-107.15603399999887,39.572823999999983],[-107.1560389999989,39.572853000000002],[-107.15600499999887,39.572884999999999],[-107.15596699999888,39.572887999999992],[-107.15597199999888,39.572916999999997],[-107.15593399999888,39.572921000000008],[-107.15593799999888,39.572949000000001],[-107.15589999999889,39.572952999999998],[-107.15586199999888,39.572955999999991],[-107.15579499999888,39.573020999999997],[-107.15575699999887,39.573023999999997],[-107.15576199999887,39.573053000000002],[-107.1556909999989,39.573087999999998],[-107.15565299999888,39.573092000000003],[-107.15561899999888,39.573124000000007],[-107.15558099999888,39.573126999999999],[-107.15554799999887,39.573160000000001],[-107.15550999999888,39.573163000000001],[-107.15547599999888,39.573194999999991],[-107.15543799999888,39.57319900000001],[-107.15544299999888,39.573226999999996],[-107.15540499999888,39.573231000000007],[-107.15536699999888,39.573233999999999],[-107.15532899999887,39.573238000000011],[-107.15529099999888,39.573241000000003],[-107.1552959999989,39.573270000000001],[-107.15525799999888,39.573273000000007],[-107.15521999999889,39.573277000000004],[-107.15514799999887,39.573312000000001],[-107.15511499999887,39.57334500000001],[-107.1550769999989,39.573348000000003],[-107.1550439999989,39.573379999999993],[-107.15500599999888,39.57338399999999],[-107.15500999999888,39.57341199999999],[-107.15497199999888,39.573416000000009],[-107.15493899999888,39.573447999999999],[-107.15490499999889,39.573479999999996],[-107.15486699999887,39.573484000000001],[-107.15483399999887,39.573516000000005],[-107.15479599999888,39.57351899999999],[-107.15475799999888,39.573523000000002],[-107.15472499999888,39.573554999999999],[-107.15469099999888,39.573587000000011],[-107.15469599999889,39.573616000000008],[-107.15465799999888,39.573619000000001],[-107.15462399999888,39.573650999999991],[-107.15459099999887,39.573683999999993],[-107.1545529999989,39.573686999999993],[-107.15451899999887,39.57371899999999],[-107.15452399999889,39.573748000000009],[-107.15448599999888,39.573750999999994],[-107.15448999999887,39.573779999999999],[-107.15445199999888,39.573784000000003],[-107.15441899999888,39.573816000000008],[-107.15438099999888,39.573818999999993],[-107.15435199999889,39.573880000000003],[-107.15431899999888,39.573912],[-107.15428499999888,39.573945000000009],[-107.15425199999888,39.573977000000006],[-107.15421799999888,39.57400899999999],[-107.15417999999889,39.57401200000001],[-107.15418499999888,39.574041000000008],[-107.15414699999887,39.574044999999991],[-107.15411299999887,39.574077000000017],[-107.15407499999888,39.574080000000009],[-107.15407999999887,39.574108999999986],[-107.15404199999888,39.574112],[-107.1540469999989,39.57414099999999],[-107.15401299999888,39.574173999999999],[-107.15401799999887,39.574202],[-107.15397999999888,39.574205999999997],[-107.15398399999887,39.574235000000002],[-107.15398899999887,39.574263000000002],[-107.15399299999888,39.574292],[-107.15395499999889,39.574295999999997],[-107.15395999999888,39.574324000000004],[-107.15396399999888,39.574352999999995],[-107.15393099999888,39.574384999999992],[-107.15393499999888,39.574414000000004],[-107.15394399999887,39.574472],[-107.15394799999888,39.574500999999998],[-107.15395299999889,39.574528999999998],[-107.1539569999989,39.57455800000001],[-107.15392399999888,39.574590000000001],[-107.15388999999888,39.57462300000001],[-107.15389499999888,39.574651000000003],[-107.15390399999887,39.574708999999999],[-107.15386599999887,39.57471300000001],[-107.15386999999888,39.574740999999996],[-107.15383699999887,39.574774000000005],[-107.15384099999888,39.574801999999991],[-107.15380399999887,39.574806000000002],[-107.15380799999888,39.574835000000007],[-107.15377499999887,39.574866999999998],[-107.15377899999889,39.574896000000003],[-107.15374099999887,39.574898999999995],[-107.15374599999889,39.574928],[-107.15374999999888,39.574956999999998],[-107.15375399999888,39.574984999999991],[-107.15371699999888,39.574989000000002],[-107.15372099999888,39.575018],[-107.15372599999888,39.575045999999993],[-107.15368799999888,39.575050000000005],[-107.15369199999888,39.575079000000009],[-107.15365899999888,39.575110999999993],[-107.15366299999887,39.575140000000005],[-107.15366799999887,39.575167999999991],[-107.15367199999888,39.575197000000024],[-107.15367599999888,39.575225999999994],[-107.15368099999888,39.575254999999999],[-107.15368499999887,39.575283999999996],[-107.15368999999887,39.575313000000008],[-107.15369399999888,39.575340999999995],[-107.15365599999889,39.575345000000006],[-107.15366099999888,39.575374000000004],[-107.15366499999888,39.575401999999997],[-107.15363199999888,39.575434999999992],[-107.15363599999888,39.575462999999992],[-107.1536029999989,39.575495999999987],[-107.15356499999888,39.575499000000001],[-107.15356899999888,39.575527999999998],[-107.15353199999888,39.575530999999998],[-107.15353599999888,39.575559999999996],[-107.15350299999888,39.575591999999993],[-107.15350699999888,39.575620999999998],[-107.15346899999888,39.575623999999998],[-107.15343099999889,39.575628000000002],[-107.15339799999889,39.575660000000006],[-107.15335999999888,39.575662999999984],[-107.15336399999887,39.575692000000004],[-107.15332599999888,39.575696000000008],[-107.15324999999888,39.575701999999986],[-107.15321299999887,39.575705999999997],[-107.1531749999989,39.57570900000001],[-107.15310299999888,39.575744999999991],[-107.15306499999888,39.57574799999999],[-107.15302699999887,39.575752000000001],[-107.15298899999888,39.575755000000008],[-107.15295099999888,39.575758000000008],[-107.1528759999989,39.575765000000004],[-107.15279999999889,39.575772000000001],[-107.15276199999889,39.575775],[-107.15264799999889,39.575786000000001],[-107.15261499999889,39.575817999999998],[-107.15257699999889,39.575820999999991],[-107.1525389999989,39.575825000000023],[-107.15250099999889,39.575828000000008],[-107.15246299999889,39.575831000000001],[-107.15238699999891,39.575837999999997],[-107.15227299999889,39.575847999999993],[-107.1522399999989,39.57588100000001],[-107.1522059999989,39.575912999999993],[-107.15212999999889,39.575920000000004],[-107.1520919999989,39.575923000000003],[-107.15202199999889,39.575958],[-107.1520209999989,39.57595899999999],[-107.1520259999989,39.575986999999991],[-107.15198799999889,39.575991000000009],[-107.1519919999989,39.57602],[-107.1519539999989,39.576022999999992],[-107.15191599999891,39.576025999999999],[-107.15187799999889,39.576030000000003],[-107.15188299999889,39.576058999999987],[-107.15184499999889,39.576062],[-107.1518069999989,39.576065000000014],[-107.15176899999889,39.576069000000004],[-107.15173099999889,39.576072000000003],[-107.15169299999889,39.576076],[-107.1516549999989,39.576078999999993],[-107.15161699999889,39.576082],[-107.15157899999889,39.576085999999997],[-107.15154099999889,39.576089000000003],[-107.1515029999989,39.576093000000014],[-107.15146599999889,39.576096],[-107.15142799999889,39.576099000000013],[-107.15138999999891,39.576102999999996],[-107.15131399999889,39.57611],[-107.15127599999889,39.576113000000007],[-107.1512379999989,39.576115999999999],[-107.15119999999889,39.576119999999996],[-107.15116199999889,39.576123000000003],[-107.15112399999889,39.576127],[-107.1510859999989,39.576129999999992],[-107.15104799999891,39.576133000000006],[-107.15100999999889,39.576137000000003],[-107.15097199999889,39.576140000000002],[-107.1509339999989,39.576144000000006],[-107.15089699999889,39.576147000000006],[-107.15082099999888,39.576153999999988],[-107.1507829999989,39.576157000000002],[-107.1507489999989,39.576189000000007],[-107.15071099999889,39.576193000000018],[-107.15067299999889,39.576196000000003],[-107.15063499999889,39.5762],[-107.15056399999889,39.57623499999999],[-107.15048799999889,39.576241999999993],[-107.1504499999989,39.576245],[-107.15041199999889,39.576248999999997],[-107.15037899999889,39.576280999999994],[-107.15034099999889,39.576284000000008],[-107.1502739999989,39.576348999999993],[-107.1502359999989,39.576352000000014],[-107.15019799999889,39.576355999999997],[-107.1502029999989,39.57638399999999],[-107.1501689999989,39.576416999999999],[-107.15013099999889,39.576419999999999],[-107.15009799999891,39.576452000000003],[-107.1501019999989,39.576481000000001],[-107.15006399999889,39.576484000000001],[-107.15003099999889,39.576517000000003],[-107.15003499999889,39.576544999999996],[-107.14999699999889,39.576549],[-107.14995999999888,39.576552],[-107.14996399999889,39.576581000000019],[-107.14996799999889,39.576610000000002],[-107.14993099999889,39.576612999999995],[-107.14989699999889,39.576644999999999],[-107.14974499999889,39.576658999999992],[-107.1497499999989,39.576687999999997],[-107.14971199999889,39.576690999999997],[-107.14971599999889,39.576720000000009],[-107.14967799999889,39.576723000000015],[-107.1496449999989,39.576756000000003],[-107.14960699999889,39.57675900000001],[-107.14956899999891,39.576762000000009],[-107.14949799999889,39.576797999999989],[-107.1494599999989,39.576800999999996],[-107.14942199999891,39.576805],[-107.1494259999989,39.576833999999998],[-107.14938799999889,39.576837000000005],[-107.1493499999989,39.576840000000004],[-107.14931199999889,39.576843999999994],[-107.14927499999891,39.576847000000008],[-107.14923699999891,39.576850999999998],[-107.14919899999889,39.576853999999997],[-107.14912399999891,39.576861000000001],[-107.14912299999891,39.576861000000001],[-107.14908499999891,39.576864000000008],[-107.14900899999891,39.576870999999997],[-107.14897099999891,39.576873999999997],[-107.14893299999891,39.576878000000001],[-107.1488949999989,39.576881000000007],[-107.14889099999891,39.576852000000002],[-107.14885299999891,39.576855999999992],[-107.1488099999989,39.576830000000008],[-107.14873499999891,39.576836999999998],[-107.1486969999989,39.576840000000004],[-107.1486919999989,39.576811999999983],[-107.1486539999989,39.576815000000003],[-107.14861199999891,39.576790000000003],[-107.1485739999989,39.576793000000002],[-107.1485359999989,39.576796000000009],[-107.14849799999891,39.576800000000006],[-107.14845999999891,39.576802999999991],[-107.1484219999989,39.576806999999995],[-107.1483839999989,39.576809999999995],[-107.14837999999891,39.576780999999997],[-107.1483369999989,39.576755999999989],[-107.14829499999891,39.576729999999984],[-107.14825699999891,39.576734000000002],[-107.1482529999989,39.57670499999999],[-107.1482149999989,39.576708000000004],[-107.14820999999891,39.576680000000003],[-107.1481249999989,39.576628999999997],[-107.14811599999891,39.576571000000001],[-107.1480779999989,39.576574000000001],[-107.1480739999989,39.576546000000008],[-107.1480269999989,39.57649099999999],[-107.14798499999891,39.576466000000011],[-107.14794699999891,39.576469000000003],[-107.14794199999891,39.576441000000003],[-107.1479379999989,39.576411999999998],[-107.14789499999891,39.576385999999999],[-107.14789099999891,39.576357999999999],[-107.1478529999989,39.576360999999999],[-107.14781199999891,39.576335999999998],[-107.14781099999891,39.576335999999991],[-107.14780599999891,39.576306999999993],[-107.1477639999989,39.576281000000002],[-107.1477589999989,39.576253000000008],[-107.14774999999891,39.576194999999998],[-107.1477079999989,39.576168999999993],[-107.14769899999891,39.576112000000002],[-107.14766099999891,39.576115000000001],[-107.1476569999989,39.576085999999997],[-107.14761899999891,39.576089999999994],[-107.14761399999891,39.576060999999996],[-107.1476049999989,39.576002999999993],[-107.1476009999989,39.575974999999993],[-107.14756299999891,39.575978000000006],[-107.14755799999891,39.575949000000008],[-107.1475269999989,39.575899000000007],[-107.14750699999891,39.575865999999998],[-107.14746899999891,39.575870000000002],[-107.1474649999989,39.575840999999997],[-107.14742199999891,39.575814999999977],[-107.14741799999891,39.575786000000001],[-107.14741299999891,39.575758000000008],[-107.1473749999989,39.575760999999993],[-107.14737099999891,39.575732000000009],[-107.1473289999989,39.575707000000001],[-107.1472909999989,39.575709999999987],[-107.1472859999989,39.575680999999989],[-107.14724399999891,39.575656000000002],[-107.1472009999989,39.575631000000001],[-107.14715899999891,39.575605000000003],[-107.1471209999989,39.575609000000007],[-107.1471169999989,39.575580000000009],[-107.14707399999891,39.575554000000004],[-107.14706999999891,39.575526000000004],[-107.1470319999989,39.575529000000003],[-107.14698899999891,39.575502999999991],[-107.1469469999989,39.57547799999999],[-107.14694499999891,39.575474000000007],[-107.14680499999891,39.57551999999999],[-107.14682099999891,39.575642000000002],[-107.1467779999989,39.575679999999998],[-107.14664099999891,39.575874999999996],[-107.14634299999891,39.575875000000011],[-107.1461759999989,39.575772999999998],[-107.1460029999989,39.575775999999998],[-107.14576299999892,39.575828999999992],[-107.14566299999892,39.576029999999996],[-107.14569899999891,39.576266000000011],[-107.14575399999892,39.576455999999993],[-107.14555699999892,39.57654999999999],[-107.14540399999892,39.576623000000005],[-107.14520499999892,39.576492000000002],[-107.14505199999893,39.576318000000008],[-107.14503899999892,39.576306000000002],[-107.14501199999891,39.576318999999991],[-107.14499799999892,39.576333000000005],[-107.14498499999893,39.576346000000001],[-107.14497099999892,39.576358999999989],[-107.14497299999891,39.576371000000002],[-107.14495899999892,39.576384000000004],[-107.14494399999892,39.576384999999988],[-107.14494499999893,39.576396999999993],[-107.14492999999892,39.576398000000012],[-107.14493199999892,39.576410000000003],[-107.14493299999891,39.576422000000008],[-107.14491799999892,39.576422999999998],[-107.14491999999892,39.576435000000011],[-107.14489099999892,39.576450000000001],[-107.14487699999891,39.57646299999999],[-107.14487899999892,39.576475000000002],[-107.14486299999892,39.576476],[-107.14486499999892,39.576487999999998],[-107.14483399999892,39.576491000000004],[-107.14483599999892,39.57650300000001],[-107.14480599999892,39.576516999999996],[-107.14479099999892,39.576518999999998],[-107.14477699999892,39.576532],[-107.14476199999892,39.576533000000005],[-107.14474799999893,39.576546000000015],[-107.14471899999891,39.576560999999998],[-107.14470499999892,39.576574000000008],[-107.14470699999892,39.576585999999985],[-107.14467799999892,39.576600999999997],[-107.14466399999893,39.576613999999999],[-107.14466599999892,39.57662599999999],[-107.14464999999892,39.576626999999995],[-107.14465199999891,39.576638999999993],[-107.14463599999893,39.576639999999983],[-107.14462299999892,39.576652999999993],[-107.14461599999892,39.576659999999997],[-107.14461999999892,39.576684999999998],[-107.14462699999892,39.576729999999984],[-107.14469299999892,39.57677000000001],[-107.14469999999892,39.576815000000011],[-107.14476599999892,39.57685399999999],[-107.14483299999893,39.576893999999996],[-107.14483999999892,39.576938999999996],[-107.14484699999892,39.576983999999996],[-107.14485399999892,39.577028999999989],[-107.14480099999892,39.577080000000002],[-107.1448079999989,39.577125000000009],[-107.14481499999891,39.577169999999995],[-107.14482199999892,39.577215000000002],[-107.1447629999989,39.57721999999999],[-107.14476999999891,39.577265000000004],[-107.14471799999892,39.577314999999999],[-107.14466499999892,39.577365999999991],[-107.14461299999893,39.577415999999999],[-107.14461999999892,39.577461],[-107.14456099999892,39.577465999999994],[-107.14457499999892,39.577556000000008],[-107.14451499999892,39.577561999999993],[-107.14446299999892,39.577612000000009],[-107.14440399999891,39.577616999999996],[-107.14434499999892,39.577622999999996],[-107.14422599999892,39.577632999999999],[-107.14410099999893,39.577598999999999],[-107.14404099999892,39.577604000000015],[-107.14398199999891,39.577609000000017],[-107.14397499999892,39.577564000000017],[-107.14391599999892,39.577570000000001],[-107.14390899999891,39.577525000000023],[-107.14384299999892,39.577484999999996],[-107.14377599999892,39.577445000000019],[-107.14376899999893,39.577400000000004],[-107.14376199999892,39.577354999999997],[-107.14375499999892,39.577309999999983],[-107.14368899999891,39.577269999999999],[-107.14368199999892,39.577225000000013],[-107.14361599999891,39.57718599999999],[-107.14360899999892,39.577141000000005],[-107.14360199999892,39.577096000000004],[-107.14353599999892,39.577055999999985],[-107.14352899999892,39.577010999999992],[-107.14352199999892,39.576965999999999],[-107.14346199999892,39.576971000000015],[-107.14345499999892,39.576926],[-107.14344799999893,39.576881],[-107.14338899999892,39.576886000000002],[-107.14338199999892,39.576841000000002],[-107.14336799999892,39.576751000000009],[-107.14330899999892,39.576756999999986],[-107.14330199999893,39.576712000000001],[-107.14324299999892,39.576717000000009],[-107.14323599999892,39.576672000000009],[-107.14322899999893,39.576626999999995],[-107.14316999999892,39.576631999999989],[-107.14316299999892,39.576587000000011],[-107.14310299999892,39.576592999999988],[-107.14304399999892,39.576597999999997],[-107.14298499999892,39.576602999999999],[-107.14297799999892,39.576558000000006],[-107.14291799999891,39.576563000000007],[-107.14285899999892,39.576568999999999],[-107.14279999999891,39.576574000000008],[-107.14279299999892,39.576529000000001],[-107.14272699999891,39.576489000000002],[-107.14260799999892,39.576500000000003],[-107.14260099999892,39.57645500000001],[-107.14254199999893,39.57645999999999],[-107.14253499999892,39.576414999999997],[-107.14252799999892,39.57636999999999],[-107.14252099999892,39.576324999999997],[-107.14251399999893,39.576279999999997],[-107.14250699999891,39.57623499999999],[-107.14256599999892,39.576230000000002],[-107.14262599999893,39.576224000000011],[-107.14268499999892,39.576219000000002],[-107.14274399999891,39.576214],[-107.14280299999892,39.576208999999984],[-107.14286299999893,39.576203],[-107.14292199999892,39.576198000000005],[-107.14292899999892,39.576242999999991],[-107.14298799999892,39.576238000000004],[-107.14304699999892,39.576231999999983],[-107.14311399999892,39.576271999999996],[-107.14317299999892,39.576267000000009],[-107.14323199999892,39.576261000000002],[-107.14323899999891,39.576306000000002],[-107.14330499999892,39.576346000000001],[-107.14336499999892,39.576340999999992],[-107.14343099999893,39.576380999999998],[-107.14348999999892,39.576374999999999],[-107.14355599999892,39.576414999999997],[-107.14361599999891,39.57641000000001],[-107.14362299999893,39.576455000000003],[-107.14368199999892,39.576449000000011],[-107.14368899999891,39.576493999999997],[-107.14374799999892,39.576488999999995],[-107.14375499999892,39.576533999999995],[-107.14381399999893,39.576529000000001],[-107.14387399999892,39.576524000000006],[-107.14393299999892,39.576518000000007],[-107.14399199999892,39.576512999999998],[-107.14405199999892,39.576507999999997],[-107.14411099999892,39.576502000000005],[-107.14410399999892,39.576457000000005],[-107.14416299999893,39.576452000000003],[-107.14427499999891,39.57639600000001],[-107.14426799999892,39.576350999999995],[-107.14426099999892,39.576306000000002],[-107.14431999999891,39.576300999999994],[-107.14431299999892,39.576256000000001],[-107.14436499999891,39.576205999999999],[-107.14435799999892,39.576160999999999],[-107.14441799999892,39.576154999999993],[-107.14441099999891,39.57611],[-107.14446999999892,39.576104999999998],[-107.14446299999892,39.576059999999998],[-107.14445599999891,39.576014999999991],[-107.14444899999891,39.575970000000005],[-107.14450099999893,39.575920000000011],[-107.14449399999891,39.575874999999996],[-107.14454399999892,39.575827000000011],[-107.14444899999891,39.575766000000009],[-107.14437999999892,39.575773000000005],[-107.14428499999892,39.575698000000003],[-107.14418299999892,39.575596999999995],[-107.14423999999892,39.57546700000001],[-107.14428899999892,39.575344000000008],[-107.14425399999892,39.575219999999995],[-107.14415999999892,39.575116000000001],[-107.14406099999891,39.575057000000001],[-107.14391599999892,39.574903999999997],[-107.14373899999892,39.574786000000003],[-107.14355499999893,39.574704000000011],[-107.14330399999892,39.574584000000009],[-107.14305599999892,39.574577999999995],[-107.14286899999892,39.574705999999992],[-107.14270299999892,39.574729000000005],[-107.14265699999892,39.574733999999999],[-107.14252399999891,39.574681000000005],[-107.14231199999892,39.574725000000008],[-107.14229499999892,39.574938000000003],[-107.14215799999891,39.574807],[-107.14201199999893,39.574762999999997],[-107.14179499999894,39.574839999999995],[-107.14168099999894,39.574673999999995],[-107.14155899999894,39.574519000000009],[-107.14133099999893,39.574433000000006],[-107.14112899999894,39.574437000000017],[-107.14078299999893,39.57433000000001],[-107.14062499999893,39.574218000000002],[-107.14042899999892,39.574159999999999],[-107.14032099999893,39.574127999999995],[-107.14014499999894,39.574126000000007],[-107.13996699999893,39.574112000000014],[-107.13974299999893,39.573931000000002],[-107.13947099999892,39.573936000000003],[-107.13926899999893,39.573934999999999],[-107.13906599999893,39.573839000000014],[-107.13891999999893,39.573737000000001],[-107.13874599999893,39.573707999999996],[-107.13854599999894,39.573689000000009],[-107.13833499999893,39.573685999999995],[-107.13820099999894,39.57366300000001],[-107.13805999999894,39.57354999999999],[-107.13784499999895,39.573419000000008],[-107.13770399999895,39.57330300000001],[-107.13745599999895,39.573132000000008],[-107.13715899999895,39.572915000000009],[-107.13689499999894,39.572711999999996],[-107.13657099999895,39.572493999999999],[-107.13619299999895,39.57235],[-107.13578599999893,39.572152000000003],[-107.13571499999895,39.572117000000006],[-107.13584899999894,39.571935999999994],[-107.13582299999894,39.571714],[-107.13577299999895,39.57165899999999],[-107.13657799999895,39.571435999999991],[-107.13660199999894,39.570757000000008],[-107.13633899999894,39.570424000000003],[-107.13561199999893,39.570538999999997],[-107.13537699999895,39.570886999999999],[-107.13516499999895,39.570878999999984],[-107.13505299999893,39.571110000000004],[-107.13483499999896,39.571343000000006],[-107.13466699999896,39.571525000000001],[-107.13450699999895,39.571442999999995],[-107.13431399999895,39.57136400000001],[-107.13404499999896,39.571365],[-107.13384199999896,39.571310000000004],[-107.13362399999895,39.571328999999992],[-107.13346199999896,39.571461999999997],[-107.13328899999895,39.571497000000001],[-107.13314499999895,39.571424999999998],[-107.13297099999895,39.57143099999999],[-107.13291499999896,39.571534999999997],[-107.13296299999895,39.571667999999995],[-107.13296099999894,39.571775000000002],[-107.13267399999894,39.571699999999993],[-107.13239299999896,39.571611000000011],[-107.13234699999894,39.57147100000001],[-107.13237999999896,39.571270000000005],[-107.13244799999896,39.57110200000001],[-107.13237299999896,39.570962999999999],[-107.13219899999895,39.570909000000007],[-107.13214299999896,39.570827999999992],[-107.13198899999895,39.570855000000009],[-107.13187299999896,39.570870999999983],[-107.13182899999894,39.570875000000008],[-107.13179499999896,39.570875999999998],[-107.13176999999897,39.570873999999996],[-107.13175499999895,39.570869999999999],[-107.13175099999894,39.570866000000002],[-107.13174999999896,39.570861000000001],[-107.13175199999897,39.570856000000006],[-107.13175699999894,39.570849000000003],[-107.13177199999896,39.570838999999999],[-107.13180599999895,39.570821000000002],[-107.13184799999897,39.570799000000001],[-107.13186899999896,39.570785000000001],[-107.13187599999895,39.570774],[-107.13187699999897,39.570764000000004],[-107.13187199999895,39.570754000000001],[-107.13185999999895,39.570745000000016],[-107.13184199999897,39.570734999999992],[-107.13181799999896,39.570725999999993],[-107.13178799999895,39.570717000000002],[-107.13175199999897,39.570708000000003],[-107.13165999999896,39.570691999999994],[-107.13155399999894,39.570680000000003],[-107.13145099999896,39.570673999999997],[-107.13140599999898,39.570673999999997],[-107.13136899999898,39.570676000000006],[-107.13134099999897,39.570678999999998],[-107.13131299999895,39.570683999999993],[-107.13125199999897,39.57070199999999],[-107.13119299999897,39.570723999999998],[-107.13104099999896,39.570789999999995],[-107.13099599999896,39.570806000000005],[-107.13095499999896,39.57081800000001],[-107.13088099999896,39.570835000000002],[-107.13073899999898,39.570861999999991],[-107.13059299999897,39.570883000000002],[-107.13051399999898,39.570891999999994],[-107.13043599999898,39.570898000000007],[-107.13035799999898,39.570903000000015],[-107.13028199999897,39.570906000000001],[-107.13020699999896,39.570906000000001],[-107.13013399999896,39.570905000000003],[-107.13006299999898,39.570902000000004],[-107.12999499999896,39.570895999999991],[-107.12992999999898,39.570889000000015],[-107.12986799999896,39.570880000000002],[-107.12980799999896,39.570869000000009],[-107.12975199999897,39.570855999999999],[-107.12969899999898,39.570841000000009],[-107.12964999999897,39.570823999999995],[-107.12960399999896,39.570805999999997],[-107.12956099999896,39.570785999999998],[-107.12953699999898,39.570771999999984],[-107.12951399999896,39.570756000000003],[-107.12949199999898,39.570737999999999],[-107.12947099999897,39.570717999999992],[-107.12943199999896,39.570670999999997],[-107.12939599999898,39.570614999999997],[-107.12936199999896,39.570549],[-107.12932599999898,39.570464000000001],[-107.12925599999896,39.570282999999996],[-107.12923099999897,39.570228999999998],[-107.12920699999897,39.570181000000005],[-107.12918499999898,39.570141999999997],[-107.12916199999897,39.570107],[-107.12913799999897,39.570074999999996],[-107.12911199999897,39.570047000000002],[-107.12908499999898,39.570020999999997],[-107.12905599999898,39.569997999999998],[-107.12902499999898,39.569978000000006],[-107.12899299999896,39.569960000000002],[-107.12890799999897,39.56992000000001],[-107.12884299999898,39.569893999999991],[-107.12878499999896,39.569874999999996],[-107.12873199999898,39.569863999999995],[-107.12872999999897,39.56986400000001],[-107.12872799999897,39.56986400000001],[-107.12870299999896,39.569862000000008],[-107.12867599999896,39.569862999999991],[-107.12864799999896,39.569867000000002],[-107.12861699999897,39.569874000000013],[-107.12858299999898,39.569884000000009],[-107.12854499999897,39.569896999999997],[-107.12840199999896,39.569955999999998],[-107.12834499999897,39.569977000000009],[-107.12831399999897,39.56998500000001],[-107.12828699999896,39.569990000000004],[-107.12826299999897,39.569991999999999],[-107.12823999999897,39.569990000000004],[-107.12821799999897,39.569985999999986],[-107.12819799999897,39.569977999999999],[-107.12817799999898,39.569966999999984],[-107.12815999999896,39.569952999999991],[-107.12814299999897,39.569937000000017],[-107.12812599999897,39.569916999999997],[-107.12811099999897,39.569893],[-107.12809599999898,39.569865999999998],[-107.12806499999898,39.569796999999994],[-107.12800499999896,39.569634000000008],[-107.12797299999897,39.569563000000002],[-107.12794099999897,39.569507000000002],[-107.12792299999896,39.569482999999991],[-107.12790499999898,39.569462000000009],[-107.12788499999898,39.569442999999993],[-107.12786499999896,39.569426999999997],[-107.12782399999898,39.56940199999999],[-107.12777199999897,39.569376999999996],[-107.12770399999896,39.56935],[-107.12755799999897,39.569299000000001],[-107.12749999999897,39.569277],[-107.12744499999899,39.569251999999992],[-107.12740499999897,39.569227000000005],[-107.12738199999897,39.569207000000006],[-107.12736299999899,39.569186999999999],[-107.12734799999896,39.569164999999998],[-107.12733699999897,39.569141999999999],[-107.12728399999898,39.56907600000001],[-107.12724499999898,39.568973],[-107.12720199999897,39.568977000000004],[-107.12720899999898,39.569021999999997],[-107.12714899999898,39.569026999999998],[-107.12708999999897,39.56903299999999],[-107.12703799999898,39.569082999999992],[-107.12697799999899,39.569088000000008],[-107.12698499999898,39.569133000000001],[-107.12692599999897,39.569138999999993],[-107.12687399999899,39.569189000000009],[-107.12681499999897,39.569194000000003],[-107.12682199999898,39.569239000000003],[-107.12676199999898,39.569244000000005],[-107.12670999999899,39.569295000000004],[-107.12659199999898,39.569305000000007],[-107.12659799999898,39.56935],[-107.12653899999897,39.569355999999992],[-107.126545999999,39.569401000000006],[-107.12648699999899,39.569406000000008],[-107.12643499999898,39.569456000000002],[-107.12637499999897,39.569462000000009],[-107.12631599999898,39.56946700000001],[-107.12625699999897,39.569472000000005],[-107.12619799999899,39.569478000000004],[-107.12613799999897,39.569482999999991],[-107.12607899999898,39.569488],[-107.12607199999897,39.569442999999993],[-107.12601299999898,39.569448000000008],[-107.12594699999897,39.569409],[-107.12587999999897,39.569369000000002],[-107.12582099999898,39.569373999999996],[-107.12576199999899,39.569379999999995],[-107.12570299999899,39.56938499999999],[-107.12558399999899,39.569395000000007],[-107.12552499999897,39.569400999999999],[-107.125464999999,39.569406000000008],[-107.12540599999899,39.569411000000002],[-107.12534699999898,39.569417000000023],[-107.125227999999,39.569426999999983],[-107.12516899999898,39.569432000000006],[-107.12515999999898,39.569432999999997],[-107.12533399999899,39.569552000000002],[-107.12541699999898,39.569619000000003],[-107.12517599999897,39.56966400000001],[-107.12499499999898,39.569715000000009],[-107.12484799999898,39.569820999999997],[-107.12460899999898,39.569681000000017],[-107.12430899999897,39.569805999999993],[-107.12422799999898,39.569922999999996],[-107.124000999999,39.569988000000009],[-107.12402899999898,39.570197999999998],[-107.12386899999899,39.570247000000009],[-107.12372999999897,39.570183000000007],[-107.12365599999899,39.570050000000009],[-107.12360399999899,39.569891000000005],[-107.12363199999899,39.569693000000008],[-107.12361499999898,39.569569000000001],[-107.12373299999899,39.569451000000001],[-107.123798999999,39.569299000000001],[-107.12368699999899,39.569195999999998],[-107.123516999999,39.56914299999999],[-107.12349299999899,39.569173000000006],[-107.12331399999898,39.569156000000007],[-107.123122999999,39.569205999999994],[-107.12311399999899,39.569354000000004],[-107.12301499999899,39.569476000000002],[-107.12292699999901,39.569600000000008],[-107.12285199999899,39.569740999999993],[-107.12267799999898,39.569797000000008],[-107.12265299999899,39.56978999999999],[-107.12266999999899,39.569896000000007],[-107.12267899999901,39.570012000000006],[-107.12236399999901,39.570062],[-107.12214599999899,39.570141999999997],[-107.12197699999901,39.570115000000001],[-107.12182699999899,39.570042999999998],[-107.12171299999899,39.569965000000003],[-107.121670999999,39.569865999999998],[-107.12162299999899,39.569756000000005],[-107.12153299999899,39.569601000000013],[-107.121425999999,39.569479000000008],[-107.12132599999899,39.56935],[-107.121257999999,39.569254999999991],[-107.121152999999,39.569031999999986],[-107.121001999999,39.568930000000009],[-107.120832999999,39.568923000000005],[-107.12048099999899,39.568884000000004],[-107.12031199999899,39.56886699999999],[-107.12020799999901,39.568834000000003],[-107.11996699999901,39.568846999999991],[-107.11963599999901,39.568887000000004],[-107.11936999999901,39.568941999999993],[-107.11910499999901,39.568922999999998],[-107.118825999999,39.568952000000003],[-107.11862699999901,39.568961999999992],[-107.118476999999,39.569003999999993],[-107.118448999999,39.569079000000002],[-107.118450999999,39.569235999999997],[-107.11854299999901,39.569288999999991],[-107.11854799999901,39.569354000000004],[-107.118511999999,39.56938499999999],[-107.11845799999901,39.56955099999999],[-107.11843999999901,39.569722000000006],[-107.11837799999903,39.569817],[-107.118482999999,39.56994199999999],[-107.11850899999902,39.570115999999999],[-107.11851999999901,39.570317000000003],[-107.11854799999901,39.57058],[-107.118718999999,39.570727000000005],[-107.11878299999901,39.570802999999991],[-107.118764999999,39.570940999999998],[-107.11861699999901,39.571018000000002],[-107.11842899999903,39.570990999999992],[-107.118202999999,39.57098100000001],[-107.11805999999901,39.57098400000001],[-107.11797299999901,39.570925000000003],[-107.117966999999,39.570740000000001],[-107.117977999999,39.570578999999995],[-107.117875999999,39.570515],[-107.117746999999,39.570589000000012],[-107.11772199999901,39.570785999999991],[-107.11772699999901,39.570959000000002],[-107.11771099999901,39.571099000000004],[-107.117649999999,39.571092],[-107.11731999999901,39.570955999999995],[-107.116973999999,39.570984000000017],[-107.11657699999901,39.571079999999995],[-107.11599199999903,39.571302000000003],[-107.11563799999902,39.571444],[-107.11523699999901,39.571553000000009],[-107.11502299999901,39.571556999999999],[-107.11477499999901,39.571388999999996],[-107.11441799999902,39.571227999999998],[-107.11407299999902,39.571219999999997],[-107.11366499999902,39.571379000000007],[-107.11345399999902,39.571476000000004],[-107.11315699999902,39.571401000000009],[-107.11292799999902,39.571343999999996],[-107.11252699999902,39.571466999999998],[-107.11221299999903,39.57161],[-107.11184799999903,39.57188699999999],[-107.11171299999903,39.572187],[-107.11172999999903,39.572489999999995],[-107.11174699999903,39.572640999999997],[-107.11158699999903,39.572633000000017],[-107.11147899999904,39.572707999999992],[-107.11141799999903,39.572706999999994],[-107.11101099999904,39.572616000000004],[-107.11103399999904,39.572409999999991],[-107.11100299999903,39.572215],[-107.11084699999904,39.572089999999996],[-107.11062899999904,39.571980999999994],[-107.11029499999903,39.571972999999993],[-107.10998799999903,39.572106000000005],[-107.10977099999903,39.572292000000004],[-107.10974799999903,39.572524999999992],[-107.10992499999904,39.572693999999991],[-107.11002599999904,39.572776000000012],[-107.10996699999903,39.572830000000003],[-107.10976099999904,39.572864000000003],[-107.10958599999903,39.572695000000003],[-107.10958799999904,39.572659999999999],[-107.10954699999904,39.572507999999985],[-107.10937999999904,39.572495999999994],[-107.10933699999903,39.572493000000001],[-107.10925299999903,39.572569999999992],[-107.10900799999904,39.572631999999992],[-107.10889399999904,39.57273],[-107.10880599999903,39.572867000000002],[-107.10865999999903,39.572912999999986],[-107.10856899999904,39.572971000000003],[-107.10839599999903,39.573045999999998],[-107.10825899999905,39.573112999999992],[-107.10809399999904,39.573166000000008],[-107.10792299999905,39.573290999999998],[-107.10777899999904,39.573422000000001],[-107.10755699999905,39.573411999999998],[-107.10740399999905,39.573440000000012],[-107.10737299999904,39.57331099999999],[-107.10732499999904,39.573264000000002],[-107.10719499999905,39.573289999999993],[-107.10715899999903,39.573373999999987],[-107.10715599999905,39.573511000000018],[-107.10715999999904,39.573653999999998],[-107.10713299999905,39.573785999999991],[-107.10713099999904,39.573842999999997],[-107.10702499999904,39.573857999999987],[-107.10678499999905,39.573869000000009],[-107.10667699999905,39.573963999999997],[-107.10651799999904,39.573895000000014],[-107.10641399999903,39.573810999999992],[-107.10624699999904,39.573807000000002],[-107.10609099999905,39.573831999999996],[-107.10605699999905,39.57392500000001],[-107.10594799999905,39.573991999999997],[-107.10591399999905,39.57408499999999],[-107.10582399999905,39.574187000000009],[-107.10582699999905,39.574280000000002],[-107.10590299999905,39.574357000000006],[-107.10589899999904,39.574500000000008],[-107.10575399999905,39.574609999999993],[-107.10567899999904,39.574560999999996],[-107.10561999999905,39.574469000000008],[-107.10557199999904,39.574399],[-107.10545099999905,39.574380000000005],[-107.10525799999905,39.574412000000002],[-107.10509399999904,39.574485999999993],[-107.10502699999905,39.574387000000009],[-107.10503199999903,39.574250999999997],[-107.10490099999903,39.574204000000002],[-107.10476399999905,39.574277999999993],[-107.10469499999905,39.574407999999998],[-107.10469899999906,39.57455800000001],[-107.10465599999905,39.574666000000008],[-107.10456599999905,39.574732000000004],[-107.10439299999906,39.574827999999989],[-107.10431299999907,39.574914999999997],[-107.10421699999907,39.57481700000001],[-107.10415799999905,39.574696000000003],[-107.10399199999905,39.574713000000003],[-107.10374499999907,39.574775000000002],[-107.10353499999906,39.574871999999999],[-107.10338099999906,39.574968000000013],[-107.10327099999907,39.575020000000009],[-107.10311499999906,39.575051000000016],[-107.10295099999907,39.57511800000001],[-107.10283199999907,39.575163999999987],[-107.10268499999906,39.575172999999999],[-107.10255699999905,39.575226000000001],[-107.10250399999906,39.575305],[-107.10238599999906,39.575378999999998],[-107.10230399999907,39.575415999999997],[-107.10224099999907,39.575482000000001],[-107.10223599999907,39.575611000000009],[-107.10223899999906,39.575724999999991],[-107.10221399999907,39.575817999999991],[-107.10207699999906,39.575864000000003],[-107.10201699999907,39.576008000000009],[-107.10193599999906,39.576081000000002],[-107.10181599999905,39.57609699999999],[-107.10173199999905,39.576049000000012],[-107.10155599999905,39.576052000000004],[-107.10139199999905,39.576126000000002],[-107.10117199999907,39.576166000000008],[-107.10108199999907,39.576261000000002],[-107.10096899999907,39.576205999999992],[-107.10088399999906,39.576136000000012],[-107.10061599999908,39.576140000000017],[-107.10044999999906,39.576151000000003],[-107.10035599999908,39.576087999999999],[-107.10024199999907,39.575983000000008],[-107.10015299999908,39.575949999999999],[-107.10012999999907,39.575942000000005],[-107.09996599999907,39.57603799999999],[-107.09997199999907,39.576216000000009],[-107.09999099999908,39.576294999999995],[-107.09970999999908,39.576689999999999],[-107.09955399999906,39.576766000000006],[-107.09955499999907,39.576809999999995],[-107.09964999999906,39.576872999999999],[-107.09983399999906,39.576854999999988],[-107.10004599999908,39.576852000000002],[-107.10023099999907,39.576847999999991],[-107.10033599999906,39.576946000000007],[-107.10039399999907,39.577052999999999],[-107.10056299999906,39.577121000000005],[-107.10060199999904,39.577191999999997],[-107.10049299999908,39.577250999999997],[-107.10046799999908,39.577337],[-107.10038799999907,39.577438999999991],[-107.10035299999907,39.577533000000003],[-107.10027299999908,39.577627000000014],[-107.10013599999908,39.577672000000007],[-107.09997799999907,39.577653999999988],[-107.09981099999908,39.577621000000015],[-107.09973399999906,39.577536999999992],[-107.09962399999908,39.577538999999994],[-107.09952999999908,39.577544000000003],[-107.09954499999908,39.577583000000004],[-107.09953199999907,39.577576000000001],[-107.09940199999906,39.577556999999999],[-107.09929299999908,39.577595000000002],[-107.09929699999908,39.577730000000003],[-107.09939399999907,39.577886000000007],[-107.09941699999906,39.578028999999994],[-107.09943899999907,39.578164000000001],[-107.09946099999908,39.57827799999999],[-107.09946499999907,39.578414000000009],[-107.09943199999907,39.578528999999982],[-107.09935099999906,39.578602000000011],[-107.09931599999908,39.578687999999993],[-107.09930299999908,39.578845999999999],[-107.09931499999908,39.578960000000009],[-107.09934299999907,39.578986999999998],[-107.09927599999908,39.579136000000013],[-107.09933999999907,39.579166999999998],[-107.09935199999907,39.579260000000005],[-107.09937499999907,39.579409000000005],[-107.09932199999908,39.579481999999992],[-107.09922099999908,39.579512000000008],[-107.09911099999907,39.57954999999999],[-107.09909599999908,39.579565999999993],[-107.09910299999908,39.579608999999998],[-107.09910899999907,39.579653999999991],[-107.09917599999908,39.579692999999999],[-107.09918299999906,39.579738999999996],[-107.09918999999907,39.579783999999982],[-107.09919699999908,39.579828999999997],[-107.09920399999906,39.579873999999997],[-107.09920999999906,39.579919000000004],[-107.09921699999907,39.579964000000004],[-107.09928399999907,39.580002999999998],[-107.09929099999907,39.580047999999984],[-107.09929799999907,39.580092999999984],[-107.09930499999908,39.580137999999998],[-107.09931099999908,39.580182999999998],[-107.09931799999906,39.580228000000005],[-107.09932499999907,39.580272999999998],[-107.09938499999907,39.580267999999997],[-107.09939199999906,39.580312999999997],[-107.09945099999908,39.580308000000002],[-107.09945799999907,39.580352999999995],[-107.09940599999908,39.58040299999999],[-107.09934599999907,39.58040900000001],[-107.09923499999907,39.580463999999999],[-107.09917499999906,39.580468999999994],[-107.09905699999908,39.580479999999994],[-107.09894499999908,39.580536000000002],[-107.09882699999906,39.580545999999998],[-107.09883399999907,39.580590999999998],[-107.09877399999907,39.580596],[-107.09871499999907,39.580601999999992],[-107.09872199999907,39.580646999999992],[-107.09866299999906,39.580652000000001],[-107.09854399999908,39.580663000000001],[-107.09849199999907,39.580712999999996],[-107.09837299999907,39.580722999999999],[-107.09831399999908,39.580729000000005],[-107.09821499999906,39.580737999999997],[-107.09814399999908,39.581495999999994],[-107.09787699999906,39.581665000000001],[-107.09772799999907,39.581758999999991],[-107.09768499999907,39.582062000000008],[-107.09781599999907,39.582321],[-107.09808599999906,39.582501999999998],[-107.09827699999907,39.582747000000005],[-107.09863499999908,39.582754999999999],[-107.09882199999907,39.58294699999999],[-107.09865499999906,39.583040000000004],[-107.09849299999908,39.583116999999994],[-107.09826399999906,39.583084999999983],[-107.09811999999907,39.583240000000004],[-107.09815099999908,39.58352099999999],[-107.09836599999907,39.58379],[-107.09830499999906,39.584071000000002],[-107.09816999999906,39.584277999999998],[-107.09813199999908,39.584369000000002],[-107.09818299999908,39.584493000000002],[-107.09820199999908,39.584757999999994],[-107.09802099999908,39.584958999999998],[-107.09801499999908,39.585271000000006],[-107.09808299999908,39.586089999999992],[-107.09772599999907,39.586712000000006],[-107.09703799999906,39.587153999999991],[-107.09700699999908,39.587215],[-107.09703499999908,39.587231999999986],[-107.09710099999906,39.587272000000013],[-107.09710799999908,39.587316999999999],[-107.09711499999908,39.587361999999999],[-107.09718099999907,39.58740199999999],[-107.09724799999907,39.58744200000001],[-107.09725499999907,39.587487000000003],[-107.09732099999907,39.58752599999999],[-107.09737999999908,39.58752100000001],[-107.09738699999907,39.587565999999995],[-107.09744599999908,39.587561000000001],[-107.09745299999908,39.587605999999994],[-107.09751999999908,39.587646000000007],[-107.09758599999908,39.587685],[-107.09764499999908,39.587679999999992],[-107.09765199999906,39.587724999999999],[-107.09771099999908,39.587719999999983],[-107.09771799999908,39.58776499999999],[-107.09772499999907,39.587810000000005],[-107.09773899999908,39.587900000000005],[-107.09774599999906,39.587944999999991],[-107.09775299999907,39.587989999999998],[-107.09775999999906,39.588034999999998],[-107.09776699999908,39.588079999999998],[-107.09778099999906,39.588169999999998],[-107.09778799999907,39.588214999999998],[-107.09779499999907,39.588259999999998],[-107.09780199999908,39.588304999999991],[-107.09781599999907,39.588394999999998],[-107.09776299999908,39.588446000000005],[-107.09776999999907,39.588490999999991],[-107.09771099999908,39.588495999999999],[-107.09765899999907,39.588545999999994],[-107.09766599999907,39.588591000000008],[-107.09760599999908,39.58859600000001],[-107.09755399999906,39.588647000000009],[-107.09750199999908,39.58869700000001],[-107.09744199999908,39.588701999999991],[-107.09744899999906,39.588746999999998],[-107.09738999999907,39.588752999999997],[-107.09733099999907,39.588757999999999],[-107.09727799999908,39.588808],[-107.09728499999908,39.588853],[-107.09722599999907,39.588858999999999],[-107.09723299999908,39.588903999999999],[-107.09723999999908,39.588948999999992],[-107.09724699999907,39.588993999999985],[-107.09725399999908,39.589039],[-107.09726099999907,39.589084000000007],[-107.09726799999908,39.589128999999993],[-107.09727499999906,39.589173999999993],[-107.09728199999908,39.589219000000021],[-107.09728899999908,39.589263999999986],[-107.09729599999906,39.589309],[-107.09730299999907,39.589354000000014],[-107.09730999999906,39.589399000000007],[-107.09731699999908,39.589444000000007],[-107.09732299999908,39.589489],[-107.09727099999907,39.589539000000002],[-107.09727799999908,39.589584000000002],[-107.09728499999908,39.589629000000002],[-107.09729199999907,39.589674000000009],[-107.09729899999908,39.589720999999997],[-107.09731299999908,39.589739999999999],[-107.09745899999908,39.589907000000004],[-107.09787799999907,39.590387999999997],[-107.09857299999906,39.590554999999995],[-107.09888899999908,39.590631999999999],[-107.09932399999907,39.590739000000006],[-107.09962199999907,39.591116000000007],[-107.09963499999908,39.591132999999992],[-107.09977699999907,39.591313],[-107.10022599999908,39.591434999999997],[-107.10083199999907,39.591599999999993],[-107.10125899999905,39.591436000000002],[-107.10125999999906,39.591434999999997],[-107.10131499999906,39.590406999999992],[-107.10184699999907,39.589959999999984],[-107.10211499999906,39.589722999999992],[-107.10212099999904,39.589734000000014],[-107.10216499999906,39.589759000000001],[-107.10220199999907,39.589781000000002],[-107.10224899999906,39.589787999999999],[-107.10228899999905,39.589796999999997],[-107.10231399999907,39.589807999999991],[-107.10245999999906,39.590027999999997],[-107.10247999999906,39.590058999999989],[-107.10248799999906,39.590068000000009],[-107.10250499999906,39.590094000000008],[-107.10252599999906,39.590123000000006],[-107.10254899999906,39.590147000000009],[-107.10258299999906,39.590175000000009],[-107.10261099999906,39.590193999999983],[-107.10264599999905,39.590218999999991],[-107.10267899999906,39.590245999999986],[-107.10270199999906,39.590272999999989],[-107.10271599999906,39.590302000000008],[-107.10303099999906,39.590352000000003],[-107.10310999999905,39.590461000000005],[-107.10314299999906,39.590471000000008],[-107.10316399999907,39.590500000000006],[-107.10317999999906,39.590534000000005],[-107.10319299999907,39.590561000000015],[-107.10319499999906,39.590575999999999],[-107.10340299999906,39.590859999999999],[-107.10343399999906,39.590860000000013],[-107.10346899999907,39.590867999999993],[-107.10349699999907,39.590897999999996],[-107.10349799999906,39.590929000000003],[-107.10349599999907,39.590939999999996],[-107.10403999999906,39.591394000000022],[-107.10497699999905,39.592046000000011],[-107.10548199999904,39.59247100000001],[-107.10571799999904,39.592669999999991],[-107.10616399999905,39.592706],[-107.10696499999905,39.5929],[-107.10707299999905,39.592959999999991],[-107.10746499999905,39.593220000000002],[-107.10772399999905,39.59347300000001],[-107.10804199999905,39.59362800000001],[-107.10813499999905,39.593564999999991],[-107.10875699999904,39.593829999999997],[-107.10892499999905,39.593924999999999],[-107.10916199999903,39.594059000000009],[-107.10963599999903,39.594439999999999],[-107.10974099999903,39.59466900000001],[-107.11007599999904,39.594831999999982],[-107.11083899999903,39.595424999999999],[-107.11110899999903,39.59551299999999],[-107.11134999999904,39.595591999999996],[-107.11176999999904,39.595548999999998],[-107.11224899999904,39.595636999999996],[-107.11296099999903,39.595569000000005],[-107.11357499999902,39.595376000000002],[-107.11373199999902,39.595261000000008],[-107.11383299999902,39.594818000000018],[-107.11408499999902,39.594477999999995],[-107.11453799999902,39.594394000000001],[-107.11458199999902,39.594386],[-107.11455499999902,39.594332000000001],[-107.11455599999901,39.594326000000002],[-107.11456199999903,39.594287999999992],[-107.11458099999902,39.594262000000008],[-107.11459699999902,39.594228999999999],[-107.11458799999902,39.594200000000001],[-107.11457299999901,39.594167999999996],[-107.11453799999902,39.594138000000008],[-107.11451299999902,39.594118000000002],[-107.11448699999902,39.594087999999985],[-107.11445999999901,39.594059000000009],[-107.11445299999902,39.594048999999998],[-107.11443199999901,39.593665999999999],[-107.11435999999902,39.593613000000005],[-107.11434199999901,39.593598999999998],[-107.11433799999902,39.593596999999988],[-107.11426099999902,39.593541000000009],[-107.11384199999902,39.593468000000009],[-107.11383099999902,39.593443000000015],[-107.11381399999902,39.593415000000007],[-107.11379499999902,39.59338600000001],[-107.11376399999902,39.593362999999997],[-107.11371999999902,39.593355999999986],[-107.11367799999901,39.593344000000002],[-107.11363499999902,39.59333199999999],[-107.11358999999902,39.593328999999997],[-107.11354299999903,39.59332599999999],[-107.11350699999902,39.593316999999999],[-107.11346999999903,39.593298999999988],[-107.11344199999903,39.593277999999998],[-107.11341499999902,39.59325900000001],[-107.11338499999901,39.593240999999999],[-107.11338099999902,39.593238999999997],[-107.11334599999903,39.593223999999992],[-107.11335599999902,39.593193999999997],[-107.11335799999902,39.59319],[-107.11334299999902,39.593163000000004],[-107.11332399999903,39.593127000000003],[-107.11331299999902,39.593091000000001],[-107.11330099999903,39.593058999999997],[-107.11329199999902,39.593027999999997],[-107.11328099999902,39.592997999999994],[-107.11340199999901,39.592689],[-107.11375099999901,39.592472999999998],[-107.11423399999902,39.592157],[-107.11426199999902,39.592138999999996],[-107.11410799999902,39.591873],[-107.11403399999902,39.591743999999991],[-107.11461499999902,39.591462999999983],[-107.11465399999902,39.591655000000003],[-107.11470299999903,39.591894000000003],[-107.11549899999902,39.591950999999995],[-107.11575899999902,39.591766999999997],[-107.11603599999901,39.591975000000005],[-107.11602099999902,39.59208499999999],[-107.11600899999902,39.592143999999998],[-107.11599299999902,39.592244000000001],[-107.11599399999902,39.592277000000003],[-107.11599599999901,39.592345000000002],[-107.11613799999903,39.592455999999999],[-107.11626099999903,39.592540000000007],[-107.116472999999,39.592508000000002],[-107.11653399999902,39.592391999999982],[-107.11661299999902,39.592247999999998],[-107.11662299999902,39.592244000000001],[-107.116664999999,39.592104999999989],[-107.11679299999901,39.592431999999995],[-107.117031999999,39.592525999999999],[-107.117136999999,39.592748999999991],[-107.117458999999,39.592998999999999],[-107.117369999999,39.593192999999999],[-107.11715699999901,39.593154000000013],[-107.116805999999,39.593159999999997],[-107.11681499999901,39.593207],[-107.11681399999901,39.593266999999997],[-107.116811999999,39.59333800000001],[-107.116861999999,39.593465999999999],[-107.11694999999901,39.593621999999996],[-107.117092999999,39.593762000000005],[-107.11723599999901,39.593902000000014],[-107.117350999999,39.59405000000001],[-107.11733799999902,39.594228999999999],[-107.117285999999,39.594331000000011],[-107.11719799999901,39.59446100000001],[-107.11720899999902,39.594535999999998],[-107.117239999999,39.594551000000003],[-107.11726999999901,39.594571999999999],[-107.11730399999901,39.594593999999994],[-107.117340999999,39.594614],[-107.117379999999,39.594641000000003],[-107.11740599999901,39.594664999999999],[-107.11743899999901,39.594678000000023],[-107.11747499999902,39.594691999999995],[-107.117508999999,39.594704000000007],[-107.11754199999901,39.594717999999993],[-107.11757399999901,39.594737000000002],[-107.117610999999,39.594751999999993],[-107.117638999999,39.594769999999997],[-107.11765699999901,39.594797],[-107.117683999999,39.594818000000011],[-107.117718999999,39.594839000000007],[-107.11775599999901,39.59485500000001],[-107.11778599999901,39.594872000000009],[-107.11782099999903,39.594887],[-107.117857999999,39.594898000000001],[-107.117902999999,39.594912999999984],[-107.11794099999901,39.594926000000008],[-107.11797299999901,39.594940999999992],[-107.11800199999901,39.59496399999999],[-107.118031999999,39.594982000000002],[-107.118061999999,39.595005999999998],[-107.118100999999,39.595018999999986],[-107.118139999999,39.59504299999999],[-107.11817299999902,39.595063000000003],[-107.11821099999901,39.595083000000002],[-107.118245999999,39.595106000000001],[-107.11827299999901,39.595128999999993],[-107.118296999999,39.595154000000008],[-107.11832299999901,39.595172999999996],[-107.118359999999,39.595184000000003],[-107.11839399999901,39.595197999999996],[-107.11843699999901,39.595211999999997],[-107.11846999999902,39.595226999999987],[-107.118499999999,39.595242000000006],[-107.118528999999,39.595260000000003],[-107.118567999999,39.595269000000009],[-107.11859799999901,39.595284999999997],[-107.11862599999901,39.595307000000005],[-107.118667999999,39.595331999999992],[-107.11869499999901,39.595353999999993],[-107.11872399999901,39.595374000000014],[-107.118753999999,39.595394999999996],[-107.11878299999901,39.595416],[-107.11881799999902,39.595433000000014],[-107.118861999999,39.595435000000002],[-107.11891199999901,39.595489999999998],[-107.11893799999901,39.595495],[-107.118951999999,39.595497000000016],[-107.118960999999,39.595497999999992],[-107.11901499999901,39.595505000000003],[-107.11905999999901,39.595510999999988],[-107.119067999999,39.595511999999992],[-107.119204999999,39.595570999999993],[-107.11926899999901,39.595664999999997],[-107.11943899999901,39.595776999999998],[-107.11952299999901,39.595894000000001],[-107.11961799999901,39.595987999999991],[-107.119754999999,39.596038],[-107.11985599999902,39.596111999999998],[-107.11993199999901,39.596187],[-107.11984899999901,39.596294000000007],[-107.11993899999901,39.596401999999998],[-107.120071999999,39.596513999999992],[-107.12016099999902,39.596606999999999],[-107.120255999999,39.596695999999994],[-107.12040699999901,39.596797999999993],[-107.12050699999902,39.596829999999997],[-107.120588999999,39.596913999999998],[-107.12070799999898,39.596969000000001],[-107.12080899999899,39.59704399999999],[-107.120909999999,39.597117999999995],[-107.12100299999899,39.597158999999998],[-107.12112199999899,39.597194999999999],[-107.12114899999899,39.597290000000008],[-107.12109499999899,39.597338999999991],[-107.12105499999899,39.597419999999985],[-107.12108199999901,39.597515000000008],[-107.12115099999899,39.597562000000003],[-107.12123899999899,39.597608000000001],[-107.121296999999,39.597692999999992],[-107.12133499999899,39.597724000000007],[-107.121347999999,39.597734999999993],[-107.12136499999899,39.59774199999999],[-107.12136999999899,39.597743999999999],[-107.12142299999898,39.597766999999997],[-107.12142699999899,39.597768999999992],[-107.12142699999899,39.597768999999992],[-107.12175499999898,39.597853999999998],[-107.12175499999898,39.597853999999998],[-107.12177699999899,39.597858999999993],[-107.12177699999899,39.597858999999993],[-107.12182799999898,39.597872000000002],[-107.121850999999,39.597901999999998],[-107.121856999999,39.597910999999996],[-107.12195399999899,39.59803999999999],[-107.12196099999899,39.598052000000003],[-107.12203199999901,39.598141999999996],[-107.12215699999901,39.598211000000006],[-107.122368999999,39.598235999999993],[-107.12243899999899,39.598243999999994],[-107.12260699999899,39.598266000000002],[-107.12274699999899,39.598289000000001],[-107.12284999999899,39.598309999999998],[-107.12294199999899,39.598333000000011],[-107.12300899999899,39.598351999999991],[-107.12307099999899,39.598373000000016],[-107.12312799999899,39.598395999999994],[-107.123179999999,39.59841999999999],[-107.12322799999899,39.598445000000005],[-107.12327099999899,39.598472999999984],[-107.12330999999899,39.598501999999996],[-107.12334399999899,39.598532000000006],[-107.12335899999898,39.598550000000003],[-107.12337399999899,39.598570000000002],[-107.12340199999899,39.598623000000003],[-107.12342499999899,39.598680999999999],[-107.123472999999,39.598821000000008],[-107.12348599999899,39.598852999999998],[-107.12349899999899,39.59887899999999],[-107.12351499999899,39.59890399999999],[-107.12353299999899,39.59892099999999],[-107.12355199999899,39.598931],[-107.12357199999899,39.598932999999995],[-107.123584999999,39.598931],[-107.123599999999,39.598926000000006],[-107.12361499999899,39.598917999999998],[-107.12363199999899,39.598905999999999],[-107.12366499999899,39.598877999999999],[-107.123763999999,39.598783000000005],[-107.12379599999899,39.598757999999997],[-107.12382499999899,39.598739000000002],[-107.12384699999899,39.598728999999999],[-107.123866999999,39.598723],[-107.12388799999898,39.598719999999993],[-107.12390899999899,39.59871900000001],[-107.12393299999898,39.598719999999993],[-107.12395899999899,39.598723999999983],[-107.12401799999901,39.598737],[-107.12414399999899,39.598775999999994],[-107.12419699999899,39.598789999999994],[-107.12422499999899,39.598794999999996],[-107.12424999999899,39.598798000000009],[-107.12427399999901,39.598798000000023],[-107.12429499999899,39.598796],[-107.12432899999901,39.598788999999996],[-107.12436499999899,39.598779],[-107.12440199999898,39.598765],[-107.12443999999901,39.598748000000001],[-107.12447899999898,39.598726999999997],[-107.12451699999899,39.598704999999995],[-107.124552999999,39.598680000000002],[-107.124586999999,39.598654000000003],[-107.12461799999897,39.598626999999993],[-107.12464499999898,39.598599],[-107.12466899999899,39.598571999999997],[-107.12468799999898,39.598545000000001],[-107.12470299999897,39.598517999999999],[-107.12471399999899,39.598492999999984],[-107.12471999999899,39.598467999999997],[-107.124721999999,39.598444999999991],[-107.12471799999899,39.598415000000003],[-107.12470899999897,39.598380999999996],[-107.12469499999898,39.598345000000009],[-107.124676999999,39.598309999999998],[-107.12465599999898,39.598277999999993],[-107.12463299999898,39.598249999999986],[-107.12460899999898,39.598227000000009],[-107.124584999999,39.598208999999997],[-107.12456999999898,39.598201999999986],[-107.124551999999,39.598196999999999],[-107.12453099999898,39.598195000000004],[-107.12450599999899,39.598193999999999],[-107.12444799999901,39.598199000000008],[-107.124365999999,39.598213000000001],[-107.124259999999,39.598233],[-107.12422499999899,39.598238000000002],[-107.12419699999899,39.598239],[-107.12417199999899,39.598238999999985],[-107.124150999999,39.598234999999995],[-107.12413499999899,39.598228000000006],[-107.12412299999899,39.598217999999996],[-107.12411099999899,39.598197999999996],[-107.12410399999901,39.598171999999991],[-107.124099999999,39.598145999999993],[-107.12409899999899,39.598115000000007],[-107.12410499999899,39.598022999999998],[-107.12410799999901,39.597991],[-107.12411499999899,39.59796],[-107.12412399999899,39.597927000000006],[-107.124136999999,39.597894000000004],[-107.12415199999899,39.597861000000002],[-107.12416999999898,39.597827999999993],[-107.12419099999899,39.597794],[-107.12421399999899,39.597760000000001],[-107.12426999999899,39.597692000000002],[-107.12433399999898,39.597625999999984],[-107.12440799999898,39.597561999999996],[-107.12448899999899,39.597501000000015],[-107.12457499999897,39.597445999999998],[-107.12466599999898,39.597396000000003],[-107.12475899999899,39.597352000000008],[-107.12485199999898,39.597316999999997],[-107.12489799999899,39.597301999999999],[-107.12494399999898,39.597288999999996],[-107.12498999999899,39.597279],[-107.12503399999898,39.597270000000002],[-107.12507799999899,39.597263999999988],[-107.12512099999898,39.597259999999999],[-107.12516299999898,39.597258000000011],[-107.12520299999899,39.597258999999994],[-107.12525499999897,39.597262000000008],[-107.12530999999898,39.597267999999993],[-107.12538399999897,39.597278999999993],[-107.12545599999898,39.597293000000001],[-107.12552299999898,39.59731],[-107.12558299999898,39.597329000000002],[-107.12563099999899,39.59734899999998],[-107.12567599999899,39.597374000000009],[-107.12571799999898,39.597403],[-107.12575699999897,39.597437999999997],[-107.12579399999898,39.597476000000015],[-107.12582699999898,39.597520000000003],[-107.12585899999898,39.597568000000003],[-107.125886999999,39.597621000000018],[-107.12591199999898,39.597676999999983],[-107.12593499999898,39.597737999999993],[-107.12595499999898,39.597804000000004],[-107.12597399999898,39.597875000000002],[-107.12598999999898,39.597949000000021],[-107.12600499999898,39.598031000000006],[-107.12604099999898,39.598267999999997],[-107.12607399999898,39.598438000000002],[-107.12607999999898,39.598480000000002],[-107.12608199999897,39.598517000000008],[-107.12608199999897,39.598554999999998],[-107.12607599999897,39.598587999999992],[-107.126066999999,39.598617999999995],[-107.12605299999899,39.598644999999983],[-107.12602499999898,39.598679000000004],[-107.12598799999898,39.598711999999999],[-107.12593999999899,39.598744999999994],[-107.12588399999898,39.598776000000001],[-107.12581899999898,39.598804999999992],[-107.12574999999899,39.598831000000011],[-107.12567899999898,39.598852000000008],[-107.12560999999897,39.598868000000003],[-107.12556599999898,39.598872],[-107.12551699999898,39.598872],[-107.12545999999898,39.598865000000018],[-107.12539099999898,39.598853999999989],[-107.12526499999898,39.598827999999997],[-107.12519599999898,39.598817999999994],[-107.12516399999899,39.598815000000002],[-107.12513499999898,39.598814999999995],[-107.12510899999899,39.598815999999992],[-107.12508399999898,39.598819999999996],[-107.125047999999,39.59883],[-107.125008999999,39.598843999999993],[-107.124969999999,39.598862999999994],[-107.12492999999898,39.598886],[-107.12488899999897,39.598913000000003],[-107.12484899999899,39.59894400000001],[-107.12480899999898,39.598978999999993],[-107.12476999999897,39.599015999999999],[-107.12473299999898,39.59905599999999],[-107.12469799999897,39.599098000000012],[-107.12466599999898,39.599141000000003],[-107.124637999999,39.599184000000001],[-107.12461399999897,39.599226000000002],[-107.12459499999899,39.599267000000005],[-107.12457999999897,39.599305999999999],[-107.12456999999898,39.59934299999999],[-107.12456599999898,39.599370999999991],[-107.12456499999898,39.599395999999992],[-107.12456799999897,39.599419999999988],[-107.12457299999897,39.599440999999999],[-107.124586999999,39.599468000000002],[-107.12460099999899,39.599486999999996],[-107.124620999999,39.599507000000003],[-107.12467199999898,39.599550000000001],[-107.12470999999898,39.599575999999999],[-107.12475099999899,39.599602000000004],[-107.12479399999897,39.599625999999994],[-107.12483799999897,39.599646999999997],[-107.124879999999,39.599665000000002],[-107.12492099999899,39.599679999999992],[-107.12495999999898,39.599691999999997],[-107.12499899999898,39.599700999999996],[-107.12503499999899,39.599707000000002],[-107.12506899999897,39.599709999999988],[-107.12510099999899,39.599708999999997],[-107.12512999999898,39.599705999999998],[-107.125155999999,39.599697999999997],[-107.12518599999898,39.599684999999994],[-107.12527999999898,39.599627999999989],[-107.12531199999897,39.599611000000003],[-107.12534099999898,39.599600000000002],[-107.12536699999899,39.599597000000017],[-107.12539399999898,39.599598999999998],[-107.12542099999898,39.599608000000003],[-107.12544999999898,39.599623000000001],[-107.12547999999897,39.599643999999998],[-107.12550899999897,39.599668000000008],[-107.12553999999898,39.599698999999994],[-107.12563799999897,39.599805999999994],[-107.12567199999899,39.599845000000009],[-107.12570199999898,39.599888],[-107.12572699999899,39.599933000000014],[-107.12574799999899,39.599981],[-107.12576499999898,39.600031999999992],[-107.12577899999897,39.600085999999997],[-107.12578699999899,39.600142000000005],[-107.12579199999898,39.600202000000003],[-107.12579299999899,39.600276000000001],[-107.12578799999898,39.600352999999991],[-107.12578099999898,39.60041300000001],[-107.12576999999899,39.600476],[-107.12575699999897,39.600540999999993],[-107.12573999999897,39.600608000000008],[-107.12569799999898,39.600752],[-107.12564099999899,39.600911999999994],[-107.12560199999899,39.601012999999995],[-107.12556199999898,39.601105000000004],[-107.12551199999899,39.601207999999986],[-107.12546099999899,39.601300000000002],[-107.12546899999899,39.601306000000015],[-107.125593999999,39.601365999999992],[-107.125667999999,39.601374],[-107.12574399999897,39.601435000000002],[-107.12580199999897,39.601514999999992],[-107.125931999999,39.60155000000001],[-107.12598499999899,39.601668999999994],[-107.12609799999899,39.601742999999999],[-107.12613699999899,39.601813999999997],[-107.126140999999,39.601922999999999],[-107.12622899999899,39.601984000000009],[-107.12630499999898,39.602054000000003],[-107.126404999999,39.6021],[-107.12646799999898,39.602160000000005],[-107.12653199999899,39.602212000000002],[-107.12664899999898,39.602210000000007],[-107.12675299999898,39.602184000000001],[-107.12688299999898,39.602220000000003],[-107.12688099999897,39.602353000000001],[-107.12687999999899,39.602506000000005],[-107.12694899999897,39.602562000000006],[-107.12699699999898,39.602522999999998],[-107.12701199999897,39.602407999999997],[-107.12713299999898,39.602344000000016],[-107.12721099999898,39.602252],[-107.12720099999899,39.602137000000006],[-107.12705099999897,39.602069000000014],[-107.12686599999898,39.602048000000003],[-107.12676599999898,39.602025999999988],[-107.12676099999899,39.601849999999999],[-107.12677699999898,39.601768999999997],[-107.12670599999899,39.601679000000011],[-107.12670099999897,39.60167899999999],[-107.12669599999897,39.601673000000005],[-107.12684199999897,39.601617999999988],[-107.12685299999899,39.601621000000009],[-107.12685299999899,39.601624000000015],[-107.12695799999899,39.60165099999999],[-107.12703599999898,39.601572999999995],[-107.12702599999898,39.601464],[-107.12707299999897,39.601388],[-107.127102999999,39.601337999999998],[-107.12712399999897,39.601227999999999],[-107.12713699999898,39.601052000000003],[-107.12714899999898,39.600846000000004],[-107.12714599999899,39.600727000000006],[-107.12712599999898,39.600675000000003],[-107.12710999999898,39.600566000000008],[-107.12718799999898,39.600501999999999],[-107.12724699999897,39.600400999999998],[-107.12721299999897,39.600306999999994],[-107.12730399999897,39.600252000000012],[-107.12729499999898,39.600157000000003],[-107.12722499999897,39.600110999999998],[-107.12717999999897,39.600049999999996],[-107.127141999999,39.600012],[-107.12713399999899,39.599930999999984],[-107.12712399999897,39.599817000000002],[-107.127096999999,39.599750999999991],[-107.127057999999,39.599665999999999],[-107.12700599999897,39.599586000000002],[-107.12699799999898,39.599583000000003],[-107.12693099999899,39.599563000000003],[-107.12699499999897,39.599578999999999],[-107.12692099999899,39.599556999999997],[-107.12685299999899,39.599493000000017],[-107.12683999999898,39.599480999999997],[-107.12683199999897,39.599472999999996],[-107.12683899999899,39.599453999999994],[-107.12689399999898,39.599316000000002],[-107.12743699999899,39.599520000000005],[-107.12814999999898,39.599717999999996],[-107.12894999999898,39.599669999999996],[-107.12983399999898,39.599695999999994],[-107.13048899999897,39.599545000000006],[-107.13063899999898,39.599019999999996],[-107.13065799999896,39.599049000000001],[-107.13077099999897,39.599125000000001],[-107.13091899999898,39.59914400000001],[-107.13106999999897,39.599146000000005],[-107.13113199999897,39.599146999999995],[-107.13113199999897,39.599146999999995],[-107.13121099999896,39.599089999999997],[-107.13121699999897,39.599068000000003],[-107.13123099999896,39.599020999999993],[-107.13125699999898,39.599041999999997],[-107.13128399999896,39.599062000000004],[-107.13132199999897,39.599064000000013],[-107.13134699999898,39.599088000000016],[-107.13138199999898,39.599100000000007],[-107.13141799999897,39.599117000000007],[-107.13143699999898,39.599145],[-107.13146999999897,39.599159999999991],[-107.13150999999897,39.599162],[-107.13154899999897,39.59915500000001],[-107.13159299999896,39.599146999999995],[-107.13162599999896,39.599128999999998],[-107.13161899999898,39.599095999999996],[-107.13158099999896,39.59907900000001],[-107.13159999999897,39.599036000000012],[-107.13163599999896,39.599035999999998],[-107.13164799999898,39.599034999999994],[-107.13165999999897,39.599032000000001],[-107.13168699999898,39.599026000000016],[-107.13172299999897,39.599010000000007],[-107.13176899999898,39.599004999999998],[-107.13178199999895,39.598978999999993],[-107.13181299999896,39.598964000000002],[-107.13184699999896,39.598951],[-107.13188499999897,39.59894400000001],[-107.13191399999897,39.598925999999999],[-107.13194499999896,39.598910999999994],[-107.13198199999896,39.598911000000001],[-107.13201599999896,39.598917000000007],[-107.13205599999895,39.598923999999997],[-107.13209799999896,39.598927999999994],[-107.13213899999896,39.598931999999998],[-107.13216999999896,39.598911999999991],[-107.13220599999896,39.598903],[-107.13224099999896,39.598895999999996],[-107.13227699999895,39.598895999999996],[-107.13231099999896,39.598880999999999],[-107.13234399999897,39.598865000000004],[-107.13238199999896,39.598865000000011],[-107.13242499999896,39.598858000000007],[-107.13246299999896,39.598846999999992],[-107.13249899999896,39.598838999999998],[-107.13254099999895,39.59883],[-107.13257399999895,39.598815000000002],[-107.13261499999895,39.598802999999997],[-107.13264799999895,39.598790000000008],[-107.13268099999897,39.598770000000009],[-107.13271499999895,39.598753000000002],[-107.13275499999897,39.598739999999999],[-107.13279299999895,39.598730000000003],[-107.13282999999895,39.598719000000003],[-107.13286599999897,39.598709999999997],[-107.13290499999896,39.598695000000006],[-107.13294199999896,39.59868199999999],[-107.13297499999895,39.598663999999999],[-107.13300899999896,39.59865099999999],[-107.13304699999895,39.598636000000013],[-107.13308099999897,39.598619999999997],[-107.13311199999896,39.598602],[-107.13313699999895,39.598580999999996],[-107.13317299999896,39.598568999999998],[-107.13320699999895,39.598551000000008],[-107.13324599999896,39.598535000000005],[-107.13328499999896,39.598515000000006],[-107.13331899999895,39.598500000000001],[-107.13335699999897,39.598486999999992],[-107.13339199999896,39.598473999999996],[-107.13342799999894,39.598466999999992],[-107.13346199999896,39.598458000000001],[-107.13349199999897,39.59844300000001],[-107.13352299999896,39.598423000000004],[-107.13355599999896,39.598405999999997],[-107.13358699999897,39.598388999999997],[-107.13361999999894,39.598370000000003],[-107.13365799999896,39.598348000000001],[-107.13368299999897,39.598326],[-107.13371599999897,39.598305999999987],[-107.13374899999894,39.598276000000006],[-107.13375399999896,39.598285000000004],[-107.13375299999895,39.598313000000012],[-107.13373999999897,39.598342999999993],[-107.13373199999896,39.598370999999993],[-107.13371999999896,39.598409000000004],[-107.13369999999895,39.598444999999991],[-107.13372099999896,39.598472000000008],[-107.13374399999896,39.598495],[-107.13374399999896,39.598499000000004],[-107.13374399999896,39.598525000000002],[-107.13373599999896,39.598560999999997],[-107.13373499999895,39.598595999999986],[-107.13374799999896,39.598626999999993],[-107.13374199999896,39.598661],[-107.13375299999895,39.598689999999998],[-107.13374099999895,39.598719999999993],[-107.13376499999896,39.59874099999999],[-107.13379099999896,39.59876400000001],[-107.13382999999897,39.598782],[-107.13387299999896,39.598789000000004],[-107.13390799999897,39.598784000000009],[-107.13394599999894,39.598782000000014],[-107.13399199999897,39.598780000000005],[-107.13403299999896,39.598767000000002],[-107.13406399999894,39.598742000000009],[-107.13408999999896,39.598717000000015],[-107.13409599999896,39.598708000000002],[-107.13410799999896,39.598691000000002],[-107.13413499999896,39.598663999999992],[-107.13414199999895,39.598638000000001],[-107.13414399999895,39.598632000000002],[-107.13417899999895,39.598624999999991],[-107.13422299999897,39.598635000000002],[-107.13425699999895,39.598613999999998],[-107.13430399999895,39.598610999999984],[-107.13441099999896,39.59870200000001],[-107.13443399999896,39.598723999999997],[-107.13446099999896,39.598748999999998],[-107.13449199999894,39.598770000000002],[-107.13451099999895,39.598794999999996],[-107.13458699999896,39.598742000000001],[-107.13461899999895,39.598758000000011],[-107.13465199999895,39.59877199999999],[-107.13469399999896,39.598784000000009],[-107.13473499999897,39.598799999999997],[-107.13476899999895,39.598815000000002],[-107.13477199999896,39.598835999999991],[-107.13477899999894,39.598880999999999],[-107.13471999999896,39.598885999999986],[-107.13472699999896,39.598931],[-107.13466799999897,39.598936000000009],[-107.13467499999896,39.598981000000002],[-107.13468199999896,39.599026000000009],[-107.13462899999897,39.599077000000015],[-107.13463599999895,39.599121999999994],[-107.13457699999896,39.599127000000003],[-107.13458399999897,39.599171999999989],[-107.13452499999894,39.599176999999997],[-107.13453199999896,39.599221999999997],[-107.13453899999897,39.599266999999998],[-107.13447899999896,39.599273000000004],[-107.13448599999894,39.59931799999999],[-107.13443399999896,39.599367999999991],[-107.13444099999894,39.599412999999998],[-107.13444799999897,39.599457999999991],[-107.13439599999894,39.599508],[-107.13440299999897,39.599553],[-107.13440999999897,39.599598000000007],[-107.13434999999896,39.599603999999999],[-107.13435699999894,39.599649000000007],[-107.13436399999897,39.599694],[-107.13437099999896,39.599739],[-107.13431899999897,39.599789000000001],[-107.13432599999896,39.599833999999994],[-107.13433299999895,39.599879000000016],[-107.13428099999896,39.599928999999982],[-107.13428799999896,39.599974000000003],[-107.13423499999897,39.600025000000002],[-107.13424199999896,39.600070000000009],[-107.13424899999895,39.600114999999988],[-107.13418999999897,39.60011999999999],[-107.13419699999896,39.60016499999999],[-107.13420399999895,39.60020999999999],[-107.13421099999896,39.60025499999999],[-107.13421799999895,39.60029999999999],[-107.13416599999896,39.600349999999992],[-107.13410599999897,39.600355999999991],[-107.13411299999896,39.600401000000012],[-107.13406099999897,39.600450999999993],[-107.13400899999895,39.600501000000001],[-107.13395599999895,39.600552],[-107.13389699999895,39.600557000000009],[-107.13390399999896,39.600601999999995],[-107.13391099999895,39.600647000000002],[-107.13385199999895,39.600651999999997],[-107.13385899999896,39.600696999999997],[-107.13379899999896,39.600703000000003],[-107.13380599999897,39.600747999999996],[-107.13375399999896,39.600797999999998],[-107.13370199999895,39.600848000000006],[-107.13364899999895,39.600898999999991],[-107.13365599999896,39.600943999999998],[-107.13366299999895,39.600988999999998],[-107.13366999999896,39.601033999999984],[-107.13367699999897,39.601078999999999],[-107.13368399999895,39.601123999999999],[-107.13369099999896,39.601168999999999],[-107.13375099999895,39.601163999999997],[-107.13375799999896,39.60120899999999],[-107.13376399999896,39.601254000000004],[-107.13382399999897,39.601247999999991],[-107.13383099999895,39.601292999999998],[-107.13388999999894,39.60128799999999],[-107.13395599999895,39.601327999999995],[-107.13401599999897,39.601321999999996],[-107.13402299999896,39.601366999999996],[-107.13408899999895,39.601407000000009],[-107.13415499999896,39.601446999999993],[-107.13421399999895,39.601441999999999],[-107.13422099999896,39.601486999999999],[-107.13428099999896,39.601480999999993],[-107.13428799999896,39.601526000000007],[-107.13429499999896,39.601571],[-107.13435399999896,39.601565999999991],[-107.13441299999896,39.601561000000004],[-107.13441999999897,39.601605999999997],[-107.13447899999896,39.601599999999991],[-107.13454599999896,39.601639999999996],[-107.13460499999894,39.601635000000002],[-107.13466399999895,39.601630000000014],[-107.13473099999896,39.601668999999994],[-107.13479699999897,39.601709000000014],[-107.13485599999896,39.601703999999998],[-107.13497499999896,39.60169299999999],[-107.13498199999896,39.60173799999999],[-107.13504799999896,39.601778000000003],[-107.13510699999897,39.601773000000001],[-107.13517399999895,39.601812000000002],[-107.13523299999896,39.601807000000001],[-107.13529199999897,39.601801999999992],[-107.13535099999896,39.601796],[-107.13541799999895,39.601836000000006],[-107.13554299999895,39.601870999999996],[-107.13596499999895,39.601878000000006],[-107.13608399999895,39.601868000000003],[-107.13620899999894,39.601901999999995],[-107.13632799999895,39.601891999999999],[-107.13638699999895,39.601886000000007],[-107.13639399999893,39.601931],[-107.13646099999895,39.601971000000006],[-107.13651999999895,39.601966000000012],[-107.13657899999895,39.601960999999996],[-107.13658599999894,39.60200600000001],[-107.13664499999895,39.602000000000011],[-107.13665199999893,39.60204499999999],[-107.13671899999895,39.602084999999988],[-107.13672599999894,39.602130000000002],[-107.13678499999894,39.602124999999994],[-107.13679199999895,39.602169999999994],[-107.13685099999894,39.602164000000002],[-107.13691699999895,39.602204],[-107.13692399999893,39.602249],[-107.13693099999895,39.602294000000001],[-107.13693799999895,39.602339000000001],[-107.13694499999893,39.602384000000001],[-107.13700499999895,39.602378999999992],[-107.13701199999895,39.602423999999999],[-107.13701899999894,39.602468999999999],[-107.13702599999895,39.602513999999999],[-107.13708499999895,39.602509000000005],[-107.13709199999893,39.602553999999998],[-107.13715099999895,39.602547999999992],[-107.13721699999894,39.60258799999999],[-107.13727699999895,39.602583000000003],[-107.13728399999894,39.60262800000001],[-107.13734299999895,39.602623000000001],[-107.13740899999895,39.602662000000002],[-107.13746899999893,39.602657000000015],[-107.13753499999895,39.602696999999999],[-107.13765299999893,39.602685999999999],[-107.13765999999895,39.602731000000006],[-107.13771999999895,39.60272599999999],[-107.13778599999895,39.602764999999998],[-107.13784499999895,39.602760000000018],[-107.13790499999894,39.602754999999988],[-107.13795699999895,39.602705000000007],[-107.13800899999895,39.602654000000001],[-107.13806799999895,39.602649],[-107.13812799999893,39.602643999999998],[-107.13814299999895,39.60264200000001],[-107.13816499999893,39.602655000000006],[-107.13819199999895,39.602685999999999],[-107.13818799999895,39.602725],[-107.13819099999895,39.60276600000001],[-107.13821099999895,39.602789999999992],[-107.13824599999894,39.602811999999993],[-107.13828199999894,39.602826999999991],[-107.13832499999894,39.602837000000001],[-107.13836199999895,39.602846999999997],[-107.13839799999893,39.602868000000001],[-107.13843799999894,39.602889999999995],[-107.13847599999893,39.602910999999985],[-107.13850099999894,39.60293200000001],[-107.13853299999894,39.602952999999992],[-107.13856799999895,39.602969999999999],[-107.13858199999895,39.603011000000002],[-107.13859399999895,39.60304],[-107.13859599999896,39.603071],[-107.13858999999894,39.603109000000003],[-107.13857499999895,39.603150999999983],[-107.13856799999895,39.603182000000004],[-107.13856499999895,39.603220999999998],[-107.13856699999894,39.603251],[-107.13857099999895,39.603281000000003],[-107.13859099999894,39.603291000000006],[-107.13862899999894,39.603313000000014],[-107.13864399999893,39.603349999999999],[-107.13864499999895,39.603377999999999],[-107.13865499999895,39.603406],[-107.13866899999894,39.603437000000007],[-107.13867699999894,39.603465999999997],[-107.13867599999895,39.603495000000002],[-107.13868499999893,39.603525999999995],[-107.13868299999893,39.60355899999999],[-107.13867299999895,39.603588000000009],[-107.13866799999894,39.603619000000002],[-107.13866699999895,39.603645999999991],[-107.13865099999894,39.603683999999994],[-107.13864199999894,39.603714999999994],[-107.13863399999893,39.603745000000011],[-107.13861699999894,39.603774999999992],[-107.13859999999895,39.603805999999999],[-107.13859699999894,39.603839999999998],[-107.13858399999894,39.603872000000003],[-107.13856899999895,39.603897000000003],[-107.13856099999894,39.603924999999997],[-107.13855799999894,39.603953999999995],[-107.13854599999894,39.603991999999998],[-107.13853199999895,39.604017999999996],[-107.13851999999895,39.604045000000006],[-107.13850399999895,39.60407],[-107.13848699999895,39.604107999999997],[-107.13848099999895,39.604138000000006],[-107.13847199999893,39.604165999999985],[-107.13845299999895,39.604192000000005],[-107.13842499999893,39.604217000000006],[-107.13840599999895,39.604244000000001],[-107.13837899999895,39.604269000000009],[-107.13833699999894,39.604257999999994],[-107.13832399999895,39.604278000000001],[-107.13829399999894,39.604309000000001],[-107.13828299999895,39.604339999999993],[-107.13827399999894,39.60437499999999],[-107.13826199999895,39.60440599999999],[-107.13824299999894,39.604435000000002],[-107.13821699999895,39.604466999999993],[-107.13819499999894,39.604490000000006],[-107.13817599999895,39.604524000000005],[-107.13816099999893,39.604550000000003],[-107.13814699999895,39.604582999999991],[-107.13812199999893,39.604611999999989],[-107.13810399999895,39.604643000000003],[-107.13807999999895,39.604674000000003],[-107.13806899999894,39.604709],[-107.13806599999894,39.604744999999994],[-107.13806999999895,39.604785999999997],[-107.13806899999894,39.604822999999996],[-107.13806499999895,39.604850999999996],[-107.13806299999895,39.60488999999999],[-107.13805099999895,39.604917999999998],[-107.13803399999894,39.604942000000015],[-107.13802699999894,39.604977000000005],[-107.13803599999893,39.605018000000001],[-107.13804499999895,39.605049000000001],[-107.13804899999894,39.605078000000006],[-107.13806699999894,39.605102000000002],[-107.13807999999895,39.605128000000001],[-107.13808899999893,39.605164000000009],[-107.13809699999895,39.605200000000011],[-107.13809799999895,39.605234000000003],[-107.13809199999895,39.605268999999993],[-107.13807899999894,39.605297999999998],[-107.13806199999895,39.605322999999999],[-107.13803899999895,39.605347999999992],[-107.13802299999895,39.605381999999999],[-107.13801399999895,39.605414000000003],[-107.13799999999895,39.605441999999989],[-107.13799399999895,39.605471999999999],[-107.13798199999894,39.605504000000003],[-107.13798799999896,39.605538000000003],[-107.13798899999894,39.605573000000007],[-107.13799499999894,39.605604999999997],[-107.13801399999895,39.605640000000001],[-107.13802599999894,39.605671999999998],[-107.13804399999893,39.605698999999994],[-107.13803699999895,39.60573200000001],[-107.13801699999895,39.605761000000001],[-107.13800299999893,39.605790000000006],[-107.13800999999894,39.605817999999999],[-107.13802999999893,39.605843999999991],[-107.13804099999895,39.605872999999995],[-107.13802299999895,39.605904000000017],[-107.13800199999895,39.605943000000011],[-107.13798999999895,39.605971000000004],[-107.13797899999895,39.606003999999992],[-107.13796199999895,39.606031999999992],[-107.13794899999895,39.606065999999998],[-107.13794299999896,39.606093999999999],[-107.13793299999895,39.606134999999995],[-107.13791399999894,39.606163000000002],[-107.13788899999895,39.606195000000007],[-107.13786299999894,39.606219000000003],[-107.13784199999895,39.606242999999999],[-107.13782399999894,39.606277999999989],[-107.13780699999894,39.606301999999992],[-107.13777999999894,39.60633099999999],[-107.13776999999894,39.60636800000001],[-107.13776199999894,39.606402000000003],[-107.13776499999895,39.60643300000001],[-107.13774499999893,39.606462000000001],[-107.13771599999895,39.606479000000007],[-107.13768299999894,39.606495999999993],[-107.13764899999893,39.606518000000001],[-107.13762099999894,39.606540000000017],[-107.13758799999894,39.606555999999991],[-107.13754799999894,39.606575999999983],[-107.13751299999895,39.606596000000003],[-107.13748599999894,39.606616999999993],[-107.13745699999895,39.606648999999997],[-107.13743499999894,39.606677000000005],[-107.13739599999894,39.606701000000001],[-107.13736899999896,39.606717999999994],[-107.13734799999894,39.60674199999999],[-107.13732399999896,39.606763999999998],[-107.13729399999895,39.606783],[-107.13726199999894,39.606805999999992],[-107.13722699999893,39.606839000000008],[-107.13720699999894,39.606867999999999],[-107.13718399999895,39.606892999999992],[-107.13716399999893,39.606924999999997],[-107.13714499999895,39.606951000000009],[-107.13712799999895,39.606978000000005],[-107.13711899999893,39.606991999999984],[-107.13710899999894,39.607007000000017],[-107.13709899999895,39.60703500000001],[-107.13709999999895,39.607057000000005],[-107.13710099999895,39.607063999999994],[-107.13708599999893,39.607092999999992],[-107.13706299999895,39.607114000000003],[-107.13706199999895,39.607115],[-107.13702999999894,39.607124999999996],[-107.13700599999893,39.607149999999997],[-107.13699399999894,39.60718],[-107.13697299999895,39.607204000000003],[-107.13695199999894,39.607235000000003],[-107.13694199999895,39.607264999999998],[-107.13692399999893,39.607292999999999],[-107.13689499999894,39.607310999999996],[-107.13686999999895,39.607332000000007],[-107.13683699999895,39.607348999999999],[-107.13680899999895,39.607370999999993],[-107.13678799999894,39.607395999999994],[-107.13678399999895,39.607426999999994],[-107.13677199999894,39.607459000000006],[-107.13675799999895,39.607492999999998],[-107.13673599999893,39.607517999999999],[-107.13672999999893,39.607526999999997],[-107.13671899999895,39.607542999999993],[-107.13671699999895,39.607562000000001],[-107.13672399999894,39.607587999999993],[-107.13672599999894,39.607605000000007],[-107.13672699999894,39.607613000000001],[-107.13680799999895,39.607682999999987],[-107.13713499999893,39.607805999999997],[-107.13757999999895,39.607937],[-107.13810899999895,39.608030999999997],[-107.13871099999895,39.608179999999997],[-107.13916899999894,39.608172000000003],[-107.13963299999894,39.608187000000001],[-107.14008599999893,39.608032999999992],[-107.14048799999894,39.607807000000008],[-107.14114199999894,39.607880999999999],[-107.14167499999894,39.607908999999999],[-107.14183099999893,39.607913000000003],[-107.14183099999893,39.60791600000001],[-107.14184099999893,39.607914999999998],[-107.14185299999893,39.607928999999999],[-107.14185399999892,39.607937],[-107.14186599999893,39.607944000000003],[-107.14187899999894,39.607965000000007],[-107.14188999999894,39.607971999999997],[-107.14189199999893,39.607987000000001],[-107.14190199999894,39.60798599999999],[-107.14190399999893,39.607994000000005],[-107.14190499999891,39.608001000000002],[-107.14191599999893,39.608007999999998],[-107.14193999999893,39.608035999999998],[-107.14195299999894,39.60805100000001],[-107.14198499999893,39.608063000000001],[-107.14199699999894,39.608077000000002],[-107.14202099999893,39.608098000000005],[-107.14204299999894,39.608111999999991],[-107.14205499999893,39.608125999999992],[-107.14205799999894,39.608141000000003],[-107.14206899999893,39.608148],[-107.14207999999894,39.608153999999999],[-107.14209199999894,39.608167999999992],[-107.14210299999894,39.608175000000003],[-107.14210399999894,39.60818299999999],[-107.14211399999893,39.608182000000006],[-107.14212499999893,39.608187999999998],[-107.14217799999894,39.608198999999999],[-107.14220899999893,39.608203999999994],[-107.14223999999894,39.608209000000009],[-107.14228099999893,39.608213000000006],[-107.14232299999892,39.608224000000007],[-107.14234499999894,39.608238000000007],[-107.14235599999894,39.608243999999992],[-107.14236599999893,39.608243000000002],[-107.14239699999894,39.608247999999996],[-107.14243899999893,39.608259999999987],[-107.14255599999893,39.608294999999991],[-107.14258799999894,39.608308000000008],[-107.14262099999894,39.608328000000007],[-107.14263099999893,39.608327000000003],[-107.14264199999892,39.608333999999999],[-107.14265199999893,39.608333000000002],[-107.14265299999893,39.608339999999998],[-107.14266399999893,39.608347000000002],[-107.14267399999893,39.608345999999997],[-107.14268499999893,39.608353000000001],[-107.14269699999893,39.608358999999993],[-107.14269799999893,39.608366999999994],[-107.14271999999892,39.608379999999997],[-107.14273199999893,39.608395000000002],[-107.14274499999894,39.608409000000002],[-107.14275599999894,39.608415000000001],[-107.14277399999894,39.608425999999994],[-107.14277799999894,39.608429000000015],[-107.14277799999894,39.608430000000006],[-107.14277899999894,39.60843599999999],[-107.14278999999894,39.608443000000008],[-107.14280299999893,39.608457000000001],[-107.14282599999893,39.608477999999998],[-107.14283799999893,39.608491999999998],[-107.14284499999893,39.608491999999998],[-107.14284799999893,39.608491000000001],[-107.14284899999892,39.608494999999991],[-107.14285099999891,39.608505999999998],[-107.14285999999893,39.608505999999991],[-107.14285999999893,39.608505999999991],[-107.14286099999893,39.608505999999991],[-107.14286199999893,39.608513000000009],[-107.14287299999893,39.608519999999999],[-107.14288299999893,39.608519000000008],[-107.14289399999892,39.608525999999991],[-107.14290499999892,39.60853199999999],[-107.14291499999892,39.608530999999999],[-107.14294699999894,39.608544000000009],[-107.14297199999893,39.608572000000009],[-107.14297399999893,39.608586999999993],[-107.14298599999891,39.608602000000005],[-107.14299999999893,39.608623000000001],[-107.14301299999892,39.608644999999996],[-107.14301599999892,39.608659999999993],[-107.14302799999892,39.608674000000015],[-107.14303999999892,39.608688999999984],[-107.14305199999892,39.608703000000006],[-107.14305399999893,39.608710000000002],[-107.14306499999894,39.608716999999992],[-107.1430759999989,39.608724000000009],[-107.14308699999893,39.608729999999994],[-107.14309899999893,39.608745000000006],[-107.14309999999892,39.608751999999996],[-107.14311199999892,39.608758999999992],[-107.14312499999892,39.608781000000008],[-107.14313699999892,39.608795000000001],[-107.14313999999892,39.608809999999998],[-107.14315199999892,39.608823999999998],[-107.14316399999892,39.608837999999999],[-107.14316699999893,39.608852999999996],[-107.14317699999891,39.608853000000003],[-107.14317799999893,39.608859999999993],[-107.14318999999892,39.608873999999993],[-107.14320199999892,39.608888999999998],[-107.14320299999891,39.608895999999994],[-107.14320599999893,39.608910999999999],[-107.14321799999892,39.608925000000006],[-107.14321899999892,39.608933000000007],[-107.14323199999892,39.608946999999993],[-107.14323299999892,39.608954999999987],[-107.14323399999893,39.608961999999998],[-107.14323499999892,39.608969999999999],[-107.14323599999892,39.60897700000001],[-107.14323699999892,39.608984999999983],[-107.14323899999891,39.608991999999994],[-107.14323999999891,39.609000000000009],[-107.14324099999892,39.609008000000003],[-107.14324199999892,39.609014999999992],[-107.14324299999892,39.609023000000001],[-107.14324399999892,39.60902999999999],[-107.14324599999894,39.609037999999998],[-107.14324699999892,39.609044999999995],[-107.14324799999892,39.609053000000003],[-107.14324899999892,39.609059999999992],[-107.1432499999989,39.609068000000001],[-107.14325299999892,39.609082999999998],[-107.14324299999892,39.60908400000001],[-107.14324399999892,39.609092000000004],[-107.14324599999892,39.609107000000002],[-107.14323699999892,39.609114999999989],[-107.14322799999891,39.609116000000007],[-107.14322899999893,39.609124000000001],[-107.14321999999892,39.609131999999995],[-107.14321099999891,39.609139999999996],[-107.14320199999892,39.609148999999988],[-107.14319399999891,39.609157000000003],[-107.14318499999892,39.609166000000002],[-107.14316499999892,39.60916799999999],[-107.14315599999891,39.609175999999991],[-107.14312699999893,39.609186000000001],[-107.14311899999892,39.609195000000007],[-107.14310899999892,39.609195999999997],[-107.14309899999893,39.609196000000004],[-107.14308999999894,39.609204999999996],[-107.14309099999892,39.609211999999999],[-107.14307099999894,39.609214000000001],[-107.14305299999891,39.60922399999999],[-107.14302399999893,39.609234000000001],[-107.14301399999891,39.609235000000005],[-107.14299499999892,39.609243999999997],[-107.14297499999894,39.609246000000006],[-107.14296699999893,39.609254000000007],[-107.14295799999893,39.609263000000006],[-107.14294799999894,39.609264000000003],[-107.14293899999892,39.609271999999997],[-107.14292999999894,39.609279999999991],[-107.14292099999894,39.609289000000004],[-107.14291199999892,39.609289999999994],[-107.14291299999893,39.609297000000005],[-107.14290299999894,39.609298000000003],[-107.14290399999894,39.609306000000004],[-107.14289399999892,39.609306999999994],[-107.14289499999893,39.609313999999991],[-107.14288599999892,39.609323000000003],[-107.14288799999892,39.60933],[-107.14287799999892,39.609330999999997],[-107.14287899999891,39.609339000000006],[-107.14286999999894,39.609347000000007],[-107.14287199999892,39.60936199999999],[-107.14286399999894,39.609370999999996],[-107.14286499999893,39.609378],[-107.14285599999893,39.609386999999991],[-107.14284699999892,39.609394999999999],[-107.14283799999893,39.609403999999991],[-107.14283999999894,39.609411000000001],[-107.14282299999894,39.609434999999991],[-107.14282599999893,39.609451000000007],[-107.14281799999894,39.609467000000002],[-107.14280999999892,39.60948299999999],[-107.14280499999893,39.609513999999997],[-107.14280599999891,39.609520999999994],[-107.14279899999893,39.609536999999989],[-107.14279099999894,39.609552999999991],[-107.14279299999893,39.609568000000003],[-107.14279599999894,39.609583000000001],[-107.14278799999893,39.609598999999996],[-107.14278099999893,39.609614999999991],[-107.14277299999894,39.609631000000014],[-107.14277499999893,39.609647000000002],[-107.14276799999894,39.609663000000005],[-107.14276099999893,39.609686000000011],[-107.14276399999893,39.609700999999994],[-107.14276599999893,39.609716000000006],[-107.14276799999894,39.609730999999989],[-107.14277099999892,39.609746999999999],[-107.14277299999894,39.609762000000003],[-107.14277499999893,39.609777000000001],[-107.14278799999893,39.609791000000001],[-107.14278999999894,39.609805999999999],[-107.14279999999893,39.609804999999994],[-107.14281799999894,39.609856999999998],[-107.14282299999894,39.609887000000001],[-107.14282499999894,39.609901999999998],[-107.14284099999892,39.60993899999999],[-107.14284299999893,39.609954000000002],[-107.14284599999894,39.60996999999999],[-107.14285699999894,39.609975999999996],[-107.14285899999894,39.609990999999994],[-107.14287199999893,39.610013000000002],[-107.14289799999891,39.610048999999997],[-107.14290099999893,39.610064000000001],[-107.14291399999894,39.61008600000001],[-107.14292799999893,39.610107999999997],[-107.14292999999894,39.610123000000002],[-107.14295299999894,39.610143999999998],[-107.14296599999894,39.610157999999991],[-107.14297899999893,39.61018],[-107.14298099999894,39.610194999999997],[-107.14299499999893,39.610216999999999],[-107.14300699999892,39.610231000000006],[-107.14300899999893,39.610245999999997],[-107.14301399999891,39.610275999999999],[-107.14302899999892,39.610304999999997],[-107.14304099999893,39.610320000000009],[-107.14305299999891,39.610334000000002],[-107.14306599999892,39.610348000000002],[-107.14307999999892,39.610377],[-107.14309099999892,39.61038400000001],[-107.14310299999892,39.610390999999993],[-107.14310399999891,39.610397999999996],[-107.14311399999893,39.610396999999999],[-107.14311499999891,39.610404999999986],[-107.14311599999893,39.610411999999997],[-107.14312699999893,39.610419000000007],[-107.14312799999892,39.610427000000001],[-107.14312899999894,39.610433999999991],[-107.14313899999892,39.610433],[-107.14315199999892,39.610447999999991],[-107.14316399999892,39.610461999999991],[-107.14316499999892,39.610469000000002],[-107.14317699999891,39.610484],[-107.14318899999893,39.610490000000013],[-107.14320099999892,39.610503999999992],[-107.14321299999892,39.610519000000011],[-107.14322499999892,39.610532999999997],[-107.14323699999892,39.610539999999993],[-107.14324899999892,39.610553999999993],[-107.14325099999893,39.610568999999998],[-107.14326399999892,39.610583000000013],[-107.14327599999892,39.610597000000006],[-107.14328899999892,39.610619],[-107.14330199999893,39.610633000000014],[-107.14331499999892,39.610654999999994],[-107.14332699999892,39.610669000000001],[-107.14334099999893,39.610691000000003],[-107.14336399999893,39.610711999999999],[-107.14337599999892,39.610725999999993],[-107.14339999999892,39.610747000000011],[-107.14342299999892,39.610768000000007],[-107.14343599999891,39.610782],[-107.14346899999892,39.610802],[-107.14350299999892,39.61083],[-107.14351499999891,39.610835999999992],[-107.14351599999893,39.610844000000007],[-107.14352799999892,39.610858],[-107.14354899999891,39.610863999999999],[-107.14354999999892,39.61087100000001],[-107.14355999999891,39.61087100000001],[-107.14358099999892,39.610875999999998],[-107.14360199999892,39.610881999999989],[-107.14362199999891,39.610880000000002],[-107.14364199999892,39.610878000000021],[-107.14367199999892,39.610876000000005],[-107.14368199999892,39.610875],[-107.14370199999892,39.610872999999991],[-107.14372199999892,39.61087100000001],[-107.14374199999892,39.610869999999998],[-107.14375199999893,39.610869000000008],[-107.14376199999892,39.610868000000004],[-107.14376999999892,39.610858999999998],[-107.14377999999893,39.610858],[-107.14379899999892,39.610848999999995],[-107.14380799999893,39.610841000000008],[-107.14380699999892,39.610833],[-107.14381699999892,39.610832000000002],[-107.14382499999893,39.610824000000008],[-107.14382399999892,39.610816],[-107.14383299999892,39.610807999999999],[-107.14383099999893,39.610792999999994],[-107.14384099999891,39.610791999999996],[-107.14384699999891,39.610767999999993],[-107.14385599999892,39.610759999999985],[-107.14386299999892,39.610743999999997],[-107.14386999999893,39.610720000000001],[-107.14387599999893,39.610697000000002],[-107.14388399999892,39.610680999999992],[-107.14389099999892,39.610665000000004],[-107.14389799999891,39.610641000000001],[-107.14390799999892,39.610639999999997],[-107.14391499999893,39.610624000000008],[-107.14391399999892,39.610617000000005],[-107.14392299999892,39.610607999999999],[-107.14393199999891,39.610599999999998],[-107.14393099999891,39.610592000000011],[-107.14393799999893,39.610575999999995],[-107.14394699999892,39.610568000000001],[-107.14395499999893,39.610551999999998],[-107.14396199999892,39.61053600000001],[-107.14397099999891,39.610526999999998],[-107.14396999999892,39.610520000000001],[-107.14397899999891,39.610511000000002],[-107.1439869999989,39.610502999999994],[-107.14399499999892,39.610486999999999],[-107.14399399999893,39.610478999999991],[-107.14400099999892,39.61046300000001],[-107.14400899999892,39.610447000000001],[-107.14400699999892,39.610431999999989],[-107.14401699999893,39.610430999999991],[-107.14402399999891,39.61041500000001],[-107.14402199999891,39.610399999999991],[-107.14402999999892,39.610383999999989],[-107.14403599999892,39.610361000000005],[-107.14404399999891,39.610344999999995],[-107.14405099999892,39.610329],[-107.14404899999892,39.610314000000002],[-107.14404799999892,39.610306000000001],[-107.14406299999892,39.610273999999997],[-107.14405899999892,39.61025200000001],[-107.14406699999893,39.610236],[-107.14406499999892,39.610219999999991],[-107.14406999999892,39.610188999999998],[-107.14407599999892,39.610166000000007],[-107.14407399999892,39.610150999999995],[-107.14408299999891,39.610142000000003],[-107.14407999999892,39.610127000000006],[-107.14407799999891,39.610112000000001],[-107.14408699999892,39.610104000000007],[-107.14408599999892,39.610095999999999],[-107.14408399999893,39.610087999999998],[-107.14408299999891,39.610081000000001],[-107.14408199999892,39.610072999999986],[-107.14408099999892,39.610066000000003],[-107.14407899999892,39.610050999999999],[-107.14407699999892,39.610042999999997],[-107.14407499999892,39.610028000000014],[-107.14407399999892,39.610019999999999],[-107.14406299999892,39.610014],[-107.14405899999892,39.609991000000001],[-107.14405799999892,39.609984000000004],[-107.14405699999892,39.609976000000003],[-107.14404699999892,39.609977000000001],[-107.14404599999892,39.609969],[-107.14404499999893,39.60996200000001],[-107.14404299999892,39.609954000000002],[-107.14404199999892,39.609947000000012],[-107.14404099999892,39.60993899999999],[-107.14403999999892,39.609932000000008],[-107.14403899999893,39.609923999999992],[-107.14403799999891,39.609917000000003],[-107.14403599999892,39.609909000000002],[-107.14403399999892,39.609893999999997],[-107.14403199999892,39.609878999999999],[-107.14403099999892,39.609870999999998],[-107.14402899999892,39.609863999999988],[-107.14402799999893,39.609856000000001],[-107.14402699999891,39.609848999999997],[-107.14402499999892,39.609833000000023],[-107.14402399999891,39.609825999999998],[-107.14402099999892,39.609810999999993],[-107.14401999999892,39.609802999999992],[-107.14401799999892,39.609788000000002],[-107.14401699999893,39.609781000000005],[-107.14401399999892,39.609764999999989],[-107.14401299999892,39.609758000000006],[-107.14401199999892,39.609749999999998],[-107.14400799999892,39.60972799999999],[-107.14400699999892,39.609720000000003],[-107.14400599999892,39.609713000000006],[-107.14400499999893,39.609704999999998],[-107.14401199999892,39.609689000000003],[-107.14402099999892,39.609681000000002],[-107.14401899999892,39.609666000000004],[-107.14401799999892,39.609658000000003],[-107.14401599999891,39.609650000000002],[-107.14401499999892,39.609642999999991],[-107.14401399999892,39.609635000000004],[-107.14401299999892,39.609627999999994],[-107.14402299999892,39.609627000000003],[-107.14402199999891,39.609618999999995],[-107.14402099999892,39.609611999999998],[-107.14401899999892,39.609604000000004],[-107.14401799999892,39.609596999999994],[-107.14402799999893,39.60959600000001],[-107.1440259999989,39.609581000000013],[-107.14403299999891,39.609564999999996],[-107.14403099999892,39.609549999999999],[-107.14402299999892,39.609496999999998],[-107.14402099999892,39.609482000000007],[-107.14401799999892,39.609465999999998],[-107.14401599999891,39.609451],[-107.14401399999892,39.609435999999995],[-107.14401199999892,39.609428999999992],[-107.14401099999893,39.609420999999998],[-107.14399999999893,39.609414000000001],[-107.14399799999892,39.609399000000003],[-107.14399699999892,39.609392],[-107.14399499999892,39.609383999999999],[-107.14398399999892,39.609377999999992],[-107.14398299999893,39.609369999999998],[-107.14398199999891,39.60936199999999],[-107.14398099999892,39.609355000000001],[-107.14397999999892,39.609346999999985],[-107.14397799999892,39.609339999999996],[-107.1439869999989,39.609330999999997],[-107.14398599999892,39.609323999999994],[-107.14399599999892,39.609323000000003],[-107.14400399999892,39.609307000000001],[-107.14400199999892,39.609298999999993],[-107.14401099999893,39.609290999999999],[-107.14400999999891,39.609283000000005],[-107.14401899999892,39.609274999999997],[-107.14401799999892,39.609267000000003],[-107.14402799999893,39.609267000000003],[-107.14403599999892,39.609257999999997],[-107.14403499999892,39.609250999999993],[-107.14404499999893,39.609250000000003],[-107.14404399999891,39.609241999999995],[-107.14405299999892,39.609234000000008],[-107.14405199999892,39.609225999999992],[-107.14405999999892,39.609217999999991],[-107.14406899999891,39.609208999999993],[-107.14407899999892,39.609208000000002],[-107.14407799999891,39.609200999999992],[-107.14408699999892,39.609192],[-107.14408499999892,39.609184999999997],[-107.14409399999892,39.609176000000005],[-107.14409299999892,39.609168999999994],[-107.14410299999892,39.609167999999997],[-107.14410099999893,39.609153000000006],[-107.14410899999892,39.609144000000015],[-107.14412599999892,39.609120000000011],[-107.14413299999892,39.609104000000009],[-107.14414199999892,39.609095000000003],[-107.14415599999892,39.609056000000002],[-107.14416499999892,39.609047000000004],[-107.14417399999893,39.609038999999989],[-107.14417299999891,39.609031000000009],[-107.14417099999892,39.609023999999991],[-107.14417999999893,39.609014999999999],[-107.14418899999892,39.609006999999998],[-107.14419799999891,39.608998999999997],[-107.14420799999893,39.608998],[-107.14420699999891,39.608991999999994],[-107.14420699999891,39.608989999999999],[-107.14421499999892,39.60898199999999],[-107.14423399999892,39.608972000000023],[-107.14424299999892,39.608963999999993],[-107.14425199999891,39.608955000000002],[-107.14425999999892,39.608946999999993],[-107.14426899999891,39.608939000000007],[-107.14428799999892,39.60892900000001],[-107.14430799999892,39.608927000000001],[-107.14432599999893,39.60891800000001],[-107.14436199999892,39.608907999999992],[-107.14436499999891,39.608907000000002],[-107.14438299999892,39.608889999999995],[-107.14439299999891,39.608888999999991],[-107.14439499999892,39.608883999999996],[-107.14439999999892,39.608872999999996],[-107.14439899999893,39.608866000000006],[-107.14440799999892,39.608856999999993],[-107.14441499999892,39.608840999999991],[-107.14441399999892,39.608834000000009],[-107.14442399999892,39.608832999999983],[-107.14442299999892,39.60882500000001],[-107.14442199999893,39.608817999999999],[-107.1444209999989,39.608809999999998],[-107.14441999999892,39.608803000000016],[-107.14441799999892,39.608795000000001],[-107.14441699999892,39.608788000000004],[-107.14440899999892,39.608735000000003],[-107.14440399999891,39.608704000000003],[-107.14440199999892,39.608688999999998],[-107.14439799999892,39.608666999999997],[-107.14438999999892,39.608613999999996],[-107.14438699999891,39.60859099999999],[-107.14438399999892,39.608575999999999],[-107.14438099999892,39.608553000000001],[-107.14438799999893,39.608536999999998],[-107.14439599999892,39.608521000000003],[-107.14440399999891,39.608505000000001],[-107.14441199999892,39.608497],[-107.14442199999893,39.608496000000002],[-107.14443199999891,39.608494999999991],[-107.14446199999892,39.608492000000005],[-107.14448199999892,39.608491000000015],[-107.14451299999892,39.608496000000002],[-107.14453399999891,39.60850099999999],[-107.14456499999892,39.608505999999991],[-107.14464599999891,39.608507000000003],[-107.14466699999892,39.608511999999997],[-107.14469799999893,39.608517000000006],[-107.14473799999892,39.608513999999992],[-107.14477899999892,39.608517999999997],[-107.14481099999892,39.608527000000002],[-107.14480499999893,39.608482000000002],[-107.14479799999891,39.608437000000002],[-107.14479099999892,39.608391999999995],[-107.14478399999892,39.608346999999995],[-107.14483599999892,39.608296999999993],[-107.14489499999893,39.608291999999992],[-107.14495399999892,39.608286],[-107.14501399999892,39.608280999999991],[-107.14507299999892,39.608275999999989],[-107.14513199999892,39.60826999999999],[-107.14519199999891,39.60826500000001],[-107.14519899999893,39.608309999999996],[-107.14520599999892,39.608354999999996],[-107.14521299999892,39.608400000000003],[-107.14521999999891,39.608445000000003],[-107.14522699999893,39.608490000000003],[-107.14523399999892,39.608535000000003],[-107.14529999999893,39.608575000000002],[-107.14535899999892,39.608570000000007],[-107.14541799999893,39.608564000000008],[-107.14553699999891,39.608553999999991],[-107.14558899999892,39.608502999999992],[-107.14564899999893,39.608497999999997],[-107.14576699999893,39.608487999999994],[-107.14594499999892,39.608471999999999],[-107.14599699999891,39.608420999999993],[-107.14605699999892,39.608415999999998],[-107.14604999999892,39.608370999999998],[-107.14610899999892,39.60836599999999],[-107.14616799999892,39.608359999999983],[-107.14622799999891,39.608354999999996],[-107.14633199999892,39.608254000000009],[-107.14639199999893,39.608248999999994],[-107.1464509999989,39.608243999999992],[-107.1466219999989,39.608182999999983],[-107.14667399999891,39.608133000000002],[-107.14679299999891,39.608121999999995],[-107.14683799999891,39.608026999999993],[-107.1468969999989,39.608021000000008],[-107.14695699999891,39.608015999999999],[-107.1470159999989,39.608010999999983],[-107.1470089999989,39.60796599999999],[-107.1472459999989,39.607943999999996],[-107.1473649999989,39.607934000000007],[-107.14742399999891,39.607929000000006],[-107.1474309999989,39.607974000000006],[-107.1474379999989,39.608018999999992],[-107.14744499999891,39.608063999999999],[-107.14745199999891,39.608109000000013],[-107.1474589999989,39.608153999999999],[-107.14739999999891,39.608158999999993],[-107.14740699999891,39.608203999999994],[-107.1474139999989,39.608248999999994],[-107.1474209999989,39.608293999999994],[-107.14742799999891,39.608339000000001],[-107.14743399999891,39.608384000000008],[-107.14744099999891,39.608429000000001],[-107.1474479999989,39.608473999999994],[-107.1474549999989,39.608519000000015],[-107.14746199999891,39.608564000000015],[-107.14746899999891,39.608609000000015],[-107.1474759999989,39.608653999999994],[-107.1474829999989,39.608698999999994],[-107.14749699999891,39.608789000000002],[-107.14755699999891,39.608784],[-107.14756399999891,39.608828999999993],[-107.1475709999989,39.608874],[-107.1475779999989,39.608919],[-107.14763699999891,39.608914000000013],[-107.14764399999891,39.608958999999999],[-107.14770299999891,39.608953],[-107.1477629999989,39.608947999999998],[-107.1478809999989,39.608936999999997],[-107.14806599999891,39.608967],[-107.1481849999989,39.608955999999985],[-107.1483029999989,39.608944999999999],[-107.1484219999989,39.608935000000002],[-107.14848099999891,39.608929000000018],[-107.14853299999891,39.608879000000002],[-107.14852599999891,39.608833999999995],[-107.1485789999989,39.608784],[-107.1486309999989,39.608733000000015],[-107.14868299999891,39.608683000000006],[-107.14873599999891,39.60863299999999],[-107.1487879999989,39.608582000000006],[-107.14884699999891,39.608576999999997],[-107.1488999999989,39.608527000000002],[-107.1489519999989,39.608476000000017],[-107.14900399999891,39.608426000000001],[-107.14912299999891,39.608415999999998],[-107.1493009999989,39.608399999999996],[-107.14935999999891,39.608393999999997],[-107.1493669999989,39.60843899999999],[-107.1493739999989,39.608483999999997],[-107.14938099999891,39.608528999999997],[-107.1494399999989,39.60852400000001],[-107.14949899999891,39.608518999999994],[-107.1495589999989,39.608513000000002],[-107.14966299999891,39.608412999999999],[-107.1497229999989,39.608406999999993],[-107.14978199999891,39.608401999999984],[-107.1498409999989,39.608396999999997],[-107.14989399999891,39.608346999999995],[-107.1499529999989,39.608341000000024],[-107.1500049999989,39.608291000000008],[-107.1500569999989,39.608240999999992],[-107.1500499999989,39.608196000000007],[-107.15010999999889,39.60819],[-107.15010299999889,39.608145],[-107.15016199999889,39.608140000000006],[-107.1502139999989,39.60808999999999],[-107.15026699999889,39.608038999999998],[-107.15038499999889,39.608029000000009],[-107.15061499999889,39.607962000000008],[-107.15079299999888,39.607947000000003],[-107.15085299999889,39.60794099999999],[-107.15085999999889,39.607985999999997],[-107.1508669999989,39.608030999999997],[-107.15087399999891,39.608076000000004],[-107.15088099999889,39.60812099999999],[-107.15094699999889,39.608160999999996],[-107.1510129999989,39.608200999999994],[-107.15107199999889,39.608194999999995],[-107.15113199999891,39.60819],[-107.1513099999989,39.608174000000005],[-107.15154699999889,39.608152999999994],[-107.15171799999889,39.608092000000006],[-107.15176999999889,39.60804199999999],[-107.15188899999889,39.608030999999997],[-107.15200699999889,39.60802000000001],[-107.1521779999989,39.607959999999991],[-107.15223699999889,39.607954000000007],[-107.15228999999889,39.607904000000005],[-107.15234899999889,39.607899000000018],[-107.1523419999989,39.607854000000003],[-107.15240099999889,39.607848000000011],[-107.15251999999889,39.607838000000001],[-107.1525719999989,39.607786999999995],[-107.15263099999889,39.607781999999993],[-107.15268399999889,39.607731999999992],[-107.15274299999889,39.607725999999992],[-107.15280199999889,39.607721000000012],[-107.15286199999889,39.607716000000003],[-107.1529209999989,39.607709999999997],[-107.15297999999889,39.607704999999996],[-107.15303999999891,39.607700000000001],[-107.15309899999889,39.607695],[-107.15327699999889,39.607679000000005],[-107.15333599999889,39.607673000000005],[-107.15339499999889,39.60766799999999],[-107.15345499999889,39.607663000000002],[-107.15357299999887,39.607651999999995],[-107.15382399999889,39.607720999999998],[-107.15406799999887,39.607745000000001],[-107.15419399999888,39.607779000000001],[-107.15425299999887,39.607774000000006],[-107.15425999999889,39.607819000000013],[-107.15431999999888,39.607813000000007],[-107.15432699999887,39.607857999999993],[-107.15433399999888,39.607903000000007],[-107.15434099999888,39.607948],[-107.15434799999889,39.607993999999998],[-107.15441399999888,39.608032999999992],[-107.15442099999888,39.608077999999999],[-107.15442799999887,39.608122999999999],[-107.15448699999888,39.608118000000005],[-107.15449399999888,39.60816299999999],[-107.15450099999887,39.608207999999991],[-107.15456699999889,39.608247999999996],[-107.15457399999887,39.608293000000003],[-107.15458099999887,39.608338000000003],[-107.15458799999888,39.608382999999996],[-107.15459499999888,39.608427999999996],[-107.15460199999889,39.608472999999996],[-107.15460899999887,39.608517999999989],[-107.15462299999888,39.608607999999997],[-107.15468999999889,39.608648000000017],[-107.15469699999888,39.608693000000009],[-107.15476299999888,39.608731999999996],[-107.15476999999888,39.608776999999989],[-107.15482899999888,39.608772000000002],[-107.15483599999888,39.608817000000009],[-107.15484299999888,39.608862000000002],[-107.1549029999989,39.608857000000015],[-107.15496899999887,39.608896000000001],[-107.15503499999888,39.608936],[-107.15509399999888,39.608930999999991],[-107.15515399999887,39.608925999999997],[-107.15521299999888,39.608919999999991],[-107.15527199999887,39.608915000000003],[-107.15533199999888,39.608910000000002],[-107.15539099999887,39.608904000000003],[-107.15550199999888,39.608848999999992],[-107.15556199999889,39.608843],[-107.15562099999887,39.608837999999999],[-107.15567999999888,39.608832999999983],[-107.15573999999889,39.608826999999998],[-107.15579899999888,39.608821999999996],[-107.15603599999888,39.608801],[-107.15615499999888,39.608789999999985],[-107.15627299999888,39.60878000000001],[-107.15633299999888,39.608773999999997],[-107.15639199999887,39.608769000000009],[-107.15645799999888,39.608809000000001],[-107.15651699999887,39.608803000000009],[-107.15657699999888,39.608798],[-107.15658399999887,39.608843],[-107.15670199999887,39.608832999999997],[-107.15676199999888,39.608826999999991],[-107.15682099999887,39.608821999999996],[-107.15688699999887,39.608862000000009],[-107.15695399999889,39.608900999999996],[-107.15701299999888,39.608896000000001],[-107.15707199999886,39.608891],[-107.15707899999887,39.608936000000007],[-107.15713799999887,39.608929999999994],[-107.15714499999886,39.608974999999994],[-107.15727799999887,39.609054999999998],[-107.15734399999886,39.609094999999996],[-107.15741099999886,39.609134000000005],[-107.15741799999887,39.60917899999999],[-107.15748399999887,39.609219000000003],[-107.15754299999887,39.609214000000001],[-107.15754999999888,39.609259000000002],[-107.15760899999887,39.609253000000002],[-107.15761599999887,39.609298000000003],[-107.15762299999886,39.609342999999988],[-107.15762999999886,39.60938800000001],[-107.15763699999886,39.609432999999996],[-107.15764399999888,39.609477999999989],[-107.15765099999886,39.609523000000003],[-107.15765799999888,39.609569],[-107.15766499999886,39.609614000000001],[-107.15767199999887,39.609659000000001],[-107.15768599999886,39.609749000000001],[-107.15762699999887,39.609753999999995],[-107.15741099999886,39.609910000000006],[-107.15741799999887,39.609954999999992],[-107.15735899999886,39.609961000000006],[-107.15724699999888,39.610016000000002],[-107.15719499999886,39.610065999999989],[-107.15720199999888,39.610112000000001],[-107.15714199999887,39.610116999999995],[-107.15708999999887,39.610166999999997],[-107.15703799999888,39.610216999999999],[-107.1569849999989,39.610267999999998],[-107.15692599999888,39.610272999999999],[-107.15686699999888,39.610277999999994],[-107.15681499999889,39.610329],[-107.15682199999888,39.610373999999993],[-107.15676199999888,39.610379000000002],[-107.15676899999887,39.610424000000002],[-107.15670999999888,39.610428999999996],[-107.15665099999889,39.610435000000003],[-107.15659099999888,39.610439999999997],[-107.15647999999888,39.610495999999998],[-107.15641999999887,39.610500999999992],[-107.15642699999887,39.610546000000006],[-107.15636799999888,39.610551000000008],[-107.15630899999887,39.610557000000007],[-107.15624999999889,39.610562000000002],[-107.15618999999887,39.610566999999996],[-107.15613099999888,39.610573000000002],[-107.15607199999887,39.610578000000004],[-107.15601199999888,39.610582999999998],[-107.15589399999888,39.610594000000006],[-107.15583399999888,39.610599000000001],[-107.15571599999888,39.610609999999994],[-107.15565699999888,39.610614999999996],[-107.15559699999889,39.61061999999999],[-107.15553799999888,39.610626000000011],[-107.15547199999889,39.610586000000012],[-107.15535299999888,39.610596999999999],[-107.15523499999888,39.610606999999987],[-107.1551159999989,39.610617999999995],[-107.15499699999889,39.610628000000005],[-107.15487899999887,39.610639000000013],[-107.15475999999887,39.610650000000007],[-107.15470099999888,39.610654999999987],[-107.15464199999887,39.610660000000003],[-107.15458199999888,39.610666000000009],[-107.15447099999889,39.610721000000019],[-107.15441099999887,39.610727000000004],[-107.15429299999887,39.610737],[-107.15418099999887,39.610793000000001],[-107.15412199999888,39.610798000000003],[-107.15406299999887,39.610802999999976],[-107.15394399999887,39.610813999999984],[-107.15388499999888,39.610818999999999],[-107.15389199999888,39.610863999999999],[-107.15377299999888,39.610875],[-107.15371399999889,39.610880000000002],[-107.15365399999889,39.610885999999994],[-107.15359499999887,39.610891000000002],[-107.15353599999889,39.61089599999999],[-107.15347699999889,39.610900999999998],[-107.1534169999989,39.610907000000012],[-107.15335799999889,39.610911999999992],[-107.1532989999989,39.610917000000008],[-107.15323899999889,39.610923000000007],[-107.1531799999989,39.610927999999994],[-107.15312799999889,39.610978000000003],[-107.15306899999889,39.610984000000002],[-107.15301599999889,39.611034000000004],[-107.15289799999888,39.611044999999997],[-107.15277899999889,39.611055000000007],[-107.15271999999889,39.611060999999999],[-107.15265999999889,39.611066000000001],[-107.1526009999989,39.61107100000001],[-107.15254899999888,39.61112099999999],[-107.15248999999889,39.61112700000001],[-107.15242999999889,39.611131999999998],[-107.15231199999889,39.611142999999998],[-107.1522519999989,39.611148],[-107.15219299999889,39.611153000000009],[-107.1521339999989,39.611159000000008],[-107.15207399999889,39.611164000000009],[-107.1520149999989,39.611168999999983],[-107.15195599999889,39.611175000000003],[-107.1518969999989,39.611179999999997],[-107.15190399999889,39.611225000000005],[-107.1519629999989,39.61122000000001],[-107.15203599999889,39.611304000000004],[-107.15209499999889,39.611299000000002],[-107.15210199999889,39.611344000000003],[-107.15210899999889,39.611389000000003],[-107.15204999999889,39.611393999999997],[-107.15205699999889,39.611438999999997],[-107.15199799999891,39.61144500000001],[-107.15193799999889,39.611449999999998],[-107.1518789999989,39.611454999999999],[-107.1518859999989,39.611500000000007],[-107.15182699999889,39.611506000000006],[-107.1517679999989,39.611510999999993],[-107.15170799999889,39.611516000000009],[-107.1516489999989,39.611521999999994],[-107.15152999999889,39.61153199999999],[-107.1515369999989,39.611576999999997],[-107.15147799999889,39.611581999999999],[-107.1514189999989,39.61158799999999],[-107.15135999999889,39.611592999999992],[-107.15130699999889,39.611643000000001],[-107.15124799999889,39.611649],[-107.15118899999889,39.611653999999994],[-107.15112899999889,39.611659000000003],[-107.15101099999889,39.611669999999989],[-107.1508329999989,39.611685999999992],[-107.1506029999989,39.611752000000003],[-107.1504839999989,39.611762999999996],[-107.15042499999889,39.611767999999998],[-107.15036499999889,39.611772999999999],[-107.15030599999891,39.611779000000006],[-107.15018799999889,39.611788999999995],[-107.15013499999891,39.611839999999994],[-107.14995699999891,39.611854999999991],[-107.1498979999989,39.611860999999998],[-107.14983899999891,39.611865999999992],[-107.1497269999989,39.611922000000007],[-107.14966799999891,39.611927000000001],[-107.1496159999989,39.61197700000001],[-107.14955599999891,39.611982999999995],[-107.1494969999989,39.611987999999997],[-107.14943799999891,39.611993000000005],[-107.1493849999989,39.61204399999999],[-107.14932599999891,39.612048999999999],[-107.14927399999891,39.612098999999994],[-107.1492209999989,39.612150000000007],[-107.14916199999891,39.612155000000001],[-107.1491029999989,39.612160000000003],[-107.14904999999891,39.612209999999997],[-107.1489909999989,39.612215999999997],[-107.14893199999891,39.612220999999998],[-107.1488729999989,39.612225999999993],[-107.14881999999891,39.612276999999992],[-107.1487609999989,39.612281999999993],[-107.14870199999891,39.612287000000009],[-107.1485899999989,39.612343000000003],[-107.14853799999891,39.612392999999997],[-107.1484329999989,39.612493999999998],[-107.1484399999989,39.612538999999984],[-107.14838099999891,39.612544000000007],[-107.14832899999891,39.612594999999992],[-107.1482689999989,39.612600000000008],[-107.1482759999989,39.612645000000008],[-107.1482239999989,39.612695000000031],[-107.14816499999891,39.612701000000008],[-107.14817199999891,39.612746000000008],[-107.1481119999989,39.612750999999996],[-107.14805999999891,39.612800999999997],[-107.1480009999989,39.612806999999989],[-107.14794799999891,39.612856999999991],[-107.1479549999989,39.612901999999984],[-107.14789599999891,39.612907],[-107.1478369999989,39.612911999999994],[-107.14784399999891,39.612956999999994],[-107.14778399999891,39.612963000000008],[-107.14773199999891,39.613013000000002],[-107.1476729999989,39.613018000000004],[-107.1476799999989,39.613062999999997],[-107.14762099999891,39.61306900000001],[-107.14756799999891,39.613119000000005],[-107.14757499999891,39.613163999999998],[-107.14752299999891,39.613214000000006],[-107.14746399999891,39.613219999999991],[-107.1474709999989,39.613264999999998],[-107.14741099999891,39.61327],[-107.1473589999989,39.613320000000002],[-107.14736599999891,39.613365000000009],[-107.1473069999989,39.613370999999994],[-107.1472469999989,39.613375999999995],[-107.14712899999891,39.613386999999996],[-107.14706899999891,39.61339199999999],[-107.1470099999989,39.613396999999999],[-107.14695099999891,39.613403000000005],[-107.14689199999891,39.613408000000007],[-107.1467729999989,39.613418000000003],[-107.14671399999891,39.613424000000009],[-107.14666099999891,39.613473999999997],[-107.14660199999891,39.613478999999991],[-107.14654999999892,39.613529999999997],[-107.14655699999891,39.613574999999997],[-107.14650399999891,39.613624999999992],[-107.14651099999892,39.613669999999992],[-107.14651799999892,39.613714999999999],[-107.14652499999892,39.613759999999999],[-107.14653199999891,39.613804999999999],[-107.14647299999892,39.613810000000001],[-107.14647999999892,39.613855000000008],[-107.14642799999892,39.613906],[-107.14637499999893,39.613956000000009],[-107.14638199999892,39.614000999999995],[-107.14638899999892,39.614046000000009],[-107.14632999999893,39.614051000000003],[-107.14633699999892,39.614095999999996],[-107.14634399999892,39.614140999999996],[-107.14629199999892,39.614192000000003],[-107.14623199999892,39.614196999999997],[-107.1462389999989,39.614241999999997],[-107.14617999999892,39.614246999999999],[-107.14618699999892,39.614291999999999],[-107.1461939999989,39.614336999999992],[-107.14614199999892,39.614388000000005],[-107.14614899999891,39.614432999999998],[-107.14615599999892,39.614477999999998],[-107.14616299999892,39.614523000000005],[-107.14616999999892,39.614567999999998],[-107.14617699999891,39.614613000000006],[-107.14618399999893,39.614657999999999],[-107.14619099999892,39.614702999999999],[-107.14619799999892,39.614747999999999],[-107.14620499999891,39.614792999999999],[-107.14621199999893,39.614838000000013],[-107.14615199999892,39.614843],[-107.14615899999892,39.614887999999986],[-107.14609999999891,39.614894],[-107.14610699999892,39.614939000000007],[-107.14604799999891,39.614943999999994],[-107.14598799999892,39.614948999999996],[-107.14598199999892,39.614904000000003],[-107.14597499999893,39.61485900000001],[-107.14590799999893,39.614818999999997],[-107.14584899999892,39.61482500000001],[-107.14584199999891,39.61478000000001],[-107.14578299999891,39.614784999999998],[-107.14571599999891,39.614744999999999],[-107.14570899999892,39.614700000000013],[-107.14564999999892,39.614705999999998],[-107.14559099999892,39.614711000000007],[-107.14558399999891,39.614666],[-107.14551699999892,39.614626000000001],[-107.14545799999892,39.614631999999993],[-107.14539199999892,39.614591999999988],[-107.14538499999892,39.614547000000002],[-107.14531899999892,39.614507000000003],[-107.14531199999892,39.614462000000003],[-107.14524499999892,39.614421999999998],[-107.14523799999893,39.614376999999983],[-107.14523099999892,39.614332000000005],[-107.14517199999892,39.614338000000004],[-107.14516499999893,39.614293000000018],[-107.14509899999892,39.614252999999998],[-107.14509199999893,39.614207999999998],[-107.14502599999892,39.614168000000006],[-107.14495899999892,39.614128000000001],[-107.14489299999892,39.614089],[-107.14488599999892,39.614044],[-107.14481999999892,39.614004000000008],[-107.14475299999891,39.613963999999989],[-107.14469399999892,39.613970000000002],[-107.14462799999892,39.613930000000003],[-107.14456199999891,39.613889999999998],[-107.14449499999893,39.613849999999985],[-107.14437699999893,39.613861],[-107.14431699999892,39.613866000000009],[-107.14425799999891,39.613872000000001],[-107.14420599999892,39.613922000000002],[-107.14415299999891,39.613971999999997],[-107.14415999999892,39.61401699999999],[-107.14416699999892,39.614062000000011],[-107.14411499999892,39.614113000000003],[-107.14412199999892,39.614158000000003],[-107.14406299999892,39.614162999999998],[-107.14406999999892,39.614207999999998],[-107.14407699999892,39.614252999999998],[-107.14408399999893,39.614297999999998],[-107.14403099999892,39.614348],[-107.14403799999891,39.614393],[-107.14404499999893,39.614438000000007],[-107.14398599999892,39.614443999999992],[-107.14399299999891,39.614488999999999],[-107.14393399999892,39.614494000000001],[-107.14388099999891,39.614544000000009],[-107.14388799999892,39.614589000000016],[-107.14389499999891,39.614633999999995],[-107.14384299999892,39.614685000000001],[-107.14384999999891,39.614730000000009],[-107.14379099999891,39.614734999999996],[-107.14379799999892,39.614780000000003],[-107.14374499999892,39.614829999999998],[-107.14368599999892,39.614835999999997],[-107.14369299999892,39.614880999999997],[-107.14363399999893,39.614885999999991],[-107.14364099999892,39.614930999999984],[-107.14358899999893,39.614980999999993],[-107.14359599999892,39.615025999999993],[-107.14360199999892,39.615071000000007],[-107.14354299999891,39.615076999999999],[-107.14349099999892,39.615127000000001],[-107.14343199999892,39.615132000000003],[-107.14343899999892,39.615176999999996],[-107.1433789999989,39.615183000000002],[-107.14338599999893,39.615228000000002],[-107.14339299999892,39.615273000000002],[-107.1433339999989,39.615277999999996],[-107.14328199999892,39.615327999999984],[-107.14322199999893,39.615333999999997],[-107.14323599999892,39.615423999999997],[-107.14318399999894,39.615474000000006],[-107.14313199999893,39.615524000000001],[-107.14307899999892,39.615574999999993],[-107.14308599999893,39.61562],[-107.14309299999893,39.615664999999986],[-107.14304099999893,39.615715000000002],[-107.14304799999893,39.615759999999995],[-107.14305499999894,39.615805000000002],[-107.14306199999892,39.615850000000002],[-107.14306899999893,39.615895000000002],[-107.14307599999891,39.615940000000002],[-107.14308299999894,39.615985000000002],[-107.14308999999894,39.616030000000002],[-107.14309699999893,39.616075000000009],[-107.14310399999891,39.616120000000002],[-107.14310899999892,39.616151000000002],[-107.14311099999892,39.616165000000009],[-107.14311799999892,39.616210000000002],[-107.14312499999893,39.616254999999995],[-107.14313199999893,39.616299999999995],[-107.14313899999892,39.616345000000003],[-107.14314599999892,39.61639000000001],[-107.14315299999893,39.616435000000003],[-107.14315999999891,39.616480000000003],[-107.14319999999893,39.616504999999997],[-107.14322599999892,39.616519999999994],[-107.14323299999893,39.616565000000001],[-107.14323999999891,39.616610000000009],[-107.14324699999894,39.616655000000002],[-107.14325399999892,39.616699999999994],[-107.14326099999892,39.616744999999995],[-107.14331999999892,39.616739999999993],[-107.14332699999892,39.616784999999993],[-107.1433339999989,39.616829999999993],[-107.14334099999893,39.616875],[-107.14334799999894,39.616920000000007],[-107.14335499999892,39.616965],[-107.14336199999892,39.617010000000001],[-107.14336899999891,39.617055000000008],[-107.14337599999892,39.617100000000001],[-107.14338299999892,39.617145000000015],[-107.14338999999893,39.617190000000001],[-107.14339699999891,39.617234999999987],[-107.14340399999892,39.617280000000008],[-107.14341099999892,39.617325000000001],[-107.14341799999892,39.617370000000001],[-107.14342499999891,39.617415000000001],[-107.14343199999892,39.617459999999994],[-107.14349099999892,39.617454999999993],[-107.14349799999891,39.617499999999993],[-107.14355799999892,39.617495000000005],[-107.14356499999892,39.617539999999984],[-107.14357199999893,39.617584999999998],[-107.14357899999892,39.617629999999998],[-107.14358599999892,39.617674999999991],[-107.14359299999892,39.617720000000006],[-107.14365199999892,39.617714000000007],[-107.14365899999892,39.617759],[-107.14366599999892,39.617804],[-107.14373199999892,39.617843999999998],[-107.14379799999892,39.617883999999989],[-107.14385799999891,39.617877999999997],[-107.14386499999893,39.617924000000002],[-107.14387199999892,39.617968999999995],[-107.14387899999892,39.618013999999995],[-107.14388599999891,39.618059000000009],[-107.14395199999892,39.61809800000001],[-107.14395899999892,39.618142999999989],[-107.14396599999893,39.618188000000004],[-107.14403199999892,39.618228000000002],[-107.14409199999892,39.618222999999993],[-107.14415799999892,39.618262000000009],[-107.14416499999892,39.618307000000001],[-107.14423099999892,39.618346999999993],[-107.14423799999892,39.618392],[-107.14429699999891,39.618386999999998],[-107.14430399999893,39.618431999999977],[-107.14431099999892,39.618476999999992],[-107.14437799999892,39.618517000000004],[-107.14443699999892,39.618510999999984],[-107.14444399999891,39.618555999999998],[-107.14456999999892,39.618591000000002],[-107.14463599999893,39.618631000000008],[-107.14464299999892,39.618676000000001],[-107.14470199999892,39.618670000000002],[-107.14476799999892,39.618710000000007],[-107.14477499999892,39.618755000000007],[-107.14478199999893,39.6188],[-107.14472999999892,39.618850000000016],[-107.14473699999893,39.618894999999988],[-107.14467799999892,39.618901000000001],[-107.14461799999891,39.618906000000003],[-107.14455899999892,39.618910999999997],[-107.14449999999891,39.61891700000001],[-107.14438099999892,39.618926999999992],[-107.14432199999892,39.618932000000001],[-107.14426299999892,39.618938],[-107.14420299999892,39.618942999999994],[-107.14414399999892,39.618947999999996],[-107.14407799999891,39.618908999999995],[-107.14401799999892,39.618913999999997],[-107.14401099999893,39.618868999999997],[-107.14395199999892,39.618873999999998],[-107.14394499999892,39.618828999999991],[-107.14387899999892,39.618789000000007],[-107.14381999999893,39.618794999999992],[-107.14375299999892,39.618755],[-107.14369399999892,39.618760000000002],[-107.14363499999891,39.618766000000001],[-107.14357499999892,39.618770999999995],[-107.14351599999893,39.618776000000011],[-107.14345699999892,39.618782000000003],[-107.14339699999891,39.618786999999983],[-107.14333799999893,39.618791999999992],[-107.14334499999892,39.618836999999992],[-107.14328599999894,39.618842999999998],[-107.14329299999892,39.618887999999998],[-107.14323999999893,39.618937999999993],[-107.14324699999892,39.618983000000007],[-107.14325399999892,39.619027999999993],[-107.14319499999893,39.619033000000009],[-107.14320199999892,39.619078000000002],[-107.14320899999893,39.619123000000002],[-107.14321599999893,39.619168000000002],[-107.14322299999893,39.619213000000009],[-107.14322999999894,39.619258000000009],[-107.14323699999893,39.619302999999995],[-107.14318499999894,39.619354000000001],[-107.14319199999893,39.619399000000008],[-107.14313899999894,39.619449000000003],[-107.14308699999893,39.61949899999999],[-107.14309399999892,39.619544000000005],[-107.14303499999893,39.61954999999999],[-107.14304199999893,39.61959499999999],[-107.14298199999892,39.619600000000005],[-107.14297499999894,39.619554999999991],[-107.14296799999893,39.619509999999998],[-107.14302799999894,39.61950499999999],[-107.14302099999892,39.619460000000004],[-107.14301399999893,39.619415000000004],[-107.14300699999893,39.619369999999996],[-107.14299999999893,39.619325000000018],[-107.14299299999894,39.619279999999996],[-107.14298599999891,39.61923500000001],[-107.14297899999893,39.619188999999992],[-107.14297199999893,39.619143999999991],[-107.14296499999894,39.619098999999999],[-107.14295799999893,39.619053999999991],[-107.14295099999893,39.619009000000013],[-107.14294399999893,39.618963999999998],[-107.14293699999892,39.618918999999991],[-107.14292999999894,39.618873999999991],[-107.14287099999893,39.618879999999983],[-107.14286399999894,39.618834999999997],[-107.14279699999894,39.618795000000006],[-107.14273799999893,39.618799999999986],[-107.14273099999893,39.618755000000007],[-107.14272399999892,39.618710000000007],[-107.14271699999894,39.618665000000014],[-107.14264399999894,39.618580000000001],[-107.14263699999893,39.618534999999994],[-107.14257799999893,39.618541],[-107.14250399999894,39.618456000000002],[-107.14237899999894,39.61842200000001],[-107.14231199999894,39.618381999999997],[-107.14224599999893,39.618341999999998],[-107.14218699999894,39.618347000000007],[-107.14217999999893,39.618301999999993],[-107.14212099999894,39.618308000000006],[-107.14211399999893,39.618262999999992],[-107.14210699999893,39.618218000000006],[-107.14203999999893,39.618178000000007],[-107.14198099999892,39.618183000000002],[-107.14191499999893,39.618143999999994],[-107.14184799999893,39.618103999999995],[-107.14184099999893,39.618059000000002],[-107.14178199999894,39.618063999999997],[-107.14177499999893,39.618018999999997],[-107.14171599999894,39.618023999999998],[-107.14165699999893,39.61802999999999],[-107.14158999999893,39.617989999999999],[-107.14147199999893,39.618000999999992],[-107.14140499999894,39.617961000000001],[-107.14133899999894,39.617921000000003],[-107.14127999999893,39.61792599999999],[-107.14121999999894,39.617932000000003],[-107.14116099999893,39.617936999999998],[-107.14110199999894,39.617941999999999],[-107.14104299999893,39.617948000000013],[-107.14098299999894,39.617953],[-107.14092399999893,39.617958000000009],[-107.14086499999894,39.617963999999994],[-107.14080499999893,39.617968999999988],[-107.14074599999893,39.61797399999999],[-107.14068699999892,39.617978999999991],[-107.14062699999893,39.61798499999999],[-107.14056799999894,39.617989999999999],[-107.14050899999891,39.617995000000001],[-107.14044899999894,39.618001000000007],[-107.14038999999892,39.618005999999987],[-107.14033099999892,39.618011000000003],[-107.14027199999893,39.618017000000002],[-107.14021199999894,39.618022000000011],[-107.14015299999893,39.618027000000005],[-107.14004099999893,39.618082999999999],[-107.13998199999894,39.618088],[-107.13992299999893,39.618092999999995],[-107.13986299999895,39.618099000000001],[-107.13980399999895,39.61810400000001],[-107.13975199999894,39.618154000000004],[-107.13969899999893,39.618205000000003],[-107.13963999999895,39.618209999999983],[-107.13958799999894,39.618259999999999],[-107.13952899999894,39.618265999999998],[-107.13953599999894,39.618310999999999],[-107.13947599999895,39.618316000000007],[-107.13942399999894,39.618365999999995],[-107.13937199999894,39.618417000000008],[-107.13937899999894,39.618462000000001],[-107.13931899999895,39.618467000000017],[-107.13932599999893,39.618511999999996],[-107.13926699999895,39.618517000000004],[-107.13920799999894,39.618521999999999],[-107.13915499999895,39.618572999999998],[-107.13910299999895,39.618622999999999],[-107.13910999999895,39.618667999999992],[-107.13905099999894,39.618673000000001],[-107.13905799999895,39.618717999999994],[-107.13899799999894,39.618724],[-107.13900499999895,39.618769],[-107.13901199999894,39.618814000000008],[-107.13901899999894,39.618859],[-107.13902599999895,39.618904000000008],[-107.13903299999893,39.618949000000001],[-107.13903999999894,39.618994000000001],[-107.13909999999895,39.618988999999985],[-107.13910699999894,39.619033999999999],[-107.13916599999894,39.619027999999986],[-107.13917299999895,39.619073],[-107.13923899999895,39.619112999999999],[-107.13924599999893,39.619158000000006],[-107.13925299999894,39.619202999999999],[-107.13931899999893,39.619242999999997],[-107.13932599999893,39.619287999999997],[-107.13938599999895,39.619282999999996],[-107.13939299999895,39.619327999999996],[-107.13945899999894,39.61936699999999],[-107.13946599999895,39.619411999999997],[-107.13952499999895,39.619407000000002],[-107.13953199999895,39.61945200000001],[-107.13959199999893,39.619447000000008],[-107.13959899999895,39.619492000000001],[-107.13960499999895,39.619537000000001],[-107.13966499999893,39.619531000000002],[-107.13967199999894,39.619575999999995],[-107.13973799999894,39.619616000000001],[-107.13980399999895,39.619656000000006],[-107.13981099999893,39.619700999999999],[-107.13987799999893,39.619740999999998],[-107.13993699999894,39.619735000000013],[-107.13994399999892,39.619780000000006],[-107.14000299999891,39.619775000000004],[-107.14006999999893,39.619815000000003],[-107.14007599999893,39.619859999999996],[-107.14013599999893,39.619854000000004],[-107.14014299999893,39.619900000000008],[-107.14020199999892,39.619894000000002],[-107.14020899999893,39.619939000000002],[-107.14026799999894,39.619933999999994],[-107.14033499999893,39.619974000000006],[-107.14034199999894,39.620019000000006],[-107.14040099999893,39.620013],[-107.14040799999893,39.620058],[-107.14047399999892,39.620097999999984],[-107.14054099999893,39.620137999999997],[-107.14060699999894,39.62017800000001],[-107.14067299999893,39.620216999999997],[-107.14073899999893,39.620257000000009],[-107.14080599999893,39.620296999999994],[-107.14093799999894,39.620375999999986],[-107.14094499999892,39.620421],[-107.14101199999894,39.620461000000006],[-107.14101899999893,39.620505999999992],[-107.14108499999894,39.620546000000004],[-107.14115099999893,39.620585000000005],[-107.14115799999892,39.620629999999998],[-107.14122399999893,39.620670000000004],[-107.14123099999894,39.620714999999997],[-107.14123799999894,39.62075999999999],[-107.14118599999894,39.620809999999999],[-107.14119299999894,39.620855000000006],[-107.14114099999894,39.620906000000005],[-107.14114799999894,39.620950999999998],[-107.14115499999893,39.620995999999998],[-107.14116199999891,39.621040999999998],[-107.14110199999894,39.621046],[-107.14110899999893,39.621091],[-107.14111599999893,39.621136000000007],[-107.14100499999894,39.621191999999994],[-107.14101199999894,39.621237000000001],[-107.14095899999893,39.621287000000002],[-107.14078099999894,39.621302999999997],[-107.14066299999894,39.621313999999998],[-107.14060299999892,39.621318999999993],[-107.14054399999893,39.621324000000001],[-107.14048499999893,39.621329999999993],[-107.14042599999894,39.621334999999995],[-107.14036599999893,39.621339999999996],[-107.14035899999894,39.621294999999996],[-107.14029999999892,39.621299999999991],[-107.14018099999893,39.621310999999992],[-107.13998899999892,39.621237000000008],[-107.13987099999893,39.621247000000011],[-107.13986399999892,39.62120199999999],[-107.13980499999893,39.621207999999996],[-107.13979799999893,39.621163000000003],[-107.13955299999894,39.621138999999999],[-107.13949399999895,39.621144000000001],[-107.13936799999895,39.621110000000002],[-107.13936199999895,39.621064999999987],[-107.13930199999895,39.62107000000001],[-107.13923599999895,39.62102999999999],[-107.13917699999895,39.621035999999997],[-107.13905099999894,39.621001000000014],[-107.13904399999895,39.620956],[-107.13898499999895,39.620961999999999],[-107.13892499999895,39.620967],[-107.13891799999895,39.620921999999993],[-107.13879999999895,39.62093200000001],[-107.13879299999896,39.62088700000001],[-107.13873399999893,39.620893000000002],[-107.13866699999895,39.620852999999997],[-107.13865999999895,39.620807999999997],[-107.13860099999893,39.620812999999991],[-107.13854199999895,39.620819000000012],[-107.13847499999895,39.620778999999999],[-107.13841599999895,39.620783999999993],[-107.13840899999894,39.620739],[-107.13827599999895,39.620660000000001],[-107.13826999999895,39.620615000000001],[-107.13820999999894,39.620619999999995],[-107.13820299999895,39.620574999999995],[-107.13814399999895,39.620580000000011],[-107.13813699999895,39.620534999999997],[-107.13807799999894,39.620541000000003],[-107.13807099999893,39.620495999999996],[-107.13806399999895,39.62045100000001],[-107.13800399999894,39.620456000000004],[-107.13799699999893,39.620410999999997],[-107.13793799999894,39.620415999999992],[-107.13793099999894,39.620371000000013],[-107.13792399999895,39.620325999999999],[-107.13785799999893,39.620285999999986],[-107.13785099999895,39.620240999999993],[-107.13779199999895,39.620246999999992],[-107.13778499999894,39.620201999999999],[-107.13771799999896,39.620162000000001],[-107.13771099999894,39.620117],[-107.13770399999895,39.620072],[-107.13764499999894,39.620077000000002],[-107.13763799999894,39.620031999999995],[-107.13763099999895,39.619987000000009],[-107.13756499999893,39.619947000000003],[-107.13755799999895,39.619902000000003],[-107.13754399999895,39.619811999999996],[-107.13753699999894,39.61976700000001],[-107.13747099999894,39.619728000000002],[-107.13740399999895,39.619687999999982],[-107.13739699999896,39.619643000000003],[-107.13733099999895,39.619602999999998],[-107.13732399999896,39.619557999999998],[-107.13725799999894,39.619517999999999],[-107.13719099999895,39.619478999999998],[-107.13712499999893,39.619439000000007],[-107.13705899999894,39.619399000000008],[-107.13704499999893,39.619309000000015],[-107.13703799999895,39.619263999999994],[-107.13703099999894,39.619219000000001],[-107.13697199999895,39.619224000000003],[-107.13696499999895,39.619179000000003],[-107.13695799999896,39.619134000000017],[-107.13689099999895,39.619094999999987],[-107.13682499999895,39.619055000000003],[-107.13681799999894,39.61901000000001],[-107.13681099999894,39.618964999999996],[-107.13680399999895,39.618920000000003],[-107.13674499999895,39.618924999999997],[-107.13673799999893,39.618879999999997],[-107.13667199999895,39.618839999999992],[-107.13666499999894,39.618794999999992],[-107.13660499999894,39.618800999999998],[-107.13659799999895,39.618755999999998],[-107.13653899999895,39.618760999999999],[-107.13646599999893,39.618676000000008],[-107.13645899999895,39.618630999999993],[-107.13639899999895,39.618636999999985],[-107.13639199999893,39.618592],[-107.13626699999894,39.618557000000003],[-107.13625999999894,39.618512000000003],[-107.13619399999895,39.618472000000004],[-107.13618699999896,39.618427000000018],[-107.13612699999895,39.61843300000001],[-107.13611999999895,39.618387999999996],[-107.13605399999894,39.618347999999997],[-107.13599499999894,39.618352999999992],[-107.13592799999897,39.618313999999991],[-107.13592099999894,39.618268],[-107.13589999999897,39.618270000000003],[-107.13586199999895,39.618273999999992],[-107.13580299999896,39.618278999999994],[-107.13574399999897,39.61828400000001],[-107.13562499999897,39.618294999999989],[-107.13556599999896,39.618299999999984],[-107.13556399999896,39.618300000000005],[-107.13550599999895,39.618305999999997],[-107.13544699999896,39.618311000000006],[-107.13538799999897,39.618316000000007],[-107.13526899999896,39.618326999999994],[-107.13520999999896,39.618332000000002],[-107.13514999999896,39.61833699999999],[-107.13508399999895,39.61829800000001],[-107.13502499999896,39.618303000000004],[-107.13496599999897,39.618308000000006],[-107.13489899999897,39.618269000000005],[-107.13483999999895,39.618273999999992],[-107.13478099999895,39.618278999999994],[-107.13471399999897,39.618238999999996],[-107.13465499999896,39.618245000000009],[-107.13458899999895,39.61820500000001],[-107.13452999999896,39.618209999999991],[-107.13452299999895,39.618165000000005],[-107.13446299999896,39.618170999999997],[-107.13433099999895,39.618091],[-107.13427099999895,39.618096000000008],[-107.13420499999896,39.618057],[-107.13407999999896,39.618022000000011],[-107.13401999999897,39.618028000000002],[-107.13395399999895,39.61798799999999],[-107.13388799999895,39.617948000000005],[-107.13382799999896,39.617952999999993],[-107.13376899999896,39.617959000000006],[-107.13376199999897,39.617914000000006],[-107.13370299999896,39.617919000000001],[-107.13369599999895,39.617874],[-107.13363599999896,39.617878999999995],[-107.13362899999896,39.617833999999995],[-107.13356299999894,39.617795000000001],[-107.13355599999896,39.617750000000008],[-107.13349699999897,39.61775500000001],[-107.13348999999896,39.617709999999995],[-107.13343099999896,39.617715000000004],[-107.13342399999895,39.617669999999997],[-107.13341699999896,39.61762499999999],[-107.13341399999896,39.61762499999999],[-107.13333999999895,39.617757000000005],[-107.13337399999897,39.618037999999991],[-107.13352399999894,39.618376999999988],[-107.13335399999895,39.618676999999991],[-107.13314099999894,39.618998000000012],[-107.13303999999896,39.61931400000001],[-107.13331199999897,39.619480999999986],[-107.13343899999896,39.619524999999996],[-107.13352999999894,39.620277999999992],[-107.13339099999895,39.620576],[-107.13320499999895,39.620584999999991],[-107.13298399999896,39.620778999999992],[-107.13274499999896,39.620825999999994],[-107.13266799999894,39.620747000000001],[-107.13270499999895,39.620350000000009],[-107.13256299999897,39.620159999999991],[-107.13238099999896,39.619829000000017],[-107.13214299999898,39.619695999999998],[-107.13187499999897,39.619634999999995],[-107.13166999999898,39.619526000000008],[-107.13166499999896,39.619345000000003],[-107.13150799999896,39.619222999999998],[-107.13129699999897,39.619189000000006],[-107.13106099999897,39.619222999999998],[-107.13081599999896,39.619384000000004],[-107.13081399999896,39.619647000000001],[-107.13063999999896,39.619795999999987],[-107.13050799999898,39.61973600000001],[-107.13038599999896,39.619656999999989],[-107.13005999999896,39.619703999999984],[-107.12992699999896,39.619867999999997],[-107.12980999999897,39.619815000000003],[-107.12961999999897,39.619908000000002],[-107.12955599999896,39.620088000000003],[-107.12964399999896,39.620172000000004],[-107.12944699999898,39.620359999999998],[-107.12914399999897,39.620648999999993],[-107.12878799999898,39.620888999999998],[-107.12837499999898,39.621184999999997],[-107.12817599999899,39.621460000000006],[-107.12832799999897,39.621642999999992],[-107.12824199999898,39.622008000000008],[-107.12802299999898,39.622298000000001],[-107.127698999999,39.622613000000001],[-107.12769199999897,39.622813999999998],[-107.12825199999898,39.623188000000006],[-107.12832899999898,39.62339200000001],[-107.12816899999898,39.623678999999996],[-107.12791099999897,39.623713000000009],[-107.12769499999899,39.623556999999991],[-107.12733699999897,39.623511000000008],[-107.12696599999899,39.623696000000002],[-107.12682799999898,39.623763000000004],[-107.12666399999898,39.623683],[-107.12651499999897,39.623707000000003],[-107.126500999999,39.623834000000002],[-107.12654099999898,39.623903999999996],[-107.12651799999898,39.624183000000002],[-107.126674999999,39.624375999999984],[-107.126578999999,39.624603000000008],[-107.12643599999898,39.624827000000003],[-107.12660299999898,39.625069000000011],[-107.12702299999899,39.625337000000002],[-107.12729999999898,39.625456000000007],[-107.12755699999897,39.625494000000003],[-107.12789799999898,39.625313000000006],[-107.12819099999898,39.625158000000006],[-107.12841499999899,39.625445999999997],[-107.12835099999897,39.625680999999993],[-107.12814899999898,39.625965000000008],[-107.127839999999,39.626167000000002],[-107.12784299999898,39.626367999999992],[-107.12782999999899,39.626673999999994],[-107.12764599999898,39.627158999999992],[-107.12742699999897,39.627426999999997],[-107.12711199999897,39.627709000000003],[-107.12704099999898,39.627848],[-107.12698999999898,39.628175000000013],[-107.12705999999899,39.62845500000001],[-107.12730099999898,39.628591],[-107.12761299999899,39.628510000000013],[-107.12787399999898,39.628234000000006],[-107.12784699999898,39.628079],[-107.12796399999898,39.627982000000003],[-107.12833999999897,39.627881999999993],[-107.12869199999899,39.62771699999999],[-107.12893099999899,39.627456999999993],[-107.12896699999897,39.627147999999998],[-107.12909899999897,39.626988000000004],[-107.12944499999898,39.626687999999994],[-107.12975799999897,39.626478000000013],[-107.13010899999897,39.626322999999999],[-107.13037699999896,39.626462999999994],[-107.13048399999896,39.626649000000008],[-107.13044399999897,39.626845999999986],[-107.13043399999897,39.627003000000002],[-107.13054799999898,39.62708700000001],[-107.13081799999897,39.627141000000009],[-107.13108799999897,39.627351999999995],[-107.13112199999898,39.627448999999999],[-107.13097599999898,39.627647999999994],[-107.13096799999897,39.62788299999999],[-107.13125199999897,39.628059000000022],[-107.13157099999896,39.628205999999992],[-107.13171699999897,39.628340000000016],[-107.13137899999896,39.628672000000002],[-107.13162599999896,39.628985999999998],[-107.13204399999896,39.629193000000008],[-107.13199899999896,39.629601999999998],[-107.13200299999896,39.630044999999996],[-107.13223599999897,39.630361999999998],[-107.13277699999895,39.630853000000002],[-107.13325299999896,39.631383000000007],[-107.13381099999896,39.631753000000003],[-107.13416199999897,39.632083000000009],[-107.13471699999896,39.632103999999998],[-107.13513599999897,39.63230999999999],[-107.13540499999897,39.632581000000002],[-107.13564999999896,39.632790999999997],[-107.13604999999895,39.632936999999998],[-107.13652699999894,39.633228000000003],[-107.13700199999893,39.633214000000002],[-107.13740399999895,39.633420999999991],[-107.13768799999893,39.633629999999997],[-107.13787299999895,39.633655000000005],[-107.13800599999895,39.633673000000009],[-107.13820399999894,39.633730000000007],[-107.13820599999893,39.63373099999999],[-107.13824699999894,39.633758999999998],[-107.13824699999894,39.633758999999998],[-107.13841399999895,39.633873000000001],[-107.13866499999895,39.634279000000006],[-107.13894699999894,39.634426999999988],[-107.13890799999893,39.636370999999997],[-107.13832499999894,39.636403000000008],[-107.13785299999896,39.636480000000006],[-107.13769999999893,39.636972],[-107.13767799999894,39.637104999999998],[-107.13762299999895,39.637282000000006],[-107.13757299999895,39.637444000000002],[-107.13772599999895,39.638419999999996],[-107.13770899999895,39.638712000000005],[-107.13771299999895,39.638739000000001],[-107.13771999999895,39.638784999999999],[-107.13772699999893,39.638829999999999],[-107.13773399999894,39.638874999999985],[-107.13774099999894,39.638919999999999],[-107.13774799999895,39.638964999999999],[-107.13775499999895,39.639009999999999],[-107.13776199999894,39.639054999999999],[-107.13776899999895,39.63910000000002],[-107.13777599999894,39.639145000000006],[-107.13778299999895,39.639189999999999],[-107.13779699999895,39.639279999999999],[-107.13780399999895,39.639325000000007],[-107.13781099999893,39.63937],[-107.13781799999894,39.639414999999993],[-107.13782499999894,39.639460000000007],[-107.13783199999895,39.639505000000007],[-107.13783899999895,39.639550000000007],[-107.13784599999894,39.639595],[-107.13785299999896,39.63964],[-107.13785999999894,39.639685000000007],[-107.13786699999895,39.639730000000007],[-107.13781499999894,39.639780000000002],[-107.13782199999895,39.639825000000002],[-107.13782899999893,39.639870000000002],[-107.13777599999894,39.639921000000015],[-107.13772399999895,39.639971000000003],[-107.13773099999894,39.640015999999996],[-107.13767199999894,39.640020999999997],[-107.13767899999895,39.640065999999997],[-107.13763299999894,39.640161999999997],[-107.13763999999895,39.640206999999997],[-107.13758099999895,39.640211999999998],[-107.13758799999894,39.640257000000005],[-107.13759499999895,39.640301999999998],[-107.13753599999895,39.640307000000014],[-107.13754299999894,39.640352],[-107.13748999999895,39.640402999999999],[-107.13743099999895,39.640408000000008],[-107.13743799999894,39.640453000000001],[-107.13737899999893,39.64045800000001],[-107.13732599999895,39.640509000000009],[-107.13733299999895,39.640553999999995],[-107.13727399999895,39.640559000000003],[-107.13728099999895,39.640604000000003],[-107.13722199999894,39.640609000000005],[-107.13716199999894,39.640614999999997],[-107.13698399999895,39.640629999999994],[-107.13693199999895,39.640680999999994],[-107.13687299999893,39.640685999999988],[-107.13658299999896,39.640758000000012],[-107.13641899999895,39.640864000000008],[-107.13635999999896,39.640868999999995],[-107.13629999999895,39.640873999999997],[-107.13624099999895,39.640878999999998],[-107.13612199999895,39.640889999999999],[-107.13612899999896,39.640934999999999],[-107.13606999999897,39.640940000000001],[-107.13601799999896,39.640991000000007],[-107.13597799999896,39.641027999999999],[-107.13596499999896,39.641041000000001],[-107.13596799999897,39.641059000000013],[-107.13597199999894,39.641086000000008],[-107.13595899999896,39.641086999999999],[-107.13591299999895,39.641091000000003],[-107.13591999999896,39.641136000000003],[-107.13586099999897,39.641142000000009],[-107.13580799999896,39.64119199999999],[-107.13577299999896,39.641225999999989],[-107.13575599999896,39.641241999999998],[-107.13576299999896,39.641286999999998],[-107.13570399999895,39.641292999999997],[-107.13571099999896,39.641338000000012],[-107.13565099999894,39.641343000000006],[-107.13559899999896,39.641393000000022],[-107.13554699999895,39.641443999999986],[-107.13555399999896,39.641489],[-107.13549399999896,39.641494000000009],[-107.13550099999897,39.641539000000002],[-107.13544199999895,39.641544000000003],[-107.13538299999895,39.641548999999998],[-107.13532999999896,39.641599999999997],[-107.13527099999897,39.641604999999998],[-107.13521199999896,39.64161],[-107.13515899999896,39.641660999999992],[-107.13510699999897,39.641710999999994],[-107.13504799999896,39.641715999999995],[-107.13505499999894,39.641760999999995],[-107.13494299999896,39.641817000000003],[-107.13494999999897,39.641862000000017],[-107.13495699999895,39.64190700000001],[-107.13496399999896,39.641952000000003],[-107.13497099999894,39.641996999999996],[-107.13497799999897,39.642041999999996],[-107.13498499999896,39.642086999999989],[-107.13505099999895,39.642127000000016],[-107.13505799999896,39.642172000000002],[-107.13506499999896,39.642216999999995],[-107.13507199999896,39.642262000000009],[-107.13507899999897,39.642306999999995],[-107.13508599999895,39.642351999999988],[-107.13509299999896,39.642397000000003],[-107.13509999999894,39.642442000000003],[-107.13510699999897,39.642487000000003],[-107.13511399999896,39.642532000000003],[-107.13512099999895,39.64257700000001],[-107.13512799999896,39.642622000000003],[-107.13513499999895,39.642667000000003],[-107.13554399999896,39.643328000000004],[-107.13561699999896,39.643445999999997],[-107.13555699999895,39.643450999999992],[-107.13556399999896,39.643495999999999],[-107.13550499999896,39.643501000000008],[-107.13544599999895,39.643507000000014],[-107.13538599999896,39.643512000000008],[-107.13532699999897,39.643516999999996],[-107.13526799999894,39.643522000000011],[-107.13525899999897,39.643523000000002],[-107.13514899999896,39.643532999999998],[-107.13508999999895,39.643537999999985],[-107.13497099999894,39.643548999999993],[-107.13491199999895,39.643553999999995],[-107.13489699999896,39.643555999999997],[-107.13485199999896,39.643559999999987],[-107.13479299999895,39.643565000000009],[-107.13475299999897,39.643568000000002],[-107.13473399999894,39.643569999999997],[-107.13467399999897,39.643574999999991],[-107.13461499999894,39.64358099999999],[-107.13455599999895,39.643585999999999],[-107.13449599999895,39.643590999999986],[-107.13443699999895,39.643596999999993],[-107.13437799999895,39.643602000000001],[-107.13431899999897,39.643606999999996],[-107.13425899999895,39.643613000000002],[-107.13419999999896,39.643618000000004],[-107.13414099999896,39.643622999999998],[-107.13408099999894,39.643627999999993],[-107.13402199999896,39.643633999999984],[-107.13396299999896,39.643639000000015],[-107.13390299999895,39.643644000000002],[-107.13384399999896,39.643650000000001],[-107.13378499999897,39.643654999999995],[-107.13372499999896,39.643659999999997],[-107.13366599999897,39.64366600000001],[-107.13360699999896,39.643671000000005],[-107.13354699999896,39.643675999999992],[-107.13348799999896,39.643681000000008],[-107.13342899999897,39.643686999999993],[-107.13343599999895,39.643731999999993],[-107.13332399999896,39.643787000000003],[-107.13326699999897,39.643791999999998],[-107.13326499999896,39.643793000000002],[-107.13325599999895,39.643801000000003],[-107.13321199999898,39.643843000000011],[-107.13321899999895,39.643887999999997],[-107.13322599999896,39.643932999999997],[-107.13316699999896,39.643938000000013],[-107.13317399999895,39.643983000000013],[-107.13318099999896,39.644028000000006],[-107.13318799999895,39.644072999999999],[-107.13319499999896,39.644118000000006],[-107.13320199999896,39.644162999999985],[-107.13320899999896,39.644207999999999],[-107.13321599999897,39.644253000000013],[-107.13322299999895,39.644297999999999],[-107.13322699999895,39.644325999999992],[-107.13322999999896,39.64434399999999],[-107.13323699999894,39.644388999999983],[-107.13324399999897,39.644433999999997],[-107.13325099999896,39.64447899999999],[-107.13325799999895,39.644523999999997],[-107.13326499999896,39.644569000000004],[-107.13333099999896,39.644607999999998],[-107.13338999999897,39.644603000000004],[-107.13339699999895,39.644647999999997],[-107.13346399999897,39.644688000000016],[-107.13351899999897,39.644720999999997],[-107.13352999999894,39.644726999999989],[-107.13353699999897,39.644773000000001],[-107.13360299999896,39.644812000000002],[-107.13360999999895,39.644857000000002],[-107.13366999999896,39.644851999999993],[-107.13373599999896,39.644891999999992],[-107.13374299999894,39.644936999999999],[-107.13380899999896,39.644975999999993],[-107.13381599999896,39.645021000000007],[-107.13387499999897,39.645015999999991],[-107.13388199999895,39.645060999999991],[-107.13394199999895,39.645055999999997],[-107.13400799999896,39.645096000000002],[-107.13407399999896,39.645135000000003],[-107.13408099999894,39.645180000000011],[-107.13408099999894,39.645180000000011],[-107.13408199999897,39.645180000000011],[-107.13414099999896,39.645175000000002],[-107.13420699999897,39.645215],[-107.13426399999896,39.645249000000007],[-107.13427299999894,39.645253999999994],[-107.13427999999897,39.645298999999994],[-107.13428699999896,39.645344999999999],[-107.13430899999896,39.64534299999999],[-107.13434699999895,39.645339000000007],[-107.13435399999896,39.645384],[-107.13436099999895,39.645429],[-107.13441999999897,39.645423999999998],[-107.13448599999894,39.645463999999997],[-107.13455199999895,39.645502999999991],[-107.13455899999896,39.645547999999991],[-107.13461899999895,39.645542999999996],[-107.13468499999895,39.645583000000009],[-107.13475099999896,39.645623000000001],[-107.13481099999896,39.645617000000001],[-107.13486999999897,39.645612],[-107.13493599999896,39.645651999999998],[-107.13499599999895,39.645668000000008],[-107.13506199999897,39.645685999999984],[-107.13512099999895,39.645680999999996],[-107.13512799999896,39.645726000000018],[-107.13519499999896,39.645765999999995],[-107.13526099999896,39.645805000000003],[-107.13532699999897,39.645845000000008],[-107.13533399999895,39.645889999999994],[-107.13534099999896,39.645935000000016],[-107.13534799999894,39.645980000000009],[-107.13535499999897,39.646024999999995],[-107.13536199999896,39.646070000000002],[-107.13536899999896,39.646115000000002],[-107.13537599999896,39.646160000000016],[-107.13538299999895,39.646205000000009],[-107.13538999999896,39.646250000000009],[-107.13539699999895,39.646294999999995],[-107.13534499999896,39.646345999999987],[-107.13528499999896,39.646350999999996],[-107.13529199999897,39.646396000000003],[-107.13523299999896,39.646401000000004],[-107.13517399999895,39.646406000000006],[-107.13518099999897,39.646451000000006],[-107.13512099999895,39.646456999999998],[-107.13506899999896,39.646506999999993],[-107.13500999999894,39.646512000000016],[-107.13501699999897,39.646557000000008],[-107.13501699999897,39.646557000000008],[-107.13495699999895,39.646563000000008],[-107.13489799999896,39.646567999999995],[-107.13484699999896,39.646572999999997],[-107.13483899999896,39.646572999999997],[-107.13478599999897,39.646624000000003],[-107.13467499999896,39.646678999999999],[-107.13462199999896,39.646729999999998],[-107.13462699999894,39.646760999999991],[-107.13462899999897,39.646775000000019],[-107.13463199999896,39.646791999999998],[-107.13463599999895,39.646820000000005],[-107.13464299999896,39.646864999999998],[-107.13465199999895,39.646864000000001],[-107.13470299999895,39.646858999999992],[-107.13476199999896,39.646854000000012],[-107.13482099999896,39.646848999999996],[-107.13488099999894,39.646843000000004],[-107.13499899999896,39.646833000000001],[-107.13517699999896,39.646816999999999],[-107.13524399999895,39.646856999999983],[-107.13525099999896,39.646901999999997],[-107.13525799999894,39.64694699999999],[-107.13526499999897,39.646992000000004],[-107.13527099999897,39.647036999999997],[-107.13527799999896,39.64708199999999],[-107.13528499999896,39.647126999999998],[-107.13529199999897,39.647171999999991],[-107.13529899999895,39.647216999999983],[-107.13530599999896,39.647261999999991],[-107.13531299999894,39.647306999999998],[-107.13537299999895,39.647302000000003],[-107.13537999999896,39.647347000000011],[-107.13539399999897,39.647436999999989],[-107.13540099999895,39.647481999999997],[-107.13540199999896,39.64748800000001],[-107.13540799999896,39.647526999999997],[-107.13541499999896,39.64757199999999],[-107.13541499999896,39.64757199999999],[-107.13548099999895,39.647610999999991],[-107.13548799999896,39.647655999999998],[-107.13549499999897,39.647701000000005],[-107.13550199999895,39.647746000000005],[-107.13550899999896,39.647790999999998],[-107.13551599999894,39.647836000000005],[-107.13552299999897,39.647882000000017],[-107.13552999999895,39.647926999999996],[-107.13548399999897,39.648021999999997],[-107.13543199999894,39.648071999999992],[-107.13543899999897,39.648116999999999],[-107.13545299999896,39.648206999999999],[-107.13545999999896,39.648252000000006],[-107.13546699999895,39.648296999999999],[-107.13547399999896,39.648342],[-107.13548099999895,39.648387000000007],[-107.13548799999896,39.648432],[-107.13549499999897,39.648477],[-107.13550199999895,39.648522],[-107.13550899999896,39.648567],[-107.13551599999894,39.648612],[-107.13552299999897,39.648657],[-107.13552999999895,39.648702],[-107.13553699999896,39.648747999999991],[-107.13560299999897,39.648786999999992],[-107.13560999999895,39.648832000000006],[-107.13562399999897,39.648922000000013],[-107.13562799999896,39.648944],[-107.13563099999895,39.648966999999999],[-107.13563799999896,39.649011999999992],[-107.13564499999895,39.649056999999999],[-107.13565199999896,39.649101999999992],[-107.13565899999895,39.649146999999999],[-107.13566599999896,39.649191999999985],[-107.13567299999896,39.649236999999992],[-107.13567999999894,39.649281999999999],[-107.13568699999897,39.649327],[-107.13569399999895,39.649371999999993],[-107.13570099999896,39.649417999999997],[-107.13570799999894,39.649462999999997],[-107.13571499999895,39.64950799999999],[-107.13572199999896,39.649553000000012],[-107.13572899999895,39.649598000000005],[-107.13573099999896,39.649614],[-107.13573599999896,39.649642999999998],[-107.13574299999895,39.649688000000005],[-107.13580199999896,39.649681999999999],[-107.13580899999894,39.649726999999999],[-107.13581599999897,39.649771999999999],[-107.13582299999895,39.649816999999999],[-107.13588199999894,39.649812000000011],[-107.13594899999896,39.649852000000003],[-107.13601499999896,39.649891999999994],[-107.13602199999896,39.649936999999994],[-107.13608099999895,39.649931000000002],[-107.13608799999896,39.649976000000002],[-107.13609499999895,39.650020999999995],[-107.13610899999897,39.65011100000001],[-107.13611599999895,39.650155999999996],[-107.13612299999896,39.65020100000001],[-107.13612999999894,39.650246000000003],[-107.13613699999897,39.650291000000003],[-107.13614399999896,39.650336000000003],[-107.13615799999896,39.650426000000003],[-107.13616499999895,39.650472000000001],[-107.13617199999896,39.650517000000001],[-107.13623099999896,39.65055199999999],[-107.13623899999895,39.650556000000002],[-107.13624599999896,39.650600999999995],[-107.13625299999894,39.650646000000009],[-107.13631899999896,39.650686000000007],[-107.13637799999894,39.650680999999992],[-107.13638499999897,39.650725999999992],[-107.13645099999896,39.650764999999993],[-107.13645799999895,39.650809999999993],[-107.13652499999895,39.650850000000005],[-107.13659099999894,39.65088999999999],[-107.13664999999895,39.650885000000017],[-107.13665699999896,39.650930000000002],[-107.13671699999895,39.650924000000003],[-107.13672399999895,39.650969000000025],[-107.13678999999897,39.651009000000002],[-107.13684899999895,39.651004000000007],[-107.13685599999894,39.651049],[-107.13691599999893,39.651043000000001],[-107.13698199999894,39.651083],[-107.13704799999894,39.651122999999998],[-107.13711499999894,39.65116299999999],[-107.13717399999894,39.651156999999998],[-107.13723999999895,39.65119700000001],[-107.13724699999895,39.651242000000003],[-107.13725399999893,39.651286999999996],[-107.13726099999894,39.651331999999989],[-107.13732099999895,39.651326999999995],[-107.13732799999894,39.651372000000002],[-107.13733499999894,39.651416999999995],[-107.13739399999895,39.651411999999993],[-107.13740099999895,39.651457000000001],[-107.13740799999894,39.651501999999986],[-107.13746699999894,39.651496000000009],[-107.13747399999895,39.651541000000009],[-107.13748099999893,39.651585999999995],[-107.13749499999895,39.651676000000002],[-107.13755399999894,39.651671000000007],[-107.13756099999894,39.651715999999993],[-107.13762799999895,39.651755999999999],[-107.13763499999894,39.651801000000006],[-107.13764199999895,39.651845999999992],[-107.13764899999893,39.651890999999992],[-107.13765599999896,39.651935999999999],[-107.13771499999895,39.651930999999998],[-107.13772199999894,39.651975999999998],[-107.13772899999893,39.652020999999998],[-107.13779499999895,39.652059999999999],[-107.13780199999894,39.652104999999999],[-107.13780899999894,39.652150000000013],[-107.13781599999895,39.652194999999999],[-107.13782299999893,39.652239999999992],[-107.13788999999895,39.652280000000005],[-107.13789699999894,39.652324999999998],[-107.13795599999894,39.652320000000003],[-107.13796299999895,39.652364999999989],[-107.13802899999895,39.652405000000009],[-107.13808799999894,39.652399000000003],[-107.13809499999896,39.652444000000003],[-107.13816199999894,39.652484000000008],[-107.13816899999894,39.652529000000001],[-107.13823499999894,39.652569],[-107.13829399999894,39.652563999999998],[-107.13836099999895,39.652602999999992],[-107.13836799999895,39.652648000000006],[-107.13842699999893,39.652642999999998],[-107.13849299999895,39.652682999999996],[-107.13856699999894,39.652766999999983],[-107.13863299999895,39.652806999999996],[-107.13863999999893,39.652852000000003],[-107.13869899999895,39.652846999999994],[-107.13870599999895,39.652892000000008],[-107.13871299999894,39.652936999999994],[-107.13871999999894,39.652982000000002],[-107.13872699999895,39.653027000000016],[-107.13873399999893,39.653071999999995],[-107.13874099999894,39.653117000000002],[-107.13874799999896,39.653162000000016],[-107.13875499999895,39.653206999999995],[-107.13881499999894,39.653202],[-107.13887399999895,39.653196000000008],[-107.13888099999895,39.653241000000001],[-107.13893999999895,39.653236],[-107.13899999999893,39.653231000000005],[-107.13900699999895,39.653275999999998],[-107.13901399999895,39.653320999999991],[-107.13907299999894,39.65331599999999],[-107.13907999999894,39.65336099999999],[-107.13913899999895,39.653354999999998],[-107.13919899999894,39.653390999999992],[-107.13920499999894,39.65339500000001],[-107.13927899999895,39.653479999999995],[-107.13933799999893,39.65347400000001],[-107.13940399999895,39.653514000000015],[-107.13941099999894,39.653559000000001],[-107.13941799999894,39.653603999999994],[-107.13942499999895,39.653648999999994],[-107.13948499999894,39.653644],[-107.13949199999895,39.653689],[-107.13955799999894,39.653729000000006],[-107.13969099999895,39.653807999999991],[-107.13974999999895,39.653803000000003],[-107.13986899999895,39.653792000000003],[-107.13992799999895,39.653786999999994],[-107.14004699999894,39.653775999999993],[-107.14016499999893,39.653765999999997],[-107.14028399999893,39.653755000000004],[-107.14034299999894,39.653750000000009],[-107.14040299999894,39.653744000000003],[-107.14046199999893,39.653739000000009],[-107.14052099999894,39.653734000000021],[-107.14058099999893,39.653728999999998],[-107.14063999999892,39.653722999999999],[-107.14063299999893,39.653677999999999],[-107.14062599999893,39.653632999999999],[-107.14061899999894,39.653587999999999],[-107.14067099999893,39.653537999999998],[-107.14073099999894,39.653532999999996],[-107.14072399999893,39.653487999999996],[-107.14071699999893,39.653442999999996],[-107.14070999999893,39.653398000000003],[-107.14070299999894,39.653351999999991],[-107.14076199999893,39.653346999999997],[-107.14075499999893,39.653302000000004],[-107.14086699999893,39.653246999999993],[-107.14097799999892,39.653190999999993],[-107.14100799999893,39.653187999999993],[-107.14103499999892,39.653185999999998],[-107.14103799999893,39.653186000000005],[-107.14115599999893,39.65317499999999],[-107.14121599999893,39.65317000000001],[-107.14127499999893,39.653164000000004],[-107.14128199999894,39.653209000000004],[-107.14128899999892,39.653253999999997],[-107.14135499999894,39.653294000000002],[-107.14136199999894,39.65333900000001],[-107.14136899999893,39.65338400000001],[-107.14137599999893,39.653428999999996],[-107.14138299999894,39.653473999999996],[-107.14144999999894,39.653514000000001],[-107.14145699999892,39.653559000000008],[-107.14151599999892,39.653554],[-107.14157499999894,39.653548000000001],[-107.14164899999894,39.653632999999999],[-107.14171499999892,39.653672999999991],[-107.14172199999894,39.653717999999991],[-107.14184799999893,39.65375199999999],[-107.14185499999894,39.65379699999999],[-107.14191399999893,39.65379200000001],[-107.14197999999894,39.653832000000008],[-107.14198699999892,39.653877000000001],[-107.14204699999894,39.653871000000002],[-107.14205399999894,39.653916000000002],[-107.14206099999893,39.65396100000001],[-107.14212699999894,39.654000999999987],[-107.14219299999894,39.654040999999992],[-107.14225299999892,39.654035999999984],[-107.14225999999893,39.654080999999998],[-107.14226699999894,39.654125999999991],[-107.14232599999893,39.654120000000006],[-107.14238499999894,39.654114999999997],[-107.14239199999894,39.65415999999999],[-107.14251099999892,39.654148999999997],[-107.14257699999894,39.654189000000002],[-107.14258399999893,39.654234000000002],[-107.14264299999894,39.654229000000008],[-107.14270999999893,39.654268999999999],[-107.14271699999894,39.65431199999999],[-107.14271699999894,39.654313999999999],[-107.14272399999892,39.654358999999992],[-107.14273099999893,39.654404],[-107.14278999999894,39.654398],[-107.14285599999893,39.654437999999985],[-107.14290899999894,39.654388000000012],[-107.14296799999893,39.654381999999998],[-107.14301899999893,39.654333999999992],[-107.14301999999894,39.654332000000011],[-107.14306599999892,39.654237000000002],[-107.14312499999893,39.65423100000001],[-107.14311799999894,39.65418600000001],[-107.14317699999893,39.654181000000001],[-107.14322999999894,39.654131],[-107.14322299999894,39.654086000000007],[-107.14328199999893,39.654080999999991],[-107.14327499999892,39.654035],[-107.14333399999892,39.654029999999999],[-107.14332799999892,39.653984999999999],[-107.14332099999893,39.653939999999999],[-107.14331399999894,39.653895000000006],[-107.14323999999893,39.653809999999993],[-107.14323299999893,39.653765],[-107.14322599999893,39.65372],[-107.14321899999894,39.653674999999993],[-107.14321199999894,39.653629999999993],[-107.14315299999893,39.653636000000006],[-107.14308699999893,39.653595999999993],[-107.14307999999893,39.653551000000014],[-107.14301999999894,39.653555999999988],[-107.14295399999894,39.653516000000003],[-107.14294199999894,39.653503000000001],[-107.14288099999894,39.653431999999995],[-107.14281399999894,39.653391999999997],[-107.14275499999893,39.653396999999984],[-107.14274699999893,39.653393000000008],[-107.14268899999894,39.65335799999999],[-107.14262199999894,39.653317999999999],[-107.14261499999894,39.653272999999999],[-107.14261399999893,39.653261999999991],[-107.14260799999893,39.653228000000013],[-107.14260099999893,39.653183000000006],[-107.14259399999894,39.653137999999998],[-107.14258699999893,39.653093000000005],[-107.14257999999893,39.653048000000013],[-107.14257299999893,39.653002999999991],[-107.14256599999894,39.652957999999991],[-107.14261899999893,39.652906999999985],[-107.14261199999893,39.652861999999999],[-107.14260499999894,39.652816999999999],[-107.14259799999894,39.652771999999992],[-107.14259099999892,39.652727000000006],[-107.14258399999893,39.652681999999999],[-107.14256999999894,39.652591999999999],[-107.14256299999893,39.652546999999998],[-107.14262199999894,39.652542000000004],[-107.14261499999894,39.65249699999999],[-107.14260799999893,39.65245199999999],[-107.14260099999893,39.652407000000004],[-107.14259399999894,39.652361999999997],[-107.14258699999893,39.652317000000004],[-107.14263999999892,39.652267000000002],[-107.14263299999894,39.652221000000004],[-107.14262599999893,39.652175999999997],[-107.14256599999894,39.652182000000003],[-107.14249299999894,39.652097000000012],[-107.14242699999893,39.652056999999985],[-107.14235999999893,39.652017999999998],[-107.14229399999894,39.651978],[-107.14223499999893,39.651983000000008],[-107.14216799999893,39.651943000000003],[-107.14210899999894,39.651949000000002],[-107.14210199999893,39.651904000000002],[-107.14209499999893,39.651859000000002],[-107.14208799999894,39.651814000000002],[-107.14208099999894,39.651769000000002],[-107.14207399999893,39.651723999999994],[-107.14206699999892,39.651679000000001],[-107.14206399999894,39.651658999999995],[-107.14205999999893,39.651634000000008],[-107.14211899999893,39.651628000000002],[-107.14211199999892,39.651583000000016],[-107.14223099999893,39.651572999999999],[-107.14234299999893,39.651517000000005],[-107.14237299999894,39.651488000000001],[-107.14239499999893,39.65146699999999],[-107.14256599999894,39.651406000000009],[-107.14261899999893,39.651355000000002],[-107.14267799999894,39.651350000000001],[-107.14273699999893,39.651345000000006],[-107.14272999999893,39.651300000000006],[-107.14278999999894,39.65129499999999],[-107.14278299999893,39.651250000000005],[-107.14284199999894,39.651243999999998],[-107.14289399999892,39.651193999999997],[-107.14295399999894,39.651188999999995],[-107.14301299999893,39.651183000000003],[-107.14313199999893,39.651172999999993],[-107.14324999999891,39.651162000000006],[-107.14337599999894,39.651196999999996],[-107.14350099999893,39.651230999999989],[-107.14368599999894,39.651260000000008],[-107.14387099999894,39.651289000000006],[-107.14393799999893,39.65132899999999],[-107.14399699999893,39.651324000000002],[-107.14400399999893,39.651369000000017],[-107.14406299999892,39.651363000000003],[-107.14412999999892,39.651402999999995],[-107.14413699999892,39.651448000000002],[-107.14414199999892,39.651479999999992],[-107.14414399999893,39.651493000000002],[-107.14415099999891,39.651538000000002],[-107.14412799999893,39.651539999999997],[-107.14409099999892,39.651542999999997],[-107.14409799999892,39.651587999999997],[-107.14410499999893,39.651633000000004],[-107.14410599999891,39.65164],[-107.14411199999893,39.651678000000004],[-107.14411899999892,39.651722999999983],[-107.14412599999892,39.651768000000004],[-107.14413299999892,39.651812999999997],[-107.14413999999891,39.65185799999999],[-107.14415399999892,39.651949000000002],[-107.14421399999893,39.651943000000003],[-107.14422099999892,39.651987999999996],[-107.14422799999892,39.65203300000001],[-107.14423499999891,39.652077999999996],[-107.14424199999893,39.65212300000001],[-107.14424899999892,39.652167999999996],[-107.14425599999892,39.652213000000003],[-107.14426299999892,39.652257999999996],[-107.14432199999892,39.652253000000009],[-107.14433599999892,39.652343000000009],[-107.14439499999894,39.652338],[-107.14435299999892,39.652843999999995],[-107.14440599999892,39.652792999999996],[-107.14445799999891,39.652742999999994],[-107.14445099999892,39.652697999999994],[-107.14450999999892,39.652692999999999],[-107.14450299999891,39.652648000000006],[-107.14456299999893,39.652642],[-107.14455599999891,39.652597],[-107.14461499999892,39.652591999999999],[-107.14465999999892,39.652496999999997],[-107.14471299999892,39.652445999999998],[-107.14477199999892,39.652441000000017],[-107.14476499999893,39.652396000000003],[-107.14481699999892,39.652346000000009],[-107.14487699999891,39.652340000000002],[-107.14486999999892,39.652295000000009],[-107.14498099999892,39.652239999999992],[-107.14503399999892,39.652189],[-107.14509299999892,39.652183999999991],[-107.14508599999893,39.652138999999998],[-107.14512799999892,39.652134999999994],[-107.14520499999892,39.652127999999998],[-107.14525699999892,39.652077999999996],[-107.14530999999891,39.652028000000001],[-107.14530299999892,39.651982999999987],[-107.14529599999892,39.651938000000008],[-107.14534799999892,39.651887000000002],[-107.14539999999892,39.651837000000008],[-107.14545299999891,39.651786999999999],[-107.14544599999893,39.651742000000006],[-107.14544999999892,39.651736999999997],[-107.14549799999892,39.651691000000007],[-107.14554999999892,39.651640999999998],[-107.14560999999892,39.651636000000003],[-107.14566899999892,39.651631000000002],[-107.14572799999893,39.651625000000017],[-107.14578799999892,39.651619999999994],[-107.14583999999891,39.65157],[-107.14589899999892,39.651564000000008],[-107.14594499999892,39.651469000000006],[-107.14599699999891,39.651419000000004],[-107.14605599999892,39.651412999999991],[-107.14604899999892,39.651367999999998],[-107.14604199999891,39.651322999999991],[-107.14603499999892,39.651278000000005],[-107.14602799999892,39.651232999999998],[-107.14596899999891,39.651238999999997],[-107.14590299999892,39.651199000000005],[-107.14584299999892,39.651204000000007],[-107.14577699999892,39.651163999999994],[-107.14576999999892,39.651119000000001],[-107.14576299999892,39.651074000000001],[-107.14575599999891,39.651029000000008],[-107.14574899999891,39.650984000000001],[-107.14591999999892,39.650922999999992],[-107.14603899999892,39.650912999999996],[-107.14626899999892,39.650846999999985],[-107.14638799999892,39.650835999999991],[-107.14644699999891,39.650830999999982],[-107.14650599999892,39.65082499999999],[-107.14656599999893,39.650819999999996],[-107.14662499999892,39.650814999999994],[-107.14674399999892,39.650804000000015],[-107.14680299999893,39.650798999999999],[-107.14686199999892,39.650793999999991],[-107.14686899999892,39.650838999999998],[-107.14687599999893,39.650884000000005],[-107.14688299999892,39.650928999999998],[-107.14688999999892,39.650974000000005],[-107.14695699999892,39.651012999999985],[-107.14701599999891,39.651007999999997],[-107.14707499999892,39.651002999999996],[-107.14713499999893,39.650997000000004],[-107.14719399999892,39.650992000000002],[-107.14730599999892,39.650936000000009],[-107.1473649999989,39.650931],[-107.14741699999892,39.650881000000005],[-107.1474769999989,39.650875999999982],[-107.14753599999892,39.650870000000005],[-107.14752899999891,39.65082499999999],[-107.14758799999892,39.650820000000003],[-107.1476409999989,39.650770000000001],[-107.14763399999892,39.650725000000008],[-107.14769299999891,39.650719000000009],[-107.1477519999989,39.650714000000015],[-107.14774499999891,39.650669000000001],[-107.14780499999891,39.650663999999999],[-107.1477979999989,39.650618999999999],[-107.1477909999989,39.650573999999992],[-107.14778399999891,39.650528999999992],[-107.14777699999891,39.650484000000006],[-107.14777299999891,39.650461999999997],[-107.1477699999989,39.650438999999992],[-107.14770999999891,39.650444],[-107.14770299999891,39.650398999999993],[-107.1476959999989,39.650354],[-107.14768899999891,39.650309],[-107.14768199999891,39.650264],[-107.1476679999989,39.650174],[-107.14766099999891,39.650129],[-107.14765399999891,39.650084],[-107.1477139999989,39.650078000000001],[-107.1477069999989,39.650033000000008],[-107.14769999999892,39.649988],[-107.14769799999891,39.649979999999999],[-107.14769299999892,39.649943000000015],[-107.1477519999989,39.649938000000006],[-107.14773799999891,39.649847999999992],[-107.1477309999989,39.649803000000006],[-107.14778999999891,39.649797999999997],[-107.1478429999989,39.649747000000005],[-107.14789499999891,39.649696999999996],[-107.1479539999989,39.649692000000002],[-107.14801399999891,39.649686000000003],[-107.14806599999891,39.649635999999994],[-107.14805899999891,39.649591000000001],[-107.1481179999989,39.649585999999999],[-107.14817799999891,39.649579999999993],[-107.14827199999891,39.649572000000006],[-107.14829599999891,39.64956999999999],[-107.14832799999891,39.649566999999998],[-107.14835599999891,39.649564000000005],[-107.14841499999891,39.649559000000004],[-107.1484739999989,39.649554000000002],[-107.1485339999989,39.649549],[-107.14859299999891,39.649543000000008],[-107.1486589999989,39.649582999999993],[-107.14871899999891,39.649577999999991],[-107.14878499999891,39.649616999999992],[-107.14879199999891,39.649661999999992],[-107.1487989999989,39.649706999999992],[-107.1488059999989,39.649751999999992],[-107.14881299999891,39.649797],[-107.14881999999891,39.649842],[-107.1488269999989,39.649888000000004],[-107.1488339999989,39.649932999999997],[-107.14884099999891,39.64997799999999],[-107.1488549999989,39.650068000000005],[-107.1488619999989,39.650112999999997],[-107.14886899999891,39.65015799999999],[-107.14887599999891,39.650203000000005],[-107.1488829999989,39.650248000000005],[-107.14894199999891,39.650242000000006],[-107.14900899999891,39.650281999999997],[-107.14906799999891,39.650277000000003],[-107.1491939999989,39.650310999999995],[-107.1491869999989,39.650266000000009],[-107.14924599999891,39.650261000000008],[-107.1493049999989,39.650256000000006],[-107.14936499999891,39.65025],[-107.14935799999891,39.650205000000007],[-107.14941699999891,39.650200000000005],[-107.14940999999891,39.650155000000005],[-107.14952199999891,39.650098999999997],[-107.1495809999989,39.65009400000001],[-107.14957399999891,39.650049000000003],[-107.1496329999989,39.650043999999994],[-107.14968599999891,39.649992999999995],[-107.1497449999989,39.649987999999993],[-107.1497449999989,39.649984999999994],[-107.14973799999891,39.649942999999993],[-107.14979699999891,39.649937999999999],[-107.1497899999989,39.649893000000006],[-107.14984299999891,39.649842],[-107.1498359999989,39.64979799999999],[-107.1498359999989,39.649796999999992],[-107.1498289999989,39.649751999999999],[-107.14982199999891,39.649706999999999],[-107.1498079999989,39.649617000000006],[-107.14979399999891,39.649526999999999],[-107.14978699999891,39.649482000000006],[-107.14977999999891,39.649436999999992],[-107.1497729999989,39.649391999999999],[-107.14976599999891,39.649346999999992],[-107.14975899999891,39.649301999999999],[-107.14975199999891,39.649256999999999],[-107.14986999999891,39.649246000000012],[-107.1499299999989,39.649241000000011],[-107.14998899999891,39.649235999999995],[-107.1500479999989,39.649231],[-107.15011499999891,39.649269999999994],[-107.15017399999891,39.649265],[-107.15023299999891,39.649260000000005],[-107.15029299999891,39.649253999999999],[-107.1503519999989,39.649248999999998],[-107.15041099999891,39.649244000000003],[-107.1504709999989,39.649237999999997],[-107.15046399999891,39.649192999999997],[-107.15052299999891,39.649188000000009],[-107.15057499999891,39.649138000000001],[-107.15060799999891,39.649134999999994],[-107.1506349999989,39.649132000000002],[-107.1506279999989,39.649087000000009],[-107.15068699999891,39.649082],[-107.1506799999989,39.649036999999986],[-107.15069899999891,39.649034999999998],[-107.15073899999891,39.649031999999998],[-107.15073199999891,39.648986999999998],[-107.15084399999891,39.648931000000005],[-107.1508369999989,39.64888599999999],[-107.15089599999891,39.648880999999996],[-107.15094899999889,39.648829999999997],[-107.1510009999989,39.648780000000002],[-107.15099399999889,39.648734999999995],[-107.1510529999989,39.648729999999993],[-107.15117199999889,39.648718999999993],[-107.1512239999989,39.648668999999998],[-107.1512839999989,39.648663999999997],[-107.15127699999888,39.648618999999982],[-107.15133599999889,39.64861299999999],[-107.1513289999989,39.648567999999997],[-107.15138799999889,39.648563000000003],[-107.1514409999989,39.648513000000001],[-107.15149999999889,39.648507000000002],[-107.15149299999889,39.648461999999995],[-107.15155199999889,39.648457000000008],[-107.1516049999989,39.648407000000013],[-107.15165699999889,39.648356],[-107.15164999999891,39.648311000000007],[-107.15176899999889,39.648301000000004],[-107.15182099999889,39.648250000000004],[-107.15193299999889,39.648194999999994],[-107.15192599999889,39.648150000000015],[-107.1519189999989,39.648104999999994],[-107.15191199999889,39.648060000000008],[-107.15190499999889,39.648015000000015],[-107.15189799999889,39.647969999999987],[-107.1518909999989,39.647925000000008],[-107.15188399999889,39.647880000000001],[-107.15187699999889,39.647835000000001],[-107.15186999999889,39.647790000000008],[-107.1518629999989,39.647745],[-107.15185599999889,39.647699000000003],[-107.15184899999889,39.64765400000001],[-107.15184199999889,39.647609000000003],[-107.1518349999989,39.647564000000003],[-107.15182799999889,39.647518999999988],[-107.15182099999889,39.647474000000003],[-107.15181399999889,39.64742900000001],[-107.1518069999989,39.647383999999995],[-107.15180599999888,39.647381999999993],[-107.15179999999889,39.647339000000009],[-107.15179299999889,39.647294000000016],[-107.15178599999889,39.647249000000002],[-107.15177899999891,39.647204000000002],[-107.15177199999889,39.647159000000009],[-107.15176499999889,39.647114000000002],[-107.15175799999889,39.647068999999995],[-107.1517509999989,39.647024000000002],[-107.1517439999989,39.646979000000009],[-107.15174099999889,39.646958999999995],[-107.15173699999889,39.646934000000009],[-107.15172999999889,39.646889000000009],[-107.15178599999889,39.646883999999993],[-107.1517889999989,39.646883999999993],[-107.15178799999889,39.646880000000017],[-107.15178199999889,39.646839000000014],[-107.15177499999889,39.646794],[-107.15182699999889,39.646743000000001],[-107.15181999999889,39.646698000000001],[-107.1518129999989,39.646653000000001],[-107.1518729999989,39.646647999999992],[-107.15193199999889,39.646643000000005],[-107.1519589999989,39.646640000000005],[-107.15199099999889,39.646638000000003],[-107.1520439999989,39.64658699999999],[-107.15210299999889,39.646582000000009],[-107.1521619999989,39.646577000000001],[-107.15222199999889,39.646571000000009],[-107.15239999999889,39.646554999999999],[-107.15251799999889,39.646545000000003],[-107.1525779999989,39.64653899999999],[-107.15263699999889,39.646534000000003],[-107.1528149999989,39.646518000000007],[-107.1528199999989,39.646518],[-107.15287399999889,39.646512999999992],[-107.15293399999889,39.646508000000004],[-107.1530449999989,39.646451999999989],[-107.15309799999889,39.646402000000002],[-107.15315699999888,39.646395999999996],[-107.15316999999889,39.646395000000005],[-107.15321599999891,39.646390999999987],[-107.1532089999989,39.646346000000008],[-107.15326899999889,39.646341],[-107.1533209999989,39.646290000000008],[-107.15337999999889,39.646284999999999],[-107.15337299999889,39.646239999999999],[-107.15342599999889,39.646190000000004],[-107.15341899999889,39.64614499999999],[-107.15347099999889,39.646093999999991],[-107.1535229999989,39.64604400000001],[-107.15357599999889,39.645994000000002],[-107.1535689999989,39.645949000000009],[-107.15356199999889,39.645904000000009],[-107.15355499999889,39.645859000000002],[-107.15354799999889,39.645813999999994],[-107.1535409999989,39.645769000000008],[-107.15353399999888,39.645724000000016],[-107.15352699999889,39.645679000000015],[-107.15351999999889,39.645634999999999],[-107.15351999999889,39.645634000000008],[-107.15351299999891,39.645587999999996],[-107.15350599999888,39.645542999999996],[-107.15349899999889,39.645498000000003],[-107.15355099999888,39.645448000000002],[-107.15360299999891,39.645397999999986],[-107.15359599999888,39.645353000000007],[-107.15364899999889,39.645302000000015],[-107.15364199999891,39.645257000000015],[-107.15370099999889,39.645251999999992],[-107.1537599999989,39.645246999999998],[-107.15381999999889,39.645242000000003],[-107.15387899999889,39.64523599999999],[-107.15393799999889,39.645231000000003],[-107.15399799999889,39.645225999999994],[-107.15405699999889,39.645219999999995],[-107.1540639999989,39.645265000000002],[-107.15409899999889,39.645262000000002],[-107.1541229999989,39.64526],[-107.15415499999889,39.645257000000001],[-107.15418299999889,39.645254999999999],[-107.15424199999889,39.645248999999993],[-107.1543009999989,39.645243999999991],[-107.15436099999887,39.645238999999997],[-107.15448599999888,39.645272999999996],[-107.15461199999889,39.645308000000007],[-107.15467799999888,39.645346999999994],[-107.15473699999889,39.645342000000007],[-107.15479699999888,39.645337000000005],[-107.15486299999888,39.645375999999992],[-107.15492899999887,39.645416000000004],[-107.15493599999888,39.645460999999997],[-107.15494299999888,39.645505999999997],[-107.15500999999888,39.64554600000001],[-107.15501699999888,39.645591000000003],[-107.15502399999887,39.645636000000003],[-107.15502399999887,39.645638999999996],[-107.15503099999887,39.645681000000003],[-107.1550379999989,39.64572600000001],[-107.15504499999888,39.645771000000018],[-107.15505199999888,39.645815999999996],[-107.15505899999887,39.645860999999996],[-107.15506599999888,39.645905999999989],[-107.15512499999888,39.645901000000009],[-107.15513199999889,39.645945999999995],[-107.15513899999888,39.645991000000002],[-107.15514599999888,39.646035999999995],[-107.15515299999888,39.646081000000009],[-107.15519799999888,39.646076999999984],[-107.1552119999989,39.646075000000003],[-107.15521899999888,39.646119999999996],[-107.15527899999887,39.646114999999995],[-107.15528599999888,39.646160000000016],[-107.15534499999889,39.646155],[-107.15535199999887,39.6462],[-107.15541099999888,39.646194999999985],[-107.15541799999887,39.646239999999992],[-107.15547799999889,39.646234],[-107.15554399999888,39.646274000000012],[-107.15560299999889,39.646268999999997],[-107.15566999999888,39.646308000000005],[-107.15572899999887,39.646303000000003],[-107.1557359999989,39.646348000000003],[-107.15580199999887,39.646388000000002],[-107.15586199999888,39.64638200000001],[-107.15586899999889,39.646427999999993],[-107.15593499999888,39.646466999999994],[-107.15600099999888,39.646507000000007],[-107.15600799999888,39.646551999999993],[-107.15607499999888,39.646591999999991],[-107.15613399999887,39.646585999999992],[-107.15614099999888,39.646630999999999],[-107.15614499999887,39.646660999999995],[-107.15614799999888,39.646675999999999],[-107.15615499999888,39.646721000000007],[-107.15616199999889,39.646765999999992],[-107.15616899999888,39.646811],[-107.15617599999888,39.646856],[-107.15611699999887,39.646861999999999],[-107.15612399999888,39.646907000000006],[-107.15613099999888,39.646951999999999],[-107.15613799999888,39.646996999999999],[-107.15613799999888,39.647003000000005],[-107.15614499999887,39.647041999999999],[-107.15615199999888,39.647087000000006],[-107.15615899999888,39.647131999999999],[-107.15616499999888,39.647176999999999],[-107.15610599999887,39.647182000000001],[-107.1561129999989,39.647227000000008],[-107.15611999999888,39.647272000000001],[-107.15606099999887,39.647278],[-107.15600899999887,39.647327999999995],[-107.15601599999887,39.647372999999995],[-107.15596299999888,39.647423000000003],[-107.15596999999887,39.647468000000011],[-107.15591799999888,39.647518999999988],[-107.15592499999887,39.647564000000003],[-107.15586599999888,39.647568999999997],[-107.15587299999888,39.647613999999997],[-107.15587999999887,39.647659000000004],[-107.15588699999888,39.64770399999999],[-107.15589299999888,39.647748999999997],[-107.15584099999887,39.647799000000013],[-107.15584799999888,39.647844000000006],[-107.15579599999887,39.647894999999998],[-107.15574399999888,39.647945],[-107.1556909999989,39.647994999999995],[-107.15569799999888,39.648040000000002],[-107.15570499999887,39.648084999999995],[-107.15571199999887,39.648130000000002],[-107.15565299999888,39.648136000000001],[-107.15565999999887,39.648180999999994],[-107.15560799999888,39.648231000000017],[-107.15554799999887,39.648235999999997],[-107.15549599999888,39.648286999999996],[-107.15531799999887,39.648303000000006],[-107.15532499999888,39.648347999999999],[-107.15526599999887,39.648352999999993],[-107.1552059999989,39.648358000000009],[-107.15515399999887,39.648408999999994],[-107.15509499999888,39.648413999999995],[-107.15510199999888,39.648459000000003],[-107.15504199999889,39.648464000000004],[-107.15498299999889,39.64847000000001],[-107.15492399999887,39.648475000000012],[-107.15486399999889,39.648480000000013],[-107.15480499999887,39.648485000000001],[-107.15481199999888,39.648530000000001],[-107.15475299999888,39.648535999999993],[-107.15469299999887,39.648540999999994],[-107.15463399999889,39.648546000000003],[-107.15457499999889,39.648552000000002],[-107.15458199999888,39.648597000000009],[-107.15452199999889,39.648602000000004],[-107.1544629999989,39.648606999999991],[-107.15446999999889,39.648651999999998],[-107.15445899999889,39.648663000000006],[-107.15441799999888,39.648702999999998],[-107.15442499999888,39.648747999999991],[-107.15443199999889,39.648792999999998],[-107.15443899999887,39.648837999999991],[-107.15444599999888,39.648882999999991],[-107.15445299999888,39.648927999999984],[-107.15445999999888,39.648972999999991],[-107.1544639999989,39.649004000000005],[-107.15447399999888,39.649062999999998],[-107.1544809999989,39.649108000000012],[-107.15448799999889,39.649152999999991],[-107.15449499999889,39.649197999999998],[-107.15450199999887,39.649242999999998],[-107.15450899999888,39.649287999999991],[-107.15451599999891,39.649332999999992],[-107.15452299999889,39.649377999999992],[-107.15452999999889,39.649422999999999],[-107.15453699999888,39.649467999999992],[-107.15459599999889,39.649462999999997],[-107.15460299999889,39.649508000000004],[-107.1546099999989,39.649552999999997],[-107.15461699999889,39.649597999999997],[-107.15462399999888,39.649642999999983],[-107.15463099999887,39.649687999999998],[-107.15468999999889,39.649682999999996],[-107.15469699999888,39.64972800000001],[-107.15475599999888,39.64972199999999],[-107.15482999999888,39.649806999999996],[-107.15483699999888,39.64985200000001],[-107.15489599999887,39.649847000000015],[-107.1549029999989,39.649892000000008],[-107.15490999999888,39.649937000000001],[-107.15496899999887,39.649931000000009],[-107.15497599999888,39.649976000000009],[-107.15498299999888,39.650020999999995],[-107.15504999999888,39.650061000000001],[-107.1551159999989,39.650101000000006],[-107.15512099999887,39.650104000000006],[-107.15518199999887,39.650140999999991],[-107.15524199999888,39.650134999999999],[-107.15524899999888,39.650180000000006],[-107.15532199999888,39.650265000000005],[-107.15538099999888,39.65026000000001],[-107.15544099999887,39.650254000000004],[-107.15544799999888,39.650298999999983],[-107.15550699999888,39.650293999999995],[-107.15556599999888,39.650289000000008],[-107.15562599999888,39.650283000000002],[-107.1556849999989,39.650277999999993],[-107.15574399999888,39.650273000000013],[-107.15580399999888,39.650267999999997],[-107.15586299999889,39.650261999999991],[-107.15592199999888,39.650256999999996],[-107.15598199999887,39.650252000000002],[-107.15602099999887,39.650247999999998],[-107.15604099999889,39.65024600000001],[-107.15604399999887,39.650263000000002],[-107.15604799999888,39.650290999999996],[-107.15607999999889,39.65028800000001],[-107.15610699999888,39.650285999999994],[-107.15616699999887,39.650281],[-107.15622599999888,39.650274999999993],[-107.15629199999887,39.650314999999999],[-107.15635899999887,39.650354999999998],[-107.15641799999889,39.650350000000003],[-107.15647699999889,39.650343999999997],[-107.15648399999888,39.650388999999997],[-107.15654399999887,39.650384000000003],[-107.15660299999888,39.650379000000001],[-107.15666899999887,39.650418000000009],[-107.15672899999889,39.650412999999993],[-107.15678799999888,39.650408000000006],[-107.15683199999887,39.650403999999995],[-107.15684699999888,39.650402000000007],[-107.15696599999887,39.650392000000004],[-107.15708499999889,39.650381000000003],[-107.15714399999888,39.650375999999994],[-107.15720299999887,39.650370999999993],[-107.15726299999888,39.650365000000008],[-107.15732199999887,39.650359999999999],[-107.15738099999888,39.65035499999999],[-107.15749999999888,39.650344000000004],[-107.15755899999888,39.650339000000002],[-107.15762599999887,39.650378000000003],[-107.15768499999889,39.650372999999995],[-107.15768599999888,39.650373000000002],[-107.15774399999887,39.650368],[-107.15775099999888,39.650412999999993],[-107.15781099999887,39.650406999999987],[-107.15793599999888,39.650441999999998],[-107.15794299999889,39.650486999999998],[-107.15800199999887,39.65048199999999],[-107.15800899999888,39.650527000000004],[-107.15801599999888,39.650571999999997],[-107.15802299999888,39.65061699999999],[-107.15802999999887,39.650661999999997],[-107.15809699999886,39.650700999999998],[-107.15810399999887,39.650745999999998],[-107.15816299999886,39.650740999999996],[-107.15822199999886,39.650735999999995],[-107.15822899999887,39.650781000000016],[-107.15829599999887,39.650820000000003],[-107.15836199999886,39.650859999999994],[-107.15848799999887,39.650895000000013],[-107.15855399999886,39.650933999999999],[-107.15861999999886,39.650973999999998],[-107.15867999999888,39.650968999999996],[-107.15874599999886,39.651008000000004],[-107.15881199999886,39.651048000000003],[-107.15887899999886,39.651088000000001],[-107.15894499999887,39.651128000000007],[-107.15900399999886,39.651122000000001],[-107.15906399999886,39.651116999999992],[-107.15912299999886,39.651111999999991],[-107.15924199999887,39.651100999999997],[-107.15930099999886,39.651096000000003],[-107.15935999999888,39.651090000000018],[-107.15941999999886,39.651085000000002],[-107.15947899999887,39.65108],[-107.15953799999886,39.651074000000008],[-107.15959799999887,39.651069000000007],[-107.15965699999886,39.651063999999991],[-107.15971599999888,39.651058000000006],[-107.15970899999887,39.651012999999992],[-107.15970199999886,39.650967999999992],[-107.15976199999886,39.65096299999999],[-107.15975499999888,39.650917999999997],[-107.15975199999886,39.6509],[-107.15974799999886,39.650872999999997],[-107.15973899999886,39.650815999999999],[-107.15973399999888,39.65078299999999],[-107.15972699999887,39.650737999999997],[-107.15975799999886,39.650734999999997],[-107.15978599999886,39.650732999999995],[-107.15977899999888,39.650688000000002],[-107.15982399999886,39.650592000000003],[-107.15988399999888,39.650586999999987],[-107.15994299999888,39.650581999999993],[-107.16006899999886,39.650616000000007],[-107.16007599999888,39.650660999999999],[-107.16013499999886,39.650656000000005],[-107.16014199999886,39.650700999999998],[-107.16014899999887,39.650746000000005],[-107.16021499999887,39.650785999999989],[-107.16027499999888,39.650779999999997],[-107.16034099999887,39.650820000000003],[-107.16040699999887,39.650860000000002],[-107.16046699999887,39.65085400000001],[-107.16052599999887,39.650848999999987],[-107.16053299999886,39.650893999999994],[-107.16059199999887,39.650889000000006],[-107.16065899999886,39.650927999999993],[-107.16071799999887,39.650922999999992],[-107.16072499999888,39.650967999999999],[-107.16079099999887,39.65100799999999],[-107.16085799999888,39.651048000000003],[-107.16086499999886,39.651092999999996],[-107.16092399999886,39.651086999999997],[-107.16093099999887,39.651132000000004],[-107.16099699999887,39.651172000000003],[-107.16105699999888,39.651167000000008],[-107.16106399999886,39.651211999999994],[-107.16118199999886,39.651200999999993],[-107.16125599999886,39.651286000000006],[-107.16129799999887,39.651282000000016],[-107.16131499999888,39.651281000000004],[-107.16137399999886,39.651274999999998],[-107.16138099999885,39.651319999999998],[-107.16144099999885,39.651314999999997],[-107.16144799999884,39.65135999999999],[-107.16150699999888,39.651355000000002],[-107.16162599999886,39.651344000000009],[-107.16163299999886,39.651389000000002],[-107.16169199999885,39.651383999999993],[-107.16175099999886,39.651378000000001],[-107.16181099999885,39.651373000000007],[-107.16186999999884,39.651368000000012],[-107.16192899999886,39.651361999999985],[-107.16198899999885,39.651356999999997],[-107.16204799999885,39.65135200000001],[-107.16210699999887,39.651346999999994],[-107.16216699999885,39.651341000000002],[-107.16215999999886,39.651296000000002],[-107.16215299999885,39.651251000000009],[-107.16214599999887,39.651206000000002],[-107.16213899999885,39.651161000000002],[-107.16206499999885,39.651076000000003],[-107.16205799999886,39.651031000000003],[-107.16205099999885,39.650985999999996],[-107.16204399999884,39.65094100000001],[-107.16203699999886,39.650895999999996],[-107.16202999999885,39.650851000000003],[-107.16202299999887,39.65080600000001],[-107.16200899999886,39.650715999999996],[-107.16200199999885,39.650670999999996],[-107.16205499999884,39.650621000000008],[-107.16211399999885,39.650615999999999],[-107.16210699999887,39.650570999999992],[-107.16222499999886,39.650560000000013],[-107.16228499999886,39.650555000000004],[-107.16234399999885,39.650548999999998],[-107.16235099999885,39.650593999999991],[-107.16235799999885,39.650638999999998],[-107.16236499999886,39.650683999999998],[-107.16237199999885,39.650728999999991],[-107.16237899999886,39.650773999999998],[-107.16238599999885,39.650819000000006],[-107.16244499999887,39.650814000000004],[-107.16245199999885,39.650859000000004],[-107.16251199999887,39.65085400000001],[-107.16251899999885,39.650899000000003],[-107.16257799999886,39.650893999999994],[-107.16258499999886,39.650939000000001],[-107.16265099999886,39.650977999999988],[-107.16278399999885,39.651058000000006],[-107.16284999999887,39.651097],[-107.16285699999885,39.651142],[-107.16286399999886,39.651186999999993],[-107.16292399999887,39.651181999999999],[-107.16293099999885,39.651226999999992],[-107.16299699999885,39.65126699999999],[-107.16306299999886,39.651307000000003],[-107.16312999999884,39.651345999999997],[-107.16319599999886,39.651386000000002],[-107.16332899999887,39.651465000000002],[-107.16339499999884,39.651504999999993],[-107.16340199999885,39.651549999999993],[-107.16346099999885,39.651544999999999],[-107.16352099999885,39.651539],[-107.16363899999885,39.651528999999982],[-107.16369899999884,39.651524000000002],[-107.16375799999885,39.651518000000003],[-107.16380999999886,39.651468000000008],[-107.16386999999887,39.651463000000007],[-107.16386299999886,39.651418],[-107.16398099999886,39.651407000000006],[-107.16397399999886,39.651361999999999],[-107.16396699999885,39.651316999999992],[-107.16401299999886,39.651221999999997],[-107.16406499999884,39.651171000000005],[-107.16405799999886,39.651126000000005],[-107.16405099999885,39.651080999999998],[-107.16404399999887,39.651035999999998],[-107.16403699999886,39.650990999999998],[-107.16402299999886,39.650901000000005],[-107.16401599999885,39.650855999999997],[-107.16400899999886,39.650810999999997],[-107.16406799999886,39.650806000000003],[-107.16406099999885,39.650761000000003],[-107.16405399999886,39.650716000000003],[-107.16404699999885,39.650670999999996],[-107.16403999999885,39.650626000000024],[-107.16409999999885,39.650620000000004],[-107.16409299999886,39.650575000000011],[-107.16414499999885,39.650525000000009],[-107.16420399999885,39.650520000000007],[-107.16419699999886,39.650475],[-107.16425699999887,39.650469000000001],[-107.16431599999886,39.650464000000007],[-107.16430899999885,39.650419000000007],[-107.16436799999884,39.650413999999998],[-107.16436099999886,39.650368999999998],[-107.16441399999886,39.650317999999992],[-107.16445099999886,39.650281999999997],[-107.16446599999885,39.650268000000011],[-107.16446499999886,39.650261999999991],[-107.16445899999886,39.650223000000004],[-107.16451799999885,39.65021800000001],[-107.16451099999885,39.650173000000002],[-107.16450399999886,39.650128000000009],[-107.16449699999885,39.650083000000009],[-107.16448999999886,39.650038000000009],[-107.16454299999886,39.649987000000003],[-107.16453599999885,39.649942000000003],[-107.16459499999885,39.649937000000001],[-107.16458799999886,39.649892000000008],[-107.16458099999885,39.649847000000001],[-107.16457399999886,39.649801999999994],[-107.16456699999885,39.649756999999994],[-107.16462599999885,39.649751999999999],[-107.16461899999886,39.649706999999985],[-107.16473099999885,39.649650999999999],[-107.16478299999886,39.649600999999997],[-107.16484299999884,39.649595000000005],[-107.16483599999884,39.649549999999998],[-107.16489499999885,39.649544999999996],[-107.16494699999883,39.649494999999995],[-107.16511799999886,39.649434000000007],[-107.16517099999885,39.649383000000007],[-107.16522999999883,39.649377999999992],[-107.16528199999885,39.649328000000011],[-107.16534199999883,39.649322000000005],[-107.16539599999884,39.649317000000011],[-107.16540099999885,39.649317000000011],[-107.16545999999884,39.649312000000002],[-107.16557899999884,39.649301000000001],[-107.16563799999885,39.649296],[-107.16569599999885,39.649290999999998],[-107.16569699999883,39.649289999999993],[-107.16575699999885,39.649284999999999],[-107.16581599999886,39.64927999999999],[-107.16587499999883,39.649275000000003],[-107.16593499999885,39.649268999999997],[-107.16599399999885,39.649264000000002],[-107.16605299999884,39.649259000000008],[-107.16611999999886,39.649298000000002],[-107.16617899999885,39.649293],[-107.16623799999886,39.649287999999999],[-107.16629799999885,39.649282000000007],[-107.16635699999885,39.649276999999998],[-107.16641599999885,39.649272000000011],[-107.16647599999885,39.649265999999997],[-107.16653499999885,39.64926100000001],[-107.16654199999884,39.649260000000005],[-107.16659399999885,39.649256000000001],[-107.16666099999884,39.649294999999988],[-107.16671999999883,39.649290000000015],[-107.16677899999885,39.649285000000006],[-107.16683899999883,39.649280000000005],[-107.16689799999884,39.649273999999984],[-107.16701699999884,39.649263999999988],[-107.16702499999883,39.649262999999998],[-107.16707599999883,39.649258000000003],[-107.16713499999885,39.649252999999987],[-107.16720199999885,39.649293000000007],[-107.16726799999886,39.649331999999994],[-107.16732699999885,39.649326999999992],[-107.16733399999883,39.649371999999993],[-107.16734099999884,39.649417000000007],[-107.16740099999885,39.649411999999998],[-107.16740799999883,39.649457000000005],[-107.16741499999885,39.649502000000005],[-107.16742199999885,39.649546999999991],[-107.16736899999883,39.649597000000007],[-107.16737599999885,39.649642],[-107.16738299999885,39.649687000000007],[-107.16738999999883,39.649732],[-107.16739699999884,39.649776999999993],[-107.16734499999883,39.649827999999999],[-107.16729999999883,39.649923000000008],[-107.16723999999884,39.649928000000003],[-107.16724699999885,39.649973000000003],[-107.16718799999884,39.649979000000002],[-107.16719499999884,39.650024000000002],[-107.16720199999885,39.650069000000002],[-107.16714999999884,39.650118999999989],[-107.16715699999885,39.650164000000004],[-107.16709699999883,39.650168999999998],[-107.16709999999885,39.650185],[-107.16710399999884,39.650214000000005],[-107.16711099999884,39.650259000000005],[-107.16711799999885,39.650303999999991],[-107.16712499999885,39.650348999999991],[-107.16713199999883,39.650394000000006],[-107.16713899999885,39.650439000000013],[-107.16714599999884,39.650483999999999],[-107.16715299999885,39.650528999999999],[-107.16727899999883,39.650564000000017],[-107.16728599999885,39.650609000000017],[-107.16735199999884,39.650648999999994],[-107.16735899999884,39.650693999999994],[-107.16742599999885,39.650732999999995],[-107.16743299999884,39.65077800000001],[-107.16747499999884,39.650774999999996],[-107.16749199999883,39.650773000000001],[-107.16755099999885,39.650767999999999],[-107.16761799999885,39.650806999999993],[-107.16773599999884,39.650796999999997],[-107.16786199999885,39.650830999999997],[-107.16792099999886,39.650826000000002],[-107.16792799999884,39.650871000000009],[-107.16798799999884,39.650865000000017],[-107.16805399999885,39.650905000000009],[-107.16811999999884,39.650944999999993],[-107.16824599999883,39.650979],[-107.16830499999884,39.650973999999998],[-107.16837899999884,39.651058999999997],[-107.16843799999882,39.651053000000005],[-107.16844499999884,39.651097999999998],[-107.16850399999883,39.65109300000001],[-107.16856399999884,39.651088000000001],[-107.16857099999882,39.651133000000002],[-107.16862999999881,39.651126999999995],[-107.16868899999884,39.651122000000001],[-107.16874899999883,39.651116999999992],[-107.16875599999884,39.651162000000006],[-107.16881499999883,39.651157000000005],[-107.16882199999884,39.651201999999991],[-107.16888099999883,39.651196000000006],[-107.16894099999884,39.651191000000004],[-107.16899999999883,39.651186000000017],[-107.16905899999884,39.651179999999989],[-107.16917799999884,39.65117],[-107.16918499999882,39.651215000000001],[-107.16919199999883,39.651260000000008],[-107.16919899999884,39.651305000000001],[-107.16920599999884,39.651350000000008],[-107.16921299999883,39.651395000000001],[-107.16921999999882,39.651440000000015],[-107.16922699999884,39.651485000000001],[-107.16923399999882,39.651530000000001],[-107.16924099999883,39.651575000000008],[-107.16929999999883,39.65157],[-107.16930699999884,39.651614999999993],[-107.16931399999882,39.651660000000007],[-107.16937399999884,39.651654000000008],[-107.16938799999882,39.651743999999994],[-107.16944699999883,39.651739000000006],[-107.16951299999883,39.651778999999991],[-107.16963899999884,39.651813000000004],[-107.16969799999883,39.651808000000003],[-107.16975799999882,39.651802000000004],[-107.16980999999883,39.651752000000002],[-107.16986199999883,39.651702],[-107.16991499999884,39.651650999999994],[-107.16997399999883,39.651646],[-107.17003299999882,39.651640999999998],[-107.17009299999883,39.651634999999999],[-107.17021099999883,39.651625000000003],[-107.17027099999883,39.651619999999994],[-107.17032299999882,39.651569000000009],[-107.17033499999883,39.651568000000005],[-107.17038199999884,39.651563999999993],[-107.17037499999884,39.651518999999993],[-107.17036799999882,39.651473999999993],[-107.17036099999883,39.651429000000007],[-107.17032899999883,39.651409000000008],[-107.17029499999883,39.651388999999995],[-107.17028799999883,39.651344000000016],[-107.17028099999884,39.651298999999995],[-107.17021499999882,39.65125900000001],[-107.17021399999884,39.651251999999999],[-107.17020799999884,39.651214000000003],[-107.17019399999882,39.651124000000003],[-107.17013399999884,39.651130000000002],[-107.17012699999881,39.651085000000009],[-107.17006099999882,39.651045000000003],[-107.16998799999884,39.650959999999998],[-107.16998099999884,39.650914999999983],[-107.16997399999883,39.650869999999998],[-107.16996699999882,39.650824999999998],[-107.17002599999881,39.650820000000003],[-107.17001899999883,39.65077500000001],[-107.17007799999882,39.650769000000004],[-107.17007099999883,39.650724000000004],[-107.17013099999882,39.650719000000009],[-107.17018999999883,39.650714000000008],[-107.17024899999883,39.650708999999999],[-107.17030899999882,39.650703],[-107.17042699999884,39.650693000000011],[-107.17048699999881,39.650686999999998],[-107.17054599999884,39.65068200000001],[-107.17059099999884,39.650709000000006],[-107.17061199999883,39.650722000000016],[-107.17067199999883,39.650716000000003],[-107.17073799999883,39.650756000000001],[-107.17085699999883,39.650745000000008],[-107.17091599999884,39.650739999999992],[-107.17097499999883,39.650734999999997],[-107.17103399999883,39.650728999999984],[-107.17108899999882,39.650725000000001],[-107.17109399999883,39.650723999999983],[-107.17115299999884,39.650719000000009],[-107.17121199999882,39.650712999999989],[-107.17133099999883,39.650703],[-107.17138999999882,39.650697999999998],[-107.17144999999881,39.650691999999999],[-107.17147099999882,39.650690000000004],[-107.17150899999882,39.650686999999998],[-107.1715679999988,39.650682000000003],[-107.17162799999883,39.650676000000004],[-107.17168699999883,39.650670999999996],[-107.17174599999881,39.650666000000008],[-107.17180599999882,39.650660000000009],[-107.17192399999881,39.650649999999999],[-107.17198399999882,39.650644],[-107.17204299999881,39.650639000000005],[-107.1721019999988,39.650634000000004],[-107.1722209999988,39.65062300000001],[-107.17227999999882,39.650618000000001],[-107.17228699999882,39.650662999999994],[-107.17241299999883,39.650697000000001],[-107.17247199999882,39.650691999999992],[-107.1724789999988,39.650736999999999],[-107.17248599999883,39.650782000000007],[-107.17249299999882,39.650827],[-107.17249999999882,39.650872000000014],[-107.17250699999882,39.650917],[-107.17251399999881,39.650962000000007],[-107.17252099999882,39.651007],[-107.1725809999988,39.651002000000005],[-107.1726469999988,39.651040999999992],[-107.17271299999882,39.651081000000012],[-107.17271999999882,39.65112100000001],[-107.17271999999882,39.651126000000012],[-107.17273199999882,39.651124999999993],[-107.17277999999881,39.651121000000003],[-107.17278699999882,39.651166000000003],[-107.17284599999883,39.651159999999997],[-107.17291199999882,39.65120000000001],[-107.1729189999988,39.651245000000003],[-107.17297899999882,39.651239999999994],[-107.17298599999882,39.651284999999994],[-107.17304499999882,39.651279999999993],[-107.1730519999988,39.651325000000014],[-107.17311099999883,39.651319000000001],[-107.17311799999882,39.651364000000001],[-107.17317799999881,39.651358999999985],[-107.17323699999882,39.651353999999998],[-107.17329599999881,39.651348000000006],[-107.17341499999883,39.65133800000001],[-107.17353399999882,39.651326999999988],[-107.17358599999882,39.651276999999993],[-107.17364499999881,39.651270999999994],[-107.17363799999882,39.651226000000001],[-107.17369799999882,39.651221000000007],[-107.17375699999882,39.651215999999998],[-107.17374999999882,39.651170999999998],[-107.17380899999883,39.651164999999999],[-107.1738689999988,39.651159999999997],[-107.17392099999883,39.651109999999996],[-107.17397999999882,39.651104000000011],[-107.17397299999882,39.651058999999989],[-107.17402599999882,39.651008999999988],[-107.17401899999882,39.650964000000002],[-107.17400499999881,39.650873999999995],[-107.1739979999988,39.650829000000009],[-107.17399099999882,39.650784000000009],[-107.17398399999882,39.650739000000002],[-107.17397699999881,39.650694000000009],[-107.17396999999882,39.650649000000001],[-107.17396299999881,39.650604000000001],[-107.17395599999882,39.650559000000008],[-107.17394899999881,39.650514000000001],[-107.17394199999882,39.650469000000001],[-107.17393499999882,39.650424000000001],[-107.17398699999882,39.650373999999999],[-107.17404599999882,39.650367999999986],[-107.17410599999882,39.650363000000006],[-107.17421699999881,39.650306999999984],[-107.17432899999882,39.650252000000002],[-107.17444699999882,39.650241000000001],[-107.17456599999882,39.650229999999993],[-107.17462499999883,39.650224999999999],[-107.17468499999882,39.65021999999999],[-107.17467799999882,39.65017499999999],[-107.17472999999882,39.650123999999998],[-107.17478899999882,39.650118999999997],[-107.17484899999882,39.650114000000002],[-107.17490099999881,39.650063000000017],[-107.17495299999881,39.650013000000008],[-107.17501299999881,39.650008],[-107.17507199999881,39.650001999999986],[-107.1751979999988,39.650036999999983],[-107.17520499999881,39.650081999999998],[-107.1752709999988,39.650121000000006],[-107.17527799999881,39.650167000000003],[-107.17528499999881,39.650212000000003],[-107.17529199999881,39.650256999999996],[-107.1752989999988,39.650302000000003],[-107.17530599999881,39.650346999999996],[-107.17531299999881,39.650391999999989],[-107.17531999999881,39.650436999999997],[-107.1753269999988,39.65048199999999],[-107.17533399999881,39.650527000000004],[-107.17534799999881,39.650616999999983],[-107.17536899999881,39.650752000000011],[-107.17537599999881,39.65079699999999],[-107.17537899999881,39.650814000000004],[-107.1753829999988,39.65084199999999],[-107.17538999999879,39.650887000000004],[-107.17539699999881,39.650932000000005],[-107.17540399999881,39.650976999999997],[-107.1754109999988,39.651021999999998],[-107.1754179999988,39.651067000000012],[-107.17541999999881,39.651077999999998],[-107.1754249999988,39.651111999999991],[-107.17543899999879,39.651201999999991],[-107.1754459999988,39.651246999999998],[-107.17545299999881,39.651292000000005],[-107.17545999999881,39.651336999999991],[-107.1754669999988,39.651381999999998],[-107.1754739999988,39.651426999999998],[-107.1754949999988,39.651561999999998],[-107.17551599999881,39.651696999999999],[-107.1755179999988,39.651710000000001],[-107.1755299999988,39.651786999999992],[-107.17553699999881,39.651831999999992],[-107.17554399999881,39.651877000000006],[-107.1755509999988,39.651922000000006],[-107.17561799999881,39.651961999999997],[-107.1756249999988,39.65200699999999],[-107.1757049999988,39.652136999999989],[-107.1757149999988,39.652141999999998],[-107.1757709999988,39.652176000000004],[-107.1757779999988,39.652220999999997],[-107.17585199999881,39.652306000000003],[-107.1759179999988,39.652346000000001],[-107.17598399999881,39.652386],[-107.1759909999988,39.652431],[-107.1760579999988,39.652470000000001],[-107.1760649999988,39.652515000000008],[-107.17607199999881,39.652560000000001],[-107.17614499999881,39.652645],[-107.17621199999881,39.652684999999991],[-107.1762779999988,39.652723999999999],[-107.1762849999988,39.652768999999999],[-107.17629199999881,39.652813999999992],[-107.17629899999879,39.652858999999999],[-107.1763059999988,39.652903999999999],[-107.17637199999881,39.652943999999998],[-107.1763789999988,39.652989000000005],[-107.1764529999988,39.653074000000004],[-107.17645999999881,39.653118999999997],[-107.17653299999881,39.653204000000017],[-107.17653999999881,39.65324900000001],[-107.17654699999881,39.653293999999995],[-107.17661299999881,39.653333000000003],[-107.17667999999881,39.653373000000002],[-107.17668699999881,39.653418000000016],[-107.17669399999879,39.653463000000002],[-107.1767009999988,39.653508000000002],[-107.17670799999881,39.653553000000016],[-107.1767739999988,39.653593000000001],[-107.1767949999988,39.653728000000015],[-107.1768019999988,39.653773000000008],[-107.17686799999881,39.653813],[-107.1768749999988,39.653858000000007],[-107.17688199999881,39.653903],[-107.17688899999881,39.653948],[-107.17689599999881,39.653993000000007],[-107.17690999999881,39.654083000000007],[-107.17691799999881,39.654127999999993],[-107.1769249999988,39.654172999999993],[-107.1769319999988,39.654218000000007],[-107.17693899999881,39.654263000000007],[-107.17694599999879,39.654308000000015],[-107.17690699999879,39.654447999999995],[-107.1769139999988,39.654493000000002],[-107.1769209999988,39.654538000000002],[-107.1769259999988,39.65457],[-107.17692799999881,39.654583000000002],[-107.17693499999881,39.654628000000002],[-107.1769419999988,39.654673000000003],[-107.1769039999988,39.654814000000002],[-107.17691099999881,39.654858999999995],[-107.17691799999881,39.654903999999988],[-107.1769249999988,39.654949000000009],[-107.1769319999988,39.654994000000002],[-107.17693899999881,39.655039000000009],[-107.1769529999988,39.655129000000009],[-107.1769599999988,39.655174000000002],[-107.17696699999881,39.655219000000002],[-107.17697399999881,39.655264000000003],[-107.1769809999988,39.655308999999995],[-107.1769879999988,39.655354000000003],[-107.17699499999881,39.655398999999996],[-107.1770609999988,39.655439000000008],[-107.17706799999881,39.655484000000001],[-107.17707499999879,39.655529000000001],[-107.1770779999988,39.655542999999994],[-107.1770819999988,39.655573999999994],[-107.17708999999881,39.655619000000009],[-107.17709699999881,39.655663999999994],[-107.1771629999988,39.655703000000003],[-107.17716999999881,39.655748000000003],[-107.1772289999988,39.655743000000008],[-107.17730999999881,39.655873000000007],[-107.17731699999881,39.655918],[-107.1773239999988,39.655962999999993],[-107.1773309999988,39.656008],[-107.17733799999881,39.656053000000007],[-107.17734499999881,39.656097999999993],[-107.17735199999881,39.656143],[-107.1773589999988,39.656187999999993],[-107.17736599999881,39.656233],[-107.17737999999879,39.656323000000015],[-107.1773869999988,39.656368000000015],[-107.17739399999881,39.656413000000001],[-107.17734099999879,39.656463000000002],[-107.17728199999881,39.656469000000001],[-107.1772229999988,39.656474000000003],[-107.1771629999988,39.656478999999997],[-107.1771109999988,39.656530000000011],[-107.1769919999988,39.656540000000007],[-107.17693299999881,39.656545999999992],[-107.1768809999988,39.656596],[-107.17682799999881,39.656646000000002],[-107.1767689999988,39.656652000000001],[-107.1766499999988,39.656662000000004],[-107.17662399999881,39.656665000000004],[-107.17659099999881,39.65666800000001],[-107.1765979999988,39.656713000000011],[-107.17653899999881,39.656717999999998],[-107.17647899999881,39.656723],[-107.1763749999988,39.656824000000007],[-107.17632199999881,39.656874000000002],[-107.1763289999988,39.656918999999988],[-107.17626999999881,39.656925000000001],[-107.17621799999881,39.656974999999996],[-107.1762229999988,39.657011000000004],[-107.17622499999881,39.657019999999996],[-107.17623199999881,39.657065000000003],[-107.1762389999988,39.657110000000003],[-107.17618699999881,39.657159999999998],[-107.1761939999988,39.657205000000005],[-107.17620099999881,39.657250000000005],[-107.17620799999881,39.657294999999998],[-107.17621499999879,39.657340000000005],[-107.17622899999881,39.657429999999998],[-107.17623599999881,39.657474999999991],[-107.17624299999881,39.657520000000005],[-107.1762499999988,39.657564999999998],[-107.17625699999881,39.657609999999998],[-107.17626399999881,39.657656000000003],[-107.17633699999881,39.65773999999999],[-107.17634399999879,39.657784999999997],[-107.1764699999988,39.657820000000001],[-107.17647699999881,39.657864999999994],[-107.1765359999988,39.657859000000009],[-107.17660899999881,39.657944000000008],[-107.17674899999881,39.658068],[-107.1768149999988,39.658107999999999],[-107.1768359999988,39.658242999999992],[-107.17684299999881,39.658287999999999],[-107.17684999999881,39.658332999999992],[-107.1768569999988,39.658378000000013],[-107.17687099999881,39.658467999999992],[-107.17687899999881,39.658512999999992],[-107.1768469999988,39.658698999999999],[-107.1768539999988,39.658743999999992],[-107.17686099999881,39.658788999999992],[-107.17686799999881,39.658833999999999],[-107.1768749999988,39.658879000000006],[-107.1768299999988,39.658974000000001],[-107.17683699999881,39.659019000000001],[-107.17684399999881,39.659064000000015],[-107.1768579999988,39.659154000000008],[-107.17686499999881,39.659199000000008],[-107.17687899999881,39.659289000000001],[-107.17681999999881,39.659294999999993],[-107.17682699999881,39.659340000000007],[-107.17683399999881,39.659385],[-107.17678099999881,39.659435000000009],[-107.17678799999881,39.659480000000002],[-107.1767949999988,39.659525000000002],[-107.1768019999988,39.659570000000002],[-107.17680899999881,39.659615000000009],[-107.1767569999988,39.659664999999997],[-107.1767049999988,39.65971600000001],[-107.1765929999988,39.659771000000006],[-107.1765999999988,39.659815999999992],[-107.1765479999988,39.659866999999998],[-107.17642899999881,39.659877000000009],[-107.17643599999879,39.659922000000009],[-107.17637699999881,39.659928000000001],[-107.1763239999988,39.659978000000002],[-107.17626499999881,39.65998299999999],[-107.1762719999988,39.66002799999999],[-107.1762129999988,39.660034000000003],[-107.17621999999881,39.660079000000003],[-107.1761679999988,39.660128999999998],[-107.1761149999988,39.660179000000007],[-107.17606299999881,39.660230000000006],[-107.17601099999881,39.66028],[-107.17601799999881,39.660325000000007],[-107.1759579999988,39.660330000000002],[-107.17596499999881,39.660375000000002],[-107.17597199999881,39.660420000000016],[-107.1759789999988,39.660464999999995],[-107.1759859999988,39.660510000000009],[-107.17592699999881,39.660516000000001],[-107.1759339999988,39.660561000000008],[-107.1758959999988,39.660700999999996],[-107.17584299999881,39.660751999999995],[-107.1758499999988,39.660797000000002],[-107.1758509999988,39.660803999999992],[-107.17585399999881,39.660819999999994]]]},"properties":{"FID":0,"EVENT_ID":"CO3957210726620200810","IRWINID":"BC150C8C-D9C8-4C14-8725-2B84D7695302","INCID_NAME":"GRIZZLY CREEK","INCID_TYPE":"Wildfire","MAP_ID":10020451,"MAP_PROG":"MTBS","ASMNT_TYPE":"Extended","BURNBNDAC":30698,"BURNBNDLAT":"39.567","BURNBNDLON":"-107.272","IG_DATE":1597017600000,"PRE_ID":"B13SCD20200710_30m","POST_ID":"A13SCD20210710_30m","PERIM_ID":" ","DNBR_OFFST":15,"DNBR_STDDV":24,"NODATA_T":-970,"INCGREEN_T":-150,"LOW_T":90,"MOD_T":390,"HIGH_T":575,"COMMENT":" "}}]}