{"type":"FeatureCollection","features":[{"type":"Feature","id":1,"geometry":{"type":"MultiPolygon","coordinates":[[[[-105.37041281769967,36.024294858307599],[-105.36927381700437,36.023447858756398],[-105.36842381717528,36.023334858973499],[-105.36618581688748,36.023333859056834],[-105.3649368165748,36.023445858914947],[-105.36389381592195,36.023629859394433],[-105.36376681621647,36.022312858723971],[-105.36417381614832,36.021823858559358],[-105.36598781653126,36.021349858107975],[-105.36701381632892,36.020397858070112],[-105.36831781639488,36.019174858068595],[-105.36939581680329,36.018218857842605],[-105.37052881700346,36.016590857099665],[-105.37085781694867,36.016450857797984],[-105.37103181687424,36.015951857184206],[-105.37118781687832,36.015604857308688],[-105.37108481738019,36.014224857319377],[-105.37096381713899,36.013882856791874],[-105.37145681650659,36.012789856556601],[-105.37193881714826,36.01152785659685],[-105.372309817169,36.01056485608801],[-105.37238081676161,36.009420856215534],[-105.37245581655743,36.008479855842268],[-105.37217981629883,36.007804856104947],[-105.37133881685942,36.007378856229288],[-105.3705058160278,36.007359856297775],[-105.37044881608698,36.007389855890409],[-105.36987181635533,36.007698855830846],[-105.36968781593129,36.007797855925183],[-105.36935981618019,36.009624856835323],[-105.36891281613981,36.009502856612656],[-105.36870481638861,36.009446856731785],[-105.36826181563444,36.009326856601419],[-105.36787481567795,36.009221856262464],[-105.36742081531295,36.009097856847021],[-105.36623381511775,36.008551856835389],[-105.36606481537335,36.00847485687995],[-105.36570781500329,36.008310856507542],[-105.36480081520422,36.007894856199094],[-105.36477281480369,36.00786785675016],[-105.36412281520391,36.007234856279673],[-105.3640248151527,36.007160856458931],[-105.36332381499686,36.006626856075052],[-105.36265181421226,36.004105856388954],[-105.36281181443471,36.004134855922771],[-105.3631608144253,36.004198856165651],[-105.36413581463474,36.004126856375407],[-105.36480081483251,36.003651855944305],[-105.36558581521599,36.003413855679426],[-105.36615581463163,36.003199855638044],[-105.36644081519607,36.002605856018477],[-105.36639381475641,36.001916855620124],[-105.36636981447897,36.001179855697671],[-105.36596581463283,36.001060855611279],[-105.36589481496911,36.001393855733504],[-105.36560881434164,36.001797855555829],[-105.3651578141161,36.001678855472178],[-105.36489581453841,36.001369855580222],[-105.36482481479139,36.000751855770176],[-105.36425481444107,36.000561855106447],[-105.36330381442984,36.000466855262793],[-105.36263881419877,36.000561855199898],[-105.36135481323487,36.001488855894728],[-105.36071281327021,36.002724855560146],[-105.36057081395732,36.003556856290217],[-105.36029781394366,36.004090855831137],[-105.35927981354799,36.004251856144265],[-105.35895381372134,36.004158856356966],[-105.35878781316651,36.003508855971191],[-105.35843181277389,36.002558856105793],[-105.35755181244089,36.00229685572608],[-105.35629181251001,36.002320856010037],[-105.35565081251053,36.002629855954197],[-105.35538881213958,36.003532856378847],[-105.35505681210137,36.004198856634289],[-105.35501381281057,36.00424285687388],[-105.35411781262341,36.00384385645193],[-105.35392181251675,36.003647856388319],[-105.35370181219531,36.003429856207596],[-105.35338981209901,36.003118856225981],[-105.35310181220463,36.002682856755015],[-105.35278181170366,36.001983855909735],[-105.35277981161043,36.001977856531589],[-105.35224381192744,36.001685856542714],[-105.35220881120307,36.001665856518734],[-105.3506778112891,36.001514856815646],[-105.34949781054281,36.001241856843691],[-105.34901881081508,36.001084856802152],[-105.348305811016,36.000704856349408],[-105.34680880996365,36.000371856317742],[-105.34490780999995,36.000324856951117],[-105.34236380905287,36.000680856481807],[-105.34086680894777,36.000894856576807],[-105.33910780835721,36.000704856881121],[-105.3373968082235,36.000870857465621],[-105.33525780805371,36.001179857496375],[-105.33361780766077,36.001892857304043],[-105.33278580691238,36.002296857157901],[-105.3319068075896,36.002772857647727],[-105.33123480704919,36.003040857495421],[-105.33073380730795,36.004102858095671],[-105.32994880703423,36.005594857922468],[-105.32918080666028,36.007216858366917],[-105.32876180705898,36.0075628582115],[-105.32714980611019,36.007650858778831],[-105.32678780640671,36.007475858797093],[-105.32685880602894,36.006668858328318],[-105.32694480634022,36.005792858263661],[-105.32745480652363,36.005017858350712],[-105.32725180594862,36.003177857768911],[-105.32724180637737,36.003095857572909],[-105.32719980621596,36.002938857506109],[-105.32691480557862,36.002700858202452],[-105.32658280633977,36.002225857828869],[-105.32667780618307,36.001512858110488],[-105.32636880528085,36.000680857406344],[-105.32563180525845,36.000181857744465],[-105.32548880574518,35.999254857132087],[-105.32532280518065,35.998493857006615],[-105.32525180536926,35.997139857318771],[-105.32460980522349,35.996307857533182],[-105.32361180482441,35.996117856894173],[-105.32123480440269,35.99625985730605],[-105.32071180443587,35.996117857061734],[-105.31983180414022,35.996283857598158],[-105.31926180381474,35.996378857529798],[-105.31892180337414,35.996683857271542],[-105.31741180357832,35.997041857734317],[-105.31252580206279,35.997886858440786],[-105.30870380126166,35.998405858392125],[-105.30736380128542,35.999170858789697],[-105.30592480121204,35.99986685869861],[-105.3048658007455,36.000378859065748],[-105.303775800674,36.001266858844417],[-105.30379780081684,36.001525859134929],[-105.30374680025649,36.001575858753249],[-105.30375580067977,36.001646859339665],[-105.30369380051164,36.001726859447274],[-105.30307080046535,36.002247859306294],[-105.30207780028768,36.00194085954908],[-105.30157880054395,36.00191685936683],[-105.30115280058349,36.001865859729854],[-105.29945879947462,36.002442859543763],[-105.29842979950067,36.002973859888911],[-105.29817379937235,36.003472859608223],[-105.29825179943786,36.004023859915456],[-105.29831479969884,36.004474860093502],[-105.2974237998471,36.005262859730635],[-105.29644279936916,36.00544686020644],[-105.29643779913734,36.005445860160478],[-105.2961117993115,36.00536285993649],[-105.29485179939078,36.005505860330167],[-105.29421079849178,36.005814860274292],[-105.29188079844708,36.005933860518731],[-105.29086779829886,36.006277860305119],[-105.29019379767109,36.006607860323463],[-105.29005579848044,36.006719861016663],[-105.28853879753689,36.007946861215878],[-105.28785579741702,36.008569861300963],[-105.2878437977612,36.008580860911216],[-105.28729979777638,36.009077861453974],[-105.28673779784593,36.009450861656703],[-105.28602479722213,36.009924861145109],[-105.285897797638,36.009991861554354],[-105.28451179732549,36.010720861188361],[-105.28417279692007,36.010898861349446],[-105.28410879665519,36.01093286202692],[-105.28340479736227,36.011572862000421],[-105.28309479651126,36.011855861621889],[-105.28295979656401,36.012009861560159],[-105.28231479640574,36.012624862172196],[-105.28131079673228,36.013627861870631],[-105.28098779709495,36.014109862605977],[-105.28096579701908,36.014615862635651],[-105.28085279628917,36.014729862520575],[-105.28064279646726,36.014924862561472],[-105.28043979696987,36.015121862694443],[-105.28024579699053,36.015321862965713],[-105.28005979648282,36.015524862475978],[-105.27988179634613,36.015730863023933],[-105.27971079653406,36.015939862810946],[-105.27954879623995,36.016150862689926],[-105.2793937962705,36.016365862753631],[-105.27933179610349,36.016458862563326],[-105.27927079688232,36.016553862465564],[-105.27921379604807,36.016650862460097],[-105.27915879620598,36.016749862547044],[-105.27910579645679,36.016851862772633],[-105.27905579684678,36.01695486304434],[-105.27900779643035,36.017060862555418],[-105.27896279615311,36.017168863058188],[-105.27891979686812,36.017279862800294],[-105.27887879677672,36.017392862634821],[-105.27885879675469,36.017454862806517],[-105.27885879675476,36.01745586285282],[-105.27875179632512,36.017823862797904],[-105.27873379639901,36.017922862882706],[-105.27859679641118,36.018671863369846],[-105.27862379677903,36.01885386279551],[-105.27873979677213,36.019007863618583],[-105.27842279655518,36.019965862993949],[-105.27740679654474,36.023468864144974],[-105.27738179639626,36.024731864124789],[-105.27775079737833,36.025531864244286],[-105.27938379751423,36.025583863857747],[-105.28081579736832,36.026085864517498],[-105.28076379766097,36.026135864135888],[-105.28066579763016,36.026294864303303],[-105.28050679746454,36.026385864026103],[-105.28023779761558,36.026684864385459],[-105.27999279797073,36.026883864613438],[-105.27949079723479,36.027385864485751],[-105.27949779757469,36.027562864580574],[-105.27927779727477,36.02759186413639],[-105.27920279741099,36.02775686458007],[-105.27900979746762,36.027838864787803],[-105.27883979770733,36.02810886469905],[-105.27853879727091,36.028363864823199],[-105.27817379745744,36.028520864913482],[-105.2780007975505,36.028704864443277],[-105.27667779738378,36.028569864569178],[-105.27446079636394,36.029643864924729],[-105.27428279633305,36.031056865558085],[-105.27418679644853,36.031826865215827],[-105.27393779673477,36.033353865731691],[-105.27379979670926,36.034199865310839],[-105.27385379681037,36.037581866197513],[-105.27442579729515,36.038244866261955],[-105.27457779715991,36.038421866348401],[-105.27470579770851,36.038568865947568],[-105.27486279783722,36.039113866871908],[-105.27550479800627,36.040206866142391],[-105.27595679742689,36.040870866260079],[-105.27655979861491,36.043424866577951],[-105.2780277985693,36.046552867322177],[-105.27867579912485,36.048879867926807],[-105.27989679924382,36.051090867627892],[-105.2799807995406,36.051106868363298],[-105.2801397997422,36.051425867824534],[-105.28087679976701,36.051948867697341],[-105.28180380050063,36.052447868247448],[-105.28232680047394,36.052661868225549],[-105.2830398002483,36.052756868082952],[-105.28444180047309,36.052827867689324],[-105.28532080076637,36.053160867756525],[-105.2861768008555,36.053065867808286],[-105.2870088016269,36.052922867439229],[-105.28755480172499,36.052661867922623],[-105.28845880133841,36.05254286776055],[-105.28957580184584,36.052613867383428],[-105.29059780245591,36.052779867809797],[-105.29147680272835,36.052875867703811],[-105.29204780222381,36.053041867256987],[-105.29266580302938,36.053564868036048],[-105.29257080314862,36.053849867737554],[-105.29266580310662,36.054443867335131],[-105.29292680265077,36.054895867547891],[-105.29340180312059,36.055370867913076],[-105.29309280321138,36.055608868150422],[-105.29226180250302,36.055941868316779],[-105.29100180261148,36.056416867883165],[-105.29024080246782,36.056963868053842],[-105.28943280193222,36.057367867906414],[-105.28874380239785,36.057581868854058],[-105.28842480197187,36.057212867988156],[-105.28825180201343,36.056809868238695],[-105.28848880212361,36.055891868020758],[-105.28836080151795,36.055095868072506],[-105.28750280131891,36.054994867945986],[-105.28706480170753,36.0550108678123],[-105.28580380173197,36.055058868307526],[-105.2835488006772,36.055303868082213],[-105.28170380063891,36.055585868645643],[-105.28197780096286,36.058055868693309],[-105.28425480127481,36.058223869139468],[-105.28563480140649,36.058602868607935],[-105.28562580188944,36.058610868978555],[-105.28546080150075,36.059326868839825],[-105.28577680180213,36.059859869199656],[-105.28573580171766,36.060051869091879],[-105.28500780130835,36.060640869405184],[-105.28470880186447,36.060900868861232],[-105.28481580146681,36.061353869129142],[-105.28505580188701,36.062380868966535],[-105.28527580221129,36.062628869635915],[-105.28541280227815,36.062781869512101],[-105.28580680165149,36.062791869052575],[-105.28626780232445,36.062726869615872],[-105.28648580255944,36.063013869391767],[-105.28774880264368,36.063147869222988],[-105.28798480281098,36.06340686950103],[-105.28772980272285,36.063833869486324],[-105.28806680308669,36.064237869272588],[-105.28435880224464,36.065581869615976],[-105.28452980233045,36.068485869963908],[-105.28370680201398,36.069058870441808],[-105.28127980196267,36.069086870978637],[-105.28065480180663,36.069411870762906],[-105.28011580116349,36.070012870721158],[-105.28008180138551,36.070000871067236],[-105.2797878012327,36.069790870361643],[-105.27961480129889,36.069668871022458],[-105.27874280129063,36.068888870958311],[-105.27742680047669,36.067933870917244],[-105.27686380040342,36.067208870681839],[-105.2766928005545,36.066997870822171],[-105.27628180035362,36.066536870201716],[-105.27623980020206,36.066492870866384],[-105.27530079957307,36.063280869802753],[-105.27467379928183,36.063122869723607],[-105.2719187994775,36.064951870867191],[-105.27060979914988,36.065837870566092],[-105.26997579861403,36.066586871081945],[-105.2697837987221,36.066726871275122],[-105.26950579845828,36.067049870946718],[-105.26891679817899,36.067456870925433],[-105.26825979836561,36.068088871425438],[-105.26719379851568,36.069073871193986],[-105.26684979788709,36.069348871346648],[-105.26662579831438,36.069527871547358],[-105.26558579786455,36.070443871719327],[-105.26523579787153,36.070880872172879],[-105.26481379812886,36.071199871667794],[-105.26427979770402,36.071648871787851],[-105.2639277976066,36.071952872383314],[-105.26088079770362,36.073134872388017],[-105.25931479718166,36.074294873087617],[-105.25877079718866,36.074696872832355],[-105.25790979691536,36.075333872676254],[-105.25497979622099,36.077447873526111],[-105.25248879603717,36.079016873417132],[-105.2523057956608,36.079131873352438],[-105.25164979590707,36.079914873644043],[-105.25068979558755,36.081061874606306],[-105.2496637957814,36.081919874792035],[-105.24971879581956,36.084047874317839],[-105.24937279609486,36.085426875186435],[-105.24837379583508,36.087349875181403],[-105.24876679619513,36.088876875659864],[-105.24900979586263,36.089987875786122],[-105.24888179622445,36.089966875721245],[-105.24850679593641,36.08999787537865],[-105.24850579597624,36.090975875660874],[-105.24811879603141,36.091005876171991],[-105.2472087961139,36.090830876222135],[-105.24681279574112,36.090737875539645],[-105.24601379557036,36.090549875881216],[-105.24590079577902,36.091108875670223],[-105.24346579532919,36.090825876208086],[-105.24240579478995,36.091038876231735],[-105.24183179435543,36.092001876752569],[-105.24014479443778,36.092211876673815],[-105.23967379432992,36.093743876534539],[-105.2397287942913,36.094998877038769],[-105.2408917951803,36.095616876785385],[-105.24192679461433,36.096008876875224],[-105.24193379503814,36.097136876902368],[-105.24195679529235,36.098131877070387],[-105.24229479569719,36.098472877539052],[-105.24339779553773,36.098334877385525],[-105.24393179601881,36.09852487715186],[-105.2438077956855,36.098717877095233],[-105.24335179536781,36.10018587759123],[-105.2433547955192,36.100325877773081],[-105.24313179599609,36.100541877886975],[-105.24295979631449,36.10275487776115],[-105.24294879590005,36.103835878312751],[-105.24294579578569,36.104114877731369],[-105.24294579579177,36.104183878225726],[-105.24414979585951,36.104537878346235],[-105.24430079656562,36.104581877675216],[-105.24451779676257,36.104961878156629],[-105.24462279624861,36.105144878523291],[-105.2436037958018,36.105256878368344],[-105.24357479627092,36.105419877817539],[-105.24356679590377,36.105460877916251],[-105.24346579666897,36.106023878788918],[-105.24309079647263,36.107093878852751],[-105.24311579674415,36.107233878133954],[-105.24319479594813,36.107682878218476],[-105.24323079673522,36.107888878753933],[-105.24389279687293,36.108307878315877],[-105.24468179657021,36.108380878949518],[-105.24637979700888,36.108298878654381],[-105.24638579728742,36.108304878931563],[-105.24639879705404,36.109024878967517],[-105.24636679756898,36.111281879070589],[-105.24581179715032,36.112636878840817],[-105.24559179788109,36.114153879791409],[-105.24555079778204,36.114179879198126],[-105.24492479757642,36.11446887911552],[-105.24453779765442,36.114757879918415],[-105.24435879749156,36.115190879277613],[-105.24389979691364,36.115283880009741],[-105.24288479667183,36.11561788023316],[-105.24164479680033,36.116010879601966],[-105.24144279644122,36.116107879604911],[-105.23840079579483,36.116431880382791],[-105.23779679579459,36.117685880878952],[-105.23780279607433,36.117704880858348],[-105.23759779558908,36.117947880421724],[-105.23743079599998,36.118581880985829],[-105.23750979610553,36.11905588042832],[-105.23723879616402,36.119354880787768],[-105.23826079590654,36.119876880597531],[-105.23906879652196,36.120376881200549],[-105.23980579654513,36.12087588086213],[-105.24080379697415,36.121398880719539],[-105.24158779734098,36.121493880572665],[-105.24230079713452,36.121802880438288],[-105.24284779735019,36.122348880486705],[-105.24391679746168,36.122752881129585],[-105.24441179795298,36.123155880860267],[-105.24455879850228,36.123522880744225],[-105.24476779834104,36.124043880555014],[-105.24455879856156,36.124193881211816],[-105.24374779790254,36.124774881159837],[-105.2436177981817,36.12486788097354],[-105.24291079783109,36.125284881421862],[-105.24269579777153,36.125411881014891],[-105.24270979752299,36.125434881178876],[-105.24287279790622,36.125708881255754],[-105.24344279832471,36.126664881386198],[-105.24354779782398,36.126997881498191],[-105.2435597983837,36.127038881595773],[-105.24375179834171,36.127646881835339],[-105.24376579809494,36.127689882025344],[-105.24359179815971,36.128076881953987],[-105.24325879808204,36.128816882035942],[-105.24315679785158,36.128813881903064],[-105.24227679847816,36.129241881971041],[-105.24225379831324,36.129259881905803],[-105.23960279781399,36.129744882015999],[-105.2402987979559,36.132733882668397],[-105.24052279756879,36.133009882834244],[-105.24054179755721,36.133091883029685],[-105.24077979788282,36.134090882470858],[-105.24073279848885,36.135064882570589],[-105.24054179776523,36.135444883075657],[-105.24037579824012,36.136276882907794],[-105.24006679839185,36.137203883546192],[-105.23944879861128,36.138106883092213],[-105.23873579801932,36.138938883855488],[-105.23849779786401,36.139865883590481],[-105.23890179865398,36.140483883381002],[-105.23975779880426,36.141077883833574],[-105.23989079868474,36.141217884007787],[-105.24060779878005,36.142842884504546],[-105.241541799012,36.144163884413672],[-105.2443667995187,36.144108884402577],[-105.24657480021186,36.144059883805618],[-105.24808780112927,36.144639883572125],[-105.24971180090166,36.145291883965413],[-105.25241880136215,36.145532884165988],[-105.25422980258749,36.145978884010802],[-105.25449380227056,36.146425883991846],[-105.25470780240435,36.147661883607476],[-105.25603880296605,36.148065884234953],[-105.2571798027474,36.147685883674569],[-105.25853480345039,36.147281883790036],[-105.25935380361888,36.147132884043302],[-105.25946280328721,36.147280883689689],[-105.26023680411924,36.147706883568866],[-105.26101680429635,36.147752883852995],[-105.26167580427283,36.147919883447145],[-105.26191780381669,36.148151883374872],[-105.2620328037613,36.14827988389424],[-105.26138680441046,36.148374883830535],[-105.26064980355103,36.1485888838818],[-105.2610068039406,36.14896888345563],[-105.26198080412533,36.149135883930725],[-105.26217080399161,36.149753883733645],[-105.26262280430163,36.150299883787511],[-105.26266980476109,36.151203884240296],[-105.26316880453855,36.151607884016855],[-105.26325080474348,36.151632884269418],[-105.26338880489209,36.152183884572871],[-105.2636268052057,36.15304588397067],[-105.26430980541441,36.153431884702414],[-105.26499380564326,36.153520884283644],[-105.26534980501398,36.153074884312694],[-105.26567680575985,36.152866884562926],[-105.26628280595929,36.152819884151739],[-105.26694880537346,36.153128884019935],[-105.26861180596865,36.152819884016061],[-105.2689008058821,36.152941884247738],[-105.26973880610136,36.153578883992658],[-105.27072780705747,36.154606883832216],[-105.27190280671259,36.155320884422004],[-105.27310080744378,36.156149884035713],[-105.27298580752716,36.156337884646476],[-105.27264180690121,36.156640884295918],[-105.27229680709979,36.1566228843826],[-105.27180380675429,36.156819884532474],[-105.27146180710558,36.156956884595523],[-105.27121780750585,36.157139884083179],[-105.27096980682165,36.157325884609186],[-105.27083380688261,36.158093884176374],[-105.27083680706825,36.158619885129667],[-105.27048780711901,36.159025885048152],[-105.27052580714867,36.159785885134418],[-105.27053080738857,36.159877884893952],[-105.27057280754147,36.159936884923255],[-105.27075380695845,36.160190884972984],[-105.27148280749138,36.160476884672711],[-105.27124580736363,36.161189885298448],[-105.2712458073638,36.161191885391005],[-105.27114680730629,36.161570884945043],[-105.27109980784243,36.161753885320536],[-105.27142080746187,36.16211988514803],[-105.27288980809462,36.162200885212641],[-105.27379180852228,36.162166885385659],[-105.27421380829243,36.162159885037191],[-105.27449880806689,36.162804885184386],[-105.27451480791233,36.162841885096618],[-105.27409980852086,36.163460884981042],[-105.27400580871173,36.164028885185196],[-105.27394280852384,36.16440788563645],[-105.27370480831139,36.16468788511493],[-105.27211680758384,36.16487588581154],[-105.27092280805562,36.165381885909269],[-105.26991280713722,36.16561288586373],[-105.26926780699111,36.166358886241348],[-105.26936480790192,36.16650588584222],[-105.26946980738583,36.166663885951493],[-105.26987080803562,36.167267885993674],[-105.27084680831278,36.167431886329787],[-105.27124080771344,36.167748885684581],[-105.27118680796912,36.168426886479018],[-105.27116580791855,36.16868888601136],[-105.27128180798216,36.169635886650852],[-105.27132380813347,36.169676886746608],[-105.27186980830086,36.170198886583833],[-105.27260880843303,36.170880886617738],[-105.27408080927424,36.17174388688904],[-105.27500580896964,36.171715886439031],[-105.27672680954296,36.171276885813029],[-105.27790681023075,36.170880886308773],[-105.27830380969327,36.170327885881662],[-105.27842981004,36.169241885991717],[-105.27915880963263,36.169065885900373],[-105.27967181003883,36.169242885965602],[-105.27996981038116,36.169497886054792],[-105.28019781017703,36.169745885824241],[-105.28059081043476,36.170108885508625],[-105.28112981027581,36.170608886127006],[-105.28121581067087,36.170687886179735],[-105.28235681048173,36.170642885829864],[-105.28413781114105,36.17024288610547],[-105.28511781152821,36.169557885832539],[-105.28617581099033,36.168387885599294],[-105.28655481138652,36.167487885306784],[-105.28741781180781,36.167479884886362],[-105.28832181144161,36.167590885472521],[-105.28889081176108,36.167949884961651],[-105.28945181262151,36.168448885532442],[-105.2894618121864,36.168457885048937],[-105.28947981212265,36.168473884888819],[-105.29034181251448,36.168656885211298],[-105.29165681230207,36.168693885047759],[-105.2928558130325,36.168991885275211],[-105.29311681347335,36.16940988481393],[-105.29313081326349,36.169868885364707],[-105.29244481304268,36.170913885189016],[-105.29239481343036,36.170989885110785],[-105.29226381279369,36.171418885181389],[-105.29212281349511,36.17187988583369],[-105.29221681344218,36.172867885673291],[-105.292217813489,36.172872885904525],[-105.2924168128621,36.173366885365844],[-105.29253181371999,36.173651885954314],[-105.29308981355737,36.174322885489794],[-105.2931098135869,36.174345885653374],[-105.29365181358197,36.175014885996589],[-105.29365681381422,36.175020886273899],[-105.29346081378002,36.17564488637678],[-105.29311081377217,36.175910886113407],[-105.2927048138874,36.176404886509282],[-105.2925868138278,36.176547885937566],[-105.2924218133939,36.176747886207103],[-105.29282581328484,36.177367886089968],[-105.29371481406216,36.177928885912806],[-105.29414381415222,36.177871885948576],[-105.29434581451756,36.177845886532538],[-105.29452081453125,36.177822886357546],[-105.29548681421952,36.176573886071935],[-105.29622181404464,36.17588588567456],[-105.29624781434748,36.17585488603742],[-105.29661181409074,36.17543088528533],[-105.29696181408613,36.175023885320549],[-105.29733681431244,36.174298885930291],[-105.29736281460892,36.174196885706245],[-105.2975078140838,36.173633885730538],[-105.29765081436608,36.173078885225777],[-105.29840181492492,36.172302885252719],[-105.29922081506727,36.171860885439912],[-105.29957981459927,36.171666884537288],[-105.29959181515234,36.171632884762232],[-105.29987481470575,36.170830884512824],[-105.29990381514322,36.170750884407163],[-105.29999881496995,36.169859884547733],[-105.30005581486606,36.169325885019532],[-105.29983081423096,36.168187884542967],[-105.29976381469332,36.167848884151283],[-105.29943081452328,36.167543884448847],[-105.29868281397374,36.16685788423046],[-105.29865481447244,36.166830883882263],[-105.29794181377646,36.166485884149992],[-105.29615881388214,36.1664148845664],[-105.29537481354284,36.166628884620401],[-105.29447181307432,36.166723884571638],[-105.29409181336061,36.165701884074991],[-105.29544581313667,36.165511884198828],[-105.29520881290992,36.165107884407028],[-105.2964448134835,36.164584884419675],[-105.29737781352397,36.164268884134472],[-105.29734881398973,36.164392883577833],[-105.29705581394354,36.164864883848651],[-105.2970778131795,36.165034884517986],[-105.29730281374512,36.16538988384206],[-105.29801181424148,36.165573884219704],[-105.29879881383867,36.165564883757412],[-105.29896081414249,36.16546588366424],[-105.30043781425186,36.165606883806333],[-105.30122181459747,36.165463884339232],[-105.30183981442833,36.165131884231442],[-105.30187681432183,36.164878884215234],[-105.30233881504194,36.164822883396077],[-105.30245781510992,36.164251883951067],[-105.30343681461297,36.164261883457314],[-105.30365481485518,36.164627883290692],[-105.30427981504351,36.164668883352533],[-105.30447681523013,36.16524088372465],[-105.30503081575704,36.16563688402713],[-105.30530781511339,36.165747883750569],[-105.30573781527404,36.165963883826322],[-105.30645081594569,36.166034883472321],[-105.30809081639724,36.16598688385389],[-105.30918381666879,36.165796883093556],[-105.31022981652511,36.165202883429728],[-105.31060981699692,36.164632883116475],[-105.31068181669818,36.164204883095621],[-105.3110138167379,36.163562883051348],[-105.31139481637987,36.163253883122167],[-105.31153681663758,36.162944883206954],[-105.31127581624226,36.163039883120824],[-105.31017981671265,36.163022883297572],[-105.31058681660906,36.162136882751923],[-105.31172681636477,36.161993883263982],[-105.31198881676643,36.161447883168684],[-105.31213081701148,36.160995882932738],[-105.31177481668301,36.160781882945216],[-105.31194081626273,36.160567882927168],[-105.31282081656674,36.16049688228896],[-105.31379481672184,36.160330882646001],[-105.31438881725161,36.160139882767801],[-105.31517381762035,36.159735882017159],[-105.31552981701584,36.159569882410203],[-105.31588681732313,36.159022882263073],[-105.31567781750063,36.158685881972232],[-105.31569681747793,36.158642881780303],[-105.31574381692636,36.158285882347826],[-105.31596481728825,36.158433881987676],[-105.31605281688813,36.158642881759548],[-105.31652881741104,36.159189881858119],[-105.31714881744223,36.160071882158775],[-105.31811481814711,36.16014588192882],[-105.31824381775462,36.159297882258187],[-105.31852481819529,36.159403881750045],[-105.31865381787939,36.159419881583453],[-105.31880981798621,36.160234882408673],[-105.31921381786641,36.160734882135571],[-105.31971281852211,36.160900882592031],[-105.32002181843954,36.160757882253243],[-105.32000881872874,36.160670881826178],[-105.3200348181353,36.160674882009694],[-105.32019681846802,36.160901881710735],[-105.32028081876602,36.160931882194475],[-105.32072081849479,36.1611938825992],[-105.32097081839174,36.161227882359036],[-105.32150081867424,36.161268882426398],[-105.32180681847102,36.161332881772211],[-105.3221718191885,36.161229882381541],[-105.32248381924092,36.161041881759282],[-105.32291081920282,36.160584882174689],[-105.32304581916621,36.160614881756182],[-105.32327681908353,36.160665882303626],[-105.32382281918524,36.160447882078394],[-105.32457681902574,36.160145881552026],[-105.32494781918044,36.160702882119345],[-105.32502481915071,36.160695881790993],[-105.32572781934668,36.160628881348153],[-105.32572781934543,36.160614881599798],[-105.32584981960343,36.160618881777737],[-105.32600681966716,36.160424881786248],[-105.32604381956916,36.160267881714958],[-105.32590481941155,36.160137882003816],[-105.32584981954764,36.159989881454941],[-105.32589581987008,36.159869881296331],[-105.32583081954273,36.159721881647371],[-105.32567981973122,36.159623881618721],[-105.32562881913145,36.159228881333249],[-105.32556881990713,36.158764881453202],[-105.32622581978836,36.158903881550543],[-105.32738981982233,36.159498881131796],[-105.32848382011689,36.159046881739663],[-105.32922082003881,36.158404881671743],[-105.32926782036974,36.157858881588986],[-105.32872082015606,36.15733588080635],[-105.32867381972402,36.156741881206273],[-105.32807982007665,36.156741881240912],[-105.32780882008545,36.156477880733767],[-105.32819882015947,36.156337881428378],[-105.32850782004951,36.155885881182705],[-105.328649820263,36.155077880664024],[-105.32850781992522,36.154483881069446],[-105.32862581991733,36.153579880607246],[-105.32872081977472,36.153033880521704],[-105.32852081948926,36.152914880423673],[-105.32853581924415,36.152453880678046],[-105.33027581979064,36.151927880522607],[-105.33362882042583,36.151232879648781],[-105.33586182132784,36.150624879268065],[-105.33711482082906,36.149409879639585],[-105.3388868219135,36.148369879084093],[-105.34195782206342,36.147588878744536],[-105.34319382253078,36.145869878282241],[-105.3466228231122,36.145420877993523],[-105.34870382322865,36.144395878114068],[-105.34871282364537,36.144391877928427],[-105.34892882374193,36.144160878020386],[-105.35167082374467,36.141240877663243],[-105.35450282433953,36.13853187717045],[-105.35589582404756,36.13747987698126],[-105.35764582498682,36.136158876016957],[-105.35764682503313,36.136157875970675],[-105.35814582473681,36.13573087597122],[-105.35935782505511,36.134731875546663],[-105.35978582504909,36.134113875707932],[-105.3598808248728,36.133186875981586],[-105.35959582511562,36.132735875816792],[-105.35935782486791,36.132616875721027],[-105.35912082463921,36.132188875718207],[-105.35907282418404,36.131855875603037],[-105.35957182474499,36.130952875164866],[-105.3591268247601,36.130412875388366],[-105.35984482460667,36.128706874658413],[-105.36109682492896,36.127130874515913],[-105.36191882515759,36.126093874154598],[-105.36271382501528,36.124841874639664],[-105.36436382492124,36.123558873640704],[-105.36632382569761,36.122215873445079],[-105.36962982572685,36.118963872983485],[-105.37106882582226,36.118526872466745],[-105.37240082634685,36.11799487295692],[-105.37277882676307,36.117843872244045],[-105.37309382695997,36.1177178726915],[-105.37414182670879,36.114860871750572],[-105.37393782610351,36.113219872282876],[-105.37264382620781,36.111117871335203],[-105.37264482625316,36.111106871725504],[-105.37273982611482,36.110607871116514],[-105.37285882617041,36.109894871397067],[-105.37297682619641,36.109371871474906],[-105.37295182593198,36.109312871444672],[-105.37319882567807,36.10921287130035],[-105.37334682622813,36.109064871638978],[-105.37330982538916,36.108796870933126],[-105.37333682572391,36.108602870949227],[-105.3734568258708,36.108398871396609],[-105.37365182590005,36.108241871316125],[-105.37388282580066,36.108103871213245],[-105.37402982631095,36.108029871378335],[-105.37388282576303,36.107677871289184],[-105.37380882591488,36.107493870874485],[-105.37383582535517,36.107354870737261],[-105.37396582597447,36.107252871406509],[-105.37412282605705,36.107271871377108],[-105.37435382597711,36.107354870707127],[-105.37440882582945,36.107372870637363],[-105.37457582636394,36.107261870888109],[-105.37455682637219,36.107141870733273],[-105.37439982628803,36.107104870829183],[-105.37424282619827,36.107003870662126],[-105.37423382577953,36.106984870682901],[-105.37429882607493,36.106772870763329],[-105.3742518256866,36.10667087054361],[-105.37400282585126,36.106809870693752],[-105.37391982560798,36.106873870961628],[-105.37360482538195,36.10667087058124],[-105.37337382545529,36.106513870525532],[-105.37316182551963,36.106467871107633],[-105.37288382522827,36.10647687064089],[-105.37268982523719,36.106541870961443],[-105.37258082558084,36.106528871265674],[-105.37254682580466,36.106536870738431],[-105.37249882537799,36.106525871131637],[-105.37245982536767,36.106506871154167],[-105.37241582512704,36.106503871017928],[-105.37236982569213,36.106489871272224],[-105.37231082565498,36.106477870720447],[-105.37224382524751,36.106470871299827],[-105.37217482564674,36.106464871026226],[-105.37209582558219,36.106453870521854],[-105.3720598257118,36.10644487100695],[-105.37201282533056,36.106423870937377],[-105.37197982559847,36.10640687105213],[-105.37194282568072,36.106386871028306],[-105.37190682490969,36.106362870819311],[-105.37186882494521,36.10633787056419],[-105.37183182502694,36.106311871162085],[-105.37179082492349,36.106287870953437],[-105.37175082486661,36.106265870837241],[-105.37170882561676,36.106248870952484],[-105.37166682546787,36.106234871206503],[-105.37162882550452,36.106222870653568],[-105.37158982549536,36.106216871277553],[-105.37152382513328,36.106198871347907],[-105.37147382551271,36.10618187056432],[-105.37143982483387,36.106152871023227],[-105.37141382542863,36.106163870634326],[-105.37140182487293,36.106167870820116],[-105.37137782555611,36.106130870908302],[-105.37136382490498,36.106103870559288],[-105.37135182524565,36.106074871016922],[-105.3713438248722,36.106043870482459],[-105.37134182477668,36.1060118708007],[-105.37133982468116,36.105979871118947],[-105.37133482534571,36.105944871298639],[-105.37132482487895,36.105906871339762],[-105.37131082512593,36.105866871288562],[-105.37129282518737,36.105823871098842],[-105.37128482481521,36.105807871258392],[-105.37126282469225,36.105775870678478],[-105.37124582480138,36.105748871228954],[-105.37121682525189,36.105700870808526],[-105.37118882484948,36.105652871287361],[-105.37118682475625,36.10564687100986],[-105.37117182495912,36.105631871216055],[-105.3711438254585,36.105611871191705],[-105.37110982478073,36.105594871306515],[-105.37107682504856,36.105576870475623],[-105.37104582540859,36.10555387121196],[-105.37101882505426,36.105525870817459],[-105.37099982507038,36.105494871182955],[-105.37097982504008,36.105462870602942],[-105.37095182463629,36.105399871287148],[-105.37094082502333,36.105370870845391],[-105.37092782531775,36.105342870450016],[-105.3709188248976,36.105307870629893],[-105.37091182457047,36.105276870994665],[-105.37090882532981,36.105265870485951],[-105.37090182500313,36.105239871082091],[-105.37088682520512,36.105214870825627],[-105.37087982487986,36.105204871262686],[-105.37085982484912,36.105167870451396],[-105.3708418249104,36.105123871114692],[-105.37082782515701,36.105078870832187],[-105.37082082482816,36.10502887121725],[-105.37080382493599,36.104986871073727],[-105.37078882513619,36.104940870745033],[-105.3707808247641,36.104925870950865],[-105.37076582496564,36.104895870463061],[-105.37073582447134,36.104856870459102],[-105.37070882501483,36.10481187107667],[-105.37067482523389,36.104766870795331],[-105.3706418245995,36.104715871135653],[-105.37060582472522,36.104662870484333],[-105.37057182494357,36.104609870732212],[-105.37053882520814,36.104554870887434],[-105.37051082480566,36.104506870467006],[-105.37048682458851,36.104457870899303],[-105.37044282434323,36.104401871008974],[-105.37043082468244,36.104355870680095],[-105.37042782453925,36.104308870304408],[-105.37043282476705,36.104264870966439],[-105.37044082513444,36.104226871006503],[-105.37045082469533,36.104190871138996],[-105.37046082515627,36.104162870742307],[-105.37045982510666,36.104125870829144],[-105.37046082515282,36.104123870736586],[-105.37049682501994,36.104095870338355],[-105.37052682460902,36.104067870839799],[-105.37055782514354,36.104036870303098],[-105.37059282496445,36.104009870850511],[-105.37063582515674,36.103990870868344],[-105.37067282507121,36.103973870978933],[-105.3707118250787,36.103960870375218],[-105.37074882499365,36.103949870763508],[-105.37079282523277,36.103935871012503],[-105.37082982514791,36.103926870594009],[-105.3708648249703,36.103916871028645],[-105.37090182488602,36.103913870887688],[-105.37093982484755,36.103905870515312],[-105.37098482513457,36.103909870697748],[-105.37102082500398,36.103906870556862],[-105.37106682443748,36.103904870461697],[-105.3710838252249,36.103900870275631],[-105.37108982460389,36.103903870414094],[-105.3710888245573,36.103900870275353],[-105.37109982506684,36.103898870182171],[-105.37113982512136,36.103893870847806],[-105.37116682457209,36.103872870774005],[-105.37119782510743,36.103851870699899],[-105.37122382451054,36.103816870877786],[-105.37123982524872,36.103779870963642],[-105.37125182490216,36.103741871003486],[-105.37124582462049,36.103700870905612],[-105.37123482500671,36.103662870946813],[-105.37121482497589,36.103624870988497],[-105.37119482494499,36.103586870130883],[-105.37117282482134,36.103546870979514],[-105.37114482441959,36.103506870929117],[-105.37111782496291,36.103459870554893],[-105.3710958248392,36.103419870504155],[-105.37109282469956,36.103412870180456],[-105.371059824965,36.103367870798394],[-105.37101782481399,36.103329870841435],[-105.37098382503466,36.103302870493522],[-105.37094082483769,36.103268870721664],[-105.37090282487272,36.103238870235174],[-105.37087382442614,36.103215870971404],[-105.37084782501773,36.103190870715579],[-105.3708188245707,36.103162870321199],[-105.37079182511535,36.103130870640918],[-105.3707648247607,36.103099870107549],[-105.37074082454559,36.103073870704684],[-105.37071982446945,36.103047870402314],[-105.3707128250436,36.103038870885648],[-105.37070282457897,36.103024870238521],[-105.37069182496444,36.102978870808919],[-105.37068782477546,36.102937870710875],[-105.37068582467894,36.10289387047392],[-105.37069782433072,36.102837870580338],[-105.37069682428167,36.102806870045477],[-105.37069982441821,36.102778870548526],[-105.37069082489711,36.102740870589592],[-105.37068882480084,36.102699870491435],[-105.37067682424093,36.102656870301374],[-105.37066482458178,36.10262987085153],[-105.37064982478287,36.102594870132442],[-105.37063082479897,36.102562870451692],[-105.370614824954,36.102530870770771],[-105.37059082473847,36.102500870283464],[-105.37056082424451,36.10246587046462],[-105.37052182423341,36.102437870070737],[-105.37048082502885,36.102408870530063],[-105.37043382464788,36.102390870599308],[-105.37043182455504,36.10238887050695],[-105.37048082502081,36.102317870816506],[-105.37049982498156,36.102086870020543],[-105.37048882447095,36.102076870457864],[-105.3705158248214,36.102060870615354],[-105.37054882454932,36.102030870124807],[-105.3705958249257,36.101996870347641],[-105.37063582497808,36.101967870802255],[-105.37066882470567,36.101933870126665],[-105.37070882475766,36.101899870349939],[-105.37072782473474,36.101853870019248],[-105.37074482461871,36.101802870356678],[-105.37075482417862,36.101755869980224],[-105.37077082491565,36.101705870363986],[-105.37078382461506,36.101663870218729],[-105.37079782435909,36.101602870093664],[-105.37081382419733,36.101558869855666],[-105.37082282461,36.101508870239847],[-105.37084782486426,36.101452870345447],[-105.37086682484134,36.101406870014792],[-105.37088282467906,36.101356870398568],[-105.37089782447075,36.101310870068055],[-105.37091782449404,36.101262870544112],[-105.37094082465551,36.101205870603621],[-105.3709638248182,36.101162870411464],[-105.37097982465619,36.101115870034732],[-105.3710008247253,36.101062870279357],[-105.37101882465564,36.101011870616794],[-105.37103382444755,36.100967870378831],[-105.37103282439755,36.100926870280624],[-105.37103982471928,36.100896869791583],[-105.37103982471804,36.100882870043222],[-105.3710448249487,36.100870870387034],[-105.37105382446337,36.100835870565845],[-105.37107382448794,36.100802869937262],[-105.37110982435611,36.100786870094232],[-105.37113982484549,36.100769870205298],[-105.37118382418274,36.100726870011918],[-105.37121482471778,36.100701869752768],[-105.37124682440034,36.100682869771255],[-105.37127982502894,36.100667869974671],[-105.37133382483134,36.100644869806722],[-105.37136182432894,36.100630870056662],[-105.37138482449492,36.100624869777796],[-105.37140982475155,36.100595870233278],[-105.37143482500908,36.100576870252084],[-105.37145482503435,36.100551869993609],[-105.37146982482803,36.100527869781665],[-105.3714888248075,36.100508869800848],[-105.37151782435124,36.100491869911927],[-105.37154082451588,36.100470869838354],[-105.37156182458712,36.100441870294077],[-105.37159482431547,36.100415869988566],[-105.37162482480325,36.100380870166163],[-105.37165082510568,36.100345870343979],[-105.37168082469431,36.100312869714806],[-105.37170482490357,36.100271869615142],[-105.3717258249749,36.100243870117119],[-105.37173182435292,36.100235869746669],[-105.37176082479421,36.100198869831758],[-105.37177482454196,36.100179869851274],[-105.37179082438223,36.100158869778049],[-105.37181582463789,36.100118869724639],[-105.37184482507865,36.100075870431439],[-105.37186882438849,36.100033870285557],[-105.3718968247827,36.099988870000594],[-105.37192682437126,36.099954870224508],[-105.37193082455374,36.099921869596834],[-105.37193982496817,36.099891870006928],[-105.37194682439181,36.099875870165619],[-105.37195182462243,36.099863869610161],[-105.37196282512964,36.099834870066459],[-105.37197482478267,36.099792869921259],[-105.3719848243432,36.099752869868645],[-105.37199282471033,36.099711869769919],[-105.37200282427087,36.099671869717376],[-105.37201482482371,36.099634869803531],[-105.37202782452363,36.099598869935797],[-105.37204082512278,36.099561870021866],[-105.37205482486904,36.099525870154139],[-105.3720588250534,36.099514869644956],[-105.37206782456906,36.09949087033273],[-105.37208082426915,36.099456869658248],[-105.37209282482242,36.099424869975664],[-105.37210382443035,36.099396869578968],[-105.37211582498406,36.099369870127695],[-105.37212782463837,36.099341869730907],[-105.372143824476,36.099290870068401],[-105.37212982472272,36.09924786987844],[-105.372113824881,36.099251870064414],[-105.37209482489853,36.099236870270843],[-105.37204182424092,36.099234870181412],[-105.37198282420579,36.099245869794437],[-105.37194882442991,36.099257869452302],[-105.37192582426313,36.099254870214153],[-105.3719238250698,36.099254870214274],[-105.37186782427203,36.099239869523515],[-105.37186482503232,36.099239869523686],[-105.37184982433682,36.099234870192582],[-105.37180782418793,36.099220869547274],[-105.37176382484557,36.09920586975521],[-105.37171882455783,36.099193870101949],[-105.37167182417757,36.09918386964204],[-105.37162582474257,36.099168869850018],[-105.37157882436166,36.099150869919271],[-105.37154182444444,36.099136870173034],[-105.37150382448,36.099112869964216],[-105.37145982423776,36.099090869848226],[-105.37143082469164,36.099080870286592],[-105.37139782405968,36.099057870123723],[-105.37137082460494,36.099032869867983],[-105.37134982452866,36.099004869473063],[-105.37132782440601,36.098976869977506],[-105.37130382419041,36.098945869444037],[-105.37128282411395,36.098915869855944],[-105.37126082489027,36.098883870175356],[-105.37123482458182,36.098850869549381],[-105.3712078242269,36.098815869730331],[-105.3711758245398,36.098783870050347],[-105.37114282480663,36.09875486960987],[-105.37110582398883,36.098725870068968],[-105.37106882407043,36.098698869721225],[-105.37103582433767,36.09867386946587],[-105.37100882398406,36.098653869441385],[-105.37097382415901,36.098633869417448],[-105.37095982440896,36.098626869993744],[-105.37094782475128,36.098616869531782],[-105.37089982432322,36.098589870083991],[-105.37085582408092,36.098567869968093],[-105.37081382393167,36.09854987003704],[-105.37077482392129,36.09852987001333],[-105.37073982409598,36.098506869850596],[-105.37070682436327,36.098482869641423],[-105.37067282458391,36.098454870146639],[-105.37063882390498,36.098424869659937],[-105.37060182398693,36.098400869451041],[-105.37056182393009,36.098379869381098],[-105.37055082431888,36.098370869864695],[-105.37056482405939,36.098269869687606],[-105.37053682455614,36.098220870120208],[-105.37052782413772,36.098204869380488],[-105.3704168243849,36.098148869494047],[-105.37024082431073,36.098010869414836],[-105.37000982438971,36.097917869622158],[-105.36985282430882,36.097917869631281],[-105.36969582423127,36.097954869553625],[-105.36935382366725,36.097908870143229],[-105.36917782360274,36.097880869757375],[-105.36898382360434,36.097862869835168],[-105.36881782400489,36.097853869428405],[-105.36866082392565,36.097871870270346],[-105.36845682347268,36.097954869625667],[-105.36832782379905,36.098056869855633],[-105.36826282349875,36.098213869928571],[-105.36821682407407,36.098315870153748],[-105.36821682408873,36.098481869739928],[-105.36825382402019,36.098657869786692],[-105.36827182397214,36.098851869767962],[-105.36826782379086,36.098897870097744],[-105.36825382405443,36.099045869751343],[-105.36818482355741,36.099073870151472],[-105.36811482391323,36.099100870505382],[-105.3678938235809,36.099285870084159],[-105.36783982379201,36.099461870136182],[-105.36783782369939,36.099462870182549],[-105.36741482388521,36.09949386984276],[-105.3673488235242,36.099487870468316],[-105.36735282369693,36.099344870147362],[-105.36736082403716,36.098999870372992],[-105.36728082391393,36.098848869686783],[-105.36725782372919,36.098642870049908],[-105.36700182353862,36.098431870195235],[-105.36648982317411,36.098198870236963],[-105.36646782305216,36.098178870212259],[-105.36643982354298,36.098061870196744],[-105.36634982296185,36.097973869727845],[-105.36624682357818,36.097899869907458],[-105.36587282330697,36.097593870161091],[-105.36576282268169,36.097316869942368],[-105.36568182341635,36.097221870048415],[-105.3655828233164,36.097121869924194],[-105.36546782337697,36.097051870289555],[-105.36541482271767,36.097029870174168],[-105.36516982303382,36.09678486964517],[-105.36515482322902,36.096682870322844],[-105.36513082301087,36.096622870246215],[-105.36511182302586,36.096578870010326],[-105.36511582320132,36.096466870224248],[-105.36514182259728,36.096350870251833],[-105.36514382268804,36.096328870133199],[-105.3651558232346,36.096220869632425],[-105.36522782296315,36.096099869425991],[-105.36528682299006,36.09599587000686],[-105.36538882321146,36.095896869917219],[-105.36545382261686,36.095789869459637],[-105.36550582321881,36.095686870087164],[-105.36552382314368,36.095573869354688],[-105.36551382266951,36.095451870006102],[-105.36550182300239,36.095334869989657],[-105.36546682317099,36.095242869332495],[-105.3654158225948,36.095112869616209],[-105.36534982312121,36.094971869391777],[-105.36529182311712,36.09480986999403],[-105.36523182302398,36.094688869795313],[-105.36521482312925,36.094617869209401],[-105.36845282386966,36.094362868914565],[-105.37002982408261,36.094126869595371],[-105.37281882466917,36.093516869090145],[-105.37368782441686,36.092919868398646],[-105.37361282450743,36.092566869158368],[-105.37361182446102,36.092565869112107],[-105.37323182378287,36.090798868321627],[-105.37327182382985,36.09070786860574],[-105.37333982425629,36.090404868073087],[-105.37325382381243,36.089771868469533],[-105.37322182409766,36.08942586865119],[-105.37315082440143,36.089387868695908],[-105.37330082397129,36.087271867915589],[-105.37277282370789,36.086394867840674],[-105.3722768231015,36.085208867856998],[-105.37328082368124,36.08429486777986],[-105.37344082387027,36.083944867765375],[-105.37354882345834,36.08370886763219],[-105.37380982381156,36.083136867233385],[-105.37388482367533,36.082972867735307],[-105.37426982345561,36.082129867381781],[-105.37427582370931,36.081853867202561],[-105.37427682374981,36.081787866846959],[-105.37427782379233,36.081743867509154],[-105.37428282400398,36.081516866899044],[-105.37430382309583,36.080578866668027],[-105.37440682336232,36.080465866829947],[-105.37446982357301,36.08034386657777],[-105.37448982357959,36.080106866403462],[-105.37448782348315,36.080063867112138],[-105.37517582379738,36.079023866619806],[-105.37561082310852,36.077179866716016],[-105.37559882332742,36.075768866186912],[-105.37559682320736,36.075457866187492],[-105.3755958231534,36.075371865806012],[-105.37602982339125,36.074363865909596],[-105.37742082392043,36.073473866021068],[-105.37733282330314,36.071922865314392],[-105.37692682325982,36.070618865261956],[-105.37676982316546,36.070464865340696],[-105.37625182339789,36.069954865157591],[-105.37577282274314,36.069484865024179],[-105.37561582265378,36.06938786504211],[-105.37560682312908,36.069308864984897],[-105.37549682251388,36.069145865543888],[-105.37541682239988,36.069099865218902],[-105.37538782285316,36.069082865333421],[-105.37537882243626,36.069084865426497],[-105.37539282308296,36.069061865260885],[-105.37540982296919,36.069035864956319],[-105.37502182293449,36.068569865002672],[-105.37494882224145,36.068476865200793],[-105.37471682221664,36.067730864874214],[-105.37481882237,36.066859865040257],[-105.37551082288294,36.065969864292981],[-105.37531282268505,36.065790865016098],[-105.37496282262578,36.065473864759305],[-105.37460582224159,36.065150864225323],[-105.3726428220765,36.064804864519019],[-105.37004882147278,36.06473086484322],[-105.36997282154384,36.064680864332963],[-105.36918682106321,36.064340864835991],[-105.36893982129887,36.064233864396449],[-105.36881782103369,36.064147864921317],[-105.36844182067352,36.063882864373817],[-105.36821782102542,36.063204864494843],[-105.36889282078752,36.062733864248209],[-105.37036282143626,36.062478864056303],[-105.37154682139243,36.06188486438468],[-105.37169682103271,36.060564864458904],[-105.37140782104888,36.059640863994169],[-105.37175782105572,36.059362863702468],[-105.37315482101768,36.059085863396284],[-105.37485182145593,36.059535863433013],[-105.37627382166959,36.059173863689423],[-105.37701782190611,36.058418863789093],[-105.37748982210847,36.057434863202218],[-105.37731482196912,36.056028862913777],[-105.37714982240934,36.055943863487336],[-105.37654282213194,36.055627863291683],[-105.3762358213812,36.055467863101548],[-105.37411382105648,36.055279863519836],[-105.37328682137708,36.054975862992826],[-105.37248582110479,36.054681862926948],[-105.37199182067978,36.05450086357471],[-105.37157082090432,36.05391886275271],[-105.37134582034275,36.053605862673692],[-105.37081182071313,36.052867862734658],[-105.37078682043237,36.052622863092132],[-105.37065082030847,36.051293862766556],[-105.37071382049703,36.050919862546571],[-105.37075382053094,36.050679862232329],[-105.37081182049037,36.050334862455017],[-105.37062682000676,36.050283862804136],[-105.37042281954164,36.050227862923073],[-105.36994381981611,36.050096862285926],[-105.36925781951884,36.050277862605938],[-105.3683528198699,36.050516862924077],[-105.36828781955724,36.050533862815023],[-105.36773781927238,36.050776862398394],[-105.36683081954504,36.051177863017173],[-105.36541681878309,36.051316863234852],[-105.3638438187089,36.051022863213724],[-105.36261381833684,36.050674863372294],[-105.36259781843361,36.049979862694691],[-105.36353881792263,36.049404863016839],[-105.36420981839629,36.048906862420587],[-105.36427681872684,36.048038862727374],[-105.36422081881878,36.047913862343307],[-105.36395081798399,36.047753862150955],[-105.36359181833602,36.046628862283256],[-105.3631968179712,36.04609686197437],[-105.36380581831274,36.046087862422041],[-105.36418281783965,36.046576862541151],[-105.36613181915345,36.046909862546293],[-105.36720181923735,36.046481862467502],[-105.36699681861235,36.045133862166132],[-105.36931281889477,36.044876861832705],[-105.36950881898612,36.044897861893638],[-105.37171081938163,36.044640861566805],[-105.37371482040275,36.043341861605803],[-105.37454281997125,36.04185686120136],[-105.37460582010411,36.04084886132641],[-105.37483081969746,36.040377861105874],[-105.37479982000933,36.039805860723853],[-105.37549881991394,36.038534860335297],[-105.37549581971651,36.037869860145577],[-105.37450581959499,36.036617860733934],[-105.37381481990971,36.036165860546141],[-105.37273181923497,36.036725860437492],[-105.37142581900038,36.037082860842318],[-105.37114281937228,36.037041860760439],[-105.37088281900007,36.036871860104867],[-105.37056481862459,36.036548860467882],[-105.37147481936631,36.035874860708169],[-105.37179781899351,36.035279860140903],[-105.37175381873301,36.035049860294095],[-105.37181281876489,36.035001859868544],[-105.37295381932833,36.033290859781772],[-105.37335781914106,36.033028860227212],[-105.37397581897196,36.032696860119579],[-105.37473381898047,36.032196859425682],[-105.37534581943255,36.031863859272164],[-105.3764788197343,36.031394859091549],[-105.37646081967452,36.029970858860338],[-105.37602581924615,36.02933985936933],[-105.37532681912904,36.028191859356482],[-105.37507181896351,36.027736859004641],[-105.37489581886094,36.027274859223702],[-105.37450281858278,36.026672858373992],[-105.3731708188393,36.025859858608406],[-105.37223581863489,36.025362859050745],[-105.37128481767817,36.024741858253599],[-105.37041281769967,36.024294858307599]]],[[[-105.54341886391497,36.103654860553149],[-105.5422268636257,36.104661860446924],[-105.54223086381334,36.104687860750253],[-105.54207386374617,36.104840860643371],[-105.54207586385093,36.104977860686347],[-105.54200586331588,36.1050998609388],[-105.54186786322232,36.105167860495627],[-105.54171986357321,36.10533286094342],[-105.54153786324528,36.105468860950815],[-105.54138886353796,36.105499860595103],[-105.54133386369708,36.105610861237096],[-105.5412118634454,36.105676860700378],[-105.54110286289591,36.105732860599666],[-105.54092886292793,36.105746861257494],[-105.54085086291745,36.105822861180926],[-105.54071886310257,36.105898861107455],[-105.54040586299828,36.106021861420359],[-105.54026786290598,36.106104860771815],[-105.54005786308311,36.106284861017897],[-105.54009286293088,36.106561861240785],[-105.54018886288846,36.106624861451898],[-105.54020586278912,36.106762861540261],[-105.54026386278966,36.106884860885991],[-105.54037286335355,36.106991861333391],[-105.54042886326194,36.107119860956814],[-105.54097086322827,36.107471861022759],[-105.54112586321972,36.10750986097316],[-105.54120486329262,36.107615861376061],[-105.54136886369743,36.107611861181454],[-105.54183586377331,36.107825861162432],[-105.54196086327762,36.107905861259063],[-105.5424008638975,36.108080861235898],[-105.54257386381943,36.108069861616237],[-105.54284486380257,36.108245861649188],[-105.54324486437734,36.108531861367887],[-105.54329386395956,36.108639860965688],[-105.54338986391708,36.108701861130612],[-105.5434538641931,36.108794860932882],[-105.54354986415063,36.108857861144052],[-105.54375186453629,36.109063861669682],[-105.54376886443697,36.109201861758038],[-105.54397586415108,36.109363861147017],[-105.5440668638809,36.109470861595454],[-105.54419386437701,36.109548861599443],[-105.54456186437442,36.109904861860599],[-105.54469686433717,36.10992886116442],[-105.54479286429466,36.109990861329294],[-105.54566386508023,36.109920861637299],[-105.54582186430464,36.10988286166863],[-105.54595286497135,36.109793861140673],[-105.54611186514045,36.109744861562405],[-105.54628586510842,36.109730860904548],[-105.54658686464495,36.109475861679933],[-105.54670886489627,36.109405861132196],[-105.5470028649996,36.109058861248847],[-105.54714986459601,36.108821861067334],[-105.54730586461679,36.108667861127984],[-105.5475018646657,36.108210860657799],[-105.54796886466512,36.107560861135248],[-105.5481288648798,36.107503861186736],[-105.54820386474955,36.107407861237505],[-105.54834286489003,36.107345861058967],[-105.54845786481415,36.107243860829804],[-105.54859686495426,36.107177860466194],[-105.54866586544576,36.107087860794913],[-105.54889586529406,36.10688486038292],[-105.54897086516131,36.106760860936944],[-105.54898386485236,36.106624860939348],[-105.54906286490915,36.106548861015909],[-105.5491238650273,36.106428860856504],[-105.54911786473723,36.106292860859995],[-105.54917386551107,36.10603786075032],[-105.54913886476389,36.105759860481172],[-105.549210865392,36.105642860459895],[-105.54919386549126,36.105503860325314],[-105.54930486521964,36.105284860079315],[-105.54942886466274,36.105196860497372],[-105.54965086503852,36.104980860383705],[-105.54982186486711,36.104962860440274],[-105.5499708654701,36.1048908606978],[-105.55004486529435,36.104804860311972],[-105.55034886498406,36.104709860395715],[-105.55048286489189,36.104636860607819],[-105.55055586556927,36.104552860314577],[-105.55070286518186,36.104498860505664],[-105.55081386492007,36.104390859999185],[-105.55105986551621,36.104259860219351],[-105.55115186527354,36.104154859852748],[-105.55128786527429,36.104084860203571],[-105.55137486569846,36.103970860320189],[-105.55126986525582,36.103138859605266],[-105.55113286518099,36.102895860062027],[-105.55096386542697,36.102708860413522],[-105.55065586552008,36.10244485990863],[-105.55051286518197,36.102367859951848],[-105.55020086510444,36.102269859932662],[-105.54619586390334,36.102591860674266],[-105.54604886428072,36.102532860651102],[-105.54570086434475,36.102560860168197],[-105.5455418641746,36.102597860090597],[-105.54502086345894,36.103105860241293],[-105.54484686349096,36.103119859999786],[-105.54341886391497,36.103654860553149]]],[[[-105.51075381667887,35.643877792779207],[-105.5108608163145,35.644737792992586],[-105.51097881642028,35.645132793274875],[-105.51114081675075,35.645344793181742],[-105.5115988164174,35.645660793386959],[-105.51205381683704,35.64589079321064],[-105.51255581673217,35.646067793277517],[-105.51312381698142,35.646170793514159],[-105.51385381755365,35.646397793183432],[-105.51418481760095,35.646367793575308],[-105.51478281741987,35.646213793610805],[-105.5151158175601,35.646186793242059],[-105.51538781757671,35.646219792954774],[-105.51571981767081,35.646194793577926],[-105.51630081762865,35.646362793223894],[-105.51696481782118,35.646363793232446],[-105.51729781796149,35.646336792863686],[-105.51788181802931,35.646163792920241],[-105.51763981847253,35.645766792552465],[-105.51731681786409,35.645415792518882],[-105.5166458173146,35.645031792776912],[-105.51602281721848,35.644973792826747],[-105.51469381769546,35.645077793217311],[-105.51441481734923,35.644983793380682],[-105.51387481746235,35.644459792549782],[-105.51378081668611,35.644252792870404],[-105.513314816635,35.64377579331056],[-105.51315981663454,35.643629792859642],[-105.51275681682505,35.643389792570325],[-105.51209181659088,35.643443793307803],[-105.51183281628656,35.643518793195284],[-105.51149981614626,35.643545792664725],[-105.51127581656894,35.643672793157378],[-105.51108581677281,35.643850793309845],[-105.51075381667887,35.643877792779207]]],[[[-105.5811878473594,35.820542815477403],[-105.58100684708224,35.820731816138206],[-105.58085184709387,35.820727815962051],[-105.58075484709556,35.820727815967622],[-105.58066684751451,35.820729816065175],[-105.58058884749785,35.820735815447932],[-105.5805158468139,35.820745815914755],[-105.58044884730765,35.820759815667046],[-105.58038884722694,35.820778815650215],[-105.58033384737816,35.820801815818186],[-105.58027284725217,35.820832815457244],[-105.58021284717252,35.820864816041876],[-105.58015384713951,35.820899815865957],[-105.58009884729184,35.820934815689789],[-105.58004684668381,35.82096981551345],[-105.57999884716065,35.821005816282437],[-105.57995384687713,35.821041816151954],[-105.57991384682529,35.821077816021173],[-105.57987684691251,35.821113815890264],[-105.57984584727774,35.821149815758972],[-105.57981784688258,35.821184815581262],[-105.5797938466728,35.82121981630258],[-105.57977484669469,35.821254816124345],[-105.57975984690185,35.821288815899628],[-105.5797488472944,35.821322815674634],[-105.5797428470192,35.821355816302486],[-105.57973884683767,35.821399815640419],[-105.57973784679524,35.821444815923797],[-105.57974084693798,35.821487816114477],[-105.5797458471732,35.8215288162124],[-105.57975384664773,35.821564816078869],[-105.57976384711388,35.821596815760167],[-105.5797768468194,35.82162481615557],[-105.57979184751636,35.821646816273244],[-105.57981084749903,35.82166481620559],[-105.5798348468137,35.821677815906362],[-105.57986584735163,35.821686816320991],[-105.5799028472681,35.821692815697162],[-105.57994484741587,35.821694815787275],[-105.57999384698844,35.821693815738186],[-105.5802098471038,35.821677815884847],[-105.58025784752928,35.821675815789597],[-105.58029984677756,35.821675815787188],[-105.58034484706447,35.821678815923406],[-105.58038284702732,35.821685816245079],[-105.58041584765805,35.821695815806521],[-105.58044284711168,35.821708816406428],[-105.58047784693717,35.821734815808675],[-105.58051284766233,35.821764816295335],[-105.58054584739597,35.821800816160405],[-105.58057684703734,35.821840816210603],[-105.58061084771829,35.821895816055324],[-105.58064084731497,35.821954816085317],[-105.58066484753296,35.822014816161953],[-105.58068184742658,35.822074816238995],[-105.58068984690284,35.822130816131462],[-105.58069284704722,35.822192816301808],[-105.58068884776684,35.822257815712049],[-105.58067784726259,35.822321815975727],[-105.58066484756374,35.82237081644486],[-105.58064584758687,35.822419816015078],[-105.58061984728558,35.82246881648495],[-105.58058884765208,35.822518816102033],[-105.58055184774047,35.822568815719528],[-105.58050884755076,35.822617816190359],[-105.58045984708286,35.822664816569066],[-105.58040684732887,35.822711816048603],[-105.58034984738937,35.822756816335215],[-105.58028784721803,35.822799816529525],[-105.58022384695364,35.822838816539011],[-105.58015684744944,35.822875816456033],[-105.58008884699905,35.822907816141786],[-105.58001984740145,35.822936816588147],[-105.57995184695035,35.82295981585753],[-105.57988384739828,35.822979815887415],[-105.57977084756011,35.823005816197501],[-105.57968184703449,35.823020815997289],[-105.57964284702626,35.823024816184578],[-105.57960784720309,35.823025816232885],[-105.57957584751878,35.823024816188415],[-105.57954684707401,35.823021816051288],[-105.57954684707401,35.823021816051288],[-105.5795258469998,35.823016815821191],[-105.57950684701807,35.823009816397743],[-105.57948784703615,35.823000815982439],[-105.57946984710037,35.82298881632758],[-105.57945384725713,35.822975816626361],[-105.57943784741354,35.822958815840757],[-105.57940784691918,35.822918816689786],[-105.57938584679567,35.822879816685308],[-105.57936384667133,35.822830816218186],[-105.57929984728767,35.8226548161729],[-105.57927284693017,35.822589815865129],[-105.57924284733363,35.822531815881398],[-105.57921084674611,35.822485816452954],[-105.57916184716845,35.822427816470324],[-105.57911084659877,35.822369816487765],[-105.57905584674313,35.822312816551708],[-105.57899784674848,35.822255816615886],[-105.57893784666119,35.822198815780787],[-105.57887384728782,35.822141815845228],[-105.57880784692252,35.822085815956108],[-105.57873984646457,35.822029816067086],[-105.57867584709216,35.821983815741135],[-105.57859784707091,35.821936816269087],[-105.57851884700379,35.821894816129088],[-105.57831684662753,35.82179181587189],[-105.57826184677424,35.821761816285708],[-105.57821484639248,35.821733815892259],[-105.57816484677066,35.821700816167024],[-105.57812184657382,35.821667816441291],[-105.57808484665499,35.821633815769722],[-105.57805284696784,35.821599815997153],[-105.57798184636835,35.82151481656522],[-105.57793084669704,35.821445816073776],[-105.57788884654398,35.82138281585938],[-105.57785684685466,35.821323815829487],[-105.57783384668333,35.821267815937837],[-105.57781984692926,35.821213816138282],[-105.57781684678808,35.821188815881101],[-105.57781584673958,35.821163816523132],[-105.57781684678385,35.821139816312048],[-105.57782084696719,35.821116816146969],[-105.57783084652763,35.821074816001875],[-105.57784484627373,35.821035815995337],[-105.57786084701232,35.821002816266294],[-105.57787884694454,35.82097381582286],[-105.57790284625582,35.820947816417203],[-105.57793484683715,35.820922816158031],[-105.5779738468439,35.820900816037245],[-105.57802084632203,35.820879815962329],[-105.57807284693155,35.820862816072157],[-105.57813384705881,35.820845816181418],[-105.57820184661129,35.82083081638288],[-105.57831184631078,35.820808816258022],[-105.57835384645779,35.820801815931773],[-105.57839884674425,35.820799815836629],[-105.57844784631696,35.820799815833816],[-105.57850184702093,35.820803816015761],[-105.57860284630661,35.82081881580465],[-105.57883284707583,35.820861815982248],[-105.57888684688089,35.820869816349308],[-105.57893484640766,35.820874815678536],[-105.57897984669437,35.82087581572226],[-105.57901984674919,35.820874815673648],[-105.57905784671111,35.820870816385749],[-105.57909284653365,35.820862816013623],[-105.57913284658744,35.820849816309206],[-105.57917384668734,35.820833815566594],[-105.57921384674043,35.820812816391332],[-105.57925384679341,35.820789816224242],[-105.57929384684589,35.82076181582579],[-105.5793328468518,35.820730816187982],[-105.57937284690375,35.820696815511958],[-105.57941184690903,35.820657815503992],[-105.57945084691407,35.820616816302781],[-105.57948884687238,35.820571816017278],[-105.57952784687687,35.820523815592978],[-105.57956684688087,35.820470815836565],[-105.57964684698047,35.82035281576853],[-105.57974284691915,35.820198815832612],[-105.57976384698978,35.820161815918176],[-105.57978184692116,35.820122815911432],[-105.57979884680618,35.820082815858463],[-105.57981284655204,35.820041815759375],[-105.57982484710433,35.819997815521617],[-105.57983584671082,35.819952816137025],[-105.57984384707751,35.819905815760691],[-105.57984984735117,35.819855816144965],[-105.57985684676824,35.819762815439155],[-105.57985784680547,35.819657815977067],[-105.57985384661079,35.81954981547716],[-105.57983884678974,35.819257815458187],[-105.57983684668945,35.819169815883491],[-105.57983784672906,35.819091815871943],[-105.57984384699951,35.819003815397473],[-105.57985484660288,35.81892281524658],[-105.57987084643851,35.818847815373005],[-105.57989184650614,35.818776815684188],[-105.57990784724412,35.81873681563124],[-105.57992884641483,35.818692815393007],[-105.58002184711292,35.818528815893934],[-105.58005584688382,35.818459815397546],[-105.58006984663,35.818421815437333],[-105.58007984709035,35.81838681561608],[-105.58008684651246,35.818352815841237],[-105.58008884660227,35.818319815213684],[-105.5800848464106,35.818246815433767],[-105.58007584688723,35.818181815124966],[-105.58006084708691,35.818128815371701],[-105.58005184666804,35.818107815299925],[-105.58004184710251,35.818090815413306],[-105.5800338467308,35.818079815804197],[-105.58002284711962,35.818070815388417],[-105.57999684681276,35.818054815548969],[-105.57996384708126,35.818043815041918],[-105.57992284697947,35.818037815666031],[-105.57987584660005,35.818036815622413],[-105.57982284684232,35.818039815764259],[-105.57976484685338,35.818048815284683],[-105.57970184663299,35.818060815843495],[-105.57963184698819,35.818079815827268],[-105.57956084639805,35.818102815096807],[-105.57949084675381,35.8181288154044],[-105.57942384634954,35.818157815850626],[-105.57936284712272,35.818187815443444],[-105.57930984646818,35.818219815128373],[-105.57926684627684,35.818249815619488],[-105.57923484659521,35.818279815210694],[-105.57921684666229,35.81830181533023],[-105.57920384696146,35.818327815634596],[-105.57919484654698,35.818357815224445],[-105.57918984631829,35.818391815898437],[-105.5791888462751,35.818428815811721],[-105.57919084637152,35.818471816002379],[-105.57921484660058,35.818659815705793],[-105.57921884678977,35.818703815942641],[-105.57921984683945,35.818742815948319],[-105.57921684670416,35.818785815240005],[-105.57920984638308,35.818823815199806],[-105.57919884677565,35.81885881592045],[-105.57918284693629,35.818889815557007],[-105.57914684707153,35.818945815451976],[-105.57911784663045,35.81898581550567],[-105.57908884708802,35.81901781608854],[-105.57905884659944,35.819043815494531],[-105.57903084710212,35.819061815429571],[-105.5789968464273,35.819077815272458],[-105.57895884646625,35.819091815922341],[-105.57891584627336,35.819103815580704],[-105.5788678467479,35.819113816046112],[-105.57881484699053,35.819121815519992],[-105.57875684700134,35.819127815800904],[-105.57869284673406,35.819132816035889],[-105.57864584635475,35.819132816038582],[-105.57859784682815,35.819129815902535],[-105.57854684626288,35.819122815581608],[-105.57849584659667,35.819112816021182],[-105.57844284683736,35.819097815330217],[-105.5783888461322,35.819080815446135],[-105.57833384627961,35.819058815330756],[-105.57827784638053,35.819034816022246],[-105.57822184648094,35.819005815583054],[-105.57816584658123,35.818974815950646],[-105.57811184677391,35.818940815280058],[-105.57805884611341,35.81890381536985],[-105.57800784644478,35.818865815413304],[-105.57796084606213,35.818826815410276],[-105.577917846764,35.81878681536076],[-105.57787984679828,35.818746815310902],[-105.57785584658262,35.818713815584161],[-105.57783584655179,35.818674815579591],[-105.57782284594541,35.818628815250733],[-105.57781384642318,35.818576815543395],[-105.57781084627992,35.81852781597452],[-105.57781084627507,35.818471816081534],[-105.57782084672203,35.818281815384296],[-105.57782284590962,35.818214815881625],[-105.57781984666447,35.818151815665047],[-105.57781184628914,35.818098815911391],[-105.57780484596253,35.818072815608133],[-105.57779584644271,35.818048815397603],[-105.57778484593109,35.818026815279701],[-105.57777184622638,35.81800781530071],[-105.57775784647541,35.81798981536808],[-105.57774084658561,35.81797481557436],[-105.57772184660327,35.817960815827064],[-105.57770084652846,35.817948815273056],[-105.57765784633288,35.817929815295791],[-105.57760984590568,35.817911815365044],[-105.57756184637798,35.817895815526924],[-105.57751384595129,35.81788381587377],[-105.57746884656319,35.817874815459966],[-105.57742784646148,35.817869815230964],[-105.57738884645272,35.817867816040014],[-105.57735484577671,35.817869815235156],[-105.57731884590768,35.817876815561121],[-105.57728184599284,35.817888815219085],[-105.57724484607854,35.817907815200932],[-105.57720484602572,35.817931815414319],[-105.57716684606579,35.817958815766339],[-105.5771258459675,35.817992815543128],[-105.57699984643389,35.818107815474981],[-105.57696684580688,35.818140816104389],[-105.57693884631117,35.818176815972919],[-105.5769158461481,35.818216816026208],[-105.57689784621707,35.818259815318704],[-105.57688484651796,35.818305815649076],[-105.57687584610521,35.818355815264908],[-105.57687184592444,35.818408815918637],[-105.57687284597579,35.818466815904031],[-105.57687684616545,35.818516815519111],[-105.57688384649435,35.818568816125904],[-105.57689384606336,35.818625816064568],[-105.57690784581813,35.818687815334954],[-105.5769378463191,35.818804815350411],[-105.57701684640659,35.819081815571103],[-105.57704884610249,35.81921681551993],[-105.57706084666405,35.819280815782314],[-105.57706784609417,35.819338815767374],[-105.5770708462378,35.819392815567639],[-105.57707084624214,35.819442816082244],[-105.57706584601462,35.819490815605356],[-105.57705684650068,35.819534815842971],[-105.57704384590181,35.819575815941995],[-105.57702584597034,35.819613815902436],[-105.57700384585321,35.819648815724399],[-105.57697784644981,35.81968081630707],[-105.57694684591519,35.819710815898169],[-105.57691184609419,35.819736816203822],[-105.57680584658401,35.819804815758708],[-105.57676084629963,35.819830816064872],[-105.57671984620023,35.819851816139469],[-105.57667884610059,35.819870816121565],[-105.57664084613963,35.819885815918418],[-105.57660384622469,35.819896815530143],[-105.57656884640214,35.819904815902305],[-105.5765418460506,35.819908816088912],[-105.57651384655178,35.819908816090511],[-105.57648484610709,35.819906815999616],[-105.57645284642244,35.819901815770159],[-105.57641884574561,35.819894816347578],[-105.57638084578245,35.819884815887043],[-105.57622684583642,35.819833816234322],[-105.5761598463274,35.819815816304668],[-105.57612484650346,35.819807815936578],[-105.57609184587326,35.819803815753374],[-105.57606084623528,35.81980281570889],[-105.57603184579091,35.819804815803117],[-105.57598584635788,35.819811816129587],[-105.57593884597945,35.81982181569564],[-105.575889846408,35.819835816346142],[-105.57583884584487,35.819853816282567],[-105.57578684613493,35.819873816311521],[-105.57573584557234,35.819897815626184],[-105.57568484590919,35.819922815886443],[-105.57563684638528,35.819950816285363],[-105.57559584628642,35.819978815784516],[-105.57555584623428,35.820010816367947],[-105.57551684622889,35.82004781628342],[-105.57548084636282,35.820088816383773],[-105.57544684569054,35.820133815769751],[-105.57541484601056,35.820182816239949],[-105.5753848455242,35.82023481594954],[-105.5753578460764,35.820289815797764],[-105.57533284582242,35.820349815877222],[-105.57531184575392,35.820410816002678],[-105.57529384582455,35.820473816220499],[-105.57527884603435,35.820537816484411],[-105.57526884557642,35.820600815802429],[-105.57526284620306,35.820662815973357],[-105.57526084611546,35.820721816005197],[-105.57526384625925,35.820776815851673],[-105.57526784554777,35.820805816293834],[-105.57527384582841,35.820835815882823],[-105.57528284624797,35.820864816324708],[-105.57529384586097,35.820894815913462],[-105.57530784561303,35.820924816401288],[-105.57532484640346,35.820955816035948],[-105.57536484646356,35.821015816111611],[-105.57541484608795,35.821077816279264],[-105.57547584622205,35.82113981644634],[-105.5755458458739,35.821201816612849],[-105.57562584598918,35.821264815925701],[-105.57571584656789,35.821327816137355],[-105.57581584581141,35.821391816394687],[-105.57592484637134,35.821455816651522],[-105.57604384649531,35.821519816008376],[-105.57617184613707,35.821583816264116],[-105.57630984624221,35.821648816565521],[-105.57645584671808,35.821712815920883],[-105.57661084671163,35.821776816175074],[-105.57665884623954,35.821794816105808],[-105.5767088467593,35.821811815990138],[-105.57682384669509,35.821842816518476],[-105.57693484644504,35.821868815916389],[-105.57719484680678,35.821922816601145],[-105.57731384692775,35.821951816137386],[-105.57741284702125,35.821980816574097],[-105.57749984655895,35.822012816250989],[-105.5775888461898,35.822050816205341],[-105.57767784672028,35.822091816298531],[-105.5777678463981,35.822136816576709],[-105.5778578469756,35.822185816140596],[-105.57794884670035,35.822237815843252],[-105.57803884637904,35.82229281658406],[-105.5781288469574,35.822351816610684],[-105.5782188466367,35.822413815876708],[-105.57834284699453,35.822502816389964],[-105.57844384718474,35.822578816303128],[-105.57853384686501,35.8226518160781],[-105.57861284693453,35.822720816567951],[-105.57868484667961,35.822789816158867],[-105.57874884695316,35.822856816557064],[-105.57880484685597,35.822923816056402],[-105.57885284728742,35.82299081645553],[-105.57888184683685,35.823039816022906],[-105.57890684710105,35.823097816006957],[-105.57892684713345,35.823154815945017],[-105.57897084738585,35.823294816124474],[-105.57899684679799,35.823363816617352],[-105.57901284664288,35.823395816298316],[-105.57902984743323,35.823425816786035],[-105.57904784737036,35.823452816235516],[-105.57906784739997,35.82347781649171],[-105.57909284676218,35.823504815940822],[-105.57951884769248,35.824377816736494],[-105.58064184759597,35.82466781659938],[-105.58089984786828,35.824759816344404],[-105.58188284756275,35.824855816232954],[-105.58285884782491,35.824867816732151],[-105.58316984784042,35.824788816656543],[-105.58342784809302,35.824652816644836],[-105.58357484859228,35.824451816330161],[-105.58381384791934,35.823794816496566],[-105.58382784856617,35.823772816377236],[-105.58387784818494,35.82376981623554],[-105.58392584861076,35.823771816325348],[-105.58395684824896,35.823775816508629],[-105.58398384860151,35.823783815977912],[-105.5840068478698,35.82379681567874],[-105.58402684789863,35.823812816417849],[-105.58404384778881,35.823832816442859],[-105.58405684839337,35.823857815800125],[-105.58406584791362,35.823886816242002],[-105.58407284824085,35.823919815969724],[-105.58407584838262,35.823951816550753],[-105.58407684843206,35.82398781641762],[-105.58407184820759,35.824070815761381],[-105.58405884851271,35.824165816560104],[-105.58402384870833,35.824383815856251],[-105.58400984806808,35.824481815894501],[-105.5839998485126,35.824581816025059],[-105.58399784842742,35.824667816406802],[-105.58399984852412,35.824714815883183],[-105.58400384871332,35.824758816120053],[-105.58401084814184,35.824798816171622],[-105.5840208486085,35.824836816130521],[-105.58403384831462,35.824871815950452],[-105.58404884811317,35.824903816530778],[-105.58406684805043,35.824932816072831],[-105.58408784812652,35.824958816375215],[-105.58414184793689,35.825028816013472],[-105.58416484810557,35.825053816269438],[-105.58419084841299,35.825075816386494],[-105.58420384811667,35.825082816709646],[-105.58421684871954,35.825087816040863],[-105.58423684874722,35.825090816178523],[-105.58425884796814,35.825091816223512],[-105.58428384822707,35.825088816083266],[-105.58431184862478,35.825083816749697],[-105.5843428482619,35.825074816331515],[-105.58437384879811,35.82506381672016],[-105.58440384838856,35.825050816116971],[-105.58443084873926,35.8250378164133],[-105.58445084876548,35.825023816663695],[-105.58446684860606,35.825005815830025],[-105.5844798483073,35.824984816656311],[-105.58448984876846,35.824958816352137],[-105.58449684819148,35.824934816140718],[-105.58450184842063,35.824905816597358],[-105.58451284802224,35.824803816374157],[-105.58451784825054,35.824764816368145],[-105.58452784871074,35.824727816454356],[-105.58453984836481,35.824696815918763],[-105.58455484815845,35.824671816559885],[-105.58457184804462,35.824645816255334],[-105.58459384816251,35.824619815950456],[-105.58461884841921,35.824591816452212],[-105.58466984808032,35.824542815980898],[-105.58479684855966,35.824428816095242],[-105.58485284845158,35.824369816060248],[-105.58487584861554,35.824340816515864],[-105.58489484859415,35.824311816072367],[-105.58490984838753,35.824283816574749],[-105.58491984884857,35.824256816224278],[-105.58493284854681,35.824200816330617],[-105.58494084801309,35.82414181629845],[-105.584941848054,35.824078816081574],[-105.58493584866967,35.824013815772609],[-105.58492484815429,35.82394881636322],[-105.5849078482603,35.823884816101142],[-105.58488584813487,35.823823815978109],[-105.58485884867753,35.823767816086757],[-105.58484684811972,35.823747816061406],[-105.5848318483222,35.823727816036289],[-105.58479284830989,35.823684815847749],[-105.58474884806635,35.823646815890804],[-105.58464384858918,35.823560816414521],[-105.58459984834541,35.823519816318822],[-105.58456684861152,35.823481816361237],[-105.58455584810025,35.823463816428379],[-105.58454684858094,35.823445815596159],[-105.58453884820862,35.823426815616848],[-105.58453384797517,35.823406815591177],[-105.58453184788065,35.823385816418302],[-105.58453184787874,35.823363816299754],[-105.58453884819927,35.823318816016027],[-105.58455484803714,35.823269816446057],[-105.58457784819956,35.823222816068913],[-105.58460884873212,35.823169816312955],[-105.58464484859708,35.823115815611146],[-105.58475184814631,35.822963815767174],[-105.58478184863307,35.822916816288931],[-105.5848058479429,35.82287481614302],[-105.58482884810529,35.82282681571958],[-105.58484484794344,35.822781816334661],[-105.58485384835689,35.822739816189603],[-105.58485684849245,35.822699816137401],[-105.58485584844198,35.822651815715382],[-105.58485184825257,35.822604816239043],[-105.58502384810851,35.822367816055944],[-105.585390847946,35.821420815388443],[-105.58535784819237,35.821153815627795],[-105.58496384783763,35.820188815969757],[-105.584537847823,35.819504815824487],[-105.58429684833401,35.819360815471242],[-105.58415584807913,35.819172815774543],[-105.58391984792983,35.819113815756303],[-105.58332484735763,35.819345815732312],[-105.5827798473087,35.819634815644655],[-105.58257084753284,35.819825815500216],[-105.58199184770541,35.82009581543479],[-105.58174884725224,35.820274815636445],[-105.58144584760896,35.820371815645025],[-105.5811878473594,35.820542815477403]]],[[[-105.47308583706243,35.983354846815999],[-105.47257683682187,35.982944846762216],[-105.47038483686437,35.982901846698141],[-105.4670578356023,35.983200847234222],[-105.46411383504621,35.984012847200809],[-105.46330483531356,35.983839847337485],[-105.46333883499315,35.982727847149242],[-105.46328983451765,35.982687847100117],[-105.46311483446455,35.982259847093502],[-105.46294083447998,35.982084847100978],[-105.46292383457072,35.981846846882519],[-105.46338083503856,35.981559847067629],[-105.46397283457608,35.981368847189842],[-105.46439183507016,35.980950846712233],[-105.46470883533101,35.980495846327337],[-105.46474383513178,35.980238846126184],[-105.46499683512248,35.979757846340725],[-105.46510883487225,35.979250846259859],[-105.46535183532689,35.979089845991588],[-105.46591383521442,35.978230845786882],[-105.46612683517422,35.978023846090032],[-105.46624383517984,35.977792846187754],[-105.46646483551281,35.977614846033518],[-105.4665968352905,35.977112846182834],[-105.46654983486475,35.97658184590005],[-105.46687983480544,35.975861845844463],[-105.4672708349043,35.97547784604221],[-105.46807783540055,35.975158845625906],[-105.46960483594677,35.974384845700754],[-105.46978883546232,35.974181845291376],[-105.470227835993,35.973867845127629],[-105.47082183556884,35.973054845250672],[-105.47088583581429,35.972799845140358],[-105.47088483576779,35.972797845047936],[-105.47095783555001,35.972759845084241],[-105.47102983618483,35.972717844935545],[-105.4710978357347,35.972672844648301],[-105.47116283604463,35.972624845121743],[-105.47122283612271,35.972574844603599],[-105.47127783596889,35.972522844892573],[-105.47132683553693,35.972469845135649],[-105.47136983572629,35.972416845378987],[-105.47138883570469,35.972385844843025],[-105.47140483554382,35.972351845067664],[-105.47141683609651,35.972312845061253],[-105.4714258356104,35.972268844823653],[-105.47143083583867,35.972229844817662],[-105.47143483602004,35.972183845387192],[-105.47144183542707,35.971977844849221],[-105.47144783570074,35.971927845233566],[-105.47145683611406,35.971884845042226],[-105.47146983581347,35.971842844896941],[-105.47148883579142,35.971806845028922],[-105.47151183595534,35.971776844538979],[-105.47154083549837,35.97175184517927],[-105.47156283561733,35.971738844576542],[-105.47158883592185,35.971726844919139],[-105.47161983555893,35.971717844501015],[-105.47165683547419,35.971709845028037],[-105.4717298361582,35.971700844607419],[-105.47191783587562,35.971685844801939],[-105.4719648362543,35.971678844475299],[-105.4720048363086,35.971670845002222],[-105.47204183622353,35.971659844491171],[-105.47207283586023,35.971645844740955],[-105.47209783611788,35.971628844852304],[-105.47211783614357,35.971607844778887],[-105.47213583607588,35.97157984528107],[-105.47215283596134,35.971545844606354],[-105.47216783575364,35.971505844553505],[-105.47218183639835,35.971459845122453],[-105.47218983586576,35.971413844792373],[-105.47218983586147,35.971364845223313],[-105.47218183638557,35.971313844662838],[-105.47216683568588,35.971260844909622],[-105.47214383551467,35.971206845110522],[-105.47211383591819,35.97115084521937],[-105.47207683599747,35.971095844475528],[-105.47203283575224,35.971039844585121],[-105.47198283612843,35.970984844741352],[-105.47192683622677,35.970932845036728],[-105.47186783618642,35.970883844571773],[-105.47180583600741,35.970838845191359],[-105.47174183573618,35.970799845189347],[-105.47167883551181,35.970766844565546],[-105.47161583618744,35.970740845164919],[-105.47155483605701,35.970721845188706],[-105.47149483597343,35.97070884459071],[-105.47142783556596,35.970700845123751],[-105.47135483578006,35.970696844942914],[-105.47127683576285,35.970696844947433],[-105.47119483556058,35.970700845137237],[-105.47110983521971,35.970708844612972],[-105.47102683587121,35.970721845219217],[-105.47094583571629,35.970736845018529],[-105.47090383556971,35.970748844676841],[-105.47086183542348,35.970764844520197],[-105.470817835185,35.970785844595049],[-105.4707738358463,35.970811844901178],[-105.4707358358862,35.970836845160633],[-105.4706938357412,35.970866844752429],[-105.47051483555221,35.971003844805928],[-105.47046883522204,35.971035844490451],[-105.47042583592957,35.971060844750276],[-105.4703828357375,35.971082844871304],[-105.47034183563774,35.971099844760843],[-105.47029983549125,35.971112844465409],[-105.47025883539072,35.971121844884181],[-105.47020783572586,35.971127845164737],[-105.47015483506887,35.971131844453531],[-105.47009883517194,35.971133844549257],[-105.47004083518219,35.971133844552625],[-105.46998083509953,35.971130845316672],[-105.46992083501664,35.971125845088771],[-105.46986183497987,35.97111784472208],[-105.46980283584233,35.971108845208398],[-105.46971883554549,35.971090845279782],[-105.46963683534086,35.97106784511972],[-105.46866383514912,35.970277844598797],[-105.46861283544129,35.969791844599555],[-105.46880583537799,35.969635844565516],[-105.46909583531861,35.969542844742627],[-105.46976383569213,35.969489844949948],[-105.47040983503904,35.969355845008195],[-105.47120183574449,35.969094844578215],[-105.47128383594301,35.969047844197668],[-105.47145783595441,35.969529844904017],[-105.47155083576368,35.969486844707873],[-105.47213383578243,35.969283844275417],[-105.47231483606065,35.969107844216055],[-105.47260883618864,35.969037844557718],[-105.47277083558963,35.968898844412657],[-105.47346283614519,35.968493844520786],[-105.47356783559619,35.968279844506334],[-105.47384583587872,35.968171843990184],[-105.47406283602938,35.968027844509926],[-105.47439083591254,35.967709844167615],[-105.4750158360543,35.967224844175561],[-105.47516783588746,35.967042843840304],[-105.47506683655944,35.966543844141817],[-105.47490083604421,35.966344843937719],[-105.47381683612853,35.965826844316354],[-105.47364883552476,35.965675843635154],[-105.47340383585349,35.96557084418729],[-105.47336983605327,35.965303843527444],[-105.47343083526138,35.965059843926269],[-105.47398783586968,35.964807843926273],[-105.47432183605642,35.96478184360334],[-105.47461183599695,35.964687843734218],[-105.47594683579823,35.964581843249498],[-105.47655483610833,35.964746843653707],[-105.47684783620738,35.964875843309819],[-105.47773183671947,35.965071843333611],[-105.47794983694604,35.965266843349674],[-105.47828183704573,35.965304843289964],[-105.4785848367063,35.965404843402411],[-105.47911783715142,35.965720843602483],[-105.47926283669497,35.96593684369499],[-105.47980283745964,35.966197843148677],[-105.47991383722403,35.966387843838888],[-105.48020883749456,35.967417843811596],[-105.47985383726729,35.967824843776519],[-105.47911783737186,35.968241844226185],[-105.47846383675316,35.968355844142351],[-105.4776608373455,35.968718843896113],[-105.47725783669132,35.969111844115453],[-105.47697783724639,35.969573843922774],[-105.47691583708915,35.969777844371357],[-105.47698283664317,35.970310844745484],[-105.47715583657748,35.970440844454806],[-105.47730583725055,35.970638844613546],[-105.47752383746489,35.970693844447595],[-105.47754783678262,35.970741843969016],[-105.47758083741715,35.970794844620528],[-105.47761983743048,35.970848844418668],[-105.47772683700498,35.970986844501937],[-105.47775583745309,35.971027844598552],[-105.47777783757648,35.97106484451043],[-105.47779883675473,35.971107844699993],[-105.47781183736056,35.971146844705018],[-105.47781883678898,35.97118484466403],[-105.47781883679212,35.971220844530954],[-105.47781483750788,35.971241844603469],[-105.47780683713911,35.971263844722451],[-105.47779483748444,35.971287844034862],[-105.47777883764451,35.971312844293145],[-105.47774283687971,35.971359844671092],[-105.47764883702992,35.97146884432351],[-105.47762783695845,35.971495844674607],[-105.47761183711852,35.971520844932897],[-105.4775988374176,35.971545844291605],[-105.47759083704894,35.97156884445684],[-105.47758683686541,35.971589844529362],[-105.47758783691357,35.971610844601535],[-105.47759783738012,35.971646844467934],[-105.47761783741099,35.971685844472496],[-105.47764583691347,35.971726844569083],[-105.47768283683304,35.971768844711477],[-105.47772883716992,35.97181284494588],[-105.47778083688539,35.971855844234319],[-105.47783883687872,35.971896844329251],[-105.47789583772462,35.971932844192871],[-105.47794883748492,35.971958844493393],[-105.47801183770839,35.971981844654536],[-105.47808183735653,35.97200084463023],[-105.47815883732881,35.972016844466715],[-105.47824183757871,35.972027844970867],[-105.47832683702158,35.972034844390478],[-105.47841383745613,35.972037844524252],[-105.47849983784393,35.972035844426742],[-105.47858083710022,35.972028844098197],[-105.47865783707014,35.972017844484171],[-105.478728837661,35.97200284468537],[-105.47879383707414,35.971983844701896],[-105.47884983786858,35.971961844580115],[-105.47889883743913,35.971936844320012],[-105.4789378374452,35.971907844774684],[-105.47895483733222,35.971891844932777],[-105.47896883708026,35.971875844191715],[-105.47898983715147,35.971845844601113],[-105.47900983717587,35.971810844779284],[-105.47902683796013,35.971770844726358],[-105.47904183775225,35.971728844580952],[-105.479053837405,35.971682844250701],[-105.47906283781799,35.971636844819905],[-105.4790688371928,35.971591844536256],[-105.47906983723541,35.971548844345364],[-105.47906683709385,35.971519844802472],[-105.4790588376197,35.971488844268066],[-105.47904383782098,35.971454844494502],[-105.47902383779041,35.971419844674998],[-105.47897583735879,35.971351844229659],[-105.47885883732029,35.971206844722445],[-105.478835837151,35.971174844142602],[-105.47881783721364,35.971145844600578],[-105.47880583755456,35.971118844251421],[-105.47879783718172,35.971094844040792],[-105.47879583708715,35.971072844821755],[-105.47879883722443,35.971052844795544],[-105.47880583754694,35.971031844722887],[-105.47881583710927,35.971011844696342],[-105.47882683761733,35.97099284471598],[-105.47884183741147,35.970973844735369],[-105.47885783725201,35.970955844800955],[-105.47887683723167,35.970938844013361],[-105.47889783730396,35.97092184412498],[-105.47892183751553,35.97090684432888],[-105.4793158377924,35.970968844476602],[-105.47964983797911,35.970941844107479],[-105.48021183795016,35.971037844019918],[-105.48121383761099,35.970957843858017],[-105.48168883801971,35.970740844582764],[-105.48202083808476,35.970382844188187],[-105.48244083770581,35.969735843907536],[-105.4824078379519,35.969468844146959],[-105.48252683803116,35.96901984405114],[-105.48249283823095,35.968753843437547],[-105.48225983818524,35.968291843659934],[-105.48219283773183,35.967758843285822],[-105.48234283747209,35.967573843711143],[-105.482557837504,35.96713284397994],[-105.48311283799522,35.966601843662382],[-105.48373983822731,35.966090843366629],[-105.48502583838652,35.96519184306819],[-105.48538683799732,35.964839842949495],[-105.48578983863347,35.964240843092],[-105.48585183879072,35.964036842643353],[-105.48581883813749,35.963769842882826],[-105.48570683832675,35.963579843092006],[-105.48551683850542,35.963465843224583],[-105.48536583778612,35.963268843112147],[-105.48469783831203,35.963321842904897],[-105.48413483829475,35.963226843038754],[-105.48380083810805,35.963253842508607],[-105.48354483793189,35.963203842908051],[-105.48336183753509,35.963083842762657],[-105.48325083777056,35.962892842925534],[-105.48306683727115,35.962128842662601],[-105.48317583780873,35.961935842720195],[-105.48401983729644,35.961329842513294],[-105.48405183787651,35.961289842459429],[-105.48390483734694,35.961142842861442],[-105.48346483761649,35.960852842959589],[-105.48319083751791,35.960944842735231],[-105.48270083732633,35.961309842563509],[-105.48231083729188,35.96190084294949],[-105.48208483761951,35.961998842999961],[-105.48178083705388,35.962363842817496],[-105.481342837469,35.962678843027355],[-105.48105283752848,35.962772842896484],[-105.48082483684486,35.962650842661205],[-105.48065283695284,35.962473842575982],[-105.48064083725002,35.961946842476216],[-105.480862836729,35.961756842666098],[-105.48095983670744,35.961528842903775],[-105.4820128368698,35.960726842609887],[-105.48236783708265,35.960154842205611],[-105.48259983703308,35.960056842154792],[-105.48266983757382,35.959998842165284],[-105.48258883741576,35.959977842097729],[-105.48315383743609,35.959046842159005],[-105.4824638368821,35.95840884235885],[-105.48199183657736,35.958224841967088],[-105.48181683653306,35.957895842044195],[-105.48326483707032,35.957746842261535],[-105.48471383758906,35.956855842323712],[-105.48597583750689,35.955629841286857],[-105.48623583779269,35.954812841244156],[-105.4869688375623,35.95454684148558],[-105.4869448373142,35.954142841681296],[-105.48656483768119,35.9540248416398],[-105.48677883767418,35.953667841298355],[-105.48701583783999,35.953382841588692],[-105.48743283738803,35.953490841165426],[-105.48750383798578,35.953554841424371],[-105.48757783782261,35.953611841359255],[-105.48765283770513,35.95366084092398],[-105.48773083772602,35.953702841063972],[-105.48776983773618,35.953720840995217],[-105.48780983779253,35.953736840833869],[-105.48784983784881,35.953751841525545],[-105.4878908379511,35.953763841178997],[-105.48793183805337,35.953774841685615],[-105.4879738382017,35.953782841153973],[-105.48801683839626,35.95378984147532],[-105.48805883764501,35.953794840804939],[-105.48811283834907,35.953798840986856],[-105.48816983829275,35.95380184112237],[-105.48822983837519,35.95380184111891],[-105.48828883841108,35.953799841023013],[-105.48834583835425,35.953796840880926],[-105.48840083820456,35.953791841545701],[-105.48845283791562,35.953784841218841],[-105.48850183838684,35.953775840799601],[-105.48854483768058,35.953765841233789],[-105.48858383768822,35.953754841621958],[-105.48861883840976,35.953742841064731],[-105.48864983804644,35.95372884131455],[-105.48867583835066,35.953713841518372],[-105.48869783846943,35.953697840776869],[-105.48871583840261,35.953679840842334],[-105.48872883810414,35.953661840908154],[-105.48874383789678,35.953625841040363],[-105.48875583844912,35.953582840848846],[-105.48876283787014,35.953536841418178],[-105.48876383791237,35.953489841042256],[-105.48875983772336,35.953447840897951],[-105.48874983815612,35.95341184103161],[-105.48873583840395,35.953380841396871],[-105.4887178384671,35.953356841186817],[-105.48870683795654,35.953347840771059],[-105.48869283820643,35.953339841301059],[-105.48865683833561,35.953325841554772],[-105.48861283809434,35.953314841048368],[-105.48848383840965,35.95329084084478],[-105.48844883768621,35.953280841283451],[-105.48842183823264,35.95326884072982],[-105.48838983764742,35.95324984075193],[-105.48836083810038,35.953228841580632],[-105.48833483779295,35.953206841463661],[-105.48830983843099,35.953182841254019],[-105.4885138379823,35.953073840695872],[-105.48870383778115,35.952930841263445],[-105.48870383773756,35.952431840659806],[-105.48846583837707,35.952170841188661],[-105.48806183763797,35.952122840789869],[-105.48747383735648,35.951969840939732],[-105.48749683749152,35.951609841369773],[-105.48747083808453,35.951600840954917],[-105.4877958378257,35.951247840792078],[-105.48825883764121,35.950605840740266],[-105.48790583744663,35.950325840396687],[-105.48767783763624,35.949904840717025],[-105.48764383783612,35.949638841002745],[-105.48765983765598,35.949383840895209],[-105.48783983788789,35.949207840835889],[-105.48816683774929,35.949170840903854],[-105.48874583758416,35.948984840358854],[-105.4890798377708,35.948957840889051],[-105.48938583756565,35.949003840301636],[-105.49048383810765,35.949265840668701],[-105.49071783817202,35.949411840215497],[-105.49186983852201,35.949715840723947],[-105.49345783932746,35.950435840668774],[-105.49375583875347,35.950503840200362],[-105.49427383939357,35.950714840040035],[-105.49524883960807,35.950706840512922],[-105.4959168390821,35.950652840673996],[-105.49674883984117,35.950376840447049],[-105.49733083979055,35.949910840437255],[-105.49833084025775,35.949828840183038],[-105.49884283971078,35.949928840283448],[-105.49901983983013,35.950055839853711],[-105.49913483978344,35.950286839742645],[-105.49916884048298,35.950553840402478],[-105.49912984049612,35.950802840233742],[-105.49886483994342,35.951216840517326],[-105.49836084002183,35.951803840724899],[-105.49799284010557,35.952372840091705],[-105.49739684043116,35.953117840419957],[-105.49720283959188,35.953767840826359],[-105.49726984004525,35.954300841200464],[-105.49738884018367,35.954528840950367],[-105.49776983988022,35.954843841112918],[-105.49801384040489,35.954953840792157],[-105.49901284082723,35.954888840425134],[-105.49949584070464,35.954640840614488],[-105.49982984089127,35.954613840245379],[-105.50074984126769,35.95475084023537],[-105.50108384055505,35.954723840765553],[-105.50169684109029,35.954814840443731],[-105.50236484146367,35.954761840651045],[-105.50308284143419,35.954457840034607],[-105.5038158411915,35.954051840094102],[-105.5043788420804,35.953829840582422],[-105.50571384188142,35.953722840051512],[-105.50633184174583,35.95377683981615],[-105.50678084188525,35.953974839957652],[-105.50717984241136,35.954237840411317],[-105.50726584191139,35.954368840171938],[-105.50740384200071,35.954250840100507],[-105.50744284200495,35.954200840482969],[-105.50783684226299,35.954047840576067],[-105.50837484290693,35.953988840513304],[-105.508379842241,35.954007840492736],[-105.50849184295106,35.954197840283562],[-105.50867284246067,35.955517840190055],[-105.50916084262013,35.955846840094843],[-105.50922984312221,35.955876840579549],[-105.50925084320122,35.955935840610039],[-105.50927584256623,35.955994840640301],[-105.50930384296954,35.956053840670442],[-105.50933384256619,35.95611184065416],[-105.50936684320087,35.956166840498909],[-105.50940084298239,35.95621984025103],[-105.5094368428564,35.956269840763632],[-105.50947484282273,35.956316840237918],[-105.50951284278877,35.956359840426565],[-105.50955184280076,35.956398840430033],[-105.50959184285888,35.956434840294619],[-105.50963184291652,35.956465840827192],[-105.50967384306658,35.956493840321585],[-105.50971484317,35.956517840530317],[-105.50975784336568,35.956537840553807],[-105.50979984351471,35.956553840392317],[-105.50987284330199,35.956573840414073],[-105.50995284341319,35.956588840204148],[-105.51003784285633,35.956598840661883],[-105.51012584333735,35.95660383998878],[-105.5102118428259,35.95660283993756],[-105.51029484307429,35.956596840554489],[-105.51037284309054,35.956585840041086],[-105.51044284363488,35.956568840149806],[-105.51048284368858,35.956554840399107],[-105.51052484293523,35.95653584041694],[-105.51056784312715,35.956512840249665],[-105.51068484314726,35.956446839887313],[-105.5107218430615,35.956427839905501],[-105.51075484369015,35.95641384015515],[-105.51087384290575,35.956372840050051],[-105.51099584316022,35.956337840222353],[-105.51105684328775,35.956323840470397],[-105.51111684336904,35.956310839865466],[-105.51117784349694,35.956300840298603],[-105.51123684353222,35.956291839878816],[-105.51129484352144,35.95628584049723],[-105.51135284351074,35.956280840262501],[-105.51140884340759,35.956278840166739],[-105.51146384325831,35.956278840163563],[-105.5115168439158,35.956279840206811],[-105.51156884362783,35.956283840388849],[-105.51161984329374,35.956289840663509],[-105.51166784372009,35.956297840131498],[-105.51176184358116,35.956317840152046],[-105.51185084321095,35.956342840404254],[-105.51193284341599,35.956370839896337],[-105.51200384401093,35.956402840473416],[-105.51204984344669,35.9564268406818],[-105.51209384368937,35.956453840129825],[-105.51213584383953,35.956482840569784],[-105.51217484385093,35.956514840249376],[-105.51221184376971,35.956547839975357],[-105.51224684359603,35.956582840693322],[-105.51227984332991,35.956620840650835],[-105.51230984382431,35.956660840701119],[-105.51233684328049,35.956702839944768],[-105.51236284358983,35.956746840180344],[-105.51238584376034,35.956792840508569],[-105.512405843792,35.956840840030218],[-105.51242484377758,35.956891840590039],[-105.51244084362426,35.956943840296965],[-105.51245384333215,35.956998840142859],[-105.51246584389321,35.957055840081324],[-105.51252384388846,35.957118840294768],[-105.51268284413138,35.957913840194649],[-105.51469284468406,35.958370840537597],[-105.51505284429022,35.958496840051033],[-105.51552784469115,35.958190840255391],[-105.51553984434253,35.958129840130461],[-105.5156218445412,35.958084840741769],[-105.51569784446116,35.958032840130159],[-105.51572984414311,35.958006840724053],[-105.51576184472378,35.957973840094759],[-105.51585384448066,35.957861840303593],[-105.51588684420807,35.957825840434779],[-105.51591784474267,35.957795839944353],[-105.51594884437843,35.957771840630784],[-105.51598284415354,35.957750840556606],[-105.51602684439214,35.957731840574347],[-105.51607084463099,35.957714839785275],[-105.51617884423662,35.957678839912127],[-105.51622884475319,35.957658839883187],[-105.51627184494512,35.957635840615247],[-105.51628884483256,35.957623840059128],[-105.51630284458085,35.957610840356189],[-105.51632184456024,35.95759084032904],[-105.51633984449289,35.957566840116989],[-105.51635584433275,35.957540839812459],[-105.51637084502541,35.957512840314784],[-105.51638484477211,35.957481839779042],[-105.51639584437984,35.957450840142819],[-105.51640584484045,35.957418840460385],[-105.51641284426262,35.957385839832568],[-105.51641684444516,35.957353840150461],[-105.51641984458146,35.957322840514678],[-105.51641984457883,35.957292840026028],[-105.51641684443737,35.957264840529383],[-105.51641184420335,35.957237840179843],[-105.5164048447762,35.957213839969171],[-105.51639484431089,35.957191839851241],[-105.51638384469869,35.957171839825868],[-105.51637284418784,35.957158840124364],[-105.51635784439091,35.957145840423102],[-105.51633984445506,35.957133839869002],[-105.51631884438022,35.95712184021432],[-105.5162668446666,35.957099840098778],[-105.51614484440532,35.957056839915069],[-105.51609584483091,35.957036839891856],[-105.51604984449584,35.957012839683479],[-105.51603184455988,35.956999839982394],[-105.51601784480933,35.956986840281076],[-105.51599784477972,35.956962840071206],[-105.5159828440823,35.956935839722171],[-105.51597084442282,35.956904840087311],[-105.51596384409538,35.956869840267061],[-105.51596084485264,35.956834840446533],[-105.51595984480282,35.9567948403946],[-105.51596984435291,35.956634840186098],[-105.51596984434705,35.956567839784249],[-105.51596684420505,35.956533840009996],[-105.51596084482352,35.956501840328542],[-105.515951844404,35.956473839932912],[-105.51593984474496,35.956447839630037],[-105.51591984471436,35.956411839764286],[-105.51589684454473,35.956375839898627],[-105.51584284473395,35.956302840121673],[-105.51577984450634,35.956231840437731],[-105.51571184404744,35.956165840086044],[-105.51568084440746,35.956141839876828],[-105.51564684462873,35.956120839806481],[-105.51560784461842,35.956101839829003],[-105.51556484442315,35.956086840036853],[-105.51551684399635,35.956073840337503],[-105.51546484428378,35.956063839877849],[-105.51540784433968,35.956055840410315],[-105.51534684421063,35.956051840228788],[-105.51524084469426,35.956048840096116],[-105.51511884443708,35.956052840288201],[-105.51498684461629,35.956061839812911],[-105.51462984426333,35.956090840275934],[-105.51452784403375,35.956095839613852],[-105.51443984445251,35.9560968396652],[-105.51433784421543,35.956015840420172],[-105.51427084376203,35.955482840046081],[-105.51429684404553,35.955230840076737],[-105.51526984409853,35.954435840111451],[-105.51543884379443,35.953959839662886],[-105.51541784367504,35.95343783979505],[-105.51547284440252,35.953179839546465],[-105.51528084348891,35.951917839626084],[-105.51533584423728,35.951898839643157],[-105.51539484427204,35.951883838945754],[-105.51546084373216,35.951871839286113],[-105.51553384441623,35.951862839764821],[-105.51559884383047,35.951856839483462],[-105.5156728436619,35.951851839247844],[-105.51592884383278,35.951841839669697],[-105.51602384373798,35.951836839432929],[-105.51604884399698,35.951834839338943],[-105.51624584413138,35.951819839532881],[-105.51639184460089,35.951809839061795],[-105.5165918439755,35.951800839533206],[-105.51676884408357,35.951798839430445],[-105.51685184433262,35.951800839518199],[-105.51693184444278,35.951803839652371],[-105.51700884441418,35.951809839026154],[-105.51708284424663,35.951816839345796],[-105.51712884458014,35.951822839620682],[-105.51717584406101,35.951832839181336],[-105.51722584458038,35.951844838834276],[-105.51727984438618,35.951860839571417],[-105.51738284466553,35.951894839339914],[-105.51763984489206,35.951990839269968],[-105.51771184463323,35.952013839430592],[-105.51777584490257,35.95203183936033],[-105.51784784464294,35.952045839104613],[-105.51791284495766,35.952052839424674],[-105.5179448446419,35.952052839422841],[-105.51797484423339,35.952051839374818],[-105.51800384467766,35.952048839234386],[-105.51803184417605,35.952043839001433],[-105.51806784494416,35.952034839482259],[-105.51810584490549,35.952023838971151],[-105.518182844874,35.951996839516148],[-105.51826084488806,35.951960839644734],[-105.51833884490158,35.951918839495704],[-105.51841384477562,35.951870839069244],[-105.51848284437131,35.951819839403662],[-105.51854484454167,35.951765839599759],[-105.51859684424855,35.951710838850765],[-105.51861284498816,35.951689838777547],[-105.51862784478195,35.95166683951124],[-105.51864184452909,35.951640839206846],[-105.51865484422973,35.951612838809943],[-105.51867684434437,35.951549839491243],[-105.51871284510166,35.951416838731703],[-105.5187308450316,35.951360838837765],[-105.51875484434018,35.951304838943493],[-105.51878284473428,35.951257839465313],[-105.51883684453256,35.951187838921548],[-105.51889884470171,35.951119839369184],[-105.5189648450565,35.951054839056084],[-105.51903584474393,35.950992838881469],[-105.51910984457098,35.950937839030544],[-105.51918484444495,35.950889838604091],[-105.51925984431945,35.950847839354566],[-105.51933584514035,35.950813838676439],[-105.51940684483093,35.95078783926806],[-105.51948484484627,35.950766839191331],[-105.51956684504725,35.950748839253109],[-105.51965384458099,35.950734838600397],[-105.51974484519985,35.950725839078068],[-105.51983784501226,35.950719838795081],[-105.51993284491796,35.950719838789595],[-105.52002684477762,35.95072383896926],[-105.52002884487094,35.950730839293001],[-105.52007984454315,35.950809839347734],[-105.52012884503851,35.951076839107373],[-105.52019384535848,35.951143838606157],[-105.52025184538762,35.951594838784288],[-105.5204378450242,35.951716839022033],[-105.52145584542622,35.951635838812948],[-105.5215068450872,35.951585839194706],[-105.52184584550554,35.951558838825306],[-105.52189584512021,35.951508839207058],[-105.5220098450062,35.951499838784059],[-105.5224338457575,35.951374839271594],[-105.52266084548322,35.951356839325065],[-105.522760845599,35.951109838683479],[-105.52286184577403,35.951010838593994],[-105.52290184582219,35.950932838580187],[-105.52289784562902,35.950843838959401],[-105.5230548457,35.95073183916449],[-105.52309684584159,35.950662838667718],[-105.52317284576074,35.950600838492782],[-105.52328784567216,35.950352838703445],[-105.52327584600452,35.950227838316835],[-105.52335684525838,35.950192838491489],[-105.52373784582501,35.950173838489754],[-105.52402384558485,35.950133838421273],[-105.52412684590027,35.950580838411675],[-105.52416184572172,35.95056083838368],[-105.52463884622648,35.950382838214736],[-105.52497284641314,35.950355838744876],[-105.52609684630848,35.950014838191827],[-105.52627184630794,35.949830838662045],[-105.52652084614203,35.949678838809795],[-105.52732984672586,35.949303838500548],[-105.52764384688096,35.94923083870232],[-105.52796384642002,35.949216838036094],[-105.52815384624124,35.94933083790351],[-105.52827084628727,35.949561838691558],[-105.52833784674064,35.950094838166329],[-105.52784884666929,35.951304838418224],[-105.52754784625239,35.951779838828109],[-105.52741284635513,35.952504839103668],[-105.52754784640898,35.953571838998727],[-105.52781184698114,35.953911838526018],[-105.5288348467399,35.954109838634345],[-105.52907684716983,35.954196839048201],[-105.52929684748459,35.954340838503143],[-105.52961784710067,35.954678838833964],[-105.52977084711232,35.956008839204685],[-105.52952884763039,35.956478839379784],[-105.52915284732953,35.956887839438458],[-105.52836384767299,35.957267839078604],[-105.5280768469689,35.957323839887451],[-105.52775884752238,35.957335839561644],[-105.52756884680178,35.957221839694277],[-105.5275348470015,35.956954839034452],[-105.52722684708685,35.956597839622511],[-105.52664384701377,35.956177839110346],[-105.52638784683774,35.956128839556094],[-105.526053846651,35.956154838979664],[-105.52592984630722,35.956227839666276],[-105.52587084627068,35.956222839438318],[-105.52581384632722,35.956221839395369],[-105.52576084656934,35.956223839490939],[-105.52571084695087,35.956229839771424],[-105.52566284652599,35.956238839291281],[-105.5256188462868,35.956251838995968],[-105.52557684703989,35.956267839738636],[-105.52553784703305,35.956287839766865],[-105.5255158469141,35.956301839516563],[-105.5254938467954,35.956317839358711],[-105.52547084663061,35.956337839386087],[-105.52544884651243,35.956359839505907],[-105.52540684636918,35.956409839123616],[-105.5253698464582,35.956466839064952],[-105.52533984687174,35.956524839052129],[-105.52531884680297,35.956582839938108],[-105.52531184648096,35.956609839389024],[-105.52530784629781,35.956634839646576],[-105.52530684625353,35.956658839857681],[-105.52530784630184,35.956680839076853],[-105.52531484662829,35.956704839287461],[-105.52532984642619,35.956728839497679],[-105.5253538466411,35.956752839707342],[-105.52538584632751,35.956777839962825],[-105.52541884695913,35.956797839087571],[-105.52545884701611,35.956820839250049],[-105.52565084692856,35.956917839230165],[-105.52569384712474,35.95694283948496],[-105.52572784690371,35.956966839694097],[-105.52575284716492,35.956989839857428],[-105.52577184714806,35.957012839121788],[-105.5257838468068,35.957035839285879],[-105.52578884704053,35.957058839450362],[-105.52578884704191,35.957074839291295],[-105.52578684695069,35.957091839178666],[-105.52577484639791,35.957128839991853],[-105.52575584642017,35.95716783999864],[-105.52569184706149,35.957279839788178],[-105.52567784641582,35.957314839609651],[-105.52566884690079,35.957345839245747],[-105.52566584676458,35.957377839827103],[-105.52566884690656,35.957411839601342],[-105.52567584633485,35.957448839514107],[-105.52568884694067,35.957487839519075],[-105.52570284669315,35.957522839338914],[-105.5257218466776,35.957560839297294],[-105.52581484650545,35.957730839962537],[-105.52583384649024,35.957772840105953],[-105.5258478471423,35.957810840064603],[-105.52585684666339,35.957848840023495],[-105.52585984680536,35.95788283979774],[-105.52585684666924,35.957915839526038],[-105.52584884720059,35.957946840061446],[-105.52583884673932,35.957971839419976],[-105.52582284689962,35.957998839770767],[-105.52574484689207,35.958109839514826],[-105.52572984709843,35.958133839726791],[-105.52571884659049,35.95815483979964],[-105.52570684693667,35.958187839528449],[-105.52569784652239,35.958219840110154],[-105.52569184714639,35.958250839746121],[-105.52568884700999,35.9582808393356],[-105.52568884701243,35.958308839731728],[-105.52569284720013,35.958335840081325],[-105.52569984662745,35.958361839485192],[-105.525709847093,35.958385839695708],[-105.52572284679819,35.958409839905983],[-105.52573984668855,35.958431840023529],[-105.52575984671785,35.958452840094679],[-105.52578284688609,35.958472840119335],[-105.52580884719316,35.958490840051262],[-105.52583884678627,35.958508839983011],[-105.52587184651827,35.958524839822026],[-105.52590784728848,35.95853983961463],[-105.52594684729829,35.958553839360768],[-105.52598984659397,35.958565839913476],[-105.52603484688157,35.95857683952044],[-105.52608384735449,35.958586839980278],[-105.52619184696471,35.958603839861226],[-105.52631284717695,35.958615839510117],[-105.52644684709171,35.958621839779951],[-105.52659284666291,35.958623839864082],[-105.5267528468824,35.958620839716026],[-105.52692484675832,35.958613839382245],[-105.52714684716543,35.958753839551335],[-105.52737184683323,35.959133840032202],[-105.52748784773222,35.95936483992098],[-105.52766784719827,35.960715840362369],[-105.52857884811219,35.961485839961455],[-105.53058884874305,35.962837840343347],[-105.53224484914426,35.964039840100995],[-105.53272584905223,35.965201840773979],[-105.53345684889726,35.966858840951588],[-105.53401684970409,35.967288841028356],[-105.5347238492556,35.968023840818525],[-105.53484084930162,35.968254840707282],[-105.53490884980137,35.968787841081244],[-105.53513185027596,35.969168840709116],[-105.53516585007611,35.969434841322673],[-105.53528285012212,35.969665841211359],[-105.53547885022608,35.969832840832517],[-105.53548484960875,35.969877841115498],[-105.53672285037668,35.970525841346415],[-105.53844285095434,35.970683840463039],[-105.54083485114478,35.970256840354303],[-105.54323185171161,35.97148284028011],[-105.54426085171693,35.971321840865741],[-105.54606985274056,35.970554840348925],[-105.54730085304121,35.969570840617784],[-105.54712085275467,35.969121840539337],[-105.54632685270651,35.967673840142389],[-105.54563385198202,35.966674839828549],[-105.54551485185452,35.966571839566669],[-105.54567085188225,35.966495839638739],[-105.54564185233102,35.966426840045386],[-105.54699485206713,35.966325839790869],[-105.54713585229503,35.966202839487991],[-105.54702685256424,35.96533783994402],[-105.54663885253905,35.964973839313551],[-105.54599285224245,35.964529839493331],[-105.5453358514772,35.964555839834915],[-105.54468485189776,35.964677839221729],[-105.54440085133665,35.9647788394144],[-105.544156851735,35.964938839636396],[-105.54378285152848,35.96536583962839],[-105.54346885137052,35.965406839744759],[-105.54322485176888,35.965566839966819],[-105.54255685139553,35.96561983975954],[-105.54230085121952,35.965570840205295],[-105.54146485110793,35.965084840251542],[-105.5410698507671,35.964820839751489],[-105.54029385072246,35.964157839699148],[-105.54026085096859,35.963891839984861],[-105.54002685087659,35.963429839308063],[-105.53989184992345,35.9623638394594],[-105.53994885074475,35.962118839812199],[-105.53991485004524,35.961852839198635],[-105.54016684999506,35.961434839630087],[-105.54034685022701,35.961259839617092],[-105.54043385064081,35.9610258395778],[-105.54064285042162,35.960892839707597],[-105.54079185009299,35.960450839034635],[-105.54075785029271,35.960183839274166],[-105.54064585048202,35.959993839483424],[-105.54058685042484,35.959752839128655],[-105.54042285000762,35.959613839002465],[-105.54024384974339,35.95888983879135],[-105.54004884968694,35.958735838872244],[-105.53991384963314,35.957669839023566],[-105.54031284998658,35.955958838980209],[-105.54024584953325,35.955425838606168],[-105.54030284945527,35.955181838105879],[-105.54072785021081,35.954574837877033],[-105.54104984983977,35.954529838474429],[-105.5412808497625,35.954645838431986],[-105.54174185051147,35.955455838109025],[-105.54187585051896,35.95652283890341],[-105.54181885059695,35.956766838504365],[-105.54191985085055,35.957566838638883],[-105.54210685059175,35.958354839112516],[-105.54208685061089,35.958887838592311],[-105.54222185066466,35.959953839340294],[-105.54233785066431,35.960184839229136],[-105.54237385055713,35.960449838896942],[-105.54296785116641,35.961172839037765],[-105.54337785130515,35.961461838895055],[-105.54395985130577,35.961582839063588],[-105.54429385149243,35.961556838740698],[-105.54577585183947,35.961787839449862],[-105.54610985202602,35.961760839080732],[-105.54664585169769,35.961927838682179],[-105.54725885223284,35.962018839259656],[-105.54759285241992,35.961997839168063],[-105.5479218523805,35.962035839108509],[-105.54809885249965,35.962160838586229],[-105.548578852275,35.962336838607314],[-105.54896485219912,35.962604839293022],[-105.54908885256475,35.962781839380966],[-105.54970285224695,35.962872839059031],[-105.55070485280675,35.962792838897172],[-105.55081385246247,35.962799839214725],[-105.55073685247987,35.962665839314809],[-105.55069385317879,35.962591838591592],[-105.55132985295064,35.962334839255107],[-105.55146585294706,35.962214839091253],[-105.55207785337203,35.961575838270441],[-105.5514068527478,35.960348838198605],[-105.5513728529677,35.960311838287346],[-105.55127585295664,35.960166838779003],[-105.55118485225326,35.959208838528561],[-105.54941985210966,35.957006838376948],[-105.54974985199424,35.955645838342853],[-105.55065785165991,35.954014837474773],[-105.55093385172701,35.952503837698536],[-105.55062485178505,35.952363837534406],[-105.55048485158601,35.952286837577333],[-105.54951985181125,35.952021837063882],[-105.54943185131624,35.951856837529029],[-105.54883785158218,35.950857837209334],[-105.54821485146262,35.950533837543723],[-105.54901585167096,35.950104837434566],[-105.5487578513839,35.949845837157802],[-105.54830485100638,35.949043836951127],[-105.54790985066066,35.948722837411097],[-105.54768185087643,35.948600837175775],[-105.54670785070846,35.948608836702881],[-105.54626385084019,35.948861836742545],[-105.54596885069883,35.94930783760897],[-105.54591185077683,35.949552837256178],[-105.54597585109117,35.950085837630454],[-105.54595885035012,35.950620837202585],[-105.54616085085725,35.952219837425382],[-105.54575485095201,35.952481837879247],[-105.54550185092623,35.952560837951545],[-105.54528885095969,35.952689837636861],[-105.54499985106357,35.952760838240458],[-105.54456985094842,35.953055837524566],[-105.54384985088832,35.953393837915506],[-105.54351585070177,35.953420838284629],[-105.54322985003213,35.953340838197164],[-105.54311885026394,35.953106838169298],[-105.54301185063188,35.952309838173875],[-105.54306885055384,35.952064837627368],[-105.5433468499097,35.951644837964785],[-105.54306885030778,35.949248837744797],[-105.54323384979465,35.948501837349013],[-105.54319984999444,35.948234837588572],[-105.54365884962719,35.947623837172642],[-105.54422284963505,35.947081837245079],[-105.54449085034906,35.94692383711417],[-105.54486185041959,35.946530836896756],[-105.54528385016101,35.946200836893183],[-105.5456018505035,35.946150836360154],[-105.54609985017848,35.945924836667196],[-105.54631385019024,35.945782836380374],[-105.54660685027174,35.945712836722116],[-105.54735785086169,35.945290836939741],[-105.54778185069526,35.944954836658404],[-105.5480578508845,35.944840836764115],[-105.54894685065612,35.944205836112346],[-105.54932685112513,35.943599835932353],[-105.54952185114972,35.943388836051597],[-105.54986185063701,35.942468835735596],[-105.55029385084924,35.942223836066724],[-105.55043685116733,35.942072836266973],[-105.55101485095567,35.941885835675784],[-105.55234985165565,35.941777835997897],[-105.55278885128679,35.941462835787988],[-105.55308385143506,35.941095835878606],[-105.55329585135526,35.94096683529402],[-105.55362385123631,35.94062483563993],[-105.55415185140589,35.940441835236776],[-105.55448485154615,35.94041483576698],[-105.55477185136154,35.940480835206678],[-105.55483885181488,35.941013835580733],[-105.55428185215237,35.941795835819825],[-105.55396785207216,35.942726835743841],[-105.55388985209846,35.943224835406312],[-105.55399085235197,35.944023836393917],[-105.55419185179183,35.944231836113012],[-105.55430185240934,35.944423835996481],[-105.55433785230206,35.944688835664287],[-105.55444985211277,35.94487883635442],[-105.55464485216919,35.945032836273498],[-105.55499185211923,35.945696836396948],[-105.55519185241104,35.945892836460203],[-105.55552685269613,35.946462835832648],[-105.55556085249631,35.946729836492452],[-105.55550385257438,35.946974836139646],[-105.55529485281926,35.947401836122054],[-105.55523785289725,35.947646836668589],[-105.55543285307982,35.949243836799255],[-105.55535485312537,35.949961836747562],[-105.55538885292549,35.950227836461785],[-105.55549385241237,35.950423836530597],[-105.55600585276444,35.950522836584675],[-105.55617185327948,35.95071983669618],[-105.55650085323471,35.950696836512385],[-105.55669085305597,35.950810836379802],[-105.55695885288777,35.950848837223063],[-105.55769585378874,35.951118837081701],[-105.55788285347482,35.951276837186278],[-105.55812285381246,35.951368836932282],[-105.55866785389952,35.951517836599777],[-105.55924885384968,35.951592836438842],[-105.55958285403636,35.951566837015271],[-105.55979885414243,35.95144383670808],[-105.56001085405578,35.951236837011372],[-105.56020585406283,35.950825836870642],[-105.56026185395697,35.950792836239984],[-105.56031485371197,35.950757836416265],[-105.56036585427361,35.950722836592654],[-105.56041485384311,35.950686836722916],[-105.56046185421917,35.950649836807031],[-105.56050585355685,35.950611836845034],[-105.56054785370112,35.950573836883144],[-105.56058785375254,35.950533836828868],[-105.56062485366499,35.950493836774712],[-105.5606598543839,35.950451836628169],[-105.56069285411078,35.950409836481768],[-105.56072285369854,35.950366836289284],[-105.5607508540929,35.950322836949908],[-105.56077685439455,35.950278836711377],[-105.56080085370408,35.950232836380408],[-105.56082185377382,35.950186836049625],[-105.5608338543272,35.950155836413316],[-105.56084285384198,35.950121836638438],[-105.5608508542096,35.950086836817299],[-105.56085685358501,35.950048836857512],[-105.56086285385572,35.949964836568135],[-105.56086585397937,35.949788836519119],[-105.56086985415814,35.949713836646232],[-105.56087985371541,35.949635836634215],[-105.56088785408309,35.949600836813111],[-105.56089785364436,35.949568836231336],[-105.56092285389815,35.949507836105639],[-105.56095985380833,35.949441836647296],[-105.5610008539042,35.949379836474414],[-105.56110485421405,35.949232835962604],[-105.56115085364124,35.949158836133577],[-105.56117085366544,35.949121836219255],[-105.5611858543575,35.94908683639774],[-105.56119685396492,35.949052836622677],[-105.56120485433279,35.949019835994783],[-105.561207853569,35.948979835942637],[-105.56120585437178,35.948935836605038],[-105.56119685395068,35.948889836275974],[-105.56118185415058,35.948839836661513],[-105.56116385421191,35.948795836425525],[-105.56114185408748,35.948746835958381],[-105.56105885382473,35.94858783580154],[-105.56103185346785,35.948530835863885],[-105.56100885419607,35.948477836111138],[-105.56099285345046,35.948429836589263],[-105.56098185383614,35.948384836306587],[-105.56097785364696,35.948341836116057],[-105.56097985373619,35.948301836063926],[-105.56098785410369,35.948264836150308],[-105.56099685361902,35.948237835799951],[-105.56101085426546,35.948210836348579],[-105.56102885419776,35.948182835951414],[-105.5610518534623,35.948152836360769],[-105.56109985388341,35.94810083575085],[-105.56122085408394,35.947978836394682],[-105.56124885357997,35.947946835811877],[-105.56127185374405,35.947918836313804],[-105.56129085372272,35.947890835916581],[-105.5613058535162,35.947864836511428],[-105.56131785407001,35.947838836207168],[-105.5613258535392,35.947813835949354],[-105.56133185381471,35.947784836405944],[-105.56133485395084,35.947751835778348],[-105.56133485394734,35.947711835726338],[-105.56132885365857,35.947588836331256],[-105.56133085374793,35.94755083637174],[-105.56133685402311,35.947517835743902],[-105.56135185381473,35.947470836266547],[-105.56137285388438,35.94742283584322],[-105.56139885418558,35.947373836272689],[-105.56142985381922,35.947324835802476],[-105.5614658536846,35.947276836277645],[-105.56150685378161,35.947227835806871],[-105.5615538541566,35.947178836235118],[-105.56160385377144,35.947130835810114],[-105.56219185403751,35.947108835657616],[-105.56230885408337,35.947338836399453],[-105.56238785421638,35.94813383630386],[-105.562352854415,35.948383836181137],[-105.56252185426892,35.949716836689575],[-105.5624028541897,35.950165836785366],[-105.56209785447723,35.950530836602837],[-105.56204085455515,35.950774836203699],[-105.56215285436595,35.950965836940114],[-105.56253685419364,35.951191836582112],[-105.56280585497467,35.951270836624225],[-105.56293785481215,35.951452836943076],[-105.56320385456669,35.951666836935992],[-105.56477885474173,35.952071836696845],[-105.56488685525358,35.952114836881357],[-105.56668185575863,35.952838836999042],[-105.56733085524436,35.952704836157857],[-105.56733285533447,35.952675836614674],[-105.56747285552014,35.952599836687654],[-105.56749385557914,35.952430836062163],[-105.56753985591303,35.952440836522157],[-105.56758985553272,35.952448836889417],[-105.56764285529124,35.952454836264586],[-105.5677018553277,35.952458836446269],[-105.5678178562069,35.952463836670866],[-105.5681218559053,35.952467836838338],[-105.5682068562472,35.952471836119216],[-105.56828085607972,35.952479836485026],[-105.56835985614451,35.952493836228918],[-105.56839585601487,35.952502836643177],[-105.56842885574629,35.952512836204598],[-105.5684608563308,35.952523836711705],[-105.56848885583091,35.952537836458461],[-105.56851585618395,35.952551836205259],[-105.56854085554521,35.952567836044771],[-105.56860185567824,35.952616836509655],[-105.56866085571919,35.952672836399124],[-105.56871785566818,35.952736836658879],[-105.56876985628531,35.952806836297192],[-105.5688178558182,35.952881836167045],[-105.56886085601896,35.952959836175978],[-105.56889585584912,35.95303883623167],[-105.56892285620785,35.953117836287795],[-105.56894085614869,35.953186836781086],[-105.56895285581201,35.953261836653084],[-105.56895985614345,35.953342836802882],[-105.56896285629,35.953428836284907],[-105.56895985615465,35.953470836429659],[-105.56895085574133,35.953513836620921],[-105.56893685599604,35.953560836098234],[-105.56891685597296,35.953610836614033],[-105.56889585590305,35.953655836898569],[-105.56886885645491,35.953705836515404],[-105.56874285603122,35.953924836762319],[-105.56871485653723,35.95398083665691],[-105.56869585566106,35.954029836227036],[-105.56868085586974,35.954080836788819],[-105.5686758565415,35.95412783626557],[-105.56867685569043,35.954149836384047],[-105.56867985583128,35.954170836456164],[-105.56868485606476,35.954190836481864],[-105.56869185639079,35.954209836461182],[-105.56871185642156,35.954247836419412],[-105.56873885587765,35.954288836516142],[-105.56877185651133,35.954331836705045],[-105.56881185657001,35.954374836893493],[-105.56885585591485,35.95441883622869],[-105.56890385634426,35.954461836416669],[-105.56895385596674,35.954501836465745],[-105.56900585658106,35.954539836422192],[-105.56905585620291,35.954571837000493],[-105.56910585582442,35.954600836540664],[-105.56915485629841,35.954623836702609],[-105.5692018566794,35.954642836679611],[-105.56924685606795,35.9546568364254],[-105.56928885621636,35.954665836839361],[-105.5693278562252,35.954668836975912],[-105.56936385609468,35.954667836927577],[-105.56940385614887,35.95465883650887],[-105.5694468563414,35.954642836665464],[-105.56949185662586,35.954617836405504],[-105.5695398561494,35.954585836720909],[-105.56958185629412,35.954552836990345],[-105.56962885666981,35.954511836889388],[-105.56978485669148,35.954365836420841],[-105.5698418566304,35.954314836755977],[-105.56988885610653,35.954270836516251],[-105.5699348564352,35.954221836944477],[-105.56997985671686,35.954164837002736],[-105.57002385605233,35.954101836783423],[-105.57006285605551,35.954039836610654],[-105.57010285610423,35.953968836920787],[-105.57023785604243,35.953712836760204],[-105.57029185673774,35.953616836812188],[-105.57035185681194,35.953522836057012],[-105.57038085635365,35.953482836003353],[-105.57040985679492,35.953445836088498],[-105.57044685670732,35.953405836034356],[-105.57048485666645,35.953369836165251],[-105.57052385667242,35.95333983657369],[-105.57056385672506,35.953313836267796],[-105.57060585687084,35.953292836193079],[-105.57064885616403,35.953275836303433],[-105.57069385644952,35.953262836598704],[-105.5707408568281,35.953254836225895],[-105.57079185649329,35.953252836130368],[-105.57085385666871,35.953256836311859],[-105.57091385675183,35.953264836678528],[-105.57106185641761,35.953288835981667],[-105.57113185696412,35.953296836347775],[-105.57116485669484,35.953298836438385],[-105.57119485628628,35.953297836390384],[-105.57122185663789,35.953294836250045],[-105.57124685689666,35.953290836063552],[-105.57126785696997,35.953284836684062],[-105.57128785699673,35.953276836312753],[-105.571306856977,35.95326683674832],[-105.57132485691069,35.95325483619213],[-105.57135985673149,35.953226836693304],[-105.5713938565052,35.95318983677813],[-105.5714218569,35.953150836770781],[-105.57145085644106,35.953103836393296],[-105.57155085656144,35.952909836405212],[-105.57157385672426,35.952867836259387],[-105.57159685688758,35.952831836391098],[-105.5716248563831,35.952793836430061],[-105.57165285677841,35.952760836700286],[-105.57168285636757,35.952733836348713],[-105.57171385690279,35.952710836182135],[-105.57175285690954,35.952689836107602],[-105.57179785629526,35.952671836171582],[-105.57185085695126,35.952655836327601],[-105.57191185707887,35.952642836621933],[-105.57196885702152,35.952634836248485],[-105.57203485648199,35.952626835874582],[-105.57225785692138,35.952606835835716],[-105.57233485689153,35.952598836360423],[-105.5724068566298,35.952588835893614],[-105.57246585666472,35.952575836188082],[-105.57249585715483,35.952566835769936],[-105.57252285660645,35.952556836205055],[-105.57254685681831,35.952545836594098],[-105.57256785689117,35.95253483608392],[-105.57258585682477,35.952520836334507],[-105.57260085661927,35.952506836585265],[-105.57261285717395,35.952490835844323],[-105.57262185669022,35.952473835956553],[-105.57263585643631,35.95243583599634],[-105.57264585689576,35.952390835712471],[-105.57265085712319,35.95234183614307],[-105.57265085711875,35.952290836481531],[-105.57264585688264,35.95224083596716],[-105.57263585641506,35.952192836444951],[-105.57262185666173,35.952147836162453],[-105.5726038567234,35.95210783611153],[-105.57257785641441,35.952067836061026],[-105.57253985644839,35.952024835872457],[-105.57249485705722,35.951980836537331],[-105.57240785661644,35.951905835770411],[-105.57233185668643,35.951842836457381],[-105.57224785638579,35.951780836291697],[-105.5721578567066,35.951720836218954],[-105.57206285679592,35.951663836285249],[-105.57196285665397,35.951610835637638],[-105.57185985637324,35.951560836028229],[-105.5717548568996,35.951515835750982],[-105.57164685638803,35.951475835705274],[-105.5715398568226,35.951440835890793],[-105.5714338564046,35.951410836307616],[-105.57132785688641,35.951386836102664],[-105.57122385656216,35.951368836175241],[-105.57112185633099,35.951355836479003],[-105.57102285623942,35.951348836160832],[-105.57092785633365,35.951347836120064],[-105.5708358565675,35.95135283635674],[-105.57079485646673,35.951358835737324],[-105.57074885613483,35.951370836295176],[-105.5706988565172,35.951386836139008],[-105.57064285662207,35.951408836260768],[-105.57053185597944,35.951459835928794],[-105.57026985644072,35.951593835848215],[-105.57020485612917,35.951622836294355],[-105.57015085632653,35.951642836323529],[-105.57012085583641,35.951650835796023],[-105.57009485643064,35.951655836028884],[-105.57007085621802,35.95165783612277],[-105.5700498561441,35.951656836077738],[-105.57003185620893,35.951652835893732],[-105.57001585636621,35.951645836470121],[-105.57000285576292,35.951635836008172],[-105.56999185615132,35.951621836260415],[-105.56998385577931,35.951606836466205],[-105.56997685635254,35.951587836486944],[-105.56996585583863,35.95153983606545],[-105.56995985645486,35.951481836080362],[-105.5699538561679,35.951379835858205],[-105.56995285611755,35.951333836428041],[-105.56995385615976,35.951286836052098],[-105.56995885638729,35.951238836529043],[-105.56996585580814,35.951190836106512],[-105.56997685631347,35.951140836490588],[-105.5699908560585,35.951089835928862],[-105.57000685589597,35.951036836173849],[-105.57002685591863,35.950981836326058],[-105.57006685596531,35.950887836471331],[-105.57011785652082,35.95078283610713],[-105.57017085627014,35.950682835974135],[-105.57030385611678,35.9504398364151],[-105.57036785637354,35.950313835977816],[-105.5704698565855,35.9501078363338],[-105.57057885622285,35.949904835928777],[-105.57069385613832,35.949702835569688],[-105.57081585637843,35.949503836248311],[-105.57122885663053,35.949499836039386],[-105.57132285648404,35.949433835678356],[-105.57132185643835,35.949440836002331],[-105.57147885652201,35.949474835767603],[-105.57164885630313,35.949443836122221],[-105.57179085658389,35.949395835691931],[-105.57200485660168,35.949323835945677],[-105.57218385679113,35.949192835270509],[-105.57228985629766,35.949083835617337],[-105.57240485622479,35.949015836061918],[-105.5724678564402,35.948946835563881],[-105.57250985658381,35.94890083523191],[-105.57265085680521,35.948703836001982],[-105.5727068566927,35.948594835452397],[-105.57273285608743,35.948463835685374],[-105.57274785677994,35.948433835195829],[-105.57296485692976,35.94828183534549],[-105.57351385627607,35.948124835244691],[-105.5735558564207,35.948090835467845],[-105.57360285679707,35.948056835690721],[-105.57365485650568,35.948021835867102],[-105.57371285649235,35.94798683514378],[-105.57382885646612,35.947921835727101],[-105.57409185695019,35.947783835622488],[-105.57417485719527,35.947740835426877],[-105.57426485686565,35.94769983532349],[-105.57436185686046,35.947659835265839],[-105.57446785727234,35.947619835207774],[-105.57457085664633,35.94758483538115],[-105.57468685662263,35.947548835507554],[-105.57512685721575,35.947420834956034],[-105.57530785660501,35.947363835006399],[-105.57540485660053,35.947331835318984],[-105.5754928570782,35.947298835585727],[-105.5755748572779,35.947265834953555],[-105.57565185724582,35.947232835221008],[-105.57577485664521,35.94717383518222],[-105.57589885698958,35.947107834819448],[-105.57602585747236,35.947034835031992],[-105.57615785728676,35.946952834827897],[-105.57628485686932,35.94686883543087],[-105.57642385700684,35.94677283547793],[-105.57694985706651,35.94639283495372],[-105.5770678571314,35.946309834704174],[-105.57717585763295,35.946235834871572],[-105.5773018571693,35.946153834667754],[-105.57742185732764,35.946079834834457],[-105.57753785730122,35.946012835325298],[-105.5776518571827,35.945951835194457],[-105.5777238578181,35.945916834470324],[-105.57780585711816,35.945880834598675],[-105.57813285787076,35.945751834906773],[-105.57820485760728,35.945721834413909],[-105.57826785782628,35.945693834913527],[-105.57833785746966,35.945658835088821],[-105.57840085768805,35.945623834365215],[-105.57845685758193,35.945587834495072],[-105.57850785724405,35.945550834578896],[-105.57853885777918,35.945526834366071],[-105.57875185773231,35.945244834796668],[-105.57872785749768,35.944995834969113],[-105.57857185744375,35.9447718345072],[-105.57818485745979,35.944347834697979],[-105.57797285751523,35.944197834964989],[-105.57769485721299,35.944078834871362],[-105.57751285685819,35.943907834165039],[-105.57742985748938,35.943687834783219],[-105.57889685691048,35.941278833861183],[-105.5789768569993,35.941037834397761],[-105.57890885739887,35.940503833977523],[-105.57879685758817,35.940313834186732],[-105.57856885689932,35.940130833827162],[-105.57832385722948,35.940040834174013],[-105.57794385668777,35.939813833586243],[-105.5776258572143,35.939515834206595],[-105.57736885698888,35.939431833932382],[-105.57762985648311,35.939318834085228],[-105.57796285662332,35.939291833716162],[-105.57855585710654,35.939103833977207],[-105.5789158566778,35.938830833916391],[-105.57900585716165,35.937806833299952],[-105.57875485721847,35.937770833447466],[-105.57848985663993,35.937887833479955],[-105.5783068571648,35.938022833441082],[-105.57803085697556,35.938136833335413],[-105.5776918565905,35.938543834198668],[-105.57715085672432,35.93880083352969],[-105.57685085632025,35.938891834159882],[-105.57618385689122,35.938927834065318],[-105.57530385656527,35.938735834226385],[-105.57483085620927,35.938493833849286],[-105.57476385578214,35.938260833865073],[-105.57490585605093,35.938075834290977],[-105.57548785602516,35.937895834023422],[-105.57598585659022,35.937564833969191],[-105.57629285639446,35.937188833642722],[-105.57653385673113,35.936738833493649],[-105.57661285675019,35.936229833322209],[-105.5765968559982,35.936108833120983],[-105.57687685638082,35.936086833885582],[-105.57743885635149,35.936180833705478],[-105.57767385645947,35.936295833616569],[-105.57965885670505,35.936211833212923],[-105.57994285726613,35.936110833020301],[-105.58019185710017,35.935958833168065],[-105.58078485758342,35.935770833429139],[-105.58098985717834,35.935631833281626],[-105.5812668574174,35.935557833439262],[-105.58196085717064,35.935205833301481],[-105.58283585719374,35.934582833205774],[-105.5830458579163,35.934404833052206],[-105.58359385814049,35.934532832647328],[-105.58398685739456,35.933713832504615],[-105.58477185776884,35.93337783220251],[-105.58509285824964,35.933320832244789],[-105.58523485762198,35.933168832398792],[-105.58548885768836,35.933023832870177],[-105.58583585844845,35.932665832474846],[-105.58622185826698,35.931725832130319],[-105.5869978581426,35.93045583178408],[-105.58709685821258,35.930214832319514],[-105.5875518585605,35.92961783165233],[-105.58833885809571,35.928910831272695],[-105.58870485793001,35.928465831347772],[-105.5887598586576,35.928208831145483],[-105.58890985839689,35.92801383110821],[-105.58869985839544,35.926148831169812],[-105.58884185771518,35.925393831304625],[-105.58880785791503,35.925126831544148],[-105.58896885816165,35.924903831110157],[-105.58900885819344,35.92463883143796],[-105.58903185831534,35.924127831177223],[-105.58896385781574,35.923594830803268],[-105.58839385743968,35.923102830556488],[-105.58797985802222,35.922895830895925],[-105.58780085780643,35.922724831088736],[-105.58757785733206,35.922343830561495],[-105.58754385753201,35.922077830847272],[-105.58743185772131,35.921887831056473],[-105.58726285696825,35.920554830547992],[-105.58714585692235,35.920323830659207],[-105.58690885746842,35.918457829776742],[-105.58671385741199,35.918303829857635],[-105.58660585688349,35.918068829783294],[-105.58649585711268,35.917272829834346],[-105.58655285703477,35.917028830233377],[-105.5869188568582,35.916458829921204],[-105.58731085701368,35.916193830228679],[-105.58817485746226,35.915981829363737],[-105.58788585663126,35.915643829930389],[-105.58790085732178,35.915591829322352],[-105.58798685680183,35.915493829279924],[-105.58818085679688,35.915475829335321],[-105.58840685736797,35.915371829906583],[-105.58855585707192,35.915302829403579],[-105.58877085713873,35.915260829246677],[-105.58887885763616,35.915138829891276],[-105.58889685755732,35.914982829867391],[-105.58888885717268,35.91482282965989],[-105.58876385675987,35.914635829109308],[-105.58873685729587,35.914503829299051],[-105.58867785724661,35.914352829510953],[-105.58868985689361,35.91424082972442],[-105.58867185694756,35.9141118291531],[-105.58867385702666,35.913955829130089],[-105.58865885722319,35.913867829556189],[-105.58862985676353,35.913693829601527],[-105.588607856632,35.913562828937962],[-105.58856085714285,35.913457829478681],[-105.58856785655428,35.913301829455413],[-105.58854385722573,35.913128829546714],[-105.58849785687991,35.912981829043538],[-105.58842585713015,35.912859829698583],[-105.58843585668438,35.91274682896654],[-105.58854985655243,35.912531828905422],[-105.58864185720186,35.912342829149075],[-105.58868985671991,35.912247829247711],[-105.58876185734415,35.912084828896795],[-105.58885985737238,35.911895829140185],[-105.5889628567292,35.911663829192456],[-105.58903485735327,35.911498828748989],[-105.5890798567322,35.911402828801549],[-105.58918685716853,35.911111828821838],[-105.58926785730912,35.910932828629527],[-105.58928885735943,35.910662828727069],[-105.58936285717829,35.910513829023799],[-105.58942685653366,35.9103638292748],[-105.58942085714256,35.910221829000683],[-105.58945685699523,35.910027829016272],[-105.58947785706063,35.909931829070153],[-105.58949885712001,35.909765828583438],[-105.58956085728217,35.909617828927104],[-105.58959085685331,35.909383828891038],[-105.58961085687619,35.909330829135797],[-105.59020085718981,35.908791828446269],[-105.59007885687883,35.908177828824421],[-105.58968385650203,35.907498828009736],[-105.58924585685379,35.907085828712333],[-105.58917485625942,35.907059828412827],[-105.5891068567031,35.907030827974381],[-105.58903985629368,35.906999828342634],[-105.58897485687598,35.906966828618266],[-105.58887385668729,35.906908828638642],[-105.58878885634104,35.906854827943825],[-105.58871685659723,35.906801828193885],[-105.58865685651017,35.906747828396945],[-105.58859885651513,35.906686828276037],[-105.58854985603793,35.906626828200878],[-105.58851185607071,35.906569828263926],[-105.58848285652071,35.906514828418935],[-105.58847485614795,35.906491828254616],[-105.58846985681353,35.906467828043809],[-105.58846685667216,35.906440828593489],[-105.58846585662323,35.906410828104839],[-105.5884708559507,35.906354828211661],[-105.58849085596698,35.906226828583726],[-105.58849385610114,35.906170828690669],[-105.58848885676488,35.906125828407639],[-105.58848385653141,35.906105828381939],[-105.58847585615916,35.906087828448925],[-105.588460856361,35.906060828099953],[-105.58844185637744,35.906032828604239],[-105.58841985625494,35.906005828255665],[-105.58839285590085,35.905979827953644],[-105.5883638563533,35.905952828504752],[-105.58832985657412,35.905926828203135],[-105.58829285665605,35.905901827947986],[-105.58825285659891,35.905876828592284],[-105.58820885635647,35.905851828337475],[-105.58816285602153,35.905828828175345],[-105.58811285640047,35.905805828013435],[-105.58806085578757,35.905783827897906],[-105.58800685598146,35.905763827875042],[-105.5879518561291,35.905744827898488],[-105.58789485618422,35.905727828014591],[-105.58783785623957,35.905712828223187],[-105.58775085580359,35.905692828202213],[-105.58767185573892,35.905679828504638],[-105.587586856296,35.90567182813939],[-105.58749685572239,35.905667827959526],[-105.58740185581678,35.905667827965004],[-105.5873118561432,35.905671828155249],[-105.58722085642357,35.905679828530651],[-105.58717785623017,35.905685827911412],[-105.5871328559443,35.905694828330333],[-105.58708585556607,35.905706827988936],[-105.5870368559946,35.905720828639467],[-105.58693585581425,35.905758828604753],[-105.58672885612204,35.905844828098942],[-105.58663985559815,35.90587982792475],[-105.58659085602689,35.90589582866783],[-105.58654485569515,35.905909828418871],[-105.58649985630879,35.905920828031036],[-105.58645685611552,35.905928828403667],[-105.5862878554812,35.905956828809558],[-105.58617685573452,35.905968828471764],[-105.58612485602319,35.90597282865987],[-105.58607685559754,35.905972828662634],[-105.58603185621007,35.905970828572684],[-105.5859898560621,35.905966828390049],[-105.58592585579339,35.905955828784116],[-105.58586085547799,35.905940828093904],[-105.58579585606151,35.905921828117911],[-105.58573285583822,35.905899828003015],[-105.58567485584631,35.905874828648336],[-105.58562285613228,35.905847828301518],[-105.58557785584331,35.905820827954209],[-105.58554085592483,35.905791828413285],[-105.58551885580265,35.90576782820353],[-105.58550185591182,35.905740828754006],[-105.5854908553994,35.905709828219678],[-105.58548385597122,35.905673828353173],[-105.58548085582862,35.905632828255079],[-105.58548285591718,35.905585828778499],[-105.58548885529137,35.905533828170917],[-105.58551185544435,35.90537882819298],[-105.58551585562564,35.905331828716257],[-105.58551585562208,35.905290828617986],[-105.58551085538643,35.905245828334941],[-105.58550085581898,35.905206828329824],[-105.58548385592758,35.90517282855636],[-105.58546185580481,35.90514282806901],[-105.58543785559004,35.905120827951855],[-105.58540585590387,35.905097828688248],[-105.58529185511202,35.905031828339276],[-105.58525485519402,35.905007828130316],[-105.58522585564691,35.904985828013459],[-105.58520385552484,35.904963827896246],[-105.58518385549512,35.904937828493146],[-105.58516385546517,35.904909828098162],[-105.58514685557405,35.904878828463524],[-105.58512985568274,35.904845827837057],[-105.58511585593028,35.904810828017212],[-105.58510285532473,35.904774828151027],[-105.58509285575747,35.904738828284692],[-105.58508585543015,35.904704828510681],[-105.58508385533524,35.904678828207217],[-105.58508685547208,35.904653827949716],[-105.58509585588702,35.904629828637489],[-105.585108855588,35.904605828425701],[-105.58512785556722,35.904583828306073],[-105.58515085573178,35.904561828186225],[-105.58517985527516,35.904540828112246],[-105.58521385505024,35.904519828038069],[-105.5852508558639,35.904501828102447],[-105.58529185506428,35.904483828166654],[-105.58533885544205,35.904465828230464],[-105.58539085515214,35.904447828294039],[-105.58550585598154,35.904412828466732],[-105.58575185568391,35.904344828004447],[-105.58585485595765,35.904314828409142],[-105.58595685528535,35.904280827729593],[-105.58604185562406,35.904247827996578],[-105.58608585586248,35.904226827921754],[-105.58612585591563,35.904205827847214],[-105.58616085573695,35.904183827726662],[-105.58619085532646,35.904160828459474],[-105.58621685562997,35.90413782829313],[-105.58623785570171,35.904113828080902],[-105.58625385554159,35.904088827822633],[-105.58626585609542,35.9040628284177],[-105.58627385556474,35.90403882820619],[-105.58627985584042,35.90401182785596],[-105.58628385602326,35.903982828312692],[-105.58628485606687,35.903951827777725],[-105.58628185592192,35.903883828229134],[-105.58626585606712,35.903737827770463],[-105.58626185587619,35.903673828407008],[-105.58626285591693,35.903609828143914],[-105.58626685520048,35.90358082770129],[-105.58627185542981,35.903553828250445],[-105.58628685522116,35.903502827688719],[-105.58630385600446,35.903451828026135],[-105.58632385602748,35.903400828363395],[-105.58634585524388,35.903349827801186],[-105.5863708554986,35.903298828138155],[-105.58639785584616,35.903249827668226],[-105.58642685538727,35.903202828190075],[-105.58645785592049,35.903156827858666],[-105.58649385578605,35.903110827527016],[-105.58653685597615,35.903066828186795],[-105.58658785563766,35.903022827946842],[-105.58664785571634,35.90297982775256],[-105.58670785579538,35.902941827789689],[-105.58677785543831,35.902900827687404],[-105.58704885539315,35.902755828157808],[-105.58715785594214,35.902693827981025],[-105.58721385583601,35.902657828110833],[-105.58726285540563,35.902622827388086],[-105.58730685564288,35.902587827564879],[-105.58734585564842,35.902552827741957],[-105.58740585572528,35.902488827475452],[-105.58746485575469,35.902412827553107],[-105.58752985606058,35.902318827697023],[-105.58765885572527,35.902113828097661],[-105.58771585566119,35.9020278277128],[-105.58774985543404,35.90198182738127],[-105.58778285606039,35.901940827281102],[-105.58781585578762,35.901902827319738],[-105.5878488555152,35.901868827543474],[-105.58792685552594,35.901794827712585],[-105.58800885572241,35.901724828066534],[-105.58809285601188,35.90165882770615],[-105.58818085558755,35.901594827438032],[-105.58827185620191,35.901534827354787],[-105.58836585605637,35.901478827456465],[-105.58846285604997,35.90142482765048],[-105.58856285618295,35.901374827130098],[-105.58866685560228,35.901328827693817],[-105.58877285601383,35.901284827450674],[-105.58888285571174,35.901244827392318],[-105.58899585644826,35.901207827472653],[-105.58911085637851,35.901174827737911],[-105.5892298564943,35.901144827242355],[-105.58935285589648,35.901117827784759],[-105.58947785629091,35.901094827612752],[-105.59030085659197,35.900350827317844],[-105.59197985695305,35.899190826612788],[-105.59318985625848,35.897950826730167],[-105.59329185640647,35.897008826309346],[-105.5930198563892,35.896968826273067],[-105.59248785601139,35.896888826199756],[-105.58821985523625,35.897460826829402],[-105.58576885507206,35.898598827460425],[-105.58389585477597,35.900467827704134],[-105.58260885458243,35.901501827953048],[-105.58245985488281,35.901620828071344],[-105.58236685417376,35.901657827989879],[-105.57947485425902,35.902804828163411],[-105.57940185446931,35.902756828644819],[-105.57916485425189,35.902447827852185],[-105.57871285397225,35.902233827869914],[-105.57830885413274,35.902186828416632],[-105.57789985407443,35.90228682857019],[-105.57695085322298,35.901795828391435],[-105.57739485306421,35.901231828352273],[-105.57695085311427,35.900546828162113],[-105.57728185313282,35.900186827675121],[-105.57780985330825,35.900070827673787],[-105.57807085369302,35.899856827650432],[-105.57814285340736,35.899571827950318],[-105.57821385306289,35.899143827929592],[-105.57830885384301,35.898858827328851],[-105.57837985351104,35.898573827628873],[-105.57823785320537,35.898335827417633],[-105.57778585293609,35.898240827545052],[-105.57778585291129,35.89795582784911],[-105.57747685296293,35.897741827858617],[-105.57683485288239,35.897646827996923],[-105.57681185268284,35.897266827504396],[-105.57697785314548,35.896862827689176],[-105.57707285302828,35.896600827253252],[-105.57702585260975,35.896149827074474],[-105.5775008530227,35.895982827414606],[-105.57778585270651,35.895602826904302],[-105.57754785333994,35.895269827699309],[-105.57723885247997,35.894913827434308],[-105.57716885278657,35.894374826782759],[-105.57757885289952,35.894369827427106],[-105.57768285322176,35.894364827189776],[-105.5777718528487,35.89435682681453],[-105.57786285256773,35.894342827060932],[-105.57790385266824,35.894333827541459],[-105.57794285267596,35.894323827076569],[-105.5779798525908,35.894311827418555],[-105.57801385326593,35.894298826815138],[-105.57804585294883,35.894283827018612],[-105.57807585343819,35.894266827129705],[-105.57810285288936,35.894250827287216],[-105.57812785314682,35.894231827306044],[-105.57817585266952,35.894189827158748],[-105.57821985290556,35.89414082668786],[-105.57826085300171,35.894081826653789],[-105.57829685286596,35.894020827426779],[-105.5783338527756,35.893948826791458],[-105.57836785344504,35.893870826778063],[-105.57846185328476,35.893645827154735],[-105.57849385296306,35.893577826704728],[-105.57852485259569,35.893517826625008],[-105.578564852645,35.89345282721272],[-105.57860585274133,35.893395827271142],[-105.57864985297724,35.893345826753944],[-105.57869685335272,35.893301826514232],[-105.57881385337031,35.893207826655093],[-105.57890685317727,35.893138827054678],[-105.57895085341515,35.893110826656063],[-105.57899385270751,35.893084827249318],[-105.57903585285321,35.893062827128333],[-105.57907785299913,35.893043827146208],[-105.57912985270917,35.893024827163465],[-105.5791868535506,35.893009826466191],[-105.5792498528717,35.892998826852974],[-105.57931985341689,35.89299182652509],[-105.57938285273876,35.892988826382656],[-105.57945485337721,35.892988826378506],[-105.57970885345685,35.892995826687731],[-105.57980785354779,35.892995826682004],[-105.57990585359214,35.892991826491347],[-105.57994985293273,35.892987827203015],[-105.57999185307982,35.892981826923034],[-105.58024985334019,35.892935826578572],[-105.5803628531786,35.892912826407269],[-105.5804688535919,35.892888827089457],[-105.58056885372713,35.892864826872596],[-105.58066385363063,35.892839826609851],[-105.58075385330223,35.892812827154103],[-105.58083985368773,35.892785826799319],[-105.58092085384138,35.892755826305951],[-105.58099785380956,35.892725826712201],[-105.58107085359229,35.892693827026129],[-105.5811388531432,35.892660826394781],[-105.58120185336159,35.892625826570487],[-105.58126185344082,35.892589826700103],[-105.58131685328833,35.892552826783792],[-105.5813678538495,35.892512826728826],[-105.58142885397356,35.892458826924894],[-105.58148885315134,35.892397826797186],[-105.58154785318138,35.892328826299426],[-105.5816048540174,35.892251826330977],[-105.58165985386096,35.892169826131322],[-105.58171685379621,35.892076826321933],[-105.58177485377698,35.891973826949112],[-105.58186485343657,35.891808826504679],[-105.58190385343821,35.891728826398428],[-105.58193885325343,35.891636826636528],[-105.5819688537365,35.891546826068243],[-105.58203385403154,35.891327826724144],[-105.58207185398415,35.89121682608301],[-105.5820948532466,35.891162826281303],[-105.58211985350138,35.891112826664568],[-105.58214585380287,35.891066826333493],[-105.582173853298,35.891023826141065],[-105.58220185369298,35.890986826226275],[-105.58223485342032,35.890949826311164],[-105.58227385342559,35.890911826349509],[-105.58231885370884,35.890872826341145],[-105.58240885337678,35.890803826740921],[-105.5826328538504,35.890644826566358],[-105.58268885374372,35.890601826372297],[-105.58273585411953,35.890561826317636],[-105.58277985345669,35.89051782607801],[-105.58281685336898,35.890475825931361],[-105.58284785390241,35.890432826638133],[-105.58287085406513,35.890389826446039],[-105.58288185367341,35.890364826188083],[-105.58289085408812,35.89033782583774],[-105.58290285373953,35.890276826612123],[-105.58290985405876,35.890217826579935],[-105.58291885356415,35.890075826304951],[-105.58292785397541,35.890008825902612],[-105.58294285376621,35.889951825962562],[-105.58295285332802,35.889925826557707],[-105.58296385383565,35.889901826345998],[-105.58299785360769,35.889845826451122],[-105.58303985375018,35.88978682641703],[-105.58308985336384,35.88972582628989],[-105.58314885339428,35.889660825977188],[-105.58317585374384,35.88963482567204],[-105.5832058533332,35.889609826312288],[-105.58323785391464,35.889585826099363],[-105.58327285373589,35.889562825932565],[-105.58330985364988,35.889540825811892],[-105.58334985370301,35.889519825737352],[-105.58339285389521,35.889499825708917],[-105.5834388542265,35.889480825726523],[-105.58352885389765,35.889448826039462],[-105.58363385426401,35.889417826397818],[-105.58374285391656,35.88938882594914],[-105.58404485351544,35.88931482610537],[-105.58413485408651,35.889289825842901],[-105.58421285410166,35.889265825627312],[-105.5842988535875,35.88923482598674],[-105.58437485440847,35.889201826254265],[-105.58444385400553,35.889166825530282],[-105.58450485413097,35.889128825567362],[-105.58467785404373,35.889012825586498],[-105.58472785365957,35.888976825716625],[-105.58477085385069,35.88894382598604],[-105.58481085390247,35.888907826116828],[-105.58484585372277,35.888873825441124],[-105.58487485416431,35.888839825665052],[-105.58489785432783,35.888805825889307],[-105.58491985444468,35.888767825928618],[-105.58493785437614,35.888729825968113],[-105.58495385421475,35.888689825915179],[-105.58496385377622,35.888659825425954],[-105.58539985419409,35.888647825744954],[-105.58736485448736,35.889428825792528],[-105.59004685556611,35.889470825782595],[-105.59154285551004,35.8879538256583],[-105.59203085559753,35.887458825211702],[-105.59209585590587,35.887392824852363],[-105.59243385528103,35.886245824826013],[-105.5928268553904,35.884916824470046],[-105.59323885545203,35.883255824940505],[-105.59351985580228,35.882328824304103],[-105.59394685568157,35.88091982384217],[-105.59438585516652,35.878921824007946],[-105.5944528555469,35.878618823475378],[-105.59455585480252,35.877221823587305],[-105.59461385478676,35.877158823367139],[-105.59489885535137,35.876564823747835],[-105.5948038553796,35.875803823618583],[-105.59480385535275,35.875494823711577],[-105.59501785534792,35.87516182358123],[-105.59501785530047,35.874615823501117],[-105.59501785526538,35.87421182279612],[-105.59466085486667,35.873712823112456],[-105.59566785461801,35.872013822689837],[-105.59606385496024,35.871763822791749],[-105.59658685486231,35.871168822213185],[-105.59666585485655,35.870370822160659],[-105.59625785481761,35.870160822360873],[-105.59515885511868,35.869776822644447],[-105.59461785430933,35.869529822039773],[-105.59428385413675,35.869716822616795],[-105.59381385395723,35.869903822302334],[-105.59356385407672,35.870054822108294],[-105.59304085413966,35.870247822973802],[-105.59280485399624,35.870256822504473],[-105.59252885378626,35.870131823032352],[-105.59226885431374,35.869961822376688],[-105.59183585399944,35.869564822919813],[-105.59160685416899,35.869442822684469],[-105.59028585320034,35.869339822491696],[-105.58930485361981,35.869488823146554],[-105.58898685327192,35.869475822563352],[-105.58876585290602,35.869274822269844],[-105.58863585316114,35.869090822757649],[-105.58843785296477,35.868924822283503],[-105.58811985257884,35.868473823019613],[-105.58799285290202,35.867471822533901],[-105.58793385286432,35.867452822557553],[-105.5876098531389,35.867453822622444],[-105.58735485300922,35.86740382212249],[-105.58689785249543,35.867160822597327],[-105.58656485235525,35.867187822966379],[-105.58653285267189,35.867197822531537],[-105.58662885261424,35.867086822786469],[-105.58668385244255,35.866828822537883],[-105.58661585284247,35.866295822163742],[-105.58642985224986,35.865519822245012],[-105.58649185240722,35.865315821796393],[-105.58665885203648,35.865136822498435],[-105.58689185203092,35.865012822143974],[-105.58751985234869,35.864954822122371],[-105.58804885259968,35.865175822424213],[-105.58865785295352,35.865315821671807],[-105.5891778527977,35.865654822037548],[-105.5894878527768,35.865689821840391],[-105.58972585300597,35.865600822205678],[-105.59021385310876,35.86528082176163],[-105.59058585323001,35.864936822012616],[-105.59100985303702,35.864293821916853],[-105.59097785333127,35.864045822135928],[-105.59128785330817,35.864055821681497],[-105.5914118536576,35.864047822203531],[-105.59135585372455,35.863632821892139],[-105.59101485317841,35.863253821464141],[-105.59082585337754,35.862839821206663],[-105.59077785291956,35.862466821938725],[-105.59082385323941,35.862315821245176],[-105.59123185317848,35.861375821798525],[-105.59139985284936,35.861142820901463],[-105.59141785278418,35.861142820900426],[-105.59149885294046,35.861143820942011],[-105.59158185318908,35.861140821697774],[-105.59166785357647,35.861134821415284],[-105.59175685320325,35.861125820993742],[-105.59184885296877,35.861112821286341],[-105.59194485291938,35.861097821486126],[-105.59204385300873,35.861078821500691],[-105.59214685328315,35.861056821376231],[-105.59225485288974,35.861031821112746],[-105.59236985371952,35.861001821516766],[-105.59254585377745,35.860956821223304],[-105.59264085368062,35.860928820821762],[-105.59268485302022,35.860912820978292],[-105.59272385302734,35.86089582108881],[-105.59275885374832,35.86087782115338],[-105.59278985338467,35.860859821218106],[-105.59283285357581,35.860827821533746],[-105.59287185358109,35.860789821572077],[-105.59290885349309,35.860744821286644],[-105.59294385331181,35.860692821576791],[-105.59297485384425,35.86063782082897],[-105.59300485343023,35.860573821463561],[-105.59303385296934,35.860503820921245],[-105.59308185338423,35.860379821476734],[-105.59309885326823,35.860328820914873],[-105.59311085381955,35.86027382106753],[-105.59311785323948,35.860214821035363],[-105.59312085337295,35.860150820772141],[-105.59311885327534,35.860093820833107],[-105.59311485308439,35.860029821469602],[-105.59308485346875,35.859751821199907],[-105.59308185332382,35.859683820751989],[-105.59308285336495,35.859623820673924],[-105.59308785359181,35.859567820780732],[-105.59309385296741,35.859531820913396],[-105.59467085400399,35.85843982066244],[-105.59534385367559,35.857995820766057],[-105.59615785357077,35.857379820098458],[-105.5975328542773,35.856716819922042],[-105.59879685434322,35.856128820524042],[-105.60034885426857,35.855581820308366],[-105.60141885524418,35.855073820126165],[-105.60175585462531,35.854527820026675],[-105.60181185450513,35.854328819809737],[-105.60174985518762,35.853847820042454],[-105.60147885429681,35.853570819832896],[-105.60123685475247,35.853323819210985],[-105.60119185446177,35.853276819737061],[-105.60069185458249,35.852215819241032],[-105.60081885409274,35.851297819029817],[-105.60078085404923,35.850360818848294],[-105.60065285438311,35.850015819081683],[-105.6007588538787,35.84977981894874],[-105.60080285410028,35.849563818845311],[-105.60066785404727,35.848497818996293],[-105.60055585423672,35.848307819205417],[-105.60048785373732,35.847773818785065],[-105.60027185360801,35.847628818384173],[-105.60017585363522,35.847388818977031],[-105.59996285364277,35.847218818318666],[-105.59943785357845,35.847012818710603],[-105.59895585369948,35.846706818970077],[-105.5986778534011,35.846630819067109],[-105.59810785303846,35.846289818611694],[-105.59807485328477,35.846022818851097],[-105.59814385286441,35.845786818720235],[-105.5983188528641,35.845604818383649],[-105.59895885373473,35.845509818448264],[-105.60006785378998,35.844659818628635],[-105.60022185371277,35.844441818426333],[-105.6003548535386,35.843956818462786],[-105.60025285323933,35.843157818374351],[-105.60005285384712,35.842962818357236],[-105.59991685382066,35.842736817801509],[-105.59950985291867,35.842409817984368],[-105.59934185320833,35.842187817615503],[-105.59906485295255,35.84206881842109],[-105.59875285284527,35.8416238176357],[-105.59854685317372,35.841413817824225],[-105.59825885327608,35.84093181802367],[-105.59803585282526,35.840819818250608],[-105.5977878529828,35.840340817687228],[-105.59719485243353,35.839766818144291],[-105.59715985258724,35.83950081753072],[-105.5968518526725,35.839138817887275],[-105.59557685194824,35.838011817979414],[-105.59503685208496,35.837768817559677],[-105.59486485219144,35.837571817448406],[-105.59478485206252,35.837351817167018],[-105.59451385205907,35.836935817721027],[-105.59370485138211,35.836235817756851],[-105.59316085133329,35.835989817198538],[-105.59283985084699,35.835983817838702],[-105.59252385149777,35.836047817220575],[-105.59225585078389,35.83620781744397],[-105.59215785075894,35.836434817160097],[-105.59197385124082,35.836609817173297],[-105.59164785142546,35.836641817773206],[-105.59134485086973,35.836586817943946],[-105.59085285052606,35.836265817510004],[-105.59053985040885,35.836240817270635],[-105.59025885088643,35.83634581764813],[-105.58977885025543,35.836670817423602],[-105.58961485076655,35.836865817461714],[-105.58958485029849,35.837128817940162],[-105.58943785070049,35.837351817474087],[-105.5894148505794,35.837875818336414],[-105.58895785014562,35.83855581834726],[-105.58871285049936,35.838736817742237],[-105.58844185054291,35.838863818237691],[-105.58781685037549,35.839052818024591],[-105.5874828501891,35.839080818439925],[-105.5869488506487,35.839355818603217],[-105.5867298504054,35.839499818083546],[-105.58677285062871,35.839838818476771],[-105.58662785022545,35.840077818750792],[-105.58632884988837,35.840406818700984],[-105.58625084986973,35.840389818818288],[-105.58583485034811,35.840048818353942],[-105.58524484995586,35.839682818541633],[-105.58468385003158,35.839587818675149],[-105.58403184950146,35.839651818076341],[-105.58318684903888,35.839920818879229],[-105.58292284940964,35.84008081820307],[-105.5818108491798,35.840520818838868],[-105.58166884890805,35.840672818684929],[-105.58136384917189,35.840767818601073],[-105.58115584943943,35.840924818682225],[-105.58086984878533,35.841021818689825],[-105.58035084904202,35.84131181864695],[-105.57976584893434,35.841556819223868],[-105.5791698483095,35.841715819419782],[-105.57783684860173,35.841823819097193],[-105.57754184841141,35.841707819143195],[-105.57694584776102,35.84157181918048],[-105.57651784768269,35.841223819292274],[-105.57653784768729,35.84095981876812],[-105.57667084843602,35.840746818798294],[-105.57703284809746,35.840442819101824],[-105.57733084841242,35.840392818570095],[-105.57757484801419,35.84023281924739],[-105.57789084826247,35.840165818827366],[-105.5781608481702,35.840010818835189],[-105.57845884848349,35.839941819223043],[-105.57950584839013,35.839395819082711],[-105.57975484822236,35.839221819112026],[-105.58055384834196,35.838836818340795],[-105.58099284886995,35.838491818541605],[-105.58126384882564,35.838355818529145],[-105.58143984887124,35.838168818860495],[-105.5816648484963,35.83805981830119],[-105.58184484872827,35.837883818241963],[-105.58215884885058,35.837432818042366],[-105.58203884859357,35.836367818238628],[-105.58154284896105,35.836014818123026],[-105.58123784831031,35.835932817943991],[-105.58032284816693,35.835805818415984],[-105.57998884798036,35.835832817885695],[-105.57979684806338,35.835681818105172],[-105.5796448481949,35.835456818495899],[-105.57963884789375,35.83518981783439],[-105.57968284811119,35.834925818208127],[-105.57993184791779,35.834455818032524],[-105.58023784856833,35.833999817602084],[-105.58060784859019,35.833577817841629],[-105.58129484801108,35.83313081780566],[-105.58160984821099,35.833040817221004],[-105.58204584860232,35.83272281777181],[-105.58227784855269,35.832624817721054],[-105.5825218490538,35.83246481749903],[-105.58290784891982,35.832065817003162],[-105.58307784865985,35.831560817011457],[-105.58306184879487,35.831295817342344],[-105.58311884871699,35.831050817695065],[-105.5830178484641,35.830250817560241],[-105.58254884828349,35.829890817119235],[-105.58232484868377,35.829756817227675],[-105.5820698485541,35.829706816727665],[-105.58187584854288,35.829537817013701],[-105.58131784785009,35.829347817248397],[-105.58067484772387,35.829259816811216],[-105.58000884744354,35.829313817549178],[-105.57938084801214,35.829222816972276],[-105.5790818476387,35.82913281732214],[-105.57824884766094,35.828578816919553],[-105.57793584751143,35.828180817409347],[-105.57793984677652,35.827938817004593],[-105.57804384708101,35.827728817175306],[-105.57781884730919,35.826141816609073],[-105.57753384665423,35.825693816582628],[-105.57734284678317,35.825537816570694],[-105.57678284690495,35.825439816565314],[-105.57578284643803,35.825520816772958],[-105.57546984632947,35.825595816663622],[-105.57471484644206,35.825887816726777],[-105.5730478456483,35.826021816726858],[-105.57168084522809,35.825711816851985],[-105.5714668451883,35.825530817483255],[-105.57123384517317,35.825415816672674],[-105.57108384539877,35.825206816904199],[-105.57053184496019,35.824741817005894],[-105.57022184497981,35.824691817408286],[-105.57003084510994,35.824549817144735],[-105.56881784463117,35.824236817122198],[-105.56850284442167,35.824216817114277],[-105.56763884485999,35.824286816805206],[-105.56721884426462,35.824071816774619],[-105.5665088445959,35.823578817388515],[-105.56615084411543,35.822667816629419],[-105.56627284420669,35.820745816731801],[-105.56652384406924,35.819850816678077],[-105.56546784361311,35.818865816132572],[-105.56429184302107,35.818215816704011],[-105.5632208428146,35.817756816213631],[-105.56296684269573,35.817295816483231],[-105.56242584274025,35.816521816677124],[-105.56258784297563,35.815630815914211],[-105.56300684247782,35.814138816108859],[-105.56342684298166,35.813294815707032],[-105.56392784274175,35.812443815875952],[-105.56393084282755,35.81182781525483],[-105.56359684254865,35.810785815627952],[-105.56226084176603,35.8104728156124],[-105.56109084156674,35.811149815525397],[-105.56003684229879,35.812434815682622],[-105.55975584193165,35.813172815668949],[-105.5595988418501,35.813162816114612],[-105.55930984195257,35.813217815977836],[-105.55867784148799,35.813722815996094],[-105.55852484161187,35.813944816383433],[-105.55831884197377,35.814121816490456],[-105.55822884142236,35.814374816509812],[-105.55765384180503,35.814931816232651],[-105.55632084119767,35.815038816762943],[-105.55611084135091,35.814945816069574],[-105.5559938413052,35.814714816180619],[-105.55595984150519,35.814447816420007],[-105.55603284126866,35.814192816309138],[-105.55644484144804,35.813883816378407],[-105.55674884113992,35.813812815774057],[-105.55698584131493,35.813632816425731],[-105.55749484149929,35.813400816454674],[-105.55783284183821,35.812991816398238],[-105.55814684104325,35.812331815522164],[-105.55797784119065,35.810998815912271],[-105.5577548416159,35.810617815384703],[-105.55772684119999,35.810412815794308],[-105.55901084128838,35.809762815325278],[-105.56010984180094,35.809155815057721],[-105.5606388420067,35.808853815444152],[-105.56113484153241,35.807970815032157],[-105.56061684178867,35.807720815186521],[-105.55992684126198,35.807387815107901],[-105.55899684136266,35.807721815325607],[-105.55768984112801,35.80860581493102],[-105.556409840348,35.809514815691543],[-105.55635184036183,35.809555815793153],[-105.55501084030384,35.809902815736621],[-105.55492384077694,35.809995815547694],[-105.55464884063389,35.810108815395616],[-105.55446884040188,35.810284815454914],[-105.5539798402524,35.810602815806455],[-105.55364684011219,35.810629816175386],[-105.55317483980285,35.810388815844135],[-105.55301284037526,35.810220816174606],[-105.55249483973562,35.810009815435386],[-105.55231384032753,35.809849816137017],[-105.55220183961775,35.809659815446757],[-105.55202183924702,35.808229815846246],[-105.55392584016988,35.807382815220471],[-105.55427984037269,35.807225815130963],[-105.55554884067281,35.806661815044414],[-105.55903784129123,35.805721814521711],[-105.5591658409196,35.805631814847025],[-105.55975184105927,35.80521981463751],[-105.56076284108238,35.80450981410619],[-105.5610728410396,35.804291814794233],[-105.56161484181895,35.803655814116183],[-105.56223084152319,35.802931813859097],[-105.5640588416039,35.80187281422112],[-105.5661068419633,35.800542813723645],[-105.56643684184647,35.799148813061493],[-105.56655984197468,35.797113813331521],[-105.56613184176339,35.795223813147125],[-105.5657318411548,35.794536812861416],[-105.56548484136347,35.794111812997492],[-105.56511184110313,35.793382812565696],[-105.56414184095628,35.791484812042128],[-105.56534684094545,35.790420812208559],[-105.56575384092866,35.790522812407843],[-105.56596884100992,35.790648811929806],[-105.56823884184554,35.790261811881223],[-105.56869284219248,35.790183811843754],[-105.56873384229222,35.790165811907926],[-105.56995884235424,35.78962781212762],[-105.5704688425749,35.789279811286242],[-105.57092884228021,35.788965812020741],[-105.57107784197554,35.788795811341494],[-105.57149284227972,35.788321811870638],[-105.57160084277713,35.788198811569615],[-105.57200084234043,35.787193810914616],[-105.57259684201684,35.786464811326638],[-105.57367584254402,35.786345811155115],[-105.57574084290616,35.786340810805534],[-105.57611884333623,35.786351811292832],[-105.57781384364453,35.786399810718564],[-105.57820184362694,35.786274811208358],[-105.57929284379088,35.785923811094243],[-105.58044584415981,35.785920810889422],[-105.58135784415296,35.785918810744668],[-105.58172684416243,35.785888810234908],[-105.58243984482181,35.785830810208601],[-105.58306284489615,35.78563681019051],[-105.58384284504687,35.785392810548075],[-105.58399184475253,35.7853428100249],[-105.58524184508391,35.784923810352865],[-105.58539284486876,35.784717809806608],[-105.58557784532594,35.784465809828113],[-105.58556984495451,35.78445781035775],[-105.58553484512856,35.784425809778547],[-105.5854488447347,35.784356810188413],[-105.58533984507308,35.784280810275696],[-105.58521684476266,35.784203810317521],[-105.58508684502735,35.784128810452302],[-105.58496384471808,35.784065810242566],[-105.58491884532903,35.784045810219091],[-105.58487284499445,35.784026810241976],[-105.58482384452103,35.784009810357595],[-105.58477284485437,35.783994809666559],[-105.58471884504888,35.783981809967457],[-105.58466284515083,35.783969810314822],[-105.58460384511385,35.783958809809242],[-105.58454084489165,35.783949810295844],[-105.58442784505012,35.783936809700833],[-105.5842988444675,35.783927810191152],[-105.58417084483071,35.783920809874623],[-105.58383584459455,35.783908810237904],[-105.58365384425362,35.783896809693104],[-105.58355884434725,35.783887810181461],[-105.58347084476492,35.783875810530667],[-105.58338984460752,35.78386180988754],[-105.58331484472791,35.783844810004659],[-105.58316284487539,35.783803809915064],[-105.58301084412304,35.783756810447265],[-105.58285684417677,35.783703809802589],[-105.5827028442299,35.783643809733412],[-105.58254684418989,35.783577810286047],[-105.58238884405655,35.783504810514962],[-105.58222784468292,35.783424810420158],[-105.58206284422404,35.783337810001747],[-105.58191084436763,35.783251810528135],[-105.58175384427898,35.783159809877951],[-105.5815898438652,35.783058809711015],[-105.5814168439328,35.782947809981337],[-105.58110884403189,35.782743810453226],[-105.58053584352599,35.782351810336095],[-105.58030584364649,35.782196810372554],[-105.58004984345985,35.782023810477035],[-105.57979684341196,35.781846810396274],[-105.57954784354907,35.781665810130271],[-105.57930184382488,35.78148180972525],[-105.57930784320067,35.781447809950542],[-105.57908384357394,35.780999809920495],[-105.57880384317176,35.780794810344446],[-105.57874084293739,35.780644809703404],[-105.57835484301793,35.780424810338751],[-105.5781858432584,35.780168810195477],[-105.57815184347704,35.780116809590218],[-105.57671384247412,35.779913810173021],[-105.57548784225244,35.779136810267183],[-105.57496384222274,35.778793809716298],[-105.57444384237044,35.778357810258385],[-105.57413584243544,35.777758809542227],[-105.57414884208741,35.777165809984574],[-105.5741018416909,35.77696580972723],[-105.57399084192332,35.776735809884173],[-105.57319584195673,35.776746809539283],[-105.57284084172397,35.777093809426169],[-105.57208784191037,35.777167810194982],[-105.57086384091751,35.776802809565652],[-105.57041084152868,35.777024809970165],[-105.57090284099795,35.777635810331688],[-105.57142384178556,35.777951809633535],[-105.57149084133387,35.778425809976191],[-105.57105984120501,35.779102809846847],[-105.57060384170596,35.779658810415988],[-105.56947384153339,35.780009810532327],[-105.56891784096199,35.78015181083871],[-105.56815984092712,35.780346810910757],[-105.56708084041354,35.780623810298465],[-105.56538884028248,35.781019810730285],[-105.56222683950033,35.781631811347268],[-105.56059483943726,35.781860811243753],[-105.55915083905518,35.781653810742462],[-105.55896183928739,35.781620811025149],[-105.55889683896838,35.781563811089697],[-105.55871083842443,35.781346810953053],[-105.55849383913653,35.781066811500736],[-105.5581528386019,35.780818810838106],[-105.55771783821598,35.78066381088626],[-105.55734583806486,35.780663810907541],[-105.55713283808385,35.780625810960295],[-105.55721183813716,35.78050781089226],[-105.55707883824628,35.780240811137276],[-105.55671683854219,35.780050811360589],[-105.55643183791616,35.779936811498494],[-105.55599383830881,35.779993811462788],[-105.55580283845116,35.779993811473723],[-105.55500283825185,35.779993811519503],[-105.55475583760774,35.780107811412044],[-105.55446983785431,35.780221811306824],[-105.5541268381658,35.78043181114986],[-105.55400183778102,35.780567811153979],[-105.55263483742878,35.781045811763754],[-105.55076983731786,35.780780811301113],[-105.55016083696863,35.780693811807382],[-105.54836083628265,35.78054781145071],[-105.54743983589557,35.780818811451113],[-105.54699383592384,35.780949812141571],[-105.54636583647915,35.780703811587856],[-105.54591383620289,35.780526811518463],[-105.54575883620953,35.780465811403083],[-105.54449983542241,35.78043781197826],[-105.5442748357771,35.780312811603828],[-105.54388983500503,35.78009781157111],[-105.54339383541353,35.780219811848056],[-105.5423188350841,35.780483811533365],[-105.54136883514339,35.780657812443501],[-105.54057383517826,35.780687812078313],[-105.54003783462375,35.780707812134963],[-105.53987683435818,35.780713812421794],[-105.53911083481601,35.780492812133254],[-105.53801583434543,35.779437811948284],[-105.53747383347296,35.778994812167731],[-105.53754583404947,35.778275812172986],[-105.53813783353802,35.777515812050233],[-105.53872083440338,35.776700811181954],[-105.53982883446899,35.77650181180416],[-105.54099283448558,35.776928811708217],[-105.54146883496566,35.777000811414851],[-105.54294183489975,35.777285811026715],[-105.54275183504136,35.776738811810205],[-105.54226083470705,35.775987811266482],[-105.54363183519503,35.774932810940435],[-105.54401183477253,35.774409811003096],[-105.54431883460751,35.774385810774419],[-105.54437783463813,35.774322810554267],[-105.5451368355949,35.773850811156201],[-105.54641483539297,35.773055810274215],[-105.54689383508089,35.772758810894871],[-105.54689783526631,35.772758810894636],[-105.54786083582108,35.772720810880067],[-105.54805283572438,35.772712810498973],[-105.54846483592908,35.772696810634471],[-105.54864683627513,35.772768810357931],[-105.54880483550829,35.772831810565691],[-105.5491568356441,35.772972810773872],[-105.5492748357203,35.773019810243703],[-105.54929183560968,35.773030810751628],[-105.54984883627107,35.773394810473611],[-105.54969683645669,35.773796810195627],[-105.54917383657728,35.774660810629513],[-105.54909483651829,35.774713810388157],[-105.54899383635929,35.774999811035642],[-105.54859083571323,35.7754908112924],[-105.54884283661998,35.775735810922058],[-105.54869183594958,35.776102810823332],[-105.54894383597824,35.776593811042638],[-105.54964883631769,35.77712481128804],[-105.54954783617272,35.777573811382993],[-105.54884283674309,35.777164811386143],[-105.54868283652222,35.777151810793853],[-105.54833983591398,35.777124811362924],[-105.54818783602971,35.776715811334434],[-105.54818783600508,35.776429810692754],[-105.54758383585988,35.776021810736445],[-105.54735883620964,35.775838811275769],[-105.54733083580662,35.775782811384431],[-105.5466658355564,35.775649810664937],[-105.54629983570902,35.775948811029686],[-105.54619983559459,35.776214810751789],[-105.54639983590363,35.776613811214141],[-105.54686483587349,35.776680810690117],[-105.5473198362759,35.776707811013999],[-105.54733283597969,35.776715811383362],[-105.54745583630597,35.776976810861335],[-105.54758383596541,35.777246810755422],[-105.54748383587379,35.777777811046846],[-105.54783783611705,35.77808981107254],[-105.54772983651586,35.778176811506611],[-105.54752983626126,35.778409811506236],[-105.54759283649111,35.778507811540166],[-105.54776283629792,35.778774811293054],[-105.54806183667506,35.778907811134104],[-105.5483278363879,35.778641811402515],[-105.54844783654138,35.778510811630042],[-105.5487418366897,35.778676811199524],[-105.54903583682253,35.778663811480563],[-105.54907283673833,35.778662811432184],[-105.54969883696617,35.778635811046485],[-105.55033483673083,35.778291811282308],[-105.55040083709261,35.778307811119461],[-105.55046683655496,35.778321810864078],[-105.55053383696273,35.778333811415472],[-105.55060083647105,35.77834381097496],[-105.55076383683146,35.778362810945374],[-105.550911836496,35.778372811399564],[-105.550981837042,35.778375811534374],[-105.55104783650313,35.778375811530594],[-105.55111183677083,35.778374811480681],[-105.55117183685284,35.778370811292142],[-105.55122783674949,35.778365811057633],[-105.5512818365532,35.778358810730701],[-105.55133283711703,35.778348811164378],[-105.55137983659608,35.778337811552113],[-105.55142383683523,35.778324810948128],[-105.55146483693512,35.77830881110485],[-105.55150283689593,35.778291811215468],[-105.55153683667116,35.778272811233784],[-105.55159683675005,35.778231811132052],[-105.55165783687455,35.778182810660184],[-105.55171383676694,35.778128810856551],[-105.55176383728038,35.778071810914511],[-105.55180383733055,35.778016811065534],[-105.55183483696388,35.77796381130959],[-105.55185383694079,35.777914810840109],[-105.55185983721687,35.777891810674973],[-105.5518618373077,35.777870810602565],[-105.55185983721212,35.77783681082829],[-105.55184883669942,35.777802811054492],[-105.55182883666888,35.777766811188684],[-105.55179883707407,35.777728811230915],[-105.55176683738701,35.777695810605294],[-105.55172683732894,35.777659810740637],[-105.55157483656967,35.777532811168733],[-105.55151683657564,35.777482810657411],[-105.55146683695219,35.777430810952389],[-105.55144683692258,35.777405810696187],[-105.55143083707848,35.777382811431629],[-105.55138683683197,35.777310810800948],[-105.55134683677068,35.777236810976824],[-105.55130983684838,35.777162811152515],[-105.55127683711127,35.777086811235421],[-105.55130983683097,35.776960810799906],[-105.55166283695175,35.776388810395744],[-105.55166283692418,35.77606881087894],[-105.55169083641972,35.776030810917902],[-105.55171683672185,35.775991810910682],[-105.55173883683857,35.775951810857386],[-105.55175883686258,35.775911810804239],[-105.55177483670114,35.775870810705023],[-105.55178883644709,35.775829810605948],[-105.55179883690685,35.775787810460834],[-105.55180583722752,35.77574481026965],[-105.55180783641715,35.77570181097807],[-105.55180483717336,35.775653810556094],[-105.55179683679839,35.775604810987403],[-105.55177083648205,35.775478810555285],[-105.55176383705106,35.775409810960618],[-105.55176483709074,35.77533281099533],[-105.55177383660151,35.77525181084453],[-105.55178983643638,35.775167810554542],[-105.551814836688,35.775079810978283],[-105.5518448371715,35.774994810641189],[-105.55188183707938,35.774901810832908],[-105.55192283717257,35.774807810978153],[-105.55203883713014,35.774553810911087],[-105.55207183685413,35.774477810090893],[-105.55209883720006,35.774408810494315],[-105.55212583664576,35.774329810434963],[-105.55214683671322,35.774255810607329],[-105.5521628365493,35.774185810065717],[-105.55217283700684,35.774117810516337],[-105.55218683674326,35.773966810723884],[-105.55219283700785,35.773810810700589],[-105.55219083690145,35.773651810538937],[-105.55218183647034,35.773488810192596],[-105.5521648365678,35.773324810699776],[-105.55214183638694,35.773157810169224],[-105.55210983668825,35.772989810492163],[-105.55207183671152,35.772821809916174],[-105.55202983655055,35.77266680994186],[-105.55198083696463,35.772512810014284],[-105.55192583620135,35.772358810086963],[-105.55186483695883,35.772206810252541],[-105.55196483618057,35.772017810495683],[-105.55199883680378,35.77140180987265],[-105.55201483662159,35.771119810314481],[-105.55166283645221,35.770588810048849],[-105.5509068364333,35.769893810312531],[-105.55045383613657,35.770016809733924],[-105.55019483583631,35.77013880999732],[-105.55025683597057,35.769664809647246],[-105.5499908361862,35.769099809602316],[-105.5499908361404,35.7685678101696],[-105.54986983589798,35.768204809569617],[-105.55005683553854,35.767836809620029],[-105.5502598359506,35.767817809628674],[-105.55075583560122,35.768382809660508],[-105.55125983650487,35.768749809524287],[-105.55161183666726,35.769199809639645],[-105.55241783625934,35.769362809940411],[-105.55261883653461,35.768831809643153],[-105.55266983610147,35.767687809771502],[-105.55266983606282,35.767238809682325],[-105.55307183662039,35.766257809238141],[-105.5535188365678,35.765306809280048],[-105.55364183595586,35.765115809429311],[-105.55371483663086,35.765001808647419],[-105.55430283691268,35.765163808914359],[-105.55461183686496,35.765425809327319],[-105.55506383710546,35.765187809081951],[-105.55558683700616,35.764569809237706],[-105.55553883652937,35.763975808737904],[-105.55549183698386,35.763214808605447],[-105.55582483616573,35.762501808873402],[-105.55603883705234,35.762073808844228],[-105.55670383634681,35.761551808037545],[-105.55725083647044,35.761051808255452],[-105.55746483646594,35.760719808171253],[-105.55753583700077,35.760053807930767],[-105.55810583731341,35.759815807678642],[-105.55872383712583,35.759269807562859],[-105.55875483673491,35.758934807350329],[-105.55972283742665,35.757795807657601],[-105.56098183716068,35.75603680714211],[-105.56143383738898,35.755656807521476],[-105.56117183692088,35.755442807527935],[-105.56053083686433,35.75508680728155],[-105.55984083719628,35.754278806809928],[-105.5592468365931,35.753612806607407],[-105.55717883603825,35.752994806911211],[-105.55577683578483,35.752566806974414],[-105.55351883548003,35.752661807002092],[-105.55214083458922,35.752804807401638],[-105.55109483470203,35.753042807680941],[-105.55095183429108,35.752115807068307],[-105.55149883435757,35.750950807095933],[-105.55161783438612,35.74990480725787],[-105.55102383469253,35.749358807211351],[-105.54997783387942,35.749286806637855],[-105.54924083385654,35.748763806764295],[-105.54859883372714,35.748098806610756],[-105.54847983352902,35.747171806895942],[-105.54878883338931,35.746363806367249],[-105.54921683333534,35.745174806190612],[-105.54943083328405,35.744297806072183],[-105.54943083328388,35.744295805979633],[-105.54943083328371,35.744293805887125],[-105.54947883364157,35.743504806252325],[-105.54959683371432,35.743511805670131],[-105.55019183337451,35.743130805995087],[-105.55045883401523,35.74265680563326],[-105.55102383410427,35.742512806133163],[-105.55154583398931,35.742251805719015],[-105.55192683361935,35.741799805469242],[-105.55259183380709,35.741205805827981],[-105.55356683397694,35.740682804957338],[-105.55435083429737,35.740254804895606],[-105.55503983472239,35.739945804949087],[-105.55544383453737,35.739708804752759],[-105.55527783486542,35.738852804728268],[-105.55613383498218,35.739090804898986],[-105.55617083488377,35.738923805264243],[-105.55625183500939,35.738567804976569],[-105.55618583462831,35.738327804668231],[-105.55611983424723,35.738086805212994],[-105.55665683485428,35.73813980493648],[-105.55675183470893,35.737545804428464],[-105.5569978343437,35.736689804380461],[-105.55725083430094,35.735810804167308],[-105.55784483475092,35.734693803715082],[-105.55803483451935,35.734194803999678],[-105.55862883501219,35.733576804151376],[-105.55879583457329,35.732601803998165],[-105.55877183432781,35.732221803505361],[-105.55829383465885,35.732200803460344],[-105.55829583474581,35.732133803957645],[-105.55835783491624,35.732079804153742],[-105.55844483444368,35.731992803720878],[-105.55850683461281,35.731923804122196],[-105.55854283447199,35.731802803917873],[-105.55851383491502,35.731665803876233],[-105.5584458344542,35.731575803313405],[-105.55831083449054,35.73153980345419],[-105.55819283441899,35.73154580373852],[-105.55812583401135,35.731535803279698],[-105.55801083403104,35.730985803919999],[-105.55758283393803,35.730462803129427],[-105.5572978341885,35.730082803550843],[-105.55625183426868,35.729939803289696],[-105.55594383350639,35.73017780352685],[-105.55592183429593,35.730298803730392],[-105.55530383354272,35.730362804028736],[-105.55518283331774,35.73020180378132],[-105.55469383318835,35.730754803314291],[-105.55463283396485,35.730823803812157],[-105.55263983353473,35.733076803842977],[-105.55255583331895,35.734002804422396],[-105.55254683380907,35.734093804136549],[-105.55249683333813,35.734645804497525],[-105.55148683332139,35.734893804338022],[-105.54947283266635,35.735386804779289],[-105.5476478326717,35.735834804926441],[-105.54643583228057,35.736000804581977],[-105.54779083201389,35.734788805086936],[-105.54733683250227,35.734121804830025],[-105.54688083199854,35.733453804526981],[-105.54636483230412,35.732696804606185],[-105.54647483197965,35.732394804117241],[-105.54663783230009,35.731948804157497],[-105.54845683197655,35.731032803941723],[-105.54931483208053,35.73004180390808],[-105.54968283200991,35.729617804055145],[-105.55025283218454,35.727770803104619],[-105.55053483261217,35.72719280332614],[-105.5509298319612,35.726385803738069],[-105.55100483272126,35.726182803334922],[-105.55187983277294,35.725881802848569],[-105.55242783294599,35.725416802887104],[-105.55198683224283,35.724803803329195],[-105.55057983174591,35.724236803256652],[-105.55056983218115,35.724228802887119],[-105.55008283206215,35.723823803062672],[-105.54996483198337,35.723745803057909],[-105.54932483202572,35.724001803247447],[-105.54909783138673,35.723855802800756],[-105.54825883113503,35.723344802588798],[-105.54733983166865,35.722785802858517],[-105.54541383044764,35.721562803041643],[-105.5453188305368,35.721501802922738],[-105.5449948307935,35.721293803210351],[-105.54398782993964,35.720646803010929],[-105.54377382984828,35.719861802676718],[-105.54265683022955,35.71964880277816],[-105.5421008296241,35.719394802749378],[-105.54195583009371,35.719327802355735],[-105.54130182942157,35.718816803032468],[-105.54082682989538,35.718839802325029],[-105.53961482949204,35.718863802605235],[-105.53866482865092,35.719025802959983],[-105.53849782900859,35.71905380246637],[-105.5380688288996,35.718885802811918],[-105.53796582856974,35.718260802679474],[-105.5378918286995,35.717812802640651],[-105.53783782886693,35.717483802710511],[-105.53780982845416,35.717313802940637],[-105.53766382886511,35.717102803079285],[-105.53710482807337,35.716297802738708],[-105.53545582789826,35.713919802528004],[-105.53469482768516,35.71365880218697],[-105.53387982765516,35.713251802288596],[-105.533852827291,35.713107801923037],[-105.53362682755679,35.712484801890135],[-105.53317382716065,35.711448801647734],[-105.53215182651356,35.710830801891525],[-105.53175782712034,35.710582802131007],[-105.53170882664297,35.710519801916952],[-105.53186082648205,35.710403801937289],[-105.53193182706802,35.710331802199356],[-105.53197282715395,35.710152802009148],[-105.53200882701437,35.710045801553214],[-105.53224982647626,35.709873801675521],[-105.53246682663601,35.709834801657408],[-105.53295082657397,35.709749802193741],[-105.53306182721217,35.709645801872306],[-105.53311282685451,35.709377802060459],[-105.53309082672138,35.709225801324436],[-105.53336382675204,35.70888180158093],[-105.53352982718671,35.708144801647215],[-105.53331582708319,35.70721780103834],[-105.53281682635745,35.706219801657397],[-105.53210382652721,35.705458801562642],[-105.53192082613035,35.705334801231892],[-105.53187482669054,35.705262801500645],[-105.53188882643114,35.705159801230984],[-105.53188482623578,35.705042801213956],[-105.53175182635937,35.704943801137723],[-105.53164782603994,35.704981801103152],[-105.53154682585149,35.704925801215886],[-105.53147882628529,35.704780800806354],[-105.53135982616109,35.704713801310533],[-105.53126482624712,35.704616801324683],[-105.53110082583936,35.704585800799137],[-105.53093182610817,35.704658801488229],[-105.5308628256162,35.704745801020749],[-105.53082282646903,35.704844801106844],[-105.53070682559506,35.704900801006374],[-105.53058182610704,35.705007801467481],[-105.53022682584435,35.705007801487696],[-105.52920482614743,35.704983801334791],[-105.5292048261667,35.705208800952953],[-105.52901582549923,35.705170801004215],[-105.52867682599458,35.705364801006041],[-105.52824182563853,35.705557801866391],[-105.52803182579918,35.705550801554487],[-105.52803182579842,35.705541801138089],[-105.52802882565153,35.705449801378343],[-105.52797582589244,35.705437801725466],[-105.52786782538399,35.70543280150028],[-105.52776382504979,35.705298801601742],[-105.52767582546366,35.705241801667519],[-105.52767582546349,35.705239801574997],[-105.52762682498533,35.705167801843842],[-105.52757082508515,35.705130801034521],[-105.52753882539912,35.705109801863358],[-105.52750882490122,35.705027801668514],[-105.52738982567021,35.704888801539482],[-105.52720282509162,35.704806801353527],[-105.52689082501676,35.70473580168364],[-105.5267788252231,35.704740801022048],[-105.52667382485131,35.704708801346158],[-105.52647882479278,35.704526801030582],[-105.52644382495454,35.704351801029816],[-105.52643082525,35.704334801143375],[-105.52639082519039,35.704279801298938],[-105.5263908251903,35.704278801252705],[-105.52636782500842,35.704098801019896],[-105.52630182464222,35.704031801521047],[-105.52628382469977,35.703942801001602],[-105.52621682517842,35.703779801557879],[-105.52621282499226,35.703770801141694],[-105.52617882519235,35.703501801288425],[-105.52614282529829,35.703215801548019],[-105.5260988250282,35.702867800738176],[-105.52610282521167,35.70284580151872],[-105.52611082467854,35.702792800864778],[-105.52612482442564,35.70276580141342],[-105.5260448251402,35.701890801404126],[-105.52604982445024,35.701629801019408],[-105.52606882434084,35.70057180063155],[-105.52582382451156,35.69861680012631],[-105.52572382434744,35.698303800039611],[-105.52550982426563,35.697629800344288],[-105.52536682390827,35.69732480063027],[-105.52516582445007,35.696897800670889],[-105.52467282405355,35.696497800178705],[-105.52368782330699,35.695699800186155],[-105.52366482403828,35.695681800253958],[-105.52270482355397,35.694918800080679],[-105.52256082316427,35.694777799860525],[-105.52126382325473,35.694054799758412],[-105.52026482276399,35.693317799890885],[-105.519230822444,35.692510800384007],[-105.51842082172898,35.691899800040069],[-105.51770982198076,35.691013799557723],[-105.51739282156011,35.689607799275848],[-105.51739282155967,35.68960279994382],[-105.51735282145748,35.689049799541571],[-105.5173398215187,35.686292798789196],[-105.51698482104396,35.683811799134709],[-105.51740282152294,35.683751799032883],[-105.51746282159175,35.683592798867636],[-105.51739182091632,35.682617798727662],[-105.51705882068032,35.68152479853903],[-105.51629882047295,35.680787798657818],[-105.51558582064281,35.680026798562878],[-105.51547682006928,35.679802798097874],[-105.51483381989497,35.679151798591683],[-105.51462782022386,35.678943797973091],[-105.51411081960393,35.678419798040409],[-105.51316981997601,35.677374798308463],[-105.51286281919128,35.676808798219206],[-105.51271881969033,35.676543797657871],[-105.51230581937811,35.675843797670169],[-105.51249481909593,35.675291798200476],[-105.51259081902403,35.675011797830791],[-105.5128758195347,35.673775797286019],[-105.51286781916146,35.673745797697137],[-105.51269481918507,35.673118797475972],[-105.5127378193754,35.673076797328982],[-105.51279381926763,35.673019797386537],[-105.51284781906692,35.672960797351692],[-105.51295581956424,35.672834796911872],[-105.51302181901816,35.672750797518326],[-105.5130868193248,35.672662797040402],[-105.51314081912253,35.672585797072045],[-105.51319181968013,35.672502797725663],[-105.51324181929165,35.672414797248585],[-105.51328981970921,35.672319797347157],[-105.51333581913438,35.672220797260685],[-105.5133818194582,35.672113796804155],[-105.51342681973495,35.67199779683056],[-105.51347281915773,35.671870797247315],[-105.51350281964035,35.67177379725436],[-105.51352681894539,35.67167479716916],[-105.51354581891781,35.671572796945455],[-105.51355881951126,35.67146779748267],[-105.51356581892708,35.671359796982024],[-105.51356681896384,35.67124779719601],[-105.51356281966784,35.671130797178968],[-105.51355281919402,35.671008796930877],[-105.51353981948213,35.670905796662758],[-105.51352381963081,35.670797797062797],[-105.51350281954721,35.670682797139229],[-105.51347781927763,35.670560796892019],[-105.51342481949986,35.670329796999276],[-105.51328181911941,35.669753796438016],[-105.51324581923602,35.669591797038755],[-105.51321681877904,35.669445796580696],[-105.51319081935928,35.669286796420273],[-105.51317281941184,35.669138796768365],[-105.51316181889018,35.668998796586919],[-105.51315881873971,35.668864796682556],[-105.51316081882236,35.668746796618912],[-105.51316681908993,35.668624796369926],[-105.51317581859666,35.668495796696263],[-105.51318881918721,35.668356796559671],[-105.51321981880335,35.668101796451062],[-105.5133028190002,35.667491796102489],[-105.5133218189675,35.667329796700088],[-105.51333581870445,35.667183796239598],[-105.51334681920129,35.667032796447231],[-105.51335181852157,35.666890796172332],[-105.51335281855637,35.666755796221487],[-105.51334981930556,35.666625796502245],[-105.51333281848983,35.666297796616121],[-105.51331781867502,35.666074796192014],[-105.51329881867656,35.665871796693445],[-105.51327581849446,35.66568879632181],[-105.51324581888775,35.665510796181927],[-105.51321081905034,35.66534479659753],[-105.51316881888934,35.665187796530589],[-105.51314481867013,35.665112795759917],[-105.51311881835832,35.665038795934919],[-105.51307381896086,35.664919795827636],[-105.51302381843233,35.664800795720666],[-105.51297081866429,35.664682796559411],[-105.5129138187109,35.664565796545361],[-105.51285281857234,35.664450795724726],[-105.51278881829494,35.664337795896145],[-105.512721818778,35.664226796160293],[-105.51265081817664,35.664118795664081],[-105.51260181859793,35.664047795979201],[-105.51254881883378,35.663975796248302],[-105.51249281803123,35.663903795618253],[-105.51243281884196,35.663830795841442],[-105.51236881856788,35.663756796018617],[-105.51229981806205,35.663681796149817],[-105.51222781831629,35.663604796188636],[-105.51214981829246,35.663526796181557],[-105.51195281809171,35.662763795964629],[-105.51124181828055,35.661137795418817],[-105.51070781774885,35.660338795354072],[-105.51045881785761,35.659823795822447],[-105.51069781723388,35.659733795242119],[-105.51077281800912,35.659707795833562],[-105.51085281811687,35.659682795571712],[-105.51093781755705,35.65965879535576],[-105.51103081736807,35.659635795185693],[-105.51121681788975,35.659593795030538],[-105.5115808176639,35.659519795183428],[-105.51172781817786,35.659488795539424],[-105.51187881797739,35.659451795617635],[-105.51200981774949,35.659414795696996],[-105.51208581767192,35.659390795481563],[-105.51215581821559,35.659365795220218],[-105.51222281772084,35.65933979491281],[-105.51228581793984,35.659311795412435],[-105.5123448179734,35.65928279496665],[-105.51240081786786,35.659251795327833],[-105.51245481766949,35.659219795642855],[-105.51250481818489,35.659185794966241],[-105.51258881847475,35.659122795643988],[-105.51266581844033,35.65906079546901],[-105.51273381798892,35.658999795340854],[-105.51279481811262,35.658940795305618],[-105.5128308179787,35.658899795205258],[-105.51286381770522,35.65885279482746],[-105.51289281814542,35.658801795164173],[-105.51291981849234,35.658743795177109],[-105.51293981851535,35.658691795468066],[-105.51295981853778,35.658632795435167],[-105.51301681846438,35.658435795310574],[-105.51303881767934,35.658366794814839],[-105.51306181784028,35.658301795403474],[-105.51308681809466,35.658245795509103],[-105.51311581853469,35.658192794853996],[-105.51314881826113,35.65814479532925],[-105.5131848181271,35.65810279518265],[-105.51322481817887,35.658065795267092],[-105.51326881841621,35.658030795443892],[-105.51331781798595,35.657996794767406],[-105.51337281783367,35.657961794943567],[-105.51343181786687,35.657927795165762],[-105.51349581813167,35.657893795387714],[-105.51356481772895,35.657859794710021],[-105.51363881845722,35.657825794931405],[-105.5137188185642,35.657791795152427],[-105.5137648179963,35.657773795216357],[-105.51381281842067,35.657758795418928],[-105.51386281803855,35.657745794814623],[-105.5139148186486,35.657734795202032],[-105.5139688184523,35.657726794828854],[-105.51402681844142,35.657719795401015],[-105.51408681852351,35.657715795212553],[-105.51414981784541,35.657713795116422],[-105.51425981844612,35.65771379511019],[-105.51438481794374,35.657718795334446],[-105.5145048181093,35.657727794844654],[-105.51479281886664,35.657751795039417],[-105.51493581829936,35.657760794548381],[-105.51506781812125,35.657764794725935],[-105.51518581819306,35.657760794534205],[-105.51523981889636,35.657756795245334],[-105.51529081856121,35.657750794964812],[-105.51533981813327,35.657743794638193],[-105.51538681851183,35.657734795118422],[-105.51543281884385,35.657723794606895],[-105.51547581813739,35.6577107949023],[-105.51551781828383,35.657696795151523],[-105.5155588183837,35.657680795308252],[-105.51570981818135,35.657621795267843],[-105.51576981826148,35.657594794914587],[-105.51579781865826,35.657578795072041],[-105.51581981877713,35.657563795276097],[-105.5158368186642,35.657547794534842],[-105.51584881831951,35.657530794646974],[-105.51585581864269,35.657516794898179],[-105.51586081887314,35.657501795103194],[-105.51586481905549,35.657466795282261],[-105.51586181891297,35.657425795184167],[-105.5158508183996,35.657382794993929],[-105.51583381850723,35.65733679466527],[-105.51580981829056,35.657291795282582],[-105.51578281883472,35.657252795278353],[-105.515752818341,35.657219794652597],[-105.51572081865471,35.657194794397036],[-105.51567881850508,35.657171795133955],[-105.51563581830952,35.657152795156627],[-105.51551481809432,35.657104794741336],[-105.51542581846346,35.657066794786878],[-105.51534481830463,35.657035795155878],[-105.51526381814611,35.657008794810565],[-105.51518081879441,35.656983794557966],[-105.51518481807811,35.656956795107142],[-105.51497381817849,35.656785794402069],[-105.51477981817939,35.656756794869985],[-105.51460881835334,35.656804794402547],[-105.5146028180706,35.656749794556177],[-105.51459881788185,35.656709794504401],[-105.51455381848771,35.656629794402882],[-105.5144888181635,35.656511794343004],[-105.51450881818599,35.65645279520939],[-105.51455481851511,35.65640779492341],[-105.51458081791353,35.656316794308964],[-105.5146028180272,35.656240794388694],[-105.51469881796726,35.656100795100457],[-105.5148298186334,35.656002795055436],[-105.51491981830164,35.655935794648457],[-105.51531881879119,35.6557777945102],[-105.51552181830274,35.655744794770484],[-105.5156708180053,35.655657794334076],[-105.51576181862036,35.655604794574735],[-105.51610781846368,35.655576794158918],[-105.51610981855103,35.65551479488758],[-105.51620681852675,35.655249794312539],[-105.5162768181636,35.655136794476327],[-105.51617181868194,35.654996794300132],[-105.51594981828428,35.654962794538356],[-105.51582081860617,35.655014794253589],[-105.5158178184664,35.655005794736667],[-105.51569281806459,35.654943794573185],[-105.51556281833489,35.654933794117923],[-105.51519781845553,35.654317794416514],[-105.51482681831619,35.653912794585231],[-105.51337581757004,35.653238794060677],[-105.51290181717012,35.653018794700749],[-105.50974981675945,35.652562794466355],[-105.50954181701481,35.65257979436543],[-105.50857681637068,35.65265779443174],[-105.50768581645715,35.652729794216242],[-105.50662281568498,35.651829794904465],[-105.50648481647464,35.651711794848779],[-105.50584381542754,35.650282794420157],[-105.50569581573573,35.649952794448929],[-105.50487581542389,35.648954794186466],[-105.50434381499188,35.648237794318156],[-105.50426881510563,35.648142794423691],[-105.50364381480053,35.646719794271746],[-105.50347381498374,35.646332793463188],[-105.50337381477824,35.645532793327469],[-105.50337381477807,35.645530794134309],[-105.50327781479899,35.645212793815979],[-105.50318181482007,35.644895793543981],[-105.50304881491439,35.64445279373961],[-105.50304481472786,35.644438793991448],[-105.50294181442236,35.644096793462452],[-105.50243481422361,35.643074793870412],[-105.50239681419254,35.642266793361003],[-105.50308481455009,35.641705793446533],[-105.50434081424909,35.641148792785607],[-105.50483481464998,35.641057793043842],[-105.50487481470444,35.641051792763975],[-105.50539181527196,35.640962793113516],[-105.50562781451374,35.640925793186852],[-105.50561581485569,35.640909793346594],[-105.50610181485065,35.640405792483534],[-105.50643381490762,35.639944792719326],[-105.50733881546202,35.639779792228516],[-105.50838881558693,35.640153792385689],[-105.50859481524655,35.640227793099797],[-105.50912081534781,35.640325792208159],[-105.50993381616262,35.640478792945657],[-105.51083881584297,35.640611792752544],[-105.51086081596475,35.640630792731066],[-105.51090281612429,35.640770792910786],[-105.51168381637537,35.641156792739103],[-105.51291281673514,35.641929792460857],[-105.51316081654328,35.642013792735909],[-105.51418681735234,35.642360792544522],[-105.51499581710631,35.642793792747149],[-105.51590881714412,35.64277079253052],[-105.51714581781923,35.642894792801471],[-105.51847481830464,35.643530792474181],[-105.51847981763717,35.643532792566461],[-105.51936781831652,35.643525792192207],[-105.51950881855754,35.643554792626624],[-105.5202808183721,35.643711792652091],[-105.52083881816942,35.643949792840111],[-105.52117681855587,35.644092792242553],[-105.5215478186805,35.644325792209813],[-105.52222981884415,35.644753792188283],[-105.52309481939579,35.645202792228602],[-105.52429181912277,35.645397792189478],[-105.52591281959782,35.64542879263243],[-105.52605481988053,35.645402792320773],[-105.52623782026376,35.645367792489672],[-105.52665781992785,35.645210792396469],[-105.52671281977682,35.645189792321112],[-105.52686481962097,35.645132792373211],[-105.52686581966668,35.645125792049299],[-105.52683782016457,35.645087792091374],[-105.52685081986417,35.645046791992328],[-105.5268668197055,35.645037792474376],[-105.52689081991741,35.64502679196405],[-105.52692881980762,35.644180792390273],[-105.52698082038839,35.643825792150366],[-105.52705981950731,35.64329479185983],[-105.52736782022447,35.642524792189697],[-105.52759581994206,35.641868791503292],[-105.52762981971071,35.641771791510102],[-105.52763481994126,35.641757791761357],[-105.52810682013812,35.640682791460364],[-105.52884582013459,35.639812791635698],[-105.52897281971769,35.63973379157072],[-105.52932082053694,35.639517791449855],[-105.52974582042361,35.639253790902458],[-105.53064282059849,35.638986791088776],[-105.53073482035668,35.638887790999725],[-105.53077382036358,35.638867790971503],[-105.53091082041003,35.638787790859659],[-105.5310938207823,35.638624791401696],[-105.53121782022575,35.63853779096673],[-105.5313748202877,35.63831779067165],[-105.53148682006766,35.638151791078833],[-105.5315878202324,35.637929790694393],[-105.53168382017382,35.637805791247125],[-105.5317308205437,35.637694790605423],[-105.53159182037743,35.637455791246701],[-105.53142582077064,35.637357791218605],[-105.5314168203403,35.637201791195999],[-105.53148582082852,35.637069790480794],[-105.53154982018157,35.636888791096062],[-105.53157582047506,35.636747790866238],[-105.53156782009229,35.636606790638297],[-105.53151582036897,35.636469790597907],[-105.53128782058445,35.636340790937673],[-105.53106982037137,35.636297790759244],[-105.53072582061424,35.636248791209638],[-105.53042782029632,35.636264791067482],[-105.53041182044332,35.63613679054216],[-105.53046282010443,35.636086790923919],[-105.53044081996946,35.635912790968597],[-105.53042482011662,35.635786790535803],[-105.53039481960512,35.635544791032117],[-105.53026982010103,35.635462790842574],[-105.5301468197904,35.635382790745474],[-105.53003481999708,35.635391790268919],[-105.53002282033256,35.635300790555938],[-105.52980382006665,35.635181790458518],[-105.52972081981606,35.635161790437209],[-105.52970982019799,35.635071790770411],[-105.52975181944281,35.635030790669717],[-105.52976081985911,35.635021790252793],[-105.52984782029112,35.634995790843561],[-105.52995982008444,35.634986790420797],[-105.53010281951204,35.634935790751086],[-105.53012381958516,35.634927790379734],[-105.53023582027778,35.634918790856283],[-105.53033482036538,35.634878790798652],[-105.53044181992588,35.634856790674021],[-105.53066781960518,35.634838790727763],[-105.53071682007469,35.634809790282553],[-105.53075281994252,35.634788790208198],[-105.5307438204171,35.634698790541307],[-105.53081282001118,35.63462779084972],[-105.53081682019533,35.634613790201776],[-105.53083882030978,35.634546790697925],[-105.53093982048496,35.634446790562116],[-105.53095682036599,35.63435979013321],[-105.53101082016364,35.634280790072317],[-105.53102181976689,35.634196790681877],[-105.53103682045996,35.634172790469968],[-105.53106882013967,35.634119790714003],[-105.53103981967539,35.633887790773585],[-105.53094781984773,35.633170789980959],[-105.53094281961243,35.633128790735988],[-105.53091482011388,35.633131789977064],[-105.53082981977278,35.633137790259497],[-105.53076981968684,35.633095790118354],[-105.5307598201169,35.633026790523793],[-105.53075681997609,35.633005790451662],[-105.53069381974886,35.632937790007041],[-105.53068182008451,35.6328477903403],[-105.53060282002026,35.632839789974696],[-105.53058782022438,35.63283878992921],[-105.53048481993646,35.632702789938016],[-105.53039681945107,35.632645790003743],[-105.53035082001156,35.632576790411235],[-105.53034781987211,35.632571790180059],[-105.53024781973266,35.632546789928419],[-105.53021281990756,35.632524789811839],[-105.53015982014658,35.632489789994153],[-105.53005781991492,35.632470790020172],[-105.52994081988167,35.632382790451956],[-105.52988582002486,35.632310789821823],[-105.52977681947047,35.632310789828018],[-105.5297728192841,35.632298790172349],[-105.52975181920473,35.632233789864166],[-105.5296528200127,35.63222979058397],[-105.52959081983417,35.632188790489231],[-105.52938781941715,35.632149790494985],[-105.52933381960666,35.632077789864766],[-105.5291828197969,35.63199379048352],[-105.52909081912907,35.631971790370194],[-105.52890281940658,35.63192579005122],[-105.52880281926892,35.631921789871853],[-105.52872781938832,35.631893790379252],[-105.52867881891184,35.631840790627869],[-105.52854081970789,35.63179679039856],[-105.52839981946536,35.631750790076943],[-105.52824781960854,35.631658790325595],[-105.52814981956129,35.63162878984248],[-105.52803981896066,35.63162978989498],[-105.52798781924336,35.631563790441611],[-105.52790081880659,35.631533789957878],[-105.52789281933478,35.631528790626298],[-105.52777681934887,35.631452789814539],[-105.52776881897081,35.631366790332677],[-105.52775681930376,35.631245790130954],[-105.52774081944862,35.631092790247628],[-105.52777781935735,35.631007789910079],[-105.52776081945359,35.630827790576262],[-105.52780281869532,35.630750789709289],[-105.52779181907722,35.630660790042469],[-105.52783881945,35.630583790074553],[-105.52792081874715,35.630512790382234],[-105.52797281935422,35.630466790049653],[-105.52800881921746,35.630391790174855],[-105.52809281950817,35.630338790415905],[-105.52811481872513,35.63029379013129],[-105.52813181951012,35.630260790402176],[-105.52819081864276,35.630212789976646],[-105.52828481939856,35.630179790243169],[-105.52845781930617,35.630000790045443],[-105.52856581891112,35.629956789802208],[-105.52864681906449,35.629923790069462],[-105.52878781929435,35.629820789792568],[-105.5290348190383,35.629694790244187],[-105.52905381901627,35.629657790329887],[-105.52906681961647,35.629631790025542],[-105.52913681925975,35.629594790108307],[-105.52917981945289,35.629584789643197],[-105.52922981907084,35.629572789984472],[-105.52932981920749,35.6295647896087],[-105.52945481960312,35.629554790038256],[-105.52965081968725,35.629493789902803],[-105.52976181943369,35.629478790101835],[-105.52985681933534,35.62943178972057],[-105.53019781984608,35.629402790158132],[-105.53030581945407,35.62939378973558],[-105.53033381984997,35.629366789384079],[-105.53040881972208,35.629295789692158],[-105.53063181926217,35.629275789653533],[-105.53068481991541,35.629227790127665],[-105.53102281938804,35.62920078975862],[-105.53107281990214,35.629150790140436],[-105.53111781928909,35.62914678995277],[-105.53129781953501,35.629131789248582],[-105.53150881941477,35.629069789965328],[-105.53150981946102,35.62906878991901],[-105.53159281970558,35.629017789353341],[-105.53239682008466,35.628952789897667],[-105.532473820055,35.628946789615711],[-105.53283082040791,35.628917789153036],[-105.53287781988674,35.628903789401974],[-105.53303682005601,35.628855789870094],[-105.53337382038121,35.62882478931602],[-105.53339881974669,35.62889078967028],[-105.533358819702,35.629010789828641],[-105.53327682040596,35.629095789269329],[-105.53319482020908,35.62916178962967],[-105.53316381968624,35.629330789356622],[-105.53325382027056,35.629460789970331],[-105.53338882024404,35.629612789800667],[-105.53350782037442,35.629752789976031],[-105.53369382000912,35.629855789335039],[-105.53397482044797,35.629949790070889],[-105.53418982052284,35.630002789812913],[-105.53420282022508,35.629992789349515],[-105.53421182064264,35.629998789626548],[-105.53435282088321,35.630021789783413],[-105.53441582020449,35.630011789317194],[-105.53452582080077,35.629959789602978],[-105.53459682048796,35.629893789243312],[-105.53468982029052,35.629771789888729],[-105.53473382052125,35.629659789200929],[-105.53474082083966,35.629589789559198],[-105.53530082069662,35.62943978978192],[-105.53547882084702,35.629391789349661],[-105.5365738212236,35.629356789466847],[-105.53680382108919,35.62934978912994],[-105.53730082073611,35.629333789260805],[-105.53778082137228,35.629063789332051],[-105.53814582118471,35.628895789632352],[-105.53841182091011,35.628773789368694],[-105.53909282097867,35.628629788962854],[-105.53914482157734,35.628484789445778],[-105.53926382166736,35.628150789274329],[-105.53970582146111,35.62810578896589],[-105.53994382169587,35.62808078869508],[-105.54047082184128,35.628154789390983],[-105.54127282215509,35.628411788645558],[-105.5415008219578,35.628754789213737],[-105.5418968223448,35.629025789139106],[-105.54198782207041,35.629088789350746],[-105.54212282203882,35.629180789103074],[-105.54261982262358,35.629617789508401],[-105.5427618220199,35.629743789034706],[-105.54283282261918,35.629827789319819],[-105.54296182231481,35.629981789243068],[-105.54360282236111,35.630221789518913],[-105.54370182245519,35.630258789426499],[-105.54380682282338,35.630248788957893],[-105.5438788225626,35.630249789000061],[-105.54393582250549,35.630243788719199],[-105.54397482251491,35.630253789179719],[-105.5442948229574,35.630289789028531],[-105.54444282262156,35.630295789297733],[-105.54452182267488,35.630175789137112],[-105.54456582290824,35.630094788984294],[-105.54455482239163,35.630013788834596],[-105.54461282237779,35.629971788686731],[-105.54464682304841,35.629905789228502],[-105.54460882307907,35.629822788987781],[-105.54452182264247,35.629794788596556],[-105.54424682248235,35.629708789129836],[-105.54408882234962,35.629641788736862],[-105.54396282279653,35.629529788958052],[-105.54383382219497,35.629297789023298],[-105.54372982276122,35.62917578878055],[-105.54362182224233,35.629047789159799],[-105.54359382274227,35.629033789412965],[-105.54358182218397,35.62900778911002],[-105.54358482231449,35.628907788979767],[-105.54332482190226,35.628258788644935],[-105.54337882257552,35.627901789211677],[-105.54351482258059,35.627879789085398],[-105.54386382256051,35.627824789218906],[-105.54469082220196,35.627703788969662],[-105.54479982273337,35.627433789061918],[-105.54489582266363,35.627178788949571],[-105.54495782282474,35.627014788552849],[-105.54550982228285,35.626534788796484],[-105.5456228230276,35.626593788821836],[-105.54574082310704,35.626679788297487],[-105.54584482253446,35.626727788713787],[-105.5459478228115,35.626735788178721],[-105.54612782305708,35.626716788188816],[-105.54623382256986,35.626678788223302],[-105.54635382272792,35.626599788158671],[-105.5465258225979,35.626523788229932],[-105.54678082271582,35.626436788686867],[-105.54677882261859,35.626382787987204],[-105.54669382316595,35.626260788642682],[-105.54656682266524,35.626124788652874],[-105.54639082259216,35.625992787951539],[-105.54614382283111,35.625916788046517],[-105.54614782296439,35.625304788509304],[-105.54620982312568,35.625142788205082],[-105.54621582250371,35.625134787834639],[-105.54638382308818,35.625064788183685],[-105.54653582293078,35.624989788302344],[-105.54663982234976,35.624937788588539],[-105.54671982245115,35.624838788500178],[-105.54691382242218,35.624537788052692],[-105.547057822792,35.62444678833085],[-105.54722582248108,35.624422788110209],[-105.54735282296372,35.624345788137738],[-105.54746782289429,35.624316787688798],[-105.54753482329367,35.624229788156377],[-105.54772882323709,35.623604788006851],[-105.54794582336604,35.623202788281048],[-105.54827882256727,35.622709787935605],[-105.54832482289443,35.622641787484817],[-105.54876782274449,35.622713788092938],[-105.5496118232133,35.623058787819367],[-105.54977382353134,35.623124788165875],[-105.55046182307143,35.623527787886658],[-105.55059182374178,35.62402378744526],[-105.55087482341123,35.624555787761508],[-105.55060882371832,35.625058787666475],[-105.55089882366356,35.625019787644284],[-105.55122282338516,35.624974788241843],[-105.55175782388869,35.624900787485721],[-105.55177082358063,35.624769787719316],[-105.55182182410404,35.624284787759976],[-105.55203482409172,35.624401787765258],[-105.55232582408941,35.624434787476893],[-105.55256582441788,35.624421787761143],[-105.55292382392048,35.624424787879647],[-105.55309882393772,35.624445787941966],[-105.55317582391054,35.624468788102426],[-105.55524882469602,35.625083787660706],[-105.55542282466958,35.625135787358722],[-105.55748382485142,35.625191788034194],[-105.55949982561589,35.624894787668424],[-105.56023582551958,35.62456878693277],[-105.56032282590013,35.623937787411101],[-105.55995382578847,35.622766787212846],[-105.55887582524434,35.622141787135469],[-105.55804582545544,35.622163787301091],[-105.55664482433892,35.621609786929682],[-105.55589082442691,35.621071787261855],[-105.55591082444417,35.620951787104616],[-105.55488082432143,35.620276787409097],[-105.55695782429866,35.619783786964788],[-105.5571168244646,35.619696786527847],[-105.55890282537102,35.619494786973249],[-105.56056582506309,35.619160786714275],[-105.56135282551506,35.618641786039518],[-105.56137682569656,35.618273786099053],[-105.56155282575676,35.618254786109304],[-105.56142882534309,35.617507786628572],[-105.56127382527592,35.616576785830986],[-105.56125882547228,35.616483786025618],[-105.56016382502533,35.615689786223996],[-105.55914782471885,35.615800786021254],[-105.55846682468156,35.616311786319912],[-105.55816782437851,35.617047786215046],[-105.5580888244392,35.61850878636632],[-105.55783282517582,35.618613786742273],[-105.55674682434821,35.619014786471098],[-105.5562678246477,35.61916678633623],[-105.55609282463345,35.619181787040183],[-105.55447882447494,35.619055786697992],[-105.55349482382451,35.618835786467571],[-105.55288782348522,35.617773786829233],[-105.55246882375867,35.61665078615659],[-105.5521468231117,35.615298786574435],[-105.55216182289561,35.615159786437744],[-105.55220982326328,35.614477786357263],[-105.55225082335055,35.614312785915494],[-105.55228482311601,35.614178786009013],[-105.55233782285654,35.613972786367555],[-105.5523858232482,35.613572785844504],[-105.55244282316035,35.613205785948416],[-105.55245582283581,35.612880786199455],[-105.55238882330794,35.612639785844756],[-105.55196282333449,35.612427785952825],[-105.55159582251177,35.612380785597708],[-105.55136082240395,35.61226378559374],[-105.55101182239879,35.612021786108095],[-105.55049882286714,35.611535786134475],[-105.55026782203795,35.611331785702333],[-105.54993982210945,35.611123785989967],[-105.54947182198552,35.610877786325958],[-105.54889982245174,35.610790785930419],[-105.54847482164652,35.61082878591403],[-105.54828782198017,35.610897785519775],[-105.54792782149015,35.610948786101119],[-105.54762682194861,35.611153785710378],[-105.54727782196844,35.611205786337379],[-105.54706882128157,35.611262786288499],[-105.54673282189827,35.611249785706072],[-105.54644482113376,35.611140786075197],[-105.54619082103827,35.610946786107036],[-105.54603282180088,35.610832786237445],[-105.54589382165082,35.61078378577691],[-105.54564482090336,35.610773786227647],[-105.54546082136862,35.610755786304637],[-105.54527882102362,35.610694786190635],[-105.54507382141404,35.610664785713517],[-105.54486882090428,35.610624785673117],[-105.54469282084658,35.610672786105276],[-105.54450882131277,35.610665785791838],[-105.54370682094854,35.609814786034228],[-105.54357782034624,35.609573785683047],[-105.54339682093668,35.609392786312206],[-105.5432358206577,35.609240785584014],[-105.54294982088351,35.609111785927006],[-105.54275682092789,35.609048785721086],[-105.54260782031105,35.60895978610835],[-105.54237882047457,35.608763786046261],[-105.54221882024197,35.60861178621731],[-105.54157381998199,35.608037785776951],[-105.54124281991099,35.607788785966363],[-105.54077381973879,35.607520786183876],[-105.54046081960973,35.607355785762131],[-105.54027782011346,35.607244786032808],[-105.54022381940493,35.607187786096617],[-105.54013081956744,35.606898786220519],[-105.54030881969712,35.606606786190333],[-105.54057881960311,35.606428786033433],[-105.54073681972133,35.606324785709269],[-105.54099081977519,35.606028785489677],[-105.54137082025464,35.605529785763309],[-105.54151581976737,35.60538978557296],[-105.54185582018752,35.604839785287879],[-105.54209981977027,35.604452785355164],[-105.54233882001715,35.604024785324427],[-105.54243081976571,35.603812785403143],[-105.54242881964659,35.60350078535707],[-105.54246182026355,35.60334878551722],[-105.54252481955452,35.602982784767718],[-105.54266082043769,35.602710784765875],[-105.54276781997737,35.602443784997064],[-105.54280982010859,35.602250785058374],[-105.54292181988654,35.60206078525453],[-105.54302382010565,35.60193278472245],[-105.54312782041328,35.601755784621211],[-105.54318282025061,35.601597784502495],[-105.54313681991039,35.601512785069033],[-105.54304182000038,35.601460784467193],[-105.54289482038611,35.601496785241793],[-105.54279682034174,35.601499784486826],[-105.54266781975421,35.601432784991502],[-105.54267281997527,35.601307784603762],[-105.54265682012306,35.601188784494816],[-105.54255681997479,35.601059784827299],[-105.54235981982976,35.600948785098772],[-105.54209382008428,35.600833785189039],[-105.54194981970267,35.600786784821317],[-105.54180081999871,35.600857784517423],[-105.54169781973442,35.600999784797914],[-105.54155481941389,35.601125785239738],[-105.54136481960731,35.601180785097206],[-105.54119081963876,35.601187784531596],[-105.54102381909416,35.601181785162773],[-105.54085581940603,35.601216784992971],[-105.54074481965971,35.601233784886482],[-105.54062581954267,35.601249784734158],[-105.54048581935176,35.601265784583049],[-105.54037481960421,35.60126778468188],[-105.54022981917926,35.601255785034198],[-105.54012481971098,35.601272784927346],[-105.54008781890094,35.601333785053768],[-105.54011181912146,35.601424784766138],[-105.5401798195789,35.601475785323224],[-105.54026681911942,35.601541784774653],[-105.54034181900077,35.601579784729928],[-105.54039381961964,35.60167178538623],[-105.54042481926581,35.601769785422057],[-105.54038581926656,35.601879785117696],[-105.54035681972596,35.601933784919773],[-105.54023381943183,35.602047784805265],[-105.54011781946319,35.602174785291815],[-105.54001581924402,35.602302784924525],[-105.53993381905308,35.602438784926207],[-105.53983881915778,35.602560785180245],[-105.53975981910048,35.602633784964944],[-105.53963281951499,35.602684785533057],[-105.53951481944246,35.602679785308453],[-105.53941781944381,35.602675785128888],[-105.53923881923946,35.602634785040706],[-105.53908581934365,35.602628784771753],[-105.53870381873021,35.602641785394859],[-105.53839781894095,35.602657785253143],[-105.53820181885393,35.602684785614102],[-105.53797581918069,35.60277378524809],[-105.5377998191253,35.602849785177092],[-105.53767181859649,35.602928785242099],[-105.53752181884792,35.603019784964282],[-105.53741781852671,35.60303678575675],[-105.53731281905723,35.60303978500211],[-105.53714781860236,35.602998785812503],[-105.53707281872218,35.602974785605646],[-105.53697781881033,35.602901784931547],[-105.53687081834066,35.602807785085119],[-105.53679681850467,35.602758785520138],[-105.53678881902194,35.602624785616101],[-105.53679381835417,35.602623785569527],[-105.53683281835521,35.602534785046878],[-105.53684181876582,35.602458785127318],[-105.53694081885418,35.602427785486107],[-105.53705981897129,35.602411785638417],[-105.53722681861363,35.602383785232803],[-105.53738181859799,35.602340785033178],[-105.53754481895021,35.602263785058703],[-105.53763581866903,35.602246785166336],[-105.5378248184292,35.602190785262614],[-105.53807981854298,35.60205478525112],[-105.53815881860146,35.601995785214861],[-105.53835981890899,35.601836785041556],[-105.53846081908294,35.601722785157357],[-105.53855481893424,35.60162878529956],[-105.53864981883021,35.601514785415674],[-105.5386508188588,35.601305784739026],[-105.53862781868222,35.601186784630471],[-105.53860681859302,35.601005785250564],[-105.53861181881413,35.600880784862809],[-105.53856081913742,35.600746784961146],[-105.53845381866775,35.600652785114718],[-105.53831981874298,35.600528784781147],[-105.53827981868385,35.600478785168015],[-105.53832481896359,35.600397785015133],[-105.53838181890239,35.600343785211436],[-105.53849681882875,35.600264785147139],[-105.53856781851712,35.600212784535891],[-105.53862581849997,35.600131785281597],[-105.53869181885432,35.60005978464455],[-105.5387138189726,35.600037784524737],[-105.53878581870603,35.599970785018101],[-105.53894681896904,35.599934785142025],[-105.53909181939409,35.599947784835962],[-105.53928681943589,35.59993478512277],[-105.53937981924383,35.599875785085679],[-105.53955681934488,35.599791784786525],[-105.53973381944421,35.599687784461331],[-105.53982681925096,35.59961478467585],[-105.53992881947067,35.599493784467747],[-105.54004281933717,35.599254785094651],[-105.54011781920453,35.599127784610403],[-105.54021881938553,35.599096784969063],[-105.54025981948546,35.599080784226473],[-105.54029581935366,35.599064784383486],[-105.54046481908426,35.598983784223591],[-105.54061881901937,35.598906784249579],[-105.54076181934438,35.598832784415009],[-105.54089581925237,35.598759784627184],[-105.54102181968898,35.598686784839835],[-105.54114081890192,35.598613784153606],[-105.54125181954289,35.598541784413349],[-105.54135681900644,35.598469784673483],[-105.54145681913755,35.598396784887655],[-105.54154881979723,35.598322784156629],[-105.54163581932586,35.59824878432525],[-105.54171581942937,35.598173784447916],[-105.54178981925482,35.598098784571029],[-105.54185781970138,35.598021784601883],[-105.54191981986999,35.597945784679403],[-105.54197481971406,35.597867784664707],[-105.54202881951139,35.597784784418813],[-105.5420788191234,35.597702784219344],[-105.54212381940324,35.597622784112701],[-105.54216381945149,35.59754378405264],[-105.54219881926812,35.597466784085398],[-105.54222881975275,35.597392784257217],[-105.54225381910635,35.59731978447558],[-105.54227381912783,35.597248783887451],[-105.542293819148,35.597162784404006],[-105.54230781978926,35.59707478392896],[-105.54231681929953,35.596986784353589],[-105.542319819431,35.596897783832965],[-105.54231881937712,35.596808784211852],[-105.54231181904514,35.596719783691732],[-105.54229981938072,35.59662878397873],[-105.54228281948451,35.596537784266012],[-105.54253581948835,35.596197783809359],[-105.5426188197228,35.59602778403319],[-105.54260581910003,35.595787783721676],[-105.54247181917152,35.595619784050314],[-105.54228181934772,35.595471783508771],[-105.54212281916462,35.595356783593047],[-105.54207681881401,35.595148783864623],[-105.54208281907917,35.59499778407249],[-105.54211181950717,35.594802784042052],[-105.54214281912495,35.594565783866827],[-105.54215081947815,35.594359784227898],[-105.54213681881279,35.594163784153622],[-105.54204281894403,35.594051783473645],[-105.54194181875732,35.594015783612392],[-105.54189981950225,35.593935783510673],[-105.54182781885407,35.59382178363628],[-105.54173881920913,35.593616784049068],[-105.54161781898932,35.593514783833264],[-105.54152181903353,35.593469783555335],[-105.54144181891643,35.593383784077545],[-105.54141681865065,35.593305784067432],[-105.54155281864853,35.593199783652011],[-105.54164781854445,35.59308578376811],[-105.54170581852848,35.593018783362936],[-105.54175781913197,35.592929783738803],[-105.54177781914653,35.59277778389967],[-105.54184281855561,35.592710783494049],[-105.54201081914245,35.592668783339953],[-105.54207581945145,35.592608783258221],[-105.54203881862733,35.592503783798229],[-105.5419438187149,35.592423783699516],[-105.54194381871481,35.592422783653262],[-105.54201481929124,35.592237783183712],[-105.5423048192242,35.59205378364738],[-105.5424248193866,35.592025783244466],[-105.54255781924849,35.591954783549262],[-105.54266981903554,35.59187278334629],[-105.54280681907362,35.591693783150653],[-105.54291281947091,35.591480783182327],[-105.54299881893671,35.591212783368341],[-105.5430648192864,35.591085782884647],[-105.54318281935208,35.591009782958928],[-105.54329881932487,35.590931782940842],[-105.54341181915849,35.590851782830342],[-105.54352181885292,35.590769783526859],[-105.54364081896341,35.590675782768315],[-105.54375681893468,35.590579782816732],[-105.54386981966593,35.590479782680227],[-105.54397781926603,35.590378783397078],[-105.54408281962634,35.590275783122244],[-105.54418281885552,35.590171782801434],[-105.54427881969777,35.590065783287621],[-105.5443688193627,35.589959782874821],[-105.5444308195311,35.589880782813466],[-105.54449081960661,35.589799782659746],[-105.54454981963549,35.589714783220344],[-105.54460581952503,35.589626782742982],[-105.54466181941424,35.589534782979818],[-105.54471481916423,35.589439783078092],[-105.54476781891374,35.58933978294499],[-105.54481881946958,35.589235782626915],[-105.54486681898719,35.589132783254598],[-105.5449148194035,35.589022782659129],[-105.54496281892006,35.58890778273166],[-105.54501081933522,35.588784782433997],[-105.54510881935751,35.588520782804494],[-105.54524381928508,35.588131782785382],[-105.54524881951546,35.588116782990397],[-105.54620081949255,35.587277782789336],[-105.54667581990121,35.587056782430004],[-105.54667781999377,35.587055782383587],[-105.54705381941116,35.586822782373964],[-105.54715681966425,35.586548782281454],[-105.54759081989361,35.585406782479936],[-105.5479208198791,35.585194781645846],[-105.5481988201557,35.585015782341564],[-105.54896681967988,35.583936781838652],[-105.54947881993436,35.582888781885188],[-105.54996782007571,35.582469781357354],[-105.5500698202615,35.581948781528141],[-105.55019881993323,35.58182178104088],[-105.55037982019985,35.581503781606159],[-105.55049682017125,35.580862781620006],[-105.55088682022058,35.580431781441916],[-105.5508928195548,35.579906781433053],[-105.5509418200199,35.579825781279929],[-105.55093681976022,35.579495781300572],[-105.5511758200235,35.579260781206159],[-105.55117381986517,35.578485780422803],[-105.55141582021395,35.577618780765043],[-105.5514608195826,35.577398780476301],[-105.55103781964198,35.575932780121867],[-105.55073681909521,35.574888780399434],[-105.55073581904449,35.574836780691562],[-105.55069281955674,35.572556780425685],[-105.55045481911151,35.570096779936634],[-105.55043681907256,35.568866779686346],[-105.55037981911433,35.568690779640505],[-105.5503068184118,35.568481778968014],[-105.5502258191369,35.568268779010218],[-105.55013581854527,35.568051779767188],[-105.55003881852829,35.567830779440214],[-105.54993381903934,35.567603779735343],[-105.54981981823366,35.567371778900338],[-105.54969781885536,35.567133779586904],[-105.54958881828372,35.566929779147749],[-105.54948081865854,35.566734779124999],[-105.54937381818095,35.566546779426062],[-105.54926781864958,35.56636577915156],[-105.5491618182195,35.566191779201013],[-105.54905481864284,35.566022779481791],[-105.5489468181209,35.565858779094661],[-105.54883881849884,35.565700778985125],[-105.54872981793145,35.56554677906071],[-105.54861881817106,35.565397779367757],[-105.54850681836477,35.56525277896062],[-105.54839381851252,35.565112778784872],[-105.54827981771498,35.5649777788405],[-105.5481638177244,35.564845779035053],[-105.54804681768789,35.564718778561691],[-105.54792781755897,35.564594779126516],[-105.54782581821978,35.564493778955914],[-105.5477228179349,35.56439277878539],[-105.54761781755749,35.564293778707459],[-105.54751081798685,35.564195778675931],[-105.54740281747064,35.564099778737024],[-105.54729381780761,35.564004778844378],[-105.54718281805198,35.563911779044432],[-105.5470708173508,35.563819779290789],[-105.54695781750279,35.563729778730419],[-105.54684381760862,35.563641779161991],[-105.54672981771462,35.563555778786736],[-105.54661381772799,35.563470778457884],[-105.54649681769526,35.563388779167163],[-105.54637981766267,35.563307779023418],[-105.54626181758385,35.563228778972302],[-105.54614281745904,35.56315277905999],[-105.54577781761282,35.562922779231037],[-105.54564481683896,35.562843779180717],[-105.54552281747489,35.562773778646871],[-105.54540081721184,35.562707779197432],[-105.5452838171811,35.562648779172285],[-105.54517081733623,35.562595778525107],[-105.54505881753816,35.562548779054886],[-105.54503081713909,35.562537778547494],[-105.5449908170816,35.562507778960409],[-105.54488081737794,35.562480778616745],[-105.54463981699686,35.562419778506026],[-105.54405281676304,35.562273778978721],[-105.5432928166116,35.56218877868627],[-105.54270381626949,35.561858778739875],[-105.542583816099,35.561790779197786],[-105.54164581663616,35.56104177877085],[-105.54142281617999,35.560863778641803],[-105.54125081630595,35.560892779093962],[-105.53997681574386,35.561107779220848],[-105.53976181572951,35.561769779284901],[-105.53962881589614,35.562177779283694],[-105.53955081589936,35.562418778747251],[-105.53946881569844,35.562437778731635],[-105.53919781573644,35.562501779010098],[-105.53901981557547,35.562425779101169],[-105.53802081511162,35.561995779047777],[-105.53770981509135,35.562020779322715],[-105.53753081580103,35.562152779144846],[-105.53731681579869,35.562409779356429],[-105.53718481510921,35.562780779441894],[-105.53711881567395,35.563085779167935],[-105.53704781509393,35.563228779492924],[-105.53693981549603,35.563356779125947],[-105.53671081568814,35.563497779367296],[-105.53635781557202,35.564133779135553],[-105.53596381534656,35.56467477990666],[-105.53578181503478,35.565006779989176],[-105.5357098153021,35.565082779912281],[-105.53569881569265,35.56509477956876],[-105.53569581555378,35.565095779615227],[-105.53566281492523,35.565111779458057],[-105.53558481491136,35.565150779468226],[-105.535566814997,35.565391779827713],[-105.53528381539599,35.565665779930427],[-105.53527981521098,35.565669780115755],[-105.53527881516462,35.565669780115826],[-105.53524681548259,35.565695779521924],[-105.53475781533811,35.566077780136467],[-105.53473981540456,35.566092779932191],[-105.53450881550498,35.566245779829522],[-105.53436381508375,35.566277779519638],[-105.53431681470845,35.566324779898224],[-105.53432581513204,35.566401779863],[-105.53424581502436,35.566427780171146],[-105.53377781492928,35.566521780050095],[-105.53351881462726,35.566624780333619],[-105.53326581460428,35.566738780226437],[-105.53297281453371,35.566939780549518],[-105.53216981423176,35.567368780658427],[-105.53182781458371,35.56751278014562],[-105.53115581402501,35.567564780790839],[-105.53107081458315,35.567568780081444],[-105.5310538146943,35.567563780750355],[-105.53103781485167,35.567557780473649],[-105.53087881468788,35.567670780314891],[-105.53085381443023,35.56768878024981],[-105.53059881432235,35.56789478080205],[-105.53037781398658,35.568044780559987],[-105.53022181395994,35.568135780282518],[-105.52979581401981,35.568316780587104],[-105.52964281413239,35.568410780448247],[-105.529579813916,35.568469780483603],[-105.52948381397529,35.568602780347298],[-105.52945081425092,35.568675781028702],[-105.52943181427615,35.568750780902505],[-105.52942381392505,35.568982780845097],[-105.52938681401517,35.56905378053488],[-105.52934481387349,35.569123781077984],[-105.52922681381169,35.569245780434002],[-105.52896481428883,35.569570781096459],[-105.52889581379372,35.56962178076202],[-105.52854981395967,35.569758780824962],[-105.52807781369395,35.570026780660719],[-105.52771081380476,35.570383781011074],[-105.52726381378781,35.570529780596758],[-105.52682481414281,35.570689780829689],[-105.52659081410275,35.570824780793757],[-105.52633481394017,35.570932781308493],[-105.52601781364764,35.571025781132661],[-105.52601781364842,35.571034781549081],[-105.5258358133124,35.571079780943379],[-105.52574181345499,35.571102781113552],[-105.52571881328946,35.571113781623765],[-105.52565981325587,35.571142781170209],[-105.52551581378476,35.571227781513741],[-105.52550381322925,35.571233780892712],[-105.52546681331567,35.571261781290985],[-105.52514981303526,35.571497781436079],[-105.52512581372216,35.571502781668791],[-105.52489881310008,35.571554781389558],[-105.52459581345427,35.571623781001811],[-105.52448381366339,35.571661780967666],[-105.52415181357651,35.571771781579194],[-105.52397181333431,35.571830781621145],[-105.5236088127097,35.571933781011253],[-105.52283981305207,35.571986781708276],[-105.52265081328991,35.572018781400864],[-105.52256381285812,35.572047781848212],[-105.52234281252227,35.572196781559924],[-105.52217081266164,35.572383781228403],[-105.52202281301484,35.572582781450713],[-105.52187481247609,35.572868782100947],[-105.52177981258191,35.57300378205715],[-105.52166281256653,35.573126781459379],[-105.52152781261528,35.57323678205978],[-105.52145681292687,35.573288781771765],[-105.52136981249433,35.573308781802687],[-105.52117881263565,35.573295782111344],[-105.52099081292013,35.573331781988934],[-105.52090281244195,35.573359781490772],[-105.51986881222668,35.573779782095649],[-105.51963181204718,35.573910781874758],[-105.51943281273253,35.574079781611296],[-105.51935281264154,35.57430278204086],[-105.51916581209285,35.574572781953094],[-105.51898781195386,35.574755782336148],[-105.51882881269619,35.574949782327742],[-105.51870281226327,35.575066782352195],[-105.51847181236255,35.575205782501136],[-105.51804981260824,35.575392782183719],[-105.51777281238095,35.575607782254302],[-105.51768881208862,35.575641782033465],[-105.51755881236875,35.575747782448531],[-105.51727481181763,35.57596978284338],[-105.51722981243334,35.576004782666637],[-105.51710381199885,35.57610378275762],[-105.5167568121248,35.576314782647032],[-105.51612581168996,35.576633782153493],[-105.51599181179296,35.576836782560065],[-105.51593481185465,35.576896782641398],[-105.51577581168864,35.57698378307834],[-105.51518781144325,35.577249782828119],[-105.51509981186429,35.57727678228364],[-105.51471781125153,35.577297782377549],[-105.51444381113876,35.577223782566548],[-105.51434881123257,35.577216783147392],[-105.51432681110971,35.5771847825674],[-105.51438781123345,35.577125782532178],[-105.51454581135296,35.577036782902042],[-105.51465281180371,35.57690778232346],[-105.51469381189925,35.576839782772268],[-105.51471281186735,35.576685782840606],[-105.51477481113081,35.576540782423606],[-105.51494081161249,35.576350782616679],[-105.5149868119197,35.576046782938008],[-105.51512781124181,35.575843782531024],[-105.5151928115436,35.575698782113854],[-105.51522981144662,35.575546782273719],[-105.51523881184403,35.575314782331084],[-105.51530081110063,35.575088782663052],[-105.51543881118296,35.574884782209985],[-105.51563781139699,35.574715782473447],[-105.51575381136597,35.574592782171962],[-105.51583581155657,35.574451781938869],[-105.51596481122952,35.574338782099346],[-105.51595981189236,35.574281782160384],[-105.51595281156371,35.574231782545354],[-105.51594181194891,35.574179781938739],[-105.5159268112499,35.574133782509278],[-105.51590881131159,35.574091782365727],[-105.5158868111883,35.574054782453686],[-105.51586681115856,35.574027782104949],[-105.5158438118892,35.574001781802615],[-105.51581881162774,35.573974782353439],[-105.51578981118101,35.57394878205146],[-105.51575781149458,35.573922781749644],[-105.51572281166915,35.573896782347312],[-105.51564481164766,35.573845781790737],[-105.51558181142326,35.573810781973577],[-105.51551481101365,35.573776782202955],[-105.51544481136445,35.57374478252499],[-105.51537181157649,35.573715782086687],[-105.51533281156672,35.5737017823405],[-105.51527581162186,35.573683782410214],[-105.51521681158457,35.573669781765815],[-105.5151668110656,35.573661782297805],[-105.51507081111293,35.57365378193311],[-105.51497981139386,35.573667782585979],[-105.51463581165291,35.573809781980785],[-105.51452181088862,35.57406678218674],[-105.51447881159777,35.574111782472563],[-105.51417281091825,35.574235781931712],[-105.51408581138399,35.574243782306795],[-105.51374281076608,35.574101782051478],[-105.51364681081468,35.574108782380769],[-105.51317981076571,35.574200782167111],[-105.51300581080221,35.574267782578879],[-105.51272881056227,35.574332782004639],[-105.51262281104995,35.574376782247761],[-105.51247081120619,35.574438782426931],[-105.51238781095915,35.574460782550204],[-105.51225981041406,35.574347782725162],[-105.51197081051086,35.574336782232585],[-105.51178081070093,35.574351782037979],[-105.51153581104928,35.574473782300501],[-105.51131781085556,35.574659782824639],[-105.51123681070149,35.574684782187212],[-105.51104381075187,35.574692782568292],[-105.5110268108665,35.574728782436225],[-105.51112881020782,35.574854782864172],[-105.51094581073586,35.57503078292369],[-105.51087081086114,35.575071783026267],[-105.51077581005723,35.575083782687493],[-105.51048781019989,35.575066782816542],[-105.51021180999469,35.574995782245125],[-105.50998481025965,35.57490278245173],[-105.50985781067172,35.574925782623708],[-105.50958281052745,35.575026782815691],[-105.50946581050712,35.575090783085379],[-105.50938481037059,35.575323783078396],[-105.50931380978652,35.575418782981174],[-105.5087668105365,35.575622782558028],[-105.50840881015326,35.575840782771998],[-105.50826880996469,35.575884783017052],[-105.50762680991919,35.576200783284641],[-105.50740680961971,35.576231782932673],[-105.50732580946232,35.576217783188874],[-105.50727080961096,35.576209782821799],[-105.50718980945356,35.576195783077971],[-105.50705480948933,35.576152782894766],[-105.50694080959947,35.576115782987955],[-105.50685581015483,35.57608778259663],[-105.50655680978704,35.576062783255487],[-105.50642880925521,35.576105783453549],[-105.50621780938458,35.576276783283262],[-105.50619281002741,35.576307782920345],[-105.50595080961075,35.576374783335979],[-105.50561380928448,35.576393783334787],[-105.5053758090468,35.576384782931832],[-105.50507780963784,35.576514783567461],[-105.50492980908348,35.576616782899166],[-105.50485480920975,35.576668783510669],[-105.50472280940504,35.576867782832778],[-105.5046558089935,35.576811782943516],[-105.50448580919114,35.576592783612462],[-105.50443780875761,35.5764997829096],[-105.50444680916324,35.576364782958315],[-105.50448180895364,35.575976782991063],[-105.50448680915167,35.575579783508452],[-105.50446680910737,35.575380783295593],[-105.50442980918565,35.575311782803233],[-105.504393809296,35.575074782631766],[-105.50427480916493,35.574925782939275],[-105.50408880861309,35.574611782811026],[-105.5039348086558,35.574427783299797],[-105.5038258089793,35.574174783291483],[-105.50373880853904,35.5741037827094],[-105.50370380871061,35.574041782540789],[-105.50363780924776,35.574021782518507],[-105.50335280862421,35.573934783005967],[-105.50333480868896,35.573929782775636],[-105.50195780871188,35.573698782957614],[-105.50118980820532,35.5737997831774],[-105.50050680803929,35.57388878283718],[-105.50028080836097,35.573918783338627],[-105.4999168077327,35.574526783610743],[-105.49947180778675,35.574416783043056],[-105.4992478081903,35.57431878301815],[-105.49886880770552,35.574209783392362],[-105.4983848077509,35.574098782780673],[-105.49811680791913,35.574059782790044],[-105.49786380789793,35.574195782801446],[-105.49767780739448,35.574452783011466],[-105.49763080793495,35.574694783418934],[-105.49766280763858,35.57492378322047],[-105.49709680750131,35.575047783593639],[-105.49705380730461,35.575015783014827],[-105.49699780740497,35.574984783382384],[-105.49693080699546,35.574952783704262],[-105.49688580760453,35.57490978351592],[-105.49684280740644,35.574860783049907],[-105.49679980720838,35.57481278352946],[-105.49677180770531,35.574762783016361],[-105.49672880750643,35.574704783033255],[-105.49669280763244,35.574652783327359],[-105.49662680727026,35.574631783258781],[-105.4966028070524,35.574572783228348],[-105.49657180740992,35.574517783383378],[-105.49653780762841,35.574463783584811],[-105.49648580701302,35.574411782980505],[-105.49643780748336,35.57437278297742],[-105.49640180760947,35.574321783317806],[-105.49633180705962,35.57427378289956],[-105.49628980690827,35.574229783564114],[-105.49622780672941,35.574184783284238],[-105.4961838073847,35.574140783049636],[-105.49614080718609,35.574085783205355],[-105.49607880700722,35.574040782925472],[-105.49602980743117,35.574000782876148],[-105.49596780725375,35.573973783429096],[-105.49590880721476,35.573938783611709],[-105.49585180726771,35.573895783424106],[-105.49582780705009,35.57383878348616],[-105.49578880703753,35.573791783112512],[-105.49574880697831,35.573741783499322],[-105.49568680679987,35.573701783450801],[-105.49570580677619,35.573644783510453],[-105.49568180655882,35.573590783711332],[-105.49567180698966,35.573530783633842],[-105.49563880725366,35.573466783372567],[-105.495610806851,35.573413783619927],[-105.49556580656022,35.57336478315402],[-105.49552580650044,35.573307783217011],[-105.49548680648728,35.573253783418785],[-105.49543880695764,35.573214783415715],[-105.49540680726909,35.573163782856533],[-105.49536580716321,35.573108783012117],[-105.49533280652855,35.573052783120936],[-105.49528880718356,35.573004783600545],[-105.49523280728265,35.572959783320385],[-105.49518580689906,35.572908782762049],[-105.49513780646876,35.572853782918031],[-105.49510180659418,35.572794782888209],[-105.49506080648833,35.572740783090104],[-105.49503180693839,35.572684783198703],[-105.49498680664726,35.572631783447079],[-105.49493180679225,35.572580782889197],[-105.49486680647433,35.572535783508798],[-105.49483080660072,35.57248778308864],[-105.49479580677324,35.57243778347523],[-105.49475980689886,35.572380783538001],[-105.49472180693243,35.572331783071704],[-105.49465480652233,35.572292783069706],[-105.49460280680439,35.572218783246171],[-105.49454180667202,35.572175783058711],[-105.49449080700259,35.572127783538733],[-105.49444680675802,35.572076782980261],[-105.49441080688442,35.572029783505677],[-105.49436880673284,35.571982783132157],[-105.49434180637627,35.571926783240663],[-105.49429280679902,35.571872783442949],[-105.49424280627721,35.571831783347506],[-105.49421180663522,35.57178278288076],[-105.4941708065286,35.571719782666229],[-105.49412080690547,35.571670783099925],[-105.49408780627081,35.571614783208759],[-105.49405580658177,35.571557783271331],[-105.49402180679991,35.571498783241402],[-105.4940198067023,35.571440783256001],[-105.49399280634564,35.571383783318275],[-105.49397880659131,35.571325783333535],[-105.49396080665134,35.571264783210218],[-105.4939508061828,35.571203783086432],[-105.49393780647269,35.571120782844261],[-105.49392180662592,35.571065782998424],[-105.49389180613034,35.571009783107137],[-105.49385580625554,35.570948782984829],[-105.49383380613097,35.570895783231833],[-105.49379880630315,35.570841782534082],[-105.49375980628999,35.570787782735785],[-105.4937208062766,35.570731782845016],[-105.49369080668075,35.57068078318504],[-105.49366680646322,35.57062478329334],[-105.49363680596801,35.570573782734108],[-105.49358880643825,35.570532782638487],[-105.49356880640609,35.570477782792885],[-105.49352980639301,35.570424783040863],[-105.4934808059152,35.570355782549171],[-105.4934488062258,35.570294783325942],[-105.4934308062865,35.570240782627174],[-105.49339580645858,35.570185782782403],[-105.49335680644559,35.570133783076685],[-105.4933168063863,35.570082782517943],[-105.493281806559,35.570034782997048],[-105.49325680629548,35.569982783290534],[-105.49323080598523,35.569926782499707],[-105.49321380609217,35.569872782700202],[-105.49317880626452,35.569820782994228],[-105.49314680567667,35.569769782435053],[-105.49311980621944,35.569713782543587],[-105.49310280632625,35.569657782651504],[-105.4931028063216,35.569602782804772],[-105.49310080622764,35.569587783010249],[-105.49309780608743,35.569573782362632],[-105.49309480594714,35.569558782568137],[-105.49309280585346,35.569546782912361],[-105.49309580598776,35.569490783019198],[-105.4931008062179,35.569472783085416],[-105.49310980573337,35.569445782735023],[-105.49311280587162,35.569436783217753],[-105.49311580600447,35.569363782538019],[-105.49311980618515,35.569308782691067],[-105.4931438063936,35.569256782981782],[-105.49315980623093,35.569200783087901],[-105.49313980619873,35.569144782296675],[-105.49314080623986,35.569082783025337],[-105.49312180625384,35.569024783040867],[-105.4931008061745,35.568959782732669],[-105.49316580648586,35.56892778304708],[-105.49309680597848,35.568833782299137],[-105.49311380586227,35.568778782451439],[-105.49312680645959,35.568718782372635],[-105.49311780603702,35.56865378296304],[-105.49310080614401,35.568599782264215],[-105.4930998060927,35.568540782232482],[-105.49309080567063,35.568481782201196],[-105.49307680591657,35.568426782355267],[-105.49306380620834,35.568365782231638],[-105.49306380620342,35.568307782246109],[-105.49306080605966,35.568251782353251],[-105.49307780594286,35.568189782181676],[-105.49307380575235,35.568128782956897],[-105.49308780639541,35.568061782554146],[-105.49309780595144,35.567966782654828],[-105.49311380578797,35.567900782298274],[-105.49310580631133,35.56783878212805],[-105.49307580581562,35.567781782190522],[-105.4930668062931,35.56772478225173],[-105.49306180605673,35.567669782405297],[-105.49304680625586,35.567609782328041],[-105.4930708055651,35.56755878266501],[-105.4930988059583,35.56749978263165],[-105.49311680588798,35.56743978255259],[-105.49312980558641,35.567384782705147],[-105.49314380623021,35.567325782672484],[-105.49315080565025,35.567266782640317],[-105.49313980603422,35.567200782285212],[-105.49275180600942,35.566827782136585],[-105.49270280551595,35.566573782078628],[-105.492672805911,35.566415781964672],[-105.49219780539907,35.565417782581427],[-105.491766805151,35.564698781715151],[-105.49181780571018,35.564633782302209],[-105.49214980580039,35.564562781696438],[-105.4927678056538,35.564490781927596],[-105.49345780611556,35.564062781871286],[-105.4941228053947,35.563349782120049],[-105.49450380589262,35.5625187814219],[-105.49474080600075,35.561543781263993],[-105.49521680550284,35.560687781202418],[-105.49562080623159,35.560616781491895],[-105.49611980593238,35.560141781070499],[-105.49664280585607,35.559784780711325],[-105.49664180580911,35.559777781286819],[-105.49671280639895,35.559750780932944],[-105.49700280634173,35.559681781321437],[-105.4971418064808,35.559600781163162],[-105.4972458058993,35.559542781171743],[-105.49736180587189,35.559461781014861],[-105.49738480602365,35.559287781056923],[-105.49738480600699,35.559090780935513],[-105.49736180582192,35.558870780650558],[-105.49718780583618,35.558674780585179],[-105.49707180584988,35.558593781340683],[-105.49701380584638,35.558430780997007],[-105.49702580639368,35.558326780681085],[-105.49725780634667,35.558257781072847],[-105.49744280591943,35.558176780912049],[-105.49777880618628,35.558002780936455],[-105.49791780632535,35.557921780778251],[-105.49804480590053,35.557747780814452],[-105.49805680644288,35.557585780513023],[-105.49791780628426,35.557435780775378],[-105.4978128059025,35.557284780989498],[-105.49766480622988,35.557178780590114],[-105.49766480621449,35.55699678026339],[-105.49777880609429,35.556914780959602],[-105.49798680583253,35.556821780242288],[-105.49797580620542,35.55662478012146],[-105.49796380563266,35.556427780900023],[-105.49799880634255,35.556277780253225],[-105.49809080610041,35.556173780832175],[-105.49809080608662,35.556010780485153],[-105.49804480574295,35.555883780007747],[-105.49795180591526,35.555709780056397],[-105.49789380590501,35.555466780507835],[-105.49798680570335,35.55529378059228],[-105.49810280566996,35.555142779894602],[-105.4982418057954,35.554899780334942],[-105.49835780576504,35.554783780357305],[-105.49842680625662,35.554690780547212],[-105.49848480623947,35.554609780393513],[-105.49847280566776,35.554424779928667],[-105.49835780571905,35.554239780368952],[-105.49829980571758,35.554100780236304],[-105.49824180571417,35.553938779938811],[-105.49822980605832,35.55394978044847],[-105.49812580572001,35.55376477998874],[-105.49819580625503,35.553637780404117],[-105.49835780566427,35.553591780065325],[-105.49861180574224,35.55357978039509],[-105.49866980572706,35.553521780406278],[-105.49876280552829,35.553382780265125],[-105.49879780624207,35.553278779947966],[-105.49887880638457,35.553116779642622],[-105.49898280579322,35.552942779680137],[-105.49908680610808,35.552849779868062],[-105.4992028060768,35.552722780280781],[-105.49929480583459,35.552618779960397],[-105.49946880578322,35.552375779499492],[-105.49960780591637,35.55222477969987],[-105.49973480639096,35.552051779782325],[-105.49988580618083,35.551900779981985],[-105.50003680597472,35.551796779658282],[-105.50024480660153,35.551576779360282],[-105.50047680654275,35.551367779569858],[-105.5006388059353,35.551124780008948],[-105.50071980608077,35.550997779524316],[-105.50086980581463,35.550731779799271],[-105.50106680592282,35.550406779140417],[-105.50112480588515,35.550082779434966],[-105.50114780603499,35.549885779312227],[-105.50115980657156,35.54965477941569],[-105.50106680584558,35.54949277912015],[-105.50091680607451,35.549318779172062],[-105.50081180569182,35.549156778877197],[-105.5008588060613,35.549040778903468],[-105.50095080581232,35.548855779332065],[-105.5010788063243,35.548577779053041],[-105.5010898059269,35.548484779246145],[-105.50099780614953,35.548357778771276],[-105.50089280575703,35.548079779404738],[-105.50083480573994,35.547755778806561],[-105.50076580613194,35.547662779004192],[-105.50059180614612,35.54746577889258],[-105.50048780579118,35.547083779210716],[-105.50045280595425,35.546921778911951],[-105.50045280594158,35.546771779166455],[-105.50052280556753,35.54652877871137],[-105.50054580571634,35.546319778932727],[-105.50047680608786,35.545983778679272],[-105.50036080609871,35.545868778761026],[-105.50028780540721,35.545789778707295],[-105.50019880577153,35.545693778767259],[-105.50012380589375,35.545698779002834],[-105.50004780597027,35.545710778663015],[-105.49998280565779,35.545729778646404],[-105.49991480520659,35.545752778815121],[-105.49984380551292,35.545742778356406],[-105.49977480591272,35.545741779213365],[-105.4997218052561,35.54574977868721],[-105.49969680590122,35.545808778720399],[-105.49962780540409,35.545836779120478],[-105.49958280512134,35.545882778553342],[-105.49956980542088,35.545913779089055],[-105.49955780576678,35.545944778725321],[-105.49955480563283,35.546004778803614],[-105.49950880530335,35.546045778904492],[-105.49944080575017,35.546053779278488],[-105.49938480585577,35.546084778917326],[-105.49934080561951,35.546132778442619],[-105.49927480526122,35.546157778703709],[-105.49923180507167,35.546209779313386],[-105.49921980542024,35.546272778631646],[-105.49918480560103,35.546320779055819],[-105.49916580562456,35.546375778903645],[-105.49913080580554,35.546425778520977],[-105.49912480553247,35.546484778553165],[-105.49906780559301,35.546530778886023],[-105.49905080570586,35.546545778681697],[-105.49903480586501,35.54656077937657],[-105.49901480583902,35.546578779311218],[-105.49897480578849,35.546630779021399],[-105.4989518056265,35.546683778776867],[-105.49894480530705,35.546741778762829],[-105.49892880546973,35.546798778702993],[-105.49885980587254,35.54683377942694],[-105.49878180585654,35.54684777917975],[-105.49871380540563,35.546873778587887],[-105.49877080535417,35.546934778709023],[-105.49870580504171,35.546953778692455],[-105.49865880556531,35.546996778885934],[-105.49865380533461,35.547008779441441],[-105.49863680544972,35.547050778687677],[-105.49860080558506,35.547108778675252],[-105.49856480571947,35.547155779053213],[-105.49852880495547,35.547213779040796],[-105.4984848056182,35.547257779280351],[-105.49844880575311,35.547310779036614],[-105.49843880529447,35.547366778930169],[-105.49839980528975,35.547412779262018],[-105.49832480541298,35.547429779153511],[-105.49825080558216,35.547441778813528],[-105.4981948056881,35.547476779536744],[-105.49774080534969,35.547657778943531],[-105.49773480506792,35.547613779606088],[-105.49773480506498,35.547578778886056],[-105.49771980526501,35.547528779271467],[-105.49768580548303,35.547468779195334],[-105.49765980517338,35.547419778728361],[-105.49764880556113,35.547397779509716],[-105.49760980554707,35.547332779202534],[-105.49758980551448,35.547272779125571],[-105.49758480527765,35.547211779001493],[-105.49759980506765,35.547143779451758],[-105.49763880507055,35.547075779001361],[-105.49767480493547,35.547020779152589],[-105.49771080479996,35.54696077907245],[-105.49773880519299,35.546899778946532],[-105.49776880477921,35.546836778728],[-105.49781880529252,35.546777778693325],[-105.49783580517747,35.546735779447097],[-105.49784880487634,35.546685778931675],[-105.49787680527017,35.546634779268409],[-105.49789680529278,35.546576779281736],[-105.49791880540756,35.546513779063645],[-105.49792480478129,35.546454779031457],[-105.49792580482286,35.54639777909216],[-105.49793380518848,35.546337779013612],[-105.49793980546214,35.546285779305357],[-105.49793880541108,35.546229779412407],[-105.49794080549908,35.546174778666185],[-105.49792480475267,35.546115778635311],[-105.49792180550857,35.54606377892754],[-105.49790980494822,35.54601277926654],[-105.4979098049435,35.54595677937354],[-105.49791280507762,35.545898778488507],[-105.49793180505388,35.545841778548152],[-105.49796280558679,35.545790778884722],[-105.49797980547008,35.545729778759409],[-105.49797480523375,35.545674778912961],[-105.49796980499748,35.545620779112824],[-105.49796280556754,35.545562779127678],[-105.49795080500536,35.545490778495022],[-105.4979628055557,35.545422778945444],[-105.49798480477072,35.545353778449758],[-105.49798880495074,35.545290779131953],[-105.49798980499207,35.545231779100099],[-105.49799180507938,35.545167778836827],[-105.49798580479728,35.545119778414971],[-105.49797180504355,35.545068778754086],[-105.49795880533549,35.545009778723035],[-105.49794980491656,35.544987778604963],[-105.49793680521094,35.544957779016329],[-105.49789080487359,35.544905778411682],[-105.49784380538937,35.544855778798905],[-105.49779980514438,35.544799778908398],[-105.49776680540903,35.544743779017274],[-105.49774180514612,35.544698778735295],[-105.49773580486335,35.544642778842565],[-105.49774080508995,35.544582778764251],[-105.4977668053924,35.544546778895821],[-105.497802805258,35.544499778517846],[-105.49783780507718,35.544451778992993],[-105.49783980516736,35.544421778504201],[-105.49784280530292,35.54438077840571],[-105.49784180525388,35.544348778723837],[-105.49783580497238,35.544307778625836],[-105.4977948048695,35.544288778648436],[-105.49775280472255,35.544296779020932],[-105.49771880494758,35.544319778288347],[-105.49769180459762,35.544341778408445],[-105.49766380510034,35.54436077838978],[-105.49763880484299,35.544381778463453],[-105.49760180492899,35.544404778630422],[-105.49755680464415,35.544425778705197],[-105.49750680502719,35.544449778919116],[-105.49746780501977,35.54446377866978],[-105.49743380524463,35.54448477874395],[-105.49739380519141,35.544504778772271],[-105.49734180458407,35.544548779012295],[-105.49729980533712,35.54456477885563],[-105.49726980484797,35.544584778883326],[-105.49724280449702,35.544594778448207],[-105.49722380451655,35.544602778819453],[-105.49717680503906,35.54463277841144],[-105.49712680452298,35.544658778717896],[-105.49708380523134,35.544694778587292],[-105.49705880497365,35.544711778475978],[-105.49703080457705,35.544730778457321],[-105.49698080496019,35.544755778717459],[-105.49693480462921,35.544779778931172],[-105.4968978047161,35.544812778661424],[-105.4968638049414,35.544838778966984],[-105.49684480496295,35.544870778649972],[-105.49681180523766,35.544932778822428],[-105.49679180521231,35.544957779080931],[-105.49677480442675,35.544983778486191],[-105.49676980509562,35.544998779180496],[-105.49676380481883,35.545013778975495],[-105.49675380525629,35.545031778909575],[-105.49674780497926,35.545043778565812],[-105.49672980504747,35.545078779286882],[-105.49671280516201,35.545114779154808],[-105.49668480476775,35.545160778586691],[-105.4966298049201,35.545196778456777],[-105.49658380458962,35.545226778948063],[-105.49654080439848,35.545259778678705],[-105.49648680459687,35.545292779309243],[-105.49641680495375,35.545331779318964],[-105.49635480478157,35.545366779143194],[-105.49631480472988,35.545404779104956],[-105.49628780438194,35.545450778536818],[-105.4962388048132,35.545497778915475],[-105.49620680513344,35.545549778625279],[-105.49618580506306,35.545590778724737],[-105.4961688051785,35.545636779055371],[-105.49613680459818,35.545674779016665],[-105.49608580493476,35.54569777918443],[-105.49602780494455,35.545691778910061],[-105.49597880447054,35.545667778701734],[-105.49593680431964,35.545628778698301],[-105.4958878047435,35.545587778602744],[-105.49584380449991,35.545548778599439],[-105.49581580499992,35.545535778898881],[-105.49578580450782,35.5455207791059],[-105.49572780451516,35.545485779288455],[-105.49567580480026,35.545447779331852],[-105.49562680432666,35.54542877935485],[-105.49556580419708,35.545418778895645],[-105.49550580501415,35.545420778991591],[-105.49544380483968,35.545427779318949],[-105.49537680443339,35.54543377870101],[-105.49530480469443,35.545435778797561],[-105.49524480461227,35.545438778939761],[-105.4951878046699,35.545450778598884],[-105.4951458045249,35.545481779136239],[-105.4951418043398,35.54548477927522],[-105.49510180428734,35.545513778820577],[-105.4950498045766,35.545524779332496],[-105.49499580477237,35.545526779428094],[-105.49495380462324,35.545508778597615],[-105.49491480461279,35.545486779380575],[-105.49485280443486,35.545452778710342],[-105.49481580451716,35.545431778640108],[-105.49478180473835,35.545408779376508],[-105.49474580396661,35.545375778751065],[-105.49471480432557,35.545337778793275],[-105.4946768043588,35.545284779041197],[-105.49466380465329,35.545255778599483],[-105.49466580474615,35.545257778691919],[-105.49470180461522,35.54525177931162],[-105.49474180466945,35.545243778939238],[-105.49475880455567,35.545217778634651],[-105.49475980460036,35.545197778608525],[-105.49475980459935,35.545185778952693],[-105.49479080423626,35.545174779341288],[-105.49481780459017,35.545198778651582],[-105.49483580452721,35.545225779000432],[-105.49487280444306,35.545224778952075],[-105.49488880428306,35.545199778693821],[-105.49489880474418,35.545172779242698],[-105.49490280402723,35.545137779421736],[-105.49489080436777,35.545105778841197],[-105.49487880470869,35.545077779345],[-105.49489580459442,35.545045778762812],[-105.49491480457243,35.545008778848498],[-105.49488180484019,35.544988778824361],[-105.49484680411628,35.544972778985368],[-105.49484280482724,35.544937779164862],[-105.49486380399948,35.544910778813751],[-105.49486680413605,35.544881779270469],[-105.49485080429176,35.544855778967758],[-105.49484580405944,35.544848778644173],[-105.49485080429022,35.544837779034303],[-105.49486580408296,35.544801779166477],[-105.49496980438394,35.544544778961061],[-105.4948298041669,35.544251778902428],[-105.49471880441394,35.544189778738094],[-105.49453780412504,35.544244778595043],[-105.49415380432603,35.544349778978138],[-105.49351880368765,35.544454779375457],[-105.49318380435233,35.544461778818885],[-105.49318680359085,35.544447779070325],[-105.4932118038365,35.544287778860685],[-105.49325880421129,35.544234779103839],[-105.49324680365235,35.544200779330055],[-105.49322880371497,35.544169778796146],[-105.49321680405578,35.544140779253709],[-105.49320080421145,35.544114778950991],[-105.49318380432022,35.544081779223717],[-105.49316380428914,35.544038779034025],[-105.49314680349855,35.544005779306794],[-105.49312380422963,35.543984779235771],[-105.49309780392217,35.543961779072418],[-105.49306780432887,35.543940779001858],[-105.49302980346476,35.543910778515247],[-105.49299880382448,35.543881778973891],[-105.49296380399971,35.543863779042418],[-105.49292380394338,35.543847779203716],[-105.49287380342314,35.543824779041692],[-105.49283680350585,35.543808779202834],[-105.49281180414435,35.543788779178172],[-105.49276280366988,35.543759778738512],[-105.49271480414151,35.543735778530156],[-105.49267580412989,35.543699778665371],[-105.49262180342464,35.543680778688653],[-105.49257480394395,35.543672779220493],[-105.49253580393561,35.543675778462152],[-105.49249380378734,35.543667778993715],[-105.49245280368545,35.543660778672169],[-105.49241380367644,35.543655779342316],[-105.49237380362118,35.543651779159539],[-105.49231780372378,35.543647778977629],[-105.49227780366836,35.543641778702288],[-105.49223280338114,35.543634779280275],[-105.49218280376209,35.543634779283089],[-105.49213480333718,35.543642778756592],[-105.49206080350491,35.543637778529444],[-105.49199780328439,35.543648779041931],[-105.49196280346158,35.543653779275267],[-105.49192680359243,35.543658778609277],[-105.49186880360314,35.543663778843928],[-105.49182880354898,35.543672779262593],[-105.49177980397735,35.543684778921218],[-105.49172180398924,35.543703778904252],[-105.49166280395406,35.543714778517213],[-105.49160980329852,35.543735778592485],[-105.49156980324413,35.543742778918585],[-105.49151380334753,35.543747779153108],[-105.49146980310849,35.54376277895026],[-105.4914318031478,35.54378077888591],[-105.49137880339136,35.543799778868653],[-105.49132280349465,35.54380377905688],[-105.49129080380925,35.543789779310252],[-105.49124680356624,35.543757778731525],[-105.4912018032791,35.543751779355773],[-105.49116780350097,35.543736778663643],[-105.49112580335226,35.543723778963866],[-105.49108180311069,35.543708779171688],[-105.49104280310041,35.543688779147836],[-105.49101580364614,35.543667779077076],[-105.49098280301486,35.543651779237997],[-105.49094680314461,35.54364377886985],[-105.49090280380385,35.543645778964887],[-105.49086680303559,35.543653779337106],[-105.4908198035574,35.543674779412008],[-105.49075880342991,35.543689779210155],[-105.49072080346858,35.543700778821901],[-105.49066180343407,35.543718778758738],[-105.49063480308354,35.54373477860122],[-105.49058380342042,35.543760778907732],[-105.49055280288422,35.543772779464696],[-105.49051980315434,35.543780778937354],[-105.49045980307378,35.543802779059313],[-105.49040080303934,35.543821779042403],[-105.49035080342023,35.543820778998928],[-105.4903128034581,35.543821779047363],[-105.49023680353476,35.543835778800045],[-105.490167803037,35.543855778829958],[-105.4901198035128,35.543880779090053],[-105.49006580281069,35.543899779072859],[-105.49000880286788,35.54390677939994],[-105.48994380345361,35.543912778781895],[-105.48987880314105,35.543930778719023],[-105.48981680296589,35.543929778676265],[-105.4897658033023,35.543950778751459],[-105.48970980340572,35.543955778985925],[-105.48965080336978,35.543957779081829],[-105.48959680356631,35.543968778694442],[-105.48953980272518,35.543986779530506],[-105.48951280327441,35.54400777870498],[-105.4894718031762,35.544043779473625],[-105.48944080353992,35.544062779455075],[-105.48941780337655,35.544099779369667],[-105.48938680284137,35.544123779582499],[-105.4893788033705,35.544129778961228],[-105.48934480269543,35.544143778711614],[-105.48932080338221,35.544146778851712],[-105.48930980287253,35.544147778898633],[-105.48927480304866,35.544139779429756],[-105.48922180329011,35.54413377915516],[-105.48918780261323,35.544125778786949],[-105.48914380327318,35.544136779298348],[-105.48912280320111,35.544157779371837],[-105.48910680336117,35.544182778730814],[-105.48907880296517,35.544208779036005],[-105.48904780332988,35.544239779572713],[-105.48900680323199,35.544279779627104],[-105.48898780325284,35.544302778893673],[-105.48896280299577,35.544327779152454],[-105.48893080331307,35.544345779087728],[-105.48889580259203,35.544363779023215],[-105.48887080323419,35.544387779235684],[-105.48883380331931,35.544399778893677],[-105.48879680340372,35.544403779080831],[-105.48873980256002,35.544391779428132],[-105.48869180303193,35.54437077935858],[-105.48864480265158,35.544358778806021],[-105.48860880278193,35.544357779661112],[-105.48857180286528,35.544348779246782],[-105.48852680257704,35.544329779269553],[-105.48848380328135,35.544317779616151],[-105.48842980257628,35.5443007788326],[-105.48839280265848,35.544278779615425],[-105.48835380264937,35.544272779340083],[-105.48833380262396,35.544296779552276],[-105.48829580266286,35.544310779302826],[-105.48831780278074,35.544283778951694],[-105.48829080242717,35.544263778927196],[-105.48826480301931,35.544243778902661],[-105.48823680261914,35.544219779592439],[-105.48820380288608,35.544190779151855],[-105.48815880259784,35.544171779174647],[-105.48812580286597,35.544155779335547],[-105.48810080260492,35.544133779218384],[-105.48805580321631,35.544117779380009],[-105.48800680274309,35.544103779634312],[-105.48796480259439,35.544090779035216],[-105.48794780270384,35.544065778778801],[-105.4879068026012,35.544049778940149],[-105.4878708027302,35.544032779054973],[-105.48784280233046,35.544014779123088],[-105.48781180269128,35.543998779283882],[-105.48778280314387,35.543972778981903],[-105.48775580279036,35.54395277895734],[-105.48771480268933,35.543955779098461],[-105.48767980286624,35.543957779192993],[-105.48764480304334,35.543961779380027],[-105.48760580303477,35.543961779382229],[-105.48756180279352,35.543950778875789],[-105.48752180273962,35.543962779433208],[-105.48748080263884,35.543968778813806],[-105.48744280267674,35.543970778908516],[-105.48740180257636,35.543980779373499],[-105.48736180252273,35.543996779216712],[-105.48732280251507,35.544007778828522],[-105.4872768021833,35.544021779478875],[-105.48724480250026,35.544035779229084],[-105.48721080272315,35.544033779138452],[-105.48717280276196,35.544045779695807],[-105.48713380275473,35.544061779538985],[-105.48710480231172,35.544079779474146],[-105.48707280262946,35.544102779640745],[-105.48704180299323,35.54412277966852],[-105.48702680230031,35.54414877907368],[-105.48700480218216,35.544171779239733],[-105.4869788027781,35.544196779498563],[-105.48696580217825,35.544227779134985],[-105.4869458021535,35.544259779717358],[-105.48693080236012,35.544287779214997],[-105.4869238029373,35.544314779565326],[-105.48691980275517,35.544352779525035],[-105.48692880227551,35.544383779160185],[-105.48693780269562,35.544419779026647],[-105.48695280249416,35.544452779653284],[-105.48695480258921,35.544480779150021],[-105.48695680268496,35.544516779016888],[-105.48697780276119,35.544545779458154],[-105.48700080292977,35.544570779714228],[-105.48701580272768,35.54459577907145],[-105.48704180303486,35.544615779095963],[-105.48705380269433,35.544647779676552],[-105.48704280218745,35.544681779451587],[-105.48703580276509,35.544713779133893],[-105.48703480272121,35.544742779576396],[-105.48702880244581,35.544773779212385],[-105.48699380262441,35.544795779332937],[-105.48696080289278,35.544782779632648],[-105.48692580217021,35.544782779634623],[-105.48688880225416,35.544780779544169],[-105.48686880222849,35.544802779663847],[-105.48683080226628,35.544802779666],[-105.4868328023617,35.544835779394049],[-105.48680380281523,35.544820779601032],[-105.48676680289935,35.544820779603128],[-105.48674680287392,35.544844779815321],[-105.48672180261677,35.544868779128485],[-105.48668680279216,35.544852779289485],[-105.48666280258124,35.544874779409419],[-105.4866298028513,35.544882779781446],[-105.48660080240518,35.544863779803322],[-105.48656780267387,35.544854779388771],[-105.48655980230555,35.544882779785397],[-105.48652380243568,35.544879779648625],[-105.48649180275218,35.544887779121225],[-105.48645680292935,35.544892779354555],[-105.48642580239324,35.54490577905846],[-105.48640380227106,35.54488177974789],[-105.48636980249427,35.544882779796112],[-105.48633380262515,35.544888779176453],[-105.48629480261707,35.544894779456207],[-105.48627480258774,35.54487277933881],[-105.48623380248654,35.544873779387366],[-105.48620580208873,35.544877779573994],[-105.48619580252476,35.544878779620873],[-105.48617280235837,35.544879779668435],[-105.48616980221934,35.544879779668591],[-105.48615580246988,35.544879779669394],[-105.48612880211654,35.544861779737381],[-105.48609680243121,35.54484877913773],[-105.48607680240198,35.54482777906658],[-105.48607180216983,35.544822779734808],[-105.48605080209336,35.544790779154773],[-105.48602080250001,35.544769779084199],[-105.4859928021,35.544747779866533],[-105.48597080197807,35.544726779795454],[-105.48594180243127,35.544707779817379],[-105.48590580256128,35.544702779588029],[-105.48587280192925,35.544677779332531],[-105.48585180275471,35.544676779287457],[-105.48584480243032,35.544676779287862],[-105.48583680205951,35.544675779242056],[-105.48580280228197,35.544667779773128],[-105.48577080259631,35.544650778988405],[-105.48574280219667,35.544633779102789],[-105.48570780237232,35.544620779402607],[-105.48568180206556,35.54460577960937],[-105.48567980197274,35.544603779516912],[-105.4856538025648,35.544582779446102],[-105.48562280202621,35.544566779606903],[-105.48559280243326,35.544549779721379],[-105.48556180189426,35.544528779650811],[-105.48553580248766,35.544523779420913],[-105.48550580199834,35.544541779356116],[-105.48546480189781,35.544550779774852],[-105.48543080212062,35.544547779637973],[-105.48539680234208,35.544527779613887],[-105.48536080247234,35.54452577952334],[-105.48532680179525,35.5445157790626],[-105.485287801787,35.544519779249853],[-105.48524680258562,35.544526779576024],[-105.48521380195551,35.544523779439082],[-105.48520080225697,35.544577779240292],[-105.48518180228022,35.544629779848627],[-105.48518480242255,35.544668779854248],[-105.48518480242281,35.544671779093733],[-105.48518580246954,35.544676779325023],[-105.4851708017793,35.544733779265179],[-105.48517780211304,35.544844779903826],[-105.48523980229461,35.544921779865646],[-105.4852748021285,35.545047779398111],[-105.48519880220802,35.545095779824585],[-105.48512180224313,35.545165779470388],[-105.48507280177581,35.545221779366138],[-105.48494680223585,35.545263779517832],[-105.4847658019511,35.545367779843211],[-105.48471680238258,35.545416779415106],[-105.48466180253838,35.545493779383541],[-105.48463380215073,35.54561877977261],[-105.48464780190788,35.545709779485541],[-105.48470280176865,35.545828779592327],[-105.48469580235114,35.545918779260205],[-105.48467180214915,35.546046779787865],[-105.48364180208358,35.546046779845952],[-105.48295180156754,35.545832779876164],[-105.48259580211369,35.545310780026398],[-105.48233380160568,35.544620779592918],[-105.48171580171001,35.544192779610391],[-105.48138280154069,35.543875779351502],[-105.48138280154069,35.543875779351502],[-105.48156480097296,35.543777779303667],[-105.48169680169148,35.54374977979937],[-105.48182280123262,35.543721779396137],[-105.48180880147265,35.543596779908725],[-105.4816418009185,35.543477779808264],[-105.48152980112386,35.543470779490704],[-105.48140380157392,35.543394779578747],[-105.48122980160296,35.543373779516294],[-105.48104180098501,35.543373779526895],[-105.48084580089154,35.543324779069501],[-105.48072380063283,35.543309779281678],[-105.48071180097514,35.543298779672753],[-105.4806828014279,35.54327477946326],[-105.48065780116644,35.543247779114793],[-105.48063280090466,35.543216779480545],[-105.48061180082826,35.543185779846041],[-105.48060580144623,35.543146779840605],[-105.48061580100651,35.543101779556665],[-105.48063080079851,35.543056779272419],[-105.48064380139745,35.543015779173409],[-105.4806588011898,35.542975779120468],[-105.48066380141832,35.54293777916071],[-105.48065380095139,35.542895779016632],[-105.48063180082877,35.542866779474814],[-105.48059580095651,35.542834779794923],[-105.48057380083316,35.542796779836642],[-105.48055680094099,35.542752779600455],[-105.48055280075278,35.542718779826259],[-105.48054380123139,35.542675779635864],[-105.48054180113574,35.542640779815244],[-105.48054380122507,35.542600779763113],[-105.48053480080402,35.542553779387681],[-105.48052780137519,35.542508779104679],[-105.48051580081589,35.54247077914588],[-105.48050880138841,35.54244177960318],[-105.48049980096805,35.542402779597886],[-105.48049880091824,35.542361779499593],[-105.48048280107311,35.542325779633536],[-105.48048280106973,35.542285779581441],[-105.48049280062932,35.542232778927378],[-105.4805188009307,35.542183779356783],[-105.48053580081616,35.542148779535097],[-105.48053780090584,35.542112779668024],[-105.48057080063418,35.542086779362535],[-105.48060580135413,35.542055779724876],[-105.48063880108241,35.542028779373148],[-105.48067080076392,35.541996779689413],[-105.48070180129878,35.541968779291487],[-105.48072880074807,35.541930779330436],[-105.48075180091151,35.541894779462162],[-105.48075480104733,35.541856779502467],[-105.48076680070062,35.5418157794035],[-105.4807868007248,35.541776779396528],[-105.48081480111971,35.541737779389202],[-105.48086880092053,35.541695779241543],[-105.48090380074255,35.541681779491178],[-105.48097080114688,35.541652779044966],[-105.48100980115413,35.541636779201809],[-105.48104880116136,35.541620779358645],[-105.48109080130737,35.541601779376492],[-105.48113180140732,35.541585779533229],[-105.48117080141421,35.541565779505021],[-105.48120580123569,35.541544779430787],[-105.48123380073331,35.541529779634494],[-105.48126380122186,35.541502779282922],[-105.48127980106186,35.541477779024646],[-105.48130080113283,35.541443779248986],[-105.48132180120382,35.54141077951963],[-105.48132580138621,35.541375778799356],[-105.48132980066943,35.541341779024734],[-105.48132780147317,35.541307779250339],[-105.48131880105333,35.541274779522681],[-105.4813088014873,35.54125177935844],[-105.48130380125463,35.541239778803494],[-105.48128880145597,35.541205779029859],[-105.4812738007585,35.541177779533896],[-105.48126580128594,35.541163778886563],[-105.48125580082122,35.541147779046163],[-105.48123680083854,35.541129779113788],[-105.48121080143011,35.541102778765321],[-105.4811888013075,35.541073779223446],[-105.48116180095299,35.541042778690034],[-105.4811258010803,35.541005778778782],[-105.48110080081882,35.540977779283402],[-105.48108480097385,35.540943779509817],[-105.48106080075921,35.540922779438908],[-105.48101480132388,35.540902779415411],[-105.48096380075843,35.540893779001927],[-105.48091980051788,35.540890778865624],[-105.48085680119833,35.540920779357855],[-105.48082080133071,35.540943779524703],[-105.48077880118478,35.540963779553103],[-105.48073180080696,35.54098177948925],[-105.48068480042849,35.540991779055268],[-105.48062880053305,35.541010779038174],[-105.48056680125833,35.541022779596886],[-105.48050680117692,35.541034779256137],[-105.48045480056649,35.541041779582983],[-105.48040180081028,35.541062778758921],[-105.48035280123906,35.541079779548205],[-105.48030680090848,35.541108779093918],[-105.48026880094898,35.541140778777979],[-105.48024480073899,35.541174779453129],[-105.48021880043578,35.541201778905162],[-105.4801858007081,35.541235779580802],[-105.48015280098041,35.541269779357087],[-105.4801188012061,35.541300778994675],[-105.48008780067109,35.54132677930005],[-105.48005280085026,35.541354778798905],[-105.48001580093683,35.541384779289643],[-105.47998480040189,35.541411779641273],[-105.47994580039517,35.541433778862739],[-105.47991280066707,35.541462779307018],[-105.47987980093964,35.541499779222185],[-105.47984480111901,35.541530778859759],[-105.47982080090841,35.54155677916475],[-105.47979780074475,35.541590778940517],[-105.47977580062819,35.541632779086328],[-105.47976180088219,35.541673779185459],[-105.47974380095191,35.541726778940664],[-105.47972680106822,35.541783778880912],[-105.47971380046928,35.54182477897993],[-105.47970180081668,35.541873779449119],[-105.47968880111792,35.541924779111476],[-105.4796728003807,35.541974779627147],[-105.47965280035649,35.542013779634047],[-105.47963380037869,35.542052779640905],[-105.47961580044718,35.542091779647699],[-105.47958580085844,35.542124779377545],[-105.47955180108337,35.54214677949804],[-105.47950880089046,35.542158779156367],[-105.47946080046638,35.542177779138839],[-105.47941180089552,35.542198779213876],[-105.47936080033202,35.542212778965215],[-105.47931980023149,35.542221779383887],[-105.47928480040866,35.542226779617209],[-105.47922980056016,35.542252779024622],[-105.4791908005519,35.542256779211883],[-105.4791528005909,35.542271779008757],[-105.47911680072191,35.542278779334623],[-105.47907680066803,35.5422907789928],[-105.47903580056816,35.542307779781616],[-105.47899780060658,35.542315779254615],[-105.47895480041356,35.542326779765965],[-105.47890980102761,35.54234277960947],[-105.47886580078898,35.542362779637948],[-105.47881680031851,35.542380779574245],[-105.47876580065443,35.54239577937178],[-105.4787238005085,35.542415779400216],[-105.4786798002695,35.542430779197346],[-105.47863580093046,35.542453779364642],[-105.47859380078488,35.542477779578135],[-105.47855480077865,35.542505779077203],[-105.47851580077275,35.542537779660599],[-105.47847080048916,35.542573779530144],[-105.47842480015866,35.542602779075864],[-105.47838880029073,35.542622779103908],[-105.47834380090684,35.542662779158476],[-105.47829980066989,35.542702779213045],[-105.47826780008938,35.542738779981143],[-105.47823680045479,35.542777779988683],[-105.47820780091304,35.542818779189332],[-105.47818380070377,35.542860779335257],[-105.47816280063282,35.542894780010194],[-105.47813780037598,35.542921779462226],[-105.4781188003974,35.54295177995197],[-105.47811380016608,35.542956779284253],[-105.47808680071627,35.542988779867009],[-105.47805180089674,35.543032779206797],[-105.47802580059293,35.543052779234287],[-105.47800180038193,35.543074779354221],[-105.4779798002637,35.543096779473998],[-105.47793480087975,35.543136779528588],[-105.47789080064281,35.54317677958317],[-105.47786880052487,35.543202779888027],[-105.47784680040706,35.543230779386072],[-105.47782680038181,35.543256779690843],[-105.47780780040303,35.543284780088072],[-105.47778280014697,35.543321780002771],[-105.47776380016792,35.543345779315594],[-105.47775979998269,35.543347779408379],[-105.47772980039024,35.54333677980042],[-105.47769980079728,35.543319779914903],[-105.47773180048311,35.543338779892863],[-105.47774980041922,35.543354779732795],[-105.47773280053171,35.543365779343347],[-105.47768780024703,35.543388779510721],[-105.47763480049129,35.543415779863658],[-105.47760280080969,35.543446779501068],[-105.4775788005997,35.543480779276884],[-105.47756780009294,35.543515779997556],[-105.47756479995681,35.543549779772157],[-105.47757380037665,35.54358277949985],[-105.47759880064109,35.543645779715305],[-105.47760780016019,35.543661779555741],[-105.47761580053236,35.543678779442516],[-105.47761580053236,35.543678779442516],[-105.47761480048861,35.543709779977569],[-105.47759980069642,35.543751780122989],[-105.47756580002145,35.543766779919608],[-105.47752180068143,35.543777779531709],[-105.47748580081215,35.543781779718799],[-105.47746980007062,35.543780779673433],[-105.47744480071074,35.543779779628601],[-105.47740680074847,35.543779779630739],[-105.47736680069359,35.543780779679253],[-105.47732080036114,35.543786779959433],[-105.47727580007576,35.543801779756699],[-105.47723080069056,35.543826780016559],[-105.47719479992412,35.54385577956171],[-105.47716480033471,35.543880779820775],[-105.47715280068105,35.543917779734663],[-105.47713779998932,35.543957779787618],[-105.47713180061371,35.543993779654933],[-105.47711280063537,35.544026779384168],[-105.47710380022124,35.544061780104713],[-105.47708780038234,35.544099780065139],[-105.47706180007997,35.544136779979844],[-105.47702380012142,35.544180780219136],[-105.47698680020856,35.544216780088199],[-105.47694480006416,35.544254780050096],[-105.47690980024345,35.544284779641423],[-105.4768768005156,35.544316780224534],[-105.47684680002705,35.544344779723083],[-105.47680880006699,35.544370780028842],[-105.47677380024514,35.544386779871779],[-105.47671880039411,35.544382779689833],[-105.47668180047562,35.544352780102507],[-105.47666580062946,35.544304779681205],[-105.47667180000522,35.544269779860208],[-105.47667480014138,35.54423578008555],[-105.47668879988767,35.544198780171548],[-105.47670679981918,35.544159780164748],[-105.47671780032533,35.544117780019548],[-105.47672679983945,35.544074779828122],[-105.4767318000679,35.544035779822075],[-105.47673880038887,35.543995779769652],[-105.47674080047857,35.543960779948804],[-105.47672480063333,35.543923780036437],[-105.47672180049339,35.543912779527695],[-105.47671680025994,35.543891779455656],[-105.47671380012015,35.543882779938755],[-105.4767058006468,35.543859779774337],[-105.47670280050681,35.543847780118668],[-105.47670080041361,35.543841779841166],[-105.47669280004025,35.543810780205938],[-105.47668180042471,35.543749780082209],[-105.47667880028291,35.54371677945489],[-105.47667880028281,35.54371577940865],[-105.47667980032635,35.543682779680417],[-105.47668180041585,35.543644779720772],[-105.4766788002742,35.543613780085273],[-105.47666380047521,35.543575780126574],[-105.47667380003546,35.54352977979638],[-105.47668580058742,35.543481779373515],[-105.47669380005496,35.543435779942726],[-105.47670380051574,35.543404779407176],[-105.47671179998397,35.543367779493508],[-105.47671780025804,35.543320780016529],[-105.47672480057886,35.543278779871542],[-105.47671580015748,35.543226780164112],[-105.47671079992102,35.543170779372097],[-105.47670979987141,35.543131779366377],[-105.47668280041546,35.543091779315816],[-105.47667680013363,35.543046779932077],[-105.47667780017706,35.543011780111335],[-105.4766917999231,35.542971780058487],[-105.4767218004114,35.54294177956811],[-105.47674080038932,35.542903779607471],[-105.47675480013601,35.54287077987852],[-105.47676180045733,35.542834780011155],[-105.47676879987917,35.542796780051248],[-105.47677480015358,35.542753779859993],[-105.47677580019966,35.542750779721189],[-105.47677780028864,35.542706779483943],[-105.47679480017388,35.54266877952346],[-105.47681680029099,35.542632779655229],[-105.47685180011177,35.542603779210829],[-105.47688180059984,35.542570779480968],[-105.47691380028068,35.542530779427082],[-105.4769358003973,35.542488779281243],[-105.47695580042198,35.542455779551958],[-105.47698479996438,35.542422779822139],[-105.47700479998845,35.542382779768928],[-105.47702279992025,35.542346779900932],[-105.47704179989792,35.542305779801588],[-105.47705480049713,35.542267779841318],[-105.47706680015112,35.542235779259414],[-105.47708780021972,35.542173779087612],[-105.47709580058746,35.542138779266445],[-105.47710079991649,35.542098779214072],[-105.47711679975524,35.542058779161145],[-105.47712580016942,35.542024779386146],[-105.47712480011965,35.541984779334193],[-105.47712780025556,35.541947779420788],[-105.47713080039146,35.541910779507326],[-105.47712179997119,35.541872779548314],[-105.4771098003116,35.541838779774572],[-105.47709679970608,35.54180177986202],[-105.47707680057549,35.541772779420711],[-105.47705979978464,35.541736779554697],[-105.47703780056152,35.541709779206059],[-105.47702079977131,35.541680779663892],[-105.47699580040977,35.541660779639301],[-105.47697280024219,35.541647779039046],[-105.4769467999355,35.541633779292127],[-105.4769108000645,35.541616779406951],[-105.47688479975757,35.541599779521206],[-105.47686279963388,35.541557779377861],[-105.47686279963388,35.541557779377861],[-105.4768467997893,35.541528779835659],[-105.47681780024284,35.541513779143273],[-105.4767428003603,35.541461779439551],[-105.47672380037865,35.541455779162995],[-105.47659679989185,35.541483779566342],[-105.47654280009169,35.541533779184775],[-105.47649279957713,35.541578779471003],[-105.4764488002405,35.541629779135157],[-105.47640379995816,35.541680779698687],[-105.47635779962944,35.541730779316673],[-105.47631580038622,35.541790779397154],[-105.47628479985455,35.541856779754553],[-105.47624980003705,35.541924779305418],[-105.47620679984784,35.541980779200891],[-105.47619680028471,35.541991779710379],[-105.47618179959001,35.541996779942586],[-105.47614679976887,35.542021779302551],[-105.47611980031797,35.542040779283852],[-105.47606779970857,35.542059779266559],[-105.47602080022857,35.542059779269195],[-105.47597780003504,35.542064779502986],[-105.47594080012003,35.542075780013995],[-105.47589779992744,35.542091779857373],[-105.47586180005914,35.542106779654119],[-105.4757967997475,35.542135779200891],[-105.4757638000185,35.542154779182518],[-105.47573879976048,35.542167779785402],[-105.47572580005765,35.542170779924945],[-105.47564980013598,35.54220477970366],[-105.47558579987114,35.542239779527975],[-105.47550179957982,35.542285779862361],[-105.47543780021491,35.542327780010552],[-105.47538579960737,35.542368779212502],[-105.47533680003852,35.542413779498645],[-105.47528779956974,35.542451779460968],[-105.47523079962895,35.542482779999126],[-105.47517579978096,35.54251477968414],[-105.47512380007281,35.542556779831664],[-105.47507279951185,35.542600780071673],[-105.47502179984986,35.542640780126582],[-105.47497279938126,35.542680779282108],[-105.47491979962757,35.542731779846108],[-105.47485280012566,35.54279777930622],[-105.47478979990782,35.542840779500615],[-105.47472779973565,35.542874780177918],[-105.47464879967477,35.542905779818035],[-105.47458379936221,35.54292477980146],[-105.47450379925517,35.542957779534142],[-105.47442579924089,35.542992779359281],[-105.47435679964433,35.543034779507757],[-105.47430379988994,35.543077779701555],[-105.47424779999675,35.543123780034371],[-105.47417779945457,35.543166780229221],[-105.47410379962618,35.54320777943235],[-105.47406779975847,35.543229779552959],[-105.47402379951988,35.543249779581458],[-105.47400879972521,35.543262780183767],[-105.47397779918933,35.543278780026476],[-105.47390479940708,35.543316779990128],[-105.47386879954232,35.543373779931464],[-105.47383579981712,35.543437780196477],[-105.47380379923797,35.543489779906224],[-105.47376679932758,35.543554780217697],[-105.47376279914297,35.543563779735045],[-105.47376079994976,35.543565779827645],[-105.47375279958059,35.543583779761619],[-105.47373379960268,35.543621779722223],[-105.47369979983074,35.543680779755938],[-105.47366279991873,35.543726780087653],[-105.47362479996085,35.543778779797741],[-105.47359679956755,35.543836779784868],[-105.47356279979547,35.543893779726069],[-105.47352879912508,35.543962780222458],[-105.47348679988293,35.544035780005096],[-105.47344479974123,35.544105779648909],[-105.47335879935785,35.544159780353574],[-105.47324179933513,35.544195780227149],[-105.47317679902262,35.544214780210581],[-105.47306679932451,35.544253780222569],[-105.47297179942214,35.54429278023369],[-105.47286279977268,35.544358779696196],[-105.47280979911835,35.544394780465481],[-105.47271579926537,35.544469780343597],[-105.47262679964409,35.544544780221379],[-105.47253979921574,35.54461477986775],[-105.47247579895318,35.544675779995693],[-105.47242979952328,35.544720780281693],[-105.47241179959013,35.544739780262418],[-105.47234479918941,35.544811780000188],[-105.47227379950301,35.544887779923201],[-105.4722067991023,35.544959780560326],[-105.47214579897955,35.545030780251444],[-105.47208179961777,35.54510978031287],[-105.47202279958864,35.54519178051288],[-105.47196679969785,35.54526578034254],[-105.47192679964895,35.545337780078739],[-105.4719157991466,35.545424780507368],[-105.47193179899666,35.545518780358975],[-105.47196479963397,35.545606779932008],[-105.47200779893491,35.545681780701734],[-105.47202379967921,35.545715780475234],[-105.47205579936731,35.545761780803076],[-105.4720557993674,35.545762779950074],[-105.47210379980015,35.545846780236538],[-105.47214879919466,35.545931780569411],[-105.4721967996263,35.546002780254419],[-105.47224079897346,35.546075780032197],[-105.47226879937854,35.54615778022724],[-105.47227079947554,35.546208780788135],[-105.47227279956807,35.546206780695471],[-105.47227079947572,35.546210779981358],[-105.47227279957086,35.54623978042369],[-105.47224979940961,35.546301780595591],[-105.47217279944189,35.546338780513153],[-105.47212479901597,35.546335780377063],[-105.47215279941302,35.546322780673322],[-105.47213079929325,35.546326780859687],[-105.47207879958134,35.546324780770043],[-105.47204179966494,35.546318780494545],[-105.47199479928402,35.546299780517408],[-105.47190479960884,35.546284780727831],[-105.47186379950831,35.54629378024719],[-105.47185779923035,35.546294780293842],[-105.47184879971284,35.546297780433143],[-105.4718087996587,35.546306780851758],[-105.47179479901058,35.546314780323399],[-105.47179279891803,35.54631578036976],[-105.47178279935447,35.546321780647943],[-105.47173179969172,35.54635278028649],[-105.47164479925968,35.546378780595042],[-105.47155479958369,35.546354780388974],[-105.47147379942292,35.546300780593114],[-105.47139879954079,35.546253780221399],[-105.47132279961212,35.546204780656545],[-105.47123379908162,35.54616278051698],[-105.4711357990353,35.546142780496481],[-105.47104879950085,35.546148780778964],[-105.47096279911429,35.546164780624771],[-105.47086779920842,35.546161780491303],[-105.47078879914359,35.546146780701108],[-105.47070679893987,35.546132780057953],[-105.47063079901626,35.546143780571228],[-105.47056479865964,35.546188780858344],[-105.47052179937079,35.546256780409657],[-105.47050279939531,35.546323780812678],[-105.47049879921116,35.54633878060757],[-105.47049279893494,35.546359780680241],[-105.47048879875081,35.546374780475119],[-105.47048379941991,35.546391780362669],[-105.47047479900866,35.546460780857636],[-105.4704277986327,35.546500780912368],[-105.47035079866166,35.546497780777912],[-105.47029579880792,35.546462780960283],[-105.47022579915728,35.546412780449486],[-105.47020279898979,35.54640078079494],[-105.47018879924055,35.546403780934526],[-105.47015479856218,35.546377780632774],[-105.47010179880226,35.546355780517246],[-105.47002479882818,35.546317780562042],[-105.46996279864982,35.54627878055976],[-105.46990479865639,35.546234780325889],[-105.46984179933084,35.546193780231114],[-105.46976479845898,35.546173780209422],[-105.46966979855414,35.546183780677467],[-105.46958479911325,35.546199780523217],[-105.46951479856904,35.546218780506933],[-105.46943979868962,35.546203780716453],[-105.46938579888169,35.546161780574892],[-105.46935279914599,35.54610078045247],[-105.46934479877335,35.546077780288051],[-105.46934379872638,35.546070780863552],[-105.46934579881554,35.546028780718856],[-105.46934279867212,35.545976780111765],[-105.46934079857867,35.545967780594793],[-105.4693407985785,35.545965780502279],[-105.46933679838733,35.54589678090732],[-105.46932179858807,35.545855780809873],[-105.46931479916151,35.545837780876752],[-105.46931179902205,35.545832780645569],[-105.46927979843379,35.54577678075438],[-105.46927479910093,35.545770780477056],[-105.46923179890261,35.545718780771537],[-105.4691837984723,35.545663780927498],[-105.46912979866312,35.545606780091916],[-105.46908679846544,35.545562780756569],[-105.46903479875051,35.545524780799987],[-105.46897479866526,35.545490780129569],[-105.46890079883038,35.545454780266759],[-105.46884179879264,35.545434780244079],[-105.46881779857912,35.545426780774598],[-105.4687407986069,35.545410780938013],[-105.46866579872959,35.545420780505623],[-105.46860279851226,35.545469780078271],[-105.46855679818394,35.545524780826952],[-105.46852579855236,35.545598780655197],[-105.46848779859556,35.545663780966755],[-105.46848779859565,35.545664780113675],[-105.46845579891726,35.545733780610014],[-105.46841879810739,35.545797780875255],[-105.46837279867924,35.545862780287933],[-105.46833579876868,35.545925780506877],[-105.46830879842193,35.545986780632752],[-105.46828179807552,35.546050780897453],[-105.46823779873934,35.546107780839236],[-105.46815579853993,35.546144780757068],[-105.46808379880362,35.546178780535627],[-105.46804579884366,35.546205780887639],[-105.46800179860622,35.546239780664585],[-105.46796679878535,35.546267781062674],[-105.46791779831683,35.546308780264475],[-105.46786779870166,35.546354780596936],[-105.4678367981667,35.546380780902304],[-105.46780279839223,35.546409780447334],[-105.46775279877788,35.546464780296908],[-105.46771079863568,35.546528780562433],[-105.46769679798942,35.546558781051964],[-105.46768979856564,35.546573780847019],[-105.4676797981041,35.54659578096615],[-105.46766279821939,35.54663978030495],[-105.46764579833305,35.546664780563226],[-105.46764579833365,35.546671780887131],[-105.4676057982835,35.54672878082863],[-105.46753179845604,35.546780780540743],[-105.46745679858185,35.546827780920907],[-105.46740479797634,35.546892781233268],[-105.46738779809431,35.546968781153289],[-105.46738979819406,35.547052780543034],[-105.46739879861747,35.547127780415259],[-105.46741579851189,35.547198781001335],[-105.46743879868453,35.547271780780299],[-105.46746679818814,35.547327780671729],[-105.46748879831294,35.547382780517225],[-105.4675487984012,35.54745178100837],[-105.46758579832023,35.547488780919494],[-105.4675987989238,35.547502780667166],[-105.46761079858159,35.547514781221707],[-105.46763079861083,35.547535781292922],[-105.46766379834416,35.547568781019216],[-105.46770879863493,35.547617780585803],[-105.46772879866712,35.547673780477659],[-105.46772179834977,35.547756780721002],[-105.46768979867019,35.547811780569525],[-105.46768279834683,35.547823781125153],[-105.46765879813658,35.547853780715876],[-105.46763579887185,35.547882781159608],[-105.46760779847652,35.547916780935651],[-105.46759779891346,35.547928780592066],[-105.46756179814939,35.547985780533402],[-105.46752879842512,35.548060781307328],[-105.46748279809823,35.548132781043954],[-105.46746679825741,35.548147780839507],[-105.46742479811317,35.54818778089394],[-105.46737679859265,35.548256781391117],[-105.46736979826979,35.548274781325041],[-105.46735579852334,35.54830978114655],[-105.46734579806207,35.548334781404428],[-105.46730379881953,35.548402780955712],[-105.46727879856735,35.548485781200043],[-105.46723479833624,35.548594780849754],[-105.46719479828553,35.548644781366754],[-105.46717279816785,35.548673780911074],[-105.46715279814249,35.548698781169563],[-105.46710479862062,35.54875178092653],[-105.46705779824551,35.548801781443863],[-105.46701779819466,35.548849780969014],[-105.46698279837545,35.54889778139318],[-105.4669207982074,35.548980780740287],[-105.4668607981318,35.549061780894043],[-105.46681479870223,35.549109781318826],[-105.466750798438,35.549151781467025],[-105.46667679861029,35.549200781040334],[-105.466608798157,35.549198780951613],[-105.46653379827725,35.54917978097609],[-105.46646379862855,35.549153781575725],[-105.46638279846938,35.549118780860248],[-105.46630279835722,35.549091781414198],[-105.46623079861588,35.549065781114642],[-105.46615779792749,35.549023780974181],[-105.46609779784131,35.548978781593469],[-105.46601279839388,35.548917781473918],[-105.46597279833685,35.548892781218782],[-105.46593379832632,35.548869781056162],[-105.46582279857633,35.548843780758801],[-105.46570479850591,35.548863780791493],[-105.46561579798174,35.548896781424034],[-105.46553479782892,35.548936781480634],[-105.4654687983725,35.548992781377365],[-105.46539679773869,35.549047781228168],[-105.46537679771249,35.549062781023999],[-105.46531779768024,35.549107781310717],[-105.46523679842613,35.549140781043469],[-105.46519279818608,35.549143781184746],[-105.46517679834405,35.549144781231959],[-105.46515879840923,35.549144781232975],[-105.46509179800191,35.549137780912829],[-105.46500779770653,35.549136780871329],[-105.46490679842431,35.549161781134408],[-105.46480279810727,35.549228781542233],[-105.46470879825161,35.549271781738376],[-105.46462479795663,35.549274780982593],[-105.46453579832765,35.549258781146662],[-105.46448579780858,35.549249781632383],[-105.46443079795702,35.549239781172808],[-105.46432779768219,35.549257781112154],[-105.46422579745611,35.549304781493788],[-105.46415179762603,35.549325781570282],[-105.46405879781432,35.549340781370191],[-105.4639357975127,35.549366781680774],[-105.46385379821312,35.549409780976958],[-105.46379879746688,35.549454781263464],[-105.46379479818098,35.549456781356177],[-105.46376179755313,35.549480781569166],[-105.46373679819472,35.549497781457802],[-105.46370079742776,35.549520781624651],[-105.46368579763273,35.549529781142589],[-105.4636677976989,35.549540781652524],[-105.46365879818167,35.54954678103131],[-105.46360079819532,35.549586781086681],[-105.46353579788519,35.549633781466241],[-105.46345979796452,35.549679781800222],[-105.46340179797852,35.549723781141275],[-105.46335979783412,35.549761781103172],[-105.46333879776201,35.549781781130349],[-105.46328679805609,35.549849781581514],[-105.46323279735745,35.549909781662677],[-105.46318279774245,35.549957781188375],[-105.46312979798826,35.55000278147476],[-105.46307179800132,35.550035781206198],[-105.46300279750145,35.550030781878043],[-105.46294779764914,35.550011781901382],[-105.46293779808472,35.550007781716886],[-105.46291379787137,35.550001781440635],[-105.46288479742617,35.549993781971473],[-105.46283379775961,35.549979781326634],[-105.46277279763071,35.549977781237502],[-105.46273179752929,35.549975781147261],[-105.46266279792995,35.549985781613842],[-105.46263879771749,35.549989781800313],[-105.46253679748804,35.54999678123059],[-105.46245179714877,35.55002378158526],[-105.46238779778284,35.550053781178242],[-105.46237679727383,35.550062781595287],[-105.46236679771044,35.550070781966014],[-105.46231279791,35.550116781399396],[-105.46224779759979,35.550162781732688],[-105.46218879756604,35.550190781232892],[-105.46209879789522,35.550227782050513],[-105.46209679780266,35.550228781197625],[-105.46202579721364,35.550265782014172],[-105.46199179743807,35.550281781857045],[-105.46197479755057,35.550292781467647],[-105.46196179784765,35.550294781560893],[-105.46195579756984,35.550297781700024],[-105.46187579746106,35.550310781406694],[-105.46179079711766,35.550288781292913],[-105.46177479727494,35.550281781869266],[-105.46174079749642,35.550262781891441],[-105.46172579769959,35.550249781290809],[-105.46172479764974,35.550208781192588],[-105.46171079699712,35.550162781762992],[-105.46169179701251,35.550121781665794],[-105.46166779769548,35.550079781522548],[-105.46165679718369,35.550055781312039],[-105.46164679761785,35.550034781240321],[-105.46163379701281,35.550003781605383],[-105.46161879721407,35.549968781785523],[-105.46160079727696,35.549940781390347],[-105.46157779710776,35.549908781709775],[-105.46154279728275,35.549887781639441],[-105.46151579692894,35.549864781476145],[-105.46148779742866,35.549847781590501],[-105.46145279760415,35.549832781797775],[-105.46141879692647,35.549815781912471],[-105.46138479714807,35.549797781980871],[-105.4613297972944,35.549762781263951],[-105.46129779760805,35.549737781907673],[-105.46126279688339,35.549712781652353],[-105.46123279728941,35.549683781211591],[-105.46120379684336,35.549665781279721],[-105.46116979706476,35.549645781255606],[-105.46114079751811,35.549628781370046],[-105.46109679727608,35.549607781300189],[-105.46106979692242,35.549586781229451],[-105.46102479753391,35.549572781483533],[-105.46098779761624,35.549551781413363],[-105.46094179728239,35.549541781852604],[-105.46090979759619,35.549517781643281],[-105.46087879705703,35.549494781480206],[-105.46085379679624,35.549475781501854],[-105.46082379720251,35.549449781199911],[-105.46079179751659,35.549429781175704],[-105.46075579674627,35.549412781290521],[-105.46071779678239,35.549393781312901],[-105.46068379700387,35.549374781335047],[-105.46065379741107,35.54935978154203],[-105.46062679705754,35.549339781517538],[-105.46059879665783,35.549321781585604],[-105.46054479685093,35.54929178199928],[-105.46049779736867,35.549264781652063],[-105.46047779734037,35.54925478119052],[-105.46044079742256,35.549232781973352],[-105.46040479665257,35.549219781373914],[-105.46034779670688,35.549192781926507],[-105.46031279688211,35.549174781995021],[-105.46025679698272,35.549146781601998],[-105.4602327967673,35.549115781967743],[-105.46018179709949,35.549086781528175],[-105.46015579679298,35.549074781873749],[-105.46012479715371,35.549058781135223],[-105.46006679716213,35.549036781919234],[-105.46005279651314,35.549033781781205],[-105.46003979680962,35.549028781550632],[-105.45998279686614,35.549027781507547],[-105.45996479693132,35.54902778150857],[-105.4599057968951,35.549025781419395],[-105.45985979656172,35.549020781190627],[-105.45979979647835,35.549009781584424],[-105.4597707969323,35.548999781123385],[-105.45973779720067,35.548986781423089],[-105.4596897967707,35.548935781764115],[-105.45960679651806,35.548891781531637],[-105.45952579635974,35.548866781278825],[-105.45945279657317,35.548853781580796],[-105.45937179641597,35.548841781929518],[-105.45928579692625,35.548828781332894],[-105.45918779688034,35.548814781589975],[-105.45909479706508,35.548786781199077],[-105.45901579699787,35.548743781911959],[-105.4589547968649,35.548693781400701],[-105.45890579638844,35.548640781649219],[-105.45886479628157,35.548574781295869],[-105.45884179700842,35.548503781609483],[-105.45881979688311,35.548442781486358],[-105.45880479618265,35.548378781224038],[-105.4588137965935,35.548305781443268],[-105.45883079647919,35.548272781714147],[-105.45884579627248,35.54824378127087],[-105.45885679677846,35.548198781886178],[-105.45886379620113,35.548170781489596],[-105.45885579672471,35.548110781411992],[-105.45884479621196,35.548075781591862],[-105.45883979687802,35.548056781612388],[-105.45882279698557,35.548009781237461],[-105.45881979684577,35.548000781720539],[-105.45880979637765,35.547944781828043],[-105.45879879676558,35.547924781802649],[-105.45877079636273,35.547869781058175],[-105.45868279677903,35.547840781520023],[-105.45865679647343,35.54783978147524],[-105.45859979652512,35.547781781492894],[-105.45862679688192,35.547839781476931],[-105.45861479632583,35.547839781477606],[-105.45853879640062,35.547831781111732],[-105.45847379608533,35.547817781366987],[-105.45841679613946,35.547788781827087],[-105.4583377960768,35.547798781394889],[-105.45826679638448,35.547804781676511],[-105.4582407960789,35.547803781631714],[-105.45814179598763,35.547800781498502],[-105.4580477961279,35.547795781272441],[-105.45796679597169,35.54779578127701],[-105.45788279657552,35.547792781142938],[-105.45779279600224,35.547792781148019],[-105.45770279632939,35.547805781754569],[-105.45762579636106,35.547835781348333],[-105.45756179609548,35.54786178165557],[-105.4575137965704,35.547876781452942],[-105.45749279649712,35.547882781731722],[-105.45741479648247,35.547912781325493],[-105.4573477960783,35.547943781864269],[-105.45725579631383,35.547969781273757],[-105.4571847966215,35.547975781555387],[-105.45708879577062,35.547980781792148],[-105.45702779654123,35.547980781795602],[-105.45699779605033,35.547980781797293],[-105.45694879647681,35.547970781337334],[-105.45690679632854,35.547962781868911],[-105.45684079596667,35.547945781985419],[-105.45677279641185,35.547933781434025],[-105.45674279592028,35.547925781964921],[-105.45670479595725,35.547916781550633],[-105.45662679593921,35.547906781991713],[-105.45655679629404,35.547921781790301],[-105.45646879581416,35.547930781312367],[-105.45637479595553,35.54793878168784],[-105.4563067964052,35.547979781789969],[-105.45623779590964,35.548025781224233],[-105.4561547956642,35.548066781327194],[-105.45606479599471,35.548119781985832],[-105.45597979565721,35.54816778151352],[-105.4559017956436,35.548210781708754],[-105.45581879629709,35.548246781580396],[-105.45573579605022,35.548270781796212],[-105.45564879561825,35.548297781251691],[-105.45556279613383,35.548347781771227],[-105.45546679618616,35.54839878143833],[-105.45546379604735,35.548400781531058],[-105.45545679572311,35.548402781623956],[-105.45534679602437,35.548434781312075],[-105.45528479585074,35.54845178210217],[-105.45525379621351,35.548459781574699],[-105.45515279603221,35.548487781976597],[-105.45506179541583,35.548525781941258],[-105.45495979608798,35.548559781721437],[-105.45492379532017,35.548572781425612],[-105.45487779588814,35.548591781407978],[-105.45481779580773,35.548615781622473],[-105.45473879574784,35.548658781817785],[-105.4546917953717,35.548696781779952],[-105.45469379546407,35.548692781594752],[-105.45469079532532,35.548695781733706],[-105.45465379541172,35.548723782131987],[-105.45461179526714,35.548759782001341],[-105.45458279572362,35.548779782028966],[-105.45458579586273,35.548780782075134],[-105.45458579586273,35.548780782075134],[-105.45457179611441,35.548793781778052],[-105.45451179603687,35.548851781767006],[-105.45442479560744,35.548908781711162],[-105.45434679559524,35.548967781747407],[-105.45427079567598,35.5490297819223],[-105.45426079521354,35.549041781578772],[-105.4542107955992,35.549096782327652],[-105.45416779541127,35.549167782017769],[-105.45411579570543,35.549237781662114],[-105.45404679521099,35.549296781697855],[-105.45396879519724,35.54933778180056],[-105.45387979557391,35.549388782366577],[-105.45386679587149,35.549396781838141],[-105.45386679587149,35.549396781838141],[-105.45377879539532,35.549448781551057],[-105.45372979582822,35.54951478190948],[-105.45371579518095,35.549532781843787],[-105.45367279589325,35.549614782042838],[-105.45366579556958,35.549622782413408],[-105.45361579595541,35.549680782401779],[-105.45353179566398,35.549725781790592],[-105.45338879533304,35.549729781983707],[-105.4533007957517,35.54972878194242],[-105.4532787956317,35.549730782036164],[-105.4532357954381,35.549734782223695],[-105.45321779550346,35.549736782317197],[-105.45314179558034,35.549753782208718],[-105.45313179511729,35.549757782394394],[-105.4530737951295,35.549780781663152],[-105.45301679518843,35.549807782016252],[-105.45296279538667,35.549838781654977],[-105.45291579501028,35.549873782377666],[-105.45286679543965,35.549897781692181],[-105.45280979549742,35.549911782343123],[-105.452755795694,35.549922781955836],[-105.45270579517549,35.549920781866092],[-105.45266179493534,35.549922781961143],[-105.452625795065,35.549913782446062],[-105.45260879517622,35.549909782261963],[-105.45256379488839,35.549895782516089],[-105.45252479487948,35.549891782333177],[-105.45247079507492,35.549889782243746],[-105.45243879539018,35.549883781967921],[-105.45243279511197,35.549881781875712],[-105.4523987953345,35.549874782453081],[-105.45234379548337,35.549869782224839],[-105.45230879566046,35.549873782411908],[-105.45220579538181,35.549846782067767],[-105.45209979496288,35.549804781929168],[-105.45206779527813,35.549798782552685],[-105.45203379550075,35.549792782277045],[-105.4520227949909,35.549791782231367],[-105.45199379544603,35.549795782418052],[-105.45198779516807,35.549796782464696],[-105.45198779516781,35.549793782325899],[-105.45198779516781,35.549793782325899],[-105.45182979504395,35.549831782294326],[-105.45181179510834,35.549821781832698],[-105.45175379511616,35.549792782292847],[-105.45169479507783,35.549765781946228],[-105.4516277946685,35.549735782360649],[-105.45155279478722,35.549698782451578],[-105.4514937947483,35.549665781827436],[-105.45142379509865,35.549627781871834],[-105.45136279496677,35.54959078196206],[-105.45130479497442,35.549559782329666],[-105.45124079470352,35.549522782420034],[-105.45118879498888,35.549487781702922],[-105.45114079455992,35.549448781699851],[-105.45109179498407,35.549410781743092],[-105.4510487947871,35.549375781924788],[-105.45100879473016,35.54935178171597],[-105.45095979515546,35.549327782406912],[-105.45091179472769,35.549302782152296],[-105.45086179510621,35.549273781712685],[-105.45080779529883,35.549237781848717],[-105.45075679473136,35.549204782123404],[-105.45070079483106,35.549166782167021],[-105.45064579497597,35.549114782462198],[-105.45060879505617,35.549068782134647],[-105.45058179470007,35.549018782520776],[-105.45057179513465,35.549002781781056],[-105.45055379519744,35.548973782238967],[-105.45054479477885,35.548955782305953],[-105.4505237947014,35.548912782116297],[-105.45051879446912,35.548905781792669],[-105.45048579473402,35.548851781994067],[-105.45046579470177,35.548795782102154],[-105.45044879480785,35.548730781793715],[-105.45044179447757,35.548660782152638],[-105.45044079442567,35.548594781797036],[-105.4504447946052,35.548525782201665],[-105.4504427945059,35.548447782190159],[-105.45043879431506,35.548382781880967],[-105.45043179488437,35.548315782378701],[-105.45043579506422,35.548250782069076],[-105.45045079485426,35.548182781620014],[-105.45046879478244,35.548104781607421],[-105.45048679471093,35.548029781733632],[-105.45049779431498,35.547954781860255],[-105.45050179449508,35.547891781643131],[-105.45050879481336,35.547819781908778],[-105.45052579469596,35.547750782312626],[-105.45055479423652,35.547695781564911],[-105.45060079456383,35.547628782059668],[-105.45063979456643,35.547557781470438],[-105.45067179424431,35.547482781595868],[-105.45069279431235,35.547413781999538],[-105.45071379437988,35.547339782171854],[-105.45073179430827,35.547263781352427],[-105.45073179430152,35.547183782147648],[-105.45073279434108,35.547103782043507],[-105.4507257949096,35.547027782124836],[-105.4507227947641,35.546950782159691],[-105.45071479438698,35.546874781341828],[-105.45070079463143,35.546802781608584],[-105.45069579439352,35.546728781782356],[-105.45069679443462,35.546666781611691],[-105.45069779447577,35.546605781487287],[-105.45071279426642,35.546544781362087],[-105.45074479484508,35.546486781374718],[-105.45078679498805,35.546431781525605],[-105.45082979427836,35.546380781861487],[-105.45087579460741,35.546333781483],[-105.45092479507619,35.546295781520705],[-105.45096879441351,35.546252781327389],[-105.45101079455681,35.546201781663328],[-105.45103279467443,35.546171781173399],[-105.45105679488427,35.546135781305018],[-105.45108779451789,35.546085781687886],[-105.45110779454102,35.546033781978828],[-105.45110779453915,35.546011781860244],[-105.45110779453645,35.54597978127898],[-105.45109679492187,35.545930781710481],[-105.45106179509514,35.545889781614115],[-105.45101079452701,35.545848781518664],[-105.45091979480488,35.545826781405268],[-105.45083579450778,35.545804781291437],[-105.45075279425792,35.545793781686456],[-105.45066079449057,35.545784781275238],[-105.45058579461138,35.545772781623612],[-105.4505687947228,35.545771781578274],[-105.4505347949457,35.545768781441417],[-105.45051279482537,35.545766781350117],[-105.45050479445459,35.545765781304326],[-105.45046879458394,35.545753781650447],[-105.45044579441679,35.545745781281568],[-105.45039679484303,35.545732781582153],[-105.45034779437036,35.545724781214815],[-105.45029179447243,35.545714781654638],[-105.45023579457455,35.545704781195134],[-105.45017479444496,35.54569478163522],[-105.45012279473193,35.545678781797193],[-105.45005979450917,35.545662781959784],[-105.44998979396199,35.545646781223454],[-105.44992179440617,35.545622781915469],[-105.44985579404275,35.545587781199146],[-105.44979179467124,35.545551781335782],[-105.44972579430812,35.545519781657582],[-105.44966979440848,35.545488782025117],[-105.44962179398028,35.545458781539082],[-105.44957679458933,35.545415781350762],[-105.44952979420627,35.545371782015586],[-105.4494867940093,35.54533578125173],[-105.44943379424922,35.545311781942964],[-105.44936879393239,35.545279781365394],[-105.44930679375503,35.545252781918329],[-105.44924179433782,35.545223781479571],[-105.44917179378972,35.545196781133569],[-105.44910679437301,35.545173781871739],[-105.44904979442688,35.545141781293687],[-105.44901779384004,35.545102781289714],[-105.44899679376195,35.545051781629205],[-105.44896879425953,35.545009781486215],[-105.44892779415359,35.544954781641785],[-105.44889379437224,35.5449017818895],[-105.44886279383275,35.544874781541289],[-105.44884179375575,35.544836781582973],[-105.44881179416046,35.544792781347553],[-105.44877279414823,35.544749781158863],[-105.44873779432173,35.544710781155047],[-105.44869579417049,35.544667781865918],[-105.44865579411154,35.544620781492263],[-105.44861879419177,35.544574781164634],[-105.44857879413308,35.544530781829124],[-105.44853579393559,35.544488781686951],[-105.44849479383059,35.544444781452128],[-105.44845479377128,35.544392781746431],[-105.44841479371226,35.544344781326508],[-105.44828379392533,35.544205781197959],[-105.44823979368104,35.54415878172378],[-105.44819479428932,35.544106781119069],[-105.4481467938591,35.544052781321277],[-105.44810179356732,35.543991781199459],[-105.44806179350732,35.543931781123668],[-105.44802479358681,35.54387778132525],[-105.44799779412976,35.543823781526285],[-105.44797879414415,35.543770781773148],[-105.44795379388083,35.543721781306125],[-105.44794479345951,35.54367078164492],[-105.44794979368764,35.543628781500082],[-105.44795879410107,35.543585781308721],[-105.44798579354962,35.543538781830556],[-105.44799479396279,35.543492781500397],[-105.44799979419047,35.543444781077902],[-105.44800679361121,35.54339378141583],[-105.44799779408916,35.54334278175466],[-105.44798579352901,35.54329478133311],[-105.4479517937481,35.543246780912838],[-105.44791579387422,35.543195781253225],[-105.4478617940667,35.543158781342989],[-105.44781779382427,35.543133781088095],[-105.44777379358267,35.543117781249613],[-105.44771479354412,35.543088781709834],[-105.44768579399687,35.543064781500391],[-105.44764879407886,35.543039781245085],[-105.44761079321457,35.543007781565329],[-105.44757879352747,35.542973780893384],[-105.44756279368181,35.542931781648996],[-105.44755379326112,35.542888781458601],[-105.44754079355448,35.542846781314758],[-105.44753079398694,35.542805781217027],[-105.44751979347394,35.542766781211874],[-105.44752079351714,35.542729781298526],[-105.44751079394987,35.542691781339549],[-105.44750479366803,35.542646781056497],[-105.44749879338609,35.542600781626511],[-105.44750079347544,35.542560781574366],[-105.4475137931753,35.542522781614082],[-105.44752679377427,35.542481781515008],[-105.44753579328854,35.542440781416168],[-105.44753879342444,35.542403781502777],[-105.44754079351456,35.542373781013978],[-105.44752979390044,35.542329780777443],[-105.44752879385379,35.542325781491762],[-105.44752379361913,35.542290780771999],[-105.44752179352253,35.542244781341772],[-105.44749779330584,35.542198781013418],[-105.44747179389596,35.542154780777807],[-105.44743779321531,35.542102781071783],[-105.4474187932303,35.542056780743152],[-105.4473937938655,35.541997781612075],[-105.44737779311926,35.541940780774361],[-105.44737579392016,35.541872781225571],[-105.44737279377708,35.541824780803545],[-105.44739079370707,35.541767780863275],[-105.44740179331191,35.541701781406253],[-105.44742479347256,35.541632780910469],[-105.44744979372616,35.541566781452673],[-105.44748479354561,35.54152178116729],[-105.44751879331794,35.541467781364936],[-105.44754479361828,35.5414057811928],[-105.44757479320565,35.541356780722666],[-105.44760679378599,35.541318780761323],[-105.44764979307757,35.541282780891919],[-105.44766079358423,35.541245780978066],[-105.44769579340388,35.541203780831516],[-105.4477297931776,35.541165780870074],[-105.44779279339537,35.541122780675664],[-105.44783879372467,35.541078781335251],[-105.44788379310846,35.541036781188112],[-105.44793879385536,35.540999781271779],[-105.44795679378784,35.540972780920839],[-105.44797179357924,35.540920781212044],[-105.44796579329648,35.540864781319371],[-105.44797179356979,35.540808780526682],[-105.4479597939083,35.540752780634364],[-105.44791379357009,35.540690781365647],[-105.44786679318645,35.540639780807311],[-105.44783079331241,35.540586781055062],[-105.44779679353081,35.540530781164009],[-105.44776479384228,35.540479780604805],[-105.44773679344027,35.540434781222295],[-105.44771979354745,35.540382780615985],[-105.44769179314486,35.540330780909613],[-105.44766279359578,35.540284780581629],[-105.44764079347249,35.540247780669574],[-105.44760879378522,35.540211780804405],[-105.44757279301406,35.540184780456542],[-105.44752979371674,35.540152780777049],[-105.44750079326917,35.540116780911717],[-105.44746779353433,35.540065781251876],[-105.44744179322544,35.540025781201265],[-105.44741979310098,35.539974780641536],[-105.44739179359846,35.539931780452207],[-105.44736679333431,35.539872780421824],[-105.44733879293364,35.539842780834022],[-105.44730679324528,35.539793781266638],[-105.44727179341838,35.539750781077764],[-105.44724579310849,35.539698780471973],[-105.44720879318713,35.539634781110216],[-105.44719579347915,35.539576781125405],[-105.44719279333574,35.539524780518299],[-105.44719079323821,35.539466780532869],[-105.44718679304891,35.539420781102777],[-105.44718579299787,35.53936478120977],[-105.44719279331819,35.539316780787217],[-105.44718279285043,35.539264781079787],[-105.44715779348672,35.539218780751554],[-105.44713979354735,35.539164780952078],[-105.44713779344967,35.53910578092038],[-105.44714279277879,35.539066780914297],[-105.447160793609,35.539020780583648],[-105.44717479335449,35.538973781106243],[-105.44719879356468,35.538942780569933],[-105.4472867931422,35.53889778028158],[-105.44734979336039,35.538859780318496],[-105.44738479318247,35.538845780568067],[-105.44742279314264,35.538820780308612],[-105.44745679291647,35.538784780439698],[-105.44749179363541,35.538741780246831],[-105.44753679301935,35.538701781091554],[-105.4475837933943,35.53864978048167],[-105.44762379344593,35.53861078047364],[-105.4476807933852,35.538561780901219],[-105.44771279306529,35.53851278043097],[-105.44774479364403,35.538455780489855],[-105.4477767933228,35.538391780224934],[-105.44779079306655,35.538323780675256],[-105.447815793321,35.538267780780792],[-105.44785379327867,35.53821378097814],[-105.44790379289331,35.538161780368071],[-105.44795679354704,35.538118780174237],[-105.4480147935338,35.538083780350249],[-105.44806679324296,35.538053780757942],[-105.44809079345531,35.53804778047899],[-105.44814179311958,35.538034780773941],[-105.44819179363678,35.538021780169657],[-105.44821179366373,35.538015780790232],[-105.44821279371013,35.538015780790182],[-105.44828279335361,35.537980780965505],[-105.44835279299816,35.537957780796724],[-105.44840979293939,35.537931780489892],[-105.44843679328683,35.537879780780422],[-105.44843879337827,35.537864780086267],[-105.44843979342392,35.537856780615428],[-105.44844079346973,35.537850780337763],[-105.44844279356083,35.537831780357884],[-105.44845679330568,35.537777780556596],[-105.44848179356006,35.537720780615942],[-105.44851879346984,35.537647780833588],[-105.44856179365982,35.537600780455207],[-105.44862079369065,35.537538780281267],[-105.44867479349165,35.537498780226208],[-105.4487197937739,35.537446780515729],[-105.44874479312863,35.53738578038994],[-105.44877379356808,35.537325780310212],[-105.4487797938409,35.537263780139249],[-105.44879179349348,35.537214780569457],[-105.44879879381465,35.537176780609521],[-105.44881579369951,35.537133780417719],[-105.44883079349255,35.53710178073495],[-105.44884779337758,35.537060780635642],[-105.44888079310357,35.537006779933961],[-105.4488977929888,35.536968779973471],[-105.44892179319829,35.536928779920082],[-105.44894479336148,35.53688977991299],[-105.44895879310694,35.536842780435563],[-105.44896679347387,35.536797780151723],[-105.44896079319246,35.536757780100039],[-105.44895779304846,35.53669878006842],[-105.4489577930445,35.536651780591775],[-105.44895179366104,35.536595780699116],[-105.44893179362886,35.536539779907855],[-105.44890679336528,35.536487780201327],[-105.44886779335299,35.536443779966376],[-105.44882979338718,35.536401779823926],[-105.44880479312512,35.536367780050917],[-105.44877779366949,35.536330780139153],[-105.44874279294194,35.536271780109324],[-105.44873879365036,35.536205780653198],[-105.44873479346029,35.536149779861056],[-105.44874679311236,35.536094780013634],[-105.44877579355233,35.536040780211543],[-105.44880779323344,35.536003780296461],[-105.44885079342448,35.535968780473311],[-105.44888479319764,35.535924780234289],[-105.44892279315705,35.53589078045767],[-105.44894979350558,35.535851780450372],[-105.44896979353059,35.535822780006797],[-105.44898479332191,35.535769780251719],[-105.44897679294827,35.535734780431483],[-105.44898279322285,35.535693780332814],[-105.44896079309883,35.535647780004396],[-105.4489477933931,35.535616780369452],[-105.44893779292677,35.535581780549286],[-105.44892779335808,35.53552777985005],[-105.4489197929836,35.535482780466403],[-105.44891579369471,35.535448779792894],[-105.44891579369059,35.53539978022377],[-105.44893379362189,35.535358780124412],[-105.44895179355223,35.535305780369193],[-105.44896179311266,35.535262780177739],[-105.44896279315856,35.535257779946377],[-105.44896679334281,35.535243780197696],[-105.44771279279543,35.535313779909821],[-105.44619379253304,35.535080780006943],[-105.44502579235119,35.534885780043787],[-105.44409079216487,35.534574780096435],[-105.44331279206253,35.53430178009971],[-105.44289079134587,35.533743780386516],[-105.44313379178946,35.533445780074921],[-105.44259279184372,35.532769780304761],[-105.44183579181767,35.532526779896259],[-105.44125479098869,35.532692780414834],[-105.44088979117065,35.532796779851289],[-105.43988879073675,35.533824780706041],[-105.43956379106746,35.535041780374783],[-105.43953679078858,35.535906780827595],[-105.43875279139209,35.536636780472875],[-105.43815779081112,35.536772780503583],[-105.43737379040807,35.536231780697982],[-105.43702179021584,35.535419780920044],[-105.43650879070024,35.535122780697307],[-105.43607579043851,35.535338780822968],[-105.435615790722,35.535528780646516],[-105.43512879062617,35.535392780676837],[-105.43434479024599,35.535122780819258],[-105.43396678976193,35.534473780490494],[-105.4332357900437,35.53425778043043],[-105.4325867896696,35.534527781268004],[-105.43250578957951,35.535311780674199],[-105.43174878959684,35.535582780664861],[-105.43115378900663,35.535609781048322],[-105.43050478949087,35.535392780937379],[-105.42926078849018,35.535257781056593],[-105.42758478818942,35.53552878109906],[-105.42636778849003,35.535987781720038],[-105.42504278823471,35.535879781294433],[-105.4237167879604,35.536095781470422],[-105.42201378729631,35.536231781563487],[-105.42047178686862,35.536014781502786],[-105.42003978668058,35.53655578227626],[-105.41939078724918,35.537339781714465],[-105.41857878657794,35.538340782208756],[-105.41747078656326,35.539151782022714],[-105.41663178643951,35.540152782518547],[-105.41533378660216,35.540828782392303],[-105.41403578583575,35.541152783067055],[-105.41257578564486,35.541342782946984],[-105.41193978587211,35.541599783182455],[-105.41169278522132,35.541638783202139],[-105.41014078528904,35.542127783431418],[-105.40851078444842,35.542713783656481],[-105.40733178473573,35.54346378335017],[-105.40673778426434,35.544349783907279],[-105.40582478426728,35.544859784172921],[-105.40453578394074,35.545454783895849],[-105.40288478392726,35.546060784148132],[-105.40102478320331,35.546445784079552],[-105.40010078360356,35.547047785005127],[-105.39943178321911,35.547520784444437],[-105.39748678304116,35.547766785144042],[-105.3972137829888,35.54786078501197],[-105.39586678263298,35.54798778466867],[-105.39425078240573,35.54815578533816],[-105.39250178141774,35.548400785081149],[-105.39091878091419,35.548487785598375],[-105.39097178159371,35.548750785173247],[-105.39105878116463,35.549176785093294],[-105.39125878148377,35.549702785137193],[-105.39144178191074,35.550184785844174],[-105.39258978206468,35.550371785438294],[-105.39469678255844,35.550164785634657],[-105.39554878246072,35.550056785086291],[-105.3955547827389,35.550058785178514],[-105.39624478245511,35.551448785599831],[-105.39646378277,35.552147785553018],[-105.39693778318184,35.552508786041145],[-105.39791278343087,35.55290878560745],[-105.3988977832152,35.55296878563005],[-105.39967278406711,35.553111785907355],[-105.40011778397927,35.552819785861907],[-105.40073578382761,35.552685785023165],[-105.40202678427775,35.55245678514693],[-105.40242678393365,35.552524785572601],[-105.40288478451357,35.553006785364701],[-105.40270378425518,35.553423785782812],[-105.40240078462642,35.55369678584043],[-105.40155878428659,35.553784785462881],[-105.40138478432014,35.55381778520087],[-105.40066678433453,35.553953785238491],[-105.40042278382334,35.553999785581901],[-105.39982378397677,35.554378786064021],[-105.39954578369571,35.554507785752975],[-105.39884678370704,35.554830785448367],[-105.39837278335507,35.555178786287776],[-105.39829578344312,35.555875786165068],[-105.39828778397828,35.555953786177106],[-105.39884478373702,35.556282786079301],[-105.39954978406482,35.556683785707129],[-105.39938078435493,35.557010786457028],[-105.39911878391557,35.557134785913746],[-105.39923378387842,35.557486786005668],[-105.39969678376677,35.557684786147306],[-105.4007267847558,35.557965786499913],[-105.40164878432323,35.558079786326537],[-105.4024577849037,35.55765078621716],[-105.40268578473257,35.558304785886349],[-105.40268678478996,35.558435786551449],[-105.40269278513178,35.559190786409594],[-105.4024337848911,35.56002078615554],[-105.40241478498541,35.560913787004111],[-105.40246778479741,35.561552786888498],[-105.4020377846803,35.561835786516681],[-105.4009147847932,35.56173878658862],[-105.39997578442409,35.561460787269048],[-105.39962778448064,35.56140178725687],[-105.39947478458299,35.561375786961875],[-105.39909078387825,35.561406786619145],[-105.39804178383827,35.561490786967568],[-105.39803178427471,35.561496787245694],[-105.3973627838884,35.561947787465741],[-105.39752078404085,35.562247786947957],[-105.3977427844672,35.562619787059916],[-105.39769178392403,35.562874787169861],[-105.39854078464052,35.563404787362082],[-105.3997487849638,35.564620786898068],[-105.4011857850404,35.56504778768754],[-105.40141578490726,35.565054787099108],[-105.40236078553313,35.565080787349416],[-105.40303778543053,35.56509978729099],[-105.40417278586511,35.565094786995587],[-105.40457678573405,35.565489787262081],[-105.40463378568326,35.565558786853991],[-105.40485478605397,35.56582078727245],[-105.40345478595961,35.566177787681212],[-105.4031027858622,35.566490787793661],[-105.40371778561486,35.566868787261669],[-105.4053977861079,35.566677787322988],[-105.40645178635758,35.566333787535278],[-105.40677878622516,35.566368787337488],[-105.40815578712618,35.566884786852185],[-105.40940278740707,35.567497787264884],[-105.409978787149,35.567850787377019],[-105.41110678727846,35.568073786839157],[-105.41232978820511,35.56820478743527],[-105.41331878816197,35.568112786720086],[-105.4134457877564,35.568166787412736],[-105.41358078772208,35.568226787483233],[-105.41371178840186,35.568287786700878],[-105.41384078808974,35.568350786910457],[-105.41396678853805,35.56841478716651],[-105.41408878790183,35.568480787515284],[-105.41420878807232,35.568547787011155],[-105.41432478805757,35.568615787452842],[-105.41443678875679,35.568684787041725],[-105.41454578841791,35.568755786723266],[-105.414650788793,35.568826787304367],[-105.41475278812986,35.568899787078827],[-105.41485378832004,35.568975786992205],[-105.41495278841759,35.569052786951943],[-105.41496178883925,35.569107786798178],[-105.41537078896769,35.56983178699786],[-105.41494978838688,35.570333787764902],[-105.41317378794832,35.570600787628088],[-105.41181178777201,35.570434787219106],[-105.41019378741679,35.570183787388515],[-105.40999878737118,35.570153787810106],[-105.40924678760221,35.570212787884415],[-105.40860878682004,35.570263787582071],[-105.40766378711059,35.57043978768462],[-105.40572378626158,35.570644788285783],[-105.40522278646915,35.571134787602752],[-105.40484778632747,35.572891787977092],[-105.40428778656506,35.574163788405151],[-105.40353378673731,35.574623789046406],[-105.40273578666115,35.574987788845704],[-105.40216778645814,35.575433788828747],[-105.40076478617434,35.57519478864188],[-105.39902378549728,35.574732788948232],[-105.39806278503586,35.574784788710488],[-105.39555178467843,35.574658789317716],[-105.39472678425265,35.575049789468522],[-105.39485278478155,35.576066789750797],[-105.39709778541335,35.576313789360988],[-105.39800578524536,35.576591789581578],[-105.39807878512347,35.577686788979115],[-105.39758978499628,35.578276789324953],[-105.39724678535319,35.579029790009535],[-105.39772478599089,35.579868790130199],[-105.397958786049,35.579944790036052],[-105.39902478601387,35.580290789796599],[-105.39885378623772,35.58092978969362],[-105.39902978635216,35.581550789637561],[-105.39911078561245,35.581590789685016],[-105.40057778615638,35.58173879015451],[-105.40141578634243,35.582023789803628],[-105.40274878694882,35.581896790147582],[-105.40409278715666,35.581664789230146],[-105.40502478717578,35.581639789819512],[-105.40573578776424,35.581833789762022],[-105.40600678776813,35.582262789810407],[-105.40522178742472,35.582976789614818],[-105.40386478752654,35.583359790324842],[-105.40374278727366,35.583414790178487],[-105.40391078701283,35.583981790322355],[-105.40451878738283,35.584859790441385],[-105.40502778765816,35.58569579042144],[-105.40496278740592,35.58642679007243],[-105.40446478773353,35.58669179067028],[-105.40366378747268,35.586516790712615],[-105.4033747875649,35.586452790465792],[-105.4026297871977,35.586236790406652],[-105.40196578704131,35.586665790507823],[-105.40176478675718,35.58710279095304],[-105.40157278688876,35.587522790611153],[-105.40129878681702,35.587934790803125],[-105.40120378692345,35.588077791129471],[-105.40022778670075,35.588536790837708],[-105.39996178697541,35.588661791240213],[-105.39972978702568,35.588770790900561],[-105.399272786529,35.588725790642989],[-105.39920678706842,35.588732790970575],[-105.39851678657587,35.588799791411525],[-105.39764578668716,35.588844790844817],[-105.3969887859482,35.589183791278174],[-105.39622478563436,35.589375791211495],[-105.39533578580902,35.589398791426547],[-105.39504678590797,35.589414791283836],[-105.39502178564827,35.589408791007649],[-105.39449378546529,35.589441791664974],[-105.39352278543183,35.589399791575239],[-105.39246478495554,35.589256791314035],[-105.39217478499569,35.589125791564598],[-105.3917517851731,35.58905579104772],[-105.39064978446856,35.589055791109978],[-105.39059178454758,35.589867791810313],[-105.38983678464928,35.590041791809632],[-105.3892337845853,35.590041791843703],[-105.38861578466516,35.589328791265451],[-105.38815878411251,35.58862279190128],[-105.38771978444234,35.588488792021501],[-105.38722278389771,35.588527792055366],[-105.38725778380066,35.589468791524418],[-105.38670378419828,35.589345792160003],[-105.38513678360307,35.590215792031834],[-105.38418678367111,35.590500791781984],[-105.38415378304539,35.59054979225229],[-105.38316678316411,35.590441791807741],[-105.38025878247947,35.59130179219202],[-105.3782387824608,35.59199279280076],[-105.37666878168022,35.592315792545477],[-105.37311478071945,35.59296279300375],[-105.37328978079837,35.593710793427782],[-105.37343178118061,35.594858793474984],[-105.37383378195763,35.596449793319628],[-105.37366978163776,35.597456794054928],[-105.37208578115559,35.598344793861244],[-105.37168478149533,35.598773793947593],[-105.37169478123622,35.600859794233749],[-105.37157878134731,35.601928794237672],[-105.37359578232288,35.603557794849792],[-105.37478478266962,35.604821794808828],[-105.37684778305332,35.606148794935343],[-105.37908378337679,35.607674795266043],[-105.3800127841514,35.607591794970581],[-105.38019778369414,35.60715579457257],[-105.38114878355199,35.605449794726717],[-105.38117078366778,35.605398794164472],[-105.38040678410563,35.603849794485029],[-105.37978978331805,35.602966794135156],[-105.37864078304253,35.601893794017734],[-105.37896178347448,35.601256794204808],[-105.37999478354187,35.599631793605376],[-105.38406678450895,35.602335794376145],[-105.38589878492911,35.603063793781104],[-105.38736878558724,35.602917794137518],[-105.38808678562886,35.603442794105625],[-105.38660478565477,35.607607794438728],[-105.38601178518452,35.607957794478132],[-105.38433978535491,35.611601794998251],[-105.38003078418375,35.60874179511724],[-105.37942278388978,35.608762795223875],[-105.37517978340655,35.609764795958519],[-105.37271978274913,35.610051795886584],[-105.37031078171417,35.609832795782751],[-105.36921678136839,35.609692795662454],[-105.36790278158638,35.609159796257188],[-105.36685378061983,35.608924796235478],[-105.36512878074616,35.609197796373529],[-105.36378578065484,35.610259796122982],[-105.36239778024624,35.610961796305666],[-105.36124477994181,35.611734797062155],[-105.35968777983537,35.612904797323971],[-105.35742977956696,35.613447797393924],[-105.35660877935287,35.614149797544634],[-105.35566877905568,35.615269797256786],[-105.35539377897878,35.616166797405583],[-105.35376577909786,35.616374798128106],[-105.3535407785202,35.615859797695379],[-105.35368077869069,35.615601797441606],[-105.35381577863031,35.615353797650833],[-105.3536477789072,35.614977797350825],[-105.35348277842415,35.614606797282008],[-105.3536787784828,35.614243797562871],[-105.35366977895599,35.61413679710936],[-105.35363377814959,35.613694797345545],[-105.35358677866638,35.613656797388678],[-105.35342877848477,35.613014797371449],[-105.35290077829848,35.61300979716998],[-105.35244977807181,35.612871797105804],[-105.35234077841683,35.612873797204479],[-105.35146377824762,35.612891797187586],[-105.35111177817417,35.61348679775702],[-105.35098477770327,35.613702797865464],[-105.35039677746182,35.614019797277095],[-105.34969777744553,35.614017797224093],[-105.34945877716366,35.614035798070454],[-105.34924377799396,35.614053798016073],[-105.34907477732159,35.613635797571575],[-105.34886377739238,35.6131167978523],[-105.34840977695663,35.612152797342766],[-105.34854277680364,35.611905797598318],[-105.34843077693765,35.611058797086798],[-105.34759177671309,35.610868797336671],[-105.34669977673973,35.610787797236661],[-105.34623377671912,35.610671797291914],[-105.34650077639002,35.609357796735743],[-105.34708277634346,35.608923797307071],[-105.34718577654213,35.608006797141989],[-105.34709877605756,35.607413796689841],[-105.34673677631686,35.606791796710141],[-105.34625877663413,35.606611796502875],[-105.34545177604652,35.605863797013839],[-105.34482977599805,35.605825797089516],[-105.3429837749339,35.605157796863978],[-105.34316777534622,35.604917796541223],[-105.34298777506484,35.604515796837546],[-105.34231977554298,35.604008796799981],[-105.34127977494653,35.603219796326428],[-105.3403777744786,35.60277179633389],[-105.3403457747675,35.602454796058026],[-105.34053677459269,35.602070796266879],[-105.34087877418804,35.601301796640534],[-105.34194677509788,35.601088795718418],[-105.34275877488567,35.600276795874734],[-105.34288677446411,35.59959379574294],[-105.34521577534996,35.59934779592065],[-105.34519577531834,35.599298795453322],[-105.34622177519341,35.599230795846431],[-105.3479877755916,35.593333794501412],[-105.34756577570215,35.591927794224056],[-105.34598477515544,35.590413794411205],[-105.34579977454906,35.58890879403652],[-105.34511077400013,35.587763794158924],[-105.34670677501181,35.586558794074151],[-105.34467577432996,35.585439793676606],[-105.34340277377643,35.58522079350837],[-105.34096177300739,35.584414793226571],[-105.33885577249849,35.583900793845565],[-105.33530477157764,35.583382793461659],[-105.33269577113856,35.582828794056901],[-105.33230377095438,35.582765793862166],[-105.33113877090211,35.582465793537416],[-105.32913976998435,35.582291793693528],[-105.32596076926467,35.582363794506236],[-105.32353976950658,35.582554794486803],[-105.3234467687747,35.582323794596078],[-105.32343876929437,35.58221779418875],[-105.32330176923912,35.58219579407789],[-105.32231676852123,35.581734794387756],[-105.32136276830661,35.580872794128908],[-105.32040976815658,35.580226793971256],[-105.31900976798852,35.57971779388231],[-105.31882976776316,35.579977794230935],[-105.31753776722577,35.579727794428081],[-105.31644076759871,35.579097794119512],[-105.31480976659246,35.578279794135931],[-105.313162766676,35.577846793979973],[-105.31127176627409,35.577765793936265],[-105.3107437660851,35.577729794099049],[-105.31047076601996,35.577672794175122],[-105.30990076566745,35.57744879463516],[-105.30806176491015,35.576573794723956],[-105.30560576431962,35.575466794005983],[-105.30349176428381,35.574298794043642],[-105.30189476304804,35.573404794139037],[-105.30037876286448,35.572470794177733],[-105.29989076270255,35.572104794358282],[-105.29787276258995,35.570594793855285],[-105.29765976260057,35.570459793916392],[-105.29535776192218,35.569000793990426],[-105.2941017612244,35.568396793994324],[-105.29305276117799,35.568409793755606],[-105.28968875997077,35.568386793780412],[-105.28835576018969,35.567643793652714],[-105.2879867601599,35.567437794034838],[-105.2878987596726,35.567359794028192],[-105.28764975980641,35.567138793709525],[-105.28738175995774,35.566901793551018],[-105.28685775991784,35.566436793649615],[-105.28558875950823,35.565728794238339],[-105.28366575847097,35.565036793805511],[-105.28275175835753,35.564721793671794],[-105.28080675811449,35.564207794281295],[-105.2792887579063,35.564080793886752],[-105.27846175730897,35.563542794222158],[-105.27680775708421,35.563302794002915],[-105.27411375631416,35.562879794368371],[-105.27327375607068,35.563016794459195],[-105.27294975649234,35.564763794368751],[-105.27239575605712,35.565430794683742],[-105.27227275581558,35.566169794708578],[-105.27203575659452,35.567003794638573],[-105.27173875633473,35.567163794863646],[-105.27176475576525,35.567451794697519],[-105.27149775599331,35.567574795007609],[-105.27127475645393,35.567606794702115],[-105.27094275632632,35.567237794735078],[-105.2708177558978,35.566859795239225],[-105.27076275601902,35.566527795169826],[-105.27074975537879,35.566079795126875],[-105.27063975562275,35.565433794921496],[-105.26997875550796,35.564713794920699],[-105.26972475541385,35.564537794885744],[-105.26945575552493,35.564373794507517],[-105.26896075504389,35.564069794859037],[-105.26815375539574,35.563796794863862],[-105.26801175510663,35.563749794495905],[-105.26720575463018,35.563768794521089],[-105.26620875429263,35.563749794597484],[-105.26567275463945,35.563799795142444],[-105.26490875433969,35.564163794939972],[-105.26410375390745,35.564158794753943],[-105.26348875418994,35.56419979488696],[-105.26258575370649,35.564117794741108],[-105.26192875381695,35.563870795041126],[-105.26139475337025,35.564076794709905],[-105.26077975365965,35.564199795039578],[-105.26004075360559,35.564404795572919],[-105.25954775326706,35.564691795389813],[-105.25934275282981,35.565512795615938],[-105.26012275305442,35.566128795294816],[-105.26139475361617,35.56699079553605],[-105.26229775415163,35.567688795404713],[-105.26258575407016,35.568426795360075],[-105.26242075458376,35.569206795485599],[-105.26233875442965,35.569781796013984],[-105.26209275385641,35.570191796111992],[-105.26287275405335,35.570479795903374],[-105.26303675453484,35.571382796305357],[-105.2630367546457,35.572695795901438],[-105.2631597550606,35.574009796436108],[-105.26373475466423,35.573270796385877],[-105.26455575490699,35.572901796353825],[-105.26541775529952,35.573106795897587],[-105.26603275505519,35.573516795947064],[-105.26603275509682,35.57400979627414],[-105.26574575539786,35.575322796785656],[-105.26521275502868,35.575897796440195],[-105.26537675556224,35.57741679656494],[-105.26500675561786,35.578770797179494],[-105.26525375548374,35.580084797707123],[-105.2659097563442,35.581726797199813],[-105.26650075598774,35.583328797543381],[-105.26632075666589,35.583638797507469],[-105.26652775675113,35.588196798843235],[-105.26664175684938,35.590695798447918],[-105.26749575706648,35.593209798704841],[-105.26732775773394,35.597449799737525],[-105.26745975788468,35.601337800654697],[-105.26803375870665,35.604915800693583],[-105.26799575875583,35.605050800646666],[-105.26738975873698,35.607228801627656],[-105.26712075894396,35.608197801510308],[-105.26703375853589,35.608507801469102],[-105.2670847582102,35.608612801827753],[-105.2677447591728,35.609268801565243],[-105.26776975853315,35.609274801841458],[-105.26818275898111,35.611577802253038],[-105.2686477590813,35.613178802557258],[-105.26882575952006,35.616530802953726],[-105.26881476000916,35.617704802414181],[-105.26929775997596,35.618500803243201],[-105.26930076011702,35.618524802554795],[-105.26930675949812,35.618552802950646],[-105.26931375982485,35.61858080334639],[-105.26932975967073,35.618624802683314],[-105.26934775960953,35.618671803058284],[-105.26937375991869,35.618714803247663],[-105.26939475999497,35.618743802789595],[-105.26941476002503,35.618773803277172],[-105.26943075986978,35.618804802911932],[-105.26944375957517,35.618831803261095],[-105.26946475965269,35.618875802597749],[-105.26948875986947,35.618921802926046],[-105.26950775985482,35.618971802540443],[-105.26951876036814,35.619013802684428],[-105.26952375970286,35.619041803080279],[-105.26952775989075,35.619070802623177],[-105.26953076003221,35.619099803065453],[-105.26953476021994,35.619127802562076],[-105.26953976045417,35.619157803050499],[-105.26954075960613,35.619215803036006],[-105.26954475979512,35.619258803226707],[-105.26955476026249,35.619305802702726],[-105.26955876045021,35.619333803098698],[-105.26956175969229,35.6193618025954],[-105.26956475983371,35.619389802991385],[-105.26956775997535,35.619420802626884],[-105.26957276021007,35.619455803346661],[-105.26958075968432,35.619489803120629],[-105.26959176019713,35.619525802987006],[-105.26960475990313,35.619559802760762],[-105.26961776050825,35.619591803341287],[-105.2696297601676,35.619622802976231],[-105.26964576001237,35.619653802611005],[-105.2696647599964,35.619687803283739],[-105.26968375998008,35.619717802872032],[-105.26970376001012,35.619747803359601],[-105.26972576013283,35.619777802947802],[-105.26974976034799,35.61980480329634],[-105.26977675980298,35.619833802837924],[-105.26980076001826,35.619862803279013],[-105.2698187599553,35.619888802682297],[-105.2698467603575,35.619935803056691],[-105.26986576034241,35.619980803339047],[-105.2698847603279,35.620031802999605],[-105.26989876007966,35.620058803348762],[-105.26991475992408,35.620085802798428],[-105.26994076023385,35.620135803311726],[-105.26995375993924,35.620162802761556],[-105.26997175987638,35.620190803156731],[-105.26998776062028,35.620219802698948],[-105.27000176037222,35.620248803140612],[-105.2700117599386,35.620275803489939],[-105.2700377602481,35.620322802965113],[-105.27006875988961,35.620365803154215],[-105.27008476063327,35.620391803456933],[-105.27009776033867,35.620418802906784],[-105.27011276013759,35.620455802819237],[-105.27013276016898,35.620501803147775],[-105.27015376024663,35.620546803429981],[-105.27016176062014,35.620579803157739],[-105.27017376027997,35.620615803024016],[-105.27018976012505,35.620650802843855],[-105.2702067600169,35.620690802895005],[-105.27021676048369,35.620730802946483],[-105.27023276032955,35.620774803182734],[-105.27024676008318,35.62082380275109],[-105.27025976068975,35.620872803218845],[-105.27028076076746,35.620918803547298],[-105.27029876070611,35.620963802930383],[-105.27031576059845,35.621009803259156],[-105.27031776069302,35.621031803377534],[-105.27032075993485,35.621056803634765],[-105.27032876030978,35.621106803249766],[-105.27033976082303,35.621147803347434],[-105.27034376011194,35.621181803121708],[-105.27035376057982,35.621234802875357],[-105.27035476063041,35.621284803390047],[-105.27035975996647,35.621327803580627],[-105.27037276057251,35.621370802871475],[-105.27039576074172,35.621402803451417],[-105.27042376024404,35.6214428035019],[-105.27044176018254,35.621486803738044],[-105.27045976012151,35.621535803306159],[-105.27047676001371,35.621579803542318],[-105.2704717606846,35.621618803548458],[-105.27047976015899,35.621653803368666],[-105.27050976065318,35.621692803372774],[-105.27054876066468,35.621726803145066],[-105.27058676063038,35.621766803194959],[-105.27062076041031,35.621801803013767],[-105.27065176095029,35.62183480363958],[-105.2706787604056,35.621866803319925],[-105.27070176057447,35.621894803714824],[-105.27072176060422,35.621921803164263],[-105.27073976054136,35.621948803513192],[-105.2707577604784,35.62197580296273],[-105.27077376032283,35.622002803311787],[-105.27080076067892,35.622052802925658],[-105.27081576047802,35.622091802930612],[-105.27082976023092,35.622132803028165],[-105.27084476092945,35.622172803079359],[-105.27085876068243,35.622214803223166],[-105.27086776020417,35.622261803598633],[-105.27087376048628,35.62230980312119],[-105.27087576058281,35.622354803404491],[-105.27088276091132,35.622403802973238],[-105.2708907603872,35.622456803626299],[-105.27089676066763,35.622484803122838],[-105.27090076085543,35.622513803565049],[-105.27090476104364,35.622546803293005],[-105.27090876033245,35.622579803021033],[-105.27091376056724,35.622615803787042],[-105.27091676070927,35.622651803653866],[-105.27092076089764,35.62268680347438],[-105.27092376103963,35.622721803294951],[-105.27092876037486,35.622755803069118],[-105.2709367607484,35.622788803696146],[-105.27094176098271,35.622819803331545],[-105.27094476022486,35.622848803773827],[-105.27094976046118,35.622902803574064],[-105.27096276106715,35.622944803717914],[-105.2712647606848,35.623086803076319],[-105.27128976094579,35.623107803147157],[-105.27132276067739,35.623119803700526],[-105.2713527611695,35.623133803447232],[-105.27139576046594,35.623154803517131],[-105.27143676056913,35.623176803633399],[-105.27146876115424,35.623194803565063],[-105.27150076083984,35.623210803404199],[-105.27153376057255,35.623235803659725],[-105.27156076092626,35.623257803776802],[-105.27158976047352,35.623281803086918],[-105.27160876045687,35.623307803389473],[-105.27163676085773,35.623338803922884],[-105.27167076063751,35.623372803695453],[-105.27169876103709,35.623388803534787],[-105.27171776102071,35.623417803076826],[-105.27173776105029,35.623442803333091],[-105.27175976117267,35.623468803635468],[-105.27179476099698,35.623480803289404],[-105.27183676114565,35.623492803842254],[-105.27186776078445,35.623503803450099],[-105.27189276104619,35.623533803937384],[-105.27190776084461,35.623564803572222],[-105.27193176106,35.623594803160252],[-105.27194176062662,35.623624803648426],[-105.27193576125084,35.623659803469501],[-105.27192776088322,35.623695803336936],[-105.27190876090444,35.623723803734165],[-105.27189076097204,35.623751803232047],[-105.27186176052994,35.623780803676141],[-105.27184476064407,35.623811803312783],[-105.27182476061888,35.623838803663794],[-105.27180476059344,35.623862803876001],[-105.27178376052181,35.623888803281581],[-105.27174976074703,35.62391380354083],[-105.27172276129639,35.623936803707181],[-105.27171976115982,35.623965803250471],[-105.27172476139485,35.624004803256049],[-105.27172476139775,35.624038803929793],[-105.27171076075196,35.624073803751315],[-105.2716957609593,35.62411080366541],[-105.2716897606844,35.624147803579049],[-105.27169476091916,35.624183803445746],[-105.27171076076392,35.624214803979839],[-105.27173576102518,35.62423980333643],[-105.27176276137871,35.624258803314675],[-105.27179276097162,35.624274804053286],[-105.27182676074992,35.624290803892322],[-105.27186476071354,35.624306803731123],[-105.27190476077007,35.62432480366239],[-105.271945760873,35.624343803639846],[-105.27198876106866,35.624363803663442],[-105.27203376135712,35.624384803733179],[-105.27207776069962,35.624402803664182],[-105.27212276098774,35.624419803548882],[-105.27216876132216,35.62443580338725],[-105.27221176151714,35.624447803940043],[-105.27225276072009,35.62445880354732],[-105.27229276077605,35.624470803200971],[-105.27233076073921,35.624480803661498],[-105.27236776155564,35.624494803407813],[-105.27240276138036,35.624511803293103],[-105.27243876125165,35.624531803317097],[-105.27247076093786,35.624554803480109],[-105.27250176147723,35.624579803735763],[-105.27252776088564,35.624605804037913],[-105.27254876096178,35.624632803487287],[-105.27256676089885,35.624659803836202],[-105.27258176159643,35.62468880337849],[-105.27259676139462,35.624717803820083],[-105.27261176119308,35.624748803454864],[-105.27262676099149,35.624779803989007],[-105.27264576097535,35.624811803669878],[-105.27266276086652,35.624843803350842],[-105.2726797616571,35.624876803977386],[-105.27269676154857,35.624911803797175],[-105.27271376144009,35.624947803663169],[-105.2727307613314,35.624981803436704],[-105.27274776122266,35.625014804063248],[-105.27276576116002,35.625044803651605],[-105.27278376109709,35.62507180400047],[-105.2728027610802,35.625094803264972],[-105.27282576124863,35.625117803428509],[-105.27285776093493,35.625141803637767],[-105.27289176161308,35.625163803754425],[-105.27294276128197,35.625204803849897],[-105.27297376092373,35.625250803278476],[-105.27298576148227,35.625279803720247],[-105.27299376095668,35.625314803540533],[-105.27299876119176,35.625354803592302],[-105.27299676110268,35.625396803737011],[-105.27299576106002,35.625440803974229],[-105.27299776115578,35.62547680384111],[-105.27300676157522,35.625504803337463],[-105.27302076132796,35.625543803342467],[-105.27302976174835,35.625582803347768],[-105.27304076136204,35.625621803352928],[-105.2730527610217,35.625655804026067],[-105.27307076096012,35.625698804215908],[-105.27310076145395,35.62573280398864],[-105.27312576171622,35.625768803854264],[-105.27316376168193,35.625809803950418],[-105.27319976155407,35.625839803537815],[-105.27323276128726,35.625869804024632],[-105.27325276131761,35.625903803797911],[-105.27325676150585,35.625937803572192],[-105.27325276132311,35.625968804107423],[-105.2732447618544,35.6260008037898],[-105.27323676148633,35.626031803425882],[-105.27323076121091,35.626062803961219],[-105.27322876112117,35.626097803782066],[-105.27323176126319,35.62613280360258],[-105.27324076168331,35.62616880346912],[-105.27325676152807,35.626199804003171],[-105.27327676155808,35.62622980359145],[-105.27329976172727,35.626260804125096],[-105.27332476108964,35.626290803713047],[-105.27335176144435,35.626323803439774],[-105.2733737615676,35.626360804251092],[-105.27339576169084,35.62639680411683],[-105.2734197619066,35.62643080388996],[-105.27344376122272,35.626461803524293],[-105.27347176162348,35.626491804011394],[-105.27349676188541,35.626523803691917],[-105.27352076120145,35.626553804179238],[-105.27354176127777,35.62658280372117],[-105.27355576193024,35.626626803957556],[-105.27355076170275,35.626676803573218],[-105.2735497616589,35.626705804015721],[-105.27355076170809,35.626739803790166],[-105.27355576194299,35.626776803703123],[-105.273562761371,35.626811803523452],[-105.27356976169843,35.626847804289369],[-105.27357576197952,35.626883804156009],[-105.27357676202872,35.626917803930453],[-105.27357176179969,35.6269488035664],[-105.2735537618691,35.626998804082142],[-105.2735377620308,35.627043804366458],[-105.27352776156968,35.627070803817581],[-105.27352176129443,35.627103803546163],[-105.27351476187278,35.627143803598628],[-105.27351476187692,35.627192804067086],[-105.27352676153805,35.627243803728092],[-105.27353476191102,35.627270804077547],[-105.2735447614796,35.627323803831224],[-105.27354276138934,35.627351804227558],[-105.27352776159751,35.62739880370497],[-105.27351676199008,35.627433804425664],[-105.27351476190009,35.627465804107693],[-105.27352176132931,35.627514803676448],[-105.27353076174892,35.627544804164636],[-105.27353976126913,35.627573803707257],[-105.27356076134744,35.627626804359636],[-105.27358076137877,35.627671803742587],[-105.27359676212473,35.627724804395207],[-105.27359976136894,35.627777804149304],[-105.27359876132687,35.62782880381102],[-105.27361076188687,35.627874804140049],[-105.27362176149964,35.627902804535566],[-105.27363576215092,35.627931804077896],[-105.27365476213443,35.627959804473022],[-105.27367676135719,35.627982803737289],[-105.27372676187839,35.628015804361944],[-105.27377676149945,35.62803980367093],[-105.27381676155666,35.628065803972312],[-105.27384676204976,35.628091804274248],[-105.27387476155077,35.628116804530052],[-105.27391276151613,35.628152804394901],[-105.27393576168433,35.628172804419613],[-105.27398676225201,35.628207804237483],[-105.27403476178003,35.62822780426076],[-105.27408076211503,35.628250804422997],[-105.27411176175521,35.628277803871867],[-105.27413176178513,35.62830580426688],[-105.27414176225123,35.628337803948249],[-105.27415176181945,35.628386804416188],[-105.27415676205375,35.628417804051551],[-105.27416576157431,35.628450803779216],[-105.27417276190165,35.628485804498887],[-105.27418176232169,35.628520804319109],[-105.27419576207409,35.62855580413904],[-105.27421876224362,35.628590803958481],[-105.27422576167173,35.628626803825092],[-105.27423676218373,35.628653804174341],[-105.27424776179683,35.628684803809406],[-105.2742687618735,35.628718804482013],[-105.27428176157957,35.628753804301972],[-105.27429676227817,35.628794804399469],[-105.27431176207773,35.628839803782711],[-105.27431476222075,35.628886804158505],[-105.27433176211308,35.628931804440953],[-105.27433976158835,35.628977803870839],[-105.27435176214837,35.629023804199818],[-105.27435676238333,35.629062804205333],[-105.27437476232215,35.629109804580274],[-105.27438976212262,35.629164804426196],[-105.27440576196865,35.629210803855621],[-105.27441476238974,35.629258804277342],[-105.27442876214347,35.629308803891931],[-105.27443876171162,35.629356804313588],[-105.27444276190121,35.629406803928809],[-105.27445476246147,35.629455804396592],[-105.27446576207578,35.629501804725628],[-105.27447676169089,35.62955680457177],[-105.27449176239045,35.629609804325185],[-105.27450176195886,35.629660803986305],[-105.27451776180567,35.629715804731504],[-105.27453476169816,35.629762804207125],[-105.27455276163741,35.629815803960383],[-105.27456476219818,35.62987080470576],[-105.27457976199817,35.629920804320321],[-105.27458976246605,35.629972804027695],[-105.27460576231275,35.630026804726626],[-105.27462776243721,35.630077804387078],[-105.27464176219101,35.630128804047985],[-105.27466176222298,35.630181804700371],[-105.274683762348,35.630238804638459],[-105.2746987621485,35.6302948045306],[-105.27471976222701,35.630349804376188],[-105.2747357620737,35.630403804175785],[-105.27475176192017,35.630454804735912],[-105.27477476209134,35.630509804581372],[-105.27480476258697,35.63056580447266],[-105.27483176204447,35.630623804456718],[-105.27485876240132,35.630682804487051],[-105.2748827626189,35.630738804378709],[-105.27490476184434,35.630792804177965],[-105.27492476187656,35.630848804069863],[-105.27494676200158,35.630905804907258],[-105.27495776251577,35.630957804614589],[-105.27497176226866,35.630998804712142],[-105.27498376192909,35.631041804902303],[-105.27499976267478,35.631091804516799],[-105.27501276238247,35.631145804316574],[-105.27503176236804,35.631197804922778],[-105.27504676216761,35.631242804306005],[-105.27505576258909,35.631294804912784],[-105.27507476257439,35.631343804480913],[-105.27507976190994,35.631380804393849],[-105.27508976237708,35.631424804630463],[-105.27510276208409,35.63147080495937],[-105.27510376213422,35.631515804343394],[-105.27511576269448,35.631564804811198],[-105.27512976244797,35.631612804333294],[-105.27514776238637,35.631654804476881],[-105.27516976251006,35.63169680462024],[-105.27519476277283,35.631738804763422],[-105.27521876209011,35.631782804999219],[-105.27524376235291,35.631825804289342],[-105.2752677625696,35.631870804571378],[-105.27529076273966,35.63191280471468],[-105.27530376244668,35.63195880504361],[-105.27533176284889,35.63200580451867],[-105.27535776225848,35.632045804569238],[-105.27538876280001,35.632096804229199],[-105.27540676273789,35.632132804994477],[-105.27542376263017,35.632177804377605],[-105.27543676233751,35.632227804891642],[-105.27546776287883,35.632275804412771],[-105.27547376226113,35.632317804557047],[-105.275475762357,35.632355804516429],[-105.27547776245284,35.632392804429593],[-105.27547676240958,35.632428804296651],[-105.27547576236677,35.632470804441304],[-105.27546976209227,35.632512804586234],[-105.27546376271683,35.632550804546121],[-105.27545876248901,35.632596804876066],[-105.27545976253882,35.632637804974358],[-105.27545176217099,35.632671804749243],[-105.27545276222089,35.632713804893832],[-105.27546376273422,35.632755805037817],[-105.27547176220918,35.632797804282653],[-105.27548176267562,35.632833805048392],[-105.27549376233647,35.632881804570623],[-105.27550776298897,35.632925804806902],[-105.27551276232477,35.632965804858749],[-105.27552976221686,35.633008805048625],[-105.27554776215592,35.633058804663058],[-105.27555576253053,35.633104804992264],[-105.27557176237774,35.633164805069406],[-105.27558776222455,35.633219804915271],[-105.27559476255399,35.633279804992988],[-105.27560676221538,35.633333804792834],[-105.27561276249909,35.633400805194462],[-105.27562476306029,35.633460805271845],[-105.2756347626287,35.633511804932994],[-105.27563476263286,35.633560804502146],[-105.27564476220135,35.633612805108854],[-105.2756517625304,35.633667804955216],[-105.27566176299845,35.633722804801401],[-105.27567376265965,35.633774804508739],[-105.27568676236699,35.633824805022712],[-105.27570176306615,35.633872804544758],[-105.27571676286586,35.633918804873581],[-105.27573076261885,35.633960805017381],[-105.27573976303931,35.634000805068965],[-105.27574576242127,35.634038805028133],[-105.27574776251686,35.6340728048025],[-105.27575676293834,35.634124804509931],[-105.27577076269083,35.634160805275442],[-105.27578976267435,35.634188804771235],[-105.27582876268188,35.634175805066889],[-105.27587476301198,35.634141805289801],[-105.2759117629255,35.634112804845259],[-105.27595576316469,35.634099805140615],[-105.27599676236677,35.634100805184595],[-105.27603076304408,35.634112804838523],[-105.27605976259129,35.634136805048023],[-105.27606976305712,35.634164804544319],[-105.27607976262418,35.634199805263762],[-105.27608776299884,35.634246804739945],[-105.27609176318667,35.634275805182156],[-105.27609676252187,35.634308804910056],[-105.27610076271019,35.634343804730563],[-105.27610476289851,35.634378804551076],[-105.27610876308688,35.634413805270917],[-105.2761117632287,35.634446804998923],[-105.27611776261027,35.634480804773062],[-105.27612176279838,35.634512805354042],[-105.27612776307916,35.634544805035631],[-105.27613476250718,35.634579804855974],[-105.27614276288085,35.634614804676254],[-105.27615176240167,35.634650804542723],[-105.27615976277539,35.634686805308583],[-105.27616876319544,35.634721805128805],[-105.27617776271627,35.634757804995303],[-105.27618776318272,35.634793804861772],[-105.2761957626572,35.634829804728305],[-105.27620476307735,35.634866804641021],[-105.27621276255194,35.634903805453185],[-105.27622076292585,35.634941805412261],[-105.27622776325343,35.634978805325133],[-105.27623476268153,35.635014805191702],[-105.27624076296297,35.63505480524347],[-105.27624576319805,35.635094805295239],[-105.27624976248731,35.635132805254536],[-105.27625276262962,35.635171805260178],[-105.27625476272573,35.635211805312089],[-105.27625676282183,35.635251805364092],[-105.27625876291805,35.635293805508574],[-105.27626176306053,35.635334804707384],[-105.27626476320305,35.635375804805548],[-105.2762697625391,35.635418804996135],[-105.27627676286704,35.635460805140326],[-105.27628676333393,35.635501805238107],[-105.27629776294754,35.635539805197041],[-105.27630976260738,35.635575805063333],[-105.27631876302726,35.635608804790998],[-105.27632476330768,35.635636805186856],[-105.27633076269075,35.635687804848232],[-105.27632876260263,35.635741805548179],[-105.27632576336539,35.635770805091468],[-105.27632276322899,35.635801804727258],[-105.27631676295375,35.635834805355088],[-105.27630976263227,35.635868805129974],[-105.27629876302483,35.635903804951333],[-105.27628576332462,35.635937804726503],[-105.27626976258605,35.635971805401219],[-105.27625376274673,35.636004805130298],[-105.27623676286103,35.636037804859427],[-105.27621976297537,35.636070805487961],[-105.27620076299695,35.636102805170957],[-105.27617976292578,35.63613380480777],[-105.27615876285448,35.636163805297649],[-105.27613576269027,35.636190805648894],[-105.27611376257222,35.636215805008206],[-105.27609376254669,35.636238805174166],[-105.27607076328266,35.636275805088715],[-105.27606276291598,35.63632380551136],[-105.27606476301132,35.636354805146951],[-105.27606976324584,35.636387804874829],[-105.27607776272001,35.636420805501878],[-105.2760867631399,35.63645380522955],[-105.27609876279948,35.636486804957116],[-105.2761117634047,35.63651980558388],[-105.27612676320324,35.636552805311212],[-105.2761417630016,35.636582804899724],[-105.27616876335786,35.636634805505537],[-105.27619176262895,35.636680804934564],[-105.27620776337439,35.636727805309555],[-105.27621176266472,35.63677780492479],[-105.27620576328853,35.636807805413817],[-105.2761957628276,35.636836804957518],[-105.27618076303435,35.636866805447099],[-105.27616376314828,35.63689480494488],[-105.27614976340125,35.636923805388086],[-105.2761367628011,35.636950805738785],[-105.27612576319497,35.637000805354816],[-105.2761237631066,35.637051805016604],[-105.27612776329428,35.637078805366286],[-105.27613676281446,35.637107804908887],[-105.27614776332661,35.637135805304467],[-105.27616076303208,35.637163805699927],[-105.2761737627374,35.637189805103496],[-105.27619776295411,35.6372358054318],[-105.27623276277765,35.637238805568629],[-105.27625476290046,35.637269805202997],[-105.27628176325545,35.637306805114761],[-105.27630476342596,35.637353805489433],[-105.27631676308663,35.637399805818418],[-105.27632576350796,35.637449805433299],[-105.27633276293554,35.637479805022323],[-105.27634076330894,35.637510805556815],[-105.27634876278285,35.637540805145804],[-105.27636576357528,35.637595804991584],[-105.27636776276901,35.637599805176535],[-105.27638676275389,35.637643805412573],[-105.27640076340502,35.637671805807976],[-105.27641576320346,35.637702805442792],[-105.27643076300205,35.637735805170109],[-105.27644376360703,35.63776580565807],[-105.2764547632199,35.637794805200571],[-105.27646376274004,35.637822805596258],[-105.27646976302046,35.637850805092796],[-105.27647176311565,35.637880805581361],[-105.27646776293292,35.637911805217279],[-105.27645776337123,35.637939805613954],[-105.27644576281735,35.637965805018972],[-105.27642076346172,35.638015805535161],[-105.27640876290999,35.638066805197539],[-105.27640176348953,35.638120805897707],[-105.27638376355878,35.638168805421614],[-105.27635476311779,35.638210805567859],[-105.27632076334415,35.638249805575562],[-105.27627976324544,35.638279805167329],[-105.27627576306027,35.638282805306353],[-105.27623276286869,35.638310805704926],[-105.27618276325204,35.638338805204619],[-105.27613776296792,35.638368805695869],[-105.27608776335111,35.638395805149315],[-105.27604376311405,35.638433805111291],[-105.27602376309025,35.638477805349588],[-105.27601776281602,35.638522805633322],[-105.27600676320885,35.638560805593478],[-105.27597676272087,35.638594805369628],[-105.27592476301118,35.638618805583704],[-105.2758667630231,35.638638805612992],[-105.27581376326687,35.638660805734581],[-105.27576876298188,35.638680805763137],[-105.27571876336498,35.63870580602336],[-105.27566876284938,35.638738805754372],[-105.27564476263835,35.63875980582803],[-105.27562376346577,35.638782805994069],[-105.27560276339402,35.63880680530702],[-105.27558176332228,35.638831805565594],[-105.27556076325087,35.638859805962966],[-105.27554376336491,35.638889805553312],[-105.27552876267229,35.638918805996596],[-105.27549976313131,35.638968805613636],[-105.27547576292193,35.639009805713336],[-105.27545576289708,35.639040805350149],[-105.27543376278021,35.639079805357184],[-105.27542176312782,35.639130805918882],[-105.27542376322411,35.639173806109625],[-105.27543776297657,35.639208805929563],[-105.27546676342426,35.639245805841163],[-105.27551576299969,35.639277805520322],[-105.27554776268538,35.639294805405775],[-105.27558076331671,35.639311805291136],[-105.27561276300241,35.639328806075859],[-105.27566276352348,35.639360805754961],[-105.27570776291321,35.639388806148595],[-105.2757437627846,35.639409805319509],[-105.27577676341625,35.639429805343646],[-105.27581876356686,35.639464806061333],[-105.27585376339218,35.639488805371187],[-105.27591076333924,35.639531805558782],[-105.27593376350768,35.639554805722327],[-105.27595376353803,35.639587805449381],[-105.2759707634297,35.639625805407945],[-105.27598576322822,35.63965780598835],[-105.27601176353689,35.639694805900177],[-105.2760407630861,35.639741805375124],[-105.27607276367299,35.639780805379083],[-105.27609676299024,35.639824805614893],[-105.27611576297537,35.639871805989728],[-105.27613276286799,35.639920805557963],[-105.27614676352054,35.639965805840575],[-105.27615176285694,35.640012806216205],[-105.27614576348186,35.640055805508126],[-105.27613776311441,35.640093805468084],[-105.27610876357231,35.640130805383023],[-105.27609176368703,35.640168806242848],[-105.27608076318157,35.640218805858837],[-105.27605976311179,35.640266806282241],[-105.27603976308738,35.64030280615038],[-105.27604076313705,35.640341806156094],[-105.27600876345672,35.640387805588304],[-105.27596976345259,35.640440806244015],[-105.27595576370703,35.640486805675174],[-105.27594676329343,35.640527805774035],[-105.27594276311164,35.640569805918851],[-105.27594276311538,35.640613806155997],[-105.27594676330465,35.640659805586111],[-105.27594776335484,35.640704805869476],[-105.27593376360919,35.640749806153664],[-105.27590576321542,35.640801805863205],[-105.27589376356093,35.640828806213754],[-105.27587676367511,35.640859805850397],[-105.27586676321495,35.640897805810511],[-105.27583276344089,35.640931805586852],[-105.27583376349139,35.640980806055282],[-105.27584276301261,35.64102180615312],[-105.27584176297027,35.641068805629814],[-105.27584176297411,35.641113805913228],[-105.27583376350574,35.641149805780671],[-105.27583576360192,35.641190805878885],[-105.2758467632157,35.641230805930313],[-105.27588076299631,35.641273806119244],[-105.27589776378808,35.641320805594901],[-105.27591776292005,35.641365805877179],[-105.27593476371145,35.641407806020851],[-105.27595076355807,35.641460805774123],[-105.27593576376685,35.64151480647481],[-105.27592476326096,35.641559805859494],[-105.27591876298639,35.641600805958191],[-105.27591776294315,35.64163780587149],[-105.27592176313171,35.641674805784547],[-105.27593176359851,35.641714805836038],[-105.2759437632587,35.641754805887388],[-105.27595776301142,35.641793805892455],[-105.27596776347829,35.641834805990179],[-105.27597476380615,35.64187580608813],[-105.27598076318837,35.641916806186153],[-105.27598676346972,35.641955806191589],[-105.27599376379723,35.641992806104433],[-105.27599876313279,35.642029806017433],[-105.27599976318243,35.642068806023197],[-105.27600076323215,35.642108806075164],[-105.27600376337432,35.642145805988285],[-105.27600576346981,35.642178805716355],[-105.27600876361198,35.642215806528739],[-105.27600676352225,35.642250806349587],[-105.27600276333997,35.642286806216795],[-105.27599176373256,35.642322806084479],[-105.27598276331827,35.642354805766921],[-105.27596676347854,35.642382806163951],[-105.27595676301766,35.642412805753935],[-105.27597176371519,35.642441806195535],[-105.27597076367142,35.642471805784957],[-105.27594176322883,35.642494805951443],[-105.27594976360267,35.642531805864216],[-105.27593376376335,35.642564806492665],[-105.27592976358164,35.642607805784422],[-105.27588276320658,35.642657806301855],[-105.27587976307163,35.642705805824868],[-105.27587676383548,35.64274780596962],[-105.27588676340416,35.642801806668906],[-105.2758917636405,35.642856806515354],[-105.27591176367117,35.642893806427516],[-105.27591976314663,35.642941805949974],[-105.27592176324274,35.642981806001877],[-105.27592076319949,35.64301880591519],[-105.27591576387012,35.643053806635514],[-105.27590976359497,35.643087806410364],[-105.27590476336603,35.643120806138796],[-105.27590476336917,35.643157806052102],[-105.27590976360413,35.643195806011306],[-105.27591676393207,35.643237806155504],[-105.2759257634534,35.643279806299603],[-105.2759337638275,35.643319806351258],[-105.27594076325592,35.643358806356645],[-105.27594476344449,35.643396806315963],[-105.27594976367938,35.643434806275224],[-105.27595476391458,35.643475806373218],[-105.2759617633433,35.643518806563755],[-105.27596876367107,35.643558806615374],[-105.27598176337757,35.643598806666702],[-105.27599576313001,35.64363380648664],[-105.27600676364237,35.643664806121677],[-105.27601476401601,35.643698806794987],[-105.27601976335185,35.643739805993725],[-105.2760327639581,35.6437848062764],[-105.27604076343326,35.643828806513106],[-105.27604576366868,35.643872806749926],[-105.27605076390346,35.643908806616686],[-105.27606776379523,35.643947806621512],[-105.27607476322335,35.643983806488102],[-105.27607876341183,35.644020806401116],[-105.2760897639249,35.644059806406268],[-105.27609876344572,35.644095806272794],[-105.27610976395952,35.644143806694352],[-105.27612976399116,35.64419280626241],[-105.27615076406893,35.644238806590877],[-105.27618676394235,35.644283806872259],[-105.2761937633707,35.644322806877618],[-105.27617276330167,35.644378806771826],[-105.27615876355431,35.64440380613069],[-105.27614476380735,35.644432806573931],[-105.27613376330005,35.644461806117683],[-105.27612776392375,35.644489806514194],[-105.27612576383368,35.644520806149934],[-105.27612576383656,35.644554806823727],[-105.27612376374684,35.644589806644596],[-105.27611976356438,35.64462380641924],[-105.27611276324308,35.644659806286626],[-105.27610276368239,35.64469980633929],[-105.27609076402884,35.644737806299503],[-105.27607476329071,35.644776806306204],[-105.27605776340549,35.644814806266652],[-105.2760397634738,35.644851806180974],[-105.27602276358859,35.644889806141464],[-105.27600576370344,35.644928806148236],[-105.27599176395719,35.64496680610857],[-105.27598076345036,35.645000806782946],[-105.27597376402778,35.645029806326455],[-105.27596876379893,35.645063807000547],[-105.27596376357032,35.645099806867805],[-105.27595976338789,35.64513480668878],[-105.27595676325197,35.645170806555917],[-105.27595676325495,35.645205806376659],[-105.27595476406498,35.645245806428804],[-105.27594776374424,35.645288806620108],[-105.27594076342311,35.645326806580002],[-105.27592876376983,35.645367806679019],[-105.27591876330966,35.645405806639133],[-105.27591076384229,35.645453807061791],[-105.27589976333599,35.645493806215143],[-105.27588876372883,35.645532806221553],[-105.275887763686,35.645573806319966],[-105.27587676407873,35.645610806233819],[-105.2758727638975,35.645659806702561],[-105.27587576404085,35.64571080636405],[-105.27586876371886,35.645738806760633],[-105.27587576404603,35.645771806488398],[-105.27589076384464,35.645804807115105],[-105.27589976336554,35.645841807027843],[-105.2759037635542,35.6458808070334],[-105.2759207634458,35.645917806945732],[-105.27594776380127,35.645959807088815],[-105.27596176355442,35.646003806425782],[-105.27598176358582,35.646049806754348],[-105.27598676382145,35.646095807083746],[-105.27599776343575,35.646141806513462],[-105.27605376423655,35.646192807071301],[-105.27605576343335,35.646233807169544],[-105.2760447638267,35.646277806507946],[-105.27602876398831,35.646321806745988],[-105.2760087639644,35.646363806891728],[-105.27598976398647,35.646401806852346],[-105.27597276410108,35.646437806720293],[-105.27595776340885,35.646471806495562],[-105.27594776384758,35.646504807123691],[-105.27593876343347,35.64653980694488],[-105.27594076352941,35.646577806904318],[-105.27594476371817,35.646617806956179],[-105.27594776386042,35.64665580691549],[-105.27594976395629,35.646693806874929],[-105.27595176405212,35.646730806788085],[-105.2759537641479,35.646766806654981],[-105.27595276410464,35.646803806568258],[-105.27594776387613,35.646840806481862],[-105.27593776341597,35.646878806441947],[-105.27592176357699,35.646915807255397],[-105.27589376408071,35.646946806892686],[-105.2758587642593,35.646968807013238],[-105.27581676411259,35.646979806625218],[-105.27577576401153,35.646982806766346],[-105.27573376386378,35.646981806722472],[-105.2756917637157,35.646976806493484],[-105.27564576338237,35.646972807210346],[-105.27559676380932,35.646968807028081],[-105.27554676418997,35.646965806892098],[-105.27549576362523,35.646964806848679],[-105.27544176382114,35.646968807036849],[-105.2753897641101,35.646976806510565],[-105.27534176368549,35.646989807114764],[-105.27529676340035,35.647007807050834],[-105.27525876343975,35.64702780707902],[-105.27522976389631,35.647048807152942],[-105.27520776377791,35.647069807226515],[-105.27518576365969,35.647092806493255],[-105.27516476358801,35.647117806751837],[-105.27514476356309,35.647147807241645],[-105.27512976376983,35.64717780683187],[-105.2751157640233,35.64721180660716],[-105.2751047635165,35.647246807327825],[-105.2750987632415,35.647282807195161],[-105.27509776409782,35.647321807200996],[-105.27510076334084,35.647360807206617],[-105.27510476352926,35.64739680707337],[-105.27510876371763,35.647431806893891],[-105.27511076381333,35.647467806760758],[-105.2751107638164,35.647503806627761],[-105.27510976377303,35.647538807347857],[-105.27510676363733,35.647577807353812],[-105.27510276345556,35.647619806599309],[-105.27510176341301,35.647664806882794],[-105.27510376350945,35.647708807119834],[-105.27510876374464,35.647749807217899],[-105.27511576407217,35.647786807130757],[-105.2751237635466,35.647822806997262],[-105.27513476405952,35.647859806909935],[-105.27514676371939,35.647896806822502],[-105.27516076347185,35.64793180664244],[-105.27517476412346,35.647965807315437],[-105.2751887638757,35.647998807042832],[-105.27520376367431,35.648031806770163],[-105.27522076356574,35.648066807489258],[-105.27523476421743,35.648100807262949],[-105.27524476378414,35.648131806898007],[-105.27525276415732,35.648160807339991],[-105.27525876353842,35.648188806836515],[-105.27526476381901,35.648218807324874],[-105.27527076409952,35.648247806867651],[-105.27528276375904,35.648279807448219],[-105.27529076413252,35.648312807175962],[-105.27529976365327,35.648347806996171],[-105.2753107641657,35.648379806677475],[-105.27532976414939,35.648409807165073],[-105.2753597637435,35.648439806752826],[-105.27539176342979,35.648463806962077],[-105.2754247640611,35.648479806801163],[-105.27545576370042,35.648496806686623],[-105.27548476414668,35.648516806711072],[-105.27550876346208,35.648538806828242],[-105.27554176409556,35.648580806970969],[-105.27556376421771,35.648603807134606],[-105.27558976362602,35.648628807390473],[-105.27561876407295,35.648656806885683],[-105.27564276428789,35.648681807141713],[-105.2756627643174,35.648705807351661],[-105.27571776417072,35.648735806937971],[-105.27574076433939,35.648760807194016],[-105.27576976388607,35.648777807079625],[-105.27583276411075,35.648815807035533],[-105.27587376421447,35.648843807429401],[-105.27591076413293,35.648873807016685],[-105.27593776358891,35.64891380706726],[-105.27596876412993,35.648958807348926],[-105.27600176386407,35.649000807491639],[-105.2760337644513,35.649043806781357],[-105.27606976432342,35.649072807221756],[-105.27610976438176,35.649112807271543],[-105.27615576381869,35.649150807228459],[-105.27623576393069,35.649174807435074],[-105.27626476437786,35.649205807069052],[-105.27627976417638,35.649237806750115],[-105.27628676450364,35.649271807423531],[-105.2762877645532,35.64930980738302],[-105.2762887637035,35.649348807388748],[-105.27628676451376,35.649390807533472],[-105.27629376394263,35.649435806917154],[-105.27629776413154,35.64947780706153],[-105.27630176432002,35.649513806928283],[-105.27631676411882,35.649549806794425],[-105.27633276396486,35.649595807123163],[-105.27634676371727,35.649630806943115],[-105.27635276399812,35.649663807570278],[-105.27636176441834,35.649700807483043],[-105.27637776426445,35.649747806958736],[-105.2763927640646,35.649798807518906],[-105.27641276409607,35.649845806994414],[-105.2764207644705,35.649889807231055],[-105.27644176454878,35.649941806937875],[-105.27644076450704,35.649995807637701],[-105.27645576430653,35.650039806974696],[-105.27647576433745,35.650079807025598],[-105.27650076459966,35.650115806891201],[-105.27653076419391,35.650146807424463],[-105.2765647639731,35.650173806873156],[-105.27660176389104,35.650196807035883],[-105.2766407639016,35.650219807198503],[-105.27667576462592,35.650239807222526],[-105.27670576421909,35.650258807200608],[-105.2767377639052,35.65028080731738],[-105.27676676435179,35.650304807526808],[-105.27679476475208,35.650329806883299],[-105.27681976411426,35.650356807231759],[-105.27683976414401,35.65038380758056],[-105.27685676403485,35.650410807030177],[-105.27687576401846,35.650439807471543],[-105.27689376395553,35.650466806921088],[-105.27692876468194,35.650511807202491],[-105.2769657646016,35.65055580743757],[-105.27699376410298,35.650584806979104],[-105.27702876482557,35.650584806977122],[-105.27706376464918,35.650588807160183],[-105.27710076456495,35.650586807065594],[-105.27715176423008,35.650583806923891],[-105.27719476442364,35.65057880758944],[-105.27722976424701,35.65057980763369],[-105.27726976430304,35.650591807287334],[-105.2773027640342,35.65059880760932],[-105.27733676471074,35.65060180774622],[-105.27737776481167,35.650597807558853],[-105.27742476429205,35.650601807741239],[-105.27746176420833,35.650605807024867],[-105.27763976436181,35.650591807266387],[-105.27774676482291,35.65058280774322],[-105.27836076446714,35.650224807332421],[-105.27887676500015,35.650268807540328],[-105.2804847649237,35.650879806940516],[-105.28145876519123,35.652033807218274],[-105.28231176612358,35.652914807462345],[-105.28325576587952,35.653824807244305],[-105.28401376597166,35.654291807224659],[-105.28619976660477,35.654963807615722],[-105.28725976715033,35.654824807419729],[-105.28739176697057,35.654807807525032],[-105.28753676739305,35.654788807537059],[-105.28914376717759,35.654310806913813],[-105.29188076802795,35.653392806553185],[-105.29457276862182,35.652829806432329],[-105.29541076878748,35.652868806390643],[-105.29617376911438,35.653371807136992],[-105.29613376909245,35.653760807150952],[-105.29457676899239,35.655007807378304],[-105.29436376904022,35.6553108070203],[-105.29379276872939,35.656123806896701],[-105.29356076883961,35.656938807745782],[-105.29342476887334,35.657417807432594],[-105.29345976884278,35.659135807778071],[-105.29360876856413,35.659267807581685],[-105.29363776903634,35.659592808227899],[-105.29477276956602,35.66069880807418],[-105.29497676920366,35.66160080842716],[-105.29512276974936,35.66248480795069],[-105.29513276933275,35.662711808560282],[-105.29553776924261,35.663038808378332],[-105.29579176936488,35.663543808346738],[-105.29584377003864,35.664280808268785],[-105.29494176967764,35.665092808117635],[-105.29370376901599,35.665684808598591],[-105.29296276887271,35.665927809091734],[-105.29150476878847,35.666289808836183],[-105.29031376848476,35.666630809392437],[-105.28915276866643,35.666906808738311],[-105.28759276833432,35.667060809656704],[-105.28631076827403,35.666975809393882],[-105.28456776750937,35.666587809527307],[-105.28416676778738,35.666290809298388],[-105.2835197674723,35.666167809040111],[-105.28205476700916,35.665889809750567],[-105.27943576611113,35.665399809710927],[-105.2772847653241,35.66499780921967],[-105.27713676565898,35.6649818093871],[-105.27568076567486,35.665432809651946],[-105.2746407652254,35.666378810312601],[-105.27376476518805,35.667404810168826],[-105.27307776484633,35.667614810031438],[-105.27306876536272,35.668015810598817],[-105.27306976549025,35.668969810671321],[-105.27307176478708,35.670184810229138],[-105.27321576519067,35.670488810796499],[-105.2735877654181,35.671379810631031],[-105.27369076571831,35.671658810943384],[-105.27346976538185,35.671802810423834],[-105.27344876533175,35.672080810696961],[-105.27343076547669,35.673017810883266],[-105.27354276531068,35.673484810900199],[-105.27376176559838,35.673856811012243],[-105.27350176526785,35.674171811212091],[-105.27317976570224,35.674964811048383],[-105.27315876568015,35.675571811255047],[-105.27315876569412,35.67573581164833],[-105.27337476586953,35.676421811899424],[-105.27327176561199,35.676643811384842],[-105.27308176580215,35.676662811375358],[-105.27311576561372,35.677069811318603],[-105.27334276634808,35.678332812185097],[-105.27361176640819,35.680504811939016],[-105.2731047664868,35.682743812138916],[-105.2727337664671,35.683746812700953],[-105.2727147665382,35.684359813185061],[-105.27269676665568,35.684972812769821],[-105.27228276635987,35.685012812845343],[-105.27266276604665,35.685761813303998],[-105.27285376682107,35.685964812792939],[-105.27301876641562,35.686460813249276],[-105.27314476689909,35.686935812736159],[-105.27330776647236,35.688268813247667],[-105.27330076713736,35.689324813543259],[-105.27319176664858,35.690095813248867],[-105.2731787670137,35.690895813391435],[-105.27311676685991,35.691145814170028],[-105.27324676667989,35.692212814067361],[-105.27321076683239,35.692471814361554],[-105.27324376748506,35.692738814122627],[-105.27317276693798,35.693267814320492],[-105.27310776753943,35.693458814168054],[-105.27291576693472,35.695788814063675],[-105.27227776719369,35.697505814400969],[-105.27120076688411,35.699103814653277],[-105.26886876696582,35.701787815760646],[-105.26726276637724,35.702839815961916],[-105.2660947662313,35.703078816294308],[-105.2653077666473,35.703239815694189],[-105.26370876628029,35.703087815946901],[-105.26176776530275,35.702343815808305],[-105.26071776520246,35.702271816133972],[-105.25982476518459,35.702217816384191],[-105.25872576449667,35.700790816073294],[-105.25817476405557,35.699753815789151],[-105.25744976363043,35.698544815650763],[-105.25691076372685,35.697289815172162],[-105.25634976371376,35.696159815082332],[-105.25575776314261,35.694785815396067],[-105.25532676284192,35.693460815269816],[-105.25521476296953,35.69254381511692],[-105.25542476268595,35.691106815168247],[-105.25494476288657,35.690649814735643],[-105.2535417627183,35.691778814890718],[-105.25345376244618,35.69422481565104],[-105.25358076313223,35.696530815317672],[-105.25378976307101,35.698243816321167],[-105.25343176366813,35.699414816561536],[-105.25337076363191,35.70049981640333],[-105.25291176307542,35.700844816203926],[-105.25146676273077,35.701636816956992],[-105.25135376297277,35.702603816738076],[-105.2513087627628,35.703502816966385],[-105.25187676315822,35.705310816948987],[-105.25175476390361,35.706524817366763],[-105.25102076327443,35.707811817599556],[-105.25117376322987,35.708513817695142],[-105.2518007636008,35.709610818052994],[-105.25171176400886,35.710029817659098],[-105.25156576359709,35.710716817976937],[-105.25163876346826,35.711718818467453],[-105.25247376445805,35.71250281782158],[-105.25258776445897,35.713837818428367],[-105.25330576461386,35.715678819029854],[-105.25387076483545,35.717077818974879],[-105.25431176459178,35.717130818703978],[-105.25564876540906,35.717293818975058],[-105.25748076579016,35.717545818839135],[-105.25802976606195,35.71768381889764],[-105.25883876578605,35.717755818585601],[-105.25888976645508,35.718976818418064],[-105.25950476619236,35.719165819033783],[-105.26073476651395,35.718931818929121],[-105.26131676648025,35.718648818392822],[-105.26113276681802,35.71714181882529],[-105.26096776632018,35.716600818085645],[-105.26007876642221,35.715780817968323],[-105.25946876599613,35.715343818468483],[-105.25859276583586,35.714928818203042],[-105.25839476560832,35.714397817927903],[-105.25782676533846,35.714060818555815],[-105.25755876547726,35.713680818076476],[-105.25726576535897,35.71332581785596],[-105.25700276481497,35.712768818180258],[-105.25649976484681,35.712285818344661],[-105.25594476517861,35.711939817656116],[-105.25598976454957,35.711747817763381],[-105.25660276507887,35.711765817662055],[-105.25729076550027,35.711945817857199],[-105.25843476548694,35.712333817757582],[-105.25881776527396,35.712626817802409],[-105.2594207653742,35.713046818314716],[-105.26000176618794,35.712698817469075],[-105.2597907653403,35.711960817509862],[-105.25965676540027,35.711660818026353],[-105.25960676576543,35.711475817563624],[-105.25948076528249,35.711007817501255],[-105.25928276595816,35.710522817555827],[-105.25924776520156,35.71012481712981],[-105.25949276575014,35.709972817277759],[-105.26009576583797,35.710247817376612],[-105.26054676606817,35.710423817400134],[-105.26113976567562,35.710499817285502],[-105.2617577664309,35.710450817681277],[-105.26208876646201,35.710226817191042],[-105.26202976641176,35.710061817654157],[-105.26180676595962,35.709935817233053],[-105.26163576610307,35.709628817427792],[-105.26136476610063,35.709222817544351],[-105.26093576596661,35.708765817108848],[-105.26067076534777,35.708416817164327],[-105.26049976549064,35.708102817035204],[-105.26041476511487,35.707703816565719],[-105.26065676551998,35.707499817005925],[-105.26114976587947,35.707460816972088],[-105.2618317660254,35.707670816757059],[-105.26241376604968,35.708066817059446],[-105.26283876598383,35.708353816824257],[-105.26337576660828,35.708602816623227],[-105.26421976615457,35.70866281665333],[-105.26479776683293,35.708356816851776],[-105.26552176706315,35.707825816524327],[-105.26647576718189,35.707552816429562],[-105.26723676733629,35.707117816944375],[-105.26776576753421,35.706713816208705],[-105.26743676662252,35.706071816201259],[-105.26748276691941,35.705648816412534],[-105.26780576656404,35.705239816356567],[-105.26813576742488,35.704743815872185],[-105.26897876689461,35.704449815711492],[-105.27004776695972,35.70433081554085],[-105.27072376771594,35.704412815699072],[-105.271122767338,35.704623815546356],[-105.27140276775073,35.70495081627076],[-105.27155476762236,35.70521381583999],[-105.27156876827142,35.705216815977941],[-105.27273776850832,35.705500815561727],[-105.27384576862532,35.705888816363448],[-105.27471976869872,35.70637281622421],[-105.27554876848919,35.706900816324676],[-105.27574276851846,35.707280815908874],[-105.27509476911334,35.707825815980449],[-105.27481276874921,35.709152816239509],[-105.27474176912766,35.709987816206073],[-105.27482076931561,35.711443817017233],[-105.27496376879577,35.712005816931061],[-105.27528076919744,35.7131868166963],[-105.27543776935325,35.71406381679445],[-105.27587777009349,35.715649817304595],[-105.27595676932992,35.716493817678995],[-105.27590676971889,35.716587817534347],[-105.27607776959526,35.71712681728178],[-105.27502976964266,35.717697817679728],[-105.27266376882335,35.717747817429668],[-105.27168576934791,35.717514817496806],[-105.27159176859031,35.717527818103626],[-105.27101576885468,35.717256818188382],[-105.27027476863813,35.716642817701228],[-105.26998376857726,35.715874817257905],[-105.26926176835531,35.71541781773842],[-105.268500768184,35.715654817955226],[-105.2682237679857,35.716210817615334],[-105.26772376824511,35.716763818048683],[-105.26734476778014,35.716891817697189],[-105.26562276702226,35.715722817667711],[-105.26476876698953,35.715393817782711],[-105.26423776667302,35.715494817989267],[-105.26422076679587,35.715626817802303],[-105.26433476668768,35.71568481778138],[-105.26507776703239,35.716713817684322],[-105.2645997674101,35.71724581804412],[-105.26377576702453,35.717566818553692],[-105.26310176733088,35.718310818840735],[-105.26354976744464,35.718750818488594],[-105.26515576727718,35.719375818536179],[-105.26676276803842,35.719802818415928],[-105.26711976851533,35.721219818306174],[-105.26735776785158,35.721200818312887],[-105.26763376803989,35.721070818577623],[-105.26826576853988,35.720966818226501],[-105.26926476896196,35.720888818158144],[-105.26990776908316,35.720910818240171],[-105.27052376886084,35.721030818361299],[-105.27108876898271,35.721262818271356],[-105.27133176946619,35.721433818075376],[-105.27220676957113,35.721743818878707],[-105.27251776959352,35.721739818675964],[-105.27300676978122,35.721859818804305],[-105.27309976961193,35.722066818483825],[-105.27316176983278,35.722600818905448],[-105.2730927693771,35.723113818362869],[-105.27279276988436,35.723350818553477],[-105.27280276946965,35.723598818335986],[-105.27222776982828,35.723887819149496],[-105.27168876911868,35.72372681892567],[-105.27078676956469,35.723457819121549],[-105.26939676902657,35.723729819194801],[-105.26887776842202,35.724475818666249],[-105.26859076867207,35.725176819639827],[-105.26433376748598,35.725564819847214],[-105.2626387672028,35.725833819799071],[-105.26038076687223,35.725657819878293],[-105.25937776714323,35.725491819449509],[-105.25713876590818,35.725476819782109],[-105.25734776667531,35.726355819969825],[-105.25865176690741,35.727040820112656],[-105.25802676685477,35.728582820446199],[-105.25856976705118,35.731090820441601],[-105.25872076715028,35.734552821430974],[-105.25871976710533,35.734568821271985],[-105.24365176400934,35.734425821808124],[-105.2389307629028,35.734794822062277],[-105.24035776363931,35.73782082259163],[-105.24261376414496,35.741121823206853],[-105.24558876528043,35.740761822569041],[-105.25042076610134,35.740002822250659],[-105.25440976652983,35.739266822145083],[-105.25731876723979,35.738148821513889],[-105.25744976700396,35.738017821740613],[-105.25897476747875,35.737463821202695],[-105.25994176811697,35.736221821240136],[-105.26036776818157,35.737490821473372],[-105.26284176859058,35.737215821199591],[-105.26270776879565,35.738610821898362],[-105.26299976892352,35.739618821754576],[-105.26388776875723,35.740227822001934],[-105.26473976959534,35.740540822045965],[-105.2650567690528,35.741194821709868],[-105.26478576915655,35.742029821687737],[-105.26434676957018,35.742878822322886],[-105.26432676964744,35.74410182225175],[-105.26416276934084,35.745253822501098],[-105.26190376898714,35.745349822574795],[-105.26211376864102,35.743188822403724],[-105.26140076882648,35.74262082224476],[-105.26090776845071,35.742469822481027],[-105.25904276840789,35.743022822092748],[-105.25776276762313,35.743900822318892],[-105.25716676791808,35.744308822344117],[-105.25802876851786,35.746928823006556],[-105.25856776831934,35.746985822915164],[-105.26139476894828,35.747288823283412],[-105.26198476938887,35.748214822925931],[-105.26594877057173,35.748813822535425],[-105.2643427701595,35.751920823387373],[-105.26325677030526,35.753198824123025],[-105.26325577025887,35.753198824123082],[-105.26265077016942,35.753986823743972],[-105.26169877018293,35.75472082448357],[-105.26063976965938,35.754577824222864],[-105.25958176923324,35.755029824511567],[-105.2592327693454,35.756163824837984],[-105.26157977027275,35.757151824550995],[-105.26147777005417,35.757286824507645],[-105.2615727699897,35.757633824369236],[-105.26117576960849,35.757978824166294],[-105.261027769951,35.758052824900545],[-105.25997976993447,35.757877824957376],[-105.25908476985536,35.75819082510089],[-105.25772476893627,35.758783824735943],[-105.25690276954739,35.759159825092134],[-105.25661776894844,35.759364824700668],[-105.25562276869503,35.759248824786276],[-105.25545076885774,35.759707825348364],[-105.25541876924224,35.760509825584428],[-105.2557167686888,35.760815825336124],[-105.25616476879028,35.761110825469615],[-105.25622376886778,35.761592825284083],[-105.25647976908274,35.762093825067069],[-105.25676976905208,35.762331825270309],[-105.25710376927779,35.762756825129827],[-105.25622776919313,35.763224825249118],[-105.25531276909788,35.763670826151397],[-105.25521576913746,35.764113825968991],[-105.25509776909367,35.764445826048018],[-105.25498776939745,35.764507826224886],[-105.2543517688285,35.76596882640856],[-105.2539887691965,35.767163826860099],[-105.2539787688449,35.768466826892436],[-105.2544837698327,35.769268827097804],[-105.25582577000613,35.769706826602004],[-105.25680377033356,35.769385826982948],[-105.25808077010015,35.768743825984842],[-105.25863477059967,35.768835826612545],[-105.25883077075548,35.769607826346885],[-105.25848977031157,35.77042082621012],[-105.25808677062037,35.771565827048491],[-105.25772977029956,35.771972827013883],[-105.25583876982236,35.771024827327032],[-105.25582276997945,35.77101582691153],[-105.25567077012376,35.770939827001214],[-105.25486076948653,35.771247826908528],[-105.25499476949547,35.77234982752546],[-105.2557257702281,35.773893826974771],[-105.25755277037644,35.774130827044047],[-105.25890177085553,35.774350827253443],[-105.26019477142164,35.774385827000387],[-105.26142977101046,35.773393826898271],[-105.26238177187805,35.772448827188164],[-105.26441477167421,35.772618826843754],[-105.26503677178474,35.773375826759057],[-105.26364977232915,35.774162827277621],[-105.26257477211406,35.775773827231831],[-105.26283977187843,35.77664282695347],[-105.26303677207859,35.777390827375918],[-105.26066877121077,35.777957827664167],[-105.25938677122434,35.778736827806668],[-105.25891177177161,35.779621828310788],[-105.25960077143661,35.780924828303156],[-105.26148677169738,35.782049828085576],[-105.26261877204489,35.782639828339015],[-105.2641827725579,35.782431828518767],[-105.26549177287778,35.781438828366156],[-105.26639177314021,35.780562827354835],[-105.26798277308743,35.780141827570681],[-105.26911977352086,35.779034827549296],[-105.27022377333921,35.778100827440191],[-105.27134677393956,35.7760198264221],[-105.27193277400588,35.774743826706896],[-105.27238277404423,35.773224826548386],[-105.27261377378439,35.771213826121958],[-105.27243177339088,35.770591826132389],[-105.26871277277688,35.770077825945386],[-105.26990777316703,35.768584826048013],[-105.27014777259316,35.768533825473313],[-105.27016577252766,35.768529825287239],[-105.2724387734968,35.768046825293588],[-105.27364077342847,35.767910825227986],[-105.27445177413122,35.767826825791907],[-105.27508677398644,35.769068825663041],[-105.27732177499311,35.768583825579071],[-105.27807577480407,35.767928824908672],[-105.27836277452195,35.766856824756466],[-105.27800777417735,35.765906824889612],[-105.27925377442008,35.766595825220428],[-105.28001577466921,35.766726824942772],[-105.28042377464259,35.76616982432963],[-105.28108777475761,35.765259824456741],[-105.28215277543723,35.763982824667991],[-105.2834867751974,35.763926823799657],[-105.28512277544399,35.763654823712166],[-105.28623277650429,35.763472824221488],[-105.28748177680414,35.763207823580665],[-105.28872077667543,35.763348823738426],[-105.28997277711636,35.763107823308559],[-105.29132977703863,35.763000823676499],[-105.29241577793114,35.763344823342756],[-105.29347077740779,35.763929823369303],[-105.2940957776126,35.764166823507118],[-105.29513877823982,35.763679823398569],[-105.29627877797149,35.763255823501396],[-105.29665677840231,35.763270823274482],[-105.29678077877553,35.763537823030269],[-105.29743377850092,35.764027823180946],[-105.29843877925894,35.764625823811734],[-105.29903877920746,35.764896823725493],[-105.29941077938749,35.765228823776475],[-105.30134578018836,35.767151823605097],[-105.30194077992292,35.767629824103139],[-105.30343477999378,35.768632823659175],[-105.30396078100694,35.768870823848928],[-105.30437578046912,35.76905782348399],[-105.30438078070102,35.769059823576285],[-105.30469478086592,35.769096823471571],[-105.30488978091107,35.76911982362526],[-105.30580978128543,35.76922882411931],[-105.30631678140277,35.769288824168484],[-105.306323780828,35.769290823361267],[-105.30778278191363,35.769579824058766],[-105.30941678212888,35.770023823823813],[-105.31061578191671,35.769833823957867],[-105.31143478200434,35.768743822942682],[-105.3129697829998,35.768861822918701],[-105.31467278277991,35.768894823449045],[-105.31628678291237,35.768695823143069],[-105.31792278405811,35.768423823055578],[-105.31975878367457,35.76808882273982],[-105.32000378426099,35.76837882265351],[-105.32001878414603,35.769417823060159],[-105.31995378383644,35.769470822818043],[-105.3199107845716,35.769818822733654],[-105.31984278415889,35.770289822945607],[-105.32044678431485,35.770817823058508],[-105.32075378415767,35.770881823304137],[-105.32264578463337,35.771277823531548],[-105.32608078555646,35.771566823216894],[-105.3272837864402,35.77150882316274],[-105.32998678666115,35.771146822447655],[-105.3347077877,35.770009822632616],[-105.33633478757862,35.770312822169572],[-105.33717078852752,35.770079822133503],[-105.3380717879546,35.769411821752662],[-105.33944578861301,35.768706821431572],[-105.34033178825467,35.768159821253938],[-105.34211178887564,35.76785282133757],[-105.34307078925291,35.76789682151999],[-105.34375478951371,35.768366821642765],[-105.34508579005224,35.768524821682441],[-105.34552278961141,35.768441821414612],[-105.34694278973599,35.768115821539034],[-105.34938079027344,35.767827820665545],[-105.3515207914111,35.767777820928025],[-105.35244079181476,35.768229821103802],[-105.35262779151816,35.768590820708418],[-105.35257379172045,35.768668820723043],[-105.3526277915601,35.769078820803713],[-105.35320079207574,35.769579821467701],[-105.35391179176355,35.769752821337455],[-105.35430279194118,35.770276821277321],[-105.35434679221197,35.770631821511806],[-105.35413979163512,35.770891820962561],[-105.35306079201574,35.77112082172674],[-105.35274079158893,35.771270821490447],[-105.35268579173355,35.771216821693166],[-105.35164479116536,35.771308821512498],[-105.35107679180841,35.771129821357043],[-105.35050779150907,35.77098882116109],[-105.34965379061649,35.771117821782347],[-105.34920179126071,35.77119082158837],[-105.34892479101462,35.771186821419064],[-105.34774379022883,35.770985822079346],[-105.3459787902723,35.770934821619086],[-105.34506079002473,35.771221821460266],[-105.34419978978171,35.77221982181851],[-105.34325178998387,35.77298682228588],[-105.34264278969499,35.773607822274109],[-105.34251078998901,35.774953822503875],[-105.34247978951352,35.775671822450434],[-105.34197478951589,35.775925822539897],[-105.3402037892772,35.775827822603453],[-105.3388937888062,35.775596822782362],[-105.33767878912319,35.775167822788262],[-105.33559378774962,35.774210822696425],[-105.33469878764383,35.774209822701259],[-105.33434478744888,35.774462822735799],[-105.33403578752001,35.774475823354919],[-105.3335207879563,35.774706823280141],[-105.33135378740248,35.775181822897608],[-105.32922578687486,35.775861823004384],[-105.32836378651982,35.776095823088248],[-105.32786378674074,35.776196823293105],[-105.32727778655912,35.776128823777675],[-105.32639678618563,35.775928823567767],[-105.32603378647455,35.776200823582613],[-105.32621478591577,35.776745823606809],[-105.32601278645207,35.77679782332627],[-105.32599878580517,35.776819823445621],[-105.32592478597736,35.776866823825763],[-105.32581078609665,35.776938823566212],[-105.32554178622911,35.777025824009499],[-105.32536678622647,35.777177823857507],[-105.32532478609946,35.777417824172147],[-105.32544378623393,35.777602823731542],[-105.32518878611857,35.777721823855948],[-105.32504078646406,35.777829824364659],[-105.32481178576226,35.778034823969897],[-105.32468778635021,35.778486824205281],[-105.32461978592008,35.778754824018215],[-105.32490978590813,35.779210824415074],[-105.32527778590924,35.779617824338992],[-105.32538578643927,35.779872824439714],[-105.32635478645037,35.780726824326322],[-105.32717578678908,35.781480824091282],[-105.32767778670072,35.781843824669721],[-105.32793878718087,35.782733824463683],[-105.32798778680861,35.783373824394189],[-105.3281127872926,35.784389824629642],[-105.32832678738318,35.785160825215733],[-105.32871178731924,35.786107824941865],[-105.32888478730054,35.786785824824747],[-105.32883878791841,35.787385825607913],[-105.3288307876125,35.788138825373906],[-105.32841378812635,35.788751825880439],[-105.32827678813274,35.789445825621939],[-105.32762178747664,35.789668826084352],[-105.32717678755139,35.789805825253801],[-105.32657578758972,35.789920826112187],[-105.32557778726405,35.790577825989701],[-105.32512278696427,35.791747826188775],[-105.32510178695082,35.792449826293847],[-105.32508878728628,35.792897826337807],[-105.3250977877092,35.792965825886164],[-105.32531878721143,35.793579826402471],[-105.32539378710756,35.793787826129197],[-105.3259907878773,35.794766826424393],[-105.32643278773385,35.795446826384421],[-105.32729978838422,35.795951826317378],[-105.32838578835681,35.79605682661672],[-105.32843878811461,35.796053826474889],[-105.3295407888141,35.795989826148862],[-105.33060978888534,35.795944826703725],[-105.33081578853817,35.795936826321807],[-105.33221178935757,35.795706826392511],[-105.33303678980511,35.795570826348325],[-105.33371878993036,35.795540825820638],[-105.33433778983661,35.795539825739013],[-105.33433878987604,35.795459826534199],[-105.33447078968652,35.795329825907892],[-105.33450878964288,35.79526082631061],[-105.33473379017536,35.795242826364252],[-105.33484278983065,35.795244826450578],[-105.33494178992407,35.795271825895462],[-105.33526178946234,35.795246825619827],[-105.33564279002826,35.795216826008712],[-105.33573178965536,35.795209825679748],[-105.33579779001907,35.795246825589182],[-105.33590678967376,35.795241826250972],[-105.33596878985237,35.795281826299451],[-105.3359837896556,35.795368825827232],[-105.33609279020966,35.795363825589625],[-105.33615179025092,35.795423825664315],[-105.33616478995421,35.795425825756148],[-105.33625978986132,35.795441825591666],[-105.33628679021962,35.795516826362181],[-105.33638379021853,35.795522825734921],[-105.33687279039263,35.795484825747465],[-105.33695978992704,35.795477826317956],[-105.33701079049141,35.795473826129985],[-105.33711379076715,35.795465825753929],[-105.33712779051666,35.79546682579938],[-105.3371627903402,35.795469825936195],[-105.33719979025587,35.79546682579528],[-105.33723879026449,35.795466825793049],[-105.33727879031932,35.795464825698254],[-105.33731479018934,35.795469825927498],[-105.33734979001295,35.795473826110609],[-105.33739479029971,35.795474826154276],[-105.33743179021597,35.795478826337231],[-105.33747179027056,35.795473826103645],[-105.33749679052745,35.795447825798604],[-105.33754079076651,35.795432826001381],[-105.33757479054293,35.795426825721826],[-105.33757879072812,35.795424825629034],[-105.3376087903182,35.795407825740128],[-105.33765279055837,35.795405825645119],[-105.33770679036367,35.795415826104687],[-105.33771779087373,35.795419826289134],[-105.33774279023429,35.795427825758473],[-105.3377797901509,35.795435826126536],[-105.33782379038954,35.795415826098001],[-105.33849679101087,35.795546825825234],[-105.33858579061889,35.795318826063202],[-105.33908879055041,35.79537382588115],[-105.33944879104212,35.795338826039888],[-105.33991379099982,35.795259825955483],[-105.34047979111175,35.794837825284247],[-105.34058279134376,35.794321825686303],[-105.34102379109927,35.794366825944486],[-105.34155379138465,35.79444482592573],[-105.34196879170356,35.794136825141649],[-105.34243979105132,35.794189825768214],[-105.34289479143587,35.794004825276744],[-105.34315879197536,35.793968825394693],[-105.34363479158041,35.794318825373118],[-105.34384079214148,35.794413825260129],[-105.3440647917855,35.795060825504443],[-105.34466079243091,35.795133825250545],[-105.34507679193759,35.795298825666237],[-105.34476879213138,35.796197825909012],[-105.34502779246907,35.796508825894115],[-105.344742791934,35.797453825565874],[-105.34421079246079,35.79743982584781],[-105.34402579201793,35.797860825551709],[-105.34365079180121,35.798716826506762],[-105.34331579164396,35.799625826314411],[-105.34232979194169,35.801063826352802],[-105.34141879202454,35.801419826688132],[-105.34126379202657,35.801305826818464],[-105.33988179180773,35.800975826917842],[-105.33862779120409,35.800400826466401],[-105.33793779068827,35.800199826199353],[-105.33787079118075,35.800199826203183],[-105.3372507902555,35.799348826435619],[-105.3360117903518,35.79882982677556],[-105.33580778986975,35.798575826726655],[-105.3334017899037,35.79872482656333],[-105.33311279000269,35.798741826467037],[-105.33303378993951,35.798746826702917],[-105.33246978984508,35.798295826553151],[-105.3316177890414,35.798381826983523],[-105.33164778950325,35.798044826678279],[-105.33150778929488,35.797858827073824],[-105.33127778942813,35.797854826901904],[-105.3307467890982,35.797797826992998],[-105.33054978896926,35.79787782710833],[-105.33036078920924,35.797936827150949],[-105.33024078905183,35.798023826686382],[-105.32970278929048,35.79789282695144],[-105.32952878845929,35.798327826403103],[-105.32948578917289,35.79842382724992],[-105.32938478900724,35.7986338270792],[-105.32924778896425,35.798754827289365],[-105.32898478847768,35.798867827136654],[-105.32876478907052,35.798819826727041],[-105.32833878820989,35.798756826534543],[-105.32779078889384,35.798734827346642],[-105.32716078849212,35.798901827015328],[-105.3271547882146,35.798907827293284],[-105.32706178840301,35.7989248271858],[-105.3256897878023,35.799222827561906],[-105.3235187878624,35.798536827423121],[-105.32219478771631,35.799170827154377],[-105.32027978714709,35.799623827538376],[-105.31886578640544,35.800000827974714],[-105.31568378569821,35.801839827805978],[-105.31301078519112,35.803623828660761],[-105.3107087847041,35.804419828748685],[-105.31016778489777,35.805380829175412],[-105.30972078495326,35.806370829139887],[-105.30966378502066,35.806496829576851],[-105.30964178490304,35.806525829121206],[-105.30954378495636,35.807664829664304],[-105.30961878488594,35.808260829356144],[-105.30952978528343,35.80855282938137],[-105.30818678507708,35.80826982985441],[-105.30682778408266,35.80744482953331],[-105.30664078431194,35.806303828913997],[-105.30695678449355,35.805458829370465],[-105.30679778424089,35.804539829128288],[-105.30568678395815,35.803844829411815],[-105.3042077837117,35.803177829213148],[-105.30361878334317,35.802553829154455],[-105.30312578292916,35.801958828633431],[-105.30314178358391,35.80095182880634],[-105.3033557835618,35.800412829037128],[-105.30242678265125,35.798920828408278],[-105.30150178289269,35.798210827987049],[-105.30048578258237,35.798289828102924],[-105.29983278209718,35.799422828400104],[-105.29896478238751,35.799937828894883],[-105.29762578153273,35.80041582860396],[-105.2965707813167,35.801690829198876],[-105.29593178148983,35.802933829188724],[-105.29536178124657,35.803984829284595],[-105.2941577812155,35.804041829292665],[-105.29267178070566,35.804083829522135],[-105.29131678099483,35.805569830003989],[-105.29051078060547,35.806601830133594],[-105.2902647809852,35.807626830806669],[-105.29178678152178,35.809408830429931],[-105.29288878138112,35.810029830320509],[-105.29412478201795,35.8102308305563],[-105.29618178201758,35.810293830655603],[-105.29746878232265,35.810527830616635],[-105.29836878267024,35.810643830536243],[-105.30002378293901,35.810848830033862],[-105.30139978373519,35.810666830527836],[-105.30362878446779,35.81023083001304],[-105.30583578416486,35.809609829933393],[-105.30677278438954,35.809274829668858],[-105.30768878460462,35.809685829746449],[-105.30732778498405,35.809931829457625],[-105.3066287850168,35.810501829789374],[-105.30602378491434,35.811134830332712],[-105.30584378469148,35.811418829993023],[-105.30574378456765,35.81157683011434],[-105.30563278482744,35.811665830641125],[-105.30468478406176,35.811637830299219],[-105.30353478391785,35.812653830607481],[-105.30275778389533,35.812782830325112],[-105.30274378414612,35.812785830464712],[-105.30143178360547,35.812825830591741],[-105.30078978354004,35.812912831056373],[-105.30015678393029,35.813447830664416],[-105.29953178383026,35.814427831075733],[-105.29718578308864,35.815059831672315],[-105.2955447825467,35.814591831696909],[-105.29482978267696,35.814461831119011],[-105.29455078240457,35.815228831548183],[-105.29546578268923,35.816983831755557],[-105.2960267826728,35.817759831653767],[-105.29662378345071,35.818830831708937],[-105.29740178361855,35.819849832045776],[-105.29760678323255,35.819927832045579],[-105.29766778336987,35.820026832125876],[-105.29742778410477,35.821944831846849],[-105.29619778375756,35.821878832460889],[-105.29561178362309,35.822358832219521],[-105.29607078339316,35.823326832912926],[-105.29607278353495,35.823896832305344],[-105.29518378375059,35.82440083319171],[-105.29389678346725,35.824419833245095],[-105.29175778232235,35.823854833306932],[-105.29107278202729,35.823528832652244],[-105.29008578212856,35.823226833125204],[-105.2889837814121,35.823095832523158],[-105.28804678204305,35.822924832758993],[-105.28729778150638,35.822902832683255],[-105.28635878119218,35.823274832861216],[-105.28570978081548,35.823514833210538],[-105.28513278108926,35.823892833645353],[-105.28457878062889,35.824254833338635],[-105.28411578076479,35.824345833078794],[-105.28294778054079,35.8236778337155],[-105.28217178053288,35.823439833540185],[-105.28093277976157,35.823292833105015],[-105.27957177961871,35.822991833645659],[-105.27938678003622,35.822960833121243],[-105.27937077929589,35.822973833723637],[-105.27933277933691,35.823011833685321],[-105.27929877956298,35.823046833507973],[-105.27926377974288,35.823083833423247],[-105.27922577978325,35.82311483306102],[-105.27918777982366,35.823145833598183],[-105.27915177995564,35.823164833579987],[-105.27910377953128,35.823179833377374],[-105.27905777919848,35.8231828335188],[-105.27900377939375,35.823178833336854],[-105.27895978005176,35.823167833729769],[-105.278912779671,35.823151833891501],[-105.27886877942959,35.82313883329256],[-105.27881277953045,35.823115833130913],[-105.27879977982691,35.823110833799646],[-105.27876478000252,35.823097833200194],[-105.27872077976126,35.823086833593059],[-105.27868677998413,35.823084833502492],[-105.27865077921486,35.823080833319516],[-105.27859077913263,35.82308383346173],[-105.27858877993938,35.823084833508105],[-105.27853077994928,35.823080833326365],[-105.27834677952089,35.823131833897811],[-105.27831477983915,35.823160833442749],[-105.27828177921269,35.823200833496685],[-105.27826277923387,35.823227833847646],[-105.27825077957846,35.823243833689311],[-105.27821877989835,35.823291833213986],[-105.27820277915913,35.823317833518509],[-105.27817977989402,35.823341833730943],[-105.27813877979588,35.823378833646508],[-105.27811377953888,35.82340383390531],[-105.27809877974602,35.823437833680565],[-105.27807777967526,35.823473833548718],[-105.27804677914125,35.823510833463772],[-105.27803077930128,35.823535833722048],[-105.27801177932237,35.823561834026769],[-105.2779877791113,35.823582833201058],[-105.277964779846,35.823604833320935],[-105.27794077963568,35.823633833764752],[-105.27791977956424,35.823661833262797],[-105.27789577935383,35.823689833660275],[-105.27787177914371,35.823721833343569],[-105.27784977902617,35.823751833833548],[-105.27782577971503,35.823779833331713],[-105.27779577922665,35.823808833775864],[-105.27776577963759,35.823837833320674],[-105.27773777924178,35.823865833718457],[-105.27771077979148,35.823891834023613],[-105.27768277939549,35.823917833429512],[-105.27765777913869,35.823945833827118],[-105.27763377982735,35.823970834085856],[-105.27760477938479,35.823993833353008],[-105.27757477979551,35.824020833704566],[-105.27754877949232,35.824047834055996],[-105.2775217791427,35.82407383346186],[-105.27749277959971,35.824099833767093],[-105.27746277911091,35.82412383397989],[-105.27743277952126,35.82414683414639],[-105.27740277903229,35.824168833367366],[-105.27739377951514,35.82417583369174],[-105.27549577883281,35.824613834280179],[-105.27362577855632,35.825140834488167],[-105.27255377835151,35.825251834289219],[-105.27188877809775,35.825086833887774],[-105.27117777837776,35.824544834032714],[-105.27040177747055,35.824306833857378],[-105.26935677761277,35.824361834663193],[-105.26823677699662,35.824639834099656],[-105.26772477759745,35.825167834276272],[-105.26749477688298,35.825762834838642],[-105.26735677679021,35.825843834996945],[-105.26719077723524,35.826349835035145],[-105.26706177758152,35.826685834400521],[-105.26646677699955,35.82681383496076],[-105.26502477673824,35.826952835179092],[-105.26394277696244,35.82698383487665],[-105.26297977636992,35.826597835059047],[-105.26219677603291,35.826305835083694],[-105.26089977617096,35.826157834605596],[-105.2607857753836,35.826144834909968],[-105.25949477583521,35.826408835507138],[-105.25899677527205,35.826772835289731],[-105.25905077516268,35.827772835688307],[-105.25870377540839,35.829373836037355],[-105.25861377581454,35.830303835903472],[-105.2587787754594,35.831376836075911],[-105.25902077598101,35.83252483611669],[-105.25924477558209,35.832671835710521],[-105.25924377643605,35.83268283621954],[-105.25952277593284,35.83334983648674],[-105.25955777581747,35.834060836105735],[-105.25947077630885,35.834366835879287],[-105.25944677609863,35.834397836415576],[-105.25944877619547,35.834445835938332],[-105.25923077605243,35.835218836641694],[-105.25878277602801,35.835818836548604],[-105.2580427759211,35.835944837024648],[-105.25740577609056,35.836070836595496],[-105.25737477558177,35.836399836530667],[-105.25736077584496,35.836546837037496],[-105.25735077628616,35.836607837162397],[-105.25734177587444,35.836669836434162],[-105.25735877576803,35.836728836464978],[-105.25738877632735,35.837521837180162],[-105.25734877630028,35.837844836838237],[-105.25731977587593,35.838079836920798],[-105.25678677548943,35.838442836659148],[-105.25661377559248,35.838744837151886],[-105.25645977567389,35.839014837062258],[-105.2563447757548,35.839178837462057],[-105.25623977629802,35.839329837259854],[-105.25616677562201,35.839432837532918],[-105.25610677553907,35.839427837304981],[-105.25604677545611,35.839421837030869],[-105.25523777573183,35.839349837343192],[-105.25454877526487,35.839181837703656],[-105.25391177542596,35.839209837236979],[-105.25361977544212,35.839879837675682],[-105.25341977519734,35.840228837646535],[-105.25331477574319,35.840410837979221],[-105.25327577574051,35.84047983757663],[-105.25308777515941,35.840908837650886],[-105.25298277571027,35.841148837969101],[-105.25251777488486,35.841595837992699],[-105.25251077546025,35.841600838224409],[-105.25242177493854,35.841662837500813],[-105.25227877551505,35.841762837639088],[-105.25202877473691,35.841937837656239],[-105.25185577481616,35.841964838015983],[-105.25177477466488,35.842022838006152],[-105.25174077488447,35.841982837956088],[-105.25158077466673,35.842007838222621],[-105.25129477487955,35.841734838198569],[-105.25109577463465,35.841545837559359],[-105.25068577448708,35.841155837525093],[-105.25050477507925,35.841000837558639],[-105.24975677453543,35.840360837668179],[-105.24940277429177,35.84004983768849],[-105.24866977443581,35.839325837508007],[-105.24678277323571,35.838280837830268],[-105.2440167727879,35.838591837988425],[-105.24101277214568,35.839398837726321],[-105.23991277247671,35.83991383823448],[-105.24001277264921,35.840319838127463],[-105.24129477315176,35.845520839469643],[-105.24136377277597,35.845798838838085],[-105.24154977336674,35.84655483963116],[-105.24156777330231,35.846563839147237],[-105.24166277324073,35.846941839543618],[-105.24176877369268,35.847363839277179],[-105.24184277354243,35.847570838957672],[-105.24184077345168,35.847592839076341],[-105.24197677350229,35.848096839004775],[-105.2421317735141,35.84836983903633],[-105.24356577376015,35.852343840257163],[-105.24644677574504,35.860184841344555],[-105.24777677653741,35.863805841527309],[-105.24907177659884,35.867329841720682],[-105.25040377748826,35.870998842325328],[-105.25061977763066,35.871291842379343],[-105.25070077779658,35.871402842114385],[-105.25261477749584,35.871819842412194],[-105.25379277821771,35.872880842870487],[-105.25461877873249,35.872983842192703],[-105.25520277882713,35.873114842824265],[-105.25520277882713,35.873114842824265],[-105.25613177872825,35.873323842548267],[-105.25669577879496,35.873449842050299],[-105.25698377862568,35.873154842774149],[-105.25716177876475,35.872973842483539],[-105.25787477937808,35.872372842515219],[-105.25791577945444,35.872084841778523],[-105.25822977870391,35.871933841968783],[-105.25826977871955,35.871479841645694],[-105.25868177886109,35.870727841902905],[-105.25886477921995,35.870408841522412],[-105.25919577921385,35.869757841960592],[-105.25930977912233,35.870006841783329],[-105.25939177938848,35.870740841564349],[-105.25997077922555,35.870572841852209],[-105.26061677949357,35.870683841554836],[-105.26114177950637,35.870286842042532],[-105.26166877963544,35.870162841671188],[-105.26207977979148,35.870113841179133],[-105.26257977966078,35.871053841473945],[-105.26266077985343,35.871473842015639],[-105.26313978051407,35.872018842022626],[-105.26318278074467,35.872441841805987],[-105.26353378086141,35.872891841921579],[-105.26506078065776,35.873823841787321],[-105.26531378070587,35.873997841729356],[-105.26546778066432,35.874189841610523],[-105.26620678077629,35.874656842490367],[-105.26841778169141,35.875573841622895],[-105.2696667820821,35.876356841805368],[-105.27068178238424,35.87671684221538],[-105.27156078262043,35.876396841748722],[-105.2733287827279,35.876576841881459],[-105.27356378286201,35.876991842182932],[-105.27438178302579,35.877322842161888],[-105.27555378339848,35.877562841507526],[-105.27706178407151,35.8780158416955],[-105.27901878394428,35.878197841909852],[-105.27931778437137,35.87890284213524],[-105.28052678469126,35.879503841993319],[-105.28264178564983,35.88036984236885],[-105.28346878533502,35.88074384163874],[-105.28511378608674,35.88148884183888],[-105.28629378594862,35.881934841721737],[-105.28755278679226,35.882597841747469],[-105.28840378669231,35.882994842080073],[-105.28939978699675,35.883163841748143],[-105.28951978717639,35.883333842411993],[-105.28896378751783,35.883638842166164],[-105.28778478683365,35.883546842473841],[-105.2873397868867,35.883433841767861],[-105.28512978607306,35.883152842383573],[-105.28491578605784,35.88325784185794],[-105.28584478597276,35.883626842689253],[-105.28676678644526,35.883795842361565],[-105.28783878667838,35.884011842401144],[-105.28761678719997,35.88421184267402],[-105.28664078695699,35.884434842255644],[-105.28478978662295,35.884512842373397],[-105.28490578663069,35.884837842114997],[-105.28296578578494,35.885092842333179],[-105.28287778621703,35.885247842315003],[-105.28222878586348,35.885753842380893],[-105.28162578580749,35.885850843306109],[-105.27983578558732,35.885756842657052],[-105.28050078478584,35.884121842515704],[-105.28048778502294,35.883431842967923],[-105.27918678495979,35.883101842163661],[-105.27752378435902,35.883346842802588],[-105.27597178438221,35.883324842773156],[-105.27524078374964,35.882949842552101],[-105.27521278412878,35.881541842161212],[-105.27461778352233,35.881386842218532],[-105.27303378296467,35.881395842725823],[-105.27171678309944,35.881527842613373],[-105.27058178267616,35.881673843138245],[-105.26946178293286,35.881645842806307],[-105.26848078240553,35.881261843082569],[-105.26817578175107,35.88114184294399],[-105.26705378189702,35.880904842834958],[-105.26658478173844,35.880805842778024],[-105.26295678079457,35.879721843194915],[-105.26200178056638,35.879263842743875],[-105.26080477989848,35.878608843084685],[-105.25980478025207,35.87779484325231],[-105.25862077921997,35.8763618426702],[-105.25797677900621,35.875807842256265],[-105.25666277920512,35.875075842638473],[-105.25593477873892,35.875016842648463],[-105.25541077874914,35.875144842305438],[-105.25523877887861,35.875215842902286],[-105.25486077846143,35.875359842391788],[-105.25433177826241,35.875746843240314],[-105.25411777834164,35.876943842876166],[-105.25356977830116,35.878943843710609],[-105.25377877908312,35.879982843206555],[-105.25370877854783,35.880104843459208],[-105.25402777906947,35.881583843521234],[-105.25414377912428,35.882452844150315],[-105.25423077967662,35.883814844208352],[-105.25431777934594,35.885364843971253],[-105.25414377948842,35.886655844356596],[-105.25394077921293,35.888252844512053],[-105.25360277991169,35.890261844851437],[-105.253599779773,35.890265845036666],[-105.25360077981956,35.890268845175427],[-105.25350377987124,35.890846844943589],[-105.25309478001458,35.893279846018451],[-105.25214178040908,35.898934846908922],[-105.25195578000337,35.900315846962251],[-105.25154077970144,35.900819846922168],[-105.25171978001899,35.902161846948829],[-105.25173078053609,35.902246847283557],[-105.25183377998084,35.903025847346669],[-105.25250778070652,35.903820847217879],[-105.25307978122841,35.904918847623989],[-105.25297078074328,35.905718847771503],[-105.25279378078797,35.90748284755805],[-105.2533247811464,35.907865848160625],[-105.25541478171537,35.90722384801488],[-105.25626478150021,35.906825847538265],[-105.25654278176019,35.906453847398183],[-105.2580657821908,35.906463847773352],[-105.25932278202446,35.906916847076246],[-105.25953778210182,35.906993847029163],[-105.26019578292816,35.907129846988376],[-105.26076778246565,35.907247847019079],[-105.26140078302785,35.907326847040473],[-105.26251778351994,35.907221847514258],[-105.2652337834401,35.906806847043228],[-105.26620278426125,35.906620846475874],[-105.26699578406446,35.9057828463296],[-105.26705478409907,35.905764846392699],[-105.26709378410651,35.905750846642071],[-105.26711278408703,35.905743846317122],[-105.26717878444623,35.90572884651862],[-105.26721878450022,35.905716846860422],[-105.26728078377552,35.905710846579261],[-105.26732778415389,35.905699846966975],[-105.26741478458737,35.905689846499307],[-105.26745978397474,35.905689846496706],[-105.26750378421849,35.905728846499962],[-105.26750578431363,35.905756846895997],[-105.26750178413197,35.905799847087039],[-105.26751278374726,35.905855846979357],[-105.26751878402932,35.905901846409364],[-105.26751578389575,35.905964846626333],[-105.26750578433681,35.906023846658677],[-105.26750478429076,35.906027846843841],[-105.26749178459208,35.906078846506183],[-105.2674747838077,35.906117846512984],[-105.2674707845254,35.906160846704019],[-105.26746778439063,35.906209847172597],[-105.26745578383877,35.906258846742389],[-105.26744378418644,35.906309846404724],[-105.26744278414357,35.906349846456799],[-105.26744578428728,35.90640384715639],[-105.26745578385639,35.90646184714133],[-105.26746778441667,35.906509846663475],[-105.26748278421789,35.906572846879492],[-105.26749378383286,35.906624846586752],[-105.2674967839731,35.906638847234277],[-105.26750478434788,35.906685846710452],[-105.26751278382487,35.906749846973085],[-105.26759278396185,35.907060846968278],[-105.26760978475258,35.907094846741757],[-105.26763578416278,35.907140847069869],[-105.26765878433353,35.907189846637664],[-105.26768878392943,35.907239847150656],[-105.26771278414728,35.90729684708846],[-105.26773478427214,35.907350846887667],[-105.26774678393321,35.90740084650232],[-105.26777778447516,35.907454847200306],[-105.26778678399727,35.907504846815186],[-105.26781478439941,35.907550847143199],[-105.26783378438432,35.907593847332919],[-105.26783678452689,35.907634846531742],[-105.26783778457363,35.907638846716722],[-105.26785778460597,35.907694846608592],[-105.26787478449833,35.907739846890976],[-105.26790078480785,35.907785847219081],[-105.26791978479335,35.907835846833336],[-105.26794078487124,35.907882847208057],[-105.26796678428228,35.907937847053269],[-105.26796978442533,35.90798484742902],[-105.26796578424378,35.90802884676696],[-105.26796078491499,35.90806984686558],[-105.26795578468622,35.908103846640252],[-105.26794978441008,35.908125846759148],[-105.26794778431814,35.908133847129434],[-105.26793878480289,35.908162846673058],[-105.26794378413784,35.908192847161416],[-105.26796578426037,35.908219846610692],[-105.2679997849397,35.908254847328742],[-105.26803178462613,35.908279846684962],[-105.26802678439657,35.90830484694262],[-105.26813978424295,35.908371847338046],[-105.26817678416189,35.908405847110295],[-105.26820578460983,35.908444847114396],[-105.2682127849356,35.908460846954945],[-105.26822578464115,35.908488847350363],[-105.26823878434804,35.908532846687407],[-105.26825378414769,35.908576846923609],[-105.26827478422592,35.90862784748338],[-105.26830478472105,35.908676847050749],[-105.26834078459592,35.908736847126733],[-105.26837778451682,35.908793847063798],[-105.26840778501091,35.908830846975334],[-105.2684567845878,35.908878847394696],[-105.26847478452514,35.908907846936756],[-105.26850678511055,35.908928847007168],[-105.2685367847042,35.908952847216554],[-105.26855678473476,35.908987847036109],[-105.26856778434777,35.909017847524126],[-105.26856678430224,35.909026847041275],[-105.26856378506487,35.909053847391306],[-105.26856778435412,35.909090847304341],[-105.26858678433882,35.909131847401476],[-105.26859878489753,35.909161846990195],[-105.26859978494403,35.90916384708266],[-105.26859078452938,35.90919184747932],[-105.2686277844472,35.909212847549448],[-105.26865078461753,35.909256846885931],[-105.26867478483375,35.909295846890295],[-105.26868278430622,35.909307847445056],[-105.26870278433863,35.909364847383173],[-105.26874478449048,35.909412846903528],[-105.26878578459606,35.909461847369641],[-105.26881678513519,35.909483847486371],[-105.268864784664,35.909511846980465],[-105.26892078456466,35.909552847075545],[-105.26896978503926,35.909581847515156],[-105.26897978460387,35.909587846892869],[-105.26902078470705,35.909609847009072],[-105.26914178492774,35.909717847502286],[-105.26918078493942,35.909752847320746],[-105.269186785218,35.909758847598006],[-105.2691907845042,35.909760846790945],[-105.26922978451518,35.909787847138617],[-105.26927378475902,35.909827847188083],[-105.26932678451674,35.909823846999998],[-105.26937378489605,35.909822846951045],[-105.26943578507196,35.909831847363854],[-105.26950078538621,35.90983284740642],[-105.2695597854224,35.909832847403031],[-105.2696317851624,35.90984184691591],[-105.26986178503138,35.909870847345175],[-105.26992578530069,35.909887847228688],[-105.26998678542986,35.909891847410236],[-105.27004878470639,35.909899846877451],[-105.27011478506719,35.909902847012475],[-105.27017678524136,35.909891847399322],[-105.27024478479395,35.909876847600721],[-105.27031078515364,35.909867847180557],[-105.27037078523624,35.909868847223372],[-105.27038578503222,35.909870847315062],[-105.27043978483729,35.909878846782746],[-105.27046778523629,35.909887847197538],[-105.27050578519967,35.909899846851204],[-105.27055778491201,35.909906847172124],[-105.27059878501404,35.909914847539874],[-105.27064278525505,35.90992284700819],[-105.27068378535692,35.909928847283382],[-105.2706997851993,35.909931847421284],[-105.27076178537514,35.909939846888541],[-105.2708537851438,35.90996184700181],[-105.27090478570742,35.909948847296754],[-105.27094378571414,35.909926847175953],[-105.27096878507204,35.909903847009694],[-105.27098378486596,35.909882846936526],[-105.27098678500472,35.909879846797551],[-105.27100778507597,35.909849847206999],[-105.27103178528613,35.909818846670639],[-105.27106078572842,35.909792847264711],[-105.27109578555014,35.909774847329246],[-105.27114078493655,35.909763846817697],[-105.27118578522298,35.909760846676299],[-105.27123478569554,35.909766846951101],[-105.27128578536173,35.909775847364564],[-105.27132578541764,35.909786846971876],[-105.2713817853174,35.909816847457364],[-105.27141178581002,35.909836847481643],[-105.27143878526428,35.909856847506106],[-105.27145578515412,35.909871847299819],[-105.27146178543261,35.909877846677766],[-105.27148978583293,35.909901846887202],[-105.27152078547303,35.909926847142778],[-105.27154878587304,35.909947847213424],[-105.27157278518766,35.909959846867949],[-105.27157878546588,35.909961846960144],[-105.27161778547564,35.909974846660063],[-105.27165878557777,35.909983847074116],[-105.27172378589184,35.909982847024068],[-105.2717787857413,35.90996784722627],[-105.27182478517325,35.909947847197571],[-105.27184278510609,35.909924847031718],[-105.27189478571628,35.909914847465394],[-105.27191278564862,35.909886847068208],[-105.27191978597011,35.909852847293394],[-105.27191978597011,35.909852847293394],[-105.27193678585543,35.909816847425468],[-105.2719557858333,35.909778847464878],[-105.27196678544264,35.909766846909029],[-105.27212578560945,35.909688846888372],[-105.27212878574674,35.909668846862203],[-105.2721477857272,35.909660847390278],[-105.27218278554928,35.909646846740543],[-105.27221978546396,35.909631846943732],[-105.27226278565621,35.909611846915254],[-105.27230278570924,35.909589846794397],[-105.27233978562325,35.909566846627449],[-105.27238078572287,35.909547846645346],[-105.27243178538698,35.909532846847782],[-105.27248978537617,35.909525847419914],[-105.27254178598716,35.909524847370619],[-105.27258778542098,35.90952584741428],[-105.27263878598581,35.909526846558272],[-105.27269478588298,35.9095278466013],[-105.27275078578016,35.909528846644349],[-105.27280378553871,35.909533846872648],[-105.27285678529748,35.909541847239716],[-105.27290578577021,35.909549846707748],[-105.27295278615064,35.90956184726025],[-105.27300378581735,35.909576847051973],[-105.27304878610533,35.909591846844087],[-105.27305578553057,35.909593846936225],[-105.27310278591131,35.90960984677448],[-105.27314578610647,35.909622847373491],[-105.27319378563382,35.909633846980306],[-105.27324478619963,35.909646846679529],[-105.27329578586608,35.909658847231803],[-105.27334778557886,35.909670846884637],[-105.27340078623735,35.9096828465375],[-105.27344978581077,35.909690846904859],[-105.27349778623709,35.909697847225956],[-105.27350078547678,35.909697847225779],[-105.27354878590302,35.90970384660131],[-105.27359378619066,35.90971484710763],[-105.27363278620051,35.909728846853774],[-105.27366978611826,35.909749846923965],[-105.27370678603633,35.90977384713289],[-105.27373578558348,35.909795847249768],[-105.27373778567632,35.909797847342212],[-105.27376978626215,35.909823846744672],[-105.2738067861803,35.909848846999893],[-105.27384378609833,35.909872847208824],[-105.27387578578406,35.909889847094178],[-105.27389378571968,35.909898846610233],[-105.27390678632271,35.909905846933341],[-105.27393978605477,35.909922846818702],[-105.27397378583321,35.909939846703956],[-105.27400878565791,35.909956846589147],[-105.27404378638209,35.909974846520647],[-105.27407878620676,35.909990847258904],[-105.27413678619907,35.910019846798633],[-105.27416478569964,35.9100388467768],[-105.27419178605339,35.910060846893735],[-105.27421778636084,35.910082847010784],[-105.27424278572281,35.910106847220483],[-105.27427078612322,35.910131846576846],[-105.27429778647688,35.910152846647605],[-105.27432578597754,35.91017284667199],[-105.27435378637719,35.910189846557586],[-105.27439078629457,35.910205847295728],[-105.27440878622996,35.91021284671929],[-105.27444578614708,35.910225847318621],[-105.27447478569395,35.910244847296703],[-105.27449778586238,35.910266847413894],[-105.27452078603096,35.910290846724365],[-105.27456578632034,35.910321847256682],[-105.27459278577489,35.910344847419992],[-105.27460378628597,35.910359847213996],[-105.27461678599072,35.910378847193009],[-105.27464878657629,35.910401847355963],[-105.27468878663316,35.910423846572911],[-105.27472078631872,35.910438847265077],[-105.27473378602235,35.910444846642569],[-105.27476378651441,35.910457847242377],[-105.27481178604283,35.910481846551335],[-105.27484378662894,35.910510846991926],[-105.27486878599065,35.910531847062721],[-105.27491078613892,35.910538847384231],[-105.27491978655598,35.910538847383712],[-105.27495378633273,35.910536847289201],[-105.27498778610935,35.910532847102203],[-105.27503178634971,35.910532847099667],[-105.27506878626686,35.910546846845932],[-105.27510478613793,35.910563846731065],[-105.27512778630471,35.910566846868548],[-105.27514378614708,35.910569847006428],[-105.2751457862398,35.9105698470063],[-105.27518578629477,35.910569847004005],[-105.27521978607241,35.910577847372217],[-105.27523278667518,35.910581846657216],[-105.27526378631391,35.910590847071845],[-105.27530078623036,35.910596847347321],[-105.27533578605356,35.910595847299],[-105.27536878668269,35.910586846880761],[-105.27581278656321,35.910467846745419],[-105.27594478638552,35.910474847061707],[-105.27595278675916,35.910508846835626],[-105.27594278629907,35.910546846795704],[-105.27592278627402,35.910574847193018],[-105.27595278676812,35.910611847104505],[-105.27598178631492,35.910629847036319],[-105.27601478694626,35.910645846875376],[-105.27607578617683,35.910658846574016],[-105.2761437866299,35.910656847376877],[-105.27619578634192,35.910659846613378],[-105.27624578685888,35.910643846769538],[-105.27628378682162,35.910648846998733],[-105.27632378687537,35.910634847247984],[-105.27635078632692,35.910622846691268],[-105.27635578655841,35.91062084659842],[-105.27639178642698,35.910608846940455],[-105.27643778675963,35.910603846706515],[-105.27647578672183,35.91060284665808],[-105.2765227862016,35.91059984651659],[-105.2765597870162,35.910591847043605],[-105.27659478683762,35.910570846969357],[-105.27663078670571,35.910552847033756],[-105.27667078676119,35.910558847309076],[-105.2767177862417,35.910563846638368],[-105.27676378657523,35.910569846913312],[-105.27677978641805,35.910577847282561],[-105.27679978644657,35.910589846937256],[-105.27682478670813,35.910616847285731],[-105.27685878648781,35.910648846965692],[-105.2769047868227,35.910669847035287],[-105.27694478688001,35.910696846483589],[-105.27697378642769,35.910724846878026],[-105.27701278643822,35.910746846994329],[-105.27705578663125,35.910735846482957],[-105.27707178647294,35.910730847149992],[-105.27709178650004,35.910725846917543],[-105.27711078648341,35.910751847220062],[-105.27712178699622,35.910786847040114],[-105.27713078651641,35.910814846536397],[-105.27713578675061,35.910843846978501],[-105.27712478714444,35.910892846548251],[-105.27711578672832,35.910903847057732],[-105.27709278656408,35.910929847362667],[-105.27707178649317,35.910963847138262],[-105.27707978686696,35.910998846958506],[-105.27708978643496,35.911043847241288],[-105.27708678719873,35.911083847293526],[-105.27708378706231,35.911113846883019],[-105.27709378663037,35.911159847212069],[-105.2771027870504,35.911193846986002],[-105.27710478714685,35.911236847176696],[-105.2771087864367,35.911280847413586],[-105.27711278662613,35.91132784688989],[-105.27712878647094,35.911358847423934],[-105.27716078705619,35.911377847401845],[-105.27716778648184,35.911384846825989],[-105.277184787271,35.911400846665956],[-105.27721278677166,35.911420846690341],[-105.27724078717092,35.911432847243951],[-105.27724578650346,35.911434847336217],[-105.2772797871807,35.911445846943863],[-105.27730778668116,35.911463846875733],[-105.27734078731359,35.911492847316246],[-105.27734878678601,35.911504846971631],[-105.27735978729702,35.911518846719474],[-105.27737878728111,35.911552847392073],[-105.27739578717208,35.91158184693419],[-105.27742778685825,35.911603847050905],[-105.27746478677315,35.911591847392884],[-105.27748378675456,35.911594846631289],[-105.27749978659686,35.911596846722922],[-105.27753578736858,35.911628847302062],[-105.27756178677922,35.911679846962208],[-105.27757278729239,35.911718846967339],[-105.2775867870445,35.911749846602135],[-105.27760978721328,35.911775846904398],[-105.27762478701212,35.911810846724237],[-105.27765578665399,35.911856847052071],[-105.27769778680347,35.911877847121985],[-105.27772678724969,35.91189684710006],[-105.2777517866113,35.911916847124608],[-105.27777678687234,35.911937847195503],[-105.27777578682672,35.911945846666327],[-105.27777278668968,35.9119688468313],[-105.27779178667294,35.911992847041333],[-105.27783078668313,35.912010846972528],[-105.27786178722128,35.912021847479714],[-105.27789378690649,35.91203284708746],[-105.27789378690649,35.91203284708746],[-105.27793078682465,35.912057847342709],[-105.27793478701044,35.912062846674459],[-105.27794978680791,35.912081846653344],[-105.27797978729998,35.912095847299398],[-105.27800078737597,35.912120846656144],[-105.27800478666256,35.912126846933532],[-105.27802678678597,35.912163846845516],[-105.2780497869549,35.912191847240308],[-105.27807278712366,35.912217846643287],[-105.27809578729226,35.912241846853078],[-105.27810678690527,35.912271847341103],[-105.27813478730714,35.912313847484057],[-105.27817278727258,35.912349847348807],[-105.27820878714506,35.912382847074923],[-105.27825578752584,35.912398846913192],[-105.27829378748783,35.912395846772213],[-105.27833978692192,35.912399846954607],[-105.27838578725544,35.912405847229579],[-105.27843578687492,35.912410847457984],[-105.27847778702258,35.912410847455597],[-105.27851278684544,35.912405847222288],[-105.27855078680689,35.912395846757441],[-105.27858578752924,35.912392846616626],[-105.27862678763117,35.912399846938108],[-105.27867178701992,35.912415846776476],[-105.27867578720554,35.912418846915045],[-105.27870778689153,35.912438846939217],[-105.27874878699325,35.912443847168149],[-105.27877078711533,35.912465847285453],[-105.27880678698703,35.912489847494477],[-105.27885478741405,35.912504847286364],[-105.27889978770213,35.912520847124732],[-105.27893678761716,35.912509846613702],[-105.27897578762527,35.912503847233175],[-105.27897778771792,35.912503847233062],[-105.27901378758855,35.912514846840565],[-105.27904278713534,35.9125328467724],[-105.27909278765578,35.91255684698065],[-105.2791357869515,35.912568846633995],[-105.27914878755423,35.91257184677206],[-105.2791797871928,35.912579847140456],[-105.27921278782375,35.912591846794371],[-105.27925078778719,35.912604847393652],[-105.27928978779696,35.912617847093557],[-105.2793317870472,35.912639847209711],[-105.27935778735429,35.912657847141723],[-105.27936878786478,35.91266584661188],[-105.27939078708694,35.912680847304635],[-105.27942178762554,35.912696847143785],[-105.27946078763486,35.912704846612336],[-105.2794907872283,35.912725846682918],[-105.2795137873967,35.912747846800151],[-105.27954378789011,35.912776847240849],[-105.27956178782738,35.912804846736584],[-105.27958578714305,35.912829846992572],[-105.27960578717315,35.912859847480135],[-105.27962978738914,35.912895847345695],[-105.2796657872598,35.912907846999467],[-105.27967778781642,35.912913847276421],[-105.27969778784485,35.912924846884884],[-105.27973778790148,35.912943846862341],[-105.27978078719752,35.912959846700758],[-105.27981778801343,35.912966847022545],[-105.27985978726213,35.912970847205173],[-105.27987778719678,35.912968847111593],[-105.27989578803079,35.912967847064301],[-105.2799347880396,35.912969847154606],[-105.27997278800218,35.912972847291243],[-105.27998678775178,35.912974847382927],[-105.28003278718613,35.912981846804833],[-105.28007378728776,35.912985846987581],[-105.28010878800994,35.912980846754223],[-105.28012278775932,35.912979846707159],[-105.28017278737671,35.91296084672453],[-105.28017978770066,35.912955847392084],[-105.28021878770694,35.91292884704],[-105.28060578763973,35.912760847338845],[-105.28062078743528,35.912757847199174],[-105.28066578772189,35.912756847150355],[-105.28066178754148,35.912813847089772],[-105.2806497878873,35.912843846679849],[-105.28063478809392,35.912871847076829],[-105.28062378758689,35.912902846713102],[-105.28059178790369,35.912914847270166],[-105.28055378794248,35.912927846974497],[-105.28053878814927,35.912956847417746],[-105.28050378742752,35.91296684698311],[-105.28046778755923,35.912981846779829],[-105.28045978809013,35.913008847130193],[-105.28043978806508,35.913036846628138],[-105.28044178816091,35.913072847394332],[-105.28044978763464,35.913099846844418],[-105.28043978807317,35.91312984733365],[-105.28043078765862,35.91315884687728],[-105.28040878754025,35.91317984695084],[-105.28038478732969,35.913205847255846],[-105.28037278767542,35.913234846799618],[-105.2803997880291,35.913255846870307],[-105.28042678748393,35.913281847172364],[-105.28044278732894,35.913314846899652],[-105.28044078813816,35.913344847388409],[-105.28042778753816,35.913372846885999],[-105.28039678789933,35.913361847278154],[-105.28036178807622,35.913363847372707],[-105.28032678735292,35.913355847004553],[-105.28032578730661,35.91335584700461],[-105.28028478810555,35.913366847515938],[-105.28024778728962,35.913359847194215],[-105.28021178742175,35.913379847222281],[-105.28021478756355,35.913411846903998],[-105.28022378798315,35.913440847345903],[-105.28023278750378,35.913473847073526],[-105.2802407878756,35.913486846775214],[-105.28025578767341,35.913509846939156],[-105.28027178751771,35.913534847195592],[-105.28026578814132,35.913561847545793],[-105.28025978786388,35.913568846970669],[-105.28023878779214,35.91359284718299],[-105.28023078742461,35.913629847096644],[-105.28020178788078,35.913645846939275],[-105.2801977876983,35.913678847567013],[-105.28019578760809,35.91370784711016],[-105.28019778770437,35.913748847208367],[-105.28017178740058,35.913768847235865],[-105.28013078729994,35.913776847608375],[-105.2801217877788,35.913737847603137],[-105.28010078770247,35.913708847161942],[-105.28009678751695,35.913706847069598],[-105.28007978762784,35.913699846746717],[-105.28006778797067,35.913694847415385],[-105.2800727873025,35.913688847137543],[-105.2800867879496,35.913669847156996],[-105.28007878757577,35.913633847290484],[-105.28006578786999,35.913602846756277],[-105.28004278770139,35.91357884744582],[-105.2800087879213,35.913542847580821],[-105.27997378809776,35.913539847444028],[-105.27996078749759,35.913565846849075],[-105.27996978791805,35.913604846854362],[-105.27997078796463,35.913607846993045],[-105.279993787235,35.913643846858726],[-105.27998578776626,35.913674847394105],[-105.27996878788008,35.913700846799358],[-105.27996678778763,35.913703846938283],[-105.27994578771624,35.913731847335654],[-105.27992178750597,35.913761846926384],[-105.27992378760136,35.913792847461231],[-105.27993778735315,35.913819846910954],[-105.27994378763363,35.913847847306776],[-105.27994478768299,35.913882847127418],[-105.27992778779732,35.913914846810279],[-105.27992178752187,35.913944847299277],[-105.27992678775553,35.913966847417569],[-105.27992678775553,35.913966847417569],[-105.27992778780184,35.913966847417498],[-105.2799297878955,35.913977847026977],[-105.27994178755466,35.914005847422459],[-105.27994478769637,35.914036847057915],[-105.27995178802314,35.91406384740737],[-105.27997778743136,35.914086847570694],[-105.28001178810905,35.914103847455927],[-105.28004478784088,35.91411784720249],[-105.28009178732179,35.914127847662449],[-105.28013278742331,35.914129846853264],[-105.28016478800593,35.914118847241845],[-105.28018278793905,35.914099847261056],[-105.28019078740971,35.914090846844175],[-105.28021778775947,35.914066847530897],[-105.28025778781331,35.914053846927125],[-105.2802987879156,35.914064847433686],[-105.280338787972,35.914080847272309],[-105.28035078762996,35.914094847020102],[-105.28036378823386,35.914111846906536],[-105.28040178819668,35.91411784718197],[-105.28040578748271,35.914117847181735],[-105.28044378744659,35.914135847112995],[-105.28044778763464,35.914166847647735],[-105.28045778810038,35.914193847097692],[-105.28048478755495,35.914216847260946],[-105.28052078742674,35.91424184751623],[-105.2805487878267,35.914261847540629],[-105.28057778827265,35.9142778473799],[-105.28059278806788,35.914271847101432],[-105.28061378814097,35.914262847583196],[-105.28064078759532,35.914283847653898],[-105.28066678790329,35.914311847149243],[-105.28067978760882,35.914339847544653],[-105.28069278821323,35.914362846809375],[-105.28069478830611,35.914364846901762],[-105.28070078768521,35.914368847086493],[-105.28072578794597,35.914386847018562],[-105.28074078774327,35.914404846951179],[-105.28074578797562,35.914411847274756],[-105.28075778763504,35.914442846909651],[-105.28078578803535,35.914466847119158],[-105.28078778813101,35.914500846893446],[-105.28081078829985,35.914527847242027],[-105.28084578812522,35.914551847451058],[-105.28088078795008,35.914569847382552],[-105.28091878791398,35.914588847360122],[-105.28093878794439,35.914621847087119],[-105.28096778839154,35.91465184757412],[-105.2810017881709,35.914679847068996],[-105.2810457884123,35.91469184762169],[-105.28105578797638,35.914691847621114],[-105.28107978818912,35.914690847573425],[-105.28111978824499,35.914700847134476],[-105.28114078832071,35.914722847251824],[-105.2811647876361,35.914743847322747],[-105.28117678819476,35.914773846911395],[-105.28119378808552,35.91479984721402],[-105.2812237876789,35.914820847284595],[-105.28126278768954,35.914843847447166],[-105.28130978807084,35.914865847563014],[-105.2813387885173,35.914887847679857],[-105.2813637878799,35.914919847360316],[-105.28137978772568,35.914961847503946],[-105.28139478842316,35.914988846953683],[-105.28141278836034,35.915015847302506],[-105.2814577877498,35.915039847511018],[-105.28149378851977,35.91505184716479],[-105.28152178802019,35.915069847096682],[-105.28158878842628,35.915060847575731],[-105.28161478783335,35.915070847137599],[-105.2817907878942,35.915056847379084],[-105.281874788189,35.915050847096644],[-105.28197778846479,35.915042847619929],[-105.28206678809185,35.915035847290888],[-105.28315878832632,35.914949846846497],[-105.28319778833468,35.914946847604789],[-105.2832557883229,35.914928846768618],[-105.28339478846524,35.914885847469151],[-105.28348378898848,35.914841847226931],[-105.28348478813531,35.914839847134353],[-105.28352978841721,35.914784847285091],[-105.2835827881749,35.914779847050681],[-105.283642788257,35.914775846862177],[-105.28364378830328,35.914774846815796],[-105.28382378853995,35.914651847409907],[-105.28386378859253,35.914623847011512],[-105.28391278906004,35.914571847300742],[-105.28382078832631,35.91379284723719],[-105.28379378885431,35.913568846767497],[-105.28378478843055,35.913491846802785],[-105.283830788759,35.913438847045981],[-105.2837907886729,35.913080846672621],[-105.28371778888561,35.913060846650822],[-105.28358878830058,35.913025846837535],[-105.28347678850504,35.913010847049271],[-105.28336378866493,35.91301584728712],[-105.28313978817505,35.912991847088882],[-105.28302678833528,35.913000846612469],[-105.28296478815656,35.912959846517722],[-105.28274978808639,35.912965846807708],[-105.2827417886091,35.912897847259309],[-105.28273878846817,35.912875847140917],[-105.28267678828946,35.912834847046241],[-105.28265478815365,35.912654846813389],[-105.28271478823191,35.912606847287087],[-105.28275378823383,35.912528847273364],[-105.28274178856925,35.912438846707325],[-105.28276478782929,35.912356846509404],[-105.28290978824118,35.91221584717205],[-105.28296278799247,35.91213784715751],[-105.28301878787468,35.911965846390949],[-105.28301378853783,35.911914846729609],[-105.28302878833252,35.911901847026598],[-105.28304578821897,35.911878846860809],[-105.28305778787437,35.911862847019165],[-105.2830857882692,35.911823847011796],[-105.28311478781153,35.911790846382658],[-105.28313178859639,35.911756846607254],[-105.2831537878137,35.911715846507754],[-105.28316978855183,35.91167784654732],[-105.28318378829823,35.911642846725805],[-105.28319378785875,35.91160184662693],[-105.28317878806007,35.911568846899648],[-105.28315778798367,35.911538846412206],[-105.28311678788008,35.91151284701025],[-105.2830827881003,35.911479846384708],[-105.28303478857174,35.911454847029489],[-105.28298878823512,35.911413846933797],[-105.28293078824196,35.911374846931388],[-105.28288978813693,35.911331846742947],[-105.2828417877074,35.911287846508593],[-105.2827797884288,35.911255846830265],[-105.2827487878904,35.911242846230579],[-105.2827217884369,35.911231846622542],[-105.28266178835165,35.911199846944093],[-105.28261678806236,35.911169846457959],[-105.28256778758546,35.911113846567829],[-105.28251878800779,35.911056846631375],[-105.28249678788085,35.910978846621163],[-105.28246678828346,35.910911846220955],[-105.28245878790757,35.91085284618967],[-105.28244478815328,35.910796846297522],[-105.28243978791966,35.910774846179251],[-105.28243078839894,35.910740846405325],[-105.28242778825593,35.91069484697519],[-105.28242378806684,35.910651846784631],[-105.28241878783196,35.91061484687166],[-105.28241178750484,35.910583846337168],[-105.28240078789069,35.910540846146915],[-105.28240978830429,35.910500846993735],[-105.28241278754079,35.910463846180988],[-105.28241278754052,35.91046084694149],[-105.2824047880645,35.910407846288486],[-105.2823967876905,35.910369846329452],[-105.28237378752053,35.910329846278756],[-105.28236378795218,35.910280846710243],[-105.28235878771828,35.910255846453161],[-105.28230878809552,35.910212846265246],[-105.28226278775907,35.910173846262083],[-105.28225778752297,35.910122846600778],[-105.28223078806872,35.910103846622576],[-105.28217678826121,35.910067846758722],[-105.28211778822157,35.910027846710051],[-105.28205578804321,35.909990846800433],[-105.28199378786539,35.909959846269039],[-105.28193678791941,35.909930846729225],[-105.28188878748986,35.909886846494857],[-105.28184878743308,35.909865846424914],[-105.28180478808987,35.90984084617007],[-105.28175178743005,35.909812846676324],[-105.28171378746593,35.909791846606225],[-105.28168878810352,35.909762846165229],[-105.28166678798021,35.909726846299542],[-105.28165278732817,35.909688846340863],[-105.28167378739889,35.909652846472703],[-105.2816797876748,35.909628846261242],[-105.28168378785838,35.909607846188763],[-105.28169478746533,35.909567846136142],[-105.28171378744257,35.909522846750995],[-105.2817347875114,35.909464846764287],[-105.28176278790417,35.909402846592059],[-105.28177878774083,35.909339846374337],[-105.28179478757819,35.90928484652671],[-105.28181878778699,35.909237846149431],[-105.28182878734664,35.909186846487188],[-105.28185978787943,35.909135846823837],[-105.2818967877908,35.909082846168168],[-105.28191078753657,35.909040846022812],[-105.28192278808895,35.908997846730628],[-105.28194178806636,35.908954846538698],[-105.28195678785778,35.908904846023169],[-105.28199278772284,35.908851846266892],[-105.28200878756024,35.908797846465568],[-105.28203078767598,35.908746845903352],[-105.28205478788504,35.908702846564182],[-105.28207978814001,35.908653846094317],[-105.28209978726476,35.908614846087431],[-105.28213578803066,35.908579846264672],[-105.28215178786948,35.908541846304217],[-105.28216078738394,35.908503846344267],[-105.28217478802931,35.908464846337651],[-105.28217978735823,35.908424846285364],[-105.28217578806859,35.90838384618727],[-105.28217578806851,35.908382846141031],[-105.28217778726119,35.908374846670135],[-105.28218378753621,35.908339845949776],[-105.28218878776433,35.908298845851171],[-105.28221978739765,35.908245846095255],[-105.28225878740177,35.908193846385039],[-105.28229578731302,35.908139846582529],[-105.2823187874734,35.908068845994244],[-105.28236578784822,35.908016846283637],[-105.28241278732344,35.90796084638793],[-105.28244778804232,35.907917846195112],[-105.28247578753925,35.90789584607495],[-105.28251478754521,35.907864846437064],[-105.28253578761671,35.907837846086011],[-105.28253978779772,35.907787846470363],[-105.28254278793422,35.907758846027782],[-105.28254878731042,35.907729846484379],[-105.28256978738163,35.907699845994472],[-105.28258678816685,35.907669846404161],[-105.28259478763493,35.907631846444204],[-105.28261778779718,35.907582845974453],[-105.28264578729123,35.907526846079897],[-105.28266578731281,35.907458845630522],[-105.2826787879109,35.907408846014441],[-105.28268078800289,35.907400845644155],[-105.2826987879322,35.907337846325646],[-105.28273478779623,35.907272846014216],[-105.28275178768104,35.907230845868689],[-105.28276078809603,35.907206845657065],[-105.28276378733521,35.907200846278585],[-105.28277978807395,35.907169845742764],[-105.28279178772861,35.907145846430282],[-105.28281578793653,35.907088845590373],[-105.28287478796778,35.907032845693983],[-105.28290278746245,35.906983846123275],[-105.28292378753278,35.906943846070078],[-105.28293978737196,35.90690984629471],[-105.28295178792546,35.906879845805356],[-105.28294778773576,35.906829846190199],[-105.28292678765028,35.906695846286951],[-105.28297978740656,35.90667484621158],[-105.28301578817471,35.906665845793093],[-105.28305178804345,35.9066558462277],[-105.28308878795835,35.906643845670423],[-105.2831537873715,35.90662384564061],[-105.28321578754613,35.906617846258825],[-105.28325078736941,35.9066178462568],[-105.2832587877401,35.906617846256367],[-105.28326378797173,35.906616846209765],[-105.28329478760875,35.906606845745323],[-105.28332978743256,35.906612846020913],[-105.28337778785898,35.906620845489002],[-105.28341678786906,35.906637846273277],[-105.28345078764812,35.906661845583052],[-105.28350378830638,35.90667184604267],[-105.28356278744273,35.906666845807969],[-105.28361278796096,35.906664845712562],[-105.28365678820126,35.906663845663779],[-105.28368278760763,35.90666584575478],[-105.2837187874775,35.906668845891517],[-105.28375278815416,35.90667384612091],[-105.28380278777395,35.906681845588828],[-105.28386178781102,35.906692846094394],[-105.28390278791305,35.906700845562831],[-105.2839417879229,35.906714846208345],[-105.28397978788642,35.906728845954561],[-105.28401678780322,35.906738845515783],[-105.28404978843371,35.906744845791494],[-105.28408378821095,35.906748845974597],[-105.28412078812703,35.906749846018776],[-105.284181788255,35.906740845598854],[-105.28423378796575,35.906728845939966],[-105.28423478801199,35.906727845893656],[-105.28428478763051,35.906721845613198],[-105.28432678777929,35.906734846212245],[-105.28436078845644,35.906744845773638],[-105.28436278764983,35.906744845773503],[-105.28443078810788,35.906800845662552],[-105.28456878821721,35.906911846293639],[-105.28457978782899,35.90692684608765],[-105.28458378801484,35.906932845465718],[-105.28461478855418,35.90695684567504],[-105.28462878830726,35.906998845818812],[-105.28465878790429,35.907061846033862],[-105.28467578779541,35.907091845622297],[-105.28471678789981,35.907127845486905],[-105.2847357878847,35.907170845676596],[-105.28478578840684,35.907213845864526],[-105.28482378837333,35.90726184628452],[-105.28484478844949,35.907288845733895],[-105.28485978824692,35.907307845712793],[-105.28486578852593,35.907318846221358],[-105.28488278841718,35.907350845902286],[-105.28491378805826,35.907387845813687],[-105.28494278850447,35.907406845791776],[-105.28495878834755,35.907417846299829],[-105.28500778792178,35.907434846184202],[-105.2850107880609,35.907435846230285],[-105.28505178816289,35.907443845698765],[-105.28509678845104,35.907460845583387],[-105.28513778855437,35.90748384574583],[-105.28518678812847,35.90749984558397],[-105.28522578813937,35.907525845885324],[-105.28529978797329,35.907548846045891],[-105.28534478826302,35.907583845863996],[-105.28541078862693,35.907622845865966],[-105.28546878862011,35.907661845868361],[-105.28547378795281,35.907665846053199],[-105.28549978825973,35.907681845892647],[-105.28555378806547,35.907696845684185],[-105.28561278810315,35.907714845614301],[-105.28569678839933,35.907724846072142],[-105.28573378831548,35.907726846162561],[-105.28576078866743,35.907727846207244],[-105.28581278837953,35.907731845490005],[-105.28587478855648,35.90775284555874],[-105.28593878882546,35.907765846156543],[-105.28596778837381,35.907801846021819],[-105.28598778840394,35.907831845610005],[-105.28600578834029,35.907849845542486],[-105.28601478875807,35.907857845912062],[-105.28605378876809,35.907873845750764],[-105.28605978814707,35.907876845889248],[-105.28612678855671,35.907908845567277],[-105.28617878827019,35.907928845590291],[-105.2862327889757,35.907948845613177],[-105.28628578873567,35.907970845728691],[-105.28636078861598,35.907994845935491],[-105.28643078826421,35.908013845911221],[-105.28643378840333,35.908014845957297],[-105.28644078872804,35.908018846141943],[-105.28649078834982,35.908049845774713],[-105.28652678822161,35.908074846029947],[-105.28657178851117,35.908107845755573],[-105.28662878845691,35.908134846102151],[-105.28668778849482,35.908154846124766],[-105.28673478887623,35.908178846333165],[-105.28679578900712,35.908202845641398],[-105.28683578906345,35.908217846333123],[-105.28688678872932,35.90822384570847],[-105.28693278906238,35.908223845705827],[-105.2869887889599,35.90822884593392],[-105.28706378883892,35.908237846346005],[-105.28712878915222,35.908227845879615],[-105.28713878871626,35.908226845832772],[-105.28719178847408,35.908223845690948],[-105.28725378864853,35.908215846216528],[-105.2873027891209,35.90821984549946],[-105.28737278876868,35.908233846143197],[-105.28740178921566,35.908261845638336],[-105.28742778862474,35.908294846264369],[-105.28746378849756,35.908331846175471],[-105.28750678869456,35.908365845947451],[-105.28754078847345,35.90838884611032],[-105.28759778931773,35.908405845994224],[-105.28761678929992,35.908417845649041],[-105.28764678889313,35.908436845627058],[-105.2876947893203,35.908453845511488],[-105.28776378892232,35.908474845579846],[-105.28777178929325,35.908476845671863],[-105.28782578909917,35.908493845555952],[-105.2878737886261,35.908500845877128],[-105.28792978942423,35.908519845853604],[-105.28797878899832,35.908535845691723],[-105.28802178919351,35.908549846337017],[-105.28805278883284,35.908565846176181],[-105.28810678863981,35.908594845716188],[-105.28815378902148,35.908621846063333],[-105.28821178901283,35.90863984599352],[-105.28825778934564,35.908636845852058],[-105.28828678889069,35.908634845757824],[-105.28834278878735,35.908629845523329],[-105.28839978873046,35.908625846234244],[-105.28845278938827,35.908630845563245],[-105.28849878882301,35.908642846115818],[-105.28854278906509,35.908662846139279],[-105.28858578926082,35.908682846162819],[-105.28858978944641,35.908684846255142],[-105.28865178962378,35.908710845655868],[-105.28870078919675,35.908713845791851],[-105.2887567890936,35.908710845649836],[-105.28879578910231,35.908711845693837],[-105.28882978887849,35.908702846174791],[-105.28883378906367,35.90870084608207],[-105.288857789275,35.908682846147187],[-105.28893078905915,35.90866684630204],[-105.2889727892061,35.908658845929509],[-105.2890367894715,35.908630845529672],[-105.28906878915578,35.908630845527838],[-105.28908978922962,35.908630845526638],[-105.28914478908196,35.908648845456916],[-105.28920078897765,35.9086328456128],[-105.28925378963365,35.908616845768826],[-105.28930878948289,35.908598845832145],[-105.28937578898847,35.908576845709739],[-105.2894217893185,35.908541845886397],[-105.2894877896769,35.908517845671547],[-105.28955278909035,35.908501845826869],[-105.28960478970046,35.908490846214299],[-105.2896887890949,35.908472845376643],[-105.28973678952018,35.90846784604183],[-105.2897887892278,35.908420845662981],[-105.28984678921682,35.90841184614257],[-105.28989478964131,35.908397845492097],[-105.28995178958357,35.908383845740367],[-105.29001278971039,35.908360845572076],[-105.29005678905007,35.908345845774896],[-105.29010078928869,35.908325845746319],[-105.29017178988003,35.90831584617888],[-105.29023378915481,35.908303845620175],[-105.29028778985796,35.908296846192464],[-105.29034278970872,35.908296846189309],[-105.29038978918932,35.908302845564897],[-105.29044978927234,35.908309845885299],[-105.29049578960698,35.908327845816174],[-105.29054379003398,35.908342845608097],[-105.29058078995165,35.908362845631956],[-105.29059078951617,35.908367845862692],[-105.29067478981287,35.908383845698836],[-105.2907247894311,35.908373846132605],[-105.29077178980869,35.908353846103907],[-105.29078178937259,35.90835184601076],[-105.29082178942664,35.908340845499552],[-105.29087379003624,35.908323845609374],[-105.29093478926356,35.908298845348511],[-105.29099179010376,35.908269845802153],[-105.29099978957477,35.908264845570329],[-105.29103178925736,35.908245845588802],[-105.29107578949599,35.908225845560203],[-105.29112879015138,35.90820284539236],[-105.29117378953708,35.908183845410022],[-105.2912217899615,35.908168845612622],[-105.29127478971816,35.908152845768619],[-105.29132379018785,35.90812584541591],[-105.2913717897125,35.908105845387134],[-105.29142978969961,35.908074845748168],[-105.29148678963993,35.90803884587794],[-105.29155679018324,35.908008845385254],[-105.29162678982783,35.907986845262663],[-105.29169079009392,35.907966845232991],[-105.29174578994305,35.907947845250092],[-105.29182479000495,35.907927845219547],[-105.29187478962295,35.907915845560758],[-105.29188579013254,35.90791384546764],[-105.29192179000137,35.907904845948472],[-105.29196379014809,35.907893845437101],[-105.29199979001656,35.90788084573289],[-105.29203578988488,35.907865845936186],[-105.29206678952175,35.907853845379172],[-105.29210179024339,35.907842845767576],[-105.29213579001919,35.907829845164095],[-105.29214378949035,35.907826845924234],[-105.2921817903505,35.907809845135453],[-105.29221579012594,35.907792845246313],[-105.29225178999407,35.907775845357044],[-105.29228478972325,35.9077598455142],[-105.29231779035173,35.907742845625101],[-105.29235579031266,35.90772684578198],[-105.29240979011591,35.907713845177398],[-105.29246278987378,35.907710845934879],[-105.29248579004027,35.907710845933565],[-105.29249678965067,35.907710845932918],[-105.29253478961316,35.907712845123918],[-105.29257578971449,35.907712845121566],[-105.29261778986206,35.907711845972237],[-105.29266179010193,35.907706845738346],[-105.29270779043422,35.907697845319333],[-105.29275478991326,35.907686845706991],[-105.29279779010635,35.907675845195605],[-105.29283679011411,35.907665845630028],[-105.29287479007523,35.907652845925696],[-105.2929167902208,35.907628845712182],[-105.29295179004208,35.907605845545355],[-105.29296578979054,35.907593845888677],[-105.29299279014039,35.907570845722319],[-105.29303279019291,35.907542845323832],[-105.29306779001516,35.907530845665988],[-105.2930827898108,35.907528845572571],[-105.29311579044018,35.907522845293066],[-105.29314879016988,35.907512845727844],[-105.29319379045467,35.907490845606695],[-105.29324078993211,35.907460845115331],[-105.29328078998482,35.907434845708735],[-105.29330879038122,35.907413845634821],[-105.29333778992421,35.907387845329573],[-105.29334479024814,35.907382845097864],[-105.29337079055185,35.907361845024056],[-105.29340279023454,35.907343845088761],[-105.29342779049314,35.907336845662805],[-105.29345578999134,35.907328845291019],[-105.29348978976591,35.907301845838532],[-105.2935247904873,35.907287845188748],[-105.29355979031014,35.907282845854752],[-105.29358678976241,35.907279845714399],[-105.29362479062415,35.907280845758464],[-105.29367379019686,35.907280845755643],[-105.29372678995367,35.907265845058646],[-105.29379279031266,35.907248845167608],[-105.29384278992933,35.907220845667929],[-105.29388078989045,35.907207845064271],[-105.29392579017583,35.907192845267005],[-105.29397379060032,35.907178845515851],[-105.29402079007909,35.907163845718451],[-105.2940627902252,35.907145845782523],[-105.29410179023181,35.907122845615504],[-105.29414679051624,35.907096845309297],[-105.29418079029055,35.907066845718006],[-105.29419078985399,35.907058845347258],[-105.2942447905543,35.907019845338404],[-105.29429479016984,35.90697884523729],[-105.29465179052319,35.90695084571994],[-105.29627579112642,35.906834844756261],[-105.29779779150032,35.906727845114183],[-105.29861879084997,35.906438845185733],[-105.29964879175162,35.905697845017166],[-105.30023179172007,35.904909844498427],[-105.30086179117129,35.904152844511891],[-105.30201979167455,35.903011844715053],[-105.30224679137167,35.90266284384343],[-105.30229479179781,35.90266784407202],[-105.3023067914532,35.902651844230405],[-105.30237479189891,35.902565843844812],[-105.3024417913996,35.902486843783166],[-105.30251279198399,35.902396844111735],[-105.3025787914371,35.902303844301755],[-105.30266079163094,35.902202844120673],[-105.30273979168598,35.902103844032368],[-105.30282679211138,35.902000843758515],[-105.30290379207433,35.901908843994143],[-105.30297679185215,35.901819844368866],[-105.30304179215965,35.90174284439987],[-105.30310479147502,35.901664844384761],[-105.30316579159707,35.901586844369689],[-105.30322479162623,35.9015068442623],[-105.30328179156379,35.901438843810794],[-105.30334979201115,35.901371844304364],[-105.30335379219616,35.901367844119022],[-105.30339979162487,35.901309844130871],[-105.30343379229683,35.901260843660495],[-105.30345279227451,35.901220843607426],[-105.30346079174308,35.901187843878809],[-105.303468792109,35.901132844031665],[-105.30341679149682,35.901119844332435],[-105.30330279159321,35.90092684350347],[-105.30329479211734,35.900875843842279],[-105.30330879186225,35.900823844133576],[-105.30334379168023,35.900762844007261],[-105.30338179163647,35.90069284346437],[-105.30342479182386,35.900616843542885],[-105.30347479143592,35.900535843389719],[-105.30352779208539,35.900444843673021],[-105.30358579206859,35.900368843750741],[-105.30362879225594,35.90029184378303],[-105.3036727915904,35.900216843907728],[-105.30370179202872,35.900144844172168],[-105.3037247921887,35.900069843398832],[-105.30374979154276,35.900002843894796],[-105.30375579181943,35.899986844053501],[-105.30380379223786,35.899902843761645],[-105.3038607921748,35.899827843885667],[-105.30391779211325,35.899770843943138],[-105.30398279152278,35.899709843815103],[-105.30404479169357,35.89965884325057],[-105.3041247917991,35.899607843584363],[-105.3041437917794,35.899598844066205],[-105.30421179222979,35.899565843434829],[-105.30429779171443,35.899519843999549],[-105.30437279158825,35.899468843434278],[-105.30444479222476,35.899444843219086],[-105.30450979163689,35.899413843579701],[-105.30455679201258,35.899371843432448],[-105.30460379238744,35.899319843721855],[-105.30464579163076,35.899261843733939],[-105.3046817923955,35.899213843309703],[-105.30470979188974,35.899159843507704],[-105.30473979237593,35.899105843705506],[-105.3047517920306,35.899081843493725],[-105.30477479219314,35.899035843162821],[-105.30482879199027,35.8989518437699],[-105.304879791649,35.898874843801721],[-105.30488779201875,35.898863843292339],[-105.3049477920935,35.898774843667759],[-105.3050017918905,35.898689843329286],[-105.30505579168782,35.898607843129582],[-105.30510479215265,35.898524843783278],[-105.30514779233974,35.898444843676756],[-105.30518179210952,35.898362843478189],[-105.30521679192577,35.898281843325876],[-105.30523479185723,35.898242843319082],[-105.30525279178862,35.898203843312302],[-105.30528779160487,35.898122843159989],[-105.30532979174525,35.898038843767779],[-105.30536579160766,35.897955843522865],[-105.30540379246189,35.897870843185302],[-105.30543479209261,35.897787842940666],[-105.30545979234601,35.897720843436637],[-105.30546679176959,35.897703843549046],[-105.30549479216238,35.897641843376874],[-105.3055017915861,35.897625843535522],[-105.30553579225538,35.897545843429533],[-105.30558779196069,35.897471843600087],[-105.30565479236078,35.89739384358473],[-105.30572779213971,35.897316843615279],[-105.30582179199223,35.897237843552126],[-105.30591579184529,35.897164842867198],[-105.30593679191777,35.897149843071297],[-105.30600879165262,35.89709884340553],[-105.30608379242531,35.897042843508267],[-105.30613779222548,35.896993843036761],[-105.3061917920256,35.896943843418235],[-105.30622979198273,35.896884843384328],[-105.30626479180098,35.896826843396809],[-105.30628879200752,35.896753842715903],[-105.30632379182492,35.896686843211342],[-105.30636479192027,35.896617842714541],[-105.30638179180274,35.896548843118453],[-105.30639879168527,35.896479842623016],[-105.30641079223446,35.896400843463894],[-105.30641779255133,35.896313843035564],[-105.30641679249706,35.896222843321979],[-105.30640179179331,35.896122843192792],[-105.30638379185311,35.896060843023221],[-105.30637179219259,35.896017842833096],[-105.30634379178521,35.895911843326374],[-105.30632879198066,35.895810843150912],[-105.30631379217634,35.895712843114268],[-105.30630479175092,35.895615843123487],[-105.30630879193254,35.895572842932445],[-105.30631179206738,35.895524842510113],[-105.30633679231869,35.895433842795022],[-105.30636579185655,35.895348842457999],[-105.30640179171868,35.895262842973587],[-105.30643079215542,35.895172842405195],[-105.30646179178561,35.89508384278227],[-105.30649779164852,35.895006842815008],[-105.30674879245264,35.894597842763254],[-105.30695479209002,35.894410843092778],[-105.30703679228731,35.894348842917516],[-105.30711979253016,35.894278842372032],[-105.30719779254133,35.894207842679904],[-105.30728379202407,35.894139842226792],[-105.30736079198944,35.894075842858591],[-105.30744079209393,35.894012842637125],[-105.30751379187292,35.893936842713998],[-105.30758479245803,35.893854842513299],[-105.30762679260064,35.893796842525404],[-105.30763779220975,35.893781842730114],[-105.30782579191411,35.893615842233579],[-105.30809179253565,35.893455842909567],[-105.30803279248089,35.893240842858148],[-105.30805379255087,35.89319684261983],[-105.30808679227729,35.893148842195771],[-105.30810279211742,35.893125842030052],[-105.30815379267557,35.893049842108162],[-105.30820879251904,35.892965842715206],[-105.30825179180658,35.892883842516142],[-105.30829179185534,35.892811842779942],[-105.30832279238741,35.89275284274639],[-105.30835579211268,35.892690842573899],[-105.30834779263648,35.892635842727664],[-105.30831579204761,35.892574842605192],[-105.30826279228383,35.892508842252646],[-105.30820479228761,35.892434842429502],[-105.30813979196783,35.892369842123884],[-105.30805879180582,35.892303842672192],[-105.30798179182874,35.892232842089648],[-105.30790579189777,35.892159842313866],[-105.30782479173568,35.8920928419166],[-105.3077477917585,35.892020842187158],[-105.30773879223996,35.892011842670556],[-105.30747979188536,35.891508841896332],[-105.30716979186187,35.890965841972296],[-105.30617679169687,35.89080084248922],[-105.30498679142462,35.890965842097657],[-105.30492179111013,35.890961841916358],[-105.30403579142541,35.891009842389387],[-105.30306479048697,35.890910842361336],[-105.30221079045424,35.890586842708444],[-105.30212479094465,35.890345842354968],[-105.30206779098729,35.890184842103871],[-105.30342979102466,35.888733842341786],[-105.30463079099627,35.889594842538308],[-105.30579579104518,35.889842842254374],[-105.3068677912578,35.889823842213048],[-105.30756579214777,35.890060842346337],[-105.30838279229027,35.890681842252711],[-105.30928279262173,35.890610841614063],[-105.3093447919011,35.890651841708824],[-105.30957079247999,35.890633841762337],[-105.30966979257346,35.890661842152817],[-105.30977879222876,35.890662842192789],[-105.30985379210638,35.890655841864636],[-105.31108079235615,35.891200841828493],[-105.31357579285506,35.89111584224915],[-105.31516179354533,35.891569841579432],[-105.3171267937844,35.891703841371005],[-105.31807779455295,35.890161841019626],[-105.31959179443533,35.888663840872987],[-105.32127779513688,35.887663841274232],[-105.32237979481755,35.886220840997993],[-105.32422879497568,35.885185840669891],[-105.32530479529078,35.884211840510453],[-105.32603679576624,35.882241840154613],[-105.32593979476545,35.881052840007719],[-105.32612279510592,35.880522839757575],[-105.32617579486241,35.880504839821036],[-105.32623579494316,35.880484839791599],[-105.32653079504286,35.879551839775253],[-105.32656279562444,35.879528839608618],[-105.32659679539931,35.879504839395601],[-105.32661479533284,35.879489839599884],[-105.32662979512745,35.879476838997569],[-105.32664079563682,35.879471839664937],[-105.32666979518056,35.879454838876711],[-105.32669779557699,35.879434839748413],[-105.32672179488856,35.879411839582247],[-105.32672779516608,35.87940583930429],[-105.32675779565471,35.879379838998965],[-105.32679479556846,35.879354839638786],[-105.32681579563963,35.879323839102689],[-105.32685179550758,35.879304839120842],[-105.32687279557884,35.879274839530304],[-105.32690379521412,35.879244839039821],[-105.32693579489602,35.879217839587454],[-105.3269717956634,35.879199839651861],[-105.32700379534546,35.879174839392675],[-105.32703479498143,35.879151839226097],[-105.32706779560975,35.879133839290745],[-105.32709979529174,35.879107838985298],[-105.32713979534532,35.879091839142063],[-105.32717579521271,35.879065838836389],[-105.3272157952661,35.87904783890059],[-105.32722979501474,35.879038839382702],[-105.32725379522641,35.879024839632926],[-105.32728479576136,35.878998839327551],[-105.32732579496188,35.878981839437991],[-105.32736679506192,35.878966838741633],[-105.32739679555132,35.878949838852705],[-105.32742979528129,35.878942839426273],[-105.32746979533455,35.878922839397923],[-105.32750479515593,35.878900839277421],[-105.32753679573761,35.878879839203258],[-105.32754079502347,35.87887683906424],[-105.32757579574441,35.878857839082492],[-105.3276167949447,35.878838839100375],[-105.32765779504457,35.878821839210829],[-105.3276587950909,35.878821839210772],[-105.32769779509847,35.87880983955263],[-105.32774079529146,35.878797838995006],[-105.32778579557683,35.878782839197726],[-105.32782979581557,35.878764839261692],[-105.32787079501654,35.878752838704187],[-105.32790479569248,35.878748839416453],[-105.32794679583864,35.878731839526836],[-105.32797979556845,35.878722839108534],[-105.32802179571436,35.87870283908012],[-105.32805979567442,35.878676838774311],[-105.32809979572779,35.878658838838525],[-105.32813279545752,35.878648839273303],[-105.32815979580673,35.878617838736822],[-105.32818679525684,35.878589839238451],[-105.32821479565349,35.878571839303341],[-105.32824779538277,35.878556839506793],[-105.32827779587122,35.878528839108924],[-105.32845279588979,35.878561838827025],[-105.32887979585962,35.878187838585873],[-105.32889679573663,35.878055838772951],[-105.32893079548984,35.877781838684442],[-105.3292917960149,35.877596839097627],[-105.32931279608685,35.877575839024161],[-105.32933279521286,35.877550838765657],[-105.3293357953511,35.877541839248401],[-105.32934179562758,35.877523838415222],[-105.32936079560666,35.877499839102406],[-105.32937479535356,35.877470838659185],[-105.32939879556437,35.877446838446758],[-105.32942679596017,35.877418838948309],[-105.32944379584758,35.877406838392126],[-105.32945579550359,35.877397838874344],[-105.32947079529707,35.877371838569857],[-105.32949979573998,35.877352838588472],[-105.32950779611004,35.877344839117207],[-105.32952079581193,35.877330838468751],[-105.32954979535542,35.877310838441026],[-105.32957179547378,35.87728983836751],[-105.32959579568461,35.877266839100663],[-105.32962079594208,35.87724683907323],[-105.32964379610667,35.877224838953346],[-105.32967279565024,35.877205838971932],[-105.32971379574941,35.877180838712214],[-105.3297407960996,35.877161838730927],[-105.32977079568987,35.877146838934543],[-105.32980679555703,35.877118838536333],[-105.32981079574228,35.877116838443534],[-105.32983679604658,35.877102838693645],[-105.32986579558998,35.877081838619674],[-105.3299017954575,35.877057838406564],[-105.32993079590041,35.877038838425143],[-105.32995479611132,35.877016838305238],[-105.3299797954693,35.87699483908456],[-105.33000379568044,35.876974839057176],[-105.33003579536266,35.876951838890541],[-105.33006479580494,35.876925838585258],[-105.33007479536838,35.876917839113901],[-105.3301117961812,35.876889838715606],[-105.3301137953745,35.876888838669245],[-105.33014679600301,35.876872838826408],[-105.33017279540739,35.8768518387526],[-105.33019679561805,35.876826838493876],[-105.33019779566435,35.876825838447566],[-105.33022879619928,35.87679983904151],[-105.33025379555727,35.87677783892152],[-105.33028579613772,35.876741839052734],[-105.33030579616319,35.876718838886759],[-105.33034479616965,35.876693838627183],[-105.33036979552797,35.876675838692243],[-105.33040079606366,35.876657838757019],[-105.33044779554193,35.876637838728307],[-105.33047579593702,35.876601838859763],[-105.33050679557211,35.876568838230476],[-105.33052679559766,35.876546839010075],[-105.33054879571586,35.876523838844008],[-105.33057879620385,35.876490838214821],[-105.33060079542282,35.876468838994334],[-105.3306297958645,35.876435838365204],[-105.33065479612183,35.876414838291474],[-105.33067379610098,35.876391839024876],[-105.33070679582997,35.876372839043313],[-105.33071579624657,35.876367838811433],[-105.33072879594836,35.876352839015986],[-105.33074379574269,35.876335838228599],[-105.33075179611266,35.876326838711044],[-105.3307737962308,35.876303838544963],[-105.33079679549603,35.876280838378854],[-105.33082379584502,35.876247838649178],[-105.33083979568481,35.87622083829833],[-105.33086579598721,35.876184838429893],[-105.33087179626422,35.876172838773662],[-105.33088379591857,35.87614483837686],[-105.33090279589655,35.87610883850882],[-105.3309177956901,35.876082838204347],[-105.33093579562285,35.876058838891531],[-105.33095879578744,35.876036838771668],[-105.33097779576661,35.876013838605758],[-105.33100279602263,35.875977838737377],[-105.3310257961859,35.87593983877656],[-105.33104379611858,35.875915838564474],[-105.3310557957744,35.875904838954135],[-105.33106779632965,35.875894838490787],[-105.33108779635512,35.875871838324827],[-105.33110579628782,35.875847838112755],[-105.33112579631232,35.875812838290905],[-105.33113779596678,35.875786838885922],[-105.33116179617663,35.87575183816454],[-105.33117379582997,35.875712838158101],[-105.3311847963375,35.875686838753175],[-105.33118979566733,35.875657838310495],[-105.33120379631292,35.875620838396429],[-105.33121179578102,35.875582838436451],[-105.33121479591796,35.875558838225217],[-105.33121579596394,35.875554838040117],[-105.3312167960071,35.875517838126804],[-105.33122479547606,35.875489838629569],[-105.33122879565802,35.875450838623578],[-105.33123479593374,35.875423838273328],[-105.33124279630111,35.875384838267117],[-105.3312537959083,35.875347838353285],[-105.33126179627557,35.87530783830077],[-105.33127579602207,35.875273838525573],[-105.33128479553739,35.875245838128912],[-105.33129779613678,35.875210838307439],[-105.3313077956979,35.875176838532489],[-105.33132479558358,35.875144837950288],[-105.33133379599893,35.875124838823041],[-105.33133979627594,35.875112838267533],[-105.33134779574394,35.875073838261336],[-105.33136879581535,35.875045838763278],[-105.33139779625739,35.875016838319191],[-105.3314177962821,35.874984838636159],[-105.33143179602909,35.874956838239193],[-105.33145979552471,35.874918838278134],[-105.33148679587342,35.874881838363329],[-105.33150479580618,35.874858838197497],[-105.3315257958777,35.87483183874577],[-105.33154279576338,35.874799838163582],[-105.33155479631723,35.8747738387586],[-105.33157079615675,35.874743838268962],[-105.33158679599576,35.874707838401093],[-105.33160479592803,35.87467883795766],[-105.33163079623077,35.874646838274266],[-105.33165079625617,35.874622838062066],[-105.33168879621552,35.874588838285433],[-105.33171679571295,35.874571838396626],[-105.33174179597026,35.874549838276643],[-105.33176779627395,35.874528838202899],[-105.33179279563188,35.874506838082901],[-105.33182179607468,35.87448683805524],[-105.33184679633189,35.874463837888939],[-105.33187179568995,35.874442837815266],[-105.3318727957362,35.874441838668275],[-105.33189979608636,35.874421838640679],[-105.33192579639015,35.874401838613181],[-105.33195379588744,35.874383838678121],[-105.33197779609823,35.874359838465644],[-105.33199579603094,35.87433583825355],[-105.33202979580598,35.874313838133048],[-105.33207279599719,35.874281838448695],[-105.33209679620764,35.874253838051153],[-105.33213679625982,35.874221838366957],[-105.33216379571085,35.874204838478192],[-105.33218979601402,35.874176838080551],[-105.33221179613145,35.87414583844371],[-105.33223979562855,35.874124838369788],[-105.332264795886,35.874104838342362],[-105.33229179623515,35.874073837805831],[-105.3323287961483,35.874040838075565],[-105.33236279592336,35.874019838001367],[-105.33239379645923,35.874003838158657],[-105.3324227960029,35.873985838223476],[-105.33247179647249,35.873957837824506],[-105.33249879592346,35.873939837889509],[-105.33252579627373,35.873920837908202],[-105.33254779639208,35.873899837834642],[-105.33257579588911,35.873878837760785],[-105.33260579637874,35.873863837964358],[-105.33262679645054,35.873840837798369],[-105.33265779608647,35.873817838531089],[-105.33268979576934,35.873801837788982],[-105.33271679611961,35.873783837853985],[-105.33274379646949,35.873760837687577],[-105.33277379605909,35.873737838420368],[-105.33280979592635,35.873710838068448],[-105.33284479574773,35.873688837947881],[-105.33286879595872,35.873667837874265],[-105.33289479626254,35.873647837846711],[-105.3329277959912,35.873625837726323],[-105.33295579638796,35.873608837837466],[-105.33298079574591,35.873586837717482],[-105.33301079623445,35.873559838265209],[-105.33303279635237,35.873533837960331],[-105.33305779571062,35.873514837979158],[-105.33308779619949,35.87349183781263],[-105.33311079636415,35.873470837739006],[-105.33312979634323,35.873446838426176],[-105.33314979636863,35.873422838213983],[-105.3331737965796,35.873400838094049],[-105.3331967958448,35.873377837927919],[-105.33322379619497,35.873358837946625],[-105.33325379578487,35.873338837918901],[-105.33328979655231,35.873321838029582],[-105.3333207961887,35.873304838140605],[-105.33335179582508,35.87328683820531],[-105.33338179631413,35.873265838131339],[-105.33340879576498,35.87324583810382],[-105.3334427964392,35.873222837937071],[-105.33347279602894,35.873201837863029],[-105.33349679623879,35.873166838040959],[-105.33352479663468,35.873139837689472],[-105.33355179608469,35.873110838144861],[-105.33356979601717,35.873083837793885],[-105.33360779597821,35.873069838043328],[-105.33361079611724,35.873069838043151],[-105.33364879607869,35.87305983757831],[-105.33369079622486,35.873042837688701],[-105.33369879659534,35.873039837549435],[-105.33372279590789,35.873028837938413],[-105.33376479605363,35.873006837817506],[-105.33379779668284,35.872998838344778],[-105.33383079641264,35.872989837926475],[-105.3338677963273,35.872974838129714],[-105.33391679589836,35.872955838147128],[-105.33396279623024,35.872942837543043],[-105.3339977960529,35.872935838116504],[-105.33404779657002,35.872920838318926],[-105.33405079670894,35.872919838272502],[-105.33408379643883,35.872911837900439],[-105.33411879626098,35.872898838196271],[-105.3341507959442,35.872886837639228],[-105.33415879631463,35.872883837499977],[-105.3341847966192,35.872872837888906],[-105.3341947961831,35.872870837795766],[-105.33421979644196,35.872866837609287],[-105.33425779640278,35.872849837719919],[-105.33426179658795,35.872847837627106],[-105.33426579677321,35.872846837580646],[-105.33429679641056,35.872839838154341],[-105.33433579641866,35.872833837874488],[-105.33436379681548,35.872817838031928],[-105.33438779612796,35.872805837475333],[-105.33440479601562,35.872796837957267],[-105.33443479650525,35.872781838160897],[-105.33446379604909,35.872765837418974],[-105.33449579663171,35.872754837807499],[-105.33452879636117,35.872741838103444],[-105.33455979599761,35.872724838214474],[-105.33459379667279,35.872712837657332],[-105.33464079615172,35.872699837952482],[-105.33467479682717,35.872690837534172],[-105.33472379639858,35.872675837736644],[-105.33477379601635,35.872660837939094],[-105.33480979678433,35.872649837428114],[-105.33484779674619,35.872644838093898],[-105.33489679631776,35.872631837489607],[-105.33494079655681,35.872616837692462],[-105.33496979610074,35.872601837896084],[-105.33500579686915,35.872595837616416],[-105.33501979661838,35.872593837523063],[-105.33505579648704,35.872582837911409],[-105.33509379644822,35.872569838207077],[-105.3351357965943,35.872551837371851],[-105.33513879673325,35.872550837325427],[-105.33517979683266,35.87252883810384],[-105.33521479665559,35.872524837916778],[-105.33524179610649,35.872505837935485],[-105.33527979696584,35.872479837629683],[-105.33532779649049,35.872459837600914],[-105.3353607962201,35.872448837989452],[-105.33537479686861,35.872445837849838],[-105.33539379684932,35.872440837617397],[-105.33541479692187,35.872425837821488],[-105.33541979625387,35.872421837636161],[-105.33544479651134,35.872401837608727],[-105.33549079684303,35.872386837811369],[-105.33549379698206,35.872386837811206],[-105.33553379703619,35.872376837346245],[-105.33556679676565,35.872363837642226],[-105.33559579630968,35.872349837892166],[-105.33562279666012,35.872333838049649],[-105.33565179620388,35.872316837261486],[-105.33569079621191,35.872309837834642],[-105.33571879660865,35.872292837945842],[-105.33574879619898,35.872278837296413],[-105.33578879625173,35.872252837889825],[-105.33581179641651,35.872232837862498],[-105.33585779674812,35.872216838018929],[-105.33590079693965,35.872188837620286],[-105.33594279708545,35.872166837499314],[-105.3359697965366,35.872150837656818],[-105.33600479635727,35.872120838065477],[-105.33603979707797,35.872098837944918],[-105.33606179629662,35.872073837686294],[-105.33608179632172,35.872045837288972],[-105.33608579650654,35.872039837910535],[-105.33610779662489,35.872018837836961],[-105.33613479697405,35.871987837300487],[-105.33614179639669,35.871959837803253],[-105.33616579660688,35.871928837266907],[-105.33618979681727,35.871900837768756],[-105.33622079645382,35.871884837926011],[-105.33624979689696,35.871868837184095],[-105.33628079653276,35.871844837870526],[-105.33632579681711,35.87181783751808],[-105.33635579640749,35.871803837767906],[-105.3364017967386,35.871781837646758],[-105.33643979669958,35.871766837849897],[-105.33648879716979,35.871745837774775],[-105.33653079641674,35.871729837931476],[-105.33658079693387,35.871715837280853],[-105.33662479717292,35.871700837483658],[-105.33665879694891,35.871689837872069],[-105.33670879656688,35.871677837313989],[-105.33676079717699,35.871666837701412],[-105.33679579699916,35.871653837097952],[-105.33683879719268,35.871648837763431],[-105.33687479706182,35.871642837483819],[-105.33690679674505,35.871631837872314],[-105.33694679679928,35.871622837453621],[-105.33700179664891,35.871609837748323],[-105.33703479727821,35.871602837422586],[-105.33703879656414,35.871601837376105],[-105.33707279723957,35.871591837810804],[-105.33709879664403,35.871571837783328],[-105.3371447969747,35.871544837430775],[-105.33715779667745,35.871540837244964],[-105.33717779670435,35.871533837819285],[-105.33721779675835,35.871522837308014],[-105.33725579671902,35.871503837326102],[-105.33729279663338,35.871485837390537],[-105.3373287965008,35.871460837131096],[-105.33737179669284,35.871437837863148],[-105.33741179674675,35.871425837305637],[-105.33744079719,35.871410837509323],[-105.33747579701171,35.871392837573822],[-105.3375237965361,35.871369837406263],[-105.33755879725705,35.871350837424515],[-105.33758479666136,35.871328837304453],[-105.33761779728874,35.871299837759473],[-105.33765679729581,35.871281837823787],[-105.33769579730252,35.871259837702993],[-105.33772479684549,35.871233837397718],[-105.33772179670387,35.871203837808508],[-105.33775479733264,35.871190837205141],[-105.33780279685746,35.871172837268944],[-105.33784479700356,35.871154837333016],[-105.33787779673263,35.871136837397685],[-105.33788079687156,35.871135837351211],[-105.33791379660049,35.87111683736957],[-105.33794879732179,35.871101837572915],[-105.33798679728177,35.871075837267128],[-105.33802779738188,35.871061837516308],[-105.33806479729726,35.871054837190336],[-105.3380737968147,35.87105183705102],[-105.3381097966834,35.871040837439374],[-105.33814279731261,35.871032837067325],[-105.33817579704257,35.871025837640879],[-105.33822779675248,35.871004837565643],[-105.33826779680645,35.870992837008139],[-105.33830179748128,35.870976837165244],[-105.33833379716441,35.870963837461268],[-105.33837179712513,35.870945837525596],[-105.33842179674174,35.870917837126598],[-105.33845179723154,35.870904837422742],[-105.33847979672892,35.870887837533893],[-105.33852279692113,35.870866837459175],[-105.33855579755031,35.870858837087106],[-105.33858479709417,35.870842837244496],[-105.33862079696222,35.870824837309002],[-105.33866579724767,35.870810837558011],[-105.33870979748637,35.870791837575752],[-105.33874679740032,35.870768837408754],[-105.33877779703728,35.870757836898051],[-105.3388217972755,35.870733837583813],[-105.33885079681917,35.870715837648632],[-105.33888179735511,35.870700836952842],[-105.33892579759417,35.870685837155683],[-105.33917379741132,35.870869837560626],[-105.33921379746887,35.870899837147654],[-105.33924979734012,35.870918837125352],[-105.33927979693279,35.870931837725088],[-105.33932379717392,35.870940837239644],[-105.33935479771093,35.870937837099071],[-105.33936279718219,35.870936837052362],[-105.33936979750675,35.870938837144458],[-105.33940579737727,35.870948837605056],[-105.3394487975722,35.870959837212233],[-105.33949279781169,35.870949837646371],[-105.33952979772829,35.870957837115036],[-105.33956979778385,35.870964837436581],[-105.3396107969856,35.87096183729544],[-105.33965279713324,35.870961837293024],[-105.33969679737228,35.87094683749585],[-105.33974079761208,35.870940837215713],[-105.33978379780575,35.870936837028204],[-105.33981679753511,35.870922837277853],[-105.33985179735727,35.870909837573699],[-105.3398837970404,35.870896836970424],[-105.33992079785459,35.870884837312396],[-105.33994979739835,35.870867837423525],[-105.33997879784151,35.870851837580922],[-105.34002179713492,35.870836836884493],[-105.34006379728022,35.870809837431487],[-105.340091797677,35.870793837588941],[-105.34013079768459,35.870781837031487],[-105.34016179732164,35.870771837466357],[-105.34021379793045,35.870745837159767],[-105.34024979779875,35.87073083736307],[-105.34027779729661,35.870718836806233],[-105.34080979767586,35.870809837388677],[-105.34164679776937,35.87054983700255],[-105.34205979801108,35.87042183735192],[-105.34205579778558,35.869958836615091],[-105.34265779775777,35.869430836433416],[-105.34310079845041,35.868841837035951],[-105.34314179764452,35.868750836420631],[-105.34369079779763,35.867518836945194],[-105.34384179843846,35.866810836555295],[-105.34389479817526,35.866564835962528],[-105.34395779839046,35.866492836224971],[-105.34441179773755,35.865248836199839],[-105.3447127981557,35.864781836159729],[-105.34614079858349,35.863676836214474],[-105.34883579834835,35.862330835838158],[-105.35132579934744,35.860316835144395],[-105.35209679907562,35.860001834915309],[-105.35339879911024,35.859471834601003],[-105.35465479971265,35.858958834176526],[-105.35519879973702,35.858915834853789],[-105.35546579952599,35.85899283480375],[-105.35613680005062,35.859076834155033],[-105.35721680060432,35.858717834570484],[-105.35805580076671,35.858182834051419],[-105.3585018007368,35.858029834141632],[-105.35901280099861,35.857617833936196],[-105.3598538003729,35.857297834371124],[-105.36117380127001,35.857095833942758],[-105.3619748015125,35.857051833659696],[-105.3627738016776,35.857183833425815],[-105.36333580165697,35.857374834136614],[-105.36462680222645,35.858523834162973],[-105.36535180261082,35.859247834343485],[-105.36600980257545,35.859821833883139],[-105.36669280279492,35.860345833806001],[-105.3666568029267,35.860361834548328],[-105.36684780279622,35.860497834534364],[-105.36509480257605,35.861366834371175],[-105.36493280229604,35.861742834689565],[-105.36476780187763,35.86212583443271],[-105.36503480269239,35.863662834482788],[-105.3647418026673,35.864387834767953],[-105.36401080214395,35.865270835193826],[-105.36464380278602,35.866274834844489],[-105.36474980230292,35.866283835254826],[-105.36522680289141,35.867067835527564],[-105.3656148029696,35.868044835741671],[-105.36497280290736,35.868166835127738],[-105.3642338028483,35.868306835352271],[-105.36363680217231,35.868416835079906],[-105.36307580226479,35.868520835427205],[-105.36300980286487,35.869227835765948],[-105.3635138028806,35.86971983601709],[-105.36445680259243,35.870639835360763],[-105.36584680327088,35.871994835919025],[-105.36645580366461,35.872588836386761],[-105.36718180409405,35.873296835826871],[-105.36728080419014,35.873354835806694],[-105.36777980395691,35.873647835844324],[-105.36802980383737,35.873492835853241],[-105.36838880425753,35.873167836084441],[-105.36873980434358,35.87326483605559],[-105.36927680407962,35.873637836195023],[-105.36998080433524,35.87372683577577],[-105.37007180410201,35.874262836287706],[-105.3687888040571,35.874889836592224],[-105.36876880403189,35.874915835997655],[-105.36868580466691,35.874738835907145],[-105.3684618041778,35.874721836032755],[-105.36830580413798,35.87466083591746],[-105.36825080428541,35.874639835848335],[-105.36763180436887,35.874521835820303],[-105.36687080419988,35.874779836109582],[-105.3658668035502,35.874900836369584],[-105.36550980318368,35.874775836002676],[-105.36519880310939,35.874179836324629],[-105.36472380355485,35.873879835961738],[-105.36417480325012,35.873361836308902],[-105.36355780341199,35.873078835841383],[-105.36288380272276,35.872699836331442],[-105.36261080264555,35.872505836364624],[-105.3626218031504,35.872448836424823],[-105.36183080244713,35.872206836065509],[-105.3611328024588,35.871993836143332],[-105.35847980159505,35.869329836248482],[-105.35621080061986,35.867592836053191],[-105.35408780025136,35.867428835781915],[-105.35184679984856,35.867702835997044],[-105.35171480008871,35.86841683576408],[-105.35400280015922,35.870308835935028],[-105.35532880054626,35.871390836456676],[-105.35517680071064,35.871546836488449],[-105.35578480103926,35.871924836855221],[-105.35581680072595,35.871952836350218],[-105.35612980085638,35.872126836288757],[-105.35655780092556,35.872364836483726],[-105.35666180125716,35.872466836700362],[-105.35726480137284,35.873060836269119],[-105.35776980143538,35.87355783675158],[-105.35807980143815,35.873862836455963],[-105.35811280207307,35.873920836439574],[-105.35861980226385,35.874827837005448],[-105.35857680208734,35.875029836461231],[-105.35841780192189,35.875122837175887],[-105.35799480211085,35.875189836702766],[-105.35758880220855,35.875490837162474],[-105.3572258015982,35.87576083708479],[-105.3569788018622,35.875977837246268],[-105.35673180212611,35.876194837407745],[-105.35674980207418,35.876347837290929],[-105.35721680213902,35.876436836885212],[-105.35744180179508,35.876682837462063],[-105.35760380210517,35.876654837056591],[-105.35743580156954,35.877288837620981],[-105.35718180147799,35.877146837360982],[-105.35707580198391,35.877400837427537],[-105.3569188019158,35.877547837043195],[-105.35666480182681,35.877435837271832],[-105.35629580183721,35.877698837769984],[-105.35619180152331,35.877801837145469],[-105.35617480164362,35.877902837322758],[-105.35612180187657,35.877798837010694],[-105.35584980185243,35.877682837055339],[-105.35571080168799,35.877470837147314],[-105.35496180111602,35.877039837034481],[-105.35459980142468,35.877001837095818],[-105.35434780148441,35.877535837534914],[-105.35417680165706,35.8775698373192],[-105.35384680073516,35.877353837237081],[-105.35328480076291,35.877245837668461],[-105.35322980091293,35.877254837188701],[-105.35313380092801,35.876875837645592],[-105.35288080089342,35.876855837634125],[-105.35239980109817,35.876987837473671],[-105.35233980103014,35.877153837063517],[-105.35226280108607,35.877463837920729],[-105.35200880100994,35.877499837802262],[-105.35192880087668,35.877230837951679],[-105.35162680034968,35.876975837862219],[-105.35124580067995,35.876969837606488],[-105.35119680020787,35.876969837609295],[-105.35118080036636,35.876976837934059],[-105.35115080077594,35.876989837637936],[-105.35112080028661,35.87700783757311],[-105.35108580046473,35.877023837416047],[-105.35104980059644,35.877038837212815],[-105.35101880006057,35.87705483795488],[-105.35098680037763,35.877069837751399],[-105.35095680078798,35.877091837871617],[-105.35092680029858,35.877108837760595],[-105.35091080045716,35.877116837232307],[-105.35083180039726,35.877159837427683],[-105.35077780059551,35.877190837965685],[-105.35074380082131,35.877221837603287],[-105.35072980017537,35.877254837332238],[-105.35071380033808,35.877309837179858],[-105.35069680045216,35.877339837669481],[-105.35066880005554,35.877357837604606],[-105.35062880000176,35.877371837355263],[-105.35056680072682,35.877381837821495],[-105.35051880030427,35.877417837691247],[-105.35048780066825,35.877439837811522],[-105.35044380043072,35.87747183749596],[-105.35038780053577,35.877496837756553],[-105.3503498005763,35.877528837440579],[-105.35032180017944,35.877544837283153],[-105.35028480026529,35.877565837357508],[-105.35025680076835,35.877587837477684],[-105.35022580023258,35.877604837366718],[-105.35019480059617,35.877621837255695],[-105.35016179996815,35.877643837376141],[-105.35012880023956,35.877666837542847],[-105.35010379998218,35.877687837616527],[-105.35005280031928,35.877715838015604],[-105.35001880054475,35.877743837514409],[-105.3499918001948,35.877765837634506],[-105.34996380069781,35.877787837754603],[-105.34990879995026,35.877816837300855],[-105.34987880036026,35.877834838135414],[-105.34981980032585,35.877854838164794],[-105.34976280038228,35.877852838075562],[-105.3497108006698,35.877844837708388],[-105.34966980056724,35.877829837916039],[-105.34966180019622,35.877826837777711],[-105.34961380066838,35.87780983789326],[-105.34955779987051,35.87779283800927],[-105.34951480057637,35.877798837390038],[-105.34947879980912,35.877817837371857],[-105.34946079987635,35.877841837583944],[-105.34942580005421,35.87785483818741],[-105.34939280032502,35.877870838030248],[-105.34934279980818,35.877888837966609],[-105.34930679994129,35.877919837604267],[-105.3492687999821,35.877955837473394],[-105.34921580022588,35.877976837548736],[-105.34917079994051,35.877991837346016],[-105.3491238004608,35.877995837533788],[-105.34907980022032,35.877993837443761],[-105.34903579997911,35.877983837882944],[-105.34899980010761,35.877961837766449],[-105.34894980048774,35.877952837352915],[-105.3489068002923,35.877935837468193],[-105.34886680023554,35.87791483739823],[-105.3488258001323,35.87789283818136],[-105.34876980023368,35.877874837351747],[-105.34871480038258,35.877870838069171],[-105.34865979963332,35.877880837635665],[-105.34860779992204,35.877885837870018],[-105.3485738001453,35.877887837964451],[-105.34853980036853,35.877889838058962],[-105.34847780019359,35.877891838155087],[-105.34842879972165,35.87789283820414],[-105.3483877996217,35.877908838047453],[-105.34835579994075,35.877946838008775],[-105.34831980007498,35.877990838247896],[-105.34829980004957,35.878014837560841],[-105.34827980002412,35.878037837726794],[-105.34825979999874,35.878062837985297],[-105.34824180006639,35.878090837483114],[-105.34822580022677,35.878119837926427],[-105.34821179958028,35.87814583823085],[-105.3481967997877,35.878182838144951],[-105.34821679981715,35.878205838308617],[-105.34826580029257,35.878244838311552],[-105.34829379979303,35.878262838243437],[-105.34831980010011,35.878280838175414],[-105.3483798001858,35.878317838085195],[-105.34841079982748,35.878361838320465],[-105.34841980024864,35.878408837796535],[-105.34842679967628,35.878438838284794],[-105.34841980025452,35.878476838244708],[-105.34838779967475,35.878520837584347],[-105.34835780008711,35.878565837869409],[-105.34833780006173,35.878589838081602],[-105.34831780003688,35.878620837718408],[-105.34829579991927,35.878649838162069],[-105.34826680037709,35.878684837984437],[-105.34824580030524,35.878707838150447],[-105.34820980043823,35.878737837741845],[-105.34819179960677,35.878768838277828],[-105.3481648001566,35.878795837729939],[-105.34814980036494,35.878843838152939],[-105.34814380009122,35.878893837768636],[-105.3481458001867,35.878925838349737],[-105.34814180000534,35.878971837780306],[-105.34813879986987,35.879012837878719],[-105.34815279962389,35.879065837632112],[-105.3481498003886,35.879116838193241],[-105.34814079997498,35.879155838199509],[-105.34815579977479,35.879202837675187],[-105.34817779989827,35.879240837633425],[-105.34819079960248,35.879253838234149],[-105.34820380020602,35.879266837935532],[-105.34822080009727,35.879298837616453],[-105.34822880047035,35.879325837965851],[-105.34823779999061,35.879354838407743],[-105.3482448003183,35.87939283836684],[-105.34826680044097,35.879421837908652],[-105.3482788001002,35.879450838350387],[-105.3482887996675,35.87948783826306],[-105.34829079976359,35.879526838268703],[-105.34825980013605,35.879646838426524],[-105.3482458003914,35.879701838274016],[-105.34823379983919,35.879746838558056],[-105.34823279979314,35.879749837797604],[-105.34822780046356,35.87978183837911],[-105.34822380028172,35.879822838477587],[-105.34820580034918,35.879848837882967],[-105.34816780038697,35.879849837931395],[-105.34813479975951,35.879877838329449],[-105.34808780028102,35.879895838265583],[-105.34803979986019,35.87995183816129],[-105.34802780020648,35.879986837982663],[-105.34802380002402,35.880020837757357],[-105.34799080030153,35.880113838464744],[-105.34793080022381,35.880168838314887],[-105.34789680044865,35.880188838342846],[-105.34786479986604,35.880199837954287],[-105.3478328001829,35.880212838557576],[-105.34780479978616,35.880229838446432],[-105.34780179964903,35.880251838565172],[-105.34779980045633,35.880258837989807],[-105.34777480019972,35.880288838479913],[-105.34775580022055,35.880311838645802],[-105.34772979991746,35.880339838144145],[-105.34770479966106,35.880371837827447],[-105.34768779977554,35.880405838502149],[-105.34766579965918,35.880449837841198],[-105.34764579963475,35.88048483856236],[-105.34763279993582,35.880532838085941],[-105.34761880018881,35.880560838482872],[-105.34761480000506,35.880579838462836],[-105.34761379995899,35.880582838601697],[-105.34760879972923,35.880604838720544],[-105.3476067996373,35.880613838237728],[-105.34760180030587,35.88062483784762],[-105.34758580046702,35.880662838707345],[-105.34757279986695,35.880689838158631],[-105.34756480039712,35.880707838092583],[-105.34755479993746,35.880750838283973],[-105.34754580042299,35.880788838243987],[-105.34753379987021,35.880826838204179],[-105.34751179975393,35.880871838488794],[-105.34750380028498,35.88089983798605],[-105.347500800147,35.880911838541422],[-105.34750080014977,35.88094383822331],[-105.34751980013353,35.880973838710879],[-105.34754979972827,35.881010838622409],[-105.34758580049807,35.881020838183694],[-105.34762180036512,35.88099083859229],[-105.34763980030213,35.881016837995517],[-105.34770180048369,35.881090838717718],[-105.34771880037408,35.881112837935987],[-105.34774479978246,35.881137838191805],[-105.34776479981218,35.881163838494246],[-105.3478027997763,35.881184838564373],[-105.34784780006522,35.881210837966073],[-105.34785880057557,35.881217838289295],[-105.34790279991928,35.881248837922413],[-105.34795180039373,35.881276838315706],[-105.34800480015551,35.881319838503522],[-105.34802280009214,35.881340838574737],[-105.34805380063278,35.881379838578717],[-105.34806480024439,35.881393838326538],[-105.34811479986593,35.881422838766056],[-105.34813980012703,35.881444837983814],[-105.34816780052742,35.881469838239553],[-105.34819279988956,35.881495838541731],[-105.34823379999256,35.881515838565406],[-105.34826480053232,35.88154483810672],[-105.34829480012623,35.881571838454867],[-105.34831880034092,35.881592838525727],[-105.34835380016601,35.881613838596031],[-105.34838679989841,35.881634838666372],[-105.34841380025198,35.881654838690871],[-105.34843680042074,35.88168083809385],[-105.34845580040371,35.881701838165],[-105.34847480038503,35.881703838256477],[-105.34849380036627,35.881704838301609],[-105.34850780011621,35.881710838578442],[-105.34853980070091,35.881723838278738],[-105.34861080039742,35.881765838419213],[-105.34864280008348,35.881786838489667],[-105.34866580025276,35.88181883817019],[-105.34868280014248,35.881832838816976],[-105.34870080007838,35.881845838518103],[-105.34870680035705,35.881852838841603],[-105.34874380027622,35.881889838752734],[-105.34878580042655,35.881920838385916],[-105.3488168000659,35.88193783827132],[-105.34885980026141,35.881954838156112],[-105.34888380047639,35.881979838412015],[-105.34891380006985,35.882001838528851],[-105.3489328000536,35.882031838117172],[-105.34896280054708,35.882061838604095],[-105.34898780080826,35.882084838767462],[-105.34901880044794,35.882104838791683],[-105.34904980008841,35.882134838379216],[-105.34907180020961,35.882146838033869],[-105.34907580039528,35.882149838172445],[-105.3490798005808,35.882151838264761],[-105.34908980014522,35.882155838449243],[-105.34911080021989,35.882165838011367],[-105.34914680009145,35.882187838127855],[-105.34920980031602,35.882223837991177],[-105.34925280051243,35.882251838384875],[-105.34928780033665,35.882262837992442],[-105.3493158007366,35.882282838016856],[-105.3493428001907,35.882300838848124],[-105.3493678004516,35.882320838872687],[-105.34939080061969,35.882338838804856],[-105.34942480039879,35.882363838160948],[-105.3494628003631,35.882386838323562],[-105.34947580096622,35.88239483869291],[-105.34949880023409,35.882402838162434],[-105.34950680060496,35.88240483825448],[-105.34952480054082,35.882416838808659],[-105.34954680066221,35.882430838555784],[-105.34958380058065,35.882459838096764],[-105.34960080047055,35.88247683888234],[-105.3496078007957,35.882484838352738],[-105.34961480022135,35.882491838676181],[-105.34964480071507,35.882524838402603],[-105.34965780042025,35.882548838612962],[-105.34966080055963,35.882552838797828],[-105.34966280065277,35.88255783812977],[-105.34969580038403,35.882565838497968],[-105.34974480085675,35.882573838865326],[-105.34974880104183,35.882570838726302],[-105.34975780055908,35.882564838448175],[-105.34977380040024,35.882553838837602],[-105.34981880068707,35.882555838028239],[-105.34987380053879,35.882566838533997],[-105.34992380105857,35.882582838372073],[-105.3499558007439,35.882595838072376],[-105.34995880088309,35.882597838164777],[-105.34997480072575,35.882603838441455],[-105.34999180061467,35.882608838671828],[-105.35000980054997,35.882614838049022],[-105.35004880055902,35.882619838278153],[-105.35006080111529,35.882621838370007],[-105.35009980112426,35.88262583855284],[-105.35013880113411,35.882639838298971],[-105.35013280085882,35.882671838880526],[-105.35011380087992,35.882697838285921],[-105.35008680053069,35.882727838776113],[-105.35006980064475,35.882756838320176],[-105.35005280075892,35.882786838809864],[-105.35004680048381,35.882820838584607],[-105.35003680092181,35.882844838796302],[-105.35003180069096,35.882854838359933],[-105.35000380119448,35.882882838757624],[-105.34998580036334,35.882916838533106],[-105.34998780045892,35.88295083830743],[-105.34999280069404,35.882989838312895],[-105.35001180067849,35.883027838271261],[-105.35003180070743,35.883044838157346],[-105.35004180117177,35.883055838665683],[-105.35004880059779,35.883066838274921],[-105.35005880106274,35.8830848382078],[-105.35006980067683,35.883126838351714],[-105.35006580049244,35.883137838860918],[-105.35006280125378,35.883149838516928],[-105.3500548008852,35.883174838774728],[-105.35001180069392,35.883205838412863],[-105.34994880047441,35.883228838581267],[-105.34991380065217,35.883240838239125],[-105.34985380057287,35.883276838109566],[-105.34980980033436,35.883297838184347],[-105.34977880069771,35.88331183883389],[-105.3497338004138,35.883343838518314],[-105.34970680096269,35.883360838407114],[-105.34967780051954,35.883376838249724],[-105.34965480035486,35.883397838323283],[-105.349623800719,35.883421838536186],[-105.34960480074008,35.883446838794569],[-105.3495688008738,35.883485838802436],[-105.34953880038597,35.883520838624804],[-105.34952080045328,35.883544838836947],[-105.34949480104946,35.883572838335219],[-105.34947580107183,35.883612838388366],[-105.34945980033289,35.883641838831686],[-105.34942180037356,35.883675838608269],[-105.34939080073667,35.883687838265949],[-105.349351800729,35.88369883877715],[-105.34933780098147,35.883720838896444],[-105.3493238003344,35.883740838923316],[-105.34928380028155,35.883764838237333],[-105.34927680085632,35.883762839044493],[-105.34919780079088,35.883741838976775],[-105.34917780076695,35.88378283907624],[-105.34916380102057,35.883817838897677],[-105.34913280048505,35.88383783892553],[-105.34908380091521,35.883870838656485],[-105.34904380086097,35.883878839028881],[-105.34902080069476,35.883882838315969],[-105.34899080020476,35.883892838780376],[-105.34896080061408,35.883902838345435],[-105.34892080056011,35.883914838902925],[-105.34890580076505,35.883922838374581],[-105.34889080096995,35.883930838745606],[-105.34886480066616,35.883950838773117],[-105.34883380102933,35.883962838430712],[-105.3487998003535,35.883967838664034],[-105.34875780020583,35.883967838666436],[-105.34871580095778,35.883970838807663],[-105.3486428002727,35.883968838719291],[-105.34859580079237,35.883964838536933],[-105.34853180052576,35.883978838289025],[-105.34846580016419,35.883966838636972],[-105.34841680059097,35.883960838362178],[-105.34837880062884,35.883962838456853],[-105.34831080017454,35.883949838758618],[-105.34827880048908,35.883935839012054],[-105.34826680083167,35.883927838642663],[-105.34815980036522,35.883874838894599],[-105.34810180037528,35.883872838805424],[-105.34803680006243,35.883887838603798],[-105.34795980009056,35.883876838998624],[-105.34792080008123,35.883868838630704],[-105.34778279998235,35.883877839055053],[-105.34774580006682,35.883882838389212],[-105.3477078001052,35.883890838761495],[-105.3476758004218,35.883900838326674],[-105.34761480029432,35.883915839024212],[-105.34758280061116,35.883927838681942],[-105.34755480021441,35.883944838570741],[-105.3475248006246,35.883964838598452],[-105.3474968002281,35.883984838626056],[-105.34746780068497,35.884008838838831],[-105.34741680012223,35.884031839006568],[-105.34738580048597,35.884050838988081],[-105.34733279983119,35.884080838580473],[-105.34732580040658,35.884085838812233],[-105.3473038002877,35.884100838608148],[-105.34724080006932,35.884136838478703],[-105.34719080045281,35.884165838923984],[-105.34715879987029,35.884177838581721],[-105.34712380004849,35.884194838470926],[-105.34708980027263,35.884206839028082],[-105.34703680051625,35.884226839057128],[-105.34698379986045,35.884244838993673],[-105.34695080013059,35.884253838512656],[-105.34693380024241,35.884256838652433],[-105.3469148002616,35.884260838838586],[-105.34687980043843,35.884261838886836],[-105.34687780034578,35.88426183888695],[-105.3468657997895,35.884259838795145],[-105.34684380056829,35.884255838611303],[-105.34682579973395,35.884252838473529],[-105.34676080031772,35.884236838636305],[-105.34670080023403,35.884222838891368],[-105.3466357999185,35.884206839054151],[-105.34659179967868,35.884212838434976],[-105.34656780036771,35.884241838878751],[-105.34654080001823,35.884269839276463],[-105.34653180050348,35.884303839051384],[-105.34653180050348,35.884303839051384],[-105.34653379970061,35.884347839288374],[-105.34653379970078,35.884349838481555],[-105.34652980041909,35.884399838996494],[-105.34652880037295,35.884401839089115],[-105.34652880037304,35.884402839135355],[-105.34651479972806,35.884446838473963],[-105.34651180049111,35.884478839055269],[-105.34651579978049,35.884516839014552],[-105.34655279970015,35.884559839203277],[-105.34659880003593,35.884591838882528],[-105.34660380027164,35.884637839211841],[-105.34663179977375,35.884674839123427],[-105.34666780054604,35.884713839127095],[-105.34669880018799,35.88476083860192],[-105.34671480003246,35.884787838950849],[-105.3467307998784,35.884831839187036],[-105.34673380002022,35.884863838868768],[-105.34674280044187,35.884916838622395],[-105.3467558001488,35.884960838858731],[-105.34676380052241,35.884993838586396],[-105.34677480013585,35.885028839305811],[-105.34678080041684,35.885062839079907],[-105.34677180000332,35.885103839178662],[-105.34675680021004,35.885132838722626],[-105.34673580013876,35.885161839166223],[-105.34671179992831,35.885189838664459],[-105.34669079985737,35.885222839293114],[-105.34666380040774,35.885256839069122],[-105.34663880015094,35.88528383942041],[-105.34661279984768,35.885309838826181],[-105.34658080016594,35.885338839270446],[-105.34655379981619,35.885363838630013],[-105.3465288004582,35.885384838703708],[-105.34648780035845,35.885402838639564],[-105.34645380058357,35.88542683885256],[-105.34641779981672,35.885450839065726],[-105.34637779976413,35.885477839417888],[-105.34635180036027,35.885504838869977],[-105.34632680010409,35.88553983869209],[-105.34628079977362,35.885568839137143],[-105.34624880009068,35.885583838933634],[-105.34621080012924,35.885593839398467],[-105.34616579984404,35.885610839288319],[-105.34610579976329,35.885630839317756],[-105.34607980035857,35.885647839206442],[-105.34607079994207,35.885653839484576],[-105.34601980027519,35.885636838700982],[-105.34601279995066,35.885634839508143],[-105.34597980021897,35.885622838954831],[-105.34593179979267,35.885615839533038],[-105.34588180017303,35.885608839212075],[-105.34584880044179,35.885600838843793],[-105.34581179962622,35.88559783870712],[-105.3457698003772,35.885589839238762],[-105.3457337996081,35.885587839148279],[-105.34569180035908,35.885579838780579],[-105.34564780011777,35.885568839173501],[-105.34560579997073,35.885575839499772],[-105.34557180019505,35.885589839250123],[-105.34554079965946,35.885608839231651],[-105.34554079965953,35.885609839277897],[-105.34553879956681,35.885608839231764],[-105.3455087999739,35.885593839438798],[-105.34548879994686,35.885598838771983],[-105.34543079995613,35.885587839165673],[-105.34541680020679,35.885588839212787],[-105.34537880024467,35.885590839307461],[-105.34534479956891,35.885596839587031],[-105.34529880013645,35.885610839338106],[-105.34525980012886,35.885622838996191],[-105.3452378000093,35.885629839321282],[-105.34523179973142,35.885631839414202],[-105.34522480030664,35.885634839553397],[-105.34520680037248,35.885641838978977],[-105.3451777999299,35.885664839145448],[-105.34514979953335,35.885683839126813],[-105.345121800036,35.885701839061916],[-105.34509879987063,35.885714838765395],[-105.34508179998296,35.885723839182766],[-105.34502780018018,35.885742839165552],[-105.34498980021867,35.885751839584159],[-105.34494379988679,35.885764839288932],[-105.34490079969403,35.885778839039858],[-105.34486980005612,35.885778839041627],[-105.34485080007495,35.885778839042736],[-105.344812800113,35.885782839229961],[-105.34476579973543,35.885802839258652],[-105.34476179955016,35.88580383930514],[-105.34475680021792,35.885805839397968],[-105.34471780021016,35.885815838963566],[-105.34471079988597,35.885817839056514],[-105.34469980027569,35.88581983914964],[-105.34466779969264,35.885825839429096],[-105.34466179941472,35.885826839475747],[-105.34464779966551,35.88582983961529],[-105.34462979973101,35.885832838855812],[-105.34459379986221,35.885842839320539],[-105.34457179974278,35.885850839691976],[-105.34455880004002,35.885854838978418],[-105.34452779950392,35.885867839581678],[-105.34450180009935,35.885886839562914],[-105.34447879993519,35.885913839014833],[-105.34442879942027,35.8859538390697],[-105.34438279998919,35.885983839561],[-105.34435579963996,35.886013839151957],[-105.34432179986482,35.886034839226149],[-105.34429379946798,35.886050839068702],[-105.34425179932327,35.886084839744896],[-105.34421779954899,35.886114839336166],[-105.34418479982128,35.886147839066211],[-105.34415579937881,35.886171839278987],[-105.34413080002058,35.886190839260117],[-105.34409679934551,35.886204839010503],[-105.34406579970965,35.886227839177103],[-105.34404179949884,35.886251839389516],[-105.34400479958526,35.886278839741571],[-105.34398379951331,35.886300838962022],[-105.34396079934933,35.88632983940574],[-105.34394279941689,35.886356839756608],[-105.34392679957782,35.886391839578238],[-105.34392779962666,35.886420839121278],[-105.34393179981478,35.886452839702237],[-105.34393680004946,35.886486839476355],[-105.34394179938467,35.886519839204198],[-105.3439477996654,35.886550839738824],[-105.343957800132,35.886587839651504],[-105.34397079983857,35.886627839702747],[-105.34397979936031,35.886673839132513],[-105.34398979982676,35.886708839851956],[-105.34400079944024,35.886743839672043],[-105.34401279999985,35.886784839769625],[-105.34402479965975,35.886820839635881],[-105.34403779936589,35.886855839455855],[-105.34403779936596,35.88685683950208],[-105.34405580020332,35.886893839414256],[-105.3440677998624,35.886920839763455],[-105.34408379970816,35.886962839007801],[-105.34409879950621,35.886988839310519],[-105.34411380020369,35.887015839659519],[-105.34414379979957,35.887065839273205],[-105.3441488000321,35.887075839735566],[-105.34416579992383,35.887112839647784],[-105.34417779958505,35.887164839354973],[-105.34416880007223,35.887220839248499],[-105.3441597996574,35.887246839552617],[-105.34414579991032,35.88727383990328],[-105.34412880002408,35.887299839308547],[-105.34410779995261,35.887326839659657],[-105.34408980002013,35.887353839111235],[-105.34404779987611,35.88739583925819],[-105.34401580019343,35.887413839193535],[-105.34398979988948,35.887431839128467],[-105.3439578002067,35.887448839916878],[-105.34393079985666,35.887469839091366],[-105.34389479998862,35.887487839926244],[-105.34385379988937,35.887511839240332],[-105.34383279981674,35.887525839889236],[-105.34382279935387,35.8875318392681],[-105.34381679997546,35.887534839407252],[-105.34378579943926,35.887546839964244],[-105.34376979959789,35.88755583948226],[-105.34375479980288,35.887564839899532],[-105.34373579982261,35.887574839463966],[-105.34371979998126,35.887583839881245],[-105.34368779939959,35.887605840001626],[-105.34365379962453,35.887626839176562],[-105.34362279998867,35.887650839389401],[-105.34360279996267,35.887667839277739],[-105.34359779973126,35.887670839416828],[-105.34357279947388,35.887691839490572],[-105.34353879969875,35.88771283956477],[-105.34350079973902,35.887741840009355],[-105.34347579948293,35.887777839877785],[-105.34345279931941,35.887811839653509],[-105.34343879957217,35.887837839957925],[-105.34341979959353,35.887866839502102],[-105.34341779950115,35.887869839641027],[-105.34340980003076,35.887881839297378],[-105.34340279970752,35.887894839899239],[-105.34339579938383,35.887902839370426],[-105.3433747993124,35.887930839767783],[-105.343357799427,35.887965839589455],[-105.34333679935625,35.888000839411362],[-105.34331079995316,35.888036839279799],[-105.3432987993982,35.888049839881937],[-105.34328179951123,35.888066839770111],[-105.3432817995113,35.888067839816422],[-105.34325380001448,35.888091840029098],[-105.34321680010042,35.888113839250437],[-105.34321580005418,35.888114839296755],[-105.34320479954471,35.888117839436184],[-105.34319279988829,35.888121839621931],[-105.34318379947138,35.888123839715],[-105.34317580000027,35.888126839854273],[-105.34317179981495,35.888127839900747],[-105.34314279937111,35.888135839373234],[-105.34310279931623,35.88813683942179],[-105.34306479935385,35.888135839377732],[-105.34302779943766,35.888132839241038],[-105.34297579972578,35.88813084005082],[-105.34295579969789,35.888126839866885],[-105.34293979985556,35.888123839729012],[-105.34288879929154,35.888131840102055],[-105.34287179940321,35.888133839296266],[-105.34284879923688,35.888135839390124],[-105.34282579996987,35.888137839483981],[-105.34282279983103,35.888139839576688],[-105.34279179929574,35.888161839697027],[-105.3427537993343,35.888171839262533],[-105.34270679985443,35.888173839357748],[-105.34266279961517,35.888185839915472],[-105.34261879937482,35.888185839918016],[-105.34260279953234,35.888181839733875],[-105.34257679922612,35.888173839365223],[-105.34253879926425,35.888178839598744],[-105.3424997992565,35.888188840063641],[-105.34248479946095,35.888191839304007],[-105.34243079965728,35.888199839677199],[-105.34238279923272,35.888212839382156],[-105.34233879989343,35.888232839410676],[-105.34230179907844,35.888235839551605],[-105.3422597998301,35.888235839554014],[-105.34224179989519,35.88823483950874],[-105.3421967996093,35.888243839927739],[-105.34215479946261,35.88825483953979],[-105.34211879959403,35.88826684009701],[-105.34205279923474,35.88828083984928],[-105.3419967993387,35.888292839508317],[-105.34194579967435,35.888304840066468],[-105.34190579962001,35.888311839493291],[-105.34189279901766,35.888312839540347],[-105.34187979931508,35.888318839818652],[-105.34184479949242,35.88832584014456],[-105.34179879916063,35.888339839895607],[-105.34173479979387,35.888359839925286],[-105.34167979904534,35.888377839861924],[-105.34162379915006,35.888398839937409],[-105.3415597997836,35.888421840105877],[-105.34152279896993,35.888440840087753],[-105.34147079925961,35.888456839931685],[-105.34142379888161,35.888472839775332],[-105.34139979956907,35.88848383938636],[-105.34139279924504,35.888487839571823],[-105.34134779895976,35.88850383941535],[-105.34130979899895,35.888520840204052],[-105.34127679926939,35.888532839861846],[-105.34122579960591,35.888554839983307],[-105.34117279895014,35.888573839966064],[-105.34110779953774,35.888601839466638],[-105.34108679946455,35.888608839791672],[-105.34104679941066,35.888621839496132],[-105.34099379965357,35.88863284000815],[-105.34095179950687,35.888643839620144],[-105.3409157996378,35.88864983989982],[-105.34087079935156,35.888654840133754],[-105.34082879920443,35.888660839514408],[-105.3407907992423,35.888662839609125],[-105.34078379891801,35.888663839655791],[-105.34076579898397,35.888672840073241],[-105.34076279884449,35.888667839842078],[-105.34058479959246,35.888705839811777],[-105.34058479959246,35.888705839811777],[-105.34054579958287,35.88869484020443],[-105.34049279892629,35.88870383972457],[-105.34043779907648,35.888714840236609],[-105.34040479934654,35.888722839709374],[-105.34034879945034,35.888732840175244],[-105.34031579882088,35.888737839509126],[-105.34025979892375,35.888737839512331],[-105.34019979884056,35.888728839998727],[-105.34016279892361,35.88871783949191],[-105.3400837988584,35.888698839516685],[-105.34002279872752,35.888674840208473],[-105.33996979896854,35.888664839748863],[-105.33991179897738,35.888648839911241],[-105.33986079931098,35.888636840258265],[-105.33979979918115,35.888624839706551],[-105.33973679895834,35.888609839915546],[-105.33968679933784,35.888592840031158],[-105.33968579929149,35.88859284003123],[-105.3396367988184,35.888580840378197],[-105.33958679919834,35.888568839825851],[-105.33958579915196,35.888568839825929],[-105.33954379900318,35.88855584012618],[-105.33949479853011,35.888543839573785],[-105.33944479890988,35.888529839828259],[-105.33941079913188,35.888517840174316],[-105.33934279867802,35.888509839808115],[-105.33929679924304,35.888494840016072],[-105.33925479909436,35.888482840362585],[-105.33920179843632,35.888475840041771],[-105.33913779906712,35.888467839675343],[-105.33910479843652,35.888459840206409],[-105.3390487985385,35.888448839700708],[-105.33900279910335,35.888431839816093],[-105.33895379862868,35.888401840229569],[-105.33890179891435,35.888371839743904],[-105.33888179888488,35.888348839580246],[-105.3388397987348,35.888320840085825],[-105.33883279840998,35.888315839854869],[-105.33879679853831,35.888291839645881],[-105.33876579889855,35.888270839575362],[-105.3387337983129,35.888246840265474],[-105.3386917990624,35.888221840010509],[-105.33864979891207,35.888190840377341],[-105.33861079890117,35.88816484007598],[-105.33857979836212,35.888143840005462],[-105.3385377982123,35.888118839750504],[-105.33849279882217,35.88808684007121],[-105.33844679848657,35.888056839585197],[-105.33840479833657,35.888029840137065],[-105.33836579832588,35.888005839928205],[-105.33832979845403,35.887979839626674],[-105.33831979888934,35.8879728402027],[-105.33828379901774,35.887949840039973],[-105.33824279891398,35.887921839646168],[-105.33819479848576,35.887892840105835],[-105.33814679895696,35.887864839712464],[-105.3380927982507,35.887835840172492],[-105.33807279822251,35.887827839803471],[-105.33805379824078,35.887820839480732],[-105.338034798259,35.887813840057269],[-105.33798679873168,35.887802839551057],[-105.33797579822179,35.887800840358523],[-105.3379327989267,35.887795840129627],[-105.33789279887161,35.887794840085668],[-105.33784179830714,35.887797840227407],[-105.33779379878091,35.887798840276432],[-105.33774379826234,35.887796840186802],[-105.33769879887507,35.887797840235628],[-105.33764779831043,35.887798840284802],[-105.33758879827433,35.887798840288198],[-105.33752979823858,35.887802839577319],[-105.33747079820243,35.887802839580694],[-105.33740679793449,35.887800840391215],[-105.33734079847301,35.887797840256169],[-105.3372837985293,35.887794840120669],[-105.33723879824237,35.887791839984445],[-105.33719079871578,35.887788839848405],[-105.33699579867216,35.887783839628234],[-105.33697179845934,35.887783839629613],[-105.33692179794112,35.887785839725034],[-105.33688479802589,35.887793840097316],[-105.33685079825136,35.887821839596064],[-105.3368327983198,35.88785884040967],[-105.33682979818329,35.887887839952938],[-105.33683779855649,35.887916840394887],[-105.33683779855667,35.887918839588082],[-105.33683879860308,35.887919839634307],[-105.3368587986326,35.887942839797972],[-105.33686979824587,35.887975840424787],[-105.33687079829478,35.888005840014081],[-105.33687279838819,35.888013840384112],[-105.33687579852817,35.888024839993541],[-105.33688079786182,35.888039839787943],[-105.33689579855833,35.888055839628031],[-105.33690179793767,35.888062839951523],[-105.33692579815241,35.888084840068714],[-105.33692879829384,35.8881128404647],[-105.33692879829698,35.888148840331638],[-105.33691779868995,35.888187840338034],[-105.33690379804416,35.888221840113225],[-105.3369077982321,35.888251839702392],[-105.33690579814279,35.888290839708269],[-105.3368977986742,35.888322840289923],[-105.3368937984894,35.888329839714693],[-105.33688979830475,35.888337840085029],[-105.3368887982586,35.888339840177643],[-105.3368827979814,35.888349839741323],[-105.33688279798305,35.888368839721061],[-105.33688279798444,35.888384840461327],[-105.33685879867285,35.888406839681949],[-105.33682879818402,35.888430839894731],[-105.33679579845465,35.888444839645025],[-105.33675879854012,35.88846084038741],[-105.33672579791163,35.888477840276558],[-105.33669179813621,35.888494840165691],[-105.33667279815575,35.888502840536894],[-105.33665379817522,35.88850983996258],[-105.33664879794365,35.888511840055351],[-105.3366447986578,35.888513840148157],[-105.33661679826059,35.888524839759356],[-105.33659379809518,35.888537840362133],[-105.33658679867045,35.888541840547639],[-105.33657779825391,35.888547839926403],[-105.33653079787459,35.888547839929089],[-105.33649279791079,35.888530840044091],[-105.33645579799263,35.888504839742602],[-105.33642979858486,35.888486839810568],[-105.33638479829723,35.888475840203597],[-105.33634579828681,35.888455840179823],[-105.33631079846195,35.888436840202068],[-105.33627979792341,35.888421840409165],[-105.33623979786715,35.888406839717511],[-105.33619179833981,35.888395840110597],[-105.33615579846901,35.888381840364296],[-105.33612279783766,35.888365840525253],[-105.33608779801237,35.888342840362441],[-105.33605279818778,35.888326840523511],[-105.33602979801906,35.888301840267481],[-105.33598979796169,35.888273839873598],[-105.3359717980244,35.888245840377849],[-105.33595579818018,35.888220840121434],[-105.33594579771422,35.8881918396796],[-105.33593279800783,35.888153839720843],[-105.33592179839481,35.888123840132138],[-105.33590679769699,35.888092840497336],[-105.3358957980841,35.88806384005558],[-105.33588579761835,35.888036839706295],[-105.33587079781917,35.887997839701399],[-105.33585879815942,35.88796383992765],[-105.33584479840722,35.887931840246559],[-105.33583479794133,35.887902839804731],[-105.33583079775234,35.887860839660398],[-105.33581079772121,35.887818840416308],[-105.33579279778387,35.887789839974943],[-105.33576979761433,35.887754840155566],[-105.33574979758453,35.88772783980685],[-105.3357247982229,35.887707839782294],[-105.33569679782259,35.887683840472121],[-105.33567479770042,35.887660840308577],[-105.33564779824582,35.887636840099077],[-105.33562379803004,35.887602840326011],[-105.33560379800016,35.887575839977302],[-105.33558579806247,35.88754184020388],[-105.33556679807774,35.887500840106732],[-105.33554679804723,35.887465840287184],[-105.3355457980006,35.887462840148444],[-105.33552679801623,35.887425840236276],[-105.33550279780039,35.887390840417019],[-105.33548779800257,35.88736784025302],[-105.33547879758453,35.88735583969838],[-105.33544879798927,35.887313839555546],[-105.33542379772673,35.887274839551232],[-105.33540879792844,35.887245840009001],[-105.33539179803746,35.887216839567579],[-105.33536579772854,35.887177839563314],[-105.33533779822609,35.887136840365962],[-105.33533579813287,35.88713084008846],[-105.33532379757536,35.887113840201934],[-105.33529679811879,35.887067839873836],[-105.33527879818028,35.887024839684067],[-105.33525979819566,35.886984839633151],[-105.33524779763739,35.8869598402758],[-105.33524779763731,35.886958840229553],[-105.33522379742217,35.886932839927333],[-105.33519079768847,35.886896840062235],[-105.33518679750286,35.886893839923665],[-105.33372879754734,35.888733840601745],[-105.33373579787285,35.888746840303497],[-105.33377679797782,35.888788840445685],[-105.33382079732245,35.888830840587701],[-105.33384879772274,35.888854839897895],[-105.33387979736293,35.888880840199711],[-105.33391079790248,35.888907840547787],[-105.3339377973593,35.888956840115341],[-105.33396979794564,35.888988840694722],[-105.33399979753929,35.889012840004767],[-105.33403279727334,35.889052840054859],[-105.33406379781353,35.889086840726854],[-105.33408779802913,35.88911884040737],[-105.33411379743819,35.889151840134026],[-105.33414379793182,35.88918284066721],[-105.33417279747955,35.889211840208617],[-105.33420179792654,35.889239840603125],[-105.33423279756701,35.889269840190686],[-105.33426279806049,35.889299840677673],[-105.33429879793282,35.889330840311189],[-105.3343277974803,35.889356840613125],[-105.33435579788116,35.889387840247167],[-105.33438179818928,35.889417840734332],[-105.3344017982196,35.889449840415082],[-105.33442879767465,35.88947883995661],[-105.33445079779707,35.889504840258951],[-105.33447179787348,35.889534840746457],[-105.33448779771777,35.88955984010353],[-105.33450279751582,35.889585840406262],[-105.33452579768476,35.889613840801111],[-105.3345397974367,35.889642840343399],[-105.33456279760554,35.889669840691916],[-105.33458979795935,35.889691840808929],[-105.33463179810985,35.889724840534676],[-105.33466579788954,35.889756840214595],[-105.33470279780873,35.889793840125726],[-105.33473179825667,35.889832840129806],[-105.33475079824041,35.889862840617376],[-105.33475379837988,35.889867840848545],[-105.33475579758378,35.889989840197714],[-105.33475879773763,35.890160840015255],[-105.33479679770488,35.890217840851584],[-105.33486479816682,35.890318840124706],[-105.33484879832783,35.890354840891895],[-105.33482979835014,35.890394840045673],[-105.33481279756523,35.890427840674114],[-105.33480279800349,35.890454840125273],[-105.33479679772935,35.890499840408978],[-105.33483379764698,35.890518840386605],[-105.33487179761183,35.89054884087308],[-105.33493279774297,35.890575840320103],[-105.33496779846703,35.890592840205343],[-105.33499779805999,35.890608840943877],[-105.33502579845968,35.890625840829465],[-105.33505579805313,35.890647840946301],[-105.33508979783254,35.890675840441141],[-105.3351277977977,35.890708840167157],[-105.33516879790173,35.890740840745998],[-105.33521179809803,35.890766840147812],[-105.33525079810805,35.890782840885855],[-105.33528579793195,35.890789840308379],[-105.33534279787584,35.890795840582712],[-105.33538179788638,35.890817840698951],[-105.33538879821116,35.890821840883675],[-105.33541679861175,35.890849840378849],[-105.33544579815967,35.890880840912132],[-105.33549279854191,35.890913840637573],[-105.33550779834135,35.89095584078126],[-105.33553279860371,35.89099284069308],[-105.33554579830994,35.891028840559287],[-105.33556479829421,35.891064840425138],[-105.33559279779537,35.891090840727131],[-105.33562579842778,35.891119840268331],[-105.33565979820682,35.891143840477483],[-105.33568079828349,35.891176840204423],[-105.33571079787691,35.891197840274934],[-105.33573479809199,35.891223840577176],[-105.33577379810286,35.89124984087853],[-105.33579979841083,35.891277840373867],[-105.33582979800447,35.89130184058326],[-105.3358627986364,35.891324840746172],[-105.33589279823005,35.891348840955516],[-105.33589279823005,35.891348840955516],[-105.33591679844486,35.891371840219598],[-105.33594179870779,35.89141484040902],[-105.33595379836856,35.891460840737949],[-105.33596679807496,35.891498840696691],[-105.33599079829133,35.891539840793563],[-105.33601879869381,35.891588840361095],[-105.33602679816785,35.89161884084929],[-105.33602079879164,35.891647840392729],[-105.33599779862732,35.891672840651403],[-105.3359637979525,35.89168984054055],[-105.33592479794466,35.891698840959208],[-105.3359177985197,35.891699841005853],[-105.33605979881119,35.891773840824158],[-105.33633379802366,35.891831840793898],[-105.33653879853399,35.891875841019221],[-105.33686979857379,35.891755840844112],[-105.33719579841892,35.892062840640115],[-105.33763879915864,35.892016840285002],[-105.33780179863159,35.892170840206134],[-105.3378097990425,35.892633840942736],[-105.33782679894293,35.892771841031262],[-105.33788279887827,35.893212840747204],[-105.33785879869366,35.893537840496776],[-105.33748379930753,35.89359684055006],[-105.33773579933252,35.894038841200334],[-105.33748479850752,35.894206840893624],[-105.33703179907187,35.893893840827374],[-105.33713979872934,35.894453840650151],[-105.33699379918238,35.894732840976431],[-105.33703279923819,35.895275840915907],[-105.33756979894515,35.895312840798248],[-105.33778479900286,35.895163841086742],[-105.33793179954834,35.895494841104096],[-105.33838579902762,35.895776841534655],[-105.33856979946513,35.895831841370779],[-105.33867879912309,35.895863841046413],[-105.3390147994225,35.89606584137973],[-105.3393087995785,35.89631684128458],[-105.33937479995406,35.896489841191034],[-105.33965879964806,35.896756840937321],[-105.33974179991596,35.896974841126173],[-105.3401908000572,35.897191841247633],[-105.34046480016049,35.897151841179905],[-105.3406897997874,35.897061841499564],[-105.3407788003089,35.896998841277608],[-105.34210480061095,35.897097841285188],[-105.34323480077475,35.896635840529541],[-105.34335480005493,35.896803841100819],[-105.34377780076998,35.896790841374376],[-105.34403780020698,35.8965488409548],[-105.34458880061099,35.897141841379558],[-105.34662280128185,35.896497841144587],[-105.34697680148881,35.896385840439002],[-105.34704480103635,35.896312840654964],[-105.34707880171369,35.896325840355146],[-105.347113801538,35.896337840908288],[-105.34715380159372,35.896346840423071],[-105.3471918015569,35.896356840883549],[-105.34723780099273,35.896381840238945],[-105.34727280171656,35.896395840884644],[-105.34730380135596,35.896412840770104],[-105.34733280090363,35.896440840265221],[-105.34736080130445,35.896470840752329],[-105.34738180138042,35.896495841008431],[-105.34739980131751,35.896521840411651],[-105.34740580159892,35.896560840417123],[-105.34740380150927,35.896595841137206],[-105.34738780166958,35.896623840634973],[-105.34736880169044,35.896646840800848],[-105.34734380143321,35.896669840967093],[-105.34731480099067,35.896692841133614],[-105.34729480096544,35.896718840539059],[-105.34727480094033,35.896745840890041],[-105.34724880153594,35.896766840963799],[-105.34722080113964,35.896788841083939],[-105.34719180159657,35.896813840443649],[-105.34716080106155,35.896838840702799],[-105.34713880094301,35.896857840683815],[-105.34713580170359,35.896860840822775],[-105.34710880135376,35.896884841035387],[-105.3470758016245,35.896899840831971],[-105.347043801043,35.896923841044853],[-105.34701780163861,35.896944841118668],[-105.34698680110317,35.896964841146428],[-105.34696380093875,35.896988840459507],[-105.346942800867,35.897012840671806],[-105.34690880109211,35.897036840884823],[-105.34688680097408,35.897060841097172],[-105.34685880147734,35.897085840456761],[-105.34683280117382,35.897108840623126],[-105.34681580128787,35.897137841066495],[-105.34678880093824,35.897163840472345],[-105.34677280109862,35.897192840915665],[-105.34676680172051,35.897199841239861],[-105.3467518010271,35.897218841220464],[-105.34672880086268,35.897242840533522],[-105.34669780122682,35.897266840746418],[-105.34667280096963,35.897289840912649],[-105.34664980170436,35.897311841032469],[-105.34662380140101,35.897336841291313],[-105.34662180130839,35.897337840438411],[-105.34659380091257,35.897364840789884],[-105.34656680146233,35.897391841141292],[-105.34653180164129,35.897416840501322],[-105.34651080157003,35.897446840991186],[-105.34647280160998,35.897472841296995],[-105.34644980144549,35.897495840563842],[-105.34642080100329,35.897522840915386],[-105.34639680079238,35.897544841035312],[-105.34636580115662,35.897569841294427],[-105.3463308013356,35.897595840700738],[-105.34630380098567,35.897617840820772],[-105.34628380096028,35.89764184103305],[-105.34625480141739,35.897668841384558],[-105.34622480092811,35.897687841366022],[-105.34620580094922,35.897713840771395],[-105.34617680140582,35.897734840845366],[-105.34615180114875,35.897758841057858],[-105.34612380075211,35.897776840992968],[-105.34609280111624,35.897800841205786],[-105.34606980095184,35.89782484141822],[-105.34603980136298,35.897855841055545],[-105.34601280101347,35.897882841406997],[-105.34598480151726,35.897913841044208],[-105.34595280093585,35.897938841303393],[-105.34592980077127,35.897960841423263],[-105.34590480141426,35.897993841152847],[-105.34587980115731,35.898019841457881],[-105.34586980159558,35.898046840908982],[-105.34584880152457,35.898078840592092],[-105.34581780098956,35.898104840897467],[-105.34577980102902,35.898124840925725],[-105.34574980143945,35.898147841092232],[-105.34572280108908,35.898164840980975],[-105.34569580073892,35.898184841008529],[-105.34566680119569,35.898207841174987],[-105.34564780121671,35.898232841433448],[-105.34562480105247,35.898258840839041],[-105.34561180135154,35.898283841097161],[-105.34558880118765,35.898313840687813],[-105.34555980074457,35.898330841476039],[-105.34553080120133,35.898353840743191],[-105.3455008007122,35.898373840770923],[-105.34547280121529,35.89839684093733],[-105.34545180114368,35.898421841195891],[-105.34542480079324,35.898438841084648],[-105.34540180152911,35.89847384090664],[-105.34537580122627,35.898504841443035],[-105.34534480069128,35.898530840849176],[-105.3453118009627,35.898553841015868],[-105.34528780075172,35.898574841089498],[-105.34527380100474,35.898603841532712],[-105.34526180135055,35.898632841076491],[-105.34525180088949,35.898659841426969],[-105.34523080081841,35.898691841110022],[-105.34513280077881,35.898750841147454],[-105.34510180114357,35.898781840784828],[-105.34507980102583,35.898809841182235],[-105.34506680132552,35.898841840864868],[-105.34504380116162,35.898871841354847],[-105.34502880136826,35.89889984085255],[-105.34500180101874,35.898926841203959],[-105.34498480113272,35.898954841601103],[-105.34495480064423,35.898982841099659],[-105.34493180137905,35.899005841265769],[-105.34490980126084,35.899027841385603],[-105.3448768006335,35.899057840976816],[-105.34485480141454,35.899079841096643],[-105.34482780106461,35.899101841216748],[-105.34480780103992,35.899133840899793],[-105.34477980064422,35.899162841343809],[-105.34475080110133,35.899189841695339],[-105.34470480077137,35.899224841518652],[-105.34467480118199,35.899249840878369],[-105.34464680078534,35.899267841712792],[-105.3446168011963,35.899296841257602],[-105.34452180129628,35.899362841618739],[-105.34448880066854,35.899387840978598],[-105.34446080117104,35.899403841720464],[-105.34442980063609,35.899429841126548],[-105.34439980104563,35.899442841729723],[-105.34437080060231,35.899456841479839],[-105.34433980096615,35.899476841507635],[-105.34430880132953,35.899491841304105],[-105.34427980088628,35.899506841100411],[-105.34424980129666,35.899528841220679],[-105.34421080128949,35.899545841110125],[-105.34417980075381,35.899563841045406],[-105.3441398007005,35.899582841027453],[-105.34410580092494,35.899598841769681],[-105.34406380077913,35.899619840945007],[-105.34402780091143,35.89964184106563],[-105.34399180104305,35.899655841715415],[-105.34392280056137,35.899861841357755],[-105.34390080044692,35.899926841668361],[-105.34407880060496,35.899965841663949],[-105.34440680142163,35.900036841332714],[-105.34441780103151,35.900030841054487],[-105.34445580099225,35.900012841118794],[-105.34448780067537,35.899999841414811],[-105.34451980125765,35.899984841618291],[-105.34456080135709,35.899963841543688],[-105.34459280104012,35.899949841793443],[-105.34463080100147,35.8999388412823],[-105.34466780091688,35.899932841002574],[-105.34470580087884,35.899928841714654],[-105.34474080070184,35.899925841573832],[-105.34477680147074,35.899925841571779],[-105.34481580148008,35.899933841040351],[-105.3448478011658,35.899950840925719],[-105.34487080133412,35.899971840996649],[-105.34488980131772,35.899999841391704],[-105.34490480111656,35.90003484121155],[-105.34490880130519,35.900072841170804],[-105.34491180144762,35.90011184117639],[-105.3449038010797,35.900143841758052],[-105.34518380146964,35.900203841819952],[-105.34528580080236,35.900225841033333],[-105.34573980116508,35.900324841090999],[-105.34615380144466,35.900099841449098],[-105.34634280119738,35.899956841117387],[-105.34696080195873,35.899979841246662],[-105.34721180192115,35.900235841385275],[-105.34685780172987,35.900527841425642],[-105.34628680135735,35.900613840940785],[-105.34618680124937,35.900952841342416],[-105.34639280184484,35.90144384156438],[-105.34598080168089,35.901932841729369],[-105.34579580121256,35.902056841181775],[-105.34580580168324,35.902140841470299],[-105.34575080183815,35.902205841782809],[-105.34581180108934,35.902455841654792],[-105.34589180122769,35.902782841490854],[-105.34589180122769,35.902782841490854],[-105.34594080169963,35.902781841441772],[-105.34599680159623,35.902775842060272],[-105.34604880130736,35.902768841733426],[-105.34610780134275,35.902760841359871],[-105.34617180160971,35.902750841792852],[-105.34623980206185,35.902738842133125],[-105.34631480193903,35.902726841573596],[-105.34639480204872,35.902723841430181],[-105.346469801928,35.902735841981098],[-105.3465378014847,35.902768841705317],[-105.3465968015245,35.902810841846488],[-105.34665280142573,35.902858841366097],[-105.34670880132707,35.902907841831272],[-105.34675880184929,35.902951842065498],[-105.34679180158317,35.902989842023025],[-105.34682380216978,35.903024841841912],[-105.34687980207025,35.903063841844421],[-105.34694280139435,35.90308584195936],[-105.34708780180506,35.902931842020543],[-105.34714280165545,35.902927841832309],[-105.34720780197125,35.90294684180833],[-105.34726280182305,35.902958841461064],[-105.34732080181359,35.90296784187413],[-105.34737380157318,35.902984841758283],[-105.34743780184351,35.903013841297685],[-105.34748580227169,35.903042841737332],[-105.34751480182004,35.903078841602621],[-105.34751980205647,35.903132841402766],[-105.34750380221814,35.903176841640715],[-105.34746180207468,35.903224842065313],[-105.34741480169781,35.90325384161109],[-105.34736080189535,35.903275841732764],[-105.34731280237062,35.903294841715265],[-105.34726980218034,35.903337841908517],[-105.34723680155496,35.903389841618299],[-105.34716980204986,35.903417842018314],[-105.34710880191949,35.90339984208839],[-105.34705380206631,35.903371841695368],[-105.3470088017779,35.903351841671963],[-105.34699780216899,35.903368841559804],[-105.34693480195587,35.903464841508416],[-105.34682780150264,35.903563841598327],[-105.34671980190242,35.903662841688309],[-105.34664480202629,35.903686841903721],[-105.34657080219638,35.903709842072779],[-105.34649980160619,35.903732842241645],[-105.3464838017658,35.903752842268574],[-105.34644480176142,35.903801841839901],[-105.34641880146027,35.903852841503038],[-105.34641980151056,35.903897841786346],[-105.34644180163369,35.903931841559519],[-105.34645980157107,35.903961842047131],[-105.34647980160227,35.90400484223678],[-105.34646080162432,35.904040842104806],[-105.34643780145959,35.904061842178422],[-105.34640380168607,35.904100842186139],[-105.34638380166078,35.904125841545309],[-105.34635980144989,35.904148841711503],[-105.34633380204551,35.904169841785233],[-105.34630780174192,35.904191841905295],[-105.34627180187535,35.904226841728047],[-105.34624480152654,35.904261841550301],[-105.34622580154765,35.904287841854995],[-105.34620380143008,35.904317842344916],[-105.34617680198035,35.904350842074656],[-105.34614680149237,35.904383841804524],[-105.34611280171849,35.904418841627169],[-105.34607980199169,35.904462841866113],[-105.34604380212583,35.904505842059031],[-105.34600880140722,35.904551842390646],[-105.34596980140269,35.904598841869436],[-105.34592480201924,35.904643842155366],[-105.34588080178267,35.90468684234876],[-105.3458338014073,35.904732841781737],[-105.3457868019312,35.904777842067794],[-105.34574480178742,35.90482284235356],[-105.34570980196818,35.904868841785834],[-105.34570180160213,35.904922842486073],[-105.34570580179157,35.904969841962433],[-105.34571880149787,35.905006841874872],[-105.34573980157441,35.905037842408625],[-105.34575980160423,35.905064841858014],[-105.34577880158773,35.905091842206765],[-105.34581080217461,35.905129842164413],[-105.34584280186226,35.905168842168329],[-105.34588480201329,35.905207842171656],[-105.34592480207014,35.905229842287923],[-105.345966802221,35.905266842198742],[-105.34600980151832,35.905296841785592],[-105.34606780151009,35.905319841947069],[-105.34611180175274,35.905346842294385],[-105.34616580155898,35.905367842363574],[-105.3462318019203,35.905376841876873],[-105.34628180153898,35.905372841688916],[-105.34633980152971,35.90538384219451],[-105.34638980204896,35.905393841754986],[-105.34643180219776,35.905406842354047],[-105.34647180225383,35.905419842053888],[-105.34650480198528,35.905429842514643],[-105.34653880176195,35.905426842373892],[-105.34657480163129,35.905423842232999],[-105.34663080152916,35.90543284174688],[-105.3466688023926,35.905453841817],[-105.34669980203199,35.905470841702396],[-105.34673480185602,35.905479842116797],[-105.34676980167981,35.905485842392387],[-105.34683080180861,35.905485842388877],[-105.34688880179863,35.905488842524306],[-105.3469238016241,35.905513841880314],[-105.3469328020455,35.905563842394514],[-105.34694280161247,35.905596842122087],[-105.34696980196733,35.905631841941229],[-105.34700680188618,35.905664841667203],[-105.34705280222109,35.905686841783144],[-105.34710580198023,35.905698842335276],[-105.34715580249919,35.905705841756955],[-105.34720880225798,35.905713842124015],[-105.34727280252602,35.905716842259146],[-105.34733480180361,35.905736842281577],[-105.34738080213714,35.905742841657229],[-105.34742780251706,35.905749841978363],[-105.3474738019507,35.905748841929466],[-105.34750580253315,35.905735842225482],[-105.34752880179859,35.905715842198177],[-105.34756080238034,35.905694842124028],[-105.34758980192312,35.905666841726266],[-105.34761480218037,35.905644842505602],[-105.34764180253045,35.905623842431737],[-105.34767580230525,35.905599842218727],[-105.34771580235834,35.905577842097877],[-105.34775880255067,35.905558842115646],[-105.34780580202916,35.905540842179519],[-105.34785680259243,35.905524842335652],[-105.34791780182094,35.905513841823158],[-105.34797780190291,35.90550784244143],[-105.34803580189303,35.905511841723879],[-105.34808780250493,35.90552184218356],[-105.34814080226583,35.9055538418624],[-105.34818180237031,35.905590841773218],[-105.34821080191909,35.905631841869848],[-105.34824280250676,35.905678842243873],[-105.34826880191679,35.905722842479484],[-105.34830680278188,35.905762841629965],[-105.34834480274688,35.90579384216273],[-105.34836580282258,35.905815842280084],[-105.34840080264907,35.905852842191251],[-105.34842380281766,35.905876842401049],[-105.34844980222645,35.905906841988887],[-105.34849080232986,35.90593084219762],[-105.34853180243364,35.905958841692041],[-105.34857780276958,35.905992842363183],[-105.34862080206709,35.906025842088837],[-105.34866180217183,35.906064842092221],[-105.3487038023226,35.90610084195675],[-105.34874480242669,35.9061328416363],[-105.34878980271633,35.906166842307456],[-105.34883780224513,35.906194841801472],[-105.34887880234805,35.906213841778865],[-105.34892780281977,35.906209842490327],[-105.34897580234511,35.906197841932354],[-105.34901680244465,35.906177841903997],[-105.34905480240513,35.906156841829556],[-105.34909080227266,35.906132841616383],[-105.34913780265002,35.906109842348201],[-105.34918380298076,35.906083842041951],[-105.34922480218007,35.906052842403966],[-105.34926480223213,35.906019841774189],[-105.34930080300462,35.906060841870428],[-105.34938380236245,35.906154841718099],[-105.34958280261253,35.906402842388871],[-105.34964080260863,35.90647584216574],[-105.34985880284188,35.906747842147169],[-105.34981980284178,35.906845842186883],[-105.34978980325197,35.906865842214671],[-105.34974180282894,35.906896841853005],[-105.34969980268436,35.906931842575432],[-105.34966280277156,35.906967842444487],[-105.34963180313675,35.90700384231323],[-105.34960780292732,35.907042842320344],[-105.34959080304343,35.907095842075513],[-105.34957580235304,35.90714984187683],[-105.34956280265412,35.907197842299681],[-105.34955480318693,35.907246841869274],[-105.34954580277248,35.907276842358442],[-105.34951280305164,35.90738884214629],[-105.34950980291356,35.907399842655366],[-105.3495038026396,35.907446842132281],[-105.34949980245808,35.907490842369569],[-105.34949380308493,35.907554842633019],[-105.34969180328821,35.907797842173217],[-105.34977180252217,35.908066842023779],[-105.34876580272633,35.908731842271912],[-105.3487728030975,35.909269842881187],[-105.34887780259056,35.90953784268406],[-105.34887680254468,35.909542842915471],[-105.34887180321321,35.909553842525355],[-105.34896880323195,35.909787842554302],[-105.3490508025525,35.909985842717106],[-105.34938580286635,35.910886843015177],[-105.34938880300642,35.910898842670839],[-105.34958580319568,35.911513843234424],[-105.3500508032587,35.912646842567597],[-105.35027280367501,35.91289184309823],[-105.3502618031815,35.913078842757493],[-105.350680803744,35.913442843386591],[-105.35085980414351,35.915725843781978],[-105.35094080340664,35.915796843464967],[-105.35094180346506,35.915935843600664],[-105.35158080434491,35.916472843228021],[-105.35192380408816,35.916889843615614],[-105.35213380392186,35.916829843525541],[-105.35224580462382,35.916926843510339],[-105.35285580409457,35.916713843513023],[-105.35420380454968,35.917191843067762],[-105.35546380539564,35.917349843110777],[-105.35735380576286,35.917559843724732],[-105.35908580598462,35.917559843625064],[-105.3594888057787,35.917613843402293],[-105.36012180634127,35.917699842848201],[-105.36012580562422,35.917663842980971],[-105.36013080585555,35.917659842795636],[-105.36013280595041,35.917684843052889],[-105.36013180590544,35.917700842893893],[-105.36012580564206,35.917868843472391],[-105.36017180597523,35.917870843562312],[-105.36021080598411,35.917873842799551],[-105.36025480622533,35.917883843259681],[-105.36029680637314,35.917885843349751],[-105.36033880652131,35.917891843624943],[-105.36037580643628,35.917880843113899],[-105.36041080625903,35.917874842834287],[-105.36044980626765,35.917874842832035],[-105.36048580613638,35.917864843266628],[-105.36052380609861,35.91786384321815],[-105.360558805921,35.917853842753473],[-105.36059580583753,35.917860843075182],[-105.36064180617171,35.917873842774732],[-105.36068280627386,35.917883843235032],[-105.36073680607818,35.917882843185637],[-105.36077180590269,35.917896842932066],[-105.36081280600557,35.917914842863141],[-105.36085580619988,35.917918843045705],[-105.3608948062079,35.917911842719619],[-105.36092980603223,35.91792384327281],[-105.36096280666168,35.917918843039573],[-105.3610048059107,35.917926843407315],[-105.36104380591932,35.917926843405048],[-105.36108980625298,35.91793384282694],[-105.36113780667829,35.917929843538452],[-105.36118580620388,35.91792084311929],[-105.36122680630493,35.917917842978099],[-105.3612658063138,35.917920843114686],[-105.3613058063697,35.917930843575029],[-105.36133380676925,35.917946843414363],[-105.36137680606518,35.917960843160344],[-105.3614088066505,35.917981843230734],[-105.36143880624341,35.917996843023715],[-105.36147780625335,35.918011842816107],[-105.36149980637535,35.918032842887136],[-105.36152980686751,35.918047843579416],[-105.3615568063217,35.918066843557547],[-105.36156980602706,35.918092842961094],[-105.36160780689025,35.918110842892403],[-105.36162780602083,35.918138843287394],[-105.36166080665305,35.918164843589111],[-105.36167380635867,35.918193843131434],[-105.3616968065276,35.918221843526219],[-105.3617078061406,35.918251843114973],[-105.36171680656074,35.918286842935139],[-105.36172680612759,35.918318843515763],[-105.36172880622263,35.918345842966197],[-105.36172680613316,35.918382842879495],[-105.36170680610837,35.9184138434156],[-105.36170080673244,35.918445843097835],[-105.36169280636452,35.918477842780185],[-105.36168080671052,35.918509843362081],[-105.36168580694498,35.918541843043684],[-105.36167380639164,35.918572843579277],[-105.36163680647608,35.918577842913436],[-105.36162380677385,35.918587843376834],[-105.36159180619238,35.91861184358973],[-105.36155980651291,35.918666843438245],[-105.36163280630311,35.918719843188242],[-105.36165680651801,35.918743843397905],[-105.3616898062515,35.918776843124192],[-105.36172480697596,35.91879884324068],[-105.36176180689263,35.918806843608714],[-105.36179280653212,35.918824843540378],[-105.36183380663556,35.91884984289603],[-105.36188780644287,35.918882843520386],[-105.36191580684265,35.918900843452271],[-105.36194480638926,35.918916843291541],[-105.36197380683494,35.918929842992007],[-105.36197380685729,35.919186843191312],[-105.36188780647635,35.919267843346546],[-105.36141880636521,35.919712843277686],[-105.36119180665649,35.919927843345519],[-105.3611928067029,35.919928843391709],[-105.36123080666721,35.91995184355433],[-105.36128780661421,35.919992843649325],[-105.36133380694896,35.920012843672694],[-105.3613648065888,35.920034843789438],[-105.36140680673958,35.920070843653967],[-105.36146480673378,35.920121843312259],[-105.36152080663476,35.920166843592384],[-105.36155280632015,35.920179843292665],[-105.36161180635895,35.920210843824194],[-105.36167080639744,35.920237843271387],[-105.36171180650001,35.920252843063672],[-105.36173980689927,35.920264843617261],[-105.36174780637096,35.920267843755596],[-105.36178780642723,35.920282843547987],[-105.36183080662312,35.920304843664006],[-105.36187480686493,35.920321843548727],[-105.36192780662523,35.920347843849271],[-105.361972806914,35.920371843158414],[-105.36200780673902,35.920391843182401],[-105.36204780679601,35.920414843344936],[-105.36208280662046,35.920428843091322],[-105.36214080661179,35.920446843021423],[-105.36217480638987,35.920459843620975],[-105.36220980711353,35.920471843274811],[-105.3622478070772,35.920487843113548],[-105.36228580704119,35.920507843137358],[-105.36231880677268,35.920517843598184],[-105.36234980641213,35.920535843529834],[-105.36240180702455,35.920551843367768],[-105.36242480719173,35.920558843690301],[-105.3622018067653,35.920730843567114],[-105.36202580671517,35.92086684357421],[-105.36108080707257,35.921811844182912],[-105.36118580659716,35.922441843647071],[-105.3625508068032,35.921338843797983],[-105.36333880730538,35.920866843498651],[-105.3638488075061,35.920286843614413],[-105.36388880756397,35.920319843340238],[-105.36392280735556,35.92048884306346],[-105.3639738070255,35.920540843667716],[-105.36400780681716,35.92070984339086],[-105.36415080715514,35.920785843301601],[-105.36437380762119,35.921069843837934],[-105.36468680777431,35.921503843215085],[-105.3649268072337,35.92183584327325],[-105.36494380712284,35.921843843642421],[-105.36498780736453,35.921859843480838],[-105.36502680737442,35.921873843226983],[-105.36506280724464,35.92188084354877],[-105.36509280773673,35.921894843295483],[-105.36512480742176,35.921903843709977],[-105.36516180733828,35.921910843132451],[-105.3652198073291,35.921922843684264],[-105.36527080789408,35.921925843820127],[-105.36530780781041,35.921929843103733],[-105.36536680784631,35.921927843907163],[-105.36541180723341,35.921924843765773],[-105.36544980719607,35.921928843948628],[-105.36548380787349,35.921942843695057],[-105.3655168076057,35.921960843626664],[-105.36555780770931,35.921987843074824],[-105.3655938075804,35.922004843859341],[-105.36563980791534,35.922026843075919],[-105.36566380812999,35.922047843146771],[-105.36569380772399,35.922075843541201],[-105.36571080761502,35.922104843083311],[-105.36571480780323,35.922137843710523],[-105.36571280771409,35.922178843808936],[-105.36571080762528,35.922222843146791],[-105.36569480778576,35.922252843636414],[-105.36566880748276,35.922281843180983],[-105.36564080798577,35.922303843301087],[-105.36561380763575,35.922324843374938],[-105.36558280800008,35.922350843680313],[-105.36555680769624,35.922369843661563],[-105.36553380753224,35.922398843205976],[-105.36550780812901,35.922432843881161],[-105.36547980773382,35.922467843703473],[-105.36548280787659,35.922510843894152],[-105.36548280787937,35.922542843576032],[-105.36547280741999,35.922588843906205],[-105.36546280786018,35.922637843475847],[-105.36545680758526,35.922673843343148],[-105.36545180735632,35.922705843924625],[-105.36545780763723,35.922738843652411],[-105.36546580801111,35.922774843518944],[-105.36543880766261,35.922813843526249],[-105.36541380740522,35.922833843553683],[-105.36538380781499,35.922849843396357],[-105.36534980803906,35.922860843907223],[-105.36531580736323,35.922865843241198],[-105.36527280806936,35.922874843660097],[-105.36522180750551,35.922884843226363],[-105.36518280749844,35.922902844061383],[-105.36514380749009,35.922905843303091],[-105.3650958079651,35.922921844046122],[-105.36505280777202,35.922931843611956],[-105.36501680790366,35.922946843408688],[-105.36497980798792,35.922948843503335],[-105.364931807563,35.922957843922504],[-105.36486880734209,35.922963843304423],[-105.36483080738029,35.922969843584212],[-105.36478080776168,35.922974843818444],[-105.36473880761454,35.922980844098419],[-105.36469580742074,35.922982843294136],[-105.3646528072279,35.92299584389805],[-105.36460980793363,35.923000844131877],[-105.36454980785314,35.923022843354509],[-105.36449580715103,35.923041843337387],[-105.36445580709848,35.923069843735817],[-105.36442180732253,35.923080843347371],[-105.36438180726898,35.923096844089933],[-105.36432480732432,35.923082843445513],[-105.36429980706259,35.923053843903844],[-105.3642868073582,35.923038844109918],[-105.36426880742091,35.923010843714849],[-105.36425180753039,35.922986843504738],[-105.36421980784527,35.922976843943239],[-105.36417180742114,35.922994843879501],[-105.36414580711762,35.923017844045795],[-105.36411080729548,35.923030843749935],[-105.36407580747418,35.923052843870515],[-105.36403480737475,35.923074843991436],[-105.36399380727552,35.923098844204816],[-105.363944807705,35.923123843565691],[-105.36389080700361,35.923150843918641],[-105.36384980780358,35.923172844039534],[-105.36384380752578,35.923175844178701],[-105.36380680761206,35.923201843585105],[-105.3637728069376,35.923221843613071],[-105.36373380693037,35.923237843456242],[-105.36368880754466,35.92325684343858],[-105.36364380726,35.923279843605968],[-105.36360180711497,35.923309844097041],[-105.36357380761875,35.923340843734273],[-105.36355580768672,35.923372843417212],[-105.36353380756904,35.923400843814626],[-105.36350680721939,35.923426844119788],[-105.36347480753706,35.923448844240177],[-105.36343280739099,35.923466844176041],[-105.36338880715235,35.923485844158307],[-105.36334780705268,35.923504844140417],[-105.36330880704595,35.923526844261197],[-105.36327780741004,35.923549843528491],[-105.36324480768086,35.923565844270634],[-105.36321180705271,35.923585844298522],[-105.36317180699918,35.923602844188018],[-105.36313380703845,35.923620844123718],[-105.36310280740267,35.923644844336536],[-105.36306580748956,35.923677844066859],[-105.36304380737161,35.92370284432544],[-105.36301680702199,35.923728843731261],[-105.36298580738628,35.92375384399039],[-105.36294080710188,35.923779844296597],[-105.36291180755909,35.923807843795082],[-105.36284980738748,35.923848843896955],[-105.36281980689799,35.923864843739622],[-105.362782806984,35.923886843860238],[-105.36274280693074,35.923906843888595],[-105.36270880715479,35.923917844399476],[-105.36266580696338,35.923947843991272],[-105.3626268069585,35.923990844184367],[-105.36259780741649,35.924027844099221],[-105.36256580683623,35.924065844060557],[-105.36252780687668,35.924096843698379],[-105.36249080696297,35.924122844004096],[-105.36245680718818,35.924147844263373],[-105.36245480709563,35.924148844309784],[-105.3624228074133,35.924170844430115],[-105.36238180731442,35.924198843929325],[-105.36235580701046,35.924216843864322],[-105.36233280684587,35.92423884398417],[-105.3623288075627,35.924271843712553],[-105.36232780751648,35.924272843758843],[-105.36231180677966,35.924325844413275],[-105.36229880707928,35.924357844095873],[-105.36227780700871,35.924394844010308],[-105.36225280675342,35.924439844295087],[-105.36222180711972,35.924487843819719],[-105.36220580727978,35.924512844077981],[-105.36218480720801,35.924536844290216],[-105.3621608069985,35.924574844251119],[-105.36214080697411,35.924610844119201],[-105.36214080697654,35.924638844515343],[-105.36183980742668,35.924746844133495],[-105.36175780723096,35.924825844196008],[-105.36163080675243,35.924949844544386],[-105.36064380699371,35.926256844816805],[-105.35956980675752,35.927067844629192],[-105.35978880704693,35.927451844396437],[-105.36051680660037,35.927358844548337],[-105.36119580743492,35.926743844833716],[-105.36223080771865,35.926577844288488],[-105.36282680739922,35.925896844223047],[-105.36379580735334,35.926085843918358],[-105.36494880773785,35.926248844198838],[-105.3665998087565,35.926867843964338],[-105.36697880833418,35.926880844543994],[-105.36828680868237,35.926761844358886],[-105.36852080875263,35.92697484430763],[-105.3682728089906,35.927424844457384],[-105.36741380888238,35.92889384412365],[-105.36686380864654,35.929701844666376],[-105.36679080888889,35.93002184508665],[-105.36627780851116,35.930164844537686],[-105.36668280842227,35.930498844678866],[-105.36700580903018,35.930833844871032],[-105.36710380909237,35.931033845125441],[-105.36711880890552,35.931233844485298],[-105.36733880923619,35.931558845120065],[-105.36723780906223,35.931671844958039],[-105.3671248092333,35.931804844822693],[-105.36638980847397,35.932101845116321],[-105.36625380848662,35.932327844788482],[-105.36613080910303,35.932568845153895],[-105.3660428086404,35.932775844843555],[-105.36599480913692,35.933038845323203],[-105.36594380858354,35.933168845045493],[-105.36585080878834,35.933373845542256],[-105.36592580867188,35.933434845662241],[-105.36593580916846,35.933815845302703],[-105.3654518083821,35.934488844991527],[-105.36484080888224,35.934898845110204],[-105.36462880901392,35.935625845483109],[-105.36457380831813,35.9362488455319],[-105.36468280892313,35.936828845380461],[-105.36506580874368,35.937501845918696],[-105.3652788087543,35.937876846169168],[-105.36530580911031,35.937924845690461],[-105.36550080920759,35.938545845632326],[-105.36589680962439,35.939148846528454],[-105.36592280903417,35.93918984572587],[-105.3662738091609,35.939752846572596],[-105.36663880991776,35.940101846510693],[-105.36742880967792,35.940371846366581],[-105.36811380997418,35.940709845777342],[-105.36841480955906,35.941003845872466],[-105.36879181000089,35.941676846411028],[-105.36919580984893,35.941817846615997],[-105.36934681059076,35.94227384612104],[-105.36915181059636,35.942832846814106],[-105.36908181012606,35.943699846461556],[-105.36906981048244,35.943850846253895],[-105.36936281060268,35.94422184631469],[-105.36932281063604,35.94523484642],[-105.36931881045871,35.945326847079464],[-105.36931781041346,35.945339846781664],[-105.36954581022269,35.945746846713121],[-105.3695368107399,35.946147847279981],[-105.3688398108402,35.946421847406604],[-105.36812280991633,35.94557884711633],[-105.36575180968383,35.944696846915576],[-105.36418880917192,35.944377846635845],[-105.36353480946931,35.944687846627005],[-105.36193180906976,35.946288847047356],[-105.36172880877297,35.947631848040849],[-105.36151380877278,35.948439847664872],[-105.36106980886821,35.948280847528707],[-105.36068780904533,35.947049847254192],[-105.35919780830555,35.946577847985431],[-105.35761580783183,35.946481847232327],[-105.35495980707465,35.946653848148621],[-105.35306180728337,35.946987848422559],[-105.35224180712889,35.947826848616423],[-105.35028780663146,35.949196848262083],[-105.34903880637226,35.949922848648541],[-105.34895080685902,35.950703848814747],[-105.34995480670948,35.95172984856211],[-105.35007680702088,35.952346849222401],[-105.34974480706433,35.95395184885529],[-105.34972280694703,35.953984849484016],[-105.3496938065098,35.954068848875444],[-105.34964280684868,35.95411784934678],[-105.34958480687226,35.954270849234327],[-105.34951980656324,35.954329849269826],[-105.3495078069142,35.954417849744637],[-105.34939180695287,35.954626849528445],[-105.34931980721973,35.954696849173985],[-105.34922580646538,35.954746849694054],[-105.34911180659188,35.954899849584827],[-105.34912180706313,35.954989849251604],[-105.34889980668564,35.95519084957072],[-105.34873580718798,35.955285849478834],[-105.34868480663025,35.955365849585796],[-105.34861280689714,35.955435849231321],[-105.34842780642498,35.955514849299725],[-105.34835580669183,35.955584849844534],[-105.34826380692978,35.955637849604052],[-105.34816880704513,35.955879850014107],[-105.34811580639405,35.955951849751038],[-105.34802680677113,35.956006849602858],[-105.34799580624092,35.956086849708662],[-105.34792380650777,35.956156849354194],[-105.34791580703769,35.956171850048598],[-105.34790580657439,35.956172850095477],[-105.34786880665919,35.956181849614637],[-105.34782780655874,35.956191850079676],[-105.34778980659674,35.956194849321342],[-105.34774080702378,35.9561918500847],[-105.34768780636584,35.956185849810197],[-105.34765080644843,35.956168849925085],[-105.34761580662261,35.956139849484707],[-105.34757680661171,35.956113850082666],[-105.34753380641527,35.956085849689046],[-105.34749480640463,35.956062849526454],[-105.34745080616214,35.956037849271702],[-105.3474018065873,35.956013849962737],[-105.34736280657638,35.95598784966139],[-105.34732480661182,35.955961849359987],[-105.34728580660084,35.955934849911692],[-105.34724580654363,35.95590884961041],[-105.34720180630161,35.955889849633195],[-105.34715680691286,35.955873849794862],[-105.34711380671767,35.955859850048896],[-105.34707780684643,35.955840850071283],[-105.34704680630698,35.955815849815721],[-105.3470168067129,35.955786849375045],[-105.34698080684112,35.955761850019101],[-105.34693580655296,35.955744849235167],[-105.34688880617306,35.955738849859607],[-105.34683980659983,35.955732849584827],[-105.34678580679504,35.955728849402874],[-105.34673180609146,35.955729849452254],[-105.34668280651921,35.955735849732662],[-105.34664480655732,35.955739849919915],[-105.34658780661464,35.955748849440305],[-105.34653980619025,35.955763850137082],[-105.34649980613609,35.955772849656434],[-105.34646580635871,35.95576784942709],[-105.3464368059123,35.955746849356451],[-105.34638680629145,35.955725849287091],[-105.34635980593772,35.95570485011568],[-105.34631480654835,35.955681849953464],[-105.34614880604775,35.955650849428146],[-105.34610580585495,35.955664850078335],[-105.34606480665499,35.955687849346184],[-105.34593480603432,35.955775849827795],[-105.34588180627767,35.955791849671797],[-105.3458498065949,35.955808849560881],[-105.34581680596743,35.955836849958892],[-105.34578480628606,35.955869849688916],[-105.3457568058908,35.95590384946491],[-105.345725806256,35.955938850186712],[-105.34569080643567,35.955972849963111],[-105.34565980590138,35.956006849739346],[-105.34562780621924,35.956030849952242],[-105.34556580604585,35.956050849981857],[-105.34550280582592,35.956068849918914],[-105.34547280623576,35.956084849761609],[-105.34544780597865,35.956108849974136],[-105.34542580586098,35.956136849472188],[-105.34540780592842,35.956162849776803],[-105.34538980599559,35.956185849942727],[-105.34536680583109,35.95620885010883],[-105.345338806334,35.956228850136448],[-105.34530980589084,35.956244849979065],[-105.34527480606913,35.956262849914516],[-105.3452378061547,35.956280849850124],[-105.34519680605581,35.956307850202343],[-105.34515480591001,35.956329849424009],[-105.34511080567145,35.956349849452529],[-105.34506480623813,35.956353849640294],[-105.34502280609082,35.956357849827775],[-105.34497980589619,35.956350849506393],[-105.34493680570098,35.956336849760426],[-105.34489180631145,35.956311849505731],[-105.34484880611531,35.956286850150178],[-105.3448038058267,35.956264850034216],[-105.34475280615929,35.956241849872377],[-105.3446978063068,35.956221849849562],[-105.34463780622282,35.956204849965765],[-105.34457880618481,35.956182849850677],[-105.34454280631346,35.95616284982669],[-105.34448580547024,35.956157849598696],[-105.34443380576106,35.956186850044084],[-105.34437980595959,35.956220849821598],[-105.34433880586165,35.956259849829685],[-105.34429980585688,35.95630385006902],[-105.34426280594576,35.956358849917848],[-105.34422780612674,35.956407849488926],[-105.34418980616967,35.956467849569151],[-105.34415780558967,35.956508849669312],[-105.3441188055848,35.956551849862336],[-105.34407980557975,35.956592849962867],[-105.34404780589934,35.956636850201761],[-105.34402080555063,35.956672850070298],[-105.34398280559085,35.956701849615584],[-105.34393880625191,35.956725849829155],[-105.34390280548578,35.95675785041243],[-105.34387180585122,35.95679585037373],[-105.3438418062631,35.956835850427439],[-105.34379280579485,35.95687884972174],[-105.34377280577164,35.956927850191335],[-105.34375480584083,35.956973849622656],[-105.34373280572518,35.957025850231105],[-105.3437078054703,35.957074849801629],[-105.34367980597619,35.957129849649938],[-105.34365580576652,35.957165850417567],[-105.3436248061312,35.957195850008738],[-105.34357580566153,35.957222850361397],[-105.3435238059506,35.957231849881495],[-105.34347080619291,35.957236850115919],[-105.34341680549066,35.957253850006225],[-105.34336880596581,35.957270849896169],[-105.34330380565474,35.957306849766852],[-105.34325880536946,35.957322850509705],[-105.34321580607569,35.957332850075545],[-105.34317280588249,35.957341850494402],[-105.34313080573556,35.957349849967684],[-105.34309180572735,35.957354850201234],[-105.3430218060815,35.957362850575436],[-105.34298880545229,35.957370850048115],[-105.34295280558382,35.957383849752318],[-105.34292180594728,35.957399850494383],[-105.34290380601568,35.957436850408648],[-105.34287080538796,35.957461849768528],[-105.34284180584493,35.957486850027564],[-105.34280580597795,35.957516850518282],[-105.34277080525787,35.957545850063376],[-105.34273080520536,35.957573850461827],[-105.34268780591258,35.957595850582855],[-105.34263980548809,35.957609850334038],[-105.34259380515553,35.957614850568042],[-105.34254980581464,35.957615850616818],[-105.34250780566717,35.957617849812472],[-105.3424648054733,35.957619849907445],[-105.34241980518628,35.957615850624322],[-105.34237680588997,35.957596850647043],[-105.3423428052115,35.957571850391652],[-105.34231780584915,35.957542849950698],[-105.34229180554101,35.957512850362868],[-105.34225780576178,35.957486850061223],[-105.34222180589038,35.95746584999106],[-105.34218380592657,35.957448850106005],[-105.34214180577769,35.957434850360031],[-105.34209880558259,35.957421850660388],[-105.34205980557282,35.957408850061171],[-105.34202680584106,35.957395850360932],[-105.34197780536616,35.957362850635626],[-105.3419428055392,35.957320850493097],[-105.34195880538414,35.957352850174011],[-105.34186280544886,35.957544850069496],[-105.34155280548481,35.957686850361938],[-105.34106580544467,35.958197850649768],[-105.34006280486912,35.95863885042661],[-105.33872680501477,35.95867585041691],[-105.33853380507921,35.958846850245706],[-105.33837480491798,35.958987850483176],[-105.33811680465324,35.958986850451744],[-105.33801980470075,35.95951285051175],[-105.33780880489594,35.960435850959641],[-105.33738880442345,35.961635850745523],[-105.3374038051863,35.962411851573748],[-105.33795580478956,35.963599851647693],[-105.33812680561128,35.964654851885406],[-105.33886880588727,35.965406851561319],[-105.34017480615846,35.96546585151777],[-105.34190780641765,35.965361851102642],[-105.34346180655055,35.966113851631064],[-105.34480680691499,35.967141851451125],[-105.34644680746196,35.968192851418991],[-105.34643480780701,35.96821385149196],[-105.34645980716977,35.968246851218652],[-105.34649080771095,35.968291851500197],[-105.3465218073524,35.968332851596706],[-105.34654280742836,35.96835685180654],[-105.34658580762574,35.968395851809774],[-105.34661080788773,35.96842785149024],[-105.34664380762007,35.968447851514313],[-105.34667080707482,35.968472851770116],[-105.34670380770812,35.968511851773933],[-105.34674280771964,35.968544851499878],[-105.34677680750096,35.968594852012558],[-105.34680280781006,35.968635851210031],[-105.34683580754343,35.968667851789313],[-105.34686880727733,35.968705851746861],[-105.3468938075395,35.968739851519842],[-105.3469528075783,35.968770852051385],[-105.34698080797365,35.968737851422276],[-105.34700880746996,35.968708851877565],[-105.34702480730887,35.968671851963471],[-105.34705680788878,35.968629851817084],[-105.34708880756918,35.968585851578126],[-105.34711280777813,35.968540851293419],[-105.3471348078929,35.968478852020937],[-105.3471638074334,35.968424851319512],[-105.3472038074832,35.968365851285476],[-105.34723880730159,35.968309851390529],[-105.3472848076311,35.968269851335833],[-105.34732680777464,35.9682228518569],[-105.34736280764031,35.968177851571475],[-105.34739980755236,35.968132851285986],[-105.3474368074655,35.968100851601996],[-105.34746480786066,35.968065851779663],[-105.34749280735652,35.968030851058074],[-105.34751680756619,35.967994851189736],[-105.34754280786858,35.967958851321306],[-105.34756980731812,35.967924851545312],[-105.34760080785269,35.967893851907959],[-105.34763780776603,35.967863851417107],[-105.34767780781907,35.967841851296313],[-105.34771780787253,35.96782485140676],[-105.3477598080193,35.967814851841013],[-105.34779880802739,35.967807851514912],[-105.34783880808216,35.967805851420039],[-105.34787880723796,35.96780785151028],[-105.3479478077396,35.967831851717342],[-105.34800380762674,35.967717851835708],[-105.34805580733628,35.967692851575357],[-105.34808780791522,35.967639851819392],[-105.34809280814338,35.967598851720808],[-105.34808480776879,35.967554851484245],[-105.34806780787649,35.967510851248115],[-105.34805480726996,35.967463851772301],[-105.34804580774828,35.967418851489477],[-105.34804680779111,35.967378851437431],[-105.34805480725922,35.967340851477481],[-105.34806280762703,35.967307851748885],[-105.34807080799517,35.967277851259787],[-105.3480778074176,35.967247851669981],[-105.34811980756106,35.967199851245432],[-105.34815880756786,35.967178851170949],[-105.34820380785268,35.967157851096047],[-105.3482488081377,35.967138851113702],[-105.34829380752339,35.9671198511314],[-105.34833580766932,35.967099851102944],[-105.3483778078153,35.967080851120762],[-105.34842480729422,35.967067851415919],[-105.34846580739533,35.967065851321074],[-105.3485218081931,35.967080851112478],[-105.34857780809163,35.967097850996481],[-105.3486118078693,35.967105851364643],[-105.34864980783235,35.967114850879526],[-105.3486888078418,35.967123851293678],[-105.34872680780484,35.967132851707895],[-105.34878480779628,35.967151851684285],[-105.34883580746394,35.967177851085623],[-105.34888280784664,35.967215851042354],[-105.34890580801559,35.967243851437175],[-105.34892680809192,35.967272850979036],[-105.34894480802893,35.967297851235351],[-105.34898180794859,35.967340851424005],[-105.34900580816515,35.967382851567159],[-105.34900180798233,35.967411851110462],[-105.34898480809646,35.9674418516001],[-105.34896280797845,35.967466850959383],[-105.34893380753564,35.967486850987058],[-105.34890380794567,35.967504850922268],[-105.34886380789247,35.967524850950582],[-105.34883880763502,35.967544850978015],[-105.34882180775094,35.967594851493701],[-105.3488328082631,35.967622850989898],[-105.34883280826318,35.967623851036137],[-105.34907480779947,35.967773851666834],[-105.34910080810621,35.967787851413782],[-105.34915180777469,35.967822851231517],[-105.34920580758154,35.967850851624483],[-105.34923680812031,35.967868851556197],[-105.34926580766704,35.967885851441743],[-105.349318808327,35.967914850981749],[-105.34937280813395,35.967943851421026],[-105.34939980848729,35.967960851306657],[-105.34942780798751,35.967975851099723],[-105.34946480790535,35.967997851216147],[-105.34951080824044,35.968021851424524],[-105.3495428079259,35.968035851171109],[-105.34960180796416,35.968059851378761],[-105.34965380767738,35.96807685126295],[-105.34971580785364,35.968089850961512],[-105.34977480789149,35.968109850984149],[-105.34982480841173,35.968130851053509],[-105.34987380798609,35.968149851030425],[-105.34992680774657,35.968177851423512],[-105.34995780828523,35.968193851262669],[-105.3499898079708,35.968208851055472],[-105.35003980849146,35.968234851356158],[-105.35019280839508,35.968327851153497],[-105.35023580858973,35.968335851521182],[-105.35027380855266,35.968342850943522],[-105.35031480865469,35.968350851311264],[-105.35035680790388,35.968360851771486],[-105.35039480786715,35.96837185137894],[-105.35043180868344,35.968383851032691],[-105.35046480841507,35.968395851585939],[-105.3504958080543,35.968410851378856],[-105.35052580854656,35.968426851218069],[-105.35055580813966,35.968443851103515],[-105.35058480858596,35.968463851127822],[-105.35061380813285,35.968482851105904],[-105.35064280857897,35.96850085103771],[-105.35067180812577,35.968518850969488],[-105.35070380871069,35.968534851707908],[-105.35073480834984,35.968548851454571],[-105.35079380838776,35.968569851523398],[-105.35085880870277,35.968578851036746],[-105.35089580861842,35.968575851795116],[-105.35093680871931,35.968570851561438],[-105.35098280815238,35.96856385123489],[-105.35103080857773,35.968559851047068],[-105.35107580886458,35.968561851137011],[-105.35111980820599,35.968566851365786],[-105.35113280880874,35.968569851503844],[-105.35115980826195,35.968577850973105],[-105.35119580813235,35.96858685138745],[-105.35124680869917,35.96861085159555],[-105.35128780880278,35.968636850997449],[-105.35132680881358,35.968661851252563],[-105.35134780888981,35.968689851647483],[-105.35136780891983,35.968718851189358],[-105.35140780897656,35.968738851213104],[-105.35143580847725,35.968759851283714],[-105.35145780859962,35.968784851539795],[-105.35149280842552,35.968814851127114],[-105.35152580815864,35.968843851567605],[-105.35156080888419,35.968877851340018],[-105.35159680875616,35.968904851687789],[-105.35163680881386,35.968935851321099],[-105.35168980857479,35.968968851046178],[-105.35171780897443,35.968984851784825],[-105.35176480845695,35.969013851325194],[-105.35181680906963,35.969031851255693],[-105.35187780829955,35.969036851483466],[-105.35192980891007,35.969030851202859],[-105.35196980896475,35.969027851061746],[-105.35200980901996,35.969030851198234],[-105.35205480840776,35.969035851426995],[-105.35210380888122,35.969051851265107],[-105.35213380847428,35.969068851150574],[-105.35216780915255,35.969091851313401],[-105.3521998088391,35.969118851661456],[-105.35220980840388,35.969126851131676],[-105.3522298084329,35.969143851017705],[-105.35225580874035,35.969165851134754],[-105.35229280865897,35.969196851667562],[-105.35231880896634,35.969217851738307],[-105.35256380863579,35.969300851067658],[-105.35260180859906,35.969311851574396],[-105.35264380874723,35.96931785184956],[-105.35268580889542,35.969323851225433],[-105.3527278090434,35.969327851408053],[-105.35276980919132,35.969330851544441],[-105.35281580862517,35.969332851634341],[-105.35286380905089,35.969332851631563],[-105.35291280862354,35.969331851582496],[-105.35295980900268,35.969329851487217],[-105.35300480928929,35.969328851438355],[-105.35304380929799,35.969329851482364],[-105.35308080921413,35.969331851572797],[-105.353116809084,35.969334851709512],[-105.3531548090464,35.969335851753556],[-105.35319680919405,35.96933585175114],[-105.35324080943478,35.969340851080595],[-105.35328580882275,35.969347851401899],[-105.35332980906432,35.969361851147745],[-105.35337580939922,35.969383851263629],[-105.35340680904206,35.96943985115476],[-105.35344580905313,35.969467851548679],[-105.35348780920391,35.96950385141318],[-105.35352080893817,35.969545851555814],[-105.3535638091353,35.969581851420273],[-105.35360980947088,35.969610850960699],[-105.35366180918548,35.969643851585133],[-105.353705809429,35.969680851495831],[-105.35374680953366,35.969718851452946],[-105.35379080887766,35.969752851224804],[-105.35381880927919,35.969790851182658],[-105.35386780885496,35.969825851000529],[-105.3539178093761,35.96985785157883],[-105.35394980906131,35.969868851186575],[-105.35400680900635,35.969886851116783],[-105.35404180883145,35.969907851186996],[-105.35406780913925,35.969933851489088],[-105.35411280942732,35.969949851327435],[-105.35415780971547,35.969966851212092],[-105.35420180905795,35.969983851096735],[-105.35424780939229,35.969998851788091],[-105.35429880905949,35.970019851857401],[-105.35434080920793,35.970028851372057],[-105.35438280935654,35.970039850979227],[-105.35442680959855,35.970058851855718],[-105.35447480912642,35.970075851740148],[-105.35452180950753,35.970095851763503],[-105.3545698090357,35.970116851832969],[-105.35461780946315,35.970136851856182],[-105.35466580899134,35.970157851026393],[-105.35470780914085,35.970178851096207],[-105.35474180981825,35.970191851695702],[-105.35477480954997,35.970204851395927],[-105.35480880932744,35.970210851671581],[-105.3548588098478,35.970233851833491],[-105.35490180914384,35.970249851671944],[-105.35493680986748,35.970261851325816],[-105.35497880911703,35.970275851071776],[-105.35503280982167,35.970285851531365],[-105.35509080981151,35.970286851574272],[-105.3551488098006,35.970278851200767],[-105.35516180950326,35.970273850968717],[-105.35519280914033,35.970263851403587],[-105.35525680940712,35.970252851790249],[-105.35531980962934,35.970260851257457],[-105.3553528093608,35.970270851718219],[-105.3553858099917,35.970281851325879],[-105.35541580958437,35.970294851026296],[-105.35547080943707,35.970316851141668],[-105.35551180953821,35.970314851046737],[-105.35555880991744,35.970313850997762],[-105.35559280969494,35.970319851273437],[-105.35562280928778,35.970334851066397],[-105.35565480987302,35.97035385104428],[-105.35568980969725,35.970364851551182],[-105.35572480952193,35.970380851390104],[-105.35575481001473,35.970402851506897],[-105.3557578092547,35.970405851645523],[-105.35579080988808,35.970445851695615],[-105.35594881002794,35.970590851200534],[-105.35590981001775,35.970572851269289],[-105.35589081003441,35.970547851013087],[-105.35586680981993,35.970528851034729],[-105.35582980990047,35.970488850984822],[-105.35615980993701,35.97086285118224],[-105.35618680939112,35.970880851114174],[-105.35621780992933,35.970891851621289],[-105.35626480940985,35.970897850996856],[-105.35629881008603,35.970896851847968],[-105.35635080979723,35.970890851567368],[-105.35638480957405,35.970889851519146],[-105.35641881025101,35.970897850987953],[-105.35645881030631,35.970901851170773],[-105.35650080955412,35.970895851790061],[-105.35654880997998,35.970897850980471],[-105.356581809711,35.970902851209928],[-105.35661680953437,35.970903851254157],[-105.35681580976413,35.970917850991043],[-105.35685380972696,35.970923851266456],[-105.35689680992144,35.970929851541577],[-105.35693680997672,35.970932851678079],[-105.35697981017201,35.970947851470278],[-105.35701180985774,35.970964851355625],[-105.35704081030377,35.970981851241127],[-105.35707681017537,35.971004851403869],[-105.35710281048308,35.971029851659708],[-105.35713281007646,35.971050851730276],[-105.35715781033758,35.971072851847381],[-105.3571828096994,35.971094851065097],[-105.35720780996077,35.971119851321006],[-105.35722680994466,35.9711518510018],[-105.35724580992834,35.971180851443101],[-105.35726480991185,35.971207851791824],[-105.35726280982175,35.971236851335036],[-105.35725081016724,35.971262851639381],[-105.35723980965983,35.971289851090539],[-105.35723081014457,35.9713178514872],[-105.35721281021297,35.971354851401415],[-105.35719481028065,35.971382851798616],[-105.35717281016267,35.971407851157849],[-105.35714980999826,35.971431851370298],[-105.35713681029743,35.971457851674622],[-105.35712580979036,35.971488851310902],[-105.35710980995113,35.971521851039938],[-105.3570968102502,35.971546851298037],[-105.35708880988254,35.971581851119126],[-105.35709381011755,35.97161985107833],[-105.35710281053733,35.971650851612758],[-105.35712081047468,35.971679851154803],[-105.35714181055103,35.971708851595999],[-105.3571738102365,35.97172285134252],[-105.35721381029224,35.97173185175663],[-105.35724681002365,35.971740851271804],[-105.3572928103563,35.971736851084039],[-105.35732781018125,35.971755851061758],[-105.35737181042327,35.971775851085276],[-105.35782381067592,35.97167485178219],[-105.35935981087013,35.972382851175119],[-105.35939181055333,35.972370851517383],[-105.35943581079535,35.972389851494597],[-105.35946981057154,35.972381851122528],[-105.35950681048875,35.972395851768106],[-105.35954681054517,35.972412851652962],[-105.35958181036968,35.972426851399348],[-105.35962581061129,35.972441851191505],[-105.35967481108423,35.972451851651321],[-105.35971281104806,35.972469851582616],[-105.3597428106408,35.972482851283033],[-105.3597768104184,35.972490851651166],[-105.35981081109666,35.972513851814],[-105.35984381082865,35.972529851653029],[-105.35987981069904,35.972538851168032],[-105.35992481098711,35.972554851905706],[-105.35996781118297,35.972575851076201],[-105.35999981086864,35.97259285186086],[-105.36003281060033,35.972604851514838],[-105.3600668112783,35.972624851538868],[-105.36010181110322,35.972643851516601],[-105.36013581088264,35.972671851910775],[-105.36016381128238,35.972689851842603],[-105.36019581096855,35.972711851059977],[-105.36022881070087,35.972731851084063],[-105.3602628104795,35.972750851061853],[-105.36031081090631,35.972763851660531],[-105.36034781082293,35.972771851129181],[-105.36038581078552,35.972774851265804],[-105.36042181065555,35.972779851495055],[-105.36045681137884,35.972787851863131],[-105.36049381129499,35.972789851054223],[-105.3605408107762,35.97280385169924],[-105.36058181087965,35.972827851907986],[-105.36061581065835,35.972847851032661],[-105.36063981087291,35.972867851057273],[-105.36066881131963,35.972892851312949],[-105.36068881134938,35.972918851615404],[-105.36072181108206,35.972942851824584],[-105.36076281118487,35.972959851709398],[-105.36080681142636,35.972972851409018],[-105.36085581099924,35.97297485149867],[-105.36089181086901,35.972976851589159],[-105.36093381101682,35.972978851679287],[-105.3609738110721,35.972981851815796],[-105.3610078108503,35.97299685160845],[-105.36103681129696,35.973020851817871],[-105.36106881098313,35.973042851035231],[-105.36109081110564,35.973069851383826],[-105.36112181074466,35.973082851084172],[-105.36116281084703,35.973094851637008],[-105.36119781157024,35.973101851059518],[-105.36123381144054,35.973109851427544],[-105.36126981131119,35.973121851081359],[-105.36130681122778,35.973128851403082],[-105.36135081146843,35.973132851585596],[-105.36139781094813,35.973128851397824],[-105.36143781100344,35.973132851580573],[-105.36147781105974,35.97314785137295],[-105.36152081125476,35.973159851026359],[-105.36156781163493,35.97316885144005],[-105.36161081093142,35.973189851509808],[-105.3616488108959,35.973214851764958],[-105.36168481166534,35.973220851141178],[-105.36168181152885,35.973249851583745],[-105.36172881100856,35.973245851395973],[-105.36175981154472,35.973233851738293],[-105.36222481149723,35.973095851621956],[-105.36226481155305,35.973105851182993],[-105.36230781174658,35.973100851848528],[-105.36234181152206,35.973083851060004],[-105.36237381120526,35.97307185140231],[-105.36241081112047,35.97306385103002],[-105.36244681098938,35.973055851557163],[-105.36248481185039,35.973048851231063],[-105.36251781157955,35.973032851388197],[-105.36256081177395,35.973036851570825],[-105.36259781169021,35.973040851753737],[-105.36264481116966,35.973033851427182],[-105.36267981189165,35.973026851101309],[-105.36271481171519,35.973029851238088],[-105.36275281167831,35.973039851698559],[-105.36280381134492,35.973053851444],[-105.36283981121497,35.973058851673258],[-105.36288981173338,35.97305885167038],[-105.36293681121327,35.973057851621348],[-105.36298081145415,35.9730638509971],[-105.36302281160188,35.973064851040945],[-105.36307081112687,35.973048851197234],[-105.3631158114124,35.97303585149249],[-105.36315681151329,35.973030851258827],[-105.36316481188391,35.973029851212111],[-105.36320181179978,35.973028851163669],[-105.36323281143652,35.973015851459728],[-105.36327481158409,35.973014851411065],[-105.36331881182461,35.973016851501029],[-105.36335781183421,35.973027851108419],[-105.36340481131481,35.973034851429546],[-105.3634488115563,35.973047851129138],[-105.36349181175098,35.973055851496831],[-105.36350781159466,35.973073851429341],[-105.3635158119662,35.973082850945957],[-105.36353781208874,35.973109851294545],[-105.36356181140391,35.97312885127289],[-105.36359481203502,35.973142851019432],[-105.36364481165707,35.973176851690241],[-105.36367581129674,35.973196851714455],[-105.36371981153748,35.973201851043939],[-105.3637638117787,35.973211851504061],[-105.36380381183426,35.973218850926273],[-105.36383881165841,35.973228851386921],[-105.36388281189946,35.973236851754535],[-105.36392181190851,35.973241851084275],[-105.36396381205687,35.973249851451996],[-105.3639958117427,35.973267851383589],[-105.36402881147528,35.973290851546473],[-105.36405981201428,35.973310851570744],[-105.3640938117922,35.973322851224594],[-105.36412681152463,35.973343851294999],[-105.36416781162491,35.973331851636736],[-105.36420281144679,35.973315850894444],[-105.3642518119195,35.973323851261796],[-105.36428581169594,35.97331785098222],[-105.36429281202004,35.97331485174233],[-105.36432881188851,35.973301851138793],[-105.36436981198842,35.973285851295486],[-105.36440681190382,35.973279851015739],[-105.36444281177438,35.973290851522563],[-105.36448281183002,35.973297850944853],[-105.36451181227639,35.973318851015421],[-105.36454881219204,35.973315850874478],[-105.36458281197075,35.973335850898501],[-105.36460981232452,35.9733578510155],[-105.36463581173325,35.973386851456375],[-105.36466681227147,35.973397851064234],[-105.364693811726,35.97342085122748],[-105.36471781194105,35.973445851483426],[-105.36473781197054,35.973468851647091],[-105.36476081213914,35.97349285095747],[-105.36479181177873,35.973511850935438],[-105.3648158119933,35.973531850960029],[-105.3648458115871,35.97355785126188],[-105.36488281240382,35.973573851100682],[-105.36492181241393,35.97359085098563],[-105.36495681223893,35.973610851009653],[-105.36497681226773,35.973625851702451],[-105.36470381222662,35.973846851151222],[-105.36461081247585,35.974558851722527],[-105.36495681236468,35.975049851936198],[-105.36541881225949,35.975842851726426],[-105.36593781210098,35.976672851426528],[-105.36628181279475,35.977143851614315],[-105.36704681323506,35.97787085193076],[-105.36713681295377,35.978381852185201],[-105.36694481311625,35.979143852377604],[-105.36706781345194,35.979506852077975],[-105.36761081344997,35.979692851658903],[-105.36825481357479,35.979226851645379],[-105.36829181349326,35.97925585208565],[-105.36830381315649,35.979329851911359],[-105.36836381324495,35.979398852402326],[-105.36844181327666,35.97956385193784],[-105.36850381345538,35.979604852032537],[-105.36851481307365,35.979694851699264],[-105.36858781376999,35.979825852359937],[-105.36871881355715,35.979960852303051],[-105.36878881320706,35.979999852304758],[-105.3688548135828,35.980173852257337],[-105.36894981348954,35.980185851907763],[-105.36898381327245,35.980253852353925],[-105.36911481395876,35.980387852250786],[-105.36912881371839,35.980503852220878],[-105.36920281356183,35.980635852028477],[-105.3692138131801,35.980725852594524],[-105.36925781342762,35.980807851889232],[-105.3693328133116,35.980873852240464],[-105.36942881328615,35.981130852434163],[-105.36956281410906,35.981236851934703],[-105.36957981400501,35.981321852269048],[-105.36968381342574,35.981290852627453],[-105.3697328138919,35.981223852222733],[-105.36974281346298,35.981303852326178],[-105.36983881341732,35.981329852624221],[-105.36986481372843,35.981393851986432],[-105.36967981422042,35.982213852163902],[-105.36911681329484,35.982019852214002],[-105.36837281388664,35.981967852549118],[-105.36698981365093,35.981980852331127],[-105.36632081321407,35.981841852233984],[-105.36624781342972,35.981855852885964],[-105.36580281260062,35.981938852255162],[-105.36580381264814,35.981951852856561],[-105.36579981336598,35.981996852240805],[-105.36580981293251,35.982024852636329],[-105.36584081257271,35.98205085293813],[-105.36585781336372,35.982087852850391],[-105.36586081260384,35.982092852182177],[-105.36588181267848,35.982101852597374],[-105.36591281321691,35.982115852343966],[-105.36597881268143,35.982153852299646],[-105.36603781271893,35.982169852137162],[-105.36609781280325,35.982190852205996],[-105.3661598129802,35.982211852274666],[-105.36621781297217,35.982236852528658],[-105.36627081273355,35.982274852485084],[-105.36631881316063,35.982290852323246],[-105.36636781273492,35.982308852253858],[-105.36642581272513,35.982313852481866],[-105.36648081347612,35.982323852941327],[-105.36654481284509,35.982329852315935],[-105.36658781303983,35.98233785268355],[-105.36664081279962,35.982357852706478],[-105.36668781318048,35.982374852590993],[-105.36674281303472,35.982414852639806],[-105.36678881336807,35.9824188528222],[-105.36679181350448,35.982388852333372],[-105.36680781334948,35.982421852959909],[-105.36678981341754,35.982454852689116],[-105.3667608129757,35.982485852326363],[-105.366739812904,35.982509852538676],[-105.36671581359307,35.982539853028712],[-105.36668981329062,35.982574852850902],[-105.36666081284913,35.982609852673235],[-105.36663081326081,35.982646852588168],[-105.366600812773,35.982681852410572],[-105.36657381332331,35.982714853039596],[-105.36655181320555,35.982741852491422],[-105.36653981355008,35.982756852286769],[-105.36651881347841,35.982781852545322],[-105.36649881345392,35.982815852320911],[-105.36648181356834,35.982848852949331],[-105.36646581282962,35.982879852585832],[-105.36644781289777,35.982913852361307],[-105.36642381358767,35.982952852368435],[-105.3664088128949,35.982979852719119],[-105.36639381310188,35.983010852355626],[-105.36638281349413,35.983041852891212],[-105.36637781326507,35.983071852480833],[-105.36637381308212,35.98309985287721],[-105.36636981289914,35.983126852327949],[-105.36636781281028,35.983170852565159],[-105.36637081295351,35.983218852987122],[-105.36637281305086,35.983271852741119],[-105.36637081296224,35.983318853117133],[-105.366371813013,35.983368852732383],[-105.36637781329341,35.98339585308188],[-105.36639081299889,35.98342285253171],[-105.36640881293619,35.983451852973076],[-105.36643081305934,35.983485852746178],[-105.36645081309003,35.983522852658254],[-105.36645481327618,35.983531853074417],[-105.36537681283359,35.984098853289247],[-105.36456981326296,35.98472185338143],[-105.36415581300112,35.985148853375875],[-105.36428581278544,35.985780852930951],[-105.36471981316161,35.986347853058469],[-105.36536981367873,35.987187853213626],[-105.36632281386031,35.988170853672095],[-105.36720481429859,35.988577853565737],[-105.36859081383628,35.989276853450036],[-105.36944881403267,35.98935185327317],[-105.37007281417553,35.989406853083779],[-105.37008781487073,35.989407853129158],[-105.37083481439015,35.989141853369667],[-105.37160581500271,35.988658853461686],[-105.37242481513903,35.9881458530622],[-105.37242581518527,35.988144853015847],[-105.3731158147398,35.987633852716385],[-105.37386281514041,35.987160853272371],[-105.37459981507031,35.986604852686867],[-105.3758228158965,35.985574852626129],[-105.37678881564315,35.984980852067885],[-105.37763981545031,35.984314851782401],[-105.3777138161859,35.984364852292813],[-105.37772281570295,35.984356851922144],[-105.37856781615589,35.983970852001079],[-105.37931981593005,35.983968851865079],[-105.37932381611571,35.983971852003634],[-105.37998881637166,35.984161851762558],[-105.38077281671504,35.98399585213096],[-105.38184281680942,35.983686852162108],[-105.3827938167686,35.983187851503395],[-105.38310281666537,35.982807851890854],[-105.38321681652231,35.982465851349737],[-105.38336381703157,35.982379851858944],[-105.38360181723951,35.982046851727077],[-105.3840768167266,35.981571851306974],[-105.38455281716128,35.981119851051609],[-105.38500381736182,35.980953851439239],[-105.38519381712962,35.980454850824522],[-105.3855268172308,35.979978851265692],[-105.3856928168003,35.97964585113791],[-105.38597881742581,35.979218851150868],[-105.38628781732872,35.978909851225943],[-105.38671481729354,35.978481851184448],[-105.38670181758414,35.978409850552033],[-105.38736081755317,35.978498851034374],[-105.38736181762381,35.978776850406426],[-105.38675881761489,35.979408850903155],[-105.38664581780068,35.979709851345937],[-105.38649281706151,35.980345851102399],[-105.38630681745801,35.980603851358659],[-105.38624381724418,35.980690850890788],[-105.38613781774087,35.980837851402796],[-105.38600581706065,35.98130385138672],[-105.3859528173188,35.981489851002024],[-105.38579781737202,35.98196285131116],[-105.38584281765999,35.981977851103224],[-105.38596881720729,35.982019851240487],[-105.38600181783819,35.982030851747488],[-105.38610881739962,35.982018851186091],[-105.38624481740636,35.982015851039421],[-105.38629281783311,35.982027851591887],[-105.38633981731482,35.982046851568882],[-105.38636381753044,35.982078851249398],[-105.38636381753429,35.982122851486473],[-105.38634981778941,35.982174851195147],[-105.38634881774338,35.98217885138024],[-105.38634481756048,35.982206851776631],[-105.38634681765616,35.982240851550898],[-105.3863518178908,35.982274851325045],[-105.38635981736468,35.982302851720661],[-105.38636981783193,35.982346851057834],[-105.38638481763186,35.9823948514791],[-105.38639981743135,35.982436851622772],[-105.38641081794435,35.98247385153531],[-105.38642381765122,35.982516851725393],[-105.38643881745071,35.982559851015992],[-105.38644181759315,35.982598851021542],[-105.38644881792084,35.982636851879946],[-105.38645781744228,35.982678851124625],[-105.38646281767733,35.982716851083815],[-105.38647481733754,35.982756851135115],[-105.38648481780406,35.982791851854529],[-105.38649881755707,35.982832851052684],[-105.38650381779084,35.982856851263435],[-105.38647781749607,35.982979851559726],[-105.38647081807251,35.982996851447368],[-105.38645281814081,35.983031851269089],[-105.38643581735622,35.983068851183248],[-105.38642181760996,35.983104851950294],[-105.3864178174254,35.983113851467614],[-105.38640881790965,35.983136851632935],[-105.38639481726352,35.983166851223061],[-105.38637281804529,35.983196851713039],[-105.38633581813185,35.983225851258254],[-105.38629081784694,35.983245851286831],[-105.38625181784023,35.983267851407618],[-105.38622281739866,35.983301851183668],[-105.38620881765196,35.983332851719425],[-105.38619381785833,35.983357851977651],[-105.38614581743404,35.983373851821362],[-105.38609181762924,35.98336885159312],[-105.38604981748064,35.983357851985957],[-105.38603281759141,35.983349851616786],[-105.3860168177487,35.98334285129387],[-105.38597881778496,35.983325851408857],[-105.38593181740559,35.983325851411585],[-105.38588781716648,35.983339851162519],[-105.38586081771622,35.98336585146766],[-105.38584881716326,35.98340185133528],[-105.38583781755628,35.983440851341641],[-105.38581581743883,35.983471851877852],[-105.38577781747888,35.983498851330594],[-105.38573081800089,35.983521851498082],[-105.38567981743829,35.983545851712137],[-105.38563981738555,35.983571852018031],[-105.38560981779609,35.983595851331501],[-105.38557781721464,35.983619851544432],[-105.38554081730135,35.983649852035214],[-105.38549981720308,35.983684851858243],[-105.38546581742902,35.983717851588338],[-105.38544181721883,35.983747852078459],[-105.38542181719406,35.983778851715144],[-105.38540581735509,35.983814851583006],[-105.38540081712441,35.983826852138499],[-105.38539281765513,35.98385085145074],[-105.38537781786273,35.983889851457349],[-105.38536281717073,35.983924851278815],[-105.38534681733107,35.983952851675909],[-105.38530181794361,35.983951851632256],[-105.38526881731595,35.983977851937766],[-105.38523981777325,35.984006851482498],[-105.38520681714608,35.984037852019355],[-105.38519981772154,35.984043851397999],[-105.38517581751057,35.984064851471679],[-105.38514881716077,35.984088851684263],[-105.38511981761799,35.984116852082089],[-105.38508981712948,35.984143851534348],[-105.38505981754003,35.984167851747173],[-105.38502481771896,35.984192852006551],[-105.38498981789805,35.984219851459081],[-105.38495081789266,35.984256851374511],[-105.38491281703462,35.984297851474999],[-105.38488181740001,35.984335851436263],[-105.38485181781223,35.984378851628769],[-105.38481081771494,35.984424851960789],[-105.38478681750422,35.984448852173209],[-105.38476081720087,35.984473851532726],[-105.3847148177715,35.984522852003778],[-105.38467981705283,35.984567852289125],[-105.38464181709342,35.984600852019454],[-105.38460081699429,35.984625852279166],[-105.38456281703418,35.984650851639373],[-105.384523817028,35.984678852037725],[-105.38448581706787,35.984702852251026],[-105.38444881715417,35.984728851657437],[-105.38441181724149,35.984765851572753],[-105.38437381728241,35.984802851488169],[-105.38432981704479,35.984833852025595],[-105.38428881694617,35.984864851663588],[-105.38424781774702,35.984896852247161],[-105.3842128170275,35.98493185206987],[-105.38417781720727,35.98496685189258],[-105.38413581706209,35.984994852291074],[-105.38408581744476,35.985014852320013],[-105.38403681697386,35.98502785202497],[-105.38397681689172,35.985030852167199],[-105.38391481761542,35.985025851939476],[-105.38387581760601,35.985016851525323],[-105.38383481750398,35.985007852010604],[-105.38379681754456,35.985040851740997],[-105.38374581698238,35.985069852186335],[-105.38364781694257,35.985125852084913],[-105.3836458168502,35.985129852270063],[-105.38362281758539,35.985156851721982],[-105.38359681728178,35.985178851841972],[-105.38359381714304,35.98518185198094],[-105.38357281707084,35.985200851961892],[-105.38354681766666,35.985223852128179],[-105.38351881727112,35.985253851719172],[-105.38348381745135,35.985293851773193],[-105.3834618173331,35.985315851892999],[-105.38342681751348,35.985357852039563],[-105.38339881711859,35.98539585200065],[-105.38336981757651,35.985431851869272],[-105.38334481732096,35.985472851968986],[-105.38331481683406,35.985518852300288],[-105.38329581685493,35.985541852466191],[-105.38326281712767,35.985579852427563],[-105.38323481763145,35.985609852018527],[-105.38320481714332,35.985641851702113],[-105.38316981732355,35.985681851756127],[-105.38313581755024,35.985722851856366],[-105.38311181734061,35.985759851770993],[-105.3830868170847,35.985796851685606],[-105.38305581745053,35.985839851878175],[-105.38302581696352,35.985883852116999],[-105.38299281723727,35.985933851734252],[-105.38285681724722,35.986127852623852],[-105.38283981736105,35.986153852029084],[-105.38277781719582,35.986266851864819],[-105.38274981680125,35.986308852010957],[-105.38273181686885,35.986335852361833],[-105.38270481741942,35.98637185223032],[-105.38269081677322,35.986400852673526],[-105.38267681702679,35.986435852495028],[-105.38266381732693,35.986472852409001],[-105.38264981758101,35.986512852461772],[-105.38263581693586,35.986553852560881],[-105.38261981709741,35.986595852706323],[-105.38260381725868,35.986634852712982],[-105.38258881746623,35.986672852673351],[-105.38257281672809,35.986710852633749],[-105.38255581684307,35.98674985264045],[-105.38254081705085,35.986790852739539],[-105.38252281711956,35.986830851893295],[-105.3825058172343,35.98686785270678],[-105.38248781730242,35.986900852435937],[-105.38248681725628,35.986902852528566],[-105.38239681669509,35.987041852669478],[-105.38238981727085,35.987051852233236],[-105.38236881719935,35.987077852538036],[-105.38234681708126,35.987101852750399],[-105.38232581700947,35.987124852017075],[-105.38229181723594,35.987163852024771],[-105.38228181677439,35.987184852097627],[-105.38227981668186,35.98718685219027],[-105.38227981668868,35.987264852201712],[-105.38227481735923,35.987297852829514],[-105.38226481689827,35.98732585232684],[-105.38225281724448,35.987359852101967],[-105.38223881749836,35.987397852062259],[-105.38223181717736,35.987436852068384],[-105.38222481685629,35.987474852028221],[-105.38221081711063,35.987517852219874],[-105.38219581731852,35.987559852365273],[-105.38217881743392,35.987603852603272],[-105.38216781692876,35.987655852311846],[-105.38216381674572,35.987682852661912],[-105.38215681732504,35.987732852277624],[-105.38215081705057,35.98777385237625],[-105.38216981703592,35.987821852797268],[-105.38220981709328,35.987848852245492],[-105.38224381687185,35.987867852223282],[-105.38227681750426,35.987896852663745],[-105.38229181730173,35.987915852642637],[-105.38233581754838,35.987987852373976],[-105.38235881681749,35.988009852491167],[-105.38239281749598,35.98803585279277],[-105.38242881736693,35.988050852585388],[-105.38243881693163,35.988057852908653],[-105.38246881742425,35.988077852932918],[-105.38249481683299,35.988106852474488],[-105.38250181715814,35.988115852890488],[-105.38254081717106,35.988164852457295],[-105.38256181724719,35.988190852759736],[-105.38258081723086,35.988219852301704],[-105.38259581702914,35.988248852743226],[-105.38260481744894,35.988279852378277],[-105.38260781758936,35.988295852219046],[-105.38260981768337,35.988310852912939],[-105.38261281692772,35.988363852666879],[-105.38260581750724,35.988416852421452],[-105.3825958170477,35.988460852659067],[-105.38258481744019,35.988493852387826],[-105.38258481744036,35.988495852480376],[-105.38257581702574,35.988523852877037],[-105.38256281732596,35.988561852837272],[-105.38255581700396,35.988588852288196],[-105.38255881714544,35.988616852684174],[-105.38256481742349,35.988616852683826],[-105.38258881763622,35.988615852636137],[-105.3826518169583,35.988614852586245],[-105.38267181698578,35.98861485258508],[-105.38271381713352,35.988615852628918],[-105.38273581725299,35.988607852257537],[-105.38277581730654,35.988591852414288],[-105.38281981754758,35.988599852781839],[-105.38289981765875,35.988613852525646],[-105.38292581706303,35.988591852405612],[-105.38303281752384,35.988580852789781],[-105.38311081753909,35.988557852620495],[-105.38318281728229,35.988603852945971],[-105.38322481743248,35.98863285248661],[-105.38329381703603,35.988670852442056],[-105.38339181708572,35.988727852375625],[-105.38342081753422,35.988772852657291],[-105.38347781748459,35.988851852711733],[-105.3834978175145,35.988879852207347],[-105.38358181781847,35.988978852286252],[-105.38367481763903,35.989064852662487],[-105.3836958177135,35.989071852985127],[-105.38381781797496,35.989116852362066],[-105.38386981768896,35.98914285266266],[-105.38394981780232,35.989181852663776],[-105.38400981789468,35.989294852492435],[-105.38404981796029,35.989416852738671],[-105.38408781793363,35.989542852270738],[-105.38412781800008,35.989673852933315],[-105.38420981821116,35.989770852919811],[-105.38427681772805,35.989877852470485],[-105.38435181761774,35.990008853131037],[-105.38435981799034,35.99003085234979],[-105.38439981805421,35.990131852523746],[-105.38443581793368,35.990244852353847],[-105.38443881807339,35.990252852723771],[-105.38449081779406,35.990354852943305],[-105.38454081832181,35.990461852494946],[-105.3845778182484,35.990583852741366],[-105.38458781781337,35.990593853203428],[-105.38458281758327,35.990611853137153],[-105.38455981831831,35.990637852542754],[-105.38453681815226,35.990642852775451],[-105.38451281793979,35.990646852961873],[-105.38453781819862,35.990642852775387],[-105.38455081790227,35.990648853052242],[-105.3845568181797,35.990641852728039],[-105.38460781784529,35.990644852863895],[-105.38465781836553,35.99066585293324],[-105.38465881751253,35.990665852933176],[-105.38468381777392,35.990690853189079],[-105.38476881812508,35.990799852831259],[-105.38483181835559,35.990902853096408],[-105.38484381801359,35.990916852844094],[-105.38493281764998,35.991016852968947],[-105.38504081816785,35.991127852702277],[-105.38508181827203,35.991160852428102],[-105.38508381836481,35.991161852474228],[-105.38511381795881,35.991189852868636],[-105.38514481849825,35.991214853124148],[-105.3851778182309,35.991238852434002],[-105.38521081796358,35.991262852643132],[-105.38524381859563,35.991286852852312],[-105.38527581828183,35.991308852969013],[-105.38530881801439,35.991331853131896],[-105.38534381783978,35.991355852441586],[-105.38538281785065,35.991381852742919],[-105.38542281790771,35.991405852951708],[-105.38546381801098,35.991427853067826],[-105.38550581816018,35.991445852998872],[-105.38554581821663,35.991462852883757],[-105.38558581827319,35.991480852814945],[-105.38562581832997,35.991501852884866],[-105.38566681843341,35.991525853093577],[-105.38570681849045,35.991549852402997],[-105.38574281836206,35.991572852565703],[-105.38577681814101,35.991595852728587],[-105.38581281801254,35.991617852844968],[-105.38582681866215,35.991627852407518],[-105.38584281850525,35.991638852915543],[-105.38584681869074,35.991639852961569],[-105.38587781833036,35.991659852985762],[-105.38590781792362,35.991678852963759],[-105.38593481827697,35.991695852849446],[-105.38596781800867,35.991708852549678],[-105.38600481792542,35.991717852963887],[-105.38604281878743,35.991722853193046],[-105.38611181838782,35.991724853281603],[-105.38617081842392,35.9917248532782],[-105.38620781834034,35.991729852608039],[-105.38624581830346,35.991739853068502],[-105.38628381826672,35.991750852675942],[-105.3863198181372,35.991760853136491],[-105.38635281876802,35.991770852697933],[-105.3863888186383,35.991778853065952],[-105.38642581855459,35.991782853248921],[-105.38646281847056,35.991782853246789],[-105.3864988183398,35.991778853059586],[-105.38653381816238,35.991770852687473],[-105.38657381821687,35.99176585245381],[-105.38661681841025,35.991758853026795],[-105.38665381832604,35.991756852932085],[-105.38668881814904,35.991753852791334],[-105.3867308182967,35.991753852788904],[-105.3867688182589,35.991752852740376],[-105.38678581814726,35.991751852693149],[-105.3870148188726,35.991819853128064],[-105.38715181892951,35.991860853218412],[-105.38730781896582,35.991880853235401],[-105.38743081836506,35.991819853104019],[-105.38746981837386,35.991821853194288],[-105.38749381858869,35.991844852458378],[-105.38751081847991,35.991875852992287],[-105.38753581874192,35.991908852719021],[-105.38753881888123,35.991911852857655],[-105.38757081856801,35.991940852398891],[-105.38761581885687,35.991965852653571],[-105.3876768189875,35.99198685272232],[-105.38773181884008,35.992007852791382],[-105.38778381855391,35.992031852999467],[-105.38783881840666,35.992054853161086],[-105.38790281867563,35.992067852859513],[-105.38795381924078,35.992072853087876],[-105.38799781858206,35.992075853224136],[-105.38804781910085,35.992080852553272],[-105.38810181890615,35.992090853012812],[-105.38813481863741,35.992098852481732],[-105.38817081850797,35.992109852988563],[-105.38820581923153,35.992120852596116],[-105.38824281914866,35.992133853195448],[-105.38828481929752,35.99214785294145],[-105.38832481935334,35.992157852502473],[-105.38835981917713,35.992163852778049],[-105.38841281893588,35.992171853145081],[-105.38846081936245,35.992181852705649],[-105.38851181902891,35.992193852358589],[-105.38857581929751,35.992202852771278],[-105.3886118191671,35.992202852769196],[-105.3886488190829,35.992200852674522],[-105.38869481941546,35.992195852440567],[-105.38874381898745,35.992187852966886],[-105.38878881927394,35.992185852871785],[-105.38883081942203,35.992190853100652],[-105.38887981899605,35.992205852892525],[-105.38893081866205,35.992212852314111],[-105.38897981913408,35.992212852311269],[-105.38903481898481,35.992212852308093],[-105.38909781920709,35.992221852720839],[-105.38912981889231,35.992232852328591],[-105.38918581879139,35.992255852490125],[-105.38923581931128,35.992272852374434],[-105.38928281879259,35.992287853065726],[-105.38933381935895,35.992306853042493],[-105.38938181888709,35.992326853065727],[-105.3894248190829,35.992347853135541],[-105.3894658191857,35.992364853020355],[-105.38952181908294,35.992366853109672],[-105.38956681936865,35.992355852598095],[-105.38961781903318,35.992345853031829],[-105.38966081922706,35.992344852983109],[-105.38970381942256,35.992361852867795],[-105.3897508189044,35.992382852937368],[-105.38980181947043,35.992397852729049],[-105.38985381918329,35.992410852428179],[-105.38990481884966,35.992421852934186],[-105.38995481936963,35.992439852864734],[-105.38999681951859,35.992454852656998],[-105.39013281953024,35.992507852403236],[-105.3901658192616,35.992516852817744],[-105.3902208191119,35.992511852583263],[-105.39027281972119,35.992491852554217],[-105.3903178191067,35.992470852479372],[-105.39036981971775,35.992470852476366],[-105.39040181940278,35.992479852890931],[-105.39043281904176,35.992491852544951],[-105.390483819609,35.992520852984406],[-105.39051181910969,35.99254185305508],[-105.39052481971289,35.992550852571419],[-105.39053781941679,35.992559852987071],[-105.39059181922454,35.992597852943355],[-105.3906208196711,35.992620853106487],[-105.39063981965366,35.992636852946319],[-105.3906478191257,35.992643852370442],[-105.39067481947919,35.992662852348566],[-105.39067681957208,35.992664852441003],[-105.39070281987917,35.992682852372987],[-105.39073381951896,35.992704852489673],[-105.39076781929775,35.992725852560021],[-105.39079681974431,35.992748852723132],[-105.39082381919893,35.99277285293266],[-105.39084781941401,35.992797852289243],[-105.39087381972355,35.992843852617369],[-105.39089081961629,35.992892853084761],[-105.39090281927561,35.992921852627148],[-105.39091381978795,35.992951853115159],[-105.39092381935465,35.992981852703906],[-105.39093181972804,35.993011853192137],[-105.39094281934079,35.993038852642009],[-105.39096081927798,35.993065852990817],[-105.39097881921485,35.993089853200864],[-105.39100881970954,35.993132852490582],[-105.39104281949002,35.993173852586885],[-105.39106781975272,35.993213852637417],[-105.39106881980324,35.993261853059508],[-105.39104081940887,35.993305852398876],[-105.39101482000433,35.993324852380141],[-105.39098481951496,35.993341853168367],[-105.39094981969326,35.993359853103883],[-105.39091181973271,35.993379853132069],[-105.3908728197262,35.993403852446043],[-105.39083781990543,35.993431852844203],[-105.39080781941713,35.993461852435246],[-105.39078182001374,35.993493853017966],[-105.39076081994273,35.993525852701055],[-105.39074381915754,35.993555853190671],[-105.39073081945872,35.993604852760541],[-105.39072881936853,35.99363285315674],[-105.39073681974369,35.993683852817895],[-105.3907548196829,35.993733853331527],[-105.39077881989982,35.993780852806651],[-105.39080381926357,35.993824853042305],[-105.39082981957276,35.993866853185317],[-105.39084681946409,35.993899852912463],[-105.3908578199765,35.993929852501147],[-105.39086581945075,35.993962853128195],[-105.39087782001036,35.99400285317946],[-105.39090881965565,35.994086852567413],[-105.39091981926927,35.994123853379335],[-105.3909418193933,35.994167852715769],[-105.39096181942489,35.994214853090504],[-105.39097781927009,35.994249852910244],[-105.39099881934693,35.994284852729642],[-105.39100481962561,35.994291853053198],[-105.39100781976514,35.994297853330629],[-105.39101382004364,35.994302852662265],[-105.39102581970164,35.994316853309265],[-105.39104481968376,35.99432785291782],[-105.39107282008324,35.99434285271083],[-105.39110581981525,35.994358852549858],[-105.39111382018945,35.994398852601421],[-105.39108881993359,35.994436852562359],[-105.39105781939998,35.994477852662364],[-105.39103081995063,35.994514852577161],[-105.39101482011019,35.994533852557815],[-105.39097881934651,35.994593852637863],[-105.39096781973822,35.994617852849593],[-105.39094881976084,35.994660853041466],[-105.39092581959881,35.994711852704413],[-105.39090981975887,35.994736852962681],[-105.39090081934276,35.994747853472099],[-105.3908708197541,35.994780853201945],[-105.39084281935912,35.994817853116793],[-105.39081782000231,35.994852852938934],[-105.39079281974641,35.994889852853554],[-105.39076981958327,35.994928852860603],[-105.39075281969814,35.994966852821065],[-105.39074282013756,35.995006852873622],[-105.39074282014099,35.995045852879407],[-105.39074681943043,35.995084852884901],[-105.39075181966479,35.995114853373245],[-105.39075881999379,35.995167853126951],[-105.39076381932884,35.995197852716053],[-105.39076681947085,35.995232853435887],[-105.3907698196134,35.99527285348767],[-105.39077381980229,35.995312853539417],[-105.39077882003745,35.99535285269183],[-105.39077982008455,35.995360853061868],[-105.39078581946566,35.995388853457669],[-105.39079181974651,35.995420853139194],[-105.39079782002726,35.995451852774416],[-105.3908008201691,35.995483853355438],[-105.39079882008078,35.995533852970929],[-105.39079181975912,35.995564853506231],[-105.39078281934451,35.995592853003579],[-105.39077281978298,35.995621853446529],[-105.3907528197596,35.99566885292424],[-105.39074781952881,35.995678853387183],[-105.39071681988983,35.995666852833779],[-105.39065181957369,35.995643853572076],[-105.39061781979585,35.995633853111386],[-105.39055681966653,35.995627852837288],[-105.39044782001177,35.995631853028662],[-105.39039381931029,35.995657853335366],[-105.39036581981411,35.995688852972592],[-105.39036081958281,35.995692853157969],[-105.39033781941784,35.995710853092788],[-105.39033282008576,35.995713853231862],[-105.39029081993853,35.99571885346559],[-105.3902558192155,35.995713853236325],[-105.39022481958142,35.995757853475126],[-105.39032781986539,35.995843852951474],[-105.39037281926238,35.995953853541522],[-105.39036982002276,35.995954853587932],[-105.39033681939445,35.995972853523327],[-105.39031382012982,35.996001853067739],[-105.39030481971562,35.996034853695711],[-105.39030081953298,35.996065853331558],[-105.39029681935115,35.996105853383753],[-105.39029282006862,35.996145853436033],[-105.39028481970233,35.996196853098049],[-105.39027881942813,35.996240853335479],[-105.39027781938383,35.996263853500331],[-105.39027681933872,35.996277853248813],[-105.39026581973215,35.996321853486492],[-105.39025482012559,35.996365853724207],[-105.39024781980542,35.996413853247418],[-105.39024181952972,35.996440853597583],[-105.39021081989576,35.996485852983426],[-105.39020581966479,35.996493853353869],[-105.3901868196873,35.996535853499473],[-105.39017682012559,35.996562852950582],[-105.39016981980389,35.996593853485919],[-105.3901678197137,35.99662185298282],[-105.3901858196524,35.996666853265083],[-105.39018781974528,35.996668853357534],[-105.39022081947839,35.996697853798011],[-105.39026881990688,35.996729853477113],[-105.39031981957491,35.996759853063502],[-105.39037381938171,35.996786853410221],[-105.39043281941962,35.996807853479076],[-105.39049381954992,35.996824853362753],[-105.39055381963452,35.996849853616617],[-105.39058482017282,35.996861853270715],[-105.39061581981188,35.996874852971054],[-105.39064681945098,35.996888853616959],[-105.39067982008241,35.996905853502255],[-105.39070382029637,35.996918853203006],[-105.39071281981457,35.996923853433834],[-105.390743819454,35.996941853365534],[-105.3907738199466,35.996960853343481],[-105.39080181944719,35.996980853367887],[-105.39082581966181,35.997000853392514],[-105.39087582018367,35.997040853441575],[-105.39090481973089,35.997063853604686],[-105.39093382017781,35.997090853053592],[-105.39096581986476,35.997121853586613],[-105.39099482031237,35.997156853405635],[-105.39102181976828,35.997194853363531],[-105.39103382032582,35.997211853250029],[-105.39104782007706,35.99723185327521],[-105.3910758195788,35.997264853001759],[-105.39110381997955,35.997293853442571],[-105.39112782019464,35.997319853744763],[-105.39116282002159,35.997361852987929],[-105.39118182000668,35.997406853270171],[-105.39118482014885,35.997442853136903],[-105.39118682024561,35.997488853466379],[-105.39119082043426,35.997526853425633],[-105.39107681964829,35.99752885352477],[-105.39104181982502,35.997528853526816],[-105.39095682038213,35.997522853254104],[-105.39094781996653,35.997538853095584],[-105.39094882001564,35.997570853676692],[-105.39094882001827,35.997600853266015],[-105.39094882001852,35.997603853404826],[-105.39093282017922,35.997635853087615],[-105.39092381976258,35.997640853319432],[-105.39090081959748,35.997656853161715],[-105.39088181962613,35.997768853848001],[-105.39086881992664,35.997809853047713],[-105.39087182006749,35.997830853119773],[-105.39089382020019,35.997973853439341],[-105.39101282033189,35.998123853177745],[-105.39103582050103,35.998153853665066],[-105.39106081985913,35.998133853637626],[-105.39110382005207,35.99812185307993],[-105.39113881987603,35.998129853448063],[-105.39117281965433,35.998145853287042],[-105.39120182010072,35.998166853357588],[-105.39122282017694,35.998193853706262],[-105.39125181972355,35.998209853545553],[-105.39127982012326,35.998226853431106],[-105.39131081976377,35.998256853917944],[-105.39131081976393,35.998258853111182],[-105.39136082028671,35.99830885362298],[-105.39132182028615,35.998400853385071],[-105.3913568201105,35.998413853984495],[-105.39136781972113,35.998415853177093],[-105.39138182037023,35.998419853361341],[-105.39139682016629,35.998422853499257],[-105.3913838204673,35.998469853875861],[-105.39137982028475,35.998501853557954],[-105.3913788202418,35.998540853563739],[-105.39137782019792,35.998568853959931],[-105.39136282040555,35.99860785396654],[-105.39133181987185,35.998647854020362],[-105.39129181982062,35.998690853314123],[-105.39126982060236,35.998719853757777],[-105.39124782048482,35.998749853348386],[-105.39122482032113,35.998781853930907],[-105.39120682038831,35.998804853197406],[-105.39117481980851,35.998847853390096],[-105.39115082049781,35.998879853972682],[-105.39112982042677,35.99891185365577],[-105.39111182049471,35.998942853292377],[-105.39109481970952,35.998972853782],[-105.39107981991648,35.9990038534185],[-105.39107981991658,35.999004853464747],[-105.39106682021645,35.999038853239917],[-105.39105981989518,35.999074854006565],[-105.39105382051966,35.999110853873852],[-105.39104882029099,35.999145853694806],[-105.39104382006173,35.999173854091239],[-105.39104382006383,35.999197853402954],[-105.39104382006566,35.999218853475249],[-105.39105781981952,35.999268853989079],[-105.39107182047115,35.999301853716368],[-105.39108782031616,35.999334853443635],[-105.39110482020699,35.999361853792507],[-105.39112582028304,35.999386854048623],[-105.39114782040548,35.999412853451624],[-105.39116682038872,35.99943685366155],[-105.39118282023304,35.999461853917978],[-105.39119681998484,35.99948885336768],[-105.39120982058971,35.999516853763076],[-105.3912218202491,35.999546853351696],[-105.39123682004914,35.999595853819272],[-105.39123982019079,35.999625853408418],[-105.39123682005476,35.999659854082324],[-105.39123181982598,35.99969285381075],[-105.39121982017507,35.999759854213309],[-105.39121181980742,35.999794854034391],[-105.39119882010752,35.999831853948372],[-105.39118582040766,35.999868853862296],[-105.39117581994766,35.999907853868578],[-105.39116982057242,35.999946853874718],[-105.39116682043681,35.999985853880624],[-105.39116682043883,36.000008854045404],[-105.39116682043996,36.000021853747562],[-105.39116782048934,36.000056853568161],[-105.39116482035367,36.000094853527763],[-105.39115681998632,36.00013385353396],[-105.39114282024032,36.000172853540541],[-105.39112782044785,36.000210853500832],[-105.39111382070193,36.000250853553666],[-105.39110482028872,36.00029485379121],[-105.39110482029255,36.0003388540283],[-105.39111282066699,36.000380854172363],[-105.39112582037367,36.000421854269902],[-105.39113481989415,36.000452853904946],[-105.39113782003379,36.000459854228666],[-105.39114682045404,36.000496854141332],[-105.39115481992862,36.00053285400778],[-105.39116182025519,36.00055785426472],[-105.39116482039501,36.000566853781635],[-105.3911898206584,36.000614854202318],[-105.39120882064165,36.000638853512932],[-105.39122882067123,36.000662853722865],[-105.39124982074703,36.000685853886452],[-105.39129181999895,36.000726853982243],[-105.3913218204919,36.000749854145347],[-105.39135282013169,36.00077185426202],[-105.39138582076313,36.000788854147359],[-105.39142182063387,36.000801853847435],[-105.39148282076363,36.000812854352802],[-105.39153982070825,36.000826854097902],[-105.39157182039344,36.000837853705683],[-105.39160282003286,36.000854853591065],[-105.39162182001481,36.000863854006361],[-105.39162482015401,36.000865854098734],[-105.39162582020042,36.000866854144945],[-105.39165182050873,36.000898853825312],[-105.39169882089459,36.000972853649003],[-105.39172582034904,36.000994853765988],[-105.39172582034912,36.000995853812206],[-105.39175382074971,36.001022854160453],[-105.39178582043616,36.001047853516603],[-105.39182082026139,36.001070853679373],[-105.39185782017911,36.001090853703225],[-105.3918968201893,36.001108853634456],[-105.39193482015266,36.001120854187455],[-105.39197082092255,36.001131853794959],[-105.39200782083934,36.001141854255479],[-105.39201482026472,36.001144853494552],[-105.39207282025728,36.001176854072398],[-105.39213782057421,36.001208853750491],[-105.39219382047374,36.001236854143414],[-105.39231882087691,36.001311854008826],[-105.39235082056267,36.001328853894172],[-105.39238482034105,36.001345853779362],[-105.39242182025887,36.001366853849532],[-105.39246082026975,36.001392854150858],[-105.39254582061724,36.001459853648512],[-105.39256582064611,36.001475854387607],[-105.39259582113931,36.001501853790124],[-105.39262082050116,36.001524853953484],[-105.39265482028109,36.001558853725875],[-105.39268382072878,36.001594853591179],[-105.39276882108337,36.001742854138392],[-105.39277882064906,36.001760854071257],[-105.39280082077032,36.001773853772093],[-105.39282482098504,36.001794853843016],[-105.39285682067069,36.001810853682088],[-105.39287182046697,36.001816853958765],[-105.39289182049511,36.001823854281525],[-105.39292382107983,36.001837854028047],[-105.39295582076549,36.001853853867154],[-105.39298682040508,36.0018728538451],[-105.39301582085164,36.001895854008218],[-105.39304082111295,36.001919854217775],[-105.39306282123523,36.001943854427623],[-105.39308182121842,36.001967853738236],[-105.39311282085967,36.002005853695906],[-105.39314682063846,36.002026853766239],[-105.39319782120417,36.002038854318435],[-105.39323282102789,36.002043853648452],[-105.39325082096289,36.002045853739915],[-105.39331182109167,36.002045853736377],[-105.39334482082154,36.002037854263691],[-105.39337782055073,36.002021854420839],[-105.39338982110611,36.002013854050055],[-105.39344182081503,36.001981854365177],[-105.39347782068286,36.00196185433704],[-105.39351582064351,36.001942854355157],[-105.39355482065029,36.001921854280624],[-105.39361882091453,36.00188085417863],[-105.39364382117118,36.001851853734799],[-105.3936978209699,36.001786854321679],[-105.39372882060471,36.001751853599892],[-105.39373082069714,36.001748854360294],[-105.39373482088206,36.001743854128755],[-105.3937578210454,36.001707854260509],[-105.39380982075124,36.001640853855619],[-105.3938538209888,36.001608854171202],[-105.3939048206533,36.001598853705616],[-105.39395682126558,36.001612853450986],[-105.39399282113834,36.001648854215155],[-105.39402282073311,36.001685854126642],[-105.39404982108852,36.001725854177046],[-105.39405782146306,36.001769853514354],[-105.39408082073217,36.001791853631559],[-105.39412082078979,36.001821854117885],[-105.39415882075457,36.001850853658759],[-105.39419682071924,36.001877854006395],[-105.39423282149053,36.001904854354208],[-105.3942598209459,36.00193685403454],[-105.39428082102259,36.00196985376143],[-105.39429482077408,36.001992853925415],[-105.3943028211461,36.00200785371964],[-105.39431982103594,36.002023853559599],[-105.39433682092593,36.00204085434509],[-105.39438982158444,36.002053854044178],[-105.39445182085917,36.00204185348538],[-105.39448582153467,36.002032853966341],[-105.39452082135733,36.002025853640461],[-105.39455682122649,36.002020854306394],[-105.39461782135476,36.002014854025269],[-105.39468082157602,36.002012853929067],[-105.3947418208061,36.002019854249383],[-105.3948078211675,36.002029853808956],[-105.39485382150137,36.002039854268958],[-105.39486982133974,36.001996854077206],[-105.39493582169895,36.001982854324993],[-105.3949458212624,36.001974853954266],[-105.39503382083767,36.001905853454815],[-105.39514682157117,36.001833853714409],[-105.39524682170649,36.001809853497541],[-105.39528382161892,36.001769853443442],[-105.39528382161875,36.001767854250204],[-105.39530082150374,36.001727854197227],[-105.39534082155281,36.001660853793055],[-105.3953848208857,36.001567853984362],[-105.3954028217175,36.001541853679747],[-105.39542082165006,36.001515853375125],[-105.39544482096144,36.001491854062017],[-105.39548682110865,36.001486853828226],[-105.39552282097874,36.001491854057498],[-105.39556482112665,36.001494854193872],[-105.39560282108924,36.001498853477393],[-105.39563782181263,36.001507853891802],[-105.39567682182239,36.001520853591657],[-105.3957208211641,36.001528853959208],[-105.39572682144207,36.001527853912613],[-105.39579582104145,36.001518853492229],[-105.3958298217171,36.00151185406574],[-105.39585882126171,36.001504853740201],[-105.39587382105711,36.001500853554234],[-105.395908821779,36.00149285408142],[-105.39594282155542,36.00148685380185],[-105.39597882142546,36.001491854031137],[-105.39601482129471,36.001487853843948],[-105.39604982111648,36.001470853954714],[-105.39608982116977,36.001451853972675],[-105.39612482189149,36.001441853507998],[-105.39616282185168,36.001417853294747],[-105.3962048210993,36.001409853821478],[-105.39625082143186,36.001404853587538],[-105.39629182153213,36.001392853929268],[-105.39632582130785,36.001378853279618],[-105.39636282122308,36.001370853806641],[-105.39639882109161,36.00135885414867],[-105.39643782109918,36.001346853591251],[-105.39645982121954,36.00134885368248],[-105.39650882169452,36.001382853454061],[-105.39652982177049,36.001406853663887],[-105.39655182189337,36.001437853298242],[-105.39657082187679,36.00146385360074],[-105.39657482116317,36.001467853785577],[-105.39659382114571,36.001483853625381],[-105.39668182163433,36.001574853333885],[-105.39670282170925,36.00158785393414],[-105.39678982124863,36.001637853544466],[-105.3969048220859,36.001691853338208],[-105.39694582128807,36.001693853428343],[-105.39699082157607,36.001708854119748],[-105.39701682188341,36.001729853291167],[-105.39711282184179,36.001801853918828],[-105.39714282143493,36.001819853850527],[-105.39716482155686,36.001839853875296],[-105.39719382200393,36.001868853416681],[-105.39722682173739,36.001901854042224],[-105.39725282204465,36.001921854066715],[-105.39728582177784,36.001951853654099],[-105.39729182205653,36.001958853977683],[-105.3972978214357,36.001963853309313],[-105.39731682141841,36.001981854141022],[-105.39734482181829,36.002000854119139],[-105.39737282221796,36.002017854004691],[-105.39740182176502,36.002038854075259],[-105.3974368215904,36.002062853385006],[-105.39746782212886,36.002076854030918],[-105.39750482204644,36.002095854008509],[-105.3975338215929,36.002109853755215],[-105.39756282203902,36.002127853687043],[-105.39759082153932,36.002143853526341],[-105.39762882150249,36.002153853986812],[-105.39765382176358,36.002175854103911],[-105.39765182166909,36.00215485403173],[-105.39776182227331,36.002193854031077],[-105.39785582213294,36.002196854164453],[-105.39789382209531,36.002197853309234],[-105.39789682223434,36.002197853309056],[-105.39790582175209,36.002197853308552],[-105.39802182174161,36.002311854079522],[-105.39815582165917,36.002348853984934],[-105.39827282169739,36.002489854206445],[-105.39829982205016,36.002499853768207],[-105.39833682196773,36.002518853745805],[-105.39837382188634,36.002548853332989],[-105.39841082180558,36.002586854189644],[-105.39844382243898,36.002626853340452],[-105.39844882177209,36.002634853710255],[-105.39847382203278,36.002651853595992],[-105.39852582174424,36.002648853454168],[-105.39856482175364,36.002657853868321],[-105.39858682187452,36.002665853337895],[-105.39859882243104,36.002670853568482],[-105.39862882202304,36.002675853798117],[-105.39864482186542,36.00267885393599],[-105.39865882251486,36.002686853405947],[-105.39867382231147,36.002695853821486],[-105.39869982261857,36.002713853753484],[-105.39872582202659,36.002734853824222],[-105.39875382242674,36.002756853941143],[-105.39877982183488,36.002778854058164],[-105.39881982189077,36.002789853665433],[-105.39885882190036,36.002800854172143],[-105.39889982200219,36.002806853548002],[-105.39893582187197,36.002808853638484],[-105.39897382183497,36.002816854006412],[-105.39900782251198,36.002825853521493],[-105.39904082224392,36.002840854213588],[-105.39906482245848,36.002860853338859],[-105.39911182193985,36.002875854030144],[-105.39914582261676,36.002883853498957],[-105.39917682225679,36.002907853708273],[-105.39920482265644,36.002924853593825],[-105.39921882240691,36.002935854101999],[-105.39922382263865,36.002936854147933],[-105.3992408225283,36.002949853849096],[-105.39927482230571,36.002955854124728],[-105.39930382275139,36.002968853825188],[-105.399341822715,36.002983853617621],[-105.39938682210384,36.003000853502265],[-105.39942082278128,36.00301485414797],[-105.39945582260596,36.003030853986907],[-105.39948082196759,36.003050854011434],[-105.39951082245987,36.003066853850648],[-105.39954382219136,36.003076853412068],[-105.39957482273013,36.003094853343747],[-105.39961582283215,36.003102853711511],[-105.39966082222178,36.003128854012481],[-105.39969182276015,36.003141853712826],[-105.39973182281668,36.003159853643993],[-105.399764822549,36.003179853668065],[-105.39980482260523,36.003193853414196],[-105.39984082247685,36.003216853576895],[-105.39987782239416,36.003232853415696],[-105.39990982207991,36.003249854200348],[-105.3999408226188,36.003268854178287],[-105.39998282276758,36.003281853878001],[-105.40001482245272,36.003291853439478],[-105.40005582255537,36.003307854177365],[-105.40009382251944,36.00332785420116],[-105.40012182291888,36.003341853947909],[-105.40013682271565,36.003352853556699],[-105.40013782276425,36.003378853860227],[-105.40015282256226,36.003404854162952],[-105.40018782238624,36.003412853631708],[-105.400212822645,36.003407853398933],[-105.40022382225504,36.003403854112584],[-105.40025882297572,36.003381853992011],[-105.4002898226118,36.003360853917933],[-105.40032082224833,36.003344854075209],[-105.4003588222089,36.003325854093255],[-105.40038482251205,36.003298853741931],[-105.40041482300113,36.00327785366796],[-105.40045082286871,36.003254853501033],[-105.40048382259684,36.003226854002349],[-105.40050682276157,36.003206853975044],[-105.40050982290042,36.003204853882302],[-105.40051782237124,36.003197853558014],[-105.40053982248951,36.003176853484426],[-105.40054482272089,36.003172853299098],[-105.40059282224341,36.003128853958557],[-105.40080082287719,36.002994854042186],[-105.40104382244698,36.002997853267587],[-105.40114582268973,36.003142853674994],[-105.40104182237478,36.003231853302047],[-105.4009108226051,36.003295853572688],[-105.40077782274284,36.003361853936006],[-105.40065382239945,36.003439853954639],[-105.40055082303591,36.003594853937244],[-105.40049182300956,36.003705853680216],[-105.40038982278908,36.003815854278749],[-105.40026182226124,36.003904853907258],[-105.40009782276718,36.004039853867397],[-105.39999782263649,36.004116853838376],[-105.39992982218676,36.004155853848047],[-105.39988682289588,36.004198854041292],[-105.39987882252592,36.004207853558839],[-105.39985382226783,36.00421985411549],[-105.39979282214166,36.004249853708359],[-105.39969382295691,36.004329853818085],[-105.39969982233721,36.004347853751177],[-105.399706822665,36.004386853756536],[-105.39970782271457,36.004423853669643],[-105.39976782279476,36.004397854261931],[-105.39982682282874,36.004373854047408],[-105.39995082227585,36.004329853803227],[-105.39996682301687,36.004324853570935],[-105.39998782218966,36.004305853589976],[-105.40001382249318,36.004282854323016],[-105.40008982241146,36.004210853685443],[-105.40020582238749,36.004170853626768],[-105.40024582244567,36.004207853537615],[-105.40031182281092,36.004261854233533],[-105.40036482257456,36.00432585359421],[-105.40042182252353,36.004388853807676],[-105.40049182307028,36.004398854266277],[-105.40052882298804,36.004419854336426],[-105.4005598226271,36.00443285403675],[-105.40059982268195,36.004431853988137],[-105.40061482247873,36.00444285359692],[-105.40062682303555,36.004451854012622],[-105.40062882313099,36.004482853648085],[-105.4006348225155,36.004548854003346],[-105.400658822729,36.004556854372069],[-105.4006788227567,36.004558853564141],[-105.40070082287708,36.004561853701659],[-105.40073582270063,36.00456485383846],[-105.40077182257109,36.004574854299022],[-105.40080782244276,36.004597853562402],[-105.40088282322318,36.0046308541855],[-105.40097382295053,36.004710854284234],[-105.4009838225174,36.004742853965531],[-105.40098482256663,36.004775853693587],[-105.40093882313847,36.004838853913078],[-105.40091482292794,36.004864854218056],[-105.40095382293639,36.004862854123239],[-105.4009708228278,36.004896853896675],[-105.40101582311911,36.004949853648185],[-105.40108182258443,36.004996854020249],[-105.40111682330829,36.005011853812832],[-105.40114182267008,36.005033853929952],[-105.40117082311596,36.005048853722961],[-105.40120482289439,36.005065853608166],[-105.40125582256059,36.005074854021615],[-105.4013338225808,36.005108853791477],[-105.40137182254512,36.005131853954126],[-105.40139882289992,36.005165853726929],[-105.40142882339237,36.005183853658671],[-105.40146182312489,36.005205853775315],[-105.4015058233668,36.005223853706205],[-105.40154582342205,36.005226853842693],[-105.40160782270084,36.005260853613535],[-105.40163382300835,36.00528385377681],[-105.4017058227501,36.00531285421502],[-105.40171582321821,36.005366854014802],[-105.40170982294569,36.005429854231963],[-105.40167482312724,36.005484854080656],[-105.40177882345182,36.005504854100636],[-105.40181982355431,36.005518853846702],[-105.40192282293344,36.005541854005507],[-105.40198382306328,36.005553853657823],[-105.40204582323967,36.005567854301994],[-105.4020978229529,36.005584854186168],[-105.40214082314887,36.005607854348462],[-105.40218382334652,36.005649853591166],[-105.40222282335723,36.005673853800019],[-105.40226382345813,36.005668854465611],[-105.40228382348569,36.005669853611394],[-105.402332823058,36.005664854276567],[-105.40236782288122,36.005664854274535],[-105.40240282360398,36.005666854365067],[-105.40240482369668,36.005666854364961],[-105.40242982305638,36.005664854270947],[-105.40250082364874,36.005666854359404],[-105.40254582303513,36.005655853847841],[-105.40258382299632,36.005643854189749],[-105.40261382348592,36.005628854393379],[-105.40266282305748,36.005615853789095],[-105.40270182306645,36.005619853971893],[-105.40273682289147,36.005639853995859],[-105.40277082356953,36.005660854066171],[-105.40282182323678,36.005681854135453],[-105.40282582342228,36.00568385422779],[-105.40283582298694,36.005689853605482],[-105.40291282295982,36.005712853765814],[-105.40294282345293,36.005737854021419],[-105.40297682323211,36.005763854323042],[-105.40301782333562,36.005788853678638],[-105.40303782336396,36.005798854140131],[-105.4030678238562,36.005813853933084],[-105.40312182366276,36.005838854187289],[-105.40323082332071,36.005870853862859],[-105.40328382308044,36.005889853839534],[-105.40333582369355,36.005912854001316],[-105.40336882342544,36.005927853794041],[-105.40339282363912,36.00593785425535],[-105.40344082316787,36.005964853703098],[-105.40348882359645,36.005997854327752],[-105.40351682399624,36.006015854259623],[-105.40354582354287,36.006031854098879],[-105.40360682367358,36.006053854213889],[-105.40362082342318,36.006055854305579],[-105.40362582365509,36.006057854397845],[-105.40363082388667,36.00605685435125],[-105.40367282403484,36.006062853727109],[-105.40373082402469,36.006063853770058],[-105.40378782396796,36.006061853674204],[-105.40383882363327,36.006060853624994],[-105.40388982329834,36.006057854382554],[-105.40393982381491,36.006036854307396],[-105.40397982386808,36.006016854279075],[-105.404018823876,36.006008853906728],[-105.40408882352176,36.005999854385593],[-105.40412882357631,36.005994854151929],[-105.40416682353813,36.005989853918429],[-105.40420182336078,36.005982853592492],[-105.40423582403643,36.005975854165989],[-105.40430082345178,36.005981853540526],[-105.40433282403657,36.005995854186423],[-105.40436482372257,36.006015854210546],[-105.40439882350104,36.006033854142018],[-105.40443682346465,36.006048853934523],[-105.4044758234745,36.006062853680632],[-105.40450882410543,36.00607485423393],[-105.40456482400458,36.006097854395477],[-105.40460982339464,36.006128854028503],[-105.40463582370393,36.006171854217762],[-105.4046368237529,36.006201853807035],[-105.40462882338493,36.00623285434245],[-105.40461482363789,36.006260853840082],[-105.40459882379839,36.006290854329642],[-105.40458582409801,36.006321853966021],[-105.40457382354643,36.006372853628264],[-105.40457082340978,36.00639985397833],[-105.40456882421913,36.006430853614013],[-105.40456782417525,36.006458854010219],[-105.40456582408719,36.006511853764493],[-105.40457182346856,36.006541854252774],[-105.40458282398124,36.006575854026508],[-105.40459982387264,36.006608853753704],[-105.40461682376389,36.006640854333902],[-105.40463282360882,36.006672854014802],[-105.40464482416773,36.006704853695965],[-105.40465582378076,36.006734854184039],[-105.40466182406134,36.006763853726738],[-105.40467282367665,36.006819853619014],[-105.40468682432834,36.006852854245643],[-105.40470982359797,36.006880853741151],[-105.40473882404436,36.006901853811769],[-105.40477082373,36.006917853650798],[-105.40480482350804,36.006930854250321],[-105.40484482356401,36.006941853857604],[-105.40488382357333,36.006949854225439],[-105.40492082438909,36.006955854500902],[-105.40495482416674,36.006963853969765],[-105.40500882397241,36.006978853761268],[-105.40505482430589,36.006983853989958],[-105.40510582398356,36.007123854168974],[-105.40467482380836,36.007264854422161],[-105.40385382353085,36.007222854325164],[-105.40263382366047,36.007306854684813],[-105.40240782308933,36.007411854159891],[-105.40238882310705,36.007398854458863],[-105.40223382312028,36.007414854308763],[-105.40208682350432,36.007431854204469],[-105.40193182351923,36.007466854034107],[-105.40179882365678,36.007529854258557],[-105.40174082367042,36.007568854267646],[-105.4016898231087,36.007602854045011],[-105.40157882336807,36.007684854247941],[-105.40145382297952,36.007776854015056],[-105.4013178229811,36.007874854060361],[-105.40119882286965,36.007955854217492],[-105.40108682308228,36.008033854235471],[-105.40103582342583,36.008135854460903],[-105.40103082319698,36.008167854143068],[-105.40103782352379,36.008195854538791],[-105.40105382336829,36.008222854887713],[-105.40105582346133,36.008226854173337],[-105.40106782312026,36.008251854429986],[-105.40108082282607,36.008282854064845],[-105.4010818228728,36.008286854249832],[-105.40108582305893,36.008295854666024],[-105.40108982324551,36.008309854414165],[-105.40109982281265,36.008344854234259],[-105.40110882323262,36.008377854861166],[-105.40111882279959,36.008410854588767],[-105.4011308233584,36.008441854223655],[-105.40114582315678,36.008471854711409],[-105.40116582318693,36.008501854299645],[-105.40118482317062,36.008530854740918],[-105.40120082301515,36.008558854236774],[-105.40121382362,36.008585854585903],[-105.40121982300113,36.008613854082334],[-105.40122582328181,36.008643854570671],[-105.40122982346978,36.00867385415976],[-105.40123082351887,36.008704854694649],[-105.40122582328978,36.008734854284256],[-105.40121082349665,36.008764854773752],[-105.40118682328624,36.008792854271974],[-105.40115882289047,36.008820854669736],[-105.4011298233477,36.008848854168171],[-105.40106582308528,36.008909854296149],[-105.40098782307335,36.008970854424916],[-105.40088782293898,36.009005854251377],[-105.40082882290342,36.009011854532396],[-105.40076982286769,36.009015854720879],[-105.40071182287819,36.009018854863022],[-105.40065682302183,36.008954854603132],[-105.40061782300559,36.008867854177545],[-105.40055282268811,36.008829854221823],[-105.40047282346926,36.008735854374073],[-105.40042882321873,36.008619854405708],[-105.4003868230689,36.00859485415085],[-105.40031282323342,36.008553854956162],[-105.40025982347599,36.008560854383767],[-105.40025582329068,36.008561854430262],[-105.40022582280129,36.008578854319254],[-105.400190822979,36.008589854830156],[-105.40017582318316,36.008588854784769],[-105.40016082338779,36.008593855016947],[-105.40011382300824,36.008591854927168],[-105.40006982276472,36.00855485501647],[-105.40001982314126,36.008504854504757],[-105.39998382326797,36.008462854362328],[-105.39998182317511,36.008460854269877],[-105.39997682294326,36.008458854177611],[-105.39991982299745,36.008431854730397],[-105.39985382263549,36.008414854847032],[-105.39979582264415,36.008396854916896],[-105.39980282296852,36.008396854916498],[-105.39980482306123,36.00839685491637],[-105.39977582261598,36.00838885454796],[-105.39976382295893,36.008385854409838],[-105.39971682257843,36.008372854710423],[-105.39966082267978,36.008354854780194],[-105.39960382273458,36.0083348547575],[-105.39954682278953,36.008315854781053],[-105.39948782275188,36.008298854897284],[-105.39942682262178,36.008283854206809],[-105.3993658224922,36.008274854693262],[-105.39930482236306,36.008270854511743],[-105.39924582322654,36.008273854653957],[-105.3991888223844,36.008280854981102],[-105.39918782233808,36.008280854981166],[-105.39915582265444,36.008287854407534],[-105.39913782272011,36.00829285463994],[-105.3990948225274,36.008307854437113],[-105.39906282284508,36.008329854557459],[-105.39904182277365,36.008356854908556],[-105.39902582293389,36.008383854359977],[-105.39900982309423,36.008411854757071],[-105.39899182316186,36.008439854254867],[-105.39897382233013,36.008466854605807],[-105.39895282315814,36.008495855049404],[-105.39892982299438,36.008526854686316],[-105.39890382269201,36.008562854554803],[-105.39887382310377,36.008600854515954],[-105.39884382261644,36.008641854615973],[-105.39881382302869,36.008684854808486],[-105.39878182244897,36.008728855047409],[-105.39874882272217,36.008771854340765],[-105.39871282285625,36.008813854487371],[-105.39866982266562,36.008851854449347],[-105.3986258224285,36.008888854365111],[-105.39858382228419,36.008926854327001],[-105.39854382313212,36.008967854427553],[-105.39850582227415,36.009008854528034],[-105.39846782231554,36.00905085467474],[-105.39843082240306,36.009090854728868],[-105.39839082235109,36.009124854505615],[-105.39837082232451,36.009134854969432],[-105.39834082273423,36.009149854765845],[-105.39827982260628,36.009158855185774],[-105.39827882255989,36.009158855185831],[-105.398258822534,36.00917685512043],[-105.3982528222564,36.009181854452798],[-105.39822982299228,36.009216855174131],[-105.39821182306059,36.009251854995789],[-105.39820182259862,36.009268854883601],[-105.39818082252764,36.009300854566703],[-105.39813782233699,36.0093388545286],[-105.39809682223733,36.009357854510704],[-105.39806182241581,36.009377854538705],[-105.39803082277921,36.009392855234509],[-105.39799782304951,36.009402854799767],[-105.39794682248488,36.009403854848976],[-105.39790682242871,36.009389855102903],[-105.39787482274245,36.009366854939962],[-105.39785382266649,36.009342854730143],[-105.39784182300758,36.009317854473501],[-105.39783682277499,36.009307854910475],[-105.39781582269909,36.00928385470057],[-105.39778782229919,36.009264854722446],[-105.39776082284483,36.009243854651764],[-105.39773282244414,36.009215855156583],[-105.39771082232178,36.009190854900517],[-105.39768782215292,36.009163854552014],[-105.3976648228839,36.009142854481112],[-105.39765282232683,36.009131854872166],[-105.39763682248341,36.00911685507841],[-105.39759382228681,36.009086854592255],[-105.39755282218312,36.009059855144102],[-105.3975518221368,36.009059855144159],[-105.39751882240562,36.009052854822222],[-105.39749282209786,36.009027854566384],[-105.39748682271909,36.009026854520478],[-105.39739882223735,36.009014854869683],[-105.39730982260865,36.009002855218966],[-105.39722282217338,36.008991854715092],[-105.39716982241475,36.00898585444056],[-105.39707582255433,36.008973854790106],[-105.3970538224338,36.008969854606335],[-105.3969748223691,36.00895685490876],[-105.39689982248983,36.008944855257234],[-105.3968268227033,36.008933854752534],[-105.39675982229585,36.008926854432566],[-105.39669682207406,36.008922855150431],[-105.39663782203748,36.008917854922544],[-105.39660082212129,36.008914854785878],[-105.39656682234417,36.008912854695296],[-105.39653282256701,36.008909854558475],[-105.3964818220023,36.008909854561416],[-105.39642782219788,36.008909854564543],[-105.39638882218952,36.008912854705599],[-105.39636882216213,36.008913854753054],[-105.39630282180241,36.008922855173232],[-105.39623382220363,36.008938855018151],[-105.39616382255859,36.008955854909445],[-105.39609182192173,36.008974854893296],[-105.39601982218474,36.008999855154805],[-105.39594782244802,36.009028854702038],[-105.39587582181231,36.009060855287402],[-105.39580482212233,36.009093855019636],[-105.39573482247913,36.009131854983146],[-105.39566482193717,36.009175855224278],[-105.39559682238749,36.009223854751042],[-105.39546282158305,36.00932885512006],[-105.39540182235839,36.009383854970253],[-105.39534182228076,36.009438854820409],[-105.39528282224965,36.009495854763017],[-105.39522882155083,36.009551854659051],[-105.39517882193681,36.009608854601161],[-105.39514582221035,36.009655854978938],[-105.39513782184048,36.009665855442051],[-105.39513482170216,36.009673854913011],[-105.39513082241682,36.009681855283411],[-105.39511282158576,36.009716855105118],[-105.39509882184055,36.009764854628671],[-105.39509082237319,36.009810854958779],[-105.39508282200639,36.009855855242563],[-105.39508082191456,36.009865854806002],[-105.39507382159334,36.009901854673345],[-105.39506182194057,36.009946854957349],[-105.39504582210247,36.009992855287855],[-105.39502882221696,36.010026855063288],[-105.39497982175247,36.010112855447659],[-105.39497082223612,36.010128855289111],[-105.39494182179578,36.010176854813608],[-105.39490982211584,36.010225855283814],[-105.3948808216756,36.010274854854629],[-105.39485582231998,36.010322855278197],[-105.39483582229649,36.010368854709618],[-105.39478382169656,36.010495855192438],[-105.39476482171892,36.010535855245571],[-105.39474882187996,36.010571855113426],[-105.39473382208702,36.010603854796145],[-105.39472282157953,36.01062985510039],[-105.39469982231445,36.010653855312746],[-105.39468982185211,36.010665854969226],[-105.39467182191743,36.010666855016495],[-105.39469282199262,36.010682854856228],[-105.39469982231743,36.010687855087177],[-105.39469882227296,36.010708855159464],[-105.39470182241224,36.010711855298091],[-105.39471282202403,36.010727855138391],[-105.39473082196115,36.010753855440939],[-105.39473382210176,36.010771855374266],[-105.39473682224201,36.010785855122464],[-105.39473982238403,36.01081985489671],[-105.39474482171978,36.01085885490216],[-105.39475482218695,36.010901855092342],[-105.39478682188013,36.011003855313028],[-105.39479782239282,36.011036855040516],[-105.39481582233151,36.0110818553228],[-105.39482882203627,36.011100855301784],[-105.39484282178769,36.011122855419508],[-105.39486082172412,36.011141855398215],[-105.39487782161416,36.011159855330661],[-105.39491982176504,36.011196855241465],[-105.39496082186945,36.011231855059719],[-105.39499982188111,36.011266854878109],[-105.3950378218464,36.011300855549663],[-105.39511782196371,36.011384854934775],[-105.39511982205755,36.011397855536096],[-105.39512482229202,36.011429855217685],[-105.39513082257305,36.011463854991717],[-105.39513682195371,36.011485855109896],[-105.39513882204687,36.011491855387384],[-105.39514182218898,36.01152685520789],[-105.39512682239543,36.011551855466102],[-105.39509782195385,36.011585855242146],[-105.3950918225804,36.011645855320495],[-105.3950978219622,36.011680855140824],[-105.39510682238243,36.011716855007236],[-105.39511482185669,36.011749855634214],[-105.39511682195202,36.011779855223402],[-105.39509282174265,36.011819855276833],[-105.39506582229249,36.011846855628228],[-105.39502282210252,36.011892855060964],[-105.39498482214385,36.011933855161445],[-105.39494682218499,36.011972855169375],[-105.3949098222726,36.012013855269799],[-105.39487282235957,36.012046855000051],[-105.39487082226714,36.012049855138969],[-105.39486782212829,36.01205185523169],[-105.39484282187099,36.01207285530537],[-105.3948208217524,36.012090855240139],[-105.39477382227577,36.012129855248588],[-105.39472782194636,36.012170855349524],[-105.39468182251629,36.01221185545041],[-105.39462982190848,36.01224885536665],[-105.39457082187498,36.012278855858689],[-105.39436182208765,36.012338855049485],[-105.39409882159777,36.012411855744112],[-105.39405382221254,36.012435855957818],[-105.39403182209305,36.012443855429858],[-105.39397982238353,36.012468855690223],[-105.39393682219175,36.012493855950048],[-105.39390882179494,36.012509855792594],[-105.39383082178962,36.012645855794027],[-105.39374782155636,36.012824855986516],[-105.39364582224371,36.013031855676971],[-105.39354182193655,36.013209855824421],[-105.39344682204384,36.013357855482724],[-105.39341482236941,36.01346985527038],[-105.39348782216334,36.013565856110418],[-105.3936178218964,36.013611855533192],[-105.39375782209402,36.013671855603057],[-105.39401382227702,36.013797856021824],[-105.39412282193827,36.013867855656862],[-105.39424682229479,36.013938855337273],[-105.39436982260371,36.013995856168684],[-105.39450182242798,36.014025855750361],[-105.39464982209275,36.014036855351385],[-105.39476382197407,36.013973856027334],[-105.39488182204069,36.013909855757447],[-105.39495182258001,36.013835855926992],[-105.39495882200468,36.01383085569524],[-105.39503382188114,36.013810855664921],[-105.39511682212809,36.013787855495316],[-105.39524582270663,36.013748855482135],[-105.39550682220927,36.013729855487277],[-105.3956948228232,36.013682855999903],[-105.3958558221921,36.013705855256049],[-105.39593882244002,36.013693855595349],[-105.396047822111,36.013874855869275],[-105.39606682301481,36.014140855584429],[-105.39601282233693,36.014435855746157],[-105.39612482303605,36.014499856002743],[-105.39616882239129,36.014661855401386],[-105.39621782287357,36.014778855415713],[-105.39622882248888,36.014834855308038],[-105.39622882248896,36.014835855354278],[-105.39622882248896,36.014835855354278],[-105.39631382283255,36.014857855467888],[-105.39633282281739,36.014899855611326],[-105.39633582296001,36.014940855709426],[-105.39634382243261,36.014954855457347],[-105.39636282241648,36.014985855991206],[-105.3963798223074,36.015013855486956],[-105.39638582258789,36.015041855882771],[-105.3963728228875,36.015072855519136],[-105.39634682258436,36.015099855870488],[-105.3963118227631,36.015122856037308],[-105.39627682294157,36.01514285606531],[-105.39624882254499,36.015160856000421],[-105.39621982300213,36.015187855452609],[-105.39619682283792,36.015213855757537],[-105.39616482225557,36.015227855507817],[-105.3961388228514,36.015250855674132],[-105.39610282298183,36.015251855722447],[-105.39603682262135,36.01525185572627],[-105.39608182291583,36.015340856244066],[-105.39611282255903,36.015400855420907],[-105.39617882293211,36.01554485578415],[-105.39620182311187,36.015695855574421],[-105.39621482282917,36.015857855874167],[-105.39617082260023,36.015987855596002],[-105.39604482306285,36.016058856190213],[-105.39587982261085,36.016053855968465],[-105.39573082289792,36.016021856295218],[-105.39559182274847,36.015982856297548],[-105.39544382218089,36.015931855745187],[-105.39529382242046,36.01588685636986],[-105.39515682236326,36.015842856140708],[-105.39514382265919,36.015831855632555],[-105.3949248224219,36.016044855607326],[-105.39487482281147,36.016142855647665],[-105.39449682244516,36.016863855752433],[-105.39448582287987,36.017377856151406],[-105.39441382228424,36.017866856296536],[-105.39434282262479,36.018247855941539],[-105.39433482225824,36.018295856364112],[-105.39418982278139,36.018841856452752],[-105.39416682262244,36.018927856835624],[-105.39403182268657,36.019210856446882],[-105.39362682282588,36.019453856921068],[-105.39357582226187,36.019461856394848],[-105.39354082243702,36.019443856463397],[-105.39349682219473,36.019421856347407],[-105.39345082275895,36.019397857038356],[-105.39340182228459,36.01937085669136],[-105.39335282270969,36.019345856436843],[-105.39330982251346,36.019320856181992],[-105.39326882241004,36.01929685687265],[-105.3932288223529,36.019271856617628],[-105.39318582215726,36.019252856640392],[-105.39313982272266,36.019242856180391],[-105.39309482243569,36.019238856897267],[-105.3930508221956,36.019241857038615],[-105.39300682195605,36.019250856558195],[-105.39294182254247,36.019264856310386],[-105.39292482265418,36.019266856403888],[-105.39291482219097,36.019268856497021],[-105.39286482257258,36.01927685687],[-105.39281882223995,36.019280857057772],[-105.39277582204599,36.019280857060266],[-105.39273082265855,36.019279857016571],[-105.39268582237126,36.019272856695316],[-105.39264682236114,36.019255856810396],[-105.39260982244313,36.019232856647754],[-105.39257682181062,36.019202857060343],[-105.39254482212348,36.019169856434701],[-105.39251082234328,36.019132856523505],[-105.39247082228518,36.019096856658898],[-105.39242882213428,36.019059856748108],[-105.39238682198348,36.019023856883628],[-105.39234582187909,36.01898885616599],[-105.39230582182081,36.018950856208832],[-105.39226882190133,36.01891085615901],[-105.39223482212084,36.018869856962006],[-105.39219582210879,36.018830856958566],[-105.39215982223585,36.018792857001166],[-105.39212682250191,36.018754856144348],[-105.39209482191509,36.018717856232968],[-105.39206182218162,36.018684856506745],[-105.39202782240235,36.018657856158825],[-105.39199282167783,36.0186358569417],[-105.39196582222384,36.01861985620301],[-105.39196182203833,36.018617857009986],[-105.39191782179553,36.018589856616401],[-105.39188582210782,36.018549856566295],[-105.39187682168794,36.018517856884941],[-105.39186682212045,36.018478856879781],[-105.39184382195035,36.018437856782846],[-105.39180782207735,36.01839985682544],[-105.391763821834,36.018364856108064],[-105.39174882203723,36.018353856499289],[-105.39171782239738,36.018331856382545],[-105.39166882192281,36.018302856842325],[-105.3916168222088,36.018276856541732],[-105.39156282150313,36.018254856426402],[-105.39150782165063,36.018234856403517],[-105.39145282179805,36.018213856334484],[-105.39140182213053,36.018189856126348],[-105.39135782188798,36.01816385672462],[-105.39131782183088,36.018139856515909],[-105.39128682219062,36.018112856167797],[-105.39125982183644,36.018086856765088],[-105.39122882219657,36.018063856602097],[-105.39104482176464,36.018072856129834],[-105.38875982120513,36.019296857133725],[-105.38850882127673,36.019431857098922],[-105.38847082131453,36.019432857147358],[-105.3884568215651,36.019432857148168],[-105.3883968214828,36.01943485724415],[-105.3883238216972,36.019433857202124],[-105.38829882143791,36.019432857157312],[-105.38825382115107,36.019430857067363],[-105.38818682164302,36.019424856793655],[-105.38812082128193,36.01941785647363],[-105.38805482092026,36.019404856775296],[-105.38798982150404,36.019388856938129],[-105.38792982142014,36.019371857054423],[-105.38787482156798,36.019355857216674],[-105.38782182090925,36.019340856525723],[-105.38776582101147,36.019332857058181],[-105.3877128212538,36.019337857292548],[-105.38766582087591,36.019353857136217],[-105.38762082149073,36.019378856496843],[-105.38757682125259,36.019403856756732],[-105.38752782078268,36.019427856970609],[-105.38748082130438,36.019447856999371],[-105.38743882115831,36.019465856935241],[-105.38739982115108,36.01948185677842],[-105.38736382128289,36.019497856621442],[-105.38732282118262,36.019509857179017],[-105.38728182108233,36.019520856790997],[-105.38723882088925,36.019531857302425],[-105.38719182141023,36.019542856914732],[-105.38714182089279,36.019553857426537],[-105.38708582099687,36.019566857131913],[-105.38702382082305,36.019581856930181],[-105.38695782136325,36.019597856774936],[-105.38688382063344,36.019613856620154],[-105.38680482057164,36.019633856650714],[-105.38671982113148,36.019658856912976],[-105.38662982056067,36.01968785736058],[-105.38653982088917,36.019715856862618],[-105.38645182131026,36.019743857263798],[-105.38636882106397,36.019773856857967],[-105.38629282114184,36.01980185725845],[-105.38622482069076,36.019825857473492],[-105.38616482061032,36.019848856742428],[-105.38611082080787,36.019870856864095],[-105.38606282128306,36.019888856800314],[-105.3860168209516,36.019906856736462],[-105.38597182066653,36.019924856672503],[-105.3859248211881,36.01994285750802],[-105.38588082094942,36.019961857490316],[-105.3858378207571,36.019980857472554],[-105.38579282047219,36.020000857501124],[-105.38574582099398,36.020021857576147],[-105.38569882061685,36.020046856936837],[-105.38565682047158,36.020073857289148],[-105.3856278209288,36.020101856787598],[-105.38561782046716,36.020121856814228],[-105.38561182108931,36.020131857277228],[-105.38560882095318,36.020164857005511],[-105.38560982100259,36.020199856826125],[-105.38560382072777,36.020236856739643],[-105.38558082056463,36.020274857599766],[-105.38554282060556,36.020311857515146],[-105.38549282098926,36.020342857153672],[-105.38543282090924,36.020370857553281],[-105.38537182078254,36.020394856868521],[-105.38530782051637,36.02041385685196],[-105.3852438211496,36.020432856835406],[-105.38518282102328,36.020460857235079],[-105.38511982080459,36.020492856920598],[-105.38505482049315,36.020523857459239],[-105.3849908202277,36.020550856913538],[-105.3849358203795,36.02057985735911],[-105.38489682037395,36.020614857181975],[-105.38486682078565,36.020651857096951],[-105.3848348202055,36.020690857104533],[-105.38480482061757,36.020732857250771],[-105.38478482059405,36.020777857535265],[-105.38476482058387,36.020974857657592],[-105.38476682068175,36.021033857689197],[-105.38476482059455,36.02109685700681],[-105.38476582064642,36.021159857223495],[-105.38477382102242,36.021219857301027],[-105.38478682073035,36.021274857146956],[-105.38479382105965,36.021330857039459],[-105.38479382106483,36.02138985707122],[-105.38478282056018,36.021447857057325],[-105.38476382058379,36.021501857758167],[-105.3847438205607,36.021551857374632],[-105.3847278207233,36.021605857175942],[-105.38472082040299,36.021652857552183],[-105.38471982035765,36.021663857161883],[-105.38470682065955,36.021720857101791],[-105.38468782068296,36.021772857710133],[-105.38466182038147,36.021818857141888],[-105.38463482093262,36.021860857287969],[-105.38462382042435,36.021877857175781],[-105.38460982067686,36.021899857295153],[-105.38458482042115,36.021939857348556],[-105.38456182025844,36.021982857540713],[-105.38453982104154,36.022027857825329],[-105.38452382030404,36.022072857210269],[-105.38451282069758,36.022117857494209],[-105.38450682042209,36.022146857936967],[-105.3844358207436,36.022310857434732],[-105.38440182096824,36.022328857370212],[-105.38436482105335,36.022340857927531],[-105.38433382051726,36.022353857631472],[-105.38431382049302,36.022390857545808],[-105.3843088202661,36.022444857346507],[-105.3842988207049,36.022477857974529],[-105.38427582054116,36.022509857657717],[-105.38424082072039,36.022537857156578],[-105.38419582043592,36.022562857416517],[-105.38414782091191,36.022589857769127],[-105.38409782039598,36.022617857268862],[-105.38404982087258,36.022651857945313],[-105.38400182045014,36.022688857861326],[-105.38396482053834,36.022735857339974],[-105.38393882023712,36.022784857809867],[-105.38391982026026,36.022833857380057],[-105.38391182079346,36.022885857987703],[-105.3839188202227,36.022933857510104],[-105.38393882025379,36.022974857607181],[-105.38396282046976,36.023010857472748],[-105.38398382054652,36.02304385809898],[-105.38399982039101,36.023070857548568],[-105.38402582069986,36.023108857506543],[-105.384049820916,36.023146857464646],[-105.38406182057517,36.023173857813767],[-105.38407282108768,36.023205857495],[-105.38408182060878,36.023243857453949],[-105.38408982098304,36.023283857505469],[-105.38408982098689,36.023327857742551],[-105.38407882048099,36.023371857980258],[-105.38407882048135,36.023375858165302],[-105.38407282110603,36.023414858171392],[-105.3840688209242,36.023454857324268],[-105.38406482074218,36.023492858183282],[-105.38406682083813,36.02352985809641],[-105.38407782045195,36.023568858101498],[-105.3840948203439,36.023608858152471],[-105.38411782051391,36.023648858203124],[-105.38414082068417,36.023690857446987],[-105.38416082071531,36.02373285759036],[-105.38417782060736,36.023773857687644],[-105.38419282040687,36.023815857831302],[-105.38420382092001,36.023854857836383],[-105.38421182039433,36.023887857564112],[-105.38421582058388,36.023935857985933],[-105.38422782114444,36.023986857646868],[-105.38423582061829,36.024014858042541],[-105.38424482103781,36.024042857538824],[-105.38425382056012,36.024094858145489],[-105.3842458210917,36.024128857920324],[-105.38423482058522,36.024165857834177],[-105.38422782116349,36.024203857794063],[-105.38422382098125,36.024239857661229],[-105.38421382052057,36.024270858196687],[-105.38420082082003,36.024299857740516],[-105.38418282088726,36.024322857906334],[-105.38414482092831,36.024360857867997],[-105.38411682053349,36.024399857875366],[-105.38410082069585,36.024450857537886],[-105.38408882104189,36.024482858119782],[-105.38407982062766,36.02451485780216],[-105.38407182115913,36.024547857530756],[-105.38407082111307,36.02455085766961],[-105.3840598206062,36.024583858297682],[-105.3840478209529,36.024622858304106],[-105.38403782049319,36.024664857549901],[-105.38402782093317,36.024711857926356],[-105.38401882052038,36.024759858349007],[-105.38400682086791,36.024808857918757],[-105.38399182107622,36.024855858295489],[-105.38397382114549,36.024901857726796],[-105.38395782040782,36.024944857918491],[-105.38393882043036,36.024986858064132],[-105.3839208204992,36.025028858209673],[-105.38390782079981,36.025070858354965],[-105.38390782080357,36.025113857646481],[-105.3839148211319,36.025158857929384],[-105.38392482070016,36.025205858304638],[-105.38393182102855,36.025251857734538],[-105.38393182102882,36.025254857873279],[-105.38394182059727,36.025304858387372],[-105.38395382115795,36.025356858094547],[-105.38396382072658,36.025408857801814],[-105.38397282114826,36.025461858454797],[-105.38397482124518,36.025509857977468],[-105.38397282115676,36.025558858445983],[-105.38396982102228,36.025609858107757],[-105.38397382121192,36.025658857676575],[-105.38398382078013,36.025705858051808],[-105.38399682048735,36.025752858426934],[-105.38401182118642,36.02579785781009],[-105.38403582050343,36.025837857860658],[-105.38405982071924,36.025871858533023],[-105.38415982086632,36.02598185822054],[-105.38423982097714,36.025991857779239],[-105.38433282078967,36.025985858395579],[-105.38441982122346,36.02597985811294],[-105.38455582123065,36.025981858197603],[-105.38469182124031,36.026011857779039],[-105.38483082138325,36.025975857904065],[-105.3849568209309,36.026021858226358],[-105.38504382137339,36.026114858027434],[-105.38511182093619,36.026216858246066],[-105.38520782089513,36.026295858298177],[-105.38524682090872,36.026351858188875],[-105.38510882081603,36.026431858300882],[-105.38504182131727,36.026531858434744],[-105.38514882088731,36.026617857910765],[-105.38521982148906,36.02672685845306],[-105.3852308211026,36.026761858273076],[-105.38525082113269,36.026791857861227],[-105.38526582093064,36.026816858117698],[-105.38528682100755,36.026851857937174],[-105.38528882110282,36.026880858379442],[-105.38528982115238,36.026917858292542],[-105.38528082163779,36.026953858159999],[-105.38529782152965,36.026992858164796],[-105.38529882157647,36.026997858396015],[-105.38529982163044,36.027084857924486],[-105.38530482096476,36.027106858042735],[-105.38530482096485,36.027107858088996],[-105.385299821635,36.027136858531662],[-105.38529682149843,36.027164858028677],[-105.38529882159369,36.027193858470937],[-105.38530582102162,36.027226858198645],[-105.38529982164553,36.027256858687636],[-105.38530082169528,36.027295858693314],[-105.38531482144809,36.027333858651971],[-105.38533982171012,36.027366858378649],[-105.38536282098035,36.027400858151736],[-105.38538782124124,36.027420858176271],[-105.38540082094663,36.027446858479102],[-105.38541782173655,36.027470858689213],[-105.38543782176676,36.027501858323632],[-105.38543982096307,36.027535858097941],[-105.38544782133619,36.02756285844729],[-105.38545882094905,36.027590857943494],[-105.38547982102526,36.02761785829211],[-105.38549982105521,36.027645858687094],[-105.38552082113097,36.02766785790508],[-105.38555082162509,36.027704858715843],[-105.38557082165528,36.027735858350312],[-105.38559282177729,36.027756858421263],[-105.3856058214826,36.027781858677848],[-105.38563082174417,36.027808858126974],[-105.38565882124433,36.027823857919998],[-105.38568282146002,36.027855858499777],[-105.38569682121181,36.02788285794955],[-105.38570782172405,36.02791085834501],[-105.385723821569,36.027943858072206],[-105.38574882183137,36.027979857937723],[-105.38574982188067,36.028012858565084],[-105.38574082146725,36.028054858710156],[-105.38575782135914,36.02809385871489],[-105.38577282115715,36.028118858072034],[-105.38579182114066,36.028145858420771],[-105.38580782188447,36.028172858769672],[-105.3858248217752,36.028198858173027],[-105.38583982157384,36.028231858799593],[-105.38586582188232,36.0282648585262],[-105.38589982166027,36.028276858180128],[-105.38593682157702,36.028285858594366],[-105.38597082135463,36.028293858063186],[-105.38600382198619,36.028312858041012],[-105.38604482118994,36.02833285806463],[-105.38608482124638,36.028349857949493],[-105.38612082201624,36.02835985841007],[-105.38615782193347,36.028374858202611],[-105.38619682194413,36.028397858365132],[-105.38622182130663,36.028427857953055],[-105.3862498217066,36.028447857977419],[-105.38626782164411,36.028478858511278],[-105.3862848215352,36.028508858099656],[-105.38630082138029,36.028542858772411],[-105.38631582207806,36.028572858360931],[-105.38632082141326,36.028604858042449],[-105.38632682169442,36.028640858808402],[-105.38633882135349,36.028666858211977],[-105.38633782131024,36.028701858032704],[-105.38634382159118,36.028734858659796],[-105.38635582125038,36.028762858155851],[-105.38637482213312,36.028788858458398],[-105.38639582131002,36.028815858807036],[-105.38639682135923,36.028848858535078],[-105.38638582175139,36.028877858078779],[-105.38638382166184,36.028913858845158],[-105.38637882143456,36.028963858460799],[-105.38637682134423,36.028990858810758],[-105.38637282206085,36.029020858400287],[-105.38636782183183,36.029051858036212],[-105.38636182155678,36.029085858710303],[-105.3863558212818,36.029120858531279],[-105.38634882185981,36.02915585835234],[-105.38633782135327,36.02919185821991],[-105.38632882183884,36.029229858179903],[-105.38631782133244,36.029267858140017],[-105.38630982186471,36.029309858284996],[-105.38631182196119,36.02935285847564],[-105.38632482166817,36.029396858711976],[-105.3863468217921,36.029439858901455],[-105.38637482219379,36.029479858951881],[-105.386404821789,36.029520858149091],[-105.38643682147658,36.029558858106661],[-105.38647082215594,36.029594858870922],[-105.3865028218431,36.029627858597252],[-105.38653182139088,36.029656858138651],[-105.38655882174508,36.029683858486898],[-105.38658182191392,36.029709858789154],[-105.38661282155601,36.029757858310177],[-105.38660982142092,36.029802858593683],[-105.38657782174019,36.029842858647498],[-105.38652582203068,36.029867858907856],[-105.38647282137505,36.02988785893691],[-105.38642182171159,36.02990985815908],[-105.38637982156639,36.029937858557638],[-105.38632982194996,36.029967859049187],[-105.38627882138758,36.029993858456407],[-105.38624382156456,36.029996858597229],[-105.38620082137079,36.029999858738542],[-105.38615382189063,36.029997858648713],[-105.38610782155685,36.029988858235015],[-105.3860668214548,36.029980858766557],[-105.38599582176106,36.029970858308019],[-105.38594282200252,36.029965858979097],[-105.38589582162277,36.029960858750471],[-105.38576282175433,36.029955858526833],[-105.38566382166438,36.029968858234696],[-105.38607182174786,36.030679858730565],[-105.38618082145352,36.031254859246815],[-105.38634882206483,36.031490858464629],[-105.3863738223279,36.031534858700283],[-105.38637482237432,36.031535858746452],[-105.38637482237441,36.031536858792762],[-105.3865308224287,36.031761859301028],[-105.38675882223146,36.032092859313323],[-105.38666882166238,36.032140858841331],[-105.38656282215238,36.032210858488831],[-105.38642382200879,36.03223885889296],[-105.38628682195952,36.032285859276762],[-105.38620782189798,36.032308858546841],[-105.38608982182845,36.032339859088601],[-105.38599782206357,36.032360859166154],[-105.38590382220649,36.032386858575883],[-105.38581282158788,36.032398859136357],[-105.38568182181524,36.032429858779565],[-105.38554682185821,36.03247085888561],[-105.3855448217757,36.032586858856639],[-105.38558182170119,36.032695859400889],[-105.38558982207792,36.03276385894921],[-105.38559082212441,36.032765859041696],[-105.38560082169217,36.032807859185652],[-105.38561182220565,36.032849859329538],[-105.38562082172709,36.032891859473537],[-105.38562582196086,36.032915858784961],[-105.38563082219416,36.03293385871816],[-105.38564282186141,36.033053858873423],[-105.38573982186763,36.033142859388221],[-105.38585982203794,36.03320385950552],[-105.38600282237039,36.033215859153046],[-105.38614382171289,36.033250858965573],[-105.38628482195175,36.033252859049945],[-105.38639082237405,36.033330859055241],[-105.3864798220102,36.033426858995014],[-105.3866218222942,36.033414859330897],[-105.3866948220805,36.033422858797508],[-105.38678382260666,36.033413859275278],[-105.38692882213171,36.033416859405662],[-105.38703982188116,36.033434859332672],[-105.38715582186219,36.033451859213173],[-105.38717482184356,36.033454859350897],[-105.38719682197076,36.03353485945356],[-105.38743882243242,36.03398085938975],[-105.38743682234046,36.033988858860653],[-105.38742282259309,36.034012859072561],[-105.38743382221321,36.034122858765222],[-105.3874338222133,36.034123858811476],[-105.38741682232792,36.034158859532447],[-105.38743482227525,36.034301858952844],[-105.38747882251972,36.034348859326158],[-105.38753182228675,36.034450859545636],[-105.38751482240848,36.03456685951754],[-105.3875778226395,36.034675859160899],[-105.38764982238797,36.034780859518058],[-105.38770182210874,36.034883858884506],[-105.38771082253653,36.03500585913249],[-105.38768382219463,36.035119859012426],[-105.38765082247365,36.035228859560725],[-105.38763382259538,36.035344859532607],[-105.38772382227739,36.035435859240984],[-105.38783482293165,36.035516859384785],[-105.38788182242129,36.035625859029146],[-105.38793582223585,36.035741858996914],[-105.38802282267842,36.035835859743564],[-105.38815682259042,36.035808859385966],[-105.38825382259576,36.035887859438034],[-105.38826182297687,36.036005859501053],[-105.38833282267915,36.036112859051435],[-105.38861782240217,36.036179859436785],[-105.38877282329132,36.036198859407541],[-105.38898182309023,36.036270859129246],[-105.38929582325763,36.036335859420362],[-105.38943182326473,36.036336859458736],[-105.38964582329362,36.036388859154236],[-105.38966182314401,36.036482859005694],[-105.38980682357671,36.036580859034714],[-105.39005982361581,36.036651859606962],[-105.39013882278442,36.036700859171432],[-105.3904968232028,36.036886859662268],[-105.39064282367927,36.03695585924882],[-105.39110982375527,36.037169859230168],[-105.39121982346573,36.037271859446264],[-105.39144482399934,36.037266859201921],[-105.39160082403285,36.037255859583269],[-105.39160182317994,36.037256859629501],[-105.39161082359692,36.037255859582679],[-105.39168182328936,36.037250859347253],[-105.39180182345618,36.037272859458838],[-105.39331082421747,36.038200859138676],[-105.39342182397584,36.038320859288199],[-105.39360082419395,36.038515859306429],[-105.39371982431209,36.038510859068225],[-105.39374882385916,36.038531859138772],[-105.39377782430573,36.03855485930189],[-105.39379482419669,36.03858285969703],[-105.39382282459836,36.038622859747385],[-105.39384382467564,36.038661859751947],[-105.39386182461305,36.038691859340211],[-105.39388082459719,36.03872585911347],[-105.39390282382007,36.038748859276993],[-105.39392882412751,36.03877085939402],[-105.39395282434251,36.038794859603712],[-105.39397182432612,36.038822859099376],[-105.39398782417047,36.038848859402044],[-105.39401282443256,36.038881859128743],[-105.39403082436985,36.038909859523791],[-105.39405182444575,36.038933859733675],[-105.39408282408624,36.038962859274946],[-105.3941128245793,36.03898785953055],[-105.39413582474791,36.039011859740249],[-105.39415782397104,36.039037859143242],[-105.39418582437102,36.039057859167592],[-105.39421482391862,36.039084859515803],[-105.39423382480109,36.039107859679497],[-105.39425582402409,36.039131859889238],[-105.39427582405392,36.039158859338656],[-105.39429182479755,36.039183859594999],[-105.3943038244571,36.039215859276183],[-105.39430182436753,36.039250859096953],[-105.39429582409096,36.039267859883815],[-105.39439882437725,36.039379859663725],[-105.39462082478289,36.039500859853121],[-105.39476682436101,36.039580859948629],[-105.39463482455719,36.039783859455682],[-105.39310282462218,36.039918859495124],[-105.39280182417082,36.040000859709103],[-105.39244482381757,36.040028860125872],[-105.39213282376197,36.040181860028106],[-105.39209182366241,36.040201860056463],[-105.39127082342399,36.040604859863457],[-105.39107682352757,36.041746860549623],[-105.39171782462115,36.04365586070044],[-105.39269882436217,36.045322860427042],[-105.39378882459079,36.046229860958199],[-105.39481082524243,36.046873861016465],[-105.39541082516341,36.046825860559558],[-105.39582482543516,36.04651486053605],[-105.39584182532484,36.046528860283459],[-105.39676582581245,36.045815860517251],[-105.39739682537133,36.04576786005854],[-105.39852782562157,36.045768860039253],[-105.39966782635257,36.046493860240965],[-105.40021482655655,36.046912860708808],[-105.40037082660581,36.047080860378564],[-105.40017882672959,36.047397860666777],[-105.3989468263307,36.047796860312559],[-105.39862382572399,36.047478860907205],[-105.39855182594937,36.04707586025269],[-105.39826682618001,36.046481860666304],[-105.39752982619933,36.046457860497974],[-105.39733982552198,36.046837860103565],[-105.39705382581079,36.047432860668692],[-105.39706582548112,36.047586860598315],[-105.39697382572149,36.047666860707629],[-105.39654582578125,36.048898861074662],[-105.39529282527117,36.048872860843744],[-105.39512182545786,36.049065860789767],[-105.39432982570746,36.049962860967312],[-105.3940068251605,36.050324861546535],[-105.39381882546033,36.050535861426951],[-105.3929028253491,36.051312861455749],[-105.39232882488095,36.051890861251017],[-105.392044825268,36.052548862032779],[-105.39196082498987,36.052743862066293],[-105.39269382487473,36.053785861669354],[-105.39151082497543,36.054497862303684],[-105.39148582474077,36.05477686172344],[-105.39142982489807,36.055394862439996],[-105.39138982488228,36.055839862346211],[-105.39156782507585,36.056281862100931],[-105.39192682561783,36.057345862743553],[-105.39166082508665,36.058528862632812],[-105.39157182549219,36.058906863039304],[-105.39076482506442,36.060004862624666],[-105.39066582498863,36.06017886258676],[-105.3902568249248,36.06021986270872],[-105.39030082521779,36.060817863393467],[-105.38971582513619,36.061360863368712],[-105.39049082508188,36.061415863170396],[-105.39070682525853,36.062093863049832],[-105.39203882580512,36.061811863415379],[-105.39203882588048,36.062667863448759],[-105.39327482663371,36.064188863600101],[-105.39286682663987,36.064497863530768],[-105.39220382647531,36.064294863170524],[-105.39170282578316,36.064763863314575],[-105.39098682583403,36.06425986342051],[-105.39111182619719,36.063879863818741],[-105.39077982606511,36.063475863133036],[-105.3900898255331,36.063095863578511],[-105.38978082561557,36.06323786297159],[-105.39004982551771,36.063545863716037],[-105.3901298256671,36.063993863754071],[-105.38937082557746,36.064096863167592],[-105.38874982552055,36.063439863383934],[-105.38844982506539,36.062952863352947],[-105.38779982462998,36.063045863196791],[-105.38778482482974,36.062994863536069],[-105.38700482454597,36.061731863603541],[-105.38622482430472,36.060951863534342],[-105.38537082424143,36.060283863255293],[-105.38470282389895,36.060691863284781],[-105.38444282454562,36.0618808634513],[-105.38414782437158,36.06195486329478],[-105.38402982433489,36.062358864006562],[-105.38421982418595,36.06280886323141],[-105.385036824317,36.063291863946667],[-105.38516382485103,36.063799864059966],[-105.38407482386822,36.064016864270286],[-105.38405882406104,36.064413863753003],[-105.38430382467379,36.064995863685823],[-105.38478782467205,36.065592864298736],[-105.38505182435686,36.066063864490893],[-105.38488982496125,36.066263863860897],[-105.38488382473842,36.066890864091576],[-105.38488882497975,36.066999864637673],[-105.38633682466788,36.067413863922589],[-105.38692182474762,36.066849863875071],[-105.38737582517105,36.067636864287003],[-105.38652182528106,36.06893686422751],[-105.38581682508807,36.070087864460355],[-105.38596482581153,36.071907865018503],[-105.38566782562657,36.072909865528651],[-105.38570482562112,36.073801865426766],[-105.38623982523551,36.073839865355161],[-105.38623982527515,36.074289865490321],[-105.38684182619239,36.07428986545537],[-105.38700482571369,36.074989865456331],[-105.38674482634735,36.076029865923793],[-105.38652182602709,36.077403865654013],[-105.3857788258818,36.07866686567489],[-105.38472982594359,36.079908866540585],[-105.38300582525964,36.080662866451569],[-105.38239282564678,36.080838866536013],[-105.38180582543937,36.081005866202595],[-105.38108382538674,36.082482867129904],[-105.3803678255136,36.082841866693762],[-105.38014182492529,36.082751867039661],[-105.38009982477014,36.082666866706752],[-105.38001582537233,36.082645866639403],[-105.37982582467458,36.082793867202518],[-105.37988982495538,36.082940866805274],[-105.37991282513335,36.083070867422535],[-105.37949882485253,36.083278867177334],[-105.3791838247726,36.084731866970642],[-105.37918082463472,36.084744867572269],[-105.37943682484516,36.085180867044848],[-105.38066682522292,36.085593867195364],[-105.38249782554446,36.08569086708011],[-105.38300182552335,36.085755867360135],[-105.38358182632714,36.085831867245368],[-105.38403882592618,36.085890867250505],[-105.38464182601231,36.086138866998176],[-105.38584882623081,36.086633867346485],[-105.38673582692061,36.08726186757152],[-105.38716882724073,36.087712866828468],[-105.38723882689366,36.087785867503861],[-105.3881638275852,36.088860867723],[-105.38834082771173,36.089066867350908],[-105.39035482753089,36.089283867380949],[-105.3914888279359,36.089462867502718],[-105.39200082829153,36.089595867331028],[-105.39220582882334,36.089881867061287],[-105.39275182895048,36.089953867662679],[-105.39313282863648,36.09014386743781],[-105.393231828816,36.091145867025539],[-105.39250582848427,36.091558867289692],[-105.39132382854787,36.091323867277836],[-105.39103782789769,36.091466867615182],[-105.39063682819115,36.09135586789894],[-105.39035182844462,36.091022867797541],[-105.39008982799251,36.090998867601677],[-105.38992382842753,36.091379867252115],[-105.38940082759278,36.091593867290875],[-105.38890182787222,36.091830867492945],[-105.38854482756264,36.092353867428933],[-105.38873582744986,36.092686867535875],[-105.3894718282877,36.092757868079993],[-105.38966282814769,36.092782867426862],[-105.38900182812719,36.093162867959116],[-105.38873582752744,36.093565867733894],[-105.38859282820026,36.094754867893492],[-105.38710882775987,36.094530868408143],[-105.38707182794343,36.095657868390994],[-105.38689982807867,36.095792868351637],[-105.38646482768617,36.095571868044715],[-105.38647782736332,36.095277868831019],[-105.38640582755271,36.094468868278447],[-105.38621582766368,36.093589868091485],[-105.38578782755638,36.092924867926627],[-105.38497982693733,36.092377867847276],[-105.38417182634338,36.092115868363138],[-105.38326882675149,36.091949867930069],[-105.38267482617982,36.091664868268737],[-105.38236582619942,36.091093867949333],[-105.38217582632302,36.090357868083004],[-105.38155782641883,36.0898578674691],[-105.38098682600953,36.089525868329865],[-105.38095382536729,36.089385868149861],[-105.38065882606848,36.089186867953345],[-105.38019982545535,36.088877868073041],[-105.37910882527477,36.089044867768941],[-105.37844982531563,36.089069868064577],[-105.37855282564479,36.08966786784648],[-105.37865082573958,36.090234867993132],[-105.37880282567292,36.091188868055042],[-105.37891482557053,36.092360868312646],[-105.37908682556913,36.093742868389981],[-105.37892182610069,36.094692869184549],[-105.37870582600817,36.094969868522895],[-105.37794082562338,36.09487986890008],[-105.37794082566434,36.09534386878363],[-105.37863682576193,36.097838869062883],[-105.37882182636528,36.099246869443014],[-105.37861682597419,36.100554869715886],[-105.37852682653188,36.103178869713823],[-105.37851482706409,36.105317870650701],[-105.37789382634905,36.107393870506904],[-105.37922882714487,36.108358871008811],[-105.3794588270171,36.108424870451692],[-105.38044482775715,36.108588870787322],[-105.38155982729025,36.108862870808743],[-105.38274282818475,36.109237871002378],[-105.38403282860898,36.109241871112395],[-105.38625582914536,36.109744870872284],[-105.38740382934215,36.1104008705788],[-105.38825982943003,36.110295870167683],[-105.38891982942275,36.110125870358019],[-105.38997282962541,36.109782870615426],[-105.39095283003266,36.109327870191976],[-105.39221683012339,36.109015870072696],[-105.39287883024359,36.109239870505085],[-105.39289683017888,36.109245869882322],[-105.39319183042205,36.109953870245633],[-105.39191283054606,36.110384870475464],[-105.38964882998528,36.110751870499556],[-105.38898282973133,36.111111871006145],[-105.38884082953481,36.112113870607828],[-105.38869382996008,36.112596870479642],[-105.38908882944894,36.113390871218634],[-105.38945483025047,36.113715870945207],[-105.39124183028773,36.113315871220713],[-105.39189883013925,36.113121871200107],[-105.39254683050866,36.113330870939386],[-105.39359883070672,36.113459870551168],[-105.39354883115676,36.114241870760907],[-105.39391383103353,36.114802870614341],[-105.39521883129613,36.115289870586636],[-105.3967248318462,36.115394870860207],[-105.39673483141362,36.115432870819092],[-105.3971808314266,36.115766870957387],[-105.39840883173187,36.116406870818196],[-105.39945483261758,36.117286871001518],[-105.40107083289769,36.117714870924011],[-105.40154383323772,36.11776887069685],[-105.40185783341533,36.117948870912421],[-105.40192983318776,36.118323871170738],[-105.40166483259951,36.118332870703256],[-105.40111883249756,36.118545870697048],[-105.40057183329704,36.11930687086344],[-105.40080983266218,36.11961587165576],[-105.40152883274162,36.120018871373134],[-105.40168883299523,36.120399871004608],[-105.40237783350638,36.121065871200351],[-105.40261583379602,36.121659871688543],[-105.40309083338563,36.122348871162252],[-105.40411283405015,36.123133871448253],[-105.4049928343622,36.123156871561839],[-105.40546783391811,36.123465871441006],[-105.40527783415509,36.124012871578344],[-105.40468383452898,36.12425087183226],[-105.40463383401139,36.124259871352251],[-105.40430383399978,36.124171871796698],[-105.40423983373665,36.124224871554546],[-105.40382283423828,36.124681872037783],[-105.40367783385064,36.125093872221825],[-105.40362583415185,36.125239871785098],[-105.40384783464133,36.126307871721011],[-105.40345283435551,36.126670872350573],[-105.40336983411325,36.12674687227431],[-105.40266683392699,36.126920872271562],[-105.40253583415462,36.126953872007299],[-105.40226583426517,36.127314872537085],[-105.40184983392275,36.127872872297125],[-105.4017488337508,36.128006872207358],[-105.40140883421451,36.128363872556172],[-105.40091983405507,36.128566872983349],[-105.40042283352514,36.128771872604155],[-105.39939583360487,36.1288528728142],[-105.39830583343857,36.128656872802871],[-105.39749983294487,36.12848087280102],[-105.39743283253677,36.128466873056496],[-105.39659383231188,36.128283872732716],[-105.39583883238394,36.128119872383742],[-105.39577083282792,36.128095873075928],[-105.39298883152719,36.127128872565997],[-105.39196883189271,36.126774872435234],[-105.39057383103439,36.126035872500495],[-105.38942483083217,36.125842872631367],[-105.38849883109312,36.125895873338713],[-105.38738083051388,36.125533872843498],[-105.3856218299149,36.125248873250044],[-105.38459983022959,36.12536787341925],[-105.38455182990275,36.126484872940047],[-105.3855028299709,36.127221873707434],[-105.38551683062241,36.127252873342243],[-105.38563682989196,36.127297873618566],[-105.38640683054319,36.127779873390637],[-105.38688483027647,36.128520873471338],[-105.38743783077831,36.129160873371482],[-105.38835883123335,36.129653873643711],[-105.38899483108015,36.130240873784878],[-105.38947083159927,36.130746873785128],[-105.38967683127218,36.130965874012738],[-105.38960583161321,36.131348873750099],[-105.38943083164803,36.13191887405133],[-105.38929383163408,36.132363873963079],[-105.38975483148428,36.133165874168981],[-105.38960583184502,36.133966874364127],[-105.38967583158296,36.13499887444199],[-105.38929083174989,36.135241874015811],[-105.38883883154593,36.135890874390832],[-105.38827183141166,36.136572874500665],[-105.38778983163715,36.13745987509683],[-105.3875098313116,36.138128874588482],[-105.38740183172565,36.138386874840101],[-105.38677583149851,36.138427874974838],[-105.38566783142103,36.138499874773224],[-105.38390183055186,36.138827874762782],[-105.38427783081933,36.138043875340905],[-105.3851188310021,36.136703874449957],[-105.38529183087999,36.136194874273073],[-105.38447383069017,36.135574874414424],[-105.38329783020106,36.136115874331608],[-105.38269783037605,36.137247874578485],[-105.38255883034176,36.138509875417064],[-105.38218983046761,36.140071875759602],[-105.38111483019294,36.140958875490973],[-105.38025182983164,36.141639875571812],[-105.38039983050029,36.14283087580678],[-105.38006683045798,36.143965876176864],[-105.3799548307524,36.144965876583498],[-105.3804158306705,36.146532876209591],[-105.38153883061135,36.147222876591044],[-105.38311083155615,36.147712876686434],[-105.38323383186211,36.147735876844081],[-105.38327083178021,36.147759876153657],[-105.38330483155924,36.147783876362695],[-105.38332883177381,36.147802876341004],[-105.38335683127451,36.147823876411671],[-105.3833948312402,36.147861876368907],[-105.38343183116008,36.147905876603737],[-105.38345683142269,36.14794487660798],[-105.38347883154606,36.147980876473675],[-105.38349783153048,36.148017876385715],[-105.38351783156132,36.14805587634401],[-105.38353683154567,36.148091876209804],[-105.38355283139116,36.148129876168319],[-105.38357183137596,36.148170876265425],[-105.38358983131459,36.148213876455173],[-105.38360883129947,36.148255876598569],[-105.3836278312841,36.148295876649428],[-105.38365083145439,36.148337876792581],[-105.3836738316248,36.14838187612898],[-105.38368883142498,36.148431876642704],[-105.38370483127134,36.148479876164565],[-105.38372183206317,36.148524876446878],[-105.38374283124119,36.148564876497652],[-105.38375783193898,36.14859487698542],[-105.38378083210831,36.148626876665936],[-105.38380683151665,36.148650876875429],[-105.38378483139444,36.148627876711934],[-105.38380683151655,36.148649876829182],[-105.38383083173152,36.148673877038817],[-105.38386083132551,36.148700876487609],[-105.38389183186449,36.148720876511796],[-105.3839258316433,36.148741876582108],[-105.38395483208944,36.148759876513829],[-105.38398583172919,36.14878087658429],[-105.38401683136905,36.148802876700941],[-105.38404883195484,36.148827876956425],[-105.38408383178061,36.148855876451194],[-105.38412683197789,36.148892876361828],[-105.38416983217571,36.148935876550148],[-105.38420683209519,36.148975876599934],[-105.38424383201431,36.149011876464691],[-105.38428383207251,36.149047876329249],[-105.3843188318987,36.149080876954685],[-105.38435283167819,36.149109876495764],[-105.38438383221826,36.149141877075131],[-105.38441583190554,36.149175876847622],[-105.38445383187103,36.1492118767123],[-105.38449083178998,36.149245876484564],[-105.38452983180143,36.149277877063469],[-105.38457183195185,36.149308876696551],[-105.38461783228767,36.149340876375739],[-105.38466583181716,36.149375877092922],[-105.38471283219947,36.149408876818285],[-105.38475983168247,36.149442876589944],[-105.38480683206471,36.149474876269061],[-105.38485083230692,36.149495876338719],[-105.38488683217803,36.149512877123165],[-105.38492783228166,36.149538876525028],[-105.38496983243125,36.149560876641118],[-105.38501683191339,36.149584876849389],[-105.38505483187728,36.149602876780655],[-105.3850968320267,36.149622876804187],[-105.38511383191587,36.14963087627396],[-105.3851298317589,36.149640876735688],[-105.38516883176982,36.149666877036992],[-105.38519983230937,36.149692876439453],[-105.38521883229285,36.149718876741979],[-105.38519983230893,36.149687877107482],[-105.38517983227977,36.14966887712891],[-105.38519783221579,36.149682876876227],[-105.38521683219908,36.14970687708621],[-105.38523083195105,36.149734876582137],[-105.38524883188811,36.14976087688472],[-105.38527183205682,36.149785877140644],[-105.38529883241068,36.149807876358281],[-105.38532383177308,36.149836876799206],[-105.38534383180293,36.149862877101619],[-105.38536383183296,36.149891876643508],[-105.38538283181668,36.149920877084767],[-105.38540783207921,36.149958877042764],[-105.38543183229544,36.149996877000831],[-105.38545783260533,36.150045876568342],[-105.38547383244993,36.150073876963539],[-105.38548983229462,36.150102876505677],[-105.38552083193682,36.15015087692597],[-105.38554883233834,36.150188876883739],[-105.38558283211842,36.150223876702412],[-105.38562183213068,36.150264876798381],[-105.38566583237461,36.15030587689408],[-105.38570883257184,36.150341876758461],[-105.38574683253734,36.150377876623175],[-105.38578783264144,36.150409877201938],[-105.38582983189313,36.150447877158953],[-105.3858528320615,36.150468876330514],[-105.3858828325542,36.150488876354729],[-105.38593283217598,36.15051987688674],[-105.38598183265073,36.150549876473207],[-105.38603383236493,36.150577876866294],[-105.38606483200424,36.1505938767054],[-105.3860998327285,36.150612876683091],[-105.3861378326926,36.150632876706851],[-105.38650083244458,36.150830876853014],[-105.38651083291059,36.150859876395479],[-105.38652083247806,36.150897876354371],[-105.38652783280666,36.150945876776049],[-105.3865158322551,36.150996876438342],[-105.38648783276027,36.151042876769537],[-105.38646283250317,36.15106587693576],[-105.38643483210662,36.151084876917118],[-105.38637983225843,36.151113876463384],[-105.38632583245543,36.151129877206778],[-105.38628283226208,36.151136876633807],[-105.38623183259817,36.151153876524013],[-105.38619383263834,36.151181876922308],[-105.38615283254018,36.151216876745366],[-105.38611383253486,36.151254876707092],[-105.38606283287288,36.151292876669515],[-105.38605383246042,36.151344877277197],[-105.38606483207464,36.151387876567981],[-105.38608383206022,36.151437877081527],[-105.38611583264716,36.151475877039054],[-105.38614783233328,36.151496877109466],[-105.38617283259488,36.151523876558528],[-105.38617383264598,36.15157787725817],[-105.38613483264108,36.151619876505634],[-105.38609583263583,36.151657877366674],[-105.38607583261029,36.151679876587067],[-105.38605383249242,36.151705876891917],[-105.38603483251367,36.151732877242843],[-105.38602183281279,36.151757876601586],[-105.38600883221294,36.151786877044742],[-105.38597183230112,36.151833876523391],[-105.38593483238867,36.1518728765313],[-105.38593483238867,36.1518728765313],[-105.38591583240981,36.151898876835986],[-105.38588483277604,36.151945877213606],[-105.38586883203931,36.151998876968669],[-105.38586583280399,36.152047877437191],[-105.38587583237261,36.152098877098204],[-105.38588283269971,36.152129876733341],[-105.38588883208138,36.15216287736046],[-105.38588983213036,36.152192876949712],[-105.38588383275632,36.152245876704143],[-105.38588183266789,36.152293877126368],[-105.38588783204909,36.152321876622835],[-105.38589383233166,36.152372877183382],[-105.38590283275229,36.152412877234802],[-105.38595783260801,36.152468877124477],[-105.38597483249902,36.152497876666537],[-105.38599683262223,36.152531877338987],[-105.38602383297689,36.152562876973015],[-105.38604683224663,36.152591877414054],[-105.38606683227711,36.152625877187241],[-105.3860898324469,36.15266287709909],[-105.38611283261613,36.152693876733309],[-105.38613483273916,36.152725877313209],[-105.38616083214829,36.152758877039794],[-105.38619183268847,36.15279187676613],[-105.38622383237637,36.152832876862483],[-105.38624683254669,36.152875877051947],[-105.38627583299441,36.152911876917152],[-105.38630883272729,36.152937877218804],[-105.38634283250678,36.152966876759876],[-105.38637883237936,36.152999877385206],[-105.38642183257573,36.153026876833209],[-105.38646083258595,36.153044876764426],[-105.38649283227163,36.153060877502782],[-105.3865268329495,36.153078877434289],[-105.38656583296009,36.153100877550479],[-105.38660583301653,36.153117877435371],[-105.38664783316445,36.153120876672418],[-105.38667983284728,36.153104876829623],[-105.38669583268693,36.15307687733187],[-105.3867228330363,36.153048876934172],[-105.38676383313656,36.153036877275959],[-105.38712283272173,36.15344387719928],[-105.38766183342494,36.153526877410592],[-105.38781583336888,36.153550876713325],[-105.38793383344112,36.153550876706447],[-105.38807383273473,36.153556876975877],[-105.38831283303195,36.153711876938509],[-105.3883468328083,36.153704877511991],[-105.38838183353027,36.15369787718609],[-105.38841583330645,36.153689876813957],[-105.38845283322172,36.153681877341029],[-105.3884888330908,36.153675877061332],[-105.38855383340434,36.15366887673369],[-105.38860183293018,36.153662877352602],[-105.38865483358656,36.153650876794309],[-105.38868983340942,36.153646877506553],[-105.38872883341767,36.153642877319221],[-105.3887718336119,36.153644877409207],[-105.38882283327818,36.153654876969583],[-105.38887883317615,36.153664877428952],[-105.38893083288922,36.15367987722059],[-105.38898083340895,36.153694877012349],[-105.38902783289036,36.153710876850546],[-105.38907283317873,36.153729876827597],[-105.38911583337439,36.153748876804826],[-105.38916283375563,36.153769876874357],[-105.38920583305206,36.153789876897818],[-105.38924683315534,36.15381187701395],[-105.3892858331661,36.15383587722269],[-105.38931683370504,36.153854877200629],[-105.38934483320558,36.153873877178725],[-105.38937683379119,36.153896877341623],[-105.38941883304217,36.15392687692853],[-105.38946783351753,36.153963876838816],[-105.38952583351023,36.153996877462866],[-105.38958783368811,36.154027877094848],[-105.38963683326286,36.154050877256772],[-105.38967883341228,36.154070877280297],[-105.3897198335153,36.154089877257626],[-105.38976183366454,36.154107877188665],[-105.3898198336568,36.154135876682041],[-105.38986883323129,36.154155876705211],[-105.38990083381655,36.154174876683022],[-105.38993383354942,36.154200876984731],[-105.38996583323609,36.154227877332666],[-105.38999883386811,36.154251876642448],[-105.39002783341529,36.154273876759298],[-105.39006983356578,36.154305877338025],[-105.39010483339128,36.154330876693969],[-105.39013283379154,36.154353876857115],[-105.39016583352405,36.154375876973731],[-105.39019883325678,36.154399877182826],[-105.3902358340742,36.15442387739175],[-105.39027683327771,36.154440877276535],[-105.39031583328786,36.154457877161441],[-105.39035083401124,36.154466876676452],[-105.39040983404983,36.154494877069148],[-105.3904548334388,36.154512876999938],[-105.39049683358813,36.154531876977238],[-105.39052883327389,36.154548876862535],[-105.39057683370207,36.154576877255856],[-105.39060683329529,36.154595877233831],[-105.39064283406627,36.154618877396523],[-105.39067683384553,36.154644876798791],[-105.39071083362475,36.154670877100386],[-105.3907438333578,36.154698877494575],[-105.39077183375895,36.15473187722106],[-105.39079083374286,36.154762876855557],[-105.39080483349493,36.154792877343354],[-105.39081783410002,36.154822876931902],[-105.39082983375938,36.154851877373581],[-105.39084483355792,36.154882877008305],[-105.39086083340308,36.154916876781783],[-105.39087683414772,36.154952877547075],[-105.39089283399268,36.154984877228003],[-105.39090783379092,36.15501287672388],[-105.39092283358912,36.155039877072866],[-105.39093683424016,36.155065877375634],[-105.39095783341895,36.155113876897204],[-105.39098183363551,36.155155877040301],[-105.39098383372998,36.155175877066156],[-105.39138583440823,36.155579876848151],[-105.39193883397525,36.155817877035219],[-105.39232183465111,36.155982877452082],[-105.39232583397309,36.156387877303615],[-105.39232683402393,36.156438876965126],[-105.39192983453898,36.156736877285553],[-105.39191183460539,36.156749876988712],[-105.39180283405814,36.156831877191593],[-105.39178583417512,36.156892877316764],[-105.39156683398706,36.157658877695326],[-105.39142183449563,36.158034878012494],[-105.39132283440328,36.158020877370504],[-105.39116883446,36.158004877538573],[-105.39101383447094,36.157994877984294],[-105.39085783443599,36.157989877762098],[-105.39076983395501,36.157986877628439],[-105.3905668344394,36.157974877984401],[-105.39047683386573,36.157970877804608],[-105.39038683419162,36.157969877763549],[-105.39030883417465,36.157973877953204],[-105.39026783407373,36.157977877241329],[-105.3902308341583,36.157983877521083],[-105.390196834382,36.157990877846899],[-105.39016483379923,36.15799987736586],[-105.39013683430122,36.158009877830153],[-105.39011083399674,36.158021877487542],[-105.3900878338315,36.158035877237253],[-105.39006783380545,36.158051877978657],[-105.39004183350224,36.15807787738445],[-105.3900178341915,36.158109877967014],[-105.3899958340747,36.15814787792776],[-105.38997583405104,36.158190878119683],[-105.38995783412062,36.158239877689752],[-105.38994283432969,36.158294877537266],[-105.38992883368627,36.158354877616055],[-105.38991583398931,36.158423878111144],[-105.38991083376244,36.158478877958061],[-105.38991083376749,36.158535877897243],[-105.38991583400474,36.158597878067425],[-105.38992683362089,36.158662877476736],[-105.38994283436811,36.158727877785147],[-105.38996383354907,36.158800877563984],[-105.39004083443929,36.159025878076676],[-105.3900778343644,36.159128877443933],[-105.39012083366809,36.159230877663916],[-105.39016783405646,36.159331877837346],[-105.39021883373063,36.159430877918048],[-105.39027583368275,36.159528877952106],[-105.39033683382004,36.159624877893428],[-105.39040183414274,36.159720877834516],[-105.39047283384394,36.159814877682699],[-105.39033983397896,36.159848877464832],[-105.39076783407454,36.160377877632556],[-105.39053183397205,36.160850877946174],[-105.39089783480107,36.161484878478802],[-105.39162483435177,36.161883878010478],[-105.39292383522771,36.162278878223084],[-105.39326783498885,36.162366877777735],[-105.39342783521231,36.162406877820402],[-105.39391883549348,36.162531878178946],[-105.39528583587868,36.162423877599132],[-105.39767183582279,36.162339878070185],[-105.39928883611296,36.162356877862997],[-105.39983683632656,36.162357877877255],[-105.40030583647659,36.162358877896189],[-105.40056483678762,36.162359877927315],[-105.40156383720372,36.162218877640818],[-105.40273383746178,36.162208877109876],[-105.40329083719313,36.162209877123637],[-105.40333183729544,36.162221877676423],[-105.40337683758248,36.162225877858852],[-105.40341183740576,36.162225877856791],[-105.40348383714546,36.162230877184633],[-105.40353483771031,36.162232877274207],[-105.40358983756221,36.162245877872436],[-105.40363383780362,36.162257877525683],[-105.40364583746076,36.162261877710108],[-105.40366983767447,36.162271877272026],[-105.40370483749899,36.162285877917682],[-105.40374083736948,36.16229587747889],[-105.40379383712848,36.162305877938465],[-105.40384383764567,36.162292877334103],[-105.4038948373108,36.162289877192322],[-105.40394283773632,36.162287877097029],[-105.40399483744778,36.162284877854489],[-105.40406083780715,36.162271877249211],[-105.40409783772263,36.162266877915016],[-105.40413683773083,36.162261877681445],[-105.40417883787865,36.162263877771487],[-105.404216837842,36.162275877425152],[-105.40424783748121,36.162290877218012],[-105.40431783712937,36.162308877147346],[-105.40438483753621,36.162308877143445],[-105.4044228374979,36.162301877716693],[-105.40447583725603,36.162302877759842],[-105.40451083797934,36.162310877228627],[-105.40454183761869,36.162326877067763],[-105.40457283725861,36.16234987723071],[-105.4046058378897,36.162362877830226],[-105.40467083730675,36.16238787718445],[-105.40470983731574,36.162391877367227],[-105.40475483760243,36.162391877364612],[-105.40479783779691,36.162397877639691],[-105.40483383766687,36.162401877822639],[-105.4048918376577,36.162413877475132],[-105.40493583789886,36.162422877888957],[-105.40496783758222,36.162412877424366],[-105.40499583797906,36.162397877628123],[-105.40502683761504,36.162375877507792],[-105.40504983777952,36.162352877341675],[-105.40508183746277,36.162341877730178],[-105.40511783733142,36.16233087721919],[-105.40513683731042,36.162306877007047],[-105.40514483767824,36.162273877278423],[-105.40517783740758,36.162259877528136],[-105.40520083757202,36.162236877362005],[-105.40522883796831,36.162214877241844],[-105.40525483737274,36.162194877214347],[-105.40596683797364,36.161993877765958],[-105.40733583841237,36.161445877513692],[-105.40763783797958,36.161012877248226],[-105.40832683834786,36.160066876608425],[-105.40861583820366,36.159540876537683],[-105.40862383857299,36.159524876696302],[-105.40835983795311,36.158654876930321],[-105.40814883799203,36.157800877002167],[-105.40811183798765,36.156803876743162],[-105.40849883793693,36.156826875986042],[-105.40904883824592,36.156858876535097],[-105.40966983827508,36.157197875995031],[-105.40992883859853,36.157338876208087],[-105.4105698386919,36.158091876834241],[-105.41060583862424,36.158798876266893],[-105.41083883868146,36.1593818762463],[-105.41201783937395,36.159568876735207],[-105.41244983871459,36.15963687625873],[-105.41302983954965,36.160064876241378],[-105.41322183949293,36.160505876848113],[-105.41396483978681,36.160925876451124],[-105.41418284000741,36.161048876733069],[-105.41504883966576,36.161016877000669],[-105.41591484022349,36.160984876369007],[-105.41642384043394,36.161047876556005],[-105.41663484032149,36.161073876847269],[-105.4170018402743,36.161445876949472],[-105.41701084069457,36.161481876815849],[-105.41715084004159,36.16208987705798],[-105.41703484010971,36.162626876728254],[-105.41691684006985,36.1629908764886],[-105.41684584038185,36.163045877238709],[-105.41660784016017,36.163219877208874],[-105.41654684003564,36.163267876735205],[-105.41649584037422,36.163312877021475],[-105.41644683990656,36.163361876593363],[-105.41640484066248,36.163409877017912],[-105.41637083999048,36.163457876542608],[-105.41634384054231,36.163506877012594],[-105.41627084076926,36.163647877244976],[-105.41625283993871,36.163687877298031],[-105.41623984023872,36.16372287711944],[-105.41623084072414,36.163758876986876],[-105.41622784058798,36.163790876668884],[-105.41622984068324,36.163819877111131],[-105.41623784015694,36.163845877414246],[-105.41624884066843,36.163865877439576],[-105.41626584055879,36.163886876611542],[-105.41628784068075,36.16390687663624],[-105.41631484013513,36.163927876706893],[-105.41637484022108,36.163966876709075],[-105.41652384083788,36.164049876943125],[-105.41655784061655,36.164069876967112],[-105.41659484053415,36.164087876898407],[-105.41663384054418,36.164103876737087],[-105.41667584069324,36.164119876575541],[-105.41672084008184,36.164133877220614],[-105.41676784046231,36.164146876919986],[-105.41687284083341,36.164168877032388],[-105.41697084087956,36.164184876867594],[-105.41708284067491,36.164197876563193],[-105.41719284037737,36.164208877065654],[-105.41745684092199,36.164230877168777],[-105.41758784069859,36.164244876909564],[-105.41771084100409,36.164262876835792],[-105.41776384076304,36.164272877295332],[-105.41781384038318,36.16428487694828],[-105.41786684104197,36.164300876786136],[-105.41791484056985,36.164317876670509],[-105.4179578407655,36.164336876647724],[-105.41799684077606,36.164357876717702],[-105.41803184060132,36.164380876880458],[-105.41806284114088,36.164406877182202],[-105.4180898405958,36.164433876631129],[-105.418112840765,36.164463877118457],[-105.41815584096528,36.164534876803508],[-105.41819484098039,36.164607876581279],[-105.41822584062461,36.164678877166331],[-105.41824884079708,36.164745876667482],[-105.41826284055183,36.164805876744651],[-105.41826884083476,36.164860876590943],[-105.41826784079066,36.16488587684826],[-105.41826484065366,36.164908877013254],[-105.41826084047023,36.164930877131958],[-105.41825384104695,36.16495087715839],[-105.41824484063146,36.164968877092328],[-105.41823284097626,36.164985876980204],[-105.41821884122827,36.165002876868265],[-105.41820184044202,36.165019876756411],[-105.4181588411503,36.165052877386344],[-105.4181048404494,36.165084877071351],[-105.41805384078623,36.165109877331659],[-105.4179938407062,36.165136876785674],[-105.41774684095982,36.165232876744959],[-105.41765184105778,36.165273876848751],[-105.41756684071947,36.165311876813114],[-105.41747584100226,36.16534687753839],[-105.41738084109939,36.165378877225798],[-105.41727984091808,36.165406876728483],[-105.4171728404586,36.16543287703832],[-105.41705984062013,36.165455877209688],[-105.41694084050323,36.16547487719636],[-105.4168138409148,36.16549187709095],[-105.41670284026867,36.165503877652633],[-105.41658484019746,36.165514877269075],[-105.41645884065464,36.165523876793536],[-105.41632284064818,36.16553087712532],[-105.41606484038444,36.165540877603078],[-105.41542784054492,36.165558877573702],[-105.41525484062254,36.165565877008319],[-105.4151008406815,36.165574877433713],[-105.41493584023118,36.165588877191723],[-105.41478484042977,36.16560487704146],[-105.41464684033198,36.165625877121798],[-105.41451883979845,36.165649877340279],[-105.41444584001439,36.165666877231786],[-105.41437684041581,36.165684877169234],[-105.41430984001066,36.165703877152872],[-105.41424683979116,36.165725877275079],[-105.41418683971064,36.165747877397102],[-105.4141298397694,36.165772877657702],[-105.41407483992097,36.165798877065235],[-105.41402384025805,36.165826877464262],[-105.41397383974238,36.165856877056534],[-105.41392784031146,36.165887877594095],[-105.41388384007405,36.165920877324751],[-105.41384283997583,36.165955877147802],[-105.41380484001681,36.165992877063211],[-105.41376884015067,36.166031877071042],[-105.41373484037742,36.16607287717126],[-105.41370483989023,36.166114877317526],[-105.41363484025287,36.166217877590327],[-105.41359384015732,36.166282877902006],[-105.4135628396254,36.166342877082414],[-105.41354183955659,36.166398877875871],[-105.41352483967425,36.166467877471852],[-105.41351584016307,36.166541877298741],[-105.41351284003062,36.166615877125253],[-105.41351884031513,36.166688877804326],[-105.41353083997799,36.166757877398624],[-105.41354983996484,36.166821877660531],[-105.41357684032188,36.166879877644391],[-105.41359184012003,36.166906877993327],[-105.41360884001077,36.166931877350351],[-105.41363684041185,36.16696487797612],[-105.41367084019183,36.16699887774854],[-105.41371084024979,36.167032877520555],[-105.41375783973287,36.167066877292207],[-105.41380984034684,36.16709987791662],[-105.41386884038594,36.167133877687561],[-105.41393483985026,36.167168877504295],[-105.41400684049181,36.167202877274498],[-105.41405083983453,36.167221877251663],[-105.41409784021536,36.167238878035413],[-105.41414683978945,36.167253877827214],[-105.41419884040162,36.167266877526323],[-105.41425284020698,36.167277878032053],[-105.41430984015123,36.167286877545799],[-105.41436984023434,36.167293877866143],[-105.4144328404563,36.167299877240744],[-105.41455184057533,36.167304877465142],[-105.41468684053611,36.167305877503516],[-105.41481684026482,36.167302877357109],[-105.41510084083399,36.16729187773096],[-105.41521784085964,36.167288877585335],[-105.41541484009578,36.167284877388717],[-105.41561084018448,36.167275877860256],[-105.41580784031905,36.167261877201],[-105.41600184031415,36.167242877209958],[-105.41619384021621,36.167219877933292],[-105.41638284087816,36.167191877526172],[-105.41656684040862,36.16715887778728],[-105.4167458406064,36.167121877863693],[-105.41683484113139,36.167099877739979],[-105.41692484080329,36.1670758775237],[-105.41701484047483,36.167047877122307],[-105.41710684113802,36.167015877435091],[-105.41719884090159,36.166980877609063],[-105.41729184071129,36.166942877644175],[-105.41738784065961,36.166900877494079],[-105.41748484065393,36.166854877158862],[-105.41765984066166,36.166765877527624],[-105.41785084051001,36.166659877109012],[-105.41803884111837,36.166549877404719],[-105.41853384064812,36.166253877171165],[-105.41868284125,36.16616887682715],[-105.41881784120413,36.166094876992929],[-105.41897184113887,36.166014876880062],[-105.41911984079645,36.165944877230118],[-105.41926184107611,36.165883877097599],[-105.41940084121735,36.165829877289113],[-105.41949884125914,36.165796876655961],[-105.419609841004,36.165762876875093],[-105.42000184117315,36.165652877158955],[-105.42015584111091,36.165606876820398],[-105.42023484117213,36.165579877365289],[-105.42030884100173,36.165553877057398],[-105.42037684145249,36.165526876703552],[-105.42044084171783,36.165498877203063],[-105.42057384158032,36.165436877024774],[-105.42069784102574,36.165374876847068],[-105.42081384189909,36.165312876669809],[-105.42092184150235,36.165249877346056],[-105.42102284168048,36.165186877123439],[-105.42111684153417,36.165122876854944],[-105.4212028419164,36.165057876540644],[-105.42128284202057,36.164992877126032],[-105.42132384121913,36.16495487716417],[-105.42136384127051,36.16491387706359],[-105.42140284127514,36.16486887677803],[-105.42144284132564,36.164818877160421],[-105.42151884124073,36.164711876702157],[-105.42166184155241,36.164489877214812],[-105.42172484176574,36.164397876551988],[-105.4217618416773,36.164348876980803],[-105.42179684149667,36.164304876741717],[-105.42183284136263,36.164263876641364],[-105.42186884122886,36.164225876679872],[-105.42193184144521,36.164167876690769],[-105.42200684131799,36.16410687656218],[-105.42208184209053,36.164049876618606],[-105.4222658416122,36.163917876796091],[-105.42235484213305,36.163848876296591],[-105.42239684137826,36.163813876473483],[-105.42243384129131,36.163780876743218],[-105.42246684191818,36.16374687696689],[-105.42249684150681,36.163713876337731],[-105.42256484195279,36.163632876183549],[-105.42263084140635,36.163546876697474],[-105.42269284157373,36.163459876266053],[-105.42275084155588,36.163373876780462],[-105.42280384220568,36.16328887644211],[-105.42284984163206,36.163205876196677],[-105.42288984167989,36.163125876090454],[-105.42292384145009,36.163049876169566],[-105.4229498417493,36.162978876480508],[-105.42296984177084,36.162911876077523],[-105.42298384151458,36.162847876713002],[-105.42298984178748,36.16278987672721],[-105.4229898417826,36.162734876880606],[-105.42298384150011,36.162684876366342],[-105.42297084179302,36.162639876083809],[-105.42295084176189,36.162598875986738],[-105.42293484191781,36.162576876768469],[-105.4229158419348,36.162555876697368],[-105.42289284176643,36.162534876626424],[-105.42286684145915,36.162514876601961],[-105.42283584181951,36.16249587662405],[-105.42280184204104,36.16247787669262],[-105.42276384207713,36.162459876761353],[-105.42272084188167,36.162442875977376],[-105.42264384190844,36.162416876577623],[-105.42255184123999,36.162389876233107],[-105.42243784135057,36.16236087669671],[-105.42233584201773,36.16233787653789],[-105.42175284102733,36.161725876136536],[-105.42165984120804,36.161654876454428],[-105.42127284123485,36.161362876457396],[-105.42084584120056,36.161001875968331],[-105.42076084085247,36.160928876193182],[-105.42043384095115,36.160517876083027],[-105.42003584043879,36.159893876014955],[-105.41939684045765,36.159360876573871],[-105.41901684080831,36.159062876298798],[-105.41888484004296,36.158562875656862],[-105.41891484050834,36.158275875866785],[-105.41892684015474,36.158158875848997],[-105.41900584020294,36.157985875934372],[-105.41913684085215,36.15769887613839],[-105.4191598401149,36.157648875622456],[-105.41931484006641,36.157235875391592],[-105.41924584044031,36.15694387537593],[-105.41921784003144,36.156823876120995],[-105.41871684010222,36.155751876016531],[-105.41853184043971,36.154818875129855],[-105.41851883977913,36.154163875403739],[-105.41864184002408,36.15349887520707],[-105.41860584011265,36.153027875001925],[-105.41801283958115,36.152673874846364],[-105.41700883980619,36.152515875688913],[-105.41622383938669,36.152343874971663],[-105.4161748388905,36.15207187498082],[-105.41616183914545,36.151598875581122],[-105.41610283906775,36.151129875469813],[-105.41607183939128,36.150694875131265],[-105.41604483898794,36.150114875278582],[-105.41599483933372,36.149717874900581],[-105.41641883917283,36.149446874928444],[-105.41711083883568,36.149118875001477],[-105.41762483924754,36.148840874700241],[-105.41828083902436,36.148327874310219],[-105.4183168397924,36.148317874744791],[-105.41842183925357,36.148220874747537],[-105.41853383904679,36.148209874232116],[-105.41860583967909,36.14813987458659],[-105.41875483938199,36.148057874381394],[-105.41887383948929,36.147930874794042],[-105.41905883996122,36.147850874679278],[-105.41914083924961,36.147682874096496],[-105.41923583915288,36.14765487459416],[-105.41925583917414,36.147584874052413],[-105.41935983948609,36.147462874697226],[-105.41951583951274,36.147373874167776],[-105.41960883932383,36.147351874043807],[-105.41965983988406,36.147301874425551],[-105.41975883997259,36.147272873977414],[-105.41994183945221,36.147188874577068],[-105.41999284001248,36.147138874059422],[-105.42010583985223,36.147129874535807],[-105.42012483984071,36.147212873878082],[-105.42021183938049,36.147266874572715],[-105.42032384007813,36.147313874042709],[-105.42041183966269,36.147349873904474],[-105.42047283979525,36.147392874091679],[-105.42063884030348,36.147508874052839],[-105.42071284013998,36.147560874655667],[-105.42081783961099,36.147574874397968],[-105.42087983978981,36.147615874492551],[-105.42099283962952,36.147606874069616],[-105.42108983963092,36.147640873838299],[-105.42131284007475,36.147668874221431],[-105.42153584051617,36.147669874254674],[-105.4217498405457,36.147728874273859],[-105.42186384043174,36.147719873850853],[-105.4220918402154,36.147831874522616],[-105.42219684058442,36.147830874470266],[-105.42221784065899,36.147838873939804],[-105.42229284053985,36.147868874424105],[-105.42285984073047,36.147823874107736],[-105.42307584084256,36.147768874248491],[-105.42309484082247,36.147754874498972],[-105.42310384034033,36.147756874590975],[-105.42319884024857,36.147784874082248],[-105.42374484039095,36.148028874547251],[-105.42454784074435,36.148190873901548],[-105.42538984108809,36.148146874514694],[-105.42546784110505,36.148142874325117],[-105.42550884120614,36.148140874230151],[-105.42552884123074,36.148107874500887],[-105.42577284081045,36.147700873643103],[-105.42582584145997,36.147611874018978],[-105.42577784101708,36.147417874039533],[-105.42569084055145,36.147064873900703],[-105.42574784139273,36.147048874056438],[-105.42638284112488,36.146864873600499],[-105.42658884078286,36.146914874103118],[-105.4268748414628,36.147107874022439],[-105.42713484093632,36.14728287400979],[-105.42718584150096,36.147282874006827],[-105.4280008414965,36.147279873820466],[-105.42819084130419,36.147237873664892],[-105.42873084203545,36.147115873384948],[-105.42878284173059,36.146928873723503],[-105.4289368416228,36.146369873932542],[-105.42910684137385,36.145998873845294],[-105.429405841727,36.145854873460884],[-105.43042084199638,36.145840873653306],[-105.43074584173915,36.145509873608972],[-105.4309148423184,36.144859873204297],[-105.43061984209403,36.14436587284942],[-105.43042684208973,36.143757873509671],[-105.43053384161806,36.14337287277835],[-105.43060784142611,36.143103872919191],[-105.43062184207024,36.143051873210545],[-105.43028084150383,36.142455872635942],[-105.42980084168691,36.141816872777987],[-105.42957884128153,36.141698872727552],[-105.42958284146616,36.141690873256515],[-105.42958784169667,36.141677872654789],[-105.42958684164999,36.141673872469752],[-105.42958784169613,36.141671873276501],[-105.42958384150947,36.141656872582729],[-105.42957984132298,36.141643872880856],[-105.42953684112581,36.141607873016447],[-105.42949784111562,36.141590873131548],[-105.42947084166062,36.141562872737012],[-105.42944984158478,36.141539872573446],[-105.42942184118488,36.141520872595372],[-105.42941484175938,36.141515873263742],[-105.42941084157385,36.141513873171476],[-105.42938384122054,36.141497872432794],[-105.42934784134874,36.1414728730769],[-105.42930784129166,36.141448872868217],[-105.42927084137436,36.141433873075698],[-105.42922584108699,36.141425872708226],[-105.42917884160653,36.141420872479607],[-105.42914284083588,36.141401872501987],[-105.42910884105706,36.141379873284755],[-105.42906484081448,36.141354873030039],[-105.4290168412858,36.141328872729218],[-105.42896684076561,36.141307872659915],[-105.42893584112609,36.141289872728237],[-105.42890684157909,36.141269872703973],[-105.42887084080805,36.14124587249502],[-105.42883884112132,36.141217873000116],[-105.42880484134255,36.141196872929861],[-105.42878884149776,36.141166872442113],[-105.42876984151397,36.141136872853934],[-105.42874884143754,36.141107872412775],[-105.4287258412682,36.141075872732266],[-105.42870184105308,36.141049872430088],[-105.42866684122724,36.141020872889079],[-105.42862384103056,36.140990872402973],[-105.42858484101902,36.140957872677092],[-105.42856184085066,36.14093687260619],[-105.42852984116402,36.140909873157575],[-105.42849984067075,36.140882872809435],[-105.4284698410769,36.140856872507605],[-105.42844284072225,36.140825872873563],[-105.42841984145215,36.140792873146815],[-105.42839984142238,36.140766872844424],[-105.42836784083624,36.140737872403918],[-105.42835184099216,36.140715873185641],[-105.42834884085279,36.140711873000761],[-105.42833984133424,36.140702872584889],[-105.42832384059146,36.140687872791212],[-105.4283108408865,36.140666872719684],[-105.42830084132092,36.14064987283308],[-105.42827384096641,36.140619873245363],[-105.42824684061337,36.140606872645485],[-105.42823384090964,36.140599873221646],[-105.42822184125204,36.140589872759726],[-105.42819684099133,36.140572872874003],[-105.42816984063762,36.140551872803286],[-105.42816884059116,36.14055087275711],[-105.42816584135119,36.140547872618484],[-105.4281358408581,36.140522872362915],[-105.4281158408278,36.140490872682278],[-105.42808984051935,36.140457872955629],[-105.42806384111057,36.140428872514775],[-105.42804784126598,36.140400873018969],[-105.42802784123629,36.140375872762803],[-105.42804284102955,36.140347872365808],[-105.42808084099018,36.140328872383876],[-105.42808584122163,36.140325873144086],[-105.42808784131427,36.140325873143972],[-105.42811384071958,36.140315872679807],[-105.42814784049565,36.140305873114499],[-105.42819384082608,36.140276872669446],[-105.4281958409186,36.140274872576832],[-105.42821484089851,36.140260872827291],[-105.42821484089194,36.140186873000943],[-105.42837184097178,36.140175872482899],[-105.42840284060988,36.140177872573581],[-105.42844884094181,36.140165872915063],[-105.42846284069105,36.140163872821716],[-105.42847184110769,36.140158872589879],[-105.42851884058739,36.140154872402036],[-105.42855884064267,36.140158872584813],[-105.42857084119842,36.140154872399009],[-105.42859184127089,36.140139872603157],[-105.42863084127832,36.140125872852458],[-105.42864784116648,36.140122872712652],[-105.4286688412395,36.140113872295089],[-105.42873784083892,36.14010487277401],[-105.42879084149699,36.140112873141007],[-105.42883084065312,36.140117872470704],[-105.42887084070743,36.140110873043838],[-105.42891084076157,36.140101872625095],[-105.42896584151057,36.140089872966016],[-105.42897184088923,36.140088872919428],[-105.42900984085037,36.140075872315762],[-105.42905484113544,36.140057872379664],[-105.42909384114246,36.14003987244395],[-105.42912784091747,36.140017872323462],[-105.42915484126746,36.13999687224959],[-105.42916984106068,36.139967872705668],[-105.42918684094681,36.139941872401096],[-105.42921484134335,36.139922872419753],[-105.42921584138959,36.139921872373428],[-105.42925284130418,36.13990687257661],[-105.42926784109929,36.139898872205613],[-105.42930384096674,36.139874872891831],[-105.42933184136301,36.139852872771677],[-105.42935984085989,36.139829872605254],[-105.42936284099864,36.139826872466301],[-105.42942284107795,36.139791872642157],[-105.42945784090016,36.139779872984214],[-105.42951784098095,36.139760873000974],[-105.42957584096894,36.139740872971629],[-105.42958484138542,36.139734872693516],[-105.42960084122613,36.139718872851653],[-105.42962884162169,36.139688872361411],[-105.42963884118275,36.139654872586412],[-105.42964784159726,36.139625872143526],[-105.42966384143601,36.139587872183135],[-105.42967484104253,36.139543872844826],[-105.42968884078853,36.139504872838302],[-105.42970484152758,36.139477872487483],[-105.42971484108811,36.139437872434954],[-105.42973884129863,36.13941187212999],[-105.42977084098058,36.139385872723857],[-105.42979384114484,36.139360872465197],[-105.42982284158745,36.139338872344972],[-105.42985984149971,36.139296872198322],[-105.42988884104085,36.139250872766397],[-105.42990984111189,36.139219872230257],[-105.42992884108986,36.139183872362253],[-105.42994084164266,36.139146872448386],[-105.42997384137148,36.139126872420491],[-105.43001984080293,36.139101872160502],[-105.43004984129234,36.139084872271553],[-105.43010484114079,36.139058872864062],[-105.43015584170489,36.139051872537244],[-105.43020584132258,36.139036872739695],[-105.43024984156062,36.139010872433559],[-105.43030184127136,36.138999872820897],[-105.43035284093463,36.138975872606885],[-105.4303938410327,36.138939872737595],[-105.43040584158641,36.138912872387031],[-105.43041584114719,36.138875872473292],[-105.43041584114596,36.13886187272486],[-105.43039784120897,36.138836872468644],[-105.43039484106615,36.138793872278001],[-105.43037984126688,36.138754872273196],[-105.43036284137497,36.138715872268484],[-105.43034484143679,36.138677872310069],[-105.4303138408972,36.138650871962064],[-105.43026084113689,36.138625872607136],[-105.4302308415441,36.138611871961203],[-105.43020184109814,36.138595872121954],[-105.43017684083691,36.138572871958644],[-105.43015484161232,36.138530872714739],[-105.43015484161224,36.138529872668443],[-105.43013084139579,36.138488872571649],[-105.43009684161592,36.138455871946157],[-105.43008684114879,36.138413872701555],[-105.43008484105279,36.138375872742287],[-105.4300738414378,36.138324872182018],[-105.43007484148164,36.138296872685153],[-105.43007784161927,36.138280871944723],[-105.43008484104189,36.138252872447516],[-105.43009284140875,36.13820987225629],[-105.43008984126718,36.138180872713434],[-105.43006984123863,36.138168872159397],[-105.43006084082103,36.138162872781706],[-105.4300498412085,36.138138872571268],[-105.4300158414281,36.138099872567544],[-105.42998584093493,36.138073872265728],[-105.42997384127683,36.138058872471738],[-105.42995184115462,36.138035872308244],[-105.42991884142182,36.138010872052838],[-105.42989284111481,36.137993872167186],[-105.42987384113161,36.137970872003535],[-105.42984484068521,36.137949871932946],[-105.42983484112061,36.137943872555276],[-105.42980584067463,36.137927872716062],[-105.42979984129556,36.137923872531317],[-105.429771840896,36.137908872738308],[-105.42974684063464,36.13788387248244],[-105.42974384139433,36.13787687215877],[-105.42972784065182,36.137864872503833],[-105.42970984071469,36.137838872201314],[-105.42967684098029,36.137795872012482],[-105.4296448412917,36.137746872445319],[-105.42963384078067,36.137731872651273],[-105.42962484126184,36.137719872096611],[-105.42961784093694,36.137713872718734],[-105.4296078413718,36.137701872164172],[-105.42958584124969,36.137679872046938],[-105.42958284111032,36.137675871862065],[-105.42955984094185,36.137653872644194],[-105.42954184100455,36.137625872249124],[-105.42949384057566,36.137589872385014],[-105.42943784067523,36.137551872428823],[-105.42940584098939,36.137533872497279],[-105.42936584093232,36.137509872288518],[-105.42936184074674,36.13750787219621],[-105.4292898410033,36.137459872677688],[-105.42927284111387,36.137448872169713],[-105.42920684074944,36.137404871936504],[-105.42922084049796,36.137393872326122],[-105.42918084133997,36.137367872024882],[-105.42916584064344,36.13735187218483],[-105.4291448405677,36.137329872067525],[-105.42912584058486,36.137310872088911],[-105.4291178411127,36.137301872572344],[-105.42910484050833,36.137279872454592],[-105.42908784061726,36.13725087201319],[-105.42907584095822,36.13722487260965],[-105.42906584049398,36.137215872193828],[-105.42906284124759,36.137139872275093],[-105.4290238412399,36.137150871887016],[-105.42900784049606,36.137123872437371],[-105.42899384074602,36.137116872114362],[-105.42896284110689,36.137102872367777],[-105.42893284061421,36.137082872343562],[-105.42891384063014,36.137049872616522],[-105.4289008409234,36.137008872519061],[-105.4288978407827,36.136989872539523],[-105.42889084045734,36.136978872030966],[-105.42889284054854,36.136961872143694],[-105.42889284054827,36.13695887200489],[-105.42887984084074,36.136908872390379],[-105.42888084088254,36.136857871829413],[-105.42888284097286,36.136830872378731],[-105.42886584108091,36.136791872374012],[-105.42886184089492,36.13678487205042],[-105.42883284044738,36.136750872277744],[-105.42880084076029,36.136718872597761],[-105.42876284079459,36.136679872594279],[-105.42872984106141,36.13665087215383],[-105.42870584084476,36.136607871964415],[-105.42869584037747,36.136563871728008],[-105.42867684039243,36.136519872391389],[-105.42864084051999,36.136487871812307],[-105.42859984041566,36.136453872040356],[-105.42858284052305,36.136406872564827],[-105.42856984081614,36.136363872374829],[-105.42855184087786,36.136324872370167],[-105.42853184084737,36.136290871697618],[-105.42849684102117,36.136257871971551],[-105.4284588410563,36.136228872430699],[-105.42843684093364,36.136200872035872],[-105.42842584042288,36.136188872380622],[-105.42840884053345,36.136177871872718],[-105.42839584082928,36.136165872217624],[-105.42836484029054,36.136148872332221],[-105.42832084094836,36.136135871733352],[-105.42828684026976,36.136108872284829],[-105.42824084083387,36.136083872030184],[-105.42819684059113,36.136056871682889],[-105.42815684053433,36.136035872512295],[-105.42810784095919,36.136008872165341],[-105.428070840142,36.135986872048967],[-105.42801584028948,36.135966872026216],[-105.42797884037164,36.135945871956089],[-105.42793684022151,36.135917872461725],[-105.42789084078686,36.135906871955498],[-105.42783884017628,36.135911872189844],[-105.42779484083418,36.135899872536577],[-105.42774984054688,36.135892872215351],[-105.42769684078716,36.135873872238712],[-105.42766384015675,36.13586787196305],[-105.42762184000784,36.135853872217062],[-105.42759384050861,36.135849872033646],[-105.4275808408054,36.135848871988145],[-105.42757284043485,36.135850872081178],[-105.42753684056595,36.135858872453376],[-105.42750384083664,36.13587287220367],[-105.42744683999405,36.135874872299539],[-105.4274098400774,36.13586687193154],[-105.42737884043744,36.135843871768571],[-105.42735884040793,36.13582087250429],[-105.4273158402121,36.135799872434582],[-105.4272558401284,36.13578587179034],[-105.42719984023088,36.135780872461609],[-105.42715184070451,36.135780872464416],[-105.4270908405757,36.135780872467954],[-105.42704284014968,36.135776872285724],[-105.42699284053022,36.135771872057283],[-105.42694484010468,36.135773872152626],[-105.4269048400497,36.135773872154971],[-105.42686283990071,36.135758872362743],[-105.42683084021461,36.135737872292331],[-105.42679084015771,36.135715872176185],[-105.42676683994368,36.135702872475441],[-105.42676084056475,36.135699872337014],[-105.42675784042555,36.135697872244627],[-105.42674184058264,36.135688871829167],[-105.42670084047909,36.135663872473593],[-105.42665784028281,36.135637872172481],[-105.42660184038321,36.135609871779678],[-105.42656883975165,36.135590871801867],[-105.42654384038973,36.135567872537884],[-105.42651483994349,36.135548872559845],[-105.42647383983815,36.135502872232671],[-105.42645884003997,36.135475871883671],[-105.4264358398709,36.135446872341959],[-105.42642184012001,36.135430872501843],[-105.4263938397205,36.135415871809542],[-105.42635983994258,36.135404872201896],[-105.42630183995158,36.13539087245691],[-105.42625084028457,36.135372872526389],[-105.426222839885,36.135356871787778],[-105.4261738403108,36.135339871903454],[-105.42611284018093,36.135327872251132],[-105.42607984044967,36.135320871929196],[-105.4260158401807,36.135306872184579],[-105.42598084035599,36.135290872345685],[-105.42592384040989,36.135260871860382],[-105.42586484037115,36.135230872274448],[-105.42583683997159,36.135215872481467],[-105.42580484028565,36.13519687250362],[-105.42578384020983,36.135173872340062],[-105.42575383971678,36.135149872130739],[-105.42572884035474,36.135124871874858],[-105.42569783981554,36.135102871758193],[-105.42567283955404,36.135076872355334],[-105.4256538395705,36.13504987200664],[-105.42561783969799,36.135016872280637],[-105.42559283943712,36.134997872302364],[-105.42555683956566,36.134976872232187],[-105.42552483987971,36.134957872254375],[-105.42545983956292,36.134927871769492],[-105.42542083955216,36.134903872460058],[-105.42539883942908,36.134870871833918],[-105.4253788393992,36.134843872384522],[-105.42534983985193,36.134820872221432],[-105.42531383998066,36.134801872243798],[-105.42531383998048,36.134799872151305],[-105.42531183988719,36.134792871827536],[-105.42531684011819,36.134784872356455],[-105.4253428395219,36.134756871958814],[-105.42536083945403,36.134726872368475],[-105.42536183950021,36.134724872275861],[-105.42537784023857,36.13468987245426],[-105.42537784023635,36.134664872196993],[-105.42538583970595,36.134644872170554],[-105.4253928400275,36.134612872488283],[-105.42539484011957,36.134605872164272],[-105.42539484011938,36.134603872071786],[-105.42539983944958,36.134578871814163],[-105.4253838396032,36.134530872292316],[-105.42535784019283,36.134483871918022],[-105.42534183944892,36.134455872422159],[-105.42531884017946,36.13443087216617],[-105.42527483993503,36.134383871792949],[-105.42524883962702,36.134355872297654],[-105.42523884006206,36.134345871835592],[-105.42523083969192,36.134352872159894],[-105.42521383980144,36.134329871996123],[-105.42521283975502,36.134328871949876],[-105.42518383930704,36.134289871945846],[-105.42518583939578,36.134245871708742],[-105.42518383930259,36.134239872330575],[-105.42517483978263,36.134214872073784],[-105.42516783945534,36.134181872346083],[-105.42515683984169,36.134145871580508],[-105.42512783939495,36.134120872224202],[-105.42508484009878,36.134103872339516],[-105.42503983981069,36.134087871601899],[-105.42500283989304,36.134068871624329],[-105.42496383988291,36.134051871739423],[-105.42492583991854,36.13402787242989],[-105.42489283928647,36.134003872220795],[-105.42486984001751,36.133983872196147],[-105.42483483929394,36.133972871689245],[-105.42477983944205,36.133959871990307],[-105.42471683921912,36.133942872106815],[-105.42465883922722,36.133918871899112],[-105.42462483944892,36.133903872106472],[-105.42457883911355,36.133876871759277],[-105.42455083961298,36.133857871781188],[-105.42451783988,36.133830872332602],[-105.42446983945263,36.133811872355672],[-105.42442883935095,36.133807872173023],[-105.42437283945175,36.1337838719652],[-105.42431783959871,36.133757871664827],[-105.42426683903319,36.133748872150768],[-105.42423583939444,36.133738871689943],[-105.4241908391044,36.133700871733119],[-105.42416683978854,36.133674872330261],[-105.42411483917537,36.133650872122224],[-105.42408483958259,36.133636872375583],[-105.42404883971113,36.133615872305391],[-105.42401583907977,36.133599871567071],[-105.4239838393942,36.133584871774332],[-105.42394483938308,36.133556872279783],[-105.42391583893668,36.133535872209251],[-105.42388383924968,36.133504871676195],[-105.42386283917341,36.133476872180609],[-105.42386083908055,36.133474872088236],[-105.42382483920836,36.133445871647957],[-105.4237858391986,36.133432871948102],[-105.4237428390048,36.133434872043104],[-105.42370583908919,36.133438872230315],[-105.42369383943249,36.1334398722773],[-105.42366483898822,36.13344287241781],[-105.42363283930509,36.13345487207549],[-105.42359883952848,36.133458872262572],[-105.42356883903905,36.133474872105253],[-105.42357583936607,36.133504871694143],[-105.42357483932248,36.133535872229118],[-105.42356283966819,36.133563871726572],[-105.42356183962197,36.133564871772947],[-105.42353883945735,36.133586871892753],[-105.42349583926401,36.133593872219173],[-105.42345883934819,36.133594872267572],[-105.42339883926589,36.133596872363562],[-105.42335783916633,36.133616872391976],[-105.4233058394547,36.133617872441263],[-105.42325983912232,36.13362487186847],[-105.42320883945675,36.133622871778947],[-105.42316083903211,36.133634872336884],[-105.42313683882161,36.133660871742542],[-105.42310383909398,36.133694872418189],[-105.42307183941359,36.133737871711489],[-105.42304083887963,36.133774872525812],[-105.42302483904079,36.133811872439914],[-105.42300083883136,36.133850872446999],[-105.42297983876041,36.133882872130073],[-105.42294683903222,36.133909872481873],[-105.42290083959971,36.133922872186709],[-105.42283783937813,36.13392187214405],[-105.4227938391368,36.133910872537058],[-105.42278183947955,36.133904872260146],[-105.42277583920149,36.133904872260509],[-105.42272683872771,36.133884872237381],[-105.42269183890188,36.13385587179706],[-105.42267583905814,36.133837871864507],[-105.42265083879788,36.133825872210139],[-105.42260683945571,36.133812872510518],[-105.42258583938015,36.133792872485763],[-105.42257183873099,36.133788872301551],[-105.42254083909083,36.133762871999771],[-105.42254283918001,36.133723871993958],[-105.42253983903751,36.133683871942118],[-105.42254583931143,36.133637872511535],[-105.42253283870704,36.133615872393776],[-105.42252283914226,36.133607872024257],[-105.42248183904091,36.133606871980412],[-105.42243583870582,36.133583871818239],[-105.4224298393263,36.133574872301566],[-105.42241883881515,36.1335588724613],[-105.42241283943545,36.133547871952686],[-105.42240583910984,36.133533872204708],[-105.42239683868966,36.133498872384578],[-105.42237283937351,36.133468871897364],[-105.42235383939229,36.133467871852162],[-105.42233783865039,36.133462872521136],[-105.42228583893822,36.133457872292801],[-105.42224683892969,36.133458872341386],[-105.42220483878205,36.13345887234383],[-105.42215083897743,36.13345687225442],[-105.42210183940468,36.133455872211044],[-105.42208083933082,36.133455872212267],[-105.42205683912003,36.133478872378426],[-105.42197383887107,36.133478872383272],[-105.42191383879009,36.13349587227394],[-105.42185283866282,36.13351287216468],[-105.42182983849686,36.133518872443609],[-105.42178483911046,36.133529872055867],[-105.42160083867969,36.133551872185116],[-105.42112483910279,36.133528872048039],[-105.42090283870868,36.13353887252368],[-105.42070983877079,36.133680871910045],[-105.42056183821441,36.133756871837527],[-105.42041183845966,36.133775871825996],[-105.42021383827846,36.133786872346434],[-105.42002983874869,36.133827872455399],[-105.4199068384508,36.13389587201133],[-105.41972283802129,36.133931871888969],[-105.41949983848069,36.133947872642196],[-105.41926583843617,36.134029871953025],[-105.41912283811374,36.134130872137547],[-105.41909383857859,36.134244872017547],[-105.4190598379142,36.134378872823191],[-105.4190168386309,36.134506872452427],[-105.41883683838593,36.134533872812753],[-105.41863883820609,36.134559872228557],[-105.41844083802532,36.134575872081015],[-105.41833883779712,36.134596872159243],[-105.41817583833611,36.134580872327817],[-105.41798883776154,36.134548872656858],[-105.41794383836762,36.134474872833117],[-105.41791483791148,36.13434387216995],[-105.41789183774279,36.134318872813296],[-105.41784183811808,36.134254872553221],[-105.41779883791237,36.134122872743959],[-105.41770283794719,36.133974872197498],[-105.41760183775291,36.133855872093747],[-105.41748883790558,36.13377887213516],[-105.4173008381879,36.133790872701312],[-105.41692783799175,36.133809872702791],[-105.4168428376225,36.133497872662069],[-105.41679983741474,36.133342872688019],[-105.41675783815261,36.133186872667586],[-105.41720983746845,36.132664871873047],[-105.41778583809784,36.132864872099347],[-105.41778783819186,36.132879871893905],[-105.41776883822223,36.133009872513568],[-105.41781283757358,36.133126872528173],[-105.41805583804711,36.13317987226808],[-105.41817183802578,36.133169872698005],[-105.41831883763814,36.133112871850919],[-105.41838383794693,36.133051872622239],[-105.41845083834805,36.132987872355358],[-105.41924483824279,36.132679872448435],[-105.42016083841959,36.132648871860113],[-105.42046583817402,36.13275987248123],[-105.42063183864664,36.132473871830143],[-105.42087983841587,36.132112872200985],[-105.42155483910574,36.131967871748394],[-105.42136183820894,36.131436871474442],[-105.42077483887246,36.131281871532039],[-105.42070283816902,36.130548871797913],[-105.42091683813014,36.129835871173789],[-105.42170983890333,36.129815872000911],[-105.42179683840502,36.129439871687147],[-105.42224783860679,36.129289871016319],[-105.42312283862967,36.128664871727047],[-105.42312883890604,36.128645871746969],[-105.42307483907558,36.128351871637932],[-105.4230898388665,36.128296870891077],[-105.42315183902214,36.128076871500959],[-105.42310683872637,36.127973871234843],[-105.42305983833722,36.127862871498024],[-105.4229938388623,36.127707871525303],[-105.42295583889944,36.127700871203665],[-105.42291483879855,36.127705871437357],[-105.42287383869758,36.127709871624859],[-105.42284483825507,36.12773287089199],[-105.42281083847898,36.127741871310384],[-105.42277283851712,36.127746871543877],[-105.42274083883464,36.127766871571737],[-105.42270583900941,36.127744871455285],[-105.42266183876916,36.127745871504111],[-105.42262683894498,36.127734870997187],[-105.42260383878063,36.127759871255861],[-105.42260983816202,36.127789870844815],[-105.42262283876701,36.127818871286493],[-105.42260083864923,36.127845871637611],[-105.42259783851318,36.12787887136588],[-105.42259283828402,36.127907870909233],[-105.42258983814747,36.127935871305517],[-105.42258783895693,36.12796787098749],[-105.4225948383846,36.12799687142946],[-105.42259483838717,36.128025870972529],[-105.42258983815837,36.128058871600224],[-105.42258683892142,36.128089871236014],[-105.42257183822893,36.12811987082619],[-105.42254483877828,36.12814087089999],[-105.42254083859453,36.128158870833687],[-105.42253783845665,36.128171871435313],[-105.42252683884874,36.128199870932768],[-105.42252683885148,36.12823087146765],[-105.42252683885448,36.128264871242052],[-105.42249083898386,36.128253871634527],[-105.42245583826205,36.128262871153645],[-105.42241483816196,36.128275870858154],[-105.42238083838579,36.128284871276534],[-105.42234283842376,36.128287871417541],[-105.42230083827488,36.128273871671617],[-105.42228683852235,36.128238870952451],[-105.42227683895483,36.128199870947334],[-105.42226783853511,36.128169871358502],[-105.42222883852629,36.128167871268268],[-105.422191838611,36.128174871594268],[-105.42215783883343,36.128167871272417],[-105.42213383861858,36.128144871109022],[-105.42213183852303,36.128112871427312],[-105.42211083844705,36.128088871217457],[-105.42206783825274,36.128084871034893],[-105.4220508383619,36.128057871585384],[-105.42204883826655,36.128027871096826],[-105.42204583812477,36.127996871461455],[-105.42203383846513,36.12796387083467],[-105.42204983830504,36.127938871475777],[-105.42205583858276,36.127935871336639],[-105.4220828380342,36.12792287163294],[-105.42207283846756,36.127893871191148],[-105.42206483809414,36.127863871602244],[-105.42206083880511,36.127829870928807],[-105.42206683818128,36.127800871385404],[-105.42209183843869,36.127780871357977],[-105.42212583821409,36.127763871468751],[-105.42215083847107,36.127738871210049],[-105.42217783882104,36.127717871136177],[-105.42218883842885,36.127687871546243],[-105.42220083808319,36.127660871195644],[-105.42219283860942,36.127633870846296],[-105.42217083848642,36.127601871165723],[-105.42215283855111,36.127595870889174],[-105.42213483861576,36.12758987151193],[-105.42211983881774,36.127564871255558],[-105.42214283808315,36.127544871228245],[-105.42215283854412,36.127516870831521],[-105.4221758387085,36.127492871518427],[-105.42220183811301,36.127473871537248],[-105.42221483871305,36.127446871186599],[-105.42222583832078,36.127416871596658],[-105.4222588380502,36.127403870993291],[-105.42228983858621,36.127389871243054],[-105.42231483884585,36.127394871472951],[-105.42232783854912,36.127396871564756],[-105.42236583851195,36.127402870940749],[-105.42238783863013,36.127380870821007],[-105.42238983872267,36.127378870728329],[-105.42240583856282,36.127356871508198],[-105.42244083838504,36.127344870950942],[-105.42248283853189,36.127335871431463],[-105.42250483865003,36.127312871265424],[-105.42252283858222,36.127283870821991],[-105.42254083851405,36.127249871046544],[-105.42256383867806,36.127221871548386],[-105.42258183861014,36.127190871012473],[-105.42261683843185,36.127173871123198],[-105.4226188385219,36.127143871533782],[-105.42262883808348,36.127115871137072],[-105.42265083820145,36.127090870878519],[-105.42268183873719,36.12707387098947],[-105.4227218387917,36.127068870755849],[-105.42275483852137,36.127058871190592],[-105.42279483857472,36.127039871208538],[-105.42282883834983,36.127019871180593],[-105.42282983839341,36.126988870645619],[-105.42281983882631,36.126954870871835],[-105.42285083846274,36.1269378709828],[-105.42287283858043,36.126909871484756],[-105.42286383816062,36.12687887095035],[-105.42282383810416,36.126861871065529],[-105.42279883874215,36.126837870855887],[-105.42280583816412,36.126802871034819],[-105.42281783871783,36.126775870684305],[-105.42285583867906,36.126763871026206],[-105.42287983889391,36.12678687118958],[-105.4229158387636,36.126787871233809],[-105.42295083858714,36.126790871370559],[-105.42298683845584,36.126780870905804],[-105.42301483885196,36.1267568706931],[-105.42302283832075,36.126727871149576],[-105.42304783857773,36.126702870890789],[-105.42307783816733,36.126680870770578],[-105.42309183881349,36.126650871180402],[-105.42312683863605,36.126642870808276],[-105.42316583864582,36.126655871407429],[-105.42320283856182,36.126656871451523],[-105.42323783838448,36.126649871125636],[-105.42327183905934,36.126633871282742],[-105.42332183867836,36.126633871279829],[-105.42336183873286,36.126628871046158],[-105.42339383841869,36.126646870977751],[-105.42342283886191,36.126631871181381],[-105.42344983831291,36.126613871246377],[-105.42348983836723,36.126606870920199],[-105.42352783833093,36.126622870758922],[-105.4235698384793,36.126630871126558],[-105.42360783844282,36.126644870872731],[-105.42362783847287,36.12667387131394],[-105.42363083861473,36.126705870995629],[-105.42362383829362,36.12674287090924],[-105.42362183910325,36.126776870683706],[-105.42363183867016,36.126808871264281],[-105.4236328387192,36.126838870853604],[-105.42365783898029,36.126860870970617],[-105.42369783903546,36.126862871060844],[-105.42372283839688,36.126880870992856],[-105.42375583902842,36.126898870924357],[-105.42379283894346,36.126888871358886],[-105.42382583867315,36.126878870894302],[-105.4238608384959,36.126872870614669],[-105.42385483911458,36.126843871071948],[-105.4238828386119,36.126825871136901],[-105.423926838851,36.126811871385918],[-105.42395983858255,36.126822870993621],[-105.42399183916514,36.126811871382138],[-105.42403183921859,36.126794870593301],[-105.42406883913473,36.126796870683684],[-105.42410983923439,36.126778870747842],[-105.42414283896326,36.126758870719932],[-105.42417483864733,36.126756870625506],[-105.42418383906426,36.126755870578727],[-105.42422983849745,36.126749871197767],[-105.42423483872638,36.126718870662557],[-105.42424083900372,36.126710871191428],[-105.42426283912442,36.126716870568444],[-105.42426983854567,36.126673871276537],[-105.4242878384766,36.126629871038482],[-105.42431883901044,36.126591871077238],[-105.42434783855272,36.126558871347441],[-105.42438283927187,36.126519871339696],[-105.42441083876689,36.126475871101015],[-105.42442883869757,36.126429870770394],[-105.42443083878993,36.126425870585173],[-105.42445083881358,36.126382871292599],[-105.4244568390896,36.126359871127477],[-105.4244618384205,36.126342871240006],[-105.42445983922357,36.126302871188102],[-105.42445283889629,36.126269870561096],[-105.42445083880251,36.126257870905327],[-105.42444083923455,36.126213870668906],[-105.42442783862805,36.126167871239382],[-105.42442783862425,36.12612487104866],[-105.42443783908313,36.126073870487161],[-105.42444383846063,36.126059870738409],[-105.42445483896812,36.12603487048046],[-105.42448483855618,36.125994870426752],[-105.42450683867274,36.125953871226542],[-105.42452383855897,36.125928870968217],[-105.4245558391397,36.125896870385183],[-105.4245688388405,36.125870870980151],[-105.42457983844754,36.125832871020144],[-105.42459783927796,36.125790870874575],[-105.42462683881956,36.125749870774627],[-105.42464483874973,36.125697871065739],[-105.42466683886698,36.125664870436985],[-105.42467583928166,36.125637870985955],[-105.42467683842857,36.125636870939651],[-105.42470483882433,36.125608870541896],[-105.4247318391734,36.125577870904706],[-105.42476583894806,36.125551870599168],[-105.42478683902017,36.125532870618265],[-105.42479283929778,36.125527870386556],[-105.42483083925751,36.125498870841305],[-105.42487483859641,36.125474870627713],[-105.42490083890017,36.125454870600159],[-105.42494883932373,36.125430870386346],[-105.42498683928447,36.125413870496963],[-105.42503083862425,36.125399870745959],[-105.42507683895627,36.125388871133701],[-105.42511683900942,36.125367871059076],[-105.4251308387576,36.125353870410578],[-105.42514783864445,36.1253358704761],[-105.4251728389017,36.125313870356166],[-105.42520583863006,36.125288870996236],[-105.42523183893373,36.125267870922457],[-105.42525583914437,36.12524287066379],[-105.42527583916937,36.125214870266497],[-105.42529983937897,36.125177870351884],[-105.42531383912475,36.125136870252881],[-105.42533783933308,36.125085870589913],[-105.42533783932961,36.125046870584185],[-105.42533083900179,36.125007870578891],[-105.42528683875764,36.124964870390635],[-105.42522883876566,36.124939871036084],[-105.4251988391712,36.124906870410364],[-105.4252108388246,36.12486887045025],[-105.42522783870916,36.124824870212201],[-105.42523783917149,36.124812870555736],[-105.4252658386674,36.124778870779764],[-105.4252918389713,36.12476087084476],[-105.42531683922837,36.12473687063229],[-105.42534483872518,36.124713870465882],[-105.42537083902873,36.124690870299531],[-105.4254128391724,36.124645870913099],[-105.42545483931703,36.124611870236983],[-105.42548583895348,36.124595870394245],[-105.42551383934941,36.124569870988367],[-105.42554283889295,36.124550870107633],[-105.42558983926996,36.124524870700633],[-105.4256318385159,36.124497870348357],[-105.42567283861446,36.124466870710371],[-105.42569983896337,36.124432870934392],[-105.42574183910817,36.124400870350769],[-105.42579283877237,36.124387870645663],[-105.42583883910471,36.12437987027289],[-105.42589783914151,36.124387870639538],[-105.42595783922388,36.124386870589802],[-105.42599283904417,36.124353870859643],[-105.42602983895661,36.124313870805501],[-105.42606783891458,36.124264870334926],[-105.42610283873466,36.124228870466006],[-105.42612983908217,36.124179870895389],[-105.42614583892217,36.124155870683374],[-105.42616483890075,36.124126870239884],[-105.42617783860129,36.12409787069609],[-105.42619383934024,36.124069870299074],[-105.42621083922621,36.124041870801278],[-105.42623083925102,36.124011870311492],[-105.4262458390441,36.123980870675013],[-105.4262828389562,36.123937870482116],[-105.42630883925985,36.123916870408301],[-105.42634783926518,36.123878870446646],[-105.42636583919754,36.123851870095699],[-105.42638783931551,36.123826870736409],[-105.42641283867317,36.123801870477692],[-105.42643983902308,36.123779870357588],[-105.42647083865906,36.123757870237256],[-105.42650583937953,36.123733870024196],[-105.42653983915429,36.123709870710442],[-105.42657183883703,36.123692869922102],[-105.42660583951179,36.12367587003294],[-105.42664083933343,36.123657870097411],[-105.42667183896941,36.123635869977086],[-105.4267308390033,36.123610870615657],[-105.42676383873321,36.123602870243616],[-105.42680183869474,36.123594870770589],[-105.42684383884176,36.123587870444283],[-105.42688283884976,36.123580870118175],[-105.42691883871913,36.123577869977261],[-105.42698283898575,36.123564870271416],[-105.42704183902022,36.123545870288261],[-105.42709983900954,36.123540870053567],[-105.42716083913709,36.123526870301582],[-105.4271968390057,36.123515870689921],[-105.42723183882819,36.123506870271463],[-105.42726483945746,36.123499869945704],[-105.42732083935428,36.123496870702965],[-105.427362839502,36.123497869847448],[-105.42741283911958,36.123480869957362],[-105.42744183956128,36.123448870273819],[-105.42745383921461,36.123409870267402],[-105.42745983948888,36.123367870122557],[-105.42748383969831,36.123328870115458],[-105.42749583935206,36.123294870340345],[-105.42750283967247,36.123249870056632],[-105.42753583940021,36.123217870372919],[-105.42759383938848,36.1232008704823],[-105.42763583953513,36.123189869970986],[-105.42767383949706,36.12318586978369],[-105.42772483916238,36.12318487063375],[-105.4277838391974,36.123172870075166],[-105.42782483929724,36.123155870185542],[-105.42787883910088,36.123147869812314],[-105.42792983966331,36.123121870405072],[-105.42796983971537,36.123088869775323],[-105.42800383948908,36.123052869906388],[-105.42803083893816,36.123013869899097],[-105.42805383910091,36.122970870606331],[-105.42807083898634,36.122936869931628],[-105.42809183905634,36.122893869739656],[-105.42810783979476,36.122859869964358],[-105.42812383963353,36.12282187000396],[-105.42812583972207,36.122774870527323],[-105.42812783981343,36.122759869833196],[-105.42813183909752,36.122737869714513],[-105.42813283914074,36.122702869893786],[-105.42813383918335,36.122660869749218],[-105.42813783936512,36.122619870550061],[-105.42813883940843,36.122585869876325],[-105.42814283959015,36.122544869777855],[-105.42815183910588,36.122521870511875],[-105.42882183957167,36.122462870441083],[-105.43017683941348,36.122500870321595],[-105.43025883961624,36.122502870409384],[-105.43027483946155,36.122538870275349],[-105.43059083977626,36.123220870333668],[-105.43109383972428,36.123460869716922],[-105.43173583977898,36.123255870087625],[-105.43206484061122,36.122978869843422],[-105.4321378403363,36.122295869716226],[-105.43189483983333,36.121909869858321],[-105.43165584040047,36.121358869560993],[-105.4314168401024,36.121193870035036],[-105.43179483959062,36.120719869666921],[-105.43230984005187,36.120475869140016],[-105.43241484039201,36.120148869293594],[-105.43257583973552,36.119884869660623],[-105.43302683993454,36.119703869354225],[-105.43372583996467,36.119860869382563],[-105.4347168409447,36.120120869662685],[-105.4356128410784,36.119913869026789],[-105.43601984103228,36.119678868922549],[-105.43625884129615,36.119457869475809],[-105.43668084108249,36.119636868739533],[-105.43732484124345,36.119585869040449],[-105.43777784153963,36.119455869294832],[-105.43795884089597,36.119025869175189],[-105.43796184100707,36.118710868990597],[-105.43778584091415,36.118360868995723],[-105.43777084111578,36.118331868554222],[-105.43767784128644,36.118147869040008],[-105.43742484121776,36.117742869203049],[-105.43717084108695,36.117159868325423],[-105.43683784086693,36.116286868424567],[-105.4368048411331,36.116249868513336],[-105.4368038410859,36.116240868996314],[-105.43679784080369,36.116193868620812],[-105.43673584062496,36.11615286852615],[-105.43671284045068,36.116064868952776],[-105.43660984105934,36.115903868704613],[-105.43657984055721,36.115776868226604],[-105.43654784086104,36.115641868277883],[-105.4364908409113,36.115570868593636],[-105.43647984039363,36.115480868926987],[-105.43641584102114,36.115435868647431],[-105.43633584090625,36.115379868759192],[-105.4362858403814,36.115305868935756],[-105.43622984047913,36.115247868953581],[-105.43615484059418,36.115171868139718],[-105.43614384007653,36.115081868473062],[-105.43607884065845,36.115045868609947],[-105.43607484047294,36.115043868517624],[-105.4359658408069,36.114920868229277],[-105.4359428406335,36.114842868219206],[-105.43589184006419,36.114790868514341],[-105.43584984081437,36.114773868629619],[-105.43579684015515,36.114752868560437],[-105.43539184027549,36.114779868933887],[-105.4353438398502,36.114783868222425],[-105.43533284023958,36.114781868130507],[-105.43511984025982,36.114760868970016],[-105.4350258404009,36.114765868307465],[-105.43467584037144,36.114786868400124],[-105.43459884038593,36.114621868864695],[-105.43456483968576,36.114350868919253],[-105.43449884021864,36.114283868521284],[-105.43444284028166,36.113832868343216],[-105.434489839755,36.113756868421561],[-105.43447884013649,36.113665868708672],[-105.43451383995279,36.113586868648959],[-105.43451584003779,36.113499868221055],[-105.43454783971656,36.113437868048656],[-105.43454384041561,36.113269868370182],[-105.43459484007657,36.113219868751933],[-105.43457183989416,36.113039868519387],[-105.43461984031315,36.112963868597667],[-105.43454284028748,36.112344867842815],[-105.43452983967586,36.112240868427925],[-105.4345718398167,36.112163868460314],[-105.43464183944228,36.11192686828322],[-105.4346408402852,36.111812868404918],[-105.43464084028059,36.111760867797749],[-105.43469183994152,36.111710868179493],[-105.43463383991036,36.111242868114395],[-105.43460184020365,36.110988868055991],[-105.43448384011035,36.110749867797274],[-105.43442283997474,36.110672867835675],[-105.43440383999032,36.11063586792357],[-105.43437883972679,36.110586868355981],[-105.43433983971164,36.110512867632586],[-105.43432784005132,36.110472867581329],[-105.43427283928578,36.110297867581984],[-105.43426383976562,36.110269868085702],[-105.43415083990945,36.110092867997189],[-105.43409283991146,36.109999868194478],[-105.43407083978352,36.109911867721685],[-105.43404883965573,36.109825868240755],[-105.43398983961345,36.109755867703534],[-105.43396783947728,36.109574867424683],[-105.43388583927155,36.10953986760881],[-105.4338388397844,36.109458867461321],[-105.43382683922732,36.109447867852452],[-105.43376883923278,36.109393868055442],[-105.43357983946044,36.10931186786997],[-105.43357083904236,36.109299868214627],[-105.43352483960342,36.109240868185637],[-105.43313683960396,36.109173867806376],[-105.43310683910673,36.109101868074333],[-105.43296683890752,36.109024868117316],[-105.43290583877192,36.10894786815571],[-105.43284883882171,36.108870868193868],[-105.43277083878981,36.108704867712945],[-105.43274883955304,36.10852486748032],[-105.43293083898001,36.108369867493131],[-105.43296583879832,36.108313867598184],[-105.43297083902927,36.108304868080793],[-105.43304283876226,36.108234867536048],[-105.43305883949999,36.108192867390599],[-105.43307383929235,36.108153867384019],[-105.43315483944488,36.108111867234804],[-105.43320583910581,36.108061867616485],[-105.43320583909812,36.107974867188688],[-105.43329583966757,36.107930867845702],[-105.43340883950728,36.107921867422789],[-105.43360683968406,36.107860867287037],[-105.43365783934502,36.107810867668725],[-105.43371283919366,36.1077868674545],[-105.43391583959971,36.107698867867953],[-105.43396683926071,36.107649867396574],[-105.43418683955093,36.107512867340674],[-105.43430083943159,36.107442867692725],[-105.43430383957043,36.107440867600054],[-105.43434383961946,36.107373867195918],[-105.43443583938219,36.107328867806572],[-105.43452383985901,36.107285867610621],[-105.43465383958441,36.107244867504861],[-105.43498783976406,36.107137867031618],[-105.43504883989117,36.107118867048335],[-105.43525783968039,36.107080867076725],[-105.43536783937434,36.10699586763436],[-105.43537383965194,36.106990867402693],[-105.43546183922911,36.106943867021691],[-105.43550983964992,36.106888867172273],[-105.43550983964261,36.106805866929555],[-105.43549283974266,36.106675867211273],[-105.43544183914162,36.106264867084896],[-105.43536383910971,36.106098867503242],[-105.43534183987293,36.105918867270617],[-105.43527883964782,36.105877867176069],[-105.43522883912243,36.105797867075047],[-105.43503683921327,36.105740867147034],[-105.43497083974886,36.105703867237736],[-105.43486083914857,36.105709867521718],[-105.43473683969037,36.105627867332423],[-105.43466283896527,36.105696866931815],[-105.43456783906277,36.105732866804246],[-105.43451783944413,36.105737867038449],[-105.43433583909707,36.10565786694513],[-105.43399783960348,36.105449867234093],[-105.43399783960623,36.105480866869712],[-105.43396383892967,36.105476867585899],[-105.43392683901361,36.105475867541799],[-105.43390983912752,36.105502866993305],[-105.43386983907192,36.105495867571101],[-105.4338348392488,36.105496867619436],[-105.43383483925136,36.105525867162491],[-105.43379983942791,36.10552386707198],[-105.43376083941902,36.105520866935457],[-105.43372183941095,36.10552686721531],[-105.43369083887274,36.105515867607551],[-105.43365583904804,36.105499866869337],[-105.43363883916172,36.105523867081352],[-105.43360283929132,36.10551486756637],[-105.43356183918975,36.105511867429946],[-105.43352583931997,36.105509867339556],[-105.43349083949636,36.105505867156495],[-105.43344683925548,36.105499866881509],[-105.43341083938516,36.105491867412759],[-105.43336683914484,36.105491867415338],[-105.43332883918286,36.105494867556338],[-105.43329583945275,36.105500866936531],[-105.43325983868375,36.10549986689238],[-105.43322383881477,36.105506867218338],[-105.43318283871372,36.10550986735953],[-105.43315183907754,36.105528867341057],[-105.43311583920926,36.105543867137754],[-105.43307883929425,36.105554867648863],[-105.43304383857283,36.105567867353059],[-105.43300283937116,36.10557086749423],[-105.43296383936249,36.105570867496503],[-105.43293483891934,36.105586867339106],[-105.43292783859771,36.105617866975059],[-105.43292583850764,36.105646867417562],[-105.43291183876062,36.105674866915201],[-105.43294383934578,36.105692866846759],[-105.43297783912361,36.105702867307429],[-105.43301183890139,36.105712866868807],[-105.43304183939399,36.105731866846753],[-105.43304183939699,36.105765867520489],[-105.43301683913965,36.105786867594212],[-105.43301983928116,36.105814867090793],[-105.43298783869899,36.10583086693358],[-105.43295583901573,36.105841867444404],[-105.43292483937913,36.105856867240838],[-105.43291783905538,36.105863867565084],[-105.43290383930737,36.10587986740682],[-105.43287283877136,36.105893867157064],[-105.43285783897792,36.105919867461523],[-105.43283583886023,36.105947866959546],[-105.43280983855648,36.105967866987108],[-105.43281083860536,36.105996867429418],[-105.43278583924743,36.106018867549345],[-105.43274983847922,36.106026867022273],[-105.43272083893559,36.106044866957426],[-105.43269983885968,36.106020867646905],[-105.43266483903639,36.106020867648937],[-105.43263283845451,36.106039867630535],[-105.43261283932884,36.106067867128488],[-105.43257983869702,36.106046867058154],[-105.43255783857457,36.106020867655168],[-105.43252583888896,36.106004866916784],[-105.43248883897343,36.106009867150298],[-105.43246383871599,36.106029867177725],[-105.43243783841216,36.106048867158947],[-105.43240883886835,36.106064867001578],[-105.43237483909269,36.106078867651256],[-105.43234983883553,36.1061018678175],[-105.43231283892005,36.106106867151659],[-105.43228183838157,36.106092867405025],[-105.43224883864994,36.106080867751139],[-105.43221783901352,36.106097867640109],[-105.43219383880265,36.10611986776005],[-105.43216583840638,36.106141866980884],[-105.43213583881607,36.106155867630314],[-105.43210483917956,36.106171867473066],[-105.43206983845722,36.106174867613895],[-105.43205283856798,36.106165867198484],[-105.43203983885553,36.10605986769103],[-105.43198183882438,36.105591867625883],[-105.43207383858062,36.105473867557109],[-105.43208083890444,36.105466867232849],[-105.43206983838741,36.105384867037017],[-105.43206883834029,36.105375867520017],[-105.43207383857153,36.105370867288443],[-105.43211983890068,36.105326867048696],[-105.43211983890041,36.10532386690987],[-105.43211583870739,36.105237867427888],[-105.43215683880183,36.105159867414073],[-105.43213383861942,36.104979867181505],[-105.4321698384837,36.104919867101493],[-105.4321838391068,36.104628867127218],[-105.43218583829471,36.104567867002871],[-105.43217383862195,36.104386866723409],[-105.43222583832939,36.104337867151358],[-105.43222383823573,36.104326867541872],[-105.43221383866458,36.104246867438484],[-105.43226183908355,36.1041708675168],[-105.43225083856584,36.104080866950831],[-105.43233283874565,36.103822866700739],[-105.43232083818151,36.1037318669879],[-105.43235683894292,36.10364686665055],[-105.43235683893505,36.103557867029501],[-105.43238483843008,36.103513866790891],[-105.43240483845472,36.103481867107853],[-105.43239583893016,36.103404867143219],[-105.43239383883548,36.103381866978559],[-105.43238483841125,36.103300866828882],[-105.43240183829342,36.1032298671403],[-105.43242083826776,36.103152867174046],[-105.43246583853808,36.102967866706173],[-105.43249183883387,36.102857867011387],[-105.43243983818344,36.102411867064426],[-105.4324208381877,36.102246866626302],[-105.4324078384748,36.102135866887494],[-105.43244483837604,36.10196986639987],[-105.43244083818814,36.101940866857056],[-105.43242183819356,36.101788867020382],[-105.43247283875394,36.101739866548989],[-105.43247183870594,36.101720866569387],[-105.43246683846273,36.10159086685038],[-105.43246583841446,36.101568866731895],[-105.43250083823244,36.10150886665194],[-105.43248983861403,36.101418866985284],[-105.43259183883539,36.101319866895665],[-105.43263283803049,36.101241866881857],[-105.43269683829203,36.101170866291241],[-105.43278983809601,36.10106886696267],[-105.43276683881284,36.100887866683877],[-105.43281783847381,36.100837866166287],[-105.43279483829141,36.100657866833053],[-105.43276383865137,36.100633866623774],[-105.43254283828819,36.100468866197396],[-105.43232383802975,36.100440866713384],[-105.43220983814371,36.100449866237035],[-105.43211483823461,36.100411866283167],[-105.43206883790154,36.10041086623955],[-105.43200583857919,36.100408866150715],[-105.43191783809353,36.100351866216656],[-105.43189183778773,36.100348866978678],[-105.43158783808666,36.100316866415199],[-105.43147383820057,36.100325866838233],[-105.43137783824538,36.100289866976922],[-105.43132883776677,36.100215866254089],[-105.43124783850692,36.100182866530687],[-105.4310618379708,36.100060866293035],[-105.43092983813732,36.099926866396373],[-105.43091883761949,36.09983586668347],[-105.43085283815243,36.09976886628548],[-105.4308418376347,36.099678866618802],[-105.43078083749982,36.099609866128034],[-105.43075383803148,36.099430866841253],[-105.43054683740748,36.099149866443206],[-105.43042183789889,36.099021866823747],[-105.4304158376203,36.099015866546537],[-105.43034183777685,36.098884866785291],[-105.43027683745677,36.098817866387236],[-105.43024783789583,36.098639866247581],[-105.43018883785356,36.098569866609687],[-105.43016783776548,36.098408866356728],[-105.43016583767118,36.098389866377147],[-105.43003783802531,36.098281866783857],[-105.43002683750765,36.098191866217888],[-105.4299978379559,36.098117866393203],[-105.42996283722933,36.098072866111941],[-105.42995283766419,36.09806086645662],[-105.42991383762796,36.097748866413241],[-105.42989683772714,36.097608866232278],[-105.42981883769534,36.097443865797601],[-105.42980783717766,36.097353866130945],[-105.42974483785187,36.09731286603634],[-105.42972983714888,36.097223866416215],[-105.42966883701409,36.0971558659717],[-105.42964583773093,36.096974866592205],[-105.42966183757164,36.096958865851015],[-105.42978683705736,36.096827866078186],[-105.42987883771492,36.096731866127932],[-105.42993883778321,36.09657186591658],[-105.42998983744417,36.096521866298282],[-105.42997983787215,36.096431865732249],[-105.43006483730994,36.096380866065715],[-105.43040483777477,36.096353865696116],[-105.43046483786186,36.09640686634603],[-105.43052783718528,36.096420866090796],[-105.4305718374266,36.096431865697802],[-105.43063483765155,36.096471865746146],[-105.43074783749127,36.096462866222495],[-105.43080983767,36.096503866317136],[-105.43091683723544,36.096536866039024],[-105.43100683781118,36.096564866429873],[-105.4310148372826,36.096564866429404],[-105.43102183760708,36.096565866475288],[-105.43110883804182,36.096570865802221],[-105.43111483742055,36.096570865801858],[-105.43145483788534,36.096543866331587],[-105.43151683806413,36.096584866426241],[-105.43153883818407,36.096582866332405],[-105.43163483813542,36.096574865956725],[-105.43185683762958,36.096557866056564],[-105.43195883785739,36.096531865747068],[-105.43205483780199,36.096447866351781],[-105.43210883760226,36.096400865972846],[-105.43215283783597,36.096325866097615],[-105.43218883770001,36.096262865878785],[-105.43229583816054,36.096248866124135],[-105.43234683782161,36.096199865652807],[-105.43242083765138,36.096175866336779],[-105.43254383795193,36.096137865470858],[-105.43294983787746,36.096105865765388],[-105.43299683825647,36.096101865577594],[-105.43299983839567,36.096103865669917],[-105.43303183808128,36.096119865508982],[-105.43310583791644,36.096156865417903],[-105.43315483839071,36.096181865672371],[-105.43330083796329,36.096198865551074],[-105.43337983802765,36.09620786596286],[-105.43349383791383,36.096199865586073],[-105.43367283811699,36.096224865833001],[-105.43370283860827,36.09622886601629],[-105.43387983871534,36.096214866257625],[-105.43408983855274,36.096197865458926],[-105.4342728380385,36.096183865699828],[-105.43449583847827,36.096165865753434],[-105.43457983876887,36.096112865994414],[-105.43476883853027,36.0960718658852],[-105.43490783867367,36.096041865388443],[-105.43493283893153,36.096026865592364],[-105.43506783888523,36.095947865526789],[-105.43510483879602,36.095889865539192],[-105.4352028388369,36.095845865296461],[-105.43531183849048,36.095827865356675],[-105.43547683893681,36.095768865315407],[-105.43560883874909,36.09566286579949],[-105.43565183893625,36.095585865831829],[-105.43558983871769,36.095093865555825],[-105.43557283881688,36.094953865374933],[-105.43555983821368,36.094944865858601],[-105.43550983859177,36.094912865280321],[-105.43546283820756,36.094857865436438],[-105.43542483823065,36.094691865852482],[-105.43528583807552,36.094588865591838],[-105.43522283875177,36.094570865662007],[-105.43518683888129,36.094560865201458],[-105.43512483870256,36.094519865106797],[-105.43510683876032,36.094435865718168],[-105.43499983829881,36.094438865863189],[-105.43493783812016,36.094398865814838],[-105.43484483830606,36.094386865265058],[-105.43471883876096,36.094369865385197],[-105.43471783871458,36.094369865385261],[-105.43462283790623,36.094331865431315],[-105.43451283820482,36.094332865483977],[-105.43441383811111,36.094302865900424],[-105.4343008382714,36.094311865424089],[-105.43423883809274,36.094271865375681],[-105.43396783811887,36.094201865750165],[-105.43390583794016,36.094160865655525],[-105.4338638377872,36.094100865579961],[-105.43386483783202,36.094083865692753],[-105.43386983805752,36.094013865151815],[-105.43396183782079,36.093974865140758],[-105.43401283838109,36.09392486552251],[-105.43409183844412,36.093918865240326],[-105.43412683826713,36.093915865099483],[-105.43417783792817,36.09386686552746],[-105.43418683834517,36.093865865480645],[-105.43426283826918,36.093859865198695],[-105.43429083776782,36.093856865058257],[-105.43428983862017,36.093849865633729],[-105.43427983814946,36.093766865391594],[-105.43434283836437,36.093692865561565],[-105.4343738379947,36.093606865178202],[-105.434424838555,36.093556865559954],[-105.43440983784919,36.093435865358593],[-105.43334683800838,36.09293886490952],[-105.43321683826699,36.092797865588196],[-105.43323683829207,36.09277086523722],[-105.43394183764428,36.092286865286745],[-105.43427683787746,36.092260864963684],[-105.4349038381561,36.092279864906885],[-105.43516083837868,36.092328865360344],[-105.43549583861189,36.092302865037283],[-105.43565283867748,36.092130865164322],[-105.43564983849272,36.091612864581379],[-105.4357088385091,36.091388865006294],[-105.43586083833895,36.091170864804148],[-105.43609683847031,36.091022865137688],[-105.43642383833115,36.090978864881627],[-105.43674683891355,36.091019864961076],[-105.43729583832487,36.091596864644714],[-105.4377308387284,36.091943865385034],[-105.43799383926218,36.092368865247515],[-105.43836383935334,36.092735865118335],[-105.43863283923559,36.092817865299139],[-105.43896783946875,36.0927918649761],[-105.43927983953243,36.092731864880022],[-105.43952283909108,36.09260886457114],[-105.43992083952064,36.092298864594795],[-105.43991683932698,36.092204864742691],[-105.4401178396309,36.092009864702483],[-105.44023283946892,36.090931864284222],[-105.4406548392476,36.091024864965092],[-105.44081483949398,36.091325864492589],[-105.44128683976871,36.091165864257192],[-105.44156883933617,36.09104586498421],[-105.44300084004097,36.091002864710099],[-105.44404783993116,36.090271864104082],[-105.44490183984941,36.089296863911599],[-105.44468583972012,36.089156863742261],[-105.44409784031721,36.088772863996937],[-105.44379483974852,36.088574863847192],[-105.44267183982274,36.088048863858518],[-105.44114183910885,36.088494863897559],[-105.44001883928519,36.089125864378083],[-105.43966783918309,36.088847864127189],[-105.43920983862209,36.088602864509944],[-105.43904283896057,36.088414863915659],[-105.43890583888761,36.088192864444522],[-105.43885183906046,36.087934864202339],[-105.43881183895994,36.087418864613362],[-105.438872839068,36.087183864529266],[-105.43923083853674,36.086799863829597],[-105.43995383872347,36.086320864109375],[-105.44035283919631,36.08597586431236],[-105.44090383862716,36.085723863413278],[-105.44157283904707,36.085670863620294],[-105.44203683898883,36.085938863401971],[-105.44242583905925,36.086284864098737],[-105.44247683965042,36.086584863586275],[-105.44272083927564,36.08669186402588],[-105.44369783958307,36.086682863552731],[-105.444366840003,36.086629863759661],[-105.44494383974838,36.086479863980905],[-105.44524084001239,36.086375863648584],[-105.44548883979873,36.086207863955465],[-105.44558483973171,36.08599186384906],[-105.44553584010681,36.085400863488672],[-105.44575184020582,36.085197863077425],[-105.44672884046874,36.084684863568114],[-105.44684684047796,36.083970862903271],[-105.44697284000171,36.08374586327804],[-105.44724884019332,36.083657862787874],[-105.44746184015587,36.083483862819243],[-105.44750684042027,36.083231862848855],[-105.44747383976687,36.082965863134667],[-105.44730984024427,36.082775863346974],[-105.44708383965082,36.082626862761821],[-105.44680384015815,36.082544862581585],[-105.44650883997666,36.082533862989145],[-105.44627083972898,36.082413862847062],[-105.44591483939156,36.082094863397529],[-105.44585284009479,36.081856863181798],[-105.44578483963527,36.081784862552617],[-105.44644383958975,36.081708862595363],[-105.44658683991244,36.081610862549667],[-105.44689583980677,36.081206862726162],[-105.44779884027257,36.08108786256399],[-105.44836884061661,36.081206862640514],[-105.44883284055268,36.081410863058544],[-105.44927384034055,36.08182186316224],[-105.44929884059789,36.08180086308856],[-105.44939784069783,36.081901862359672],[-105.45010684033372,36.082532862733721],[-105.45018884054281,36.082605862509006],[-105.45027184080423,36.082747862778625],[-105.45038684075463,36.082942862800522],[-105.4508728408065,36.083096862702547],[-105.45089084074168,36.083101862932857],[-105.45201284150525,36.083456863104068],[-105.4528598411774,36.083368862580762],[-105.45554784159387,36.082923862520737],[-105.45555984215001,36.08292486256628],[-105.45571884232399,36.08292986278839],[-105.4558728422659,36.082931862871938],[-105.45602184197577,36.082928862724465],[-105.45616584235275,36.082920862345986],[-105.45630384245148,36.082909862728393],[-105.45643684231793,36.082892862833432],[-105.45656384190613,36.082872862800073],[-105.45664584210731,36.082856862055053],[-105.45672584221555,36.082837862070662],[-105.4568028421847,36.082817862040201],[-105.45687784206095,36.082795862816646],[-105.45694884265083,36.082769862508947],[-105.45707684228228,36.082714862654861],[-105.45712584275243,36.082693862579781],[-105.45717684241632,36.082676862689596],[-105.45722384279466,36.082665862177969],[-105.45725184229312,36.082660862844314],[-105.45728084273746,36.082658862750108],[-105.45731084232894,36.082657862702078],[-105.45734184196692,36.082658862746555],[-105.45740784232802,36.082665862167268],[-105.45748184216129,36.082681862003895],[-105.45756584245861,36.082704862163794],[-105.45775984246079,36.08276586227673],[-105.45785084218315,36.082788862436232],[-105.45790384284139,36.082798861996473],[-105.45795384246107,36.0828058623174],[-105.45799984279422,36.082807862407286],[-105.45804484218147,36.082806862358417],[-105.45816984257691,36.082793862649019],[-105.45822784256589,36.082784862229261],[-105.45828284241574,36.082774862662717],[-105.45833384297939,36.082762862104552],[-105.45838084245831,36.082750862445955],[-105.4584238426511,36.082736862695072],[-105.458461842612,36.08272186199887],[-105.4585058428503,36.082698862730837],[-105.45854684294916,36.082670862332343],[-105.45858484290848,36.082637862602013],[-105.45861884268207,36.082599862640564],[-105.45864984231621,36.082556862448023],[-105.45867784271013,36.082508862024298],[-105.4587018429183,36.082455862268816],[-105.4587228429869,36.082396862235861],[-105.45873984286985,36.082333862018139],[-105.45875384261326,36.08226586246856],[-105.45876384307022,36.082192862687883],[-105.45877084248829,36.082113862629804],[-105.45877484266632,36.082030862386802],[-105.45877584270484,36.081941861866376],[-105.45877384260358,36.081844861875361],[-105.45876784231601,36.081736862275001],[-105.4587628429779,36.081671861966001],[-105.4587538425552,36.081607862602823],[-105.45874184289278,36.081543862340475],[-105.45872684219191,36.081478862032071],[-105.45977784317161,36.08080286217173],[-105.46073484255022,36.080771861581169],[-105.46121384311436,36.080215861910062],[-105.46161584281641,36.079752862049467],[-105.4621868431595,36.079335861609351],[-105.46225484361142,36.079321861857004],[-105.46323584319674,36.079221861670035],[-105.46337684336294,36.07839986140312],[-105.46220984308012,36.076548861269103],[-105.46066084225671,36.075538861395671],[-105.45938484241391,36.074765860780197],[-105.45866884156358,36.074239860767847],[-105.45783584156182,36.073430861158968],[-105.45684484138091,36.072031861242245],[-105.45666384105799,36.071699861181074],[-105.45609384066162,36.070986860602474],[-105.45542884126728,36.07036886082728],[-105.45466784105092,36.070083860276341],[-105.45338383999768,36.069987860406052],[-105.45278984037377,36.070249860870952],[-105.45243384009801,36.070629860486093],[-105.45174384050317,36.070677860948315],[-105.45112683977769,36.07053486066345],[-105.45084083997867,36.070130860874492],[-105.45010383998762,36.069987860596626],[-105.44896383929763,36.069726861178026],[-105.44753783886085,36.06965586067399],[-105.44680083891808,36.070059861421662],[-105.44652983897652,36.070355860742886],[-105.44589683841681,36.070302861025567],[-105.44584983891956,36.070106860953452],[-105.44551083848445,36.069944861572033],[-105.44636983862549,36.068867861156804],[-105.45060383968116,36.068919860618657],[-105.45171483991302,36.069025860961666],[-105.45367484081363,36.06909686053536],[-105.45508784060603,36.068692860647694],[-105.45505684094668,36.068449860198839],[-105.45511984026834,36.068443860816913],[-105.45520884076892,36.068144860468166],[-105.45477784055528,36.067847860242161],[-105.45464484067922,36.067755860490095],[-105.45392883982892,36.067229860477696],[-105.45358484003144,36.066726860608476],[-105.45338184049085,36.066430860415494],[-105.45306584020614,36.066085859760683],[-105.45292984018602,36.065936860069598],[-105.45267684012872,36.065659859859238],[-105.45258084016741,36.065554860402827],[-105.45211883934606,36.064457860038367],[-105.4521108398709,36.064414859848029],[-105.45204283938189,36.064007859907655],[-105.45195783989472,36.063498859745771],[-105.45197483975134,36.063137860130013],[-105.45201383968981,36.062340859226957],[-105.45201483973499,36.062327859524771],[-105.45229183899097,36.06130185970428],[-105.4526028389172,36.060207859433682],[-105.4533468391149,36.059014859054251],[-105.45436583945796,36.057734859130385],[-105.45437183973354,36.057706858733894],[-105.45454583963951,36.056987858733741],[-105.4555008397484,36.056089858500613],[-105.45652883971708,36.056034858594288],[-105.45671184010261,36.056025858167274],[-105.4583768399134,36.05598385792608],[-105.45897684073044,36.055900858547794],[-105.45984684060103,36.056175858629807],[-105.46015484051884,36.056564858622806],[-105.4602488403887,36.056683858727041],[-105.46022384113733,36.0579158581711],[-105.46022084101268,36.058078858517931],[-105.4599668410123,36.058973858571598],[-105.45971484104439,36.059184858455694],[-105.45908884085982,36.059706859260295],[-105.4589368410219,36.059833858849657],[-105.45777284017547,36.060212859364746],[-105.45749184065178,36.060304859140921],[-105.45734684023817,36.060422859212728],[-105.45660584012728,36.061022859136166],[-105.45595683979182,36.061722859184165],[-105.45556783978904,36.062142859752541],[-105.45549684011222,36.062324859183747],[-105.45504483995268,36.063479859586799],[-105.45501984066154,36.064259859702474],[-105.45504884021283,36.064328860195168],[-105.45512984038626,36.064523860219026],[-105.45536984076735,36.065106860198249],[-105.45606184051701,36.065763859977601],[-105.45636284100715,36.06612286038164],[-105.45670984092318,36.066392860262695],[-105.45691784069331,36.066664860244309],[-105.45693084129728,36.066681860130785],[-105.45729384107335,36.067155860455834],[-105.45734184060518,36.067217859724245],[-105.45809384135039,36.06803186046848],[-105.45835184165435,36.068478860449773],[-105.45835184167851,36.068752860536051],[-105.45911284195559,36.069726860588375],[-105.4598018415879,36.070629860057963],[-105.46079984203692,36.071390860134507],[-105.46186984223981,36.072317860692351],[-105.46312884309449,36.073101860918463],[-105.46386584315034,36.073980861073494],[-105.46395184357898,36.074441860813188],[-105.46459784298494,36.074977860392899],[-105.46506984330831,36.075369860515124],[-105.4652498435688,36.075518861102964],[-105.4655568434263,36.075748860934354],[-105.46659984416394,36.076531861126689],[-105.46686184373972,36.076817860853573],[-105.46728484449667,36.0772808606662],[-105.46732384450908,36.07732386085469],[-105.46841584482311,36.078148861188723],[-105.46940684491661,36.078555861075358],[-105.4694308451303,36.078565861536624],[-105.47002584483344,36.078676861241604],[-105.47044284527834,36.078754861228752],[-105.47124184544454,36.078898860649986],[-105.47137484531186,36.078891861217663],[-105.47153384548454,36.078882860792078],[-105.47211384537114,36.078758861316665],[-105.47261384514087,36.078555860888912],[-105.47265984545194,36.078306861057349],[-105.47299284554225,36.077712860535968],[-105.47372984544934,36.076904860882109],[-105.47446684533539,36.075858860109669],[-105.47525084565116,36.075383860571009],[-105.47529784608292,36.075977860171037],[-105.47522684552426,36.076357860668864],[-105.47519284574864,36.076372860465526],[-105.47509284566983,36.077036860614669],[-105.47506184603955,36.077122860998038],[-105.4750198459018,36.077234860786234],[-105.4747638457916,36.077933860765093],[-105.47390784580689,36.07920486116231],[-105.47364784550453,36.079826861176258],[-105.47408084585112,36.080579860915442],[-105.4749438463121,36.081029861000275],[-105.47536984628303,36.081201860839293],[-105.47601184635188,36.081158861510453],[-105.47604984631408,36.08115786146201],[-105.47672284699193,36.081927861074405],[-105.47694184637068,36.08217886098312],[-105.47764984687669,36.083004861385646],[-105.47779984664857,36.083179861379456],[-105.47789484746062,36.083259861477906],[-105.47838284765182,36.083942861572545],[-105.47873984715932,36.084523861452318],[-105.47889484716978,36.084776861457279],[-105.47967984769706,36.086172861246915],[-105.48006984785766,36.087015861555173],[-105.48052684846517,36.088312862179549],[-105.48070284857123,36.088812861919621],[-105.48078884808152,36.089057862457786],[-105.48095584866805,36.089536862126153],[-105.48201884858314,36.090877862053006],[-105.48274784917363,36.091823862610141],[-105.48330784915139,36.093042862317787],[-105.48343884899658,36.093833862933174],[-105.48347684897939,36.094066862918964],[-105.48366984900852,36.094957862761355],[-105.48448784923184,36.095961862399406],[-105.48529284977221,36.09719386269424],[-105.48554584981854,36.097346862563484],[-105.48656585045843,36.098906862732328],[-105.48729785025988,36.099526863495221],[-105.48755685059021,36.099746862866645],[-105.48759185041348,36.099746862864599],[-105.48762885032806,36.099731863067824],[-105.48766685028964,36.099723863594782],[-105.48770885043798,36.099731863063163],[-105.48774685040009,36.099729862968402],[-105.48778785050045,36.099719863402697],[-105.4878228503232,36.099713863123043],[-105.48786285037782,36.099709862935683],[-105.48788985072798,36.099690862954361],[-105.48793185087436,36.09967686320357],[-105.48797385102095,36.099664863545236],[-105.48801085093648,36.099659863311715],[-105.48804685080437,36.09964086332991],[-105.48807985053398,36.099629862819093],[-105.48811885054364,36.099641863372028],[-105.48816785101573,36.099642863415419],[-105.48820585097722,36.099633862996818],[-105.48823985075337,36.09962486347775],[-105.48828385099328,36.099620863290134],[-105.48832785123265,36.099609862778664],[-105.48837185057269,36.099598863166491],[-105.4884168508582,36.099585863461733],[-105.48845485081901,36.099569862719278],[-105.48848785054848,36.099556863015245],[-105.48852585050956,36.099543863310892],[-105.48856685061008,36.099534862892178],[-105.48860685066403,36.099523863280204],[-105.48863985129275,36.09950986352991],[-105.48868285058623,36.099496862925967],[-105.48872185059457,36.099493862784897],[-105.48873285110382,36.099487863405969],[-105.48921085077851,36.09956986267526],[-105.49013585140268,36.099884862805851],[-105.49010385173798,36.100105863139838],[-105.49005485129639,36.100449862870136],[-105.48997585126463,36.100809863342484],[-105.4895598509252,36.101400863729836],[-105.48911385098833,36.101924863717173],[-105.48891585082336,36.102118863710935],[-105.48873385139883,36.102300863148564],[-105.48856785090396,36.102334863831963],[-105.48843385099075,36.102346863495654],[-105.48834885154902,36.10235386382444],[-105.48816885130222,36.102358863166913],[-105.48809985081101,36.102452863922615],[-105.48788685085913,36.102746864047177],[-105.48759485082815,36.10286486412754],[-105.48747685077143,36.103039864136989],[-105.48715585121604,36.103393863446435],[-105.48691585090508,36.103605864275451],[-105.48690885058186,36.103618863977985],[-105.48685085059901,36.103696863992752],[-105.48663785064633,36.103981863700994],[-105.48670785120645,36.104143863997287],[-105.48676385111258,36.104245864216523],[-105.48688085115752,36.104461864310451],[-105.48724085077139,36.104671864112667],[-105.4878358513844,36.104902863973415],[-105.48835085098081,36.105049863549866],[-105.48856185177061,36.105109863615546],[-105.48936385117695,36.105258864167126],[-105.48950485141306,36.105229863716538],[-105.48968885184244,36.105192863792624],[-105.49017685195339,36.104967864146403],[-105.49067485163543,36.104821863657882],[-105.49102285157227,36.104802863657895],[-105.49107985151538,36.104799863515765],[-105.4911798516523,36.104794864177975],[-105.49120385186501,36.104792864084025],[-105.49127985178997,36.104797863411612],[-105.49148985162992,36.104809863954593],[-105.49198785223476,36.104929864081484],[-105.4927528525988,36.104788863808757],[-105.49315185216705,36.104385864026369],[-105.49335585258348,36.103891863642495],[-105.49332385197745,36.103637863584154],[-105.4933088521711,36.103517863429133],[-105.49328185269934,36.103300863283685],[-105.49306385245373,36.102892863305861],[-105.49279085238146,36.102757863371195],[-105.49271485245362,36.10272086346248],[-105.49260185170887,36.102664863576123],[-105.49193585228755,36.102266863187779],[-105.49209185229149,36.101921863404954],[-105.49245485202333,36.101893862987708],[-105.49294785240464,36.102105862874694],[-105.49344785221574,36.102371863460945],[-105.49394185263242,36.102459863006956],[-105.49420285214079,36.102506863367537],[-105.49421485269706,36.102508863459406],[-105.49473785263223,36.102294863420738],[-105.49538785305219,36.102030862860033],[-105.49619885284724,36.101859862995333],[-105.49703785302499,36.101513863126435],[-105.49778285332415,36.100949863069758],[-105.49786285340471,36.100617862993495],[-105.49786885278087,36.100588862550772],[-105.49792485265723,36.100354862513313],[-105.49781285284253,36.1001218625319],[-105.49763085336826,36.099741862948122],[-105.4974628527774,36.099737862772855],[-105.49739185298905,36.098657862273164],[-105.49738785266582,36.097097862045267],[-105.4973878526577,36.097005862285428],[-105.49751785238298,36.096964862179611],[-105.49820885290823,36.096745861899883],[-105.49881785324911,36.096732862162291],[-105.49900085273576,36.09672886196654],[-105.49930385328641,36.096722861671303],[-105.50024185361639,36.09706886233603],[-105.50182885347095,36.097719861785428],[-105.50270285354506,36.098200862404397],[-105.5039308538275,36.098588862297383],[-105.50502985442246,36.098921862351233],[-105.50653985518015,36.099286862063074],[-105.50703985500434,36.099700862301972],[-105.50736585487033,36.100239862038954],[-105.50745085522443,36.100380862262185],[-105.50797585527334,36.100405862488941],[-105.50896485524233,36.100453861954115],[-105.50933385529791,36.100942862073254],[-105.50928785587055,36.101014861809773],[-105.50929985553537,36.10110586242191],[-105.50924885587432,36.101154861993905],[-105.50923185599368,36.101242862468929],[-105.50917785529685,36.101320862483469],[-105.50914885576144,36.1014318622247],[-105.5091328559248,36.101493862396097],[-105.50900685549473,36.101638861917344],[-105.50900485540227,36.101640862010015],[-105.50887185554781,36.10179386190174],[-105.5088638560767,36.101796862040992],[-105.5087928554871,36.101825862487495],[-105.50874185582614,36.101875862105814],[-105.50868485589288,36.101990862033652],[-105.50867085524672,36.102019862476851],[-105.5086948554751,36.102195862524248],[-105.50869585552165,36.102197862616691],[-105.50880485608255,36.102270862390441],[-105.50888085601157,36.102321862047589],[-105.50889185562998,36.102411862613529],[-105.50889885595478,36.10241686194508],[-105.50898685554095,36.102471862685924],[-105.50901885612627,36.102491862710089],[-105.50917585620591,36.102478862099481],[-105.50951985595654,36.10245086258265],[-105.50969785610994,36.102436861924595],[-105.50979385605758,36.102387862349929],[-105.5098638557034,36.102379861975749],[-105.50990585585058,36.102374862641256],[-105.5099278559689,36.102353862567774],[-105.5099358563395,36.102352862521052],[-105.51167885613859,36.101986862573568],[-105.51226685641976,36.102133862145735],[-105.51283085652845,36.102736862131863],[-105.51387385721527,36.102944861801696],[-105.51519085707299,36.102741862225692],[-105.51717885743462,36.102388861966098],[-105.5183588581566,36.10239186203615],[-105.51957885803381,36.102390861918771],[-105.52078285808624,36.102585861877195],[-105.52238585866489,36.103040861250747],[-105.52245385911776,36.103037862007305],[-105.52246485872912,36.103048861616251],[-105.52249885850652,36.103053861845616],[-105.52253385922891,36.103051861751005],[-105.52256285877574,36.103070861729044],[-105.52260085873847,36.103075861958182],[-105.52263085922823,36.103062861354992],[-105.52266885919011,36.103058862066995],[-105.52269985882953,36.103075861952419],[-105.52271585867412,36.103103861448218],[-105.52274185898131,36.103122861426449],[-105.52275085849958,36.103128861703503],[-105.52276985848303,36.103154862005979],[-105.52278385913424,36.103182861501978],[-105.52279585879349,36.103210861897381],[-105.52282785847578,36.103188861776978],[-105.52286485929046,36.10318286149726],[-105.52289185874163,36.103166861654763],[-105.5229258585193,36.103175862069179],[-105.52296085924215,36.10317886130661],[-105.52299985924959,36.103165861602207],[-105.52302285941362,36.103137862104063],[-105.5230448586325,36.103115861984257],[-105.5230798593535,36.103097862048799],[-105.52310985894387,36.103084861445602],[-105.52314585881433,36.103094861906158],[-105.52318085863936,36.103114861930095],[-105.52321085913182,36.103132861861766],[-105.52324885909391,36.103130861767063],[-105.52328885914899,36.103131861810979],[-105.52330385894253,36.103106861552781],[-105.52332385896794,36.10308386138685],[-105.52334885922545,36.103064861405656],[-105.52337285943601,36.103038862000012],[-105.52340885930533,36.103035861859126],[-105.52344385912886,36.103038861995884],[-105.5234858592771,36.103045861417968],[-105.52351485882365,36.103060861210949],[-105.52354885950055,36.103068861579111],[-105.52358285927733,36.103066861484578],[-105.5235998591632,36.103037861940535],[-105.52361485895668,36.103011861636098],[-105.52363985921419,36.102992861654911],[-105.52364485944312,36.102961862019029],[-105.52365985923635,36.102932861575788],[-105.5236988592446,36.102928861388463],[-105.52372685874157,36.10290786131462],[-105.52375385909532,36.102928861385259],[-105.52378285953861,36.102914861635199],[-105.52378785886822,36.102883861999317],[-105.52379085900441,36.10285186141796],[-105.52380385870511,36.102824861966724],[-105.52383785937988,36.102807861178242],[-105.52387485929709,36.102822861870031],[-105.52389985955416,36.102798861657554],[-105.52389385927346,36.102768861169288],[-105.52391485934535,36.102746861948866],[-105.52394485893875,36.102767861119993],[-105.52397285933529,36.10274886113865],[-105.52399885873918,36.1027228617329],[-105.52403285941395,36.102706861889992],[-105.52406985932905,36.102696861425208],[-105.52409985891816,36.102669861972934],[-105.52412285908227,36.102642861621739],[-105.52414085901462,36.102614861224623],[-105.52415785890075,36.102588861819378],[-105.52417485878698,36.102563861561066],[-105.52419085952586,36.102534861117775],[-105.52421785897639,36.102511861850758],[-105.52422985952992,36.102482861407687],[-105.52421885901758,36.102453861865278],[-105.52424585936774,36.102434861883978],[-105.52426585939287,36.10240786153301],[-105.52429885912271,36.102399861160919],[-105.5243268595226,36.102418861139007],[-105.5243538589737,36.102402861296511],[-105.52434085926812,36.10237486180047],[-105.52433985921941,36.102347861450717],[-105.52435385896582,36.102313861675498],[-105.52437785917607,36.102284861231752],[-105.52441085890571,36.102273861620233],[-105.52443785925595,36.102255861685194],[-105.52446585965248,36.102236861703879],[-105.52449185905699,36.102217861722657],[-105.52452385964177,36.102231861469164],[-105.52456585889125,36.102244861168856],[-105.5246018596612,36.102256861721962],[-105.52463685948349,36.102245861210946],[-105.52464885913746,36.102214861574701],[-105.52465085922725,36.102181861846496],[-105.5246238588733,36.102157861636996],[-105.52462585896275,36.102121861769987],[-105.52461285925692,36.102090861235816],[-105.52460085959932,36.102080861673201],[-105.52458485885664,36.102066861026422],[-105.52455885944894,36.102049861140785],[-105.52454285960461,36.102024861783718],[-105.52450585878773,36.102006861852395],[-105.52449085898957,36.101979861503445],[-105.52446485958116,36.101954861247634],[-105.52443985932035,36.101935861269361],[-105.52441185892027,36.101914861198793],[-105.52437785914326,36.101913861154458],[-105.52433885913464,36.101913861156731],[-105.52429785903341,36.101913861159112],[-105.52425985907131,36.101915861253879],[-105.52425485883914,36.101910861022844],[-105.5242458593213,36.101909860977116],[-105.52420985945234,36.10191686130306],[-105.52419585880094,36.101886861714561],[-105.52416285906854,36.101865861644214],[-105.52414885931667,36.101838861295207],[-105.52411485953854,36.101824861548828],[-105.52408085886185,36.101819861319449],[-105.52404985922294,36.101807861665435],[-105.52401385935204,36.101792860973532],[-105.52398185876714,36.101777861180736],[-105.52394685894362,36.101774861043964],[-105.52390585884133,36.101763861436773],[-105.52386985897043,36.101748861644197],[-105.52385785931091,36.101717861110039],[-105.52385885935972,36.101745861506032],[-105.52382585873109,36.101759861256397],[-105.52378985886097,36.101753860980885],[-105.52375385899032,36.101741861327106],[-105.52371885916769,36.101748861652986],[-105.52368085920514,36.101745861516413],[-105.52366385931448,36.101720861260141],[-105.52363785900729,36.101701861281917],[-105.52364185919008,36.101672861738656],[-105.52360785941276,36.101667861509263],[-105.52357985901295,36.101649861577421],[-105.52354985852068,36.101633861738314],[-105.52350985936485,36.101631861648094],[-105.52347685873444,36.101625861372419],[-105.52344285895688,36.101618861050554],[-105.52341585860664,36.101636860985536],[-105.52339585857573,36.101597860981009],[-105.52335685856474,36.101570861532778],[-105.5233318592031,36.101550861508258],[-105.52332085869021,36.101514861642016],[-105.52331085912343,36.101484861153914],[-105.52329885856481,36.101455861611562],[-105.52330685893313,36.10142886126129],[-105.52331385925476,36.101397861625273],[-105.52332585890896,36.101368861182223],[-105.52335285925908,36.101348861154676],[-105.52338185880292,36.10133386135832],[-105.52341085924601,36.101317861515753],[-105.52344385897584,36.101308861097429],[-105.52347585865874,36.101293861300896],[-105.52350785924142,36.101283861735695],[-105.52354285906357,36.101271861178446],[-105.52355785885688,36.101243861680842],[-105.52357185860382,36.101215861283904],[-105.52359685886115,36.101194861210182],[-105.52360385918297,36.101165861666722],[-105.52356885935976,36.101165861668768],[-105.52353285859097,36.101167861763415],[-105.52349685872069,36.101159861395423],[-105.52347285850576,36.101135861185725],[-105.52346585907813,36.101106861643096],[-105.52344785914084,36.10107886124802],[-105.52344185886014,36.101048861659073],[-105.52342885915439,36.101018861171219],[-105.52345685865187,36.101002861328659],[-105.52348885923428,36.100989861624676],[-105.52352485910306,36.100980861206182],[-105.52356085897344,36.100989861620491],[-105.52359485875091,36.100995860996768],[-105.52363085862083,36.100999861179723],[-105.52366585934307,36.100995860992647],[-105.52370485935113,36.100989861612092],[-105.52373885912856,36.100995860988398],[-105.52377385895146,36.100991861700571],[-105.52376985876292,36.10095586093459],[-105.52379485902591,36.100998861123948],[-105.52382885880245,36.100994860936844],[-105.52386385862624,36.101000861212405],[-105.52390985895973,36.101006861487335],[-105.52394385873659,36.101005861439099],[-105.5239888590234,36.101007861528963],[-105.5240178585679,36.100999861157192],[-105.52403485935524,36.100994860924843],[-105.52406685903831,36.100981861220866],[-105.52410185886247,36.100991861681472],[-105.52413585863997,36.100998861104067],[-105.52417085936192,36.100991861677443],[-105.52421485870293,36.100991861674885],[-105.52425285866494,36.100988861533914],[-105.52428985948025,36.100989861578014],[-105.52432185916528,36.100998861093245],[-105.52435285880416,36.101009861600332],[-105.52437985915761,36.101027861532224],[-105.5244088587051,36.10105386093479],[-105.5244458595198,36.101047861554349],[-105.52447185892771,36.101066861532559],[-105.52445985927352,36.101095861076296],[-105.52448485953492,36.10112086133212],[-105.524515859174,36.101134861078727],[-105.52454885890643,36.101155861149017],[-105.52457885939876,36.101171860988202],[-105.52457585926247,36.101202861523298],[-105.52456385870912,36.101233861159542],[-105.52456285956256,36.101238861390961],[-105.52455585924022,36.101261861556139],[-105.5245618595214,36.101297861422687],[-105.52458285959771,36.101325860918273],[-105.5246088590055,36.10134386174952],[-105.52464385882884,36.101344860894429],[-105.52468385888457,36.101353861308489],[-105.52472085879972,36.101344860889945],[-105.52471785955755,36.101316861393329],[-105.52473485944475,36.101302861643951],[-105.52474685910056,36.101291861134307],[-105.52477885878319,36.101273861199019],[-105.52481385950568,36.10127286115074],[-105.5248488593281,36.101263861631629],[-105.52487985896502,36.101252861120855],[-105.52491085950413,36.101273861191324],[-105.52493285962632,36.101296861354811],[-105.52497285968107,36.101294861259937],[-105.52501285883561,36.101282861601788],[-105.52505285888954,36.101270861044263],[-105.52507385896561,36.101296861346604],[-105.52509285894932,36.101325860888537],[-105.52511885925732,36.101353861283151],[-105.5251738591089,36.101363860843286],[-105.52521085902549,36.101370861164966],[-105.52524685889463,36.10136586093153],[-105.5252788594788,36.101372861253559],[-105.52530185964723,36.101394861370665],[-105.52532185967665,36.10141686148804],[-105.52534885913072,36.101433861373707],[-105.52537985966684,36.10142186171602],[-105.52541585953544,36.101410861204961],[-105.52545685963658,36.101408861110102],[-105.52549285950641,36.101411861246781],[-105.52553085946957,36.101421861707216],[-105.52557185957097,36.10142286085177],[-105.52560185916374,36.101436861497703],[-105.52560485930003,36.101405860962672],[-105.52564085917173,36.101429861171589],[-105.52567785908768,36.101429861169429],[-105.52571185976265,36.101415861419078],[-105.52573185978798,36.101391861206842],[-105.52576785965704,36.101385860927181],[-105.5257988592938,36.101372861223282],[-105.52583885934891,36.101374861313438],[-105.52587785935792,36.101378861496222],[-105.52591485927373,36.101377861447816],[-105.52595085914226,36.101365860890503],[-105.52595085914226,36.101365860890503],[-105.52598885910375,36.101356861371286],[-105.5260208596888,36.101373861256576],[-105.5260628598375,36.101385860910014],[-105.52609585956938,36.101400861602031],[-105.52610185985024,36.101432861283527],[-105.52613085939723,36.101452861307806],[-105.52615485961222,36.10147686151749],[-105.52611385951198,36.10148886117576],[-105.52610685918786,36.101491861314898],[-105.52608185982898,36.101502860926004],[-105.52607585955359,36.10153286141496],[-105.52606085976053,36.101563861051432],[-105.52607785965134,36.101589861354022],[-105.52612185989106,36.101583861073848],[-105.5261188597546,36.101612861516401],[-105.52612585918223,36.101641861059043],[-105.52612385909224,36.101671861547757],[-105.52611385953082,36.101701861137698],[-105.52612285995046,36.10173086157954],[-105.52611285949008,36.101765861400715],[-105.52612985938151,36.101798861127897],[-105.52615485964327,36.101827861568786],[-105.52619685979195,36.10183986122216],[-105.52674885929207,36.101849861652724],[-105.52678085987571,36.101850861697095],[-105.52682185997872,36.101870860821343],[-105.52682885940622,36.101897861170777],[-105.52684186001139,36.101928861704927],[-105.52687285965109,36.101949860876083],[-105.52689485977373,36.101977861270861],[-105.52692485936659,36.101992861063792],[-105.52695785999748,36.102003861570765],[-105.52699986014504,36.102002861522045],[-105.52703786010629,36.101991861010958],[-105.52707486002136,36.10198186144541],[-105.52711085989058,36.101977861258291],[-105.52714785980659,36.101978861302435],[-105.52718785986094,36.101971860976192],[-105.52722185963721,36.101964861549682],[-105.52724485980181,36.101942861429812],[-105.5274658601529,36.10197186096002],[-105.52746486010913,36.102000861402423],[-105.52747185953532,36.102013861104155],[-105.527480859954,36.102031861037091],[-105.5274878602812,36.102063861617843],[-105.52749085952408,36.102099861484554],[-105.52750985950779,36.102128861026507],[-105.52754686032452,36.102145860911534],[-105.52758186014884,36.102157861464683],[-105.52761786001895,36.102163860840861],[-105.52765585998105,36.102161861645413],[-105.52769686008261,36.10216486088251],[-105.52773385999994,36.102180861620596],[-105.52776985986996,36.102185860950534],[-105.52779886031546,36.102196861457742],[-105.52779986036194,36.102197861503925],[-105.52779986036211,36.102199861596489],[-105.52780085950945,36.102203860882135],[-105.52780085951203,36.102232861324516],[-105.52781686025504,36.102250861257055],[-105.52784285966257,36.102265861050206],[-105.52786785992406,36.102291861352356],[-105.52786485978839,36.102329861311894],[-105.52786685988396,36.102362861039936],[-105.52787486025727,36.102391861481827],[-105.52788185968268,36.102395861666466],[-105.52791486031424,36.102414861644284],[-105.52794485990785,36.102437860907969],[-105.52795985970431,36.102445861277197],[-105.52797885968597,36.102451861553696],[-105.52799585957538,36.102462861162337],[-105.5280088601783,36.10246786139286],[-105.52803885976824,36.102449861457686],[-105.52802486001639,36.102422861108636],[-105.52805885979437,36.102434861661855],[-105.52808686019436,36.102454861686198],[-105.52811585974125,36.102473861664237],[-105.52814586023395,36.102494860835435],[-105.52816086002966,36.10249386168757],[-105.52818386019588,36.102490861547423],[-105.5281968598966,36.102463861196867],[-105.528210859643,36.102429861421662],[-105.52820486026401,36.102426861283185],[-105.52817685986453,36.102411861490218],[-105.52815785988092,36.102383861095191],[-105.52817685985957,36.102355861597296],[-105.52819385974537,36.10232586110768],[-105.5282208600957,36.102308861218937],[-105.52822286018565,36.102277861583239],[-105.52822985960832,36.102250861232996],[-105.52820586029289,36.102228861115876],[-105.52821285971679,36.102215861413342],[-105.52821986003998,36.102202860811502],[-105.52821785994686,36.102197861479581],[-105.52821085962044,36.10217486131522],[-105.5281858602611,36.10218086159427],[-105.52817685984427,36.102182860788027],[-105.52813985992671,36.102164860856696],[-105.52813385964568,36.102130861082721],[-105.52812686021805,36.102101861540078],[-105.52811285956685,36.102073861144774],[-105.52811285956676,36.102072861098534],[-105.52809086034405,36.102051861027526],[-105.52807186036149,36.102035861187709],[-105.5280678601758,36.102031861002899],[-105.52805585961741,36.102005861599345],[-105.52808886024773,36.102010860929397],[-105.52809385957711,36.101976861154768],[-105.52810986031635,36.101951860896506],[-105.52812286001689,36.101922861352705],[-105.52815585974567,36.10190286132481],[-105.52816986039211,36.101876861020429],[-105.52817785986079,36.101845861384369],[-105.52815985992368,36.101819861081836],[-105.52818986041343,36.10180686137798],[-105.52818886036431,36.101775860843155],[-105.52818986041061,36.101774860796802],[-105.52812886028254,36.101782861170499],[-105.52816386009555,36.101666861197621],[-105.52814085992669,36.101640860895422],[-105.52814085992669,36.101640860895422],[-105.52816085995174,36.101612861397442],[-105.52818686025512,36.101588861184908],[-105.52820086000702,36.101616861580155],[-105.52822286012957,36.10164386102943],[-105.52823685988129,36.101669861332176],[-105.52825285972561,36.101694861588513],[-105.52825385977461,36.101724861177821],[-105.52826885956905,36.101709861382254],[-105.52825785995547,36.101673861516012],[-105.52823385974023,36.10164686116758],[-105.52822886040522,36.10161686157852],[-105.52824985957713,36.101587861134938],[-105.52822186007661,36.101568861156835],[-105.52818786029977,36.101569861205121],[-105.52816286004322,36.101599860795879],[-105.52813785978591,36.101620860869566],[-105.52813186040814,36.101630861332602],[-105.52801885965702,36.10150286081317],[-105.52803485950152,36.101529861162042],[-105.52803885968979,36.101562860889906],[-105.52803186026739,36.101592861378982],[-105.52802686003479,36.101582860916629],[-105.5280048599116,36.10154886114352],[-105.52798786002016,36.101514861370156],[-105.52797286022181,36.101485860928669],[-105.52793286016696,36.101486860977239],[-105.52792085961016,36.101478861507111],[-105.52789786034177,36.101464860860752],[-105.52789786034177,36.101464860860752],[-105.52786985994152,36.101441860697626],[-105.52785985947574,36.101414861247711],[-105.52787286007568,36.101386860850845],[-105.52789486019373,36.101362861537851],[-105.52791386017265,36.101337861279433],[-105.52792385973389,36.101305860697664],[-105.52792885996313,36.101277861200579],[-105.52791785945054,36.101245861519381],[-105.52790085955988,36.101220861263045],[-105.52788885990054,36.101191860821366],[-105.52788685980507,36.101159861139713],[-105.5278938601268,36.101129860650609],[-105.5278798594756,36.101102861200943],[-105.52788185956575,36.101073860758461],[-105.52790085954484,36.101050861491899],[-105.5279148601912,36.101023861141215],[-105.52792585979883,36.100991861458738],[-105.52795086005614,36.100970861385051],[-105.52796885998843,36.100942860987878],[-105.52799685948582,36.100925861099071],[-105.52798785996551,36.100896860657237],[-105.52802285978902,36.100899860793994],[-105.52803485944544,36.10089586060824],[-105.52804385986219,36.100892861368237],[-105.52805485947229,36.10088886118249],[-105.52808185982234,36.100868861154957],[-105.52812385997015,36.100870861245063],[-105.52825385968995,36.100767860968766],[-105.52843485997104,36.100625860683827],[-105.52861086002072,36.100487860584231],[-105.52864986002764,36.10046886060222],[-105.52868785999125,36.100483861294009],[-105.52869885960482,36.100519861160265],[-105.52870285979031,36.100520861206299],[-105.52874085975357,36.100531860813703],[-105.52878285990163,36.100536861042549],[-105.52881386043767,36.100523861338623],[-105.52884586011967,36.100498861079494],[-105.52887885984953,36.100490860707403],[-105.52892286008719,36.100460861115565],[-105.52894786034392,36.100432860717966],[-105.5289598599977,36.100399860989199],[-105.52893385969035,36.10037886091844],[-105.52891485970407,36.100320860934112],[-105.52890286004542,36.100298860816302],[-105.5288978598129,36.100289861299565],[-105.52886886026609,36.100271860468446],[-105.52886986031115,36.100256860673717],[-105.52887086035615,36.100241860879045],[-105.52853686013826,36.09991586110452],[-105.52850785969223,36.099898861218989],[-105.528537860182,36.099885860615807],[-105.52850385950512,36.09987886119324],[-105.52846985972801,36.099876861102729],[-105.52844286027283,36.099846860615642],[-105.52843185976022,36.099813860888183],[-105.52839685993544,36.09979686100305],[-105.52840186016959,36.099824860499488],[-105.52839485984786,36.099854860988586],[-105.52836386021153,36.099871860877549],[-105.52832985953482,36.099866860648248],[-105.52830286008063,36.099847860670089],[-105.52826286002504,36.099840861247834],[-105.5282408599024,36.099812860853049],[-105.52820886021644,36.099792860828956],[-105.52817685963112,36.099772860804798],[-105.52814986017644,36.099748860595348],[-105.52813585952549,36.099723861238147],[-105.52812285981992,36.099695860842793],[-105.52812085972474,36.099667860446836],[-105.52811985967568,36.099636860811302],[-105.5281558595463,36.099648860465081],[-105.52819385950806,36.099642861084583],[-105.52822786018258,36.099623861102891],[-105.52823885979065,36.099596860752428],[-105.52825085944458,36.099564861069886],[-105.5282578597664,36.099535860627114],[-105.52827285955975,36.099508861175742],[-105.52831285961356,36.099495860571899],[-105.52831985993538,36.099466861028453],[-105.528353859712,36.099463860887731],[-105.52837885996951,36.099444860906551],[-105.52839885999457,36.099417860555498],[-105.52842885958448,36.099398860574034],[-105.52846086016697,36.099386860916347],[-105.52847485991896,36.099415860458578],[-105.52849285985113,36.099385860868182],[-105.52850585955024,36.099340860584142],[-105.52851686005704,36.099307860855397],[-105.52855285992662,36.099307860853308],[-105.52857686013674,36.09927686031704],[-105.52858885979097,36.099248860819536],[-105.52857285994665,36.099223860563143],[-105.5285438595007,36.099207860723915],[-105.52852885970275,36.099182860467479],[-105.52853886016358,36.099153860923842],[-105.52856185942871,36.099130860757739],[-105.5285938600134,36.099143860457986],[-105.52862985988371,36.099151860826062],[-105.52866785984554,36.099146860592477],[-105.52870685985317,36.099135860980624],[-105.52872885997148,36.099114860907079],[-105.528743859765,36.099089860648938],[-105.52877885958614,36.099065860435815],[-105.52881286026134,36.099053860777971],[-105.52883985971233,36.099036860889228],[-105.52886385992343,36.099016860861866],[-105.52887785967037,36.098988860464921],[-105.5289148595853,36.098977860853196],[-105.52891585962929,36.098950860503265],[-105.52889086026758,36.098929860432513],[-105.52889585959734,36.098899860842913],[-105.52887885970662,36.098874860586577],[-105.52885885967677,36.098847860237875],[-105.52889086025793,36.09882086078553],[-105.5289218598939,36.098798860665191],[-105.52891186032674,36.098763860845118],[-105.52889985976807,36.098734860403447],[-105.52892385997806,36.098702860720273],[-105.52891885974348,36.098669860992395],[-105.52895585965832,36.098657860435125],[-105.52897285954437,36.098630860983569],[-105.52900286003351,36.098610860955844],[-105.52903485971608,36.098591860974246],[-105.52906486020859,36.098610860952249],[-105.52907485977522,36.098639860494714],[-105.52909585984703,36.098616860328704],[-105.52910486026751,36.098655860333878],[-105.52911685992666,36.098682860682992],[-105.52914286023437,36.098707860938802],[-105.52916086017167,36.098735860434545],[-105.52919385990099,36.098721860684186],[-105.52923185986187,36.098705860841072],[-105.52926985982492,36.09871486035594],[-105.52929986031774,36.098736860472705],[-105.52927185992172,36.098761860731649],[-105.52925085985042,36.098789860229623],[-105.52928485962855,36.0988038608754],[-105.52931986035095,36.098801860780803],[-105.52934985994372,36.09881586052748],[-105.52934485971453,36.098843860923836],[-105.52936785988366,36.098873860511858],[-105.52938485977431,36.098898860768145],[-105.52941886045295,36.098925860216717],[-105.52943786043693,36.098957860796773],[-105.52946285979887,36.09898186100633],[-105.5294988596691,36.09898886042874],[-105.52953186030066,36.099007860406545],[-105.52956285994074,36.099032860662071],[-105.52959985985802,36.099047860454597],[-105.5296318604438,36.099072860709988],[-105.52965385966711,36.099100861104837],[-105.52966786031284,36.099066860430298],[-105.52969585981032,36.099050860587745],[-105.52973485981776,36.099037860883357],[-105.529775859918,36.099025860325824],[-105.52993986035762,36.099415860373256],[-105.52991686021923,36.099733860697761],[-105.52998685988469,36.09994786070191],[-105.5298708599282,36.1002078610464],[-105.52984086034726,36.100327861204093],[-105.52983986030398,36.100362861024735],[-105.52984386049221,36.100394860706359],[-105.52982786065222,36.100418860918346],[-105.52979486002441,36.100442861131306],[-105.52979385998056,36.100470860628157],[-105.52977786014128,36.100502861210252],[-105.52974386036573,36.100517861006857],[-105.52970586040441,36.100528860618688],[-105.52970186022156,36.100556861015036],[-105.52971385988074,36.100584860511084],[-105.52973385991164,36.100623860515618],[-105.52975786012797,36.100662860519925],[-105.52975986022085,36.100664860612355],[-105.52978286038946,36.100688860822025],[-105.5298198603074,36.10071186098471],[-105.52985386008699,36.100741860572001],[-105.52988286053363,36.10076586078133],[-105.52991686031254,36.100788860944135],[-105.52994086052816,36.100819860578326],[-105.52995986051211,36.10085186115839],[-105.52996886003247,36.100881860747165],[-105.52998685997011,36.100913861327285],[-105.53001286027819,36.10094286086882],[-105.53003386035415,36.100966861078668],[-105.53003686049568,36.100995860621545],[-105.53004485996959,36.101023861017133],[-105.5300398606401,36.10105686074558],[-105.53000386077204,36.101073860634848],[-105.52998986012595,36.101103861124265],[-105.53000585997054,36.101131860620143],[-105.530027860093,36.101157860922442],[-105.53005886063177,36.101175860854063],[-105.53008285994797,36.101205861341313],[-105.53010386002377,36.101228860605552],[-105.53013586060875,36.101244861343922],[-105.53011686063054,36.101277861073122],[-105.53013686066029,36.101303861375534],[-105.53015386055154,36.101334861010145],[-105.53015786073935,36.101362861406031],[-105.53019586070145,36.101360861311257],[-105.53023786084908,36.101360861308805],[-105.53027186062765,36.101379861286567],[-105.53027686086035,36.101390860895847],[-105.53042186038539,36.101394861072436],[-105.53045086082834,36.101376861137346],[-105.53050586067596,36.101341861313493],[-105.53053386017352,36.10132686061786],[-105.53055386020019,36.101317861099666],[-105.5307708603554,36.101227860520439],[-105.53078986033576,36.101218861002252],[-105.53084486018426,36.101193860741745],[-105.53089386065413,36.101169860527868],[-105.53092886047605,36.10115486073115],[-105.53095586082631,36.10113686079611],[-105.53098586041665,36.101122861045994],[-105.53102086023823,36.101103861064217],[-105.53105786015273,36.101087861221131],[-105.53106186033531,36.101056860686057],[-105.53109786020366,36.101042860935507],[-105.53113886030276,36.101017860675803],[-105.53117086088481,36.101000860786769],[-105.53120686075289,36.100983860897507],[-105.53122886087199,36.100971861240346],[-105.53124086051382,36.100802860615438],[-105.53155186053409,36.100777861239322],[-105.53172786059886,36.100809860910914],[-105.53223686079983,36.10076886078302],[-105.53234386126086,36.100760860406687],[-105.53240786062877,36.100754861024669],[-105.53249086087949,36.100774861045821],[-105.53261586128536,36.100880860546724],[-105.53261886052523,36.100882860639096],[-105.53263986060634,36.10096486083431],[-105.53269986069279,36.10101086116034],[-105.53287186057477,36.101071860375221],[-105.53297286075872,36.101074860508135],[-105.53310986081814,36.101143860994526],[-105.53311286095739,36.101146861133138],[-105.53323886141199,36.101278860937505],[-105.53333986069849,36.101302861142699],[-105.53338586103482,36.101340861099452],[-105.53339986078529,36.101352860754474],[-105.53345786077928,36.101400861173197],[-105.53363586094011,36.101470860804099],[-105.53364886154296,36.1014758610347],[-105.53370786158249,36.101514861036947],[-105.53376486152916,36.101551860946785],[-105.53377386104738,36.101557861223846],[-105.53434086123765,36.101511860861287],[-105.5344228614353,36.101455860963569],[-105.53453786136531,36.101420861136248],[-105.53462986112952,36.101392860734805],[-105.53468686106895,36.101347860448229],[-105.53479786171488,36.101334860739605],[-105.5348848612455,36.101285860266202],[-105.53499786108517,36.101276860742558],[-105.53507586110466,36.101302861041567],[-105.53517386114993,36.101308860414136],[-105.53536586195951,36.101379860989809],[-105.53542686119295,36.101424860370216],[-105.5355298614711,36.101444860390203],[-105.53561586186417,36.101502860370616],[-105.53562986162137,36.101590860843821],[-105.53564886160378,36.101604860591124],[-105.53568986170762,36.101633861031125],[-105.53570286141851,36.101721860605075],[-105.53576386155108,36.101764860792258],[-105.53577686216136,36.101853860412518],[-105.53584086153579,36.101921860856834],[-105.53586386171825,36.102101861089345],[-105.53593686151532,36.102232860850549],[-105.53600286188174,36.102299860349191],[-105.53601686163557,36.102349860863022],[-105.53602486200899,36.102379860451848],[-105.53607686172519,36.102430861009708],[-105.53617886196926,36.102589861165342],[-105.53621086165889,36.102650860388358],[-105.53626086218601,36.102749860469096],[-105.53634986181866,36.102806860403049],[-105.53652386179027,36.102833860742756],[-105.53655686242065,36.102838860972135],[-105.53660186180754,36.102833860738208],[-105.53672586215647,36.102819860982557],[-105.53689286179974,36.102801861039417],[-105.53699186188685,36.102757860796608],[-105.53733086230521,36.102730860427052],[-105.53748986249606,36.102927860538799],[-105.5375698626203,36.103089860834487],[-105.53765186192662,36.103124860650368],[-105.53769786226242,36.103156861228861],[-105.53780486273104,36.103233861187753],[-105.53784786203282,36.103314860436107],[-105.5379468621243,36.103319860661635],[-105.53800586215992,36.103314860426906],[-105.53827786217195,36.103293861238107],[-105.53856286278628,36.103270861056735],[-105.5386268621543,36.103265860821708],[-105.5386528624576,36.103240860562885],[-105.53867786271451,36.103215861203417],[-105.53879186260056,36.103206860780389],[-105.53905386213708,36.103048860649778],[-105.53910286260509,36.10300386036365],[-105.53923086223108,36.102887860385366],[-105.53928686301576,36.102755860570404],[-105.53930786218586,36.102705860953847],[-105.53936586216339,36.102567860861136],[-105.53945686277356,36.10246086040209],[-105.53944586225587,36.102370860735469],[-105.53949686281608,36.102320860217901],[-105.53949286262296,36.102232860643376],[-105.53958086220007,36.102185860262452],[-105.53967586299501,36.102071860378601],[-105.53979886239529,36.102023860848654],[-105.5398578624294,36.102001860726766],[-105.53987686240984,36.101993860355492],[-105.54005186241548,36.101881860559523],[-105.54026286229669,36.101836860263951],[-105.54044386258275,36.10175186081748],[-105.54067086320772,36.101733860870837],[-105.54075486259902,36.101680860212518],[-105.54076786320125,36.101678860119193],[-105.54097386285093,36.10163685996271],[-105.5411658627479,36.101556860746953],[-105.54120686284894,36.101553860605769],[-105.54139286337288,36.101538860800268],[-105.54148786327548,36.101503860074764],[-105.54154986253707,36.101343860762661],[-105.54166186322963,36.10133386029343],[-105.54172886272237,36.10116686065718],[-105.54182986290357,36.101138860255176],[-105.5420758635096,36.101119860261115],[-105.54262286277323,36.101075859992207],[-105.54277086332803,36.100982860177595],[-105.54279086335444,36.100970860520562],[-105.54284186301538,36.10092086000293],[-105.54285886289745,36.100848860268151],[-105.5429088634114,36.100798859750675],[-105.54290186308529,36.10077985977135],[-105.54287686282068,36.100717860501632],[-105.54271586344566,36.100624859805684],[-105.54262086353987,36.100623859764909],[-105.54250086337504,36.1006238597719],[-105.54239186282051,36.100622859731978],[-105.54205886267415,36.100580860506241],[-105.54149186248318,36.10061886049872],[-105.54139586252801,36.100582860637402],[-105.54138286281695,36.100492860071583],[-105.54132086263833,36.100452860023196],[-105.54130586283244,36.100338860145804],[-105.54129786245582,36.100271859744439],[-105.54146986321662,36.100101859963239],[-105.54156086293393,36.100067860183586],[-105.54156486311915,36.100065860090808],[-105.54165886296927,36.09996185977036],[-105.54163786288092,36.099797860278002],[-105.54162286307439,36.099675860030452],[-105.54157886280346,36.099329860213082],[-105.54141486239193,36.099257859589521],[-105.54137686242993,36.099260859730535],[-105.54130186255229,36.099266860012456],[-105.54119686308125,36.099251860223944],[-105.54117386291054,36.099204859849451],[-105.54115886311206,36.099173860214769],[-105.54115286282607,36.099083859648559],[-105.5411618623408,36.099049859873617],[-105.54117786307737,36.098994860026067],[-105.54131586225968,36.098791859619425],[-105.5415798627869,36.098618859694049],[-105.54170686236648,36.098501859669582],[-105.54172686239173,36.09847686031042],[-105.54173286266906,36.09846885993997],[-105.54188986273252,36.09827285985606],[-105.54189186281747,36.098185859428149],[-105.54194286247851,36.098136859856176],[-105.54192686262516,36.098009859377399],[-105.54191786310059,36.097932859412779],[-105.5419078626303,36.097854859401963],[-105.54187486287677,36.097594859965433],[-105.54182986258509,36.097537860028893],[-105.54180086303332,36.097463859304909],[-105.54179186261014,36.097394859710448],[-105.54176686233311,36.097192859359545],[-105.54181386270572,36.097116859437989],[-105.54180286308738,36.097026859771361],[-105.54184386228241,36.096948859757582],[-105.54184986255797,36.09692085936112],[-105.54186686243916,36.096838860062959],[-105.54188086308194,36.096770859614075],[-105.54203486300824,36.096595859602623],[-105.54204186242637,36.096517859590833],[-105.54211686229226,36.096378859450859],[-105.54208686267685,36.096108859551506],[-105.54216086250455,36.096061859171343],[-105.54218486270966,36.095974859641487],[-105.54216186252727,36.095794859409033],[-105.542168862845,36.095719859535997],[-105.54216886284493,36.09571885948975],[-105.54214086244441,36.095692859187807],[-105.54215786233024,36.095662859597525],[-105.54214986285555,36.095625859684802],[-105.5421418624824,36.0955978592892],[-105.54212886277664,36.095567859700594],[-105.54210586260751,36.095537859213323],[-105.54208186239251,36.095513859003631],[-105.54207186282598,36.095485859507491],[-105.54206786263806,36.095456859065358],[-105.54203286281312,36.095437859087667],[-105.54201186273716,36.095413859777146],[-105.54197586286689,36.095405859409155],[-105.54194286223488,36.095381859200053],[-105.54191286264151,36.095360859129514],[-105.54187986290911,36.095340859105477],[-105.54185086246298,36.095322859173685],[-105.54182886234085,36.095299859010197],[-105.54180086283922,36.09526885937624],[-105.54176786220837,36.095257859768573],[-105.5417358625222,36.095235859651929],[-105.54169686251254,36.095223859099058],[-105.54167586243675,36.09520185898176],[-105.54164886208228,36.095171859393986],[-105.54166286272863,36.095144859043351],[-105.54164986212383,36.0951178595936],[-105.54163686241844,36.095091859290797],[-105.54162086257382,36.095063859794919],[-105.54159786240479,36.095034859353895],[-105.54156286258002,36.095017859468783],[-105.54152486261617,36.094999859537502],[-105.54148886274534,36.094985859791237],[-105.5414458625505,36.094975859331086],[-105.54140986267943,36.094958859445946],[-105.54137586200203,36.094945859745813],[-105.54133486279899,36.094933859193077],[-105.54129586278923,36.094920859493214],[-105.54126086206551,36.094907859793111],[-105.54122486219585,36.094906859748917],[-105.54118886232547,36.094897859334608],[-105.54115186240993,36.094901859521876],[-105.54111886268126,36.094923859642321],[-105.54108086272036,36.094938859439161],[-105.5410518622775,36.094957859420546],[-105.54102086264093,36.094972859217044],[-105.54097586235409,36.094970859127116],[-105.54094086253076,36.094969859082909],[-105.54090486266126,36.094970859131251],[-105.54086786184639,36.094974859318455],[-105.5408368622099,36.094990859161165],[-105.54081986232376,36.095016859465737],[-105.54082886184419,36.095047859100809],[-105.54084686268151,36.09508385986598],[-105.54081386205138,36.095080859729102],[-105.54077486204356,36.095089859248439],[-105.54073786212805,36.095094859481947],[-105.54069386188742,36.095090859299411],[-105.54064686240645,36.095079859692582],[-105.54061386177433,36.095054859437163],[-105.54058686231959,36.09502985918143],[-105.54056386215088,36.095004859824819],[-105.54052786227979,36.094987859040359],[-105.54050186197155,36.094956859406352],[-105.54046286196117,36.094936859382635],[-105.54042786213758,36.094932859199574],[-105.54039286231441,36.094933859247924],[-105.54035986168337,36.094920859547713],[-105.54032586190539,36.094908858994501],[-105.54028886198772,36.094888858970684],[-105.54026386172669,36.094867859799194],[-105.54024086245713,36.09484085945072],[-105.5402178622887,36.094818859333529],[-105.54019986235166,36.094793859077235],[-105.54016086234228,36.094784859562459],[-105.54012086228681,36.094778859287239],[-105.54007986218419,36.094763859494961],[-105.54004286226855,36.094766859635911],[-105.5400188620533,36.094739859287436],[-105.53998586232142,36.094724859494718],[-105.53993986198863,36.094726859589905],[-105.53990386211834,36.094718859221906],[-105.53986886229367,36.094702859383027],[-105.53983286242348,36.094695859061268],[-105.53979986179141,36.094671859751436],[-105.53977386238337,36.094650859680733],[-105.53974286184514,36.09463885912735],[-105.53970786202011,36.094618859103413],[-105.53967986161994,36.09459685898652],[-105.53965986159055,36.094574859768471],[-105.53964286169919,36.094541859142055],[-105.53960686182788,36.094522859164421],[-105.53959186202994,36.094497859807291],[-105.53957686223184,36.094471859504615],[-105.53957986146862,36.094438859776346],[-105.53955786224593,36.094417859705409],[-105.53952386156858,36.09440485910595],[-105.53950686167769,36.094377859656383],[-105.53947686208431,36.094356859585915],[-105.53943186179758,36.094355859542212],[-105.53939886206587,36.09434285894271],[-105.5393598620562,36.094330859289137],[-105.53933486179471,36.094304858987051],[-105.53930986153377,36.094284858962467],[-105.53927886189459,36.094269859169671],[-105.53925886186509,36.09424685900607],[-105.53922886137207,36.094222859696046],[-105.53921586166668,36.094196859393243],[-105.53918686211978,36.094177859415211],[-105.53917886174662,36.094149859019552],[-105.53917686165073,36.094113859152763],[-105.53916486199148,36.094085859656715],[-105.53913886168429,36.094066859678513],[-105.5391268620251,36.094038859283096],[-105.53911786160539,36.094008859694313],[-105.53910086171402,36.093975859067839],[-105.53908986210092,36.093945859479184],[-105.53906886202493,36.093920859223083],[-105.53905586142004,36.093892859727084],[-105.53903986157538,36.093863859285669],[-105.53901986154554,36.093837858983271],[-105.53899586133072,36.093814859719217],[-105.53900486174504,36.093783859183759],[-105.53899986151048,36.09375185950222],[-105.53899886146132,36.093719858921091],[-105.53897886143174,36.093695859610555],[-105.5389878618459,36.093662858982562],[-105.53893886137288,36.093651859375861],[-105.53891486205737,36.09362885921248],[-105.53887886128882,36.093632859399634],[-105.53883686204051,36.093632859402071],[-105.53880486145555,36.093616859563021],[-105.53877486186209,36.093595859492531],[-105.53874086208434,36.093585859031876],[-105.53870286122282,36.093586859080325],[-105.53866486126117,36.093593859406397],[-105.53862986143837,36.093598859639776],[-105.53858686124404,36.093594859457184],[-105.53854986132656,36.093576859525911],[-105.5385208617794,36.093554859409082],[-105.53848486191046,36.093561859735033],[-105.53844886114076,36.093553859367034],[-105.53841986159335,36.09352885911138],[-105.53838486176892,36.093514859365072],[-105.53835186113997,36.093525858976548],[-105.53833886143926,36.093552859327133],[-105.53830686175598,36.093563858938623],[-105.53827686126665,36.093580859726856],[-105.53823486111992,36.09359085929264],[-105.53822586160462,36.093618859689265],[-105.53823486112513,36.093649859324309],[-105.53820086134952,36.093664859120942],[-105.53816586152702,36.093672859493125],[-105.53812986165755,36.093674859587722],[-105.53809486183425,36.093673859543514],[-105.53806786148061,36.093653859519115],[-105.53804486131156,36.093624859078083],[-105.53801986105017,36.093599859721529],[-105.53799586173437,36.093573859419379],[-105.5379558616787,36.093565859051552],[-105.53791886176184,36.09355485944414],[-105.53788086179769,36.093533859374077],[-105.53784886121264,36.093516859488759],[-105.53781786157273,36.093493859325811],[-105.53779286131162,36.093471859208726],[-105.53775386130329,36.093474859349804],[-105.53771886147949,36.09346885907425],[-105.5376888609875,36.093455859373876],[-105.53764986097862,36.093452859237338],[-105.53762686170928,36.093428859027654],[-105.53758486156025,36.093412859189193],[-105.53755386102121,36.093391859118718],[-105.53751886119744,36.09338585974254],[-105.53747686104936,36.093380859513616],[-105.53742786147696,36.093383859655269],[-105.53738986151318,36.093366859770327],[-105.53737186157588,36.093338859375244],[-105.53733786089897,36.093330859007082],[-105.53729886089029,36.093329858963095],[-105.5372628610215,36.093338859381596],[-105.53722586110422,36.093323859589091],[-105.53719086128078,36.093321859498616],[-105.53715886159425,36.093295859196907],[-105.53711986158493,36.093287859728342],[-105.53708786100324,36.09330885980247],[-105.53705086108796,36.093315859229158],[-105.53701686131244,36.09333185907208],[-105.53700786089811,36.093362859607474],[-105.53697386112258,36.093377859404121],[-105.53694586162138,36.093351859102185],[-105.53690886080508,36.093339859448463],[-105.53688186135076,36.093319859424042],[-105.53684786157416,36.093322859564822],[-105.53680086119445,36.093318859382514],[-105.53676386127704,36.093301859497466],[-105.53672486126773,36.093293859129638],[-105.53668686130501,36.09328885979982],[-105.53663786083276,36.093285859663915],[-105.53660386105572,36.093284859619594],[-105.53656986127939,36.093290858999858],[-105.5365478611571,36.093266859689443],[-105.53652086080335,36.09324585961874],[-105.53650586100514,36.0932178592235],[-105.53647786150441,36.093196859152911],[-105.53644886106136,36.093213859041768],[-105.53641286119267,36.093223859506509],[-105.53638086150933,36.093233859071695],[-105.53634186150036,36.093229859788238],[-105.53630986091531,36.093212859003614],[-105.53629286102441,36.093184859507794],[-105.53627186094845,36.09316085929801],[-105.53622986079841,36.093133858950559],[-105.53619186083527,36.093123859389465],[-105.53616986071268,36.093095858994694],[-105.53612886060969,36.093076859017359],[-105.53609486083047,36.093050859615069],[-105.5360678613761,36.093029859544394],[-105.53604686129944,36.092997858964445],[-105.53601686080735,36.09298385921781],[-105.5359848611217,36.092967859378724],[-105.53595386058294,36.092949859447067],[-105.53592786117484,36.092928859376372],[-105.53589586058868,36.092898859788882],[-105.53586586099567,36.092882859050377],[-105.53583586050277,36.092859859786678],[-105.53579986063205,36.092846859187333],[-105.53576686090017,36.092831859394636],[-105.53573286112164,36.092813859463149],[-105.53569586120425,36.092796859578129],[-105.53566886085059,36.092776859553737],[-105.53565086091362,36.092751859297458],[-105.5356388612542,36.092721859708853],[-105.53561786117805,36.092695859406511],[-105.53558786068588,36.09268085961358],[-105.53556086123177,36.092662859681681],[-105.53551486089751,36.092648859036672],[-105.53547786098082,36.092639859521746],[-105.5354588610018,36.092663859733904],[-105.53542086104129,36.092683859762097],[-105.53538986050314,36.092672859254947],[-105.53539186059835,36.092701859697208],[-105.53535786082104,36.0926968594679],[-105.53532086090428,36.092687859053655],[-105.53528686112652,36.092677859492291],[-105.5352478611173,36.092670859170724],[-105.53521186034931,36.092681859681711],[-105.53517886061788,36.092671859220978],[-105.53514686093223,36.092655859381921],[-105.53511586039382,36.092641859635371],[-105.53507186105237,36.092636859406568],[-105.53502686076573,36.092636859409183],[-105.5349998604155,36.092654859344236],[-105.53496086040651,36.092650859161459],[-105.53492586058299,36.092647859024694],[-105.53489086075983,36.092648859072987],[-105.53485686098342,36.092654859352571],[-105.53483086067617,36.092634859328108],[-105.534822860303,36.092606859831768],[-105.53479486080259,36.09258985904691],[-105.53479286070724,36.09255985945768],[-105.53476686040005,36.09254085947947],[-105.53477786090744,36.092513859129021],[-105.53479486079377,36.092489859816318],[-105.53479986102239,36.09245485909608],[-105.53480886053761,36.09242685959876],[-105.5347898605545,36.092403859435088],[-105.53477786089542,36.092377859132213],[-105.53475886091172,36.092348859590253],[-105.53473086051183,36.092329859612178],[-105.53470886038973,36.092307859494944],[-105.53467286051942,36.092299859126939],[-105.53464786025788,36.092272859677834],[-105.53463486055239,36.092245859328777],[-105.53461786066137,36.09221685978671],[-105.53458586097618,36.09220585927968],[-105.53454786101122,36.092174859646292],[-105.53452386079631,36.092151859482925],[-105.53449886053438,36.092120858949428],[-105.53447986055086,36.092093859500054],[-105.53445086010412,36.092068859244442],[-105.534418860419,36.092058859682972],[-105.53438986087561,36.092078859710632],[-105.53434686068179,36.092080858906385],[-105.53431186085774,36.092071859391325],[-105.53428286041188,36.092056859598351],[-105.53425286081841,36.092034859481636],[-105.53423386083496,36.092008859179103],[-105.534215860898,36.091983858922902],[-105.53421086066335,36.091950859195038],[-105.5341958608649,36.091920859606624],[-105.53419386076979,36.091892859210617],[-105.53417886007246,36.091867858954217],[-105.53413986006261,36.091853859208051],[-105.53417286069144,36.091841859550307],[-105.53418486034573,36.091813859153504],[-105.53417186064026,36.091786859703753],[-105.53419486080489,36.091765859630144],[-105.53420886055157,36.091734859094394],[-105.53424486042059,36.09172785966777],[-105.53421686001973,36.091697859180805],[-105.53420186022146,36.091669859684863],[-105.53420886054343,36.091642859334641],[-105.53422986061479,36.091614858937291],[-105.53422286028768,36.091583859302162],[-105.53418586037157,36.091581859211765],[-105.53415086054662,36.091562859234088],[-105.53413885998802,36.091533859691729],[-105.53411886085716,36.091503859204281],[-105.53410886039138,36.091476858854989],[-105.53410586024972,36.091446859265865],[-105.53409386059026,36.09141585963102],[-105.53405986081562,36.091441859037239],[-105.53409786077736,36.091435859656748],[-105.53406486014829,36.091444859175752],[-105.53402986032521,36.091446859270285],[-105.53400285997174,36.091428859338428],[-105.53396586005442,36.09141285949967],[-105.53394986020983,36.091384859104473],[-105.53392986018017,36.091359858848335],[-105.53390686001102,36.09132985926037],[-105.53387286023364,36.091324859030998],[-105.53383186013349,36.091337859634827],[-105.53379786035687,36.091340858876279],[-105.53377486018827,36.091316859565929],[-105.53374186045613,36.09129885963435],[-105.53370586058595,36.091292859358866],[-105.5336818603751,36.091314859478807],[-105.53368886070193,36.091342858975189],[-105.53365686011686,36.091325859089864],[-105.53362986066287,36.091308859204219],[-105.53359186069926,36.091293859411827],[-105.53355485988263,36.09127785957304],[-105.533525860336,36.091261858834486],[-105.53348786037337,36.091257859550971],[-105.53349086050878,36.091216859452544],[-105.53346286010897,36.091198859520716],[-105.53344986040834,36.091226859018271],[-105.53341086039966,36.09122585897429],[-105.53337586057658,36.091227859068823],[-105.53334486003811,36.091213859322252],[-105.53313886037799,36.091137859415355],[-105.53314186051686,36.091136859368937],[-105.5341978598582,36.089656859183393],[-105.53470186073118,36.089665858671133],[-105.53483786073811,36.08966585866321],[-105.53495886004973,36.089662858517364],[-105.53508486049199,36.089655859085518],[-105.53520086047041,36.089643858523552],[-105.53530886097721,36.089628858722591],[-105.5354108603062,36.089609858736942],[-105.53549186046075,36.089590858752537],[-105.53557386066143,36.089568858629264],[-105.53565986104702,36.089542859219989],[-105.53575086076482,36.089513858772321],[-105.53594586080172,36.08944485916593],[-105.53634686048466,36.089291859258608],[-105.53652086044831,36.089228859031699],[-105.53661586035119,36.089196858445014],[-105.53670586092201,36.089168858943026],[-105.53679086126147,36.089144858727011],[-105.53687386060912,36.089122858603652],[-105.53696686042035,36.089102858572261],[-105.53706386131643,36.089084858633221],[-105.53716386055324,36.089070858878955],[-105.53726786087496,36.089059858363989],[-105.53737486133591,36.089050858840693],[-105.53748686112961,36.089045858602873],[-105.53760386115513,36.089042858457283],[-105.53772586141277,36.089043858496417],[-105.5379388613912,36.089050858807866],[-105.53817886082292,36.089065858588562],[-105.53841186082987,36.08908485855472],[-105.53897986107521,36.089137858275734],[-105.53913386101803,36.089149858821941],[-105.53927186111854,36.089159858377258],[-105.53941986168213,36.089166858692465],[-105.53955786178213,36.089170858869494],[-105.5396868614648,36.08917185890828],[-105.53980886172207,36.089168858762378],[-105.53994186158937,36.089161858430714],[-105.54006886117824,36.089149858767513],[-105.54018886134163,36.08913385891961],[-105.54030386127286,36.089111858794375],[-105.54041386187141,36.089086858530671],[-105.54051886133838,36.089055858889004],[-105.54061986151893,36.089019858116856],[-105.54071586146738,36.088979858059332],[-105.54089486166097,36.088896858705482],[-105.54103586189355,36.088827858202976],[-105.54115986133864,36.088762858785806],[-105.54126986193374,36.088698858516395],[-105.54137086211175,36.088633858201256],[-105.54146086177992,36.088568858786068],[-105.54153986183766,36.088502858425898],[-105.54160986147826,36.088435858020006],[-105.54166186208413,36.088377858031549],[-105.54171186169792,36.088318857996988],[-105.54175886207179,36.088256858723113],[-105.54180186226009,36.088192858457582],[-105.54184286145623,36.088126858099642],[-105.54187986226545,36.088058858548742],[-105.5419138620362,36.087988858006206],[-105.54194586171407,36.087916858270511],[-105.54220486199048,36.087527858244727],[-105.54224186189795,36.08743185829772],[-105.54227186148125,36.087338858489908],[-105.54229586168603,36.087247857875667],[-105.54231286156657,36.087157858207412],[-105.5423238620685,36.087069857732743],[-105.54232686219993,36.086983858250363],[-105.54232386205348,36.086899857961548],[-105.54231486162908,36.086816857719334],[-105.54230586210777,36.086775858520994],[-105.54229086140903,36.086734858423604],[-105.54227186142435,36.086694858372731],[-105.54224686206096,36.086654858322234],[-105.54221686156664,36.086615858318311],[-105.54218186173988,36.086575858268311],[-105.54214086163512,36.086536858265021],[-105.54209386215172,36.086497858262071],[-105.54204186153724,36.086458858259384],[-105.54198386154398,36.086418858210841],[-105.54191886212566,36.086378858162611],[-105.54184686148342,36.086336858022314],[-105.54168986139521,36.086252857742451],[-105.54136686170172,36.086091858406462],[-105.54123486187413,36.086023857966076],[-105.54110486123946,36.085950858193613],[-105.54104986138566,36.085915858376161],[-105.54099886171737,36.085882857751727],[-105.54094186177031,36.085840857610499],[-105.54089186124828,36.085799858414525],[-105.54084786100435,36.08575885831884],[-105.54080986103851,36.085717858222822],[-105.54077886139697,36.085676858126426],[-105.54075386113408,36.085634857983386],[-105.54073386110291,36.085592857840055],[-105.54072086139611,36.085550857696319],[-105.540712861022,36.085512857737335],[-105.54070886173253,36.085473857731884],[-105.5407058615899,36.085432857633805],[-105.54070686163254,36.085390858388564],[-105.5407108609147,36.085346858151297],[-105.54071686118876,36.085301857867648],[-105.54072586160157,36.085253858344345],[-105.5407378612538,36.085202857782825],[-105.54076286150539,36.085116858299145],[-105.54079686127366,36.085018858259808],[-105.54092686097349,36.084689857420145],[-105.54097186124945,36.084568858114658],[-105.5410078611087,36.084451858095484],[-105.54102086170633,36.084397857395039],[-105.54103186131222,36.084346857732804],[-105.54106086174174,36.084176857959918],[-105.54108586108649,36.084005858141019],[-105.54110786119155,36.08383485742295],[-105.54112586111118,36.083662857558217],[-105.54184886131399,36.083369857450258],[-105.54194386115877,36.082680857044224],[-105.54139686089749,36.081610857035038],[-105.5409458606386,36.081111857357293],[-105.54070786122955,36.080303856860994],[-105.54063686058282,36.079685857051558],[-105.54125486133344,36.079590857116983],[-105.54118286064244,36.07899685661927],[-105.54073186039609,36.078639857215933],[-105.54001886061816,36.078496856936766],[-105.53959086051532,36.077878857148036],[-105.53906786051935,36.077403856786212],[-105.53778386035972,36.077237857274753],[-105.53718985981772,36.077284856785838],[-105.53709485986587,36.076761856876324],[-105.53699985993295,36.076452856975024],[-105.53809286018044,36.076001856730194],[-105.53768885938271,36.075288857041507],[-105.53728485959121,36.07578785676899],[-105.53669085997379,36.076120856921428],[-105.53612085961521,36.075834857212513],[-105.53509885898092,36.075383857090713],[-105.53507685887352,36.075527856559667],[-105.53502685928369,36.075858856587914],[-105.5355498592796,36.076333856949738],[-105.53562185906497,36.07685685686058],[-105.53516985971359,36.076975856996519],[-105.53438585928902,36.076215856954086],[-105.53371985895544,36.075668856866741],[-105.53286385875802,36.074527857187867],[-105.53269185886369,36.074325856845462],[-105.53269585814837,36.074310857050627],[-105.53270085837798,36.074286856839265],[-105.53270285846851,36.074262856628124],[-105.53270185841997,36.074237856370843],[-105.53269785823241,36.07421285701308],[-105.53269185885141,36.074186856709836],[-105.53268285843204,36.074160856406806],[-105.53265685812168,36.074105856561708],[-105.53262485843295,36.074054856901981],[-105.53258285828036,36.073998857011553],[-105.53253585879546,36.07394285712143],[-105.53240285891408,36.073790856392023],[-105.53236585809479,36.073744856963977],[-105.53233485845317,36.073702856821257],[-105.53230485885739,36.073654856400921],[-105.53228185868694,36.073609857018283],[-105.53226485879466,36.073566856828535],[-105.53225485832765,36.073525856730868],[-105.53225185818572,36.07349285700294],[-105.53225185818253,36.073456856236717],[-105.5322548583183,36.073419856323341],[-105.53226185863902,36.073377857077766],[-105.53228285870591,36.073299857065152],[-105.5323428587715,36.073108856318889],[-105.53235585847008,36.073057856656575],[-105.53236285879049,36.07301285637287],[-105.53236585802614,36.072966856942472],[-105.53236185873631,36.072923856751892],[-105.53235185826952,36.072885856793093],[-105.53233485837789,36.072849856927178],[-105.53231785848725,36.072824856670849],[-105.5322968584112,36.07279985641474],[-105.53226985805716,36.072774856158993],[-105.53223885841696,36.072748856756526],[-105.53217285805248,36.072702856430823],[-105.53199585793433,36.072590856655324],[-105.5319498584977,36.072556856883651],[-105.53191185853267,36.072525856350943],[-105.53172685803855,36.07235385649799],[-105.53160185853065,36.07223285630306],[-105.5315468577755,36.072174856320842],[-105.53149885824448,36.072121856569552],[-105.53145585804612,36.07207185695674],[-105.53141885812592,36.072023856536788],[-105.53138685843763,36.071977856209102],[-105.5313598580821,36.071935856066183],[-105.53133985805111,36.071895856914715],[-105.53132485825203,36.07185885610307],[-105.53131585783187,36.071823856282947],[-105.53131285769011,36.071792856647576],[-105.53131585782658,36.071763856205031],[-105.53132385819512,36.071738856846558],[-105.53133185766526,36.071724856198394],[-105.53134185812759,36.071712856541943],[-105.53135485782963,36.0717008568853],[-105.53136885847735,36.071688856329288],[-105.53137485785621,36.071690856421498],[-105.53143685803251,36.07170385612001],[-105.53149185788401,36.071712856533196],[-105.53154385849555,36.071718856807784],[-105.5315908579757,36.071720856897535],[-105.5318338584448,36.071724856169197],[-105.53190885832279,36.071722856072299],[-105.53197485778354,36.071718856782717],[-105.53203985809709,36.071711856455089],[-105.53209885813227,36.071701855988941],[-105.53215285793553,36.0716888562837],[-105.53220185840603,36.071671856393671],[-105.53224785783772,36.071649856272494],[-105.53229385816788,36.071617856587949],[-105.5323418585901,36.07157885657945],[-105.53243585844167,36.071490856099963],[-105.53247685853979,36.071454856230666],[-105.53252185792421,36.071421856499967],[-105.53256585816233,36.071396856240078],[-105.53259185846684,36.071385856628936],[-105.53262085801119,36.0713758561646],[-105.53265185854765,36.071367856692014],[-105.53268485827773,36.071361856412508],[-105.53271985810055,36.071356856179129],[-105.53275785806251,36.071353856038165],[-105.53284185835777,36.071353856033276],[-105.53291985837538,36.071357856213787],[-105.53300885800377,36.071366856625005],[-105.53329485866998,36.071406856660325],[-105.53338485834493,36.071417856264667],[-105.53346585850177,36.071424856583867],[-105.53353285890866,36.071425856626199],[-105.53356585863904,36.07142385653173],[-105.53359485818399,36.071420856391256],[-105.53362185853535,36.071415856158382],[-105.5336458587476,36.071408856732454],[-105.53366785886708,36.071400856361038],[-105.53368685884728,36.071390855897299],[-105.53370385873471,36.071378856240415],[-105.5337188585293,36.071365856537412],[-105.5337378585084,36.07134285637153],[-105.53375485839445,36.071314855974421],[-105.53376985818744,36.071283856337992],[-105.53378285878668,36.071247856470364],[-105.53379385839368,36.071208856464025],[-105.53380185876067,36.07116685631906],[-105.53380785813533,36.071120855989115],[-105.53381085827021,36.071073856512449],[-105.53381185831203,36.071022855951504],[-105.53380985821481,36.070970856243811],[-105.53380585892404,36.070917856489913],[-105.53379885859518,36.070866855929431],[-105.53378885812738,36.070816856314735],[-105.53377785851283,36.070769855939538],[-105.53376385875947,36.070725856602657],[-105.53374885806097,36.070686856597845],[-105.53372785888301,36.070647856593361],[-105.53370085852774,36.070608856589224],[-105.53366785879392,36.070571855778645],[-105.53362885878209,36.070535855914024],[-105.53358385849251,36.070501856142222],[-105.53353185877775,36.070467856370897],[-105.53347285873878,36.070434855746917],[-105.53340785842184,36.070402856068839],[-105.53334885838349,36.070376855768693],[-105.53328485811339,36.070350856368108],[-105.5332148584646,36.070324856068609],[-105.533136858445,36.070297855723339],[-105.53298585863813,36.070250856255583],[-105.53287185784903,36.07021685648786],[-105.53283685802241,36.070178856530454],[-105.53279185863157,36.070138856481108],[-105.53273885797064,36.070098856432203],[-105.5326378577807,36.070027855851194],[-105.53252185779424,36.069948855800313],[-105.53240185852229,36.069875856027181],[-105.53228085830527,36.069809855678727],[-105.53215985808909,36.069752855746565],[-105.53203885787347,36.069702856138335],[-105.53197885778923,36.06968185606955],[-105.53191985775135,36.069661856047006],[-105.53186085771378,36.069644856163258],[-105.5318018576764,36.069629856372011],[-105.53174385768551,36.069616855773958],[-105.53168685774112,36.069605856167627],[-105.53164885777838,36.069600855938546],[-105.53160885772313,36.069596855755819],[-105.53156585752909,36.069595855712009],[-105.53151885804905,36.069595855714745],[-105.53143085756882,36.069599855904968],[-105.53122585796291,36.06961385656458],[-105.53112685787218,36.069616855809819],[-105.53108085753908,36.069615855766266],[-105.53103885739118,36.069612856529218],[-105.53099985738207,36.069606856253877],[-105.53096285746554,36.069599855932175],[-105.53084785752999,36.069572856488328],[-105.53075385766839,36.069546856190208],[-105.53067085741698,36.069518855798904],[-105.5305978576289,36.069489856260113],[-105.53053385735834,36.069457856582041],[-105.5304788575046,36.069423855911495],[-105.5304338572147,36.069386856000932],[-105.53041385808483,36.069367856022424],[-105.53039685729532,36.069347855997378],[-105.53036485760728,36.069304855808483],[-105.53034285748411,36.069270856035416],[-105.53032885773197,36.069239856400642],[-105.5303208573589,36.06921285605128],[-105.5303208573567,36.069187855793956],[-105.53032585758606,36.069161856389407],[-105.53033585804698,36.069133855992696],[-105.53035185788654,36.069104856448732],[-105.53037285795766,36.069073855912585],[-105.53039885736092,36.069040856182973],[-105.53043085794158,36.069007856453005],[-105.530465857762,36.068975855869795],[-105.53050085758282,36.068948856417265],[-105.53054385777462,36.068923856157447],[-105.53059385739158,36.068900855989767],[-105.53065085733324,36.068880855960479],[-105.53071385755314,36.068863856069591],[-105.53078385809756,36.0688478562246],[-105.53086085806738,36.068835855664979],[-105.53094285736965,36.068824856050576],[-105.5309888577025,36.068822855955396],[-105.53103585808179,36.068822855952675],[-105.53108685774761,36.068827856180995],[-105.53114085755271,36.0688358556487],[-105.53124285778458,36.068856855714969],[-105.5314298574613,36.068906856218753],[-105.53150385819407,36.068924856147859],[-105.53157785802716,36.068938855892007],[-105.53164385748913,36.068947856304504],[-105.53192685801525,36.068975855784863],[-105.53206885830122,36.068986856285491],[-105.5322058583551,36.068993855702097],[-105.53232585762059,36.068993855695126],[-105.53238485765645,36.068990855552897],[-105.53243985840615,36.068986856263912],[-105.53249285816354,36.068979855936988],[-105.53254185773551,36.068971855564044],[-105.53258885811388,36.06896085595168],[-105.53263185830677,36.068948856293353],[-105.53267285840674,36.068933855596974],[-105.53271085836752,36.068916855707613],[-105.53275185846692,36.068895855632938],[-105.53279185851987,36.068872856365147],[-105.53282985848004,36.068848856151924],[-105.53286685839355,36.068821855799904],[-105.53290285826057,36.068792856254746],[-105.5329378580812,36.068762855764099],[-105.53297085780892,36.068730856080329],[-105.53300285838938,36.068695856257833],[-105.53309885834017,36.068681855604538],[-105.53319285819799,36.068664855711909],[-105.53328485796288,36.068644855680532],[-105.53337485853416,36.068621855510514],[-105.53346385815945,36.068595856101105],[-105.53355085859118,36.068566855653657],[-105.53363585803058,36.068533855920627],[-105.53371885827634,36.068498856095147],[-105.5337838585877,36.068466855510202],[-105.53385385823043,36.068424856260947],[-105.53391685844804,36.068380856020298],[-105.53406185796345,36.068275855650583],[-105.53413285855146,36.068228856169938],[-105.53419785796288,36.068190856206762],[-105.53426085818174,36.068161855760728],[-105.53430685851319,36.068143855824566],[-105.5343598582698,36.06812785598057],[-105.53453685837415,36.068083855733235],[-105.53459685845509,36.068066855842559],[-105.53464985821152,36.068048855906049],[-105.53469585854282,36.068029855923662],[-105.53472985831816,36.068011855988196],[-105.5347638580932,36.067990855914019],[-105.5347978587674,36.067967855747206],[-105.53483185854196,36.067940855395406],[-105.53489685885106,36.067883855452457],[-105.53501385886671,36.067768855521116],[-105.53506285843532,36.067722856088004],[-105.53511685823575,36.067677855801534],[-105.53516785879727,36.06764185593169],[-105.53526785892915,36.067579855755397],[-105.53537185834743,36.067521855763935],[-105.53547785875799,36.067466855911142],[-105.53558685840861,36.06741585534391],[-105.53569785905162,36.067369855907238],[-105.53580785874944,36.067328855802586],[-105.53591885849399,36.067291855882992],[-105.53602985913834,36.067260855341601],[-105.53616885838197,36.067226855559163],[-105.53630685847915,36.067198855155034],[-105.53643985924454,36.067177855075037],[-105.53656985897207,36.06716185522653],[-105.53669385842213,36.067152855702318],[-105.53681285854037,36.067149855556586],[-105.5369258592805,36.067153855735064],[-105.5370328588438,36.067163855292172],[-105.53708085927008,36.067170855613242],[-105.53712985884371,36.067181855220007],[-105.53718085940973,36.067196855011673],[-105.5372348592157,36.067214855841314],[-105.53733285926374,36.067252855795068],[-105.53755485876778,36.067348855726991],[-105.53761085866675,36.067370855842256],[-105.5376608591867,36.067388855772826],[-105.5377068595209,36.067402855518516],[-105.53775085886288,36.067413855125587],[-105.53779385905763,36.067422855539434],[-105.53783485915955,36.067429855860944],[-105.53804185886167,36.067456855299397],[-105.53810685917632,36.067462855573218],[-105.53816385911993,36.067464855662408],[-105.53822085906326,36.067463855612836],[-105.53827185962746,36.067458855378582],[-105.53831885910668,36.06744985585879],[-105.53836185929948,36.067436855254819],[-105.53840885967715,36.06741785527236],[-105.53845385906246,36.067394855104979],[-105.53849385911525,36.067370855790905],[-105.53852785888998,36.067345855531656],[-105.53855085905452,36.067323855411793],[-105.53857185912611,36.06729885515324],[-105.53859085910477,36.06727085565533],[-105.53860885903669,36.067237855026875],[-105.5386268589676,36.06719385568811],[-105.53864385885147,36.067141855079967],[-105.53866485891793,36.067058855735375],[-105.53867185923873,36.067017855636735],[-105.53867585942028,36.066974855445679],[-105.53867485936985,36.066928855116217],[-105.53867185922655,36.066879855547356],[-105.53866385885132,36.066828854986909],[-105.53865385928231,36.066772855094648],[-105.5386168593532,36.066623855397829],[-105.53860185955278,36.066570855644592],[-105.53858185952048,36.066515854899826],[-105.53855985939556,36.066461855100719],[-105.53853385908528,36.066407855301911],[-105.53850385948893,36.066353855503294],[-105.53847085885421,36.066298855658573],[-105.53843485897977,36.066243854914724],[-105.53839485892009,36.066189855116683],[-105.53832185912663,36.06609985545365],[-105.53824085896255,36.066010854938014],[-105.53814985923441,36.065921855322344],[-105.53805085913551,36.065832854807752],[-105.5379538591302,36.065753854755748],[-105.53785085884685,36.065674855603355],[-105.53774185918495,36.065597854745228],[-105.53762685924517,36.065522854879305],[-105.53750685907391,36.065449855106202],[-105.53738285871748,36.065378855425841],[-105.53725485907523,36.065310854985221],[-105.5371258584877,36.06524685472975],[-105.53704785846739,36.065211854913656],[-105.53696885840083,36.065177855143816],[-105.53688885828808,36.065144855420392],[-105.53680685898205,36.065113854890228],[-105.53672485877695,36.065084855351955],[-105.53663985843295,36.065057855007069],[-105.53655485898841,36.065031855607764],[-105.53646785855211,36.065008855448042],[-105.53637985896881,36.064985855288391],[-105.53629085844008,36.064965855267516],[-105.53620085876443,36.064946855293037],[-105.53610885809699,36.064929855411222],[-105.53601585828258,36.064913855575682],[-105.53592185842211,36.064900854979733],[-105.53582585846904,36.064888855329485],[-105.53572985851605,36.064877854826108],[-105.53570985848435,36.064829855304502],[-105.53566785833533,36.064813855466021],[-105.53561185843628,36.064791855350755],[-105.53547085817615,36.064547854862106],[-105.53541585832095,36.064496855203721],[-105.53539385819381,36.064417855147305],[-105.53518685848371,36.064300855142228],[-105.53506885839876,36.064155854735901],[-105.53493185833747,36.064064855030331],[-105.53476885796911,36.063956855439059],[-105.5346048584579,36.063895855324418],[-105.53451585792605,36.063839855436655],[-105.53408685781834,36.063691854909607],[-105.53398185834654,36.063668854750915],[-105.53367985783062,36.063542855234303],[-105.5334538581512,36.063559855134606],[-105.53310185801456,36.063413854695618],[-105.53299185741389,36.063414854748252],[-105.53283385727991,36.063336854746034],[-105.53272485762452,36.06333385551288],[-105.53262485748488,36.06330785521515],[-105.53247385767368,36.063211855279043],[-105.53241085745076,36.063194855395537],[-105.53226585792272,36.063156855444518],[-105.53219785746623,36.06311885548908],[-105.53209085790418,36.063122854781],[-105.53203885728693,36.063052855142736],[-105.53180085703623,36.062896855133772],[-105.53178685728639,36.062892854949474],[-105.53170885726708,36.062868854742987],[-105.53157585739193,36.062786855453595],[-105.53139885727398,36.06267685487127],[-105.53128585743433,36.062685855294241],[-105.53123585690952,36.062612855517095],[-105.53122385725209,36.062604855147633],[-105.53102285691944,36.06247385539384],[-105.53091385725348,36.06235085510545],[-105.53081185701738,36.06228185551636],[-105.53077385705281,36.062255855215014],[-105.53069385694079,36.062231855008577],[-105.53066685748669,36.062213855076727],[-105.52994485730984,36.062276855335405],[-105.52963685652294,36.062230855023756],[-105.52937885714836,36.062123855484316],[-105.52883585625629,36.061995854989824],[-105.52855785686123,36.061967855509245],[-105.52827785646618,36.061849855462107],[-105.52797085662506,36.061804855196655],[-105.52774185679446,36.061683855007821],[-105.52744285642268,36.061615855476383],[-105.52669885608297,36.061194854927706],[-105.52613485600794,36.060970855388874],[-105.5256788555394,36.060720855540261],[-105.52531585577314,36.060357854954816],[-105.52516185581133,36.060129855207158],[-105.5249328559742,36.059934855191898],[-105.52485185579579,36.059683855275203],[-105.52466085592059,36.059484855072725],[-105.52406285510985,36.058585854883709],[-105.52397985483933,36.058340855244722],[-105.52377885540039,36.058145855227814],[-105.52346585524528,36.057692854972231],[-105.52310685476482,36.057326855147053],[-105.52286785446948,36.057190855164116],[-105.52271485456086,36.057040854528488],[-105.52262185472838,36.056819855101082],[-105.52239085479901,36.056629854417963],[-105.52212385485315,36.054772854853553],[-105.52200685480699,36.054541854065569],[-105.5219728541072,36.054274854305241],[-105.52174385425016,36.053853854625871],[-105.52117985414708,36.053310854717566],[-105.52094485403703,36.053173854688069],[-105.52036085390736,36.052641854390501],[-105.52022985411607,36.052459854071721],[-105.52000985380118,36.052315854616836],[-105.51981785387933,36.052113854275582],[-105.51957285330509,36.051967853830327],[-105.51942185348491,36.05176985457112],[-105.51920985353884,36.051603854097905],[-105.51871185382035,36.051335854318218],[-105.51781285346819,36.050637854452795],[-105.51723385269905,36.050424854524444],[-105.51677985322117,36.05015985398159],[-105.51626385267272,36.049938853679471],[-105.51604685249679,36.049793854178162],[-105.51601285269642,36.049527854464017],[-105.51604985259293,36.049306854129782],[-105.51659885280708,36.048791853653547],[-105.51671485276975,36.048600853803364],[-105.51701885246156,36.048528854051902],[-105.51835685330089,36.04842185352036],[-105.518663853142,36.048466853785818],[-105.51883085280033,36.048619853660199],[-105.51911085319537,36.048737853707301],[-105.51936285319705,36.048910853602692],[-105.51958985383277,36.049014853904502],[-105.51987385350841,36.049070853780918],[-105.52074385336691,36.049211853958546],[-105.52241585439289,36.049077853957165],[-105.52300985402319,36.04888985331867],[-105.52333285459781,36.048844853915931],[-105.52358985390414,36.048702853626565],[-105.52441985453702,36.04804885299842],[-105.52468885439977,36.047910852893395],[-105.52555985426784,36.047633853517119],[-105.52723185529378,36.047499853515752],[-105.52754785464259,36.047430853003021],[-105.52780685494052,36.047284853427819],[-105.5286648551017,36.046964852962219],[-105.52890985564898,36.046804852740088],[-105.52947285563937,36.046593852837937],[-105.53011285561078,36.046498852902154],[-105.53066285589419,36.046243852763716],[-105.5312868560213,36.046123852571583],[-105.53246385567425,36.045779852775723],[-105.53335085628062,36.045467852678541],[-105.53368485646727,36.045440852309326],[-105.53399885662111,36.045353852762609],[-105.5353338564213,36.04523885186115],[-105.53585385714726,36.045370852542057],[-105.53610485701235,36.044519851826486],[-105.53621185657184,36.044485852045923],[-105.53628985658904,36.044485852041383],[-105.53645185689911,36.044458851682094],[-105.53659985655507,36.044370852098773],[-105.53676185686575,36.04435085206341],[-105.53683085646189,36.044304851729848],[-105.53701885707359,36.044233852031368],[-105.5371808573878,36.044253852047937],[-105.53757485676613,36.044324851712609],[-105.53772685750957,36.044268851810855],[-105.53806385693652,36.04424885176531],[-105.53823085747338,36.044165851512858],[-105.53858585682769,36.044061852076581],[-105.53900885754908,36.044123852222491],[-105.53915285702507,36.04409685186431],[-105.53918085741732,36.04402985146087],[-105.53937485740437,36.043919851756336],[-105.53944585708064,36.043731852047564],[-105.53956285710353,36.043698851413346],[-105.53967785703338,36.043661851493461],[-105.53979185781593,36.043620851388596],[-105.53990285755971,36.043575851998227],[-105.53998685785179,36.043539852126393],[-105.54006985719803,36.043501852162166],[-105.54014985730441,36.04346185210553],[-105.54022685727178,36.043421852049107],[-105.54030185714623,36.043379851900255],[-105.54037385778092,36.043336851705263],[-105.54044185733088,36.043292851464336],[-105.54050585759478,36.043248851223559],[-105.54064285763947,36.043150852077538],[-105.54074185772384,36.043075851299804],[-105.54082585801298,36.043005851653689],[-105.54089785774632,36.042939851293937],[-105.54096085796192,36.042873851834059],[-105.54101185762156,36.042808851521841],[-105.54103285769258,36.042776851838752],[-105.54105185767089,36.042744851256501],[-105.5410678575103,36.042713851619951],[-105.54108185725697,36.042682851983585],[-105.54110485741739,36.042613851487879],[-105.5411218572995,36.042541851753093],[-105.54113385784896,36.042466851879787],[-105.54113885807418,36.042392851153828],[-105.54113685797515,36.042320851420079],[-105.54112885759847,36.042252851871794],[-105.54111485784345,36.042189851655884],[-105.54109485781098,36.042132851717867],[-105.54107285768694,36.042088851482099],[-105.54104285719229,36.042045851293075],[-105.54100585727248,36.042001851058188],[-105.54095985783495,36.041957851723176],[-105.54090785722006,36.041913851489149],[-105.54084585794034,36.041868851209458],[-105.54077485734396,36.04182085169078],[-105.54068785780427,36.04176685099614],[-105.54045185764764,36.041626851727287],[-105.54033485761563,36.041556851193469],[-105.54021585749142,36.041491851790397],[-105.5400868569038,36.04142685148863],[-105.53995485707702,36.041367851464607],[-105.53981985711162,36.041312851625833],[-105.53968185700758,36.041262851119185],[-105.53954085676487,36.041216851697136],[-105.53939685728298,36.041176851653553],[-105.53925085680949,36.041140851795078],[-105.53910085705041,36.041109851268928],[-105.53894785715271,36.041083851873552],[-105.53879285716269,36.041061851764027],[-105.53863385698786,36.041045851032997],[-105.53847285672067,36.04103385138648],[-105.53830785716782,36.041025851025957],[-105.53814085662349,36.041023851842411],[-105.53797085683978,36.041025851045539],[-105.53779685687128,36.041033851425723],[-105.53766585709026,36.040967851077802],[-105.53654885657963,36.040848851932324],[-105.53545485623766,36.04075385119787],[-105.53486085566225,36.040420851114497],[-105.53338685564525,36.039731851698768],[-105.53332485546991,36.039728851563574],[-105.53304185581275,36.039355851410157],[-105.53278385553114,36.039160851396574],[-105.53247385555375,36.03914685166616],[-105.53224185559135,36.039107851673954],[-105.53198285529066,36.039222851613538],[-105.53177585560333,36.039363851853736],[-105.531568855011,36.039440851830925],[-105.53140085532083,36.039452851496556],[-105.53120785536366,36.039374851496348],[-105.5309888550952,36.039231851188319],[-105.53082185542986,36.038998851210046],[-105.53075785514842,36.03884385123721],[-105.53057785488637,36.038675851568961],[-105.53040985518949,36.038610851269425],[-105.53008685460512,36.038544851831936],[-105.53002285523664,36.038544851835638],[-105.52968685495594,36.038555851464778],[-105.52962185465319,36.038684852040852],[-105.52963185514157,36.038968851689823],[-105.52960885497976,36.03902185144522],[-105.52939885515019,36.039126851818715],[-105.52926685443393,36.039179851580457],[-105.52924685442137,36.039349851352846],[-105.52896685495091,36.039517851947103],[-105.52879985439415,36.039374851636126],[-105.52871385488397,36.039129851997266],[-105.52851485460602,36.03856685204169],[-105.52833785448824,36.038457851505648],[-105.5283318542036,36.038382851633393],[-105.52833285424323,36.038306851714424],[-105.52833585438022,36.038283851549473],[-105.5283408546097,36.038258851291914],[-105.52836085463247,36.03820485149037],[-105.52838785408039,36.038152851780971],[-105.52845785461531,36.038028851435897],[-105.52847385445452,36.037995851706867],[-105.52848585410869,36.037966851263789],[-105.52849485452303,36.037935851627658],[-105.52849985475228,36.037907851231289],[-105.52850085479623,36.037880851780685],[-105.5284968546086,36.037854851477334],[-105.52848585409576,36.037819851657318],[-105.52846885420398,36.037781851698909],[-105.52844585403405,36.037742851694482],[-105.52841685448523,36.037701851597973],[-105.52838185465838,36.037660851501734],[-105.52834285464608,36.037618851359497],[-105.52829985444852,36.037577851263741],[-105.52825485415853,36.037539851306974],[-105.52822985389777,36.037521851374933],[-105.52820185439747,36.03750585153562],[-105.52817285395172,36.037491851788943],[-105.52814085426633,36.037478851189356],[-105.52810585444216,36.037467851581752],[-105.5280688545254,36.037458851167493],[-105.52802985451621,36.037451851745239],[-105.52798685432172,36.037445851470125],[-105.52790985435031,36.03743985119705],[-105.52782085382317,36.037437851109672],[-105.52773185419566,36.037438851161092],[-105.52749785414461,36.037445851498518],[-105.52737185370167,36.037444851459597],[-105.52730785433282,36.037440851278248],[-105.52724985434266,36.037435851949574],[-105.52719585453747,36.037426851536324],[-105.52714585401827,36.037416851975898],[-105.52696985393833,36.037211851494959],[-105.52617185381233,36.036994851394155],[-105.52616785362321,36.036951851203639],[-105.52610185413653,36.036661851280307],[-105.52602285406947,36.036621851232958],[-105.52573285410574,36.036450851432285],[-105.52545585385545,36.036397851694225],[-105.52496785372581,36.036410851424691],[-105.52479685390608,36.036529851544266],[-105.52475885304621,36.036548851526192],[-105.52475985309235,36.036546851433648],[-105.52399485363063,36.036720851434346],[-105.52395085338952,36.036711851919819],[-105.52390385300956,36.036704851598692],[-105.52385185329733,36.036698851324111],[-105.52379585339995,36.036694852041578],[-105.52368485365187,36.036691851909261],[-105.52339185356408,36.036690851879968],[-105.52330985336114,36.036686851699692],[-105.52323785272205,36.036679851380008],[-105.52319785356586,36.036673852004043],[-105.52316085275002,36.036666851682348],[-105.52312585292599,36.036657851267996],[-105.52309285319454,36.03664785170659],[-105.52306285270264,36.036635852052441],[-105.5230348532026,36.036622851452606],[-105.52300885289577,36.036607851659461],[-105.5229848526814,36.036590851773653],[-105.5229268526878,36.036546851540038],[-105.52287485297215,36.036501851259736],[-105.52282985268172,36.03645885197087],[-105.52279185271574,36.036416851828577],[-105.52276085307436,36.036376851778414],[-105.52273785290454,36.036338851820283],[-105.52272085301287,36.036302851954375],[-105.52271185259288,36.036268851281186],[-105.52319085320103,36.036213851406735],[-105.52376085351766,36.036023851576438],[-105.52328585304822,36.035548851211672],[-105.52324885313226,36.035548851213811],[-105.52324785308198,36.035503851829873],[-105.52325085321714,36.03545985159267],[-105.5232568534913,36.035415851355303],[-105.5232648529588,36.035371851117795],[-105.5232838529345,36.035309851845518],[-105.52330985323464,36.035248851719778],[-105.5233418529135,36.035187851593683],[-105.52338185296324,36.035128851559712],[-105.52399885275918,36.034930851356499],[-105.52445085297011,36.034359850993056],[-105.52454585283812,36.033931850971037],[-105.52359485281288,36.033670851541437],[-105.52257285312393,36.033741851288319],[-105.5223108526812,36.033822851453735],[-105.52221785286652,36.033803851479377],[-105.52212685224497,36.033781851366129],[-105.52203885266141,36.03375585106766],[-105.521952852271,36.033727851575854],[-105.52186985291863,36.033695850999486],[-105.52178885275927,36.033660851183534],[-105.52171085273872,36.033622851228664],[-105.52163485281054,36.033580851088573],[-105.52153185252887,36.033520851016561],[-105.52145485255375,36.033472851498225],[-105.52138785214306,36.033428851265121],[-105.52133285228865,36.033386851123829],[-105.52128585280511,36.033346851074533],[-105.52124885198654,36.033308851117219],[-105.5212228525772,36.033272851251816],[-105.52120585268577,36.03323885147848],[-105.52120185249888,36.033221851591456],[-105.52120085245096,36.033203851658101],[-105.52120285254217,36.033186850871431],[-105.52120785277225,36.033168850937713],[-105.52121585224199,36.033149850957521],[-105.52122785279637,36.033130850977095],[-105.5212428525904,36.033110850950258],[-105.52126085252347,36.033090850923216],[-105.52130085257514,36.033053851007708],[-105.52135185223682,36.033011850860241],[-105.52141185231548,36.032968851565315],[-105.52159185255161,36.032842851121366],[-105.52164485230617,36.032802851066279],[-105.52168885254319,36.032765851150572],[-105.52173285277989,36.032724851049778],[-105.52176685255331,36.03268485099585],[-105.52179185280903,36.032645850988686],[-105.52180885269426,36.032608851074492],[-105.52182585257715,36.032545850856778],[-105.52183785222837,36.032482851538624],[-105.52184385250065,36.032417851228999],[-105.52184485254115,36.032350850827115],[-105.52189085287299,36.0323378511223],[-105.52193085202727,36.032322851325361],[-105.5219588524244,36.032310850768525],[-105.52198385268237,36.032296851018657],[-105.5220058528013,36.032282851268988],[-105.52202485278102,36.032266851426961],[-105.52204185266807,36.032250850685735],[-105.52205685246227,36.032232850751427],[-105.52208485285672,36.032190851504645],[-105.52210185274215,36.032155850783667],[-105.52211885262689,36.032113850638169],[-105.5221688522319,36.031954851372923],[-105.52219185239294,36.0318928512011],[-105.52220585213968,36.031861850665415],[-105.52222185287874,36.031834851213937],[-105.52223985281131,36.031809850955554],[-105.5222588527906,36.031788850882236],[-105.52229285256482,36.031757851244649],[-105.52232985247808,36.031727850753875],[-105.52236785243788,36.031699851254871],[-105.52240885253691,36.031673850948913],[-105.52245185272872,36.031649850735398],[-105.52249685211405,36.03162685056801],[-105.52254385249164,36.031606850539241],[-105.52259285296196,36.031587850556733],[-105.52264485267216,36.031570850666483],[-105.52269785242876,36.031554850822488],[-105.52275385232473,36.031541851117105],[-105.52281185231341,36.031529850558591],[-105.52287185239491,36.031519850991799],[-105.52293485261566,36.031511850617996],[-105.52299885288294,36.031505851235977],[-105.52306585239,36.031501851047047],[-105.52330285257348,36.03141985083677],[-105.52363685276015,36.031392850467583],[-105.52383085274312,36.031236850433501],[-105.52430785324779,36.031058851163813],[-105.52435485270894,36.030844851152779],[-105.52489185326478,36.030310850697575],[-105.52541985343447,36.030128850340496],[-105.5260878529084,36.03007485050135],[-105.52631285344944,36.030155850638515],[-105.52659985326069,36.030173850555357],[-105.52760285386701,36.030093850393186],[-105.52816185369919,36.030191850398197],[-105.52840485417593,36.030283850143888],[-105.52857185383426,36.030436850018276],[-105.5288208536906,36.030538850226257],[-105.52913485385157,36.030531850783518],[-105.53002085445131,36.030670849968416],[-105.53068585468624,36.030624850499585],[-105.53096885432164,36.030750850017377],[-105.53130285451289,36.030776850301564],[-105.53306285517274,36.031241850129135],[-105.5337268553629,36.031213850593865],[-105.5341298551246,36.030901850524792],[-105.53417485538891,36.030647850461925],[-105.53405985536219,36.029583849805547],[-105.53381285466536,36.029096849771655],[-105.53363485449138,36.028876849496136],[-105.53339185490955,36.02873485013513],[-105.53298685499544,36.028367850266307],[-105.53243185443506,36.028107849960648],[-105.53224385469719,36.027888849731966],[-105.53198285428094,36.027743850233186],[-105.53159185411225,36.027330850033984],[-105.53093285410583,36.02681384953538],[-105.53035785348942,36.026228849483111],[-105.52969385326257,36.025839849510781],[-105.5292598538051,36.0254938497159],[-105.52911785350079,36.025273849438236],[-105.5289278536757,36.025116849380183],[-105.52889385297598,36.024849849619791],[-105.52862685312978,36.024121849228898],[-105.52859285332953,36.023855849514774],[-105.52827585299897,36.0235148490451],[-105.52751985300885,36.023163849037545],[-105.52734185284322,36.023037849513649],[-105.52674385299484,36.022853849129397],[-105.52623885295354,36.022601849190977],[-105.52567185274403,36.022428849313805],[-105.52534285278664,36.022427849286636],[-105.52512585260645,36.022234849363187],[-105.5243388520886,36.021991848958145],[-105.52357285163738,36.021666849254785],[-105.52292485214285,36.021173848966491],[-105.52279985172511,36.020932849514928],[-105.52261185198732,36.020714849332471],[-105.52250885166542,36.020196849654624],[-105.52227885176107,36.019763849420094],[-105.52170785098333,36.015231848420491],[-105.52180085075004,36.01470484831485],[-105.52196985044887,36.01426384858636],[-105.52208385119097,36.013762847883712],[-105.52235185098561,36.013376847996156],[-105.522284850532,36.012843848521491],[-105.52217285072125,36.01265384783143],[-105.52150985054323,36.0122928482551],[-105.52130785015892,36.012100848377081],[-105.52034585053454,36.011967848574777],[-105.52002485004797,36.011960848269524],[-105.51978285051722,36.011872847809443],[-105.5194488503306,36.011899848178672],[-105.51920284971355,36.011793847785377],[-105.51857285018914,36.011702848108293],[-105.5179858499485,36.011487848087782],[-105.51724384970545,36.011109848628848],[-105.51694984956517,36.011038848058988],[-105.51649484913575,36.010705847967365],[-105.51649184899645,36.010702847828746],[-105.51644584955328,36.010594848230681],[-105.51640484944255,36.010486847732949],[-105.51636684947078,36.010378848134437],[-105.51634484934439,36.010307848448143],[-105.51553884882696,36.009854848220925],[-105.51426784831386,36.009043847645401],[-105.5135418488105,36.008645848159496],[-105.51139884837841,36.008060848197971],[-105.51125284790456,36.008020848154466],[-105.5110418480127,36.007944848247782],[-105.51047484778324,36.007543847714572],[-105.50989784800623,36.007331847832226],[-105.50927984723808,36.007227848452352],[-105.50902684719658,36.007128848383282],[-105.50883984752558,36.007143848188811],[-105.50793984714592,36.006657848238902],[-105.50682884690245,36.006414847852547],[-105.50581584672631,36.006429847705895],[-105.50532684656891,36.006654848251451],[-105.50469884627117,36.00694384816881],[-105.5035208465323,36.006838848775061],[-105.50216684581368,36.006522848622708],[-105.50197484590207,36.006436848252243],[-105.50189684588503,36.006438848349333],[-105.50094884511674,36.006374848141192],[-105.49994684545595,36.0064548483032],[-105.499631845246,36.006430848110362],[-105.4993918449061,36.006314848153366],[-105.49906184490236,36.006313848126254],[-105.49878584469252,36.006193848885623],[-105.49855084455294,36.005719848553042],[-105.49841384443087,36.004935848261596],[-105.49820084443874,36.004772847927192],[-105.49769284425939,36.004532848544052],[-105.496822844401,36.004392848412479],[-105.49558784380376,36.004110848027601],[-105.49526984435497,36.004096848297657],[-105.49393284356177,36.004202848782569],[-105.49299684334331,36.004067848886201],[-105.49267684380223,36.004058848488341],[-105.49245584344101,36.003914848134137],[-105.49249684352145,36.003676848811708],[-105.49289884323782,36.003374848306052],[-105.493136843467,36.003285848671204],[-105.49330484314301,36.003112848751371],[-105.49336684330028,36.002908848302837],[-105.49331284347483,36.002668847994087],[-105.49333184345367,36.002642848588721],[-105.49334584320056,36.00261384814555],[-105.49335484361455,36.002578848324355],[-105.49336084388919,36.002539848318293],[-105.49336184303304,36.002503848451333],[-105.49336084388234,36.002461848306865],[-105.49334784326766,36.002321848125661],[-105.49334484312433,36.002272848556785],[-105.49334584316662,36.00222684822716],[-105.49334984334854,36.002187848221205],[-105.49336084385497,36.002149848261105],[-105.4933778437407,36.002118848624512],[-105.49338884335,36.002105848022424],[-105.49340084300569,36.002093848365845],[-105.49341484365351,36.002082847856137],[-105.49343084349483,36.002073848338128],[-105.49347184359441,36.002054848356018],[-105.49351684387949,36.002036848419984],[-105.49356384335829,36.002022847769517],[-105.49360984369038,36.002012848203528],[-105.49364384346688,36.002007847970248],[-105.49368084338262,36.002005847875544],[-105.4937198433913,36.00200684791956],[-105.4937618435392,36.002009848055899],[-105.49380584377997,36.002014848284723],[-105.49385384330702,36.00202284775272],[-105.49397484352046,36.002048848049292],[-105.49400284391938,36.00205684841783],[-105.49403184346555,36.002067848025725],[-105.49405884381854,36.002080847726297],[-105.49408684331883,36.002096848464923],[-105.49411384367224,36.00211484839685],[-105.49414084402596,36.002135848467518],[-105.49416784348058,36.002159847777712],[-105.49419484383469,36.002185848079726],[-105.4942398432265,36.002236847738729],[-105.49428784365753,36.002297847860163],[-105.49443084400697,36.002503848389424],[-105.49448084363185,36.00257084788899],[-105.49452984410902,36.002629847917909],[-105.49457684359299,36.002674848198502],[-105.49460284390034,36.002695848269219],[-105.49462884330802,36.002712848154886],[-105.49465484361468,36.00272584785553],[-105.49468084392116,36.002736848362957],[-105.49470684332796,36.002743847785979],[-105.49473384368021,36.002747847969481],[-105.49476184407834,36.002747847967846],[-105.49478984357707,36.002745847873726],[-105.49484684351961,36.002735848307047],[-105.49490384346184,36.002722848601621],[-105.49495684411794,36.00270784790461],[-105.49500384359649,36.002691848060948],[-105.49504384364998,36.002674848171466],[-105.49507684427827,36.002656848236036],[-105.49510284368282,36.002637848254821],[-105.49512184366228,36.002618848273976],[-105.49513584340967,36.002595848108399],[-105.49514484382439,36.002568847758049],[-105.4951498440533,36.002536848075898],[-105.49514984405006,36.002499848162671],[-105.49514584386115,36.002459848110966],[-105.49513684344018,36.002414847828149],[-105.4951228436864,36.002365848259927],[-105.495104843747,36.002312848506811],[-105.49508884390191,36.002278847834077],[-105.49506684377884,36.002245848107229],[-105.49503784423084,36.002213848427047],[-105.49500184345912,36.00218184784795],[-105.49496384349438,36.002153848353345],[-105.49491984415074,36.002123847867274],[-105.49474584327297,36.002018848415332],[-105.49467784371529,36.001974848182201],[-105.49464484398256,36.001949847926838],[-105.49461584353591,36.00192584771743],[-105.49458984322831,36.001901848407236],[-105.49456784400535,36.001877848197417],[-105.49453384332502,36.001830847823584],[-105.49449984354325,36.001775847978912],[-105.49447184403954,36.001720848133893],[-105.49441184394603,36.001593847657503],[-105.49437984335729,36.001534847627681],[-105.49434884371509,36.00148584806044],[-105.49431684312792,36.001444847964024],[-105.49426284331832,36.001384847889142],[-105.49420284323078,36.001326847907187],[-105.49413884385731,36.001269847971756],[-105.49407084339936,36.001214848129038],[-105.49399884365563,36.001162848425366],[-105.49392584386598,36.001115848053736],[-105.4938508430846,36.001071847821009],[-105.49377484315661,36.001032847819687],[-105.49369784318266,36.000997848003486],[-105.49360684345937,36.000963848234392],[-105.4935058432727,36.000929848465823],[-105.49339684361486,36.00089884793725],[-105.49328284372544,36.000868848354493],[-105.49316884293707,36.00084384810382],[-105.49305684314113,36.00082284803802],[-105.49295084362363,36.00080684820324],[-105.49285584281773,36.000796847746081],[-105.49276984332872,36.000791848419077],[-105.49269384340415,36.000791848423475],[-105.49262884309037,36.000795847712958],[-105.49257484328686,36.00080584817875],[-105.4925528431673,36.00081284850387],[-105.49253284314054,36.000820847975845],[-105.49251584325297,36.000830848439499],[-105.49250284265145,36.000840848003584],[-105.49249184304203,36.000852847660056],[-105.49248484271881,36.000865848261945],[-105.49248084343445,36.000884848241853],[-105.49248284352917,36.000907848406584],[-105.4924928430957,36.000935847902767],[-105.49250884294064,36.000967848483029],[-105.49255084309387,36.001031847844324],[-105.4926498431967,36.0011668477892],[-105.49269084330318,36.001225847818532],[-105.49272584313145,36.001282847755697],[-105.49275284348775,36.001333848315035],[-105.49276984338036,36.001380847790543],[-105.49277884290183,36.001423847980853],[-105.49277984294996,36.001443848006772],[-105.49277884290525,36.001462847986552],[-105.4927758427678,36.00148084792017],[-105.49276984339062,36.001497847807741],[-105.49275784283681,36.001523848112015],[-105.49274284304339,36.001550848462728],[-105.49270184294707,36.001607848404305],[-105.49264984324054,36.001666848438994],[-105.49259184325571,36.001722848335241],[-105.49256784304458,36.001741848316364],[-105.49254184274055,36.001758848205057],[-105.4925148432893,36.001773848001285],[-105.49248484279968,36.001787848650743],[-105.49245384316286,36.00179984830843],[-105.49242084343304,36.001808847827405],[-105.49238584271116,36.001816848199525],[-105.4923498428421,36.001822848479222],[-105.49231184288017,36.001826848666518],[-105.49227084277911,36.001828847862086],[-105.49222984267787,36.001829847910685],[-105.4921858433367,36.001827847820742],[-105.49209384266997,36.001818848308986],[-105.49199384343051,36.001802848473837],[-105.49188784301299,36.001778848268962],[-105.49177384312337,36.00174684859369],[-105.49165484300144,36.001707848594876],[-105.49152984260084,36.001661848272491],[-105.49139884282081,36.001607848479729],[-105.49126384285483,36.001546848363311],[-105.49112684279577,36.001480848015646],[-105.4909918428289,36.001409848335882],[-105.49091084266854,36.001362847964756],[-105.49083084255399,36.00130984821525],[-105.49074884234608,36.001248848095749],[-105.49066584299034,36.001178848459297],[-105.49058384278129,36.001104848637652],[-105.49049584229324,36.001020848353718],[-105.49040384251838,36.000926848506644],[-105.49025584284107,36.000771848538591],[-105.49018484224231,36.000696847770776],[-105.49006984229767,36.00056584801186],[-105.48995984258447,36.000431848113905],[-105.48984984287038,36.000287847753242],[-105.48982784274268,36.000201848272312],[-105.48979684219782,36.000114847846284],[-105.48975784218202,36.000032848551328],[-105.48973584205832,35.999991848454336],[-105.48971184274136,35.999952848450008],[-105.4896848423862,35.999914848492161],[-105.48965684198473,35.999877847681262],[-105.48962684239004,35.999841847816072],[-105.48959484270266,35.999805847951023],[-105.48952584219718,35.999737848406241],[-105.48946484206328,35.999678848378025],[-105.48944984226391,35.999637848280685],[-105.48942984223301,35.999598848276115],[-105.48940684206329,35.999561848364245],[-105.48938084265396,35.999526847645768],[-105.48934184264166,35.999484848402815],[-105.48929284216619,35.999444848353704],[-105.489234842173,35.999405848351337],[-105.48916884180932,35.999368848441939],[-105.48909384192801,35.999333847726305],[-105.48901184262198,35.999301848049178],[-105.48892684227793,35.999273847658024],[-105.48884084188805,35.999251848443784],[-105.48880784215704,35.999246848214355],[-105.4887698421946,35.999244848124064],[-105.48872784204696,35.999244848126487],[-105.48861884239237,35.999250848410405],[-105.48856384164215,35.999248848321017],[-105.4885378422356,35.999244848137479],[-105.48851584211482,35.999237847814896],[-105.4884988422256,35.999228848298806],[-105.48848484247503,35.99921584769816],[-105.48847784214965,35.999204848088937],[-105.48847284191667,35.999189848294598],[-105.48845884216139,35.999122847893581],[-105.4884498417422,35.999098847682994],[-105.48843484194455,35.99907784761163],[-105.48841384186936,35.999061847771927],[-105.48838684241575,35.999049848117608],[-105.48835484183141,35.9990408477031],[-105.48831784191506,35.999035848373211],[-105.48827584176745,35.999035848375648],[-105.48822884228767,35.999038847617832],[-105.48817784172367,35.999046847990904],[-105.48811884168865,35.999058847650197],[-105.48805684151496,35.999074848394045],[-105.48799184210201,35.999095848470091],[-105.48792584174353,35.999118847739368],[-105.4878608423311,35.999145848092965],[-105.48779984220478,35.999173848492624],[-105.48774584150361,35.999202848038827],[-105.48770084211873,35.99923084843752],[-105.48766884153751,35.999256847843625],[-105.48764284213406,35.999288848426318],[-105.48762084201736,35.999327848433353],[-105.48760284208659,35.999373847864625],[-105.48759084153417,35.999415848009853],[-105.48758084197449,35.99946584852502],[-105.48754884230945,35.999684847867215],[-105.48753884185001,35.999729848151127],[-105.48752784224313,35.999769848203762],[-105.48742984220576,35.999853848498461],[-105.48737184221977,35.999896847793273],[-105.48734184173058,35.99991584867405],[-105.48731384223309,35.999931848516631],[-105.4872848417898,35.999945848266677],[-105.48725584224546,35.999955847831686],[-105.48720984191371,35.99996984848211],[-105.48715984139633,35.99998084809458],[-105.48710684163906,35.999989848514062],[-105.48705084174263,35.99999684794183],[-105.486991841707,36.000001848176588],[-105.48692984153202,36.000003848272669],[-105.48686684131061,36.000003848276322],[-105.48680284194195,36.00000184818753],[-105.48673684158102,35.999996847959999],[-105.4866718412663,35.999989848539244],[-105.48660984198973,35.99998084812642],[-105.48655084195262,35.999968848473948],[-105.48649584210075,35.999955847875704],[-105.48644384148841,35.999940848084066],[-105.48639484191419,35.999923848199671],[-105.48635084167225,35.999904848222485],[-105.48630684142989,35.999881848060262],[-105.48605784154354,35.999437848217127],[-105.48582884171287,35.999315847981904],[-105.48566184115526,35.999162848107446],[-105.48501584089392,35.999123848139149],[-105.48469284120875,35.999056848655314],[-105.48368984060222,35.999136847918038],[-105.48348284089381,35.999038847892599],[-105.48344984113986,35.998771848132066],[-105.48368884051285,35.998645848584005],[-105.48406184067932,35.998289848279633],[-105.48436984145636,35.998223847906196],[-105.48484784110023,35.997954848023589],[-105.4853628415642,35.997741848031723],[-105.48560784121226,35.99758184780957],[-105.48589284090276,35.997278848163702],[-105.48603784128892,35.996846847953606],[-105.4862598416685,35.99667184793816],[-105.48639984094125,35.99644084803451],[-105.48657584093711,35.995686847314211],[-105.48644184092936,35.994620847465434],[-105.48632984111853,35.994430847674643],[-105.48629684136458,35.994163847014761],[-105.48626284068324,35.994105847031278],[-105.4863058408705,35.994028847063618],[-105.48634084068711,35.993952847142715],[-105.48636684098604,35.993877847268521],[-105.4863848409145,35.993805847533643],[-105.48639484137175,35.993735846992436],[-105.4863968414584,35.993666847397279],[-105.48638984112826,35.993600847042089],[-105.48638084070751,35.993558846898082],[-105.48581284132442,35.993082847391548],[-105.48565084100004,35.99294684740407],[-105.48550484051893,35.992824847164002],[-105.48521084033901,35.992301847265757],[-105.48502184056194,35.992163847187243],[-105.48489884025022,35.992074847573292],[-105.48453284035367,35.991808846979033],[-105.48435784033039,35.991720847414328],[-105.48375184010068,35.99141584682819],[-105.48337983994126,35.991323847089845],[-105.48255684045643,35.991118847545579],[-105.48219583990773,35.991029847046072],[-105.48183284016964,35.99098584683],[-105.48066183985254,35.990844847568887],[-105.48040883981714,35.990814847094846],[-105.48024283931042,35.990713846928237],[-105.47984883900601,35.990337847541532],[-105.47976583963499,35.990092847003076],[-105.47922283869627,35.989432847076081],[-105.47914183941894,35.98919984709265],[-105.47897483885757,35.98900384702749],[-105.47878683912367,35.988829847082002],[-105.47850683872734,35.988696847240085],[-105.47829783891808,35.988505847408632],[-105.47773383884136,35.988261846944319],[-105.47739983865462,35.988287847267223],[-105.4770628383534,35.988594847101147],[-105.47643683815807,35.988995846804158],[-105.47588683876752,35.989179847254974],[-105.47506583852511,35.989534847539034],[-105.47475683770335,35.98961984699293],[-105.47436983778358,35.989931847061051],[-105.47400783812886,35.990310847529635],[-105.47364083829454,35.991284847647641],[-105.47325383840341,35.991923847556258],[-105.47282983766748,35.992225848063235],[-105.47230283754409,35.992408847567162],[-105.47196783731096,35.992434847890138],[-105.47170283760791,35.99228084797511],[-105.47104083745886,35.991721848231172],[-105.47068583715887,35.991298847566995],[-105.47045883741556,35.991115848106773],[-105.47035483707162,35.990873847708301],[-105.47013983698346,35.990672847414523],[-105.47002283693739,35.99044184752578],[-105.46964683746182,35.990005848060001],[-105.46921583723956,35.989607847657609],[-105.46872083675103,35.989227848091673],[-105.46895083656443,35.988623848012807],[-105.46787983633305,35.987892847529345],[-105.46610183571258,35.987134847636263],[-105.4655878361136,35.986427847331655],[-105.46575683581747,35.986042847495945],[-105.46595283586811,35.985599847673264],[-105.4666378361225,35.985460847497947],[-105.46955583641481,35.98512584711861],[-105.47125083671413,35.985058846618728],[-105.4731018370349,35.984843846457039],[-105.47314783736395,35.984798847070444],[-105.47330683751709,35.984566847119424],[-105.47338383746697,35.984326846803015],[-105.4733498376667,35.984059847042495],[-105.47329483689371,35.983797846615232],[-105.47308583706243,35.983354846815999]]]]},"properties":{"OBJECTID":1,"event_id":"NM3571810539920220406","irwinid":"5037D58C-F903-4299-9112-D0CE03784B9B","incid_name":"HERMITS PEAK","incid_type":"Wildfire","map_id":10029678,"map_prog":"MTBS","asmnt_type":"Extended","burnbndac":351782,"burnbndlat":"35.84036404518554","burnbndlon":"-105.41227773991504","ig_date":"2022-04-06","pre_id":"803303520200913","post_id":"803303520230906","perim_id":" ","dnbr_offst":-8,"dnbr_stddv":26,"nodata_t":-970,"incgreen_t":-150,"low_t":32,"mod_t":202,"high_t":425,"comment":" ","Shape_Length":5.5993752118289448,"Shape_Area":0.1421195847196815}}]}